ISO-10303-21;
HEADER;
FILE_DESCRIPTION(('Open CASCADE Model'),'2;1');
FILE_NAME('m1_body','2026-07-03T10:38:02',('Author'),('Open CASCADE'),
  'Open CASCADE STEP processor 7.9','build123d','Unknown');
FILE_SCHEMA(('AUTOMOTIVE_DESIGN { 1 0 10303 214 1 1 1 1 }'));
ENDSEC;
DATA;
#1 = APPLICATION_PROTOCOL_DEFINITION('international standard',
  'automotive_design',2000,#2);
#2 = APPLICATION_CONTEXT(
  'core data for automotive mechanical design processes');
#3 = SHAPE_DEFINITION_REPRESENTATION(#4,#10);
#4 = PRODUCT_DEFINITION_SHAPE('','',#5);
#5 = PRODUCT_DEFINITION('design','',#6,#9);
#6 = PRODUCT_DEFINITION_FORMATION('','',#7);
#7 = PRODUCT('m1_body','m1_body','',(#8));
#8 = PRODUCT_CONTEXT('',#2,'mechanical');
#9 = PRODUCT_DEFINITION_CONTEXT('part definition',#2,'design');
#10 = ADVANCED_BREP_SHAPE_REPRESENTATION('',(#11,#15),#5716);
#11 = AXIS2_PLACEMENT_3D('',#12,#13,#14);
#12 = CARTESIAN_POINT('',(0.,0.,0.));
#13 = DIRECTION('',(0.,0.,1.));
#14 = DIRECTION('',(1.,0.,-0.));
#15 = MANIFOLD_SOLID_BREP('',#16);
#16 = CLOSED_SHELL('',(#17,#1638,#1736,#2378,#2408,#2844,#3286,#3662,
    #3719,#4566,#4601,#4636,#5117,#5598,#5659,#5709));
#17 = ADVANCED_FACE('',(#18,#282,#714,#1176),#33,.T.);
#18 = FACE_BOUND('',#19,.T.);
#19 = EDGE_LOOP('',(#20,#56,#79,#106,#107,#131,#210));
#20 = ORIENTED_EDGE('',*,*,#21,.T.);
#21 = EDGE_CURVE('',#22,#24,#26,.T.);
#22 = VERTEX_POINT('',#23);
#23 = CARTESIAN_POINT('',(241.,-4.541515575464,13.559669475242));
#24 = VERTEX_POINT('',#25);
#25 = CARTESIAN_POINT('',(241.,-3.502489845561E-15,-14.3));
#26 = SURFACE_CURVE('',#27,(#32,#44),.PCURVE_S1.);
#27 = CIRCLE('',#28,14.3);
#28 = AXIS2_PLACEMENT_3D('',#29,#30,#31);
#29 = CARTESIAN_POINT('',(241.,0.,-2.842475414436E-15));
#30 = DIRECTION('',(1.,0.,2.22044604925E-16));
#31 = DIRECTION('',(2.22044604925E-16,0.,-1.));
#32 = PCURVE('',#33,#38);
#33 = CYLINDRICAL_SURFACE('',#34,14.3);
#34 = AXIS2_PLACEMENT_3D('',#35,#36,#37);
#35 = CARTESIAN_POINT('',(56.,0.,-4.392072732557E-14));
#36 = DIRECTION('',(1.,0.,2.22044604925E-16));
#37 = DIRECTION('',(2.22044604925E-16,0.,-1.));
#38 = DEFINITIONAL_REPRESENTATION('',(#39),#43);
#39 = LINE('',#40,#41);
#40 = CARTESIAN_POINT('',(0.,185.));
#41 = VECTOR('',#42,1.);
#42 = DIRECTION('',(1.,0.));
#43 = ( GEOMETRIC_REPRESENTATION_CONTEXT(2) 
PARAMETRIC_REPRESENTATION_CONTEXT() REPRESENTATION_CONTEXT('2D SPACE',''
  ) );
#44 = PCURVE('',#45,#50);
#45 = PLANE('',#46);
#46 = AXIS2_PLACEMENT_3D('',#47,#48,#49);
#47 = CARTESIAN_POINT('',(241.,0.,2.442490654175E-15));
#48 = DIRECTION('',(1.,0.,2.22044604925E-16));
#49 = DIRECTION('',(2.22044604925E-16,0.,-1.));
#50 = DEFINITIONAL_REPRESENTATION('',(#51),#55);
#51 = CIRCLE('',#52,14.3);
#52 = AXIS2_PLACEMENT_2D('',#53,#54);
#53 = CARTESIAN_POINT('',(5.284966068611E-15,0.));
#54 = DIRECTION('',(1.,0.));
#55 = ( GEOMETRIC_REPRESENTATION_CONTEXT(2) 
PARAMETRIC_REPRESENTATION_CONTEXT() REPRESENTATION_CONTEXT('2D SPACE',''
  ) );
#56 = ORIENTED_EDGE('',*,*,#57,.T.);
#57 = EDGE_CURVE('',#24,#58,#60,.T.);
#58 = VERTEX_POINT('',#59);
#59 = CARTESIAN_POINT('',(451.60274243452,-3.502489845561E-15,-14.3));
#60 = SEAM_CURVE('',#61,(#65,#72),.PCURVE_S1.);
#61 = LINE('',#62,#63);
#62 = CARTESIAN_POINT('',(56.,-3.502489845561E-15,-14.3));
#63 = VECTOR('',#64,1.);
#64 = DIRECTION('',(1.,0.,2.22044604925E-16));
#65 = PCURVE('',#33,#66);
#66 = DEFINITIONAL_REPRESENTATION('',(#67),#71);
#67 = LINE('',#68,#69);
#68 = CARTESIAN_POINT('',(0.,-0.));
#69 = VECTOR('',#70,1.);
#70 = DIRECTION('',(0.,1.));
#71 = ( GEOMETRIC_REPRESENTATION_CONTEXT(2) 
PARAMETRIC_REPRESENTATION_CONTEXT() REPRESENTATION_CONTEXT('2D SPACE',''
  ) );
#72 = PCURVE('',#33,#73);
#73 = DEFINITIONAL_REPRESENTATION('',(#74),#78);
#74 = LINE('',#75,#76);
#75 = CARTESIAN_POINT('',(6.28318530718,-0.));
#76 = VECTOR('',#77,1.);
#77 = DIRECTION('',(0.,1.));
#78 = ( GEOMETRIC_REPRESENTATION_CONTEXT(2) 
PARAMETRIC_REPRESENTATION_CONTEXT() REPRESENTATION_CONTEXT('2D SPACE',''
  ) );
#79 = ORIENTED_EDGE('',*,*,#80,.F.);
#80 = EDGE_CURVE('',#58,#58,#81,.T.);
#81 = SURFACE_CURVE('',#82,(#87,#94),.PCURVE_S1.);
#82 = CIRCLE('',#83,14.3);
#83 = AXIS2_PLACEMENT_3D('',#84,#85,#86);
#84 = CARTESIAN_POINT('',(451.60274243452,0.,4.392072732557E-14));
#85 = DIRECTION('',(1.,-0.,2.22044604925E-16));
#86 = DIRECTION('',(2.22044604925E-16,0.,-1.));
#87 = PCURVE('',#33,#88);
#88 = DEFINITIONAL_REPRESENTATION('',(#89),#93);
#89 = LINE('',#90,#91);
#90 = CARTESIAN_POINT('',(0.,395.60274243452));
#91 = VECTOR('',#92,1.);
#92 = DIRECTION('',(1.,0.));
#93 = ( GEOMETRIC_REPRESENTATION_CONTEXT(2) 
PARAMETRIC_REPRESENTATION_CONTEXT() REPRESENTATION_CONTEXT('2D SPACE',''
  ) );
#94 = PCURVE('',#95,#100);
#95 = PLANE('',#96);
#96 = AXIS2_PLACEMENT_3D('',#97,#98,#99);
#97 = CARTESIAN_POINT('',(451.60274243452,0.,4.392072732557E-14));
#98 = DIRECTION('',(1.,0.,2.22044604925E-16));
#99 = DIRECTION('',(2.22044604925E-16,0.,-1.));
#100 = DEFINITIONAL_REPRESENTATION('',(#101),#105);
#101 = CIRCLE('',#102,14.3);
#102 = AXIS2_PLACEMENT_2D('',#103,#104);
#103 = CARTESIAN_POINT('',(0.,0.));
#104 = DIRECTION('',(1.,0.));
#105 = ( GEOMETRIC_REPRESENTATION_CONTEXT(2) 
PARAMETRIC_REPRESENTATION_CONTEXT() REPRESENTATION_CONTEXT('2D SPACE',''
  ) );
#106 = ORIENTED_EDGE('',*,*,#57,.F.);
#107 = ORIENTED_EDGE('',*,*,#108,.T.);
#108 = EDGE_CURVE('',#24,#109,#111,.T.);
#109 = VERTEX_POINT('',#110);
#110 = CARTESIAN_POINT('',(241.,4.541515575464,13.559669475242));
#111 = SURFACE_CURVE('',#112,(#117,#124),.PCURVE_S1.);
#112 = CIRCLE('',#113,14.3);
#113 = AXIS2_PLACEMENT_3D('',#114,#115,#116);
#114 = CARTESIAN_POINT('',(241.,0.,-2.842475414436E-15));
#115 = DIRECTION('',(1.,0.,2.22044604925E-16));
#116 = DIRECTION('',(2.22044604925E-16,0.,-1.));
#117 = PCURVE('',#33,#118);
#118 = DEFINITIONAL_REPRESENTATION('',(#119),#123);
#119 = LINE('',#120,#121);
#120 = CARTESIAN_POINT('',(0.,185.));
#121 = VECTOR('',#122,1.);
#122 = DIRECTION('',(1.,0.));
#123 = ( GEOMETRIC_REPRESENTATION_CONTEXT(2) 
PARAMETRIC_REPRESENTATION_CONTEXT() REPRESENTATION_CONTEXT('2D SPACE',''
  ) );
#124 = PCURVE('',#45,#125);
#125 = DEFINITIONAL_REPRESENTATION('',(#126),#130);
#126 = CIRCLE('',#127,14.3);
#127 = AXIS2_PLACEMENT_2D('',#128,#129);
#128 = CARTESIAN_POINT('',(5.284966068611E-15,0.));
#129 = DIRECTION('',(1.,0.));
#130 = ( GEOMETRIC_REPRESENTATION_CONTEXT(2) 
PARAMETRIC_REPRESENTATION_CONTEXT() REPRESENTATION_CONTEXT('2D SPACE',''
  ) );
#131 = ORIENTED_EDGE('',*,*,#132,.F.);
#132 = EDGE_CURVE('',#133,#109,#135,.T.);
#133 = VERTEX_POINT('',#134);
#134 = CARTESIAN_POINT('',(243.9084368817,-1.224646799147E-15,14.3));
#135 = SURFACE_CURVE('',#136,(#157,#181),.PCURVE_S1.);
#136 = B_SPLINE_CURVE_WITH_KNOTS('',7,(#137,#138,#139,#140,#141,#142,
    #143,#144,#145,#146,#147,#148,#149,#150,#151,#152,#153,#154,#155,
    #156),.UNSPECIFIED.,.F.,.F.,(8,6,6,8),(0.,0.234493494245,
    0.3765911697,1.),.UNSPECIFIED.);
#137 = CARTESIAN_POINT('',(243.9084368817,2.632990618167E-16,14.3));
#138 = CARTESIAN_POINT('',(243.9084368817,0.221635789894,14.3));
#139 = CARTESIAN_POINT('',(243.89697495324,0.442896642871,
    14.295992354054));
#140 = CARTESIAN_POINT('',(243.87412105229,0.662501262698,
    14.288001412225));
#141 = CARTESIAN_POINT('',(243.8401765265,0.879179204016,14.276183576427
    ));
#142 = CARTESIAN_POINT('',(243.79567184784,1.0916931679,14.260823975991)
  );
#143 = CARTESIAN_POINT('',(243.74136861503,1.298860975797,
    14.242320566905));
#144 = CARTESIAN_POINT('',(243.64002698381,1.621206660158,
    14.208330203705));
#145 = CARTESIAN_POINT('',(243.59852370101,1.74057249341,14.194516307181
    ));
#146 = CARTESIAN_POINT('',(243.55391903404,1.857577630624,14.17980178151
    ));
#147 = CARTESIAN_POINT('',(243.50637915933,1.972132870833,
    14.164277252565));
#148 = CARTESIAN_POINT('',(243.45607366355,2.084156888163,
    14.148035106174));
#149 = CARTESIAN_POINT('',(243.40317583397,2.193576216911,14.13116843857
    ));
#150 = CARTESIAN_POINT('',(243.1051950734,2.768652964734,14.037439863188
    ));
#151 = CARTESIAN_POINT('',(242.81642690203,3.184847305458,13.95099449431
    ));
#152 = CARTESIAN_POINT('',(242.49365435891,3.549697519275,
    13.861343417631));
#153 = CARTESIAN_POINT('',(242.14543932701,3.865455819214,13.77396608721
    ));
#154 = CARTESIAN_POINT('',(241.7778589546,4.134666501324,13.692765820684
    ));
#155 = CARTESIAN_POINT('',(241.39512218566,4.359544889759,
    13.620616592046));
#156 = CARTESIAN_POINT('',(240.9999994,4.541515851791,13.559669382693));
#157 = PCURVE('',#33,#158);
#158 = DEFINITIONAL_REPRESENTATION('',(#159),#180);
#159 = B_SPLINE_CURVE_WITH_KNOTS('',7,(#160,#161,#162,#163,#164,#165,
    #166,#167,#168,#169,#170,#171,#172,#173,#174,#175,#176,#177,#178,
    #179),.UNSPECIFIED.,.F.,.F.,(8,6,6,8),(0.,0.234493494245,
    0.3765911697,1.),.UNSPECIFIED.);
#160 = CARTESIAN_POINT('',(3.14159265359,187.9084368817));
#161 = CARTESIAN_POINT('',(3.126093647303,187.9084368817));
#162 = CARTESIAN_POINT('',(3.110620857915,187.89697495324));
#163 = CARTESIAN_POINT('',(3.095257818695,187.87412105229));
#164 = CARTESIAN_POINT('',(3.080087352519,187.8401765265));
#165 = CARTESIAN_POINT('',(3.065190952997,187.79567184784));
#166 = CARTESIAN_POINT('',(3.050647878488,187.74136861503));
#167 = CARTESIAN_POINT('',(3.027981247717,187.64002698381));
#168 = CARTESIAN_POINT('',(3.019578709819,187.59852370101));
#169 = CARTESIAN_POINT('',(3.011332717245,187.55391903404));
#170 = CARTESIAN_POINT('',(3.003249280513,187.50637915933));
#171 = CARTESIAN_POINT('',(2.995334039006,187.45607366355));
#172 = CARTESIAN_POINT('',(2.987592251257,187.40317583397));
#173 = CARTESIAN_POINT('',(2.946846458493,187.1051950734));
#174 = CARTESIAN_POINT('',(2.917148576362,186.81642690203));
#175 = CARTESIAN_POINT('',(2.890898573818,186.49365435891));
#176 = CARTESIAN_POINT('',(2.867999920524,186.14543932701));
#177 = CARTESIAN_POINT('',(2.848341402973,185.7778589546));
#178 = CARTESIAN_POINT('',(2.831827408503,185.39512218566));
#179 = CARTESIAN_POINT('',(2.818407393833,184.9999994));
#180 = ( GEOMETRIC_REPRESENTATION_CONTEXT(2) 
PARAMETRIC_REPRESENTATION_CONTEXT() REPRESENTATION_CONTEXT('2D SPACE',''
  ) );
#181 = PCURVE('',#182,#187);
#182 = CYLINDRICAL_SURFACE('',#183,5.);
#183 = AXIS2_PLACEMENT_3D('',#184,#185,#186);
#184 = CARTESIAN_POINT('',(238.9084368817,0.,6.));
#185 = DIRECTION('',(0.,0.,1.));
#186 = DIRECTION('',(1.,0.,-0.));
#187 = DEFINITIONAL_REPRESENTATION('',(#188),#209);
#188 = B_SPLINE_CURVE_WITH_KNOTS('',7,(#189,#190,#191,#192,#193,#194,
    #195,#196,#197,#198,#199,#200,#201,#202,#203,#204,#205,#206,#207,
    #208),.UNSPECIFIED.,.F.,.F.,(8,6,6,8),(0.,0.234493494245,
    0.3765911697,1.),.UNSPECIFIED.);
#189 = CARTESIAN_POINT('',(0.,8.3));
#190 = CARTESIAN_POINT('',(4.432715797887E-02,8.3));
#191 = CARTESIAN_POINT('',(8.857932441169E-02,8.295992354054));
#192 = CARTESIAN_POINT('',(0.13264252443,8.288001412225));
#193 = CARTESIAN_POINT('',(0.176402701827,8.276183576427));
#194 = CARTESIAN_POINT('',(0.219740157646,8.260823975991));
#195 = CARTESIAN_POINT('',(0.262523630251,8.242320566905));
#196 = CARTESIAN_POINT('',(0.330103765334,8.208330203705));
#197 = CARTESIAN_POINT('',(0.355367447705,8.194516307181));
#198 = CARTESIAN_POINT('',(0.380393829656,8.17980178151));
#199 = CARTESIAN_POINT('',(0.40518076412,8.164277252565));
#200 = CARTESIAN_POINT('',(0.42972513116,8.148035106174));
#201 = CARTESIAN_POINT('',(0.454022777838,8.13116843857));
#202 = CARTESIAN_POINT('',(0.583561312578,8.037439863188));
#203 = CARTESIAN_POINT('',(0.684038487121,7.95099449431));
#204 = CARTESIAN_POINT('',(0.780443180966,7.861343417631));
#205 = CARTESIAN_POINT('',(0.873491042678,7.77396608721));
#206 = CARTESIAN_POINT('',(0.96386535574,7.692765820684));
#207 = CARTESIAN_POINT('',(1.052207257594,7.620616592046));
#208 = CARTESIAN_POINT('',(1.139209659119,7.559669382693));
#209 = ( GEOMETRIC_REPRESENTATION_CONTEXT(2) 
PARAMETRIC_REPRESENTATION_CONTEXT() REPRESENTATION_CONTEXT('2D SPACE',''
  ) );
#210 = ORIENTED_EDGE('',*,*,#211,.F.);
#211 = EDGE_CURVE('',#22,#133,#212,.T.);
#212 = SURFACE_CURVE('',#213,(#234,#258),.PCURVE_S1.);
#213 = B_SPLINE_CURVE_WITH_KNOTS('',7,(#214,#215,#216,#217,#218,#219,
    #220,#221,#222,#223,#224,#225,#226,#227,#228,#229,#230,#231,#232,
    #233),.UNSPECIFIED.,.F.,.F.,(8,6,6,8),(0.,0.624899812375,
    0.768182843581,1.),.UNSPECIFIED.);
#214 = CARTESIAN_POINT('',(240.9999994,-4.54151585179,13.559669382693));
#215 = CARTESIAN_POINT('',(241.39606568476,-4.359110368025,
    13.620762125635));
#216 = CARTESIAN_POINT('',(241.77968543627,-4.133592905338,
    13.693110243818));
#217 = CARTESIAN_POINT('',(242.1480713649,-3.863527505109,13.77454765264
    ));
#218 = CARTESIAN_POINT('',(242.49698069994,-3.546679795289,
    13.86217834724));
#219 = CARTESIAN_POINT('',(242.82028123902,-3.180486058983,
    13.952065683766));
#220 = CARTESIAN_POINT('',(243.10932933868,-2.762683626525,
    14.038678144883));
#221 = CARTESIAN_POINT('',(243.40753030038,-2.184690997565,
    14.132553006419));
#222 = CARTESIAN_POINT('',(243.46068801524,-2.074167984386,
    14.149517634242));
#223 = CARTESIAN_POINT('',(243.51119976342,-1.960999203461,
    14.165841740495));
#224 = CARTESIAN_POINT('',(243.55888729606,-1.845261685786,
    14.181429645824));
#225 = CARTESIAN_POINT('',(243.60357643863,-1.727040625778,
    14.196186516174));
#226 = CARTESIAN_POINT('',(243.64509678445,-1.606429394764,
    14.210019468759));
#227 = CARTESIAN_POINT('',(243.74506013601,-1.284690297237,
    14.24357883555));
#228 = CARTESIAN_POINT('',(243.79819102964,-1.079590978874,
    14.261693529621));
#229 = CARTESIAN_POINT('',(243.84171433583,-0.869308575462,
    14.27671898406));
#230 = CARTESIAN_POINT('',(243.87489880342,-0.654992838887,
    14.288273356192));
#231 = CARTESIAN_POINT('',(243.89723570068,-0.43784568464,
    14.296083522659));
#232 = CARTESIAN_POINT('',(243.9084368817,-0.219100303911,14.3));
#233 = CARTESIAN_POINT('',(243.9084368817,0.,14.3));
#234 = PCURVE('',#33,#235);
#235 = DEFINITIONAL_REPRESENTATION('',(#236),#257);
#236 = B_SPLINE_CURVE_WITH_KNOTS('',7,(#237,#238,#239,#240,#241,#242,
    #243,#244,#245,#246,#247,#248,#249,#250,#251,#252,#253,#254,#255,
    #256),.UNSPECIFIED.,.F.,.F.,(8,6,6,8),(0.,0.624899812375,
    0.768182843581,1.),.UNSPECIFIED.);
#237 = CARTESIAN_POINT('',(3.464777913346,184.9999994));
#238 = CARTESIAN_POINT('',(3.45132585352,185.39606568476));
#239 = CARTESIAN_POINT('',(3.434765064721,185.77968543627));
#240 = CARTESIAN_POINT('',(3.415044578061,186.1480713649));
#241 = CARTESIAN_POINT('',(3.392067890383,186.49698069994));
#242 = CARTESIAN_POINT('',(3.365722961769,186.82028123902));
#243 = CARTESIAN_POINT('',(3.335912924309,187.10932933868));
#244 = CARTESIAN_POINT('',(3.2949642274,187.40753030038));
#245 = CARTESIAN_POINT('',(3.287145123112,187.46068801524));
#246 = CARTESIAN_POINT('',(3.27914984787,187.51119976342));
#247 = CARTESIAN_POINT('',(3.270983905433,187.55888729606));
#248 = CARTESIAN_POINT('',(3.262653194597,187.60357643863));
#249 = CARTESIAN_POINT('',(3.254163999319,187.64509678445));
#250 = CARTESIAN_POINT('',(3.231542699534,187.74506013601));
#251 = CARTESIAN_POINT('',(3.217146061347,187.79819102964));
#252 = CARTESIAN_POINT('',(3.202406882132,187.84171433583));
#253 = CARTESIAN_POINT('',(3.187402217871,187.87489880342));
#254 = CARTESIAN_POINT('',(3.172211235229,187.89723570068));
#255 = CARTESIAN_POINT('',(3.156914353164,187.9084368817));
#256 = CARTESIAN_POINT('',(3.14159265359,187.9084368817));
#257 = ( GEOMETRIC_REPRESENTATION_CONTEXT(2) 
PARAMETRIC_REPRESENTATION_CONTEXT() REPRESENTATION_CONTEXT('2D SPACE',''
  ) );
#258 = PCURVE('',#182,#259);
#259 = DEFINITIONAL_REPRESENTATION('',(#260),#281);
#260 = B_SPLINE_CURVE_WITH_KNOTS('',7,(#261,#262,#263,#264,#265,#266,
    #267,#268,#269,#270,#271,#272,#273,#274,#275,#276,#277,#278,#279,
    #280),.UNSPECIFIED.,.F.,.F.,(8,6,6,8),(0.,0.624899812375,
    0.768182843581,1.),.UNSPECIFIED.);
#261 = CARTESIAN_POINT('',(5.143975648061,7.559669382693));
#262 = CARTESIAN_POINT('',(5.231185799405,7.620762125635));
#263 = CARTESIAN_POINT('',(5.319741567583,7.693110243818));
#264 = CARTESIAN_POINT('',(5.410341467522,7.77454765264));
#265 = CARTESIAN_POINT('',(5.503631126585,7.86217834724));
#266 = CARTESIAN_POINT('',(5.600298618364,7.952065683766));
#267 = CARTESIAN_POINT('',(5.70106425487,8.038678144883));
#268 = CARTESIAN_POINT('',(5.83114104645,8.132553006419));
#269 = CARTESIAN_POINT('',(5.855659843002,8.149517634242));
#270 = CARTESIAN_POINT('',(5.88042959549,8.165841740495));
#271 = CARTESIAN_POINT('',(5.905445801929,8.181429645824));
#272 = CARTESIAN_POINT('',(5.930705041576,8.196186516174));
#273 = CARTESIAN_POINT('',(5.956204906093,8.210019468759));
#274 = CARTESIAN_POINT('',(6.023587016043,8.24357883555));
#275 = CARTESIAN_POINT('',(6.065912557245,8.261693529621));
#276 = CARTESIAN_POINT('',(6.108775874392,8.27671898406));
#277 = CARTESIAN_POINT('',(6.152049294906,8.288273356192));
#278 = CARTESIAN_POINT('',(6.195616174102,8.296083522659));
#279 = CARTESIAN_POINT('',(6.239365246397,8.3));
#280 = CARTESIAN_POINT('',(6.28318530718,8.3));
#281 = ( GEOMETRIC_REPRESENTATION_CONTEXT(2) 
PARAMETRIC_REPRESENTATION_CONTEXT() REPRESENTATION_CONTEXT('2D SPACE',''
  ) );
#282 = FACE_BOUND('',#283,.T.);
#283 = EDGE_LOOP('',(#284));
#284 = ORIENTED_EDGE('',*,*,#285,.F.);
#285 = EDGE_CURVE('',#286,#286,#288,.T.);
#286 = VERTEX_POINT('',#287);
#287 = CARTESIAN_POINT('',(296.12071370982,-1.224646799147E-15,14.3));
#288 = SURFACE_CURVE('',#289,(#427,#568),.PCURVE_S1.);
#289 = B_SPLINE_CURVE_WITH_KNOTS('',6,(#290,#291,#292,#293,#294,#295,
    #296,#297,#298,#299,#300,#301,#302,#303,#304,#305,#306,#307,#308,
    #309,#310,#311,#312,#313,#314,#315,#316,#317,#318,#319,#320,#321,
    #322,#323,#324,#325,#326,#327,#328,#329,#330,#331,#332,#333,#334,
    #335,#336,#337,#338,#339,#340,#341,#342,#343,#344,#345,#346,#347,
    #348,#349,#350,#351,#352,#353,#354,#355,#356,#357,#358,#359,#360,
    #361,#362,#363,#364,#365,#366,#367,#368,#369,#370,#371,#372,#373,
    #374,#375,#376,#377,#378,#379,#380,#381,#382,#383,#384,#385,#386,
    #387,#388,#389,#390,#391,#392,#393,#394,#395,#396,#397,#398,#399,
    #400,#401,#402,#403,#404,#405,#406,#407,#408,#409,#410,#411,#412,
    #413,#414,#415,#416,#417,#418,#419,#420,#421,#422,#423,#424,#425,
    #426),.UNSPECIFIED.,.T.,.F.,(7,5,5,5,5,5,5,5,5,5,5,5,5,5,5,5,5,5,5,5
    ,5,5,5,5,5,5,5,7),(0.,4.162578785585E-02,9.946315671426E-02,
    0.128144290941,0.152208480171,0.173026324974,0.250022510692,
    0.309979193289,0.327169667228,0.347861740409,0.371706149794,
    0.399939985379,0.433932339508,0.47330678741,0.526924505744,
    0.566082645765,0.599675395366,0.628349843578,0.652408423075,
    0.673221414918,0.750199658192,0.810142362349,0.827328828969,
    0.848016078561,0.871854929509,0.900082183426,0.934066613503,1.),
  .UNSPECIFIED.);
#290 = CARTESIAN_POINT('',(296.12071370982,0.,14.3));
#291 = CARTESIAN_POINT('',(296.12071370982,0.266946804192,14.3));
#292 = CARTESIAN_POINT('',(296.10361112056,0.533347286208,
    14.294020107407));
#293 = CARTESIAN_POINT('',(296.06953750443,0.796731812084,
    14.282106097575));
#294 = CARTESIAN_POINT('',(296.01923874074,1.054660425246,
    14.264654160958));
#295 = CARTESIAN_POINT('',(295.95406491901,1.304814441596,
    14.242396958413));
#296 = CARTESIAN_POINT('',(295.76752305271,1.878931272482,
    14.179999546561));
#297 = CARTESIAN_POINT('',(295.6341455998,2.193726433276,14.136267317287
    ));
#298 = CARTESIAN_POINT('',(295.47968484901,2.488359606464,
    14.087135398214));
#299 = CARTESIAN_POINT('',(295.30757760462,2.762229765138,
    14.034625457233));
#300 = CARTESIAN_POINT('',(295.12097586471,3.015130694857,
    13.980549124575));
#301 = CARTESIAN_POINT('',(294.824537821,3.362228978504,13.899617830464)
  );
#302 = CARTESIAN_POINT('',(294.72329618363,3.472311024824,
    13.872747663151));
#303 = CARTESIAN_POINT('',(294.61934843157,3.577489337163,
    13.846002888207));
#304 = CARTESIAN_POINT('',(294.51293070824,3.677842766292,
    13.819534056702));
#305 = CARTESIAN_POINT('',(294.40424990014,3.77345063474,13.793476440617
    ));
#306 = CARTESIAN_POINT('',(294.20054806734,3.940695300648,
    13.746534156387));
#307 = CARTESIAN_POINT('',(294.1061464713,4.013711837536,13.72549253074)
  );
#308 = CARTESIAN_POINT('',(294.01038500861,4.083487684943,
    13.704897443126));
#309 = CARTESIAN_POINT('',(293.9133616108,4.150064594557,13.684814903369
    ));
#310 = CARTESIAN_POINT('',(293.81516603362,4.21348065876,13.665305415142
    ));
#311 = CARTESIAN_POINT('',(293.62998773772,4.325926674758,
    13.630089709873));
#312 = CARTESIAN_POINT('',(293.5432801659,4.375743047077,13.614225643307
    ));
#313 = CARTESIAN_POINT('',(293.45581046278,4.42324146391,13.598867547703
    ));
#314 = CARTESIAN_POINT('',(293.36762945545,4.468441740717,
    13.584048611323));
#315 = CARTESIAN_POINT('',(293.27878547686,4.511361472094,
    13.569799439257));
#316 = CARTESIAN_POINT('',(292.85844648783,4.702379628843,
    13.505657493591));
#317 = CARTESIAN_POINT('',(292.51895814442,4.821835268269,
    13.463318903289));
#318 = CARTESIAN_POINT('',(292.17340083539,4.911003183745,
    13.430601222976));
#319 = CARTESIAN_POINT('',(291.82390368473,4.970319759476,
    13.408465122916));
#320 = CARTESIAN_POINT('',(291.47237831304,5.,13.397387805091));
#321 = CARTESIAN_POINT('',(290.84687361243,5.,13.397387805091));
#322 = CARTESIAN_POINT('',(290.57307435487,4.982002799781,
    13.404104547007));
#323 = CARTESIAN_POINT('',(290.30023377464,4.946018416288,13.41753400498
    ));
#324 = CARTESIAN_POINT('',(290.02927749613,4.891973197969,
    13.437497670335));
#325 = CARTESIAN_POINT('',(289.76119050688,4.81971786082,13.46363817057)
  );
#326 = CARTESIAN_POINT('',(289.42134108723,4.7030355479,13.504525746642)
  );
#327 = CARTESIAN_POINT('',(289.34593500086,4.675519226973,
    13.514100462229));
#328 = CARTESIAN_POINT('',(289.27087457932,4.64648057701,13.524126596901
    ));
#329 = CARTESIAN_POINT('',(289.19618456068,4.61591271601,13.534590572848
    ));
#330 = CARTESIAN_POINT('',(289.12189031619,4.583807864613,
    13.545477672656));
#331 = CARTESIAN_POINT('',(288.95909799429,4.509652413299,
    13.570367002548));
#332 = CARTESIAN_POINT('',(288.87078953758,4.466907993868,
    13.584552004905));
#333 = CARTESIAN_POINT('',(288.78313757235,4.421908931424,
    13.599299452261));
#334 = CARTESIAN_POINT('',(288.69618963436,4.374637898768,13.61457922544
    ));
#335 = CARTESIAN_POINT('',(288.60999570298,4.325075397886,
    13.630358680199));
#336 = CARTESIAN_POINT('',(288.42621233102,4.213421122137,
    13.665321303253));
#337 = CARTESIAN_POINT('',(288.32888827022,4.150571139799,
    13.684656563626));
#338 = CARTESIAN_POINT('',(288.23271549971,4.084616278144,13.70455485309
    ));
#339 = CARTESIAN_POINT('',(288.1377813751,4.015519467145,13.724957287341
    ));
#340 = CARTESIAN_POINT('',(288.04418112677,3.943240101539,
    13.745799673034));
#341 = CARTESIAN_POINT('',(287.8428886094,3.778328357948,13.792130332213
    ));
#342 = CARTESIAN_POINT('',(287.73577694562,3.684400747695,
    13.817766825185));
#343 = CARTESIAN_POINT('',(287.63085211529,3.585875230661,
    13.843806912302));
#344 = CARTESIAN_POINT('',(287.52831070847,3.482676089568,
    13.870121928458));
#345 = CARTESIAN_POINT('',(287.42837670428,3.374727929314,
    13.896568894311));
#346 = CARTESIAN_POINT('',(287.21442706139,3.126182746351,
    13.954799446624));
#347 = CARTESIAN_POINT('',(287.10166674419,2.983382829692,
    13.986579348843));
#348 = CARTESIAN_POINT('',(286.9935079061,2.83346777384,14.018042241427)
  );
#349 = CARTESIAN_POINT('',(286.89049570591,2.676378730353,
    14.048865359172));
#350 = CARTESIAN_POINT('',(286.79323432275,2.512087542087,14.07869434224
    ));
#351 = CARTESIAN_POINT('',(286.59715809602,2.141956243708,
    14.140104958674));
#352 = CARTESIAN_POINT('',(286.50037201374,1.933346023772,
    14.171267801627));
#353 = CARTESIAN_POINT('',(286.41347745603,1.715405305073,
    14.199917119425));
#354 = CARTESIAN_POINT('',(286.33778221442,1.488903114558,14.22534315295
    ));
#355 = CARTESIAN_POINT('',(286.27446725685,1.254738009626,
    14.246891271366));
#356 = CARTESIAN_POINT('',(286.15669300454,0.686027656459,
    14.287317227354));
#357 = CARTESIAN_POINT('',(286.11378402522,0.346115317212,
    14.302387911876));
#358 = CARTESIAN_POINT('',(286.09913206006,2.282618538629E-13,
    14.307626964888));
#359 = CARTESIAN_POINT('',(286.11378402522,-0.346115317212,
    14.302387911876));
#360 = CARTESIAN_POINT('',(286.15669300454,-0.686027656459,
    14.287317227354));
#361 = CARTESIAN_POINT('',(286.27419330367,-1.253415139795,
    14.246985305662));
#362 = CARTESIAN_POINT('',(286.33708929939,-1.48634146443,
    14.225578969114));
#363 = CARTESIAN_POINT('',(286.41223923027,-1.711698527656,
    14.200333029524));
#364 = CARTESIAN_POINT('',(286.4984803052,-1.928594480665,
    14.171891585088));
#365 = CARTESIAN_POINT('',(286.59452273139,-2.136264356358,
    14.14095376432));
#366 = CARTESIAN_POINT('',(286.78851145223,-2.503765802565,
    14.080154153894));
#367 = CARTESIAN_POINT('',(286.88436880425,-2.666433191193,
    14.050726025401));
#368 = CARTESIAN_POINT('',(286.98586621095,-2.822067511497,
    14.020313402666));
#369 = CARTESIAN_POINT('',(287.09241787183,-2.970693270125,
    13.989259496506));
#370 = CARTESIAN_POINT('',(287.20349397133,-3.112364773997,
    13.95787750611));
#371 = CARTESIAN_POINT('',(287.41688959864,-3.362228978504,
    13.899617830464));
#372 = CARTESIAN_POINT('',(287.51813123601,-3.472311024824,
    13.872747663151));
#373 = CARTESIAN_POINT('',(287.62207898807,-3.577489337163,
    13.846002888207));
#374 = CARTESIAN_POINT('',(287.7284967114,-3.677842766292,
    13.819534056702));
#375 = CARTESIAN_POINT('',(287.8371775195,-3.77345063474,13.793476440617
    ));
#376 = CARTESIAN_POINT('',(288.0408793523,-3.940695300648,
    13.746534156387));
#377 = CARTESIAN_POINT('',(288.13528094834,-4.013711837536,
    13.72549253074));
#378 = CARTESIAN_POINT('',(288.23104241103,-4.083487684943,
    13.704897443126));
#379 = CARTESIAN_POINT('',(288.32806580884,-4.150064594557,
    13.684814903369));
#380 = CARTESIAN_POINT('',(288.42626138602,-4.21348065876,
    13.665305415142));
#381 = CARTESIAN_POINT('',(288.61143968192,-4.325926674758,
    13.630089709873));
#382 = CARTESIAN_POINT('',(288.69814725375,-4.375743047077,
    13.614225643307));
#383 = CARTESIAN_POINT('',(288.78561695686,-4.42324146391,
    13.598867547703));
#384 = CARTESIAN_POINT('',(288.87379796419,-4.468441740717,
    13.584048611323));
#385 = CARTESIAN_POINT('',(288.96264194278,-4.511361472094,
    13.569799439257));
#386 = CARTESIAN_POINT('',(289.38298095998,-4.702379641642,
    13.505657489293));
#387 = CARTESIAN_POINT('',(289.72246922908,-4.821835256701,
    13.463318907221));
#388 = CARTESIAN_POINT('',(290.06802658469,-4.911003177803,
    13.430601224973));
#389 = CARTESIAN_POINT('',(290.41752378124,-4.970319768242,
    13.408465119929));
#390 = CARTESIAN_POINT('',(290.76904907744,-5.,13.397387805091));
#391 = CARTESIAN_POINT('',(291.39455379924,-5.,13.397387805091));
#392 = CARTESIAN_POINT('',(291.66835307746,-4.982002797939,
    13.404104547658));
#393 = CARTESIAN_POINT('',(291.94119364508,-4.94601841753,
    13.417534004545));
#394 = CARTESIAN_POINT('',(292.21214991085,-4.891973200396,
    13.437497669479));
#395 = CARTESIAN_POINT('',(292.48023692056,-4.819717858143,
    13.463638171508));
#396 = CARTESIAN_POINT('',(292.82008633241,-4.7030355479,13.504525746641
    ));
#397 = CARTESIAN_POINT('',(292.89549241879,-4.675519226973,
    13.514100462229));
#398 = CARTESIAN_POINT('',(292.97055284032,-4.64648057701,
    13.524126596901));
#399 = CARTESIAN_POINT('',(293.04524285897,-4.61591271601,
    13.534590572848));
#400 = CARTESIAN_POINT('',(293.11953710345,-4.583807864613,
    13.545477672656));
#401 = CARTESIAN_POINT('',(293.28232942535,-4.509652413299,
    13.570367002548));
#402 = CARTESIAN_POINT('',(293.37063788206,-4.466907993868,
    13.584552004905));
#403 = CARTESIAN_POINT('',(293.45828984729,-4.421908931424,
    13.599299452261));
#404 = CARTESIAN_POINT('',(293.54523778529,-4.374637898768,
    13.61457922544));
#405 = CARTESIAN_POINT('',(293.63143171666,-4.325075397886,
    13.630358680199));
#406 = CARTESIAN_POINT('',(293.81521508862,-4.213421122137,
    13.665321303253));
#407 = CARTESIAN_POINT('',(293.91253914942,-4.150571139799,
    13.684656563626));
#408 = CARTESIAN_POINT('',(294.00871191993,-4.084616278144,
    13.70455485309));
#409 = CARTESIAN_POINT('',(294.10364604455,-4.015519467145,
    13.724957287341));
#410 = CARTESIAN_POINT('',(294.19724629287,-3.943240101539,
    13.745799673034));
#411 = CARTESIAN_POINT('',(294.39853881024,-3.778328357948,
    13.792130332213));
#412 = CARTESIAN_POINT('',(294.50565047403,-3.684400747694,
    13.817766825185));
#413 = CARTESIAN_POINT('',(294.61057530435,-3.585875230661,
    13.843806912302));
#414 = CARTESIAN_POINT('',(294.71311671118,-3.482676089568,
    13.870121928458));
#415 = CARTESIAN_POINT('',(294.81305071536,-3.374727929315,
    13.896568894311));
#416 = CARTESIAN_POINT('',(295.02700035826,-3.126182746344,
    13.954799446625));
#417 = CARTESIAN_POINT('',(295.13976067545,-2.983382829694,
    13.986579348842));
#418 = CARTESIAN_POINT('',(295.24791951354,-2.833467773849,
    14.018042241425));
#419 = CARTESIAN_POINT('',(295.35093171373,-2.676378730356,
    14.048865359171));
#420 = CARTESIAN_POINT('',(295.4481930969,-2.512087542078,
    14.078694342241));
#421 = CARTESIAN_POINT('',(295.7152904217,-2.007890366981,
    14.162348600778));
#422 = CARTESIAN_POINT('',(295.8693770471,-1.644345581857,
    14.212990634158));
#423 = CARTESIAN_POINT('',(295.99221118395,-1.25489360615,
    14.255066819249));
#424 = CARTESIAN_POINT('',(296.07734195023,-0.846001163793,
    14.284835668637));
#425 = CARTESIAN_POINT('',(296.12071370982,-0.425104453684,14.3));
#426 = CARTESIAN_POINT('',(296.12071370982,0.,14.3));
#427 = PCURVE('',#33,#428);
#428 = DEFINITIONAL_REPRESENTATION('',(#429),#567);
#429 = B_SPLINE_CURVE_WITH_KNOTS('',6,(#430,#431,#432,#433,#434,#435,
    #436,#437,#438,#439,#440,#441,#442,#443,#444,#445,#446,#447,#448,
    #449,#450,#451,#452,#453,#454,#455,#456,#457,#458,#459,#460,#461,
    #462,#463,#464,#465,#466,#467,#468,#469,#470,#471,#472,#473,#474,
    #475,#476,#477,#478,#479,#480,#481,#482,#483,#484,#485,#486,#487,
    #488,#489,#490,#491,#492,#493,#494,#495,#496,#497,#498,#499,#500,
    #501,#502,#503,#504,#505,#506,#507,#508,#509,#510,#511,#512,#513,
    #514,#515,#516,#517,#518,#519,#520,#521,#522,#523,#524,#525,#526,
    #527,#528,#529,#530,#531,#532,#533,#534,#535,#536,#537,#538,#539,
    #540,#541,#542,#543,#544,#545,#546,#547,#548,#549,#550,#551,#552,
    #553,#554,#555,#556,#557,#558,#559,#560,#561,#562,#563,#564,#565,
    #566),.UNSPECIFIED.,.T.,.F.,(7,5,5,5,5,5,5,5,5,5,5,5,5,5,5,5,5,5,5,5
    ,5,5,5,5,5,5,5,7),(0.,4.162578785585E-02,9.946315671426E-02,
    0.128144290941,0.152208480171,0.173026324974,0.250022510692,
    0.309979193289,0.327169667228,0.347861740409,0.371706149794,
    0.399939985379,0.433932339508,0.47330678741,0.526924505744,
    0.566082645765,0.599675395366,0.628349843578,0.652408423075,
    0.673221414918,0.750199658192,0.810142362349,0.827328828969,
    0.848016078561,0.871854929509,0.900082183426,0.934066613503,1.),
  .UNSPECIFIED.);
#430 = CARTESIAN_POINT('',(3.14159265359,240.12071370982));
#431 = CARTESIAN_POINT('',(3.122925044905,240.12071370982));
#432 = CARTESIAN_POINT('',(3.104295636797,240.10361112056));
#433 = CARTESIAN_POINT('',(3.085865447786,240.06953750443));
#434 = CARTESIAN_POINT('',(3.067793540262,240.01923874074));
#435 = CARTESIAN_POINT('',(3.050234488958,239.95406491901));
#436 = CARTESIAN_POINT('',(3.009850035684,239.76752305271));
#437 = CARTESIAN_POINT('',(2.98763483782,239.6341455998));
#438 = CARTESIAN_POINT('',(2.966757165065,239.47968484901));
#439 = CARTESIAN_POINT('',(2.94726352082,239.30757760462));
#440 = CARTESIAN_POINT('',(2.929181439415,239.12097586471));
#441 = CARTESIAN_POINT('',(2.904257760827,238.824537821));
#442 = CARTESIAN_POINT('',(2.8963341277,238.72329618363));
#443 = CARTESIAN_POINT('',(2.888745433135,238.61934843157));
#444 = CARTESIAN_POINT('',(2.881488093322,238.51293070824));
#445 = CARTESIAN_POINT('',(2.874558555546,238.40424990014));
#446 = CARTESIAN_POINT('',(2.862411165692,238.20054806734));
#447 = CARTESIAN_POINT('',(2.857097446368,238.1061464713));
#448 = CARTESIAN_POINT('',(2.852010061834,238.01038500861));
#449 = CARTESIAN_POINT('',(2.847147254577,237.9133616108));
#450 = CARTESIAN_POINT('',(2.842507502962,237.81516603362));
#451 = CARTESIAN_POINT('',(2.834267540889,237.62998773772));
#452 = CARTESIAN_POINT('',(2.830611542239,237.5432801659));
#453 = CARTESIAN_POINT('',(2.827120708512,237.45581046278));
#454 = CARTESIAN_POINT('',(2.823794349321,237.36762945545));
#455 = CARTESIAN_POINT('',(2.820631900653,237.27878547686));
#456 = CARTESIAN_POINT('',(2.806541013183,236.85844648783));
#457 = CARTESIAN_POINT('',(2.797679436634,236.51895814442));
#458 = CARTESIAN_POINT('',(2.791037780236,236.17340083539));
#459 = CARTESIAN_POINT('',(2.786610074971,235.82390368473));
#460 = CARTESIAN_POINT('',(2.784394783029,235.47237831304));
#461 = CARTESIAN_POINT('',(2.784394783029,234.84687361243));
#462 = CARTESIAN_POINT('',(2.785738100248,234.57307435487));
#463 = CARTESIAN_POINT('',(2.788424079559,234.30023377464));
#464 = CARTESIAN_POINT('',(2.792452986751,234.02927749613));
#465 = CARTESIAN_POINT('',(2.797826058188,233.76119050688));
#466 = CARTESIAN_POINT('',(2.806472129012,233.42134108723));
#467 = CARTESIAN_POINT('',(2.808509507184,233.34593500086));
#468 = CARTESIAN_POINT('',(2.810657803374,233.27087457932));
#469 = CARTESIAN_POINT('',(2.812917179162,233.19618456068));
#470 = CARTESIAN_POINT('',(2.815287839335,233.12189031619));
#471 = CARTESIAN_POINT('',(2.820757832567,232.95909799429));
#472 = CARTESIAN_POINT('',(2.823907232374,232.87078953758));
#473 = CARTESIAN_POINT('',(2.827218663978,232.78313757235));
#474 = CARTESIAN_POINT('',(2.830692683666,232.69618963436));
#475 = CARTESIAN_POINT('',(2.834329971335,232.60999570298));
#476 = CARTESIAN_POINT('',(2.842511808136,232.42621233102));
#477 = CARTESIAN_POINT('',(2.847110142273,232.32888827022));
#478 = CARTESIAN_POINT('',(2.851927585494,232.23271549971));
#479 = CARTESIAN_POINT('',(2.856965618183,232.1377813751));
#480 = CARTESIAN_POINT('',(2.862225948522,232.04418112677));
#481 = CARTESIAN_POINT('',(2.874204708874,231.8428886094));
#482 = CARTESIAN_POINT('',(2.881013147533,231.73577694562));
#483 = CARTESIAN_POINT('',(2.8881392625,231.63085211529));
#484 = CARTESIAN_POINT('',(2.895586444792,231.52831070847));
#485 = CARTESIAN_POINT('',(2.903358121005,231.42837670428));
#486 = CARTESIAN_POINT('',(2.921209544203,231.21442706139));
#487 = CARTESIAN_POINT('',(2.931439219844,231.10166674419));
#488 = CARTESIAN_POINT('',(2.942149953101,230.9935079061));
#489 = CARTESIAN_POINT('',(2.953343086654,230.89049570591));
#490 = CARTESIAN_POINT('',(2.965018462841,230.79323432275));
#491 = CARTESIAN_POINT('',(2.991255610187,230.59715809602));
#492 = CARTESIAN_POINT('',(3.006003706566,230.50037201374));
#493 = CARTESIAN_POINT('',(3.021371675092,230.41347745603));
#494 = CARTESIAN_POINT('',(3.037305908941,230.33778221442));
#495 = CARTESIAN_POINT('',(3.053746700465,230.27446725685));
#496 = CARTESIAN_POINT('',(3.093617004881,230.15669300454));
#497 = CARTESIAN_POINT('',(3.117402033232,230.11378402522));
#498 = CARTESIAN_POINT('',(3.14159265359,230.09913206006));
#499 = CARTESIAN_POINT('',(3.165783273948,230.11378402522));
#500 = CARTESIAN_POINT('',(3.189568302298,230.15669300454));
#501 = CARTESIAN_POINT('',(3.229345864913,230.27419330367));
#502 = CARTESIAN_POINT('',(3.245699544758,230.33708929939));
#503 = CARTESIAN_POINT('',(3.261552863787,230.41223923027));
#504 = CARTESIAN_POINT('',(3.276846552962,230.4984803052));
#505 = CARTESIAN_POINT('',(3.291527313915,230.59452273139));
#506 = CARTESIAN_POINT('',(3.317576044903,230.78851145223));
#507 = CARTESIAN_POINT('',(3.329134732734,230.88436880425));
#508 = CARTESIAN_POINT('',(3.340222562048,230.98586621095));
#509 = CARTESIAN_POINT('',(3.350839217122,231.09241787183));
#510 = CARTESIAN_POINT('',(3.360985841028,231.20349397133));
#511 = CARTESIAN_POINT('',(3.378927546353,231.41688959864));
#512 = CARTESIAN_POINT('',(3.38685117948,231.51813123601));
#513 = CARTESIAN_POINT('',(3.394439874044,231.62207898807));
#514 = CARTESIAN_POINT('',(3.401697213858,231.7284967114));
#515 = CARTESIAN_POINT('',(3.408626751634,231.8371775195));
#516 = CARTESIAN_POINT('',(3.420774141488,232.0408793523));
#517 = CARTESIAN_POINT('',(3.426087860812,232.13528094834));
#518 = CARTESIAN_POINT('',(3.431175245346,232.23104241103));
#519 = CARTESIAN_POINT('',(3.436038052602,232.32806580884));
#520 = CARTESIAN_POINT('',(3.440677804217,232.42626138602));
#521 = CARTESIAN_POINT('',(3.448917766291,232.61143968192));
#522 = CARTESIAN_POINT('',(3.452573764941,232.69814725375));
#523 = CARTESIAN_POINT('',(3.456064598667,232.78561695686));
#524 = CARTESIAN_POINT('',(3.459390957858,232.87379796419));
#525 = CARTESIAN_POINT('',(3.462553406526,232.96264194278));
#526 = CARTESIAN_POINT('',(3.47664429494,233.38298095998));
#527 = CARTESIAN_POINT('',(3.485505869691,233.72246922908));
#528 = CARTESIAN_POINT('',(3.492147526506,234.06802658469));
#529 = CARTESIAN_POINT('',(3.496575232856,234.41752378124));
#530 = CARTESIAN_POINT('',(3.498790524151,234.76904907744));
#531 = CARTESIAN_POINT('',(3.498790524151,235.39455379924));
#532 = CARTESIAN_POINT('',(3.497447206795,235.66835307746));
#533 = CARTESIAN_POINT('',(3.494761227712,235.94119364508));
#534 = CARTESIAN_POINT('',(3.490732320609,236.21214991085));
#535 = CARTESIAN_POINT('',(3.485359248793,236.48023692056));
#536 = CARTESIAN_POINT('',(3.476713178168,236.82008633241));
#537 = CARTESIAN_POINT('',(3.474675799996,236.89549241879));
#538 = CARTESIAN_POINT('',(3.472527503806,236.97055284032));
#539 = CARTESIAN_POINT('',(3.470268128017,237.04524285897));
#540 = CARTESIAN_POINT('',(3.467897467845,237.11953710345));
#541 = CARTESIAN_POINT('',(3.462427474612,237.28232942535));
#542 = CARTESIAN_POINT('',(3.459278074805,237.37063788206));
#543 = CARTESIAN_POINT('',(3.455966643201,237.45828984729));
#544 = CARTESIAN_POINT('',(3.452492623514,237.54523778529));
#545 = CARTESIAN_POINT('',(3.448855335845,237.63143171666));
#546 = CARTESIAN_POINT('',(3.440673499044,237.81521508862));
#547 = CARTESIAN_POINT('',(3.436075164906,237.91253914942));
#548 = CARTESIAN_POINT('',(3.431257721686,238.00871191993));
#549 = CARTESIAN_POINT('',(3.426219688996,238.10364604455));
#550 = CARTESIAN_POINT('',(3.420959358658,238.19724629287));
#551 = CARTESIAN_POINT('',(3.408980598306,238.39853881024));
#552 = CARTESIAN_POINT('',(3.402172159646,238.50565047403));
#553 = CARTESIAN_POINT('',(3.39504604468,238.61057530435));
#554 = CARTESIAN_POINT('',(3.387598862388,238.71311671118));
#555 = CARTESIAN_POINT('',(3.379827186174,238.81305071536));
#556 = CARTESIAN_POINT('',(3.361975762976,239.02700035826));
#557 = CARTESIAN_POINT('',(3.351746087336,239.13976067545));
#558 = CARTESIAN_POINT('',(3.341035354079,239.24791951354));
#559 = CARTESIAN_POINT('',(3.329842220526,239.35093171373));
#560 = CARTESIAN_POINT('',(3.318166844338,239.4481930969));
#561 = CARTESIAN_POINT('',(3.282426295963,239.7152904217));
#562 = CARTESIAN_POINT('',(3.256766756066,239.8693770471));
#563 = CARTESIAN_POINT('',(3.229394580079,239.99221118395));
#564 = CARTESIAN_POINT('',(3.200753612466,240.07734195023));
#565 = CARTESIAN_POINT('',(3.171320237763,240.12071370982));
#566 = CARTESIAN_POINT('',(3.14159265359,240.12071370982));
#567 = ( GEOMETRIC_REPRESENTATION_CONTEXT(2) 
PARAMETRIC_REPRESENTATION_CONTEXT() REPRESENTATION_CONTEXT('2D SPACE',''
  ) );
#568 = PCURVE('',#569,#574);
#569 = CYLINDRICAL_SURFACE('',#570,5.);
#570 = AXIS2_PLACEMENT_3D('',#571,#572,#573);
#571 = CARTESIAN_POINT('',(291.12071370982,0.,6.));
#572 = DIRECTION('',(0.,0.,1.));
#573 = DIRECTION('',(1.,0.,-0.));
#574 = DEFINITIONAL_REPRESENTATION('',(#575),#713);
#575 = B_SPLINE_CURVE_WITH_KNOTS('',6,(#576,#577,#578,#579,#580,#581,
    #582,#583,#584,#585,#586,#587,#588,#589,#590,#591,#592,#593,#594,
    #595,#596,#597,#598,#599,#600,#601,#602,#603,#604,#605,#606,#607,
    #608,#609,#610,#611,#612,#613,#614,#615,#616,#617,#618,#619,#620,
    #621,#622,#623,#624,#625,#626,#627,#628,#629,#630,#631,#632,#633,
    #634,#635,#636,#637,#638,#639,#640,#641,#642,#643,#644,#645,#646,
    #647,#648,#649,#650,#651,#652,#653,#654,#655,#656,#657,#658,#659,
    #660,#661,#662,#663,#664,#665,#666,#667,#668,#669,#670,#671,#672,
    #673,#674,#675,#676,#677,#678,#679,#680,#681,#682,#683,#684,#685,
    #686,#687,#688,#689,#690,#691,#692,#693,#694,#695,#696,#697,#698,
    #699,#700,#701,#702,#703,#704,#705,#706,#707,#708,#709,#710,#711,
    #712),.UNSPECIFIED.,.F.,.F.,(7,5,5,5,5,5,5,5,5,5,5,5,5,5,5,5,5,5,5,5
    ,5,5,5,5,5,5,5,7),(0.,4.162578785585E-02,9.946315671426E-02,
    0.128144290941,0.152208480171,0.173026324974,0.250022510692,
    0.309979193289,0.327169667228,0.347861740409,0.371706149794,
    0.399939985379,0.433932339508,0.47330678741,0.526924505744,
    0.566082645765,0.599675395366,0.628349843578,0.652408423075,
    0.673221414918,0.750199658192,0.810142362349,0.827328828969,
    0.848016078561,0.871854929509,0.900082183426,0.934066613503,1.),
  .UNSPECIFIED.);
#576 = CARTESIAN_POINT('',(0.,8.3));
#577 = CARTESIAN_POINT('',(5.33893608383E-02,8.3));
#578 = CARTESIAN_POINT('',(0.10666945098,8.294020107407));
#579 = CARTESIAN_POINT('',(0.159620318357,8.282106097575));
#580 = CARTESIAN_POINT('',(0.21202210952,8.264654160958));
#581 = CARTESIAN_POINT('',(0.263632188122,8.242396958413));
#582 = CARTESIAN_POINT('',(0.384364620117,8.179999546561));
#583 = CARTESIAN_POINT('',(0.452485451969,8.136267317287));
#584 = CARTESIAN_POINT('',(0.518696779541,8.087135398214));
#585 = CARTESIAN_POINT('',(0.583111284911,8.034625457233));
#586 = CARTESIAN_POINT('',(0.645810530672,7.980549124575));
#587 = CARTESIAN_POINT('',(0.737101873585,7.899617830464));
#588 = CARTESIAN_POINT('',(0.766993503475,7.872747663151));
#589 = CARTESIAN_POINT('',(0.796540709702,7.846002888207));
#590 = CARTESIAN_POINT('',(0.825768644745,7.819534056702));
#591 = CARTESIAN_POINT('',(0.854701721539,7.793476440617));
#592 = CARTESIAN_POINT('',(0.907414230476,7.746534156387));
#593 = CARTESIAN_POINT('',(0.931273096721,7.72549253074));
#594 = CARTESIAN_POINT('',(0.954955747623,7.704897443126));
#595 = CARTESIAN_POINT('',(0.978475589227,7.684814903369));
#596 = CARTESIAN_POINT('',(1.00184529706,7.665305415142));
#597 = CARTESIAN_POINT('',(1.045174320952,7.630089709873));
#598 = CARTESIAN_POINT('',(1.065168351569,7.614225643307));
#599 = CARTESIAN_POINT('',(1.085066599668,7.598867547703));
#600 = CARTESIAN_POINT('',(1.104876359331,7.584048611323));
#601 = CARTESIAN_POINT('',(1.124604527048,7.569799439257));
#602 = CARTESIAN_POINT('',(1.216945807505,7.505657493591));
#603 = CARTESIAN_POINT('',(1.288644682911,7.463318903289));
#604 = CARTESIAN_POINT('',(1.359632363027,7.430601222976));
#605 = CARTESIAN_POINT('',(1.430158558019,7.408465122916));
#606 = CARTESIAN_POINT('',(1.50046340615,7.397387805091));
#607 = CARTESIAN_POINT('',(1.625564346274,7.397387805091));
#608 = CARTESIAN_POINT('',(1.680324161624,7.404104547007));
#609 = CARTESIAN_POINT('',(1.735188061655,7.41753400498));
#610 = CARTESIAN_POINT('',(1.790265971939,7.437497670335));
#611 = CARTESIAN_POINT('',(1.845670421245,7.46363817057));
#612 = CARTESIAN_POINT('',(1.917534846431,7.504525746642));
#613 = CARTESIAN_POINT('',(1.933585847444,7.514100462229));
#614 = CARTESIAN_POINT('',(1.949677704237,7.524126596901));
#615 = CARTESIAN_POINT('',(1.965813766219,7.534590572848));
#616 = CARTESIAN_POINT('',(1.981997538987,7.545477672656));
#617 = CARTESIAN_POINT('',(2.017774834038,7.570367002548));
#618 = CARTESIAN_POINT('',(2.037391405948,7.584552004905));
#619 = CARTESIAN_POINT('',(2.057088795172,7.599299452261));
#620 = CARTESIAN_POINT('',(2.076873785567,7.61457922544));
#621 = CARTESIAN_POINT('',(2.096753549726,7.630358680199));
#622 = CARTESIAN_POINT('',(2.139761923377,7.665321303253));
#623 = CARTESIAN_POINT('',(2.162924018363,7.684656563626));
#624 = CARTESIAN_POINT('',(2.186233565888,7.70455485309));
#625 = CARTESIAN_POINT('',(2.209702903201,7.724957287341));
#626 = CARTESIAN_POINT('',(2.233345072851,7.745799673034));
#627 = CARTESIAN_POINT('',(2.285389116016,7.792130332213));
#628 = CARTESIAN_POINT('',(2.313865408048,7.817766825185));
#629 = CARTESIAN_POINT('',(2.342626605514,7.843806912302));
#630 = CARTESIAN_POINT('',(2.371696015315,7.870121928458));
#631 = CARTESIAN_POINT('',(2.401097635635,7.896568894311));
#632 = CARTESIAN_POINT('',(2.466687012112,7.954799446624));
#633 = CARTESIAN_POINT('',(2.503044860445,7.986579348843));
#634 = CARTESIAN_POINT('',(2.539963698821,8.018042241427));
#635 = CARTESIAN_POINT('',(2.577476094779,8.048865359172));
#636 = CARTESIAN_POINT('',(2.615617790654,8.07869434224));
#637 = CARTESIAN_POINT('',(2.699389639083,8.140104958674));
#638 = CARTESIAN_POINT('',(2.745319398304,8.171267801627));
#639 = CARTESIAN_POINT('',(2.79213584998,8.199917119425));
#640 = CARTESIAN_POINT('',(2.839779030267,8.22534315295));
#641 = CARTESIAN_POINT('',(2.888206957196,8.246891271366));
#642 = CARTESIAN_POINT('',(3.004362411705,8.287317227354));
#643 = CARTESIAN_POINT('',(3.072672620312,8.302387911876));
#644 = CARTESIAN_POINT('',(3.14159265359,8.307626964888));
#645 = CARTESIAN_POINT('',(3.210512686868,8.302387911876));
#646 = CARTESIAN_POINT('',(3.278822895474,8.287317227354));
#647 = CARTESIAN_POINT('',(3.394708162276,8.246985305662));
#648 = CARTESIAN_POINT('',(3.442876483364,8.225578969114));
#649 = CARTESIAN_POINT('',(3.49026978162,8.200333029524));
#650 = CARTESIAN_POINT('',(3.536845402258,8.171891585088));
#651 = CARTESIAN_POINT('',(3.582542941171,8.14095376432));
#652 = CARTESIAN_POINT('',(3.665654657981,8.080154153894));
#653 = CARTESIAN_POINT('',(3.703375353954,8.050726025401));
#654 = CARTESIAN_POINT('',(3.740480315809,8.020313402666));
#655 = CARTESIAN_POINT('',(3.777003801057,7.989259496506));
#656 = CARTESIAN_POINT('',(3.812977006086,7.95787750611));
#657 = CARTESIAN_POINT('',(3.878694527174,7.899617830464));
#658 = CARTESIAN_POINT('',(3.908586157065,7.872747663151));
#659 = CARTESIAN_POINT('',(3.938133363292,7.846002888207));
#660 = CARTESIAN_POINT('',(3.967361298335,7.819534056702));
#661 = CARTESIAN_POINT('',(3.996294375128,7.793476440617));
#662 = CARTESIAN_POINT('',(4.049006884065,7.746534156387));
#663 = CARTESIAN_POINT('',(4.07286575031,7.72549253074));
#664 = CARTESIAN_POINT('',(4.096548401213,7.704897443126));
#665 = CARTESIAN_POINT('',(4.120068242816,7.684814903369));
#666 = CARTESIAN_POINT('',(4.14343795065,7.665305415142));
#667 = CARTESIAN_POINT('',(4.186766974542,7.630089709873));
#668 = CARTESIAN_POINT('',(4.206761005159,7.614225643307));
#669 = CARTESIAN_POINT('',(4.226659253258,7.598867547703));
#670 = CARTESIAN_POINT('',(4.246469012921,7.584048611323));
#671 = CARTESIAN_POINT('',(4.266197180638,7.569799439257));
#672 = CARTESIAN_POINT('',(4.358538467282,7.505657489293));
#673 = CARTESIAN_POINT('',(4.430237326807,7.463318907221));
#674 = CARTESIAN_POINT('',(4.501225016446,7.430601224973));
#675 = CARTESIAN_POINT('',(4.571751221218,7.408465119929));
#676 = CARTESIAN_POINT('',(4.642056053908,7.397387805091));
#677 = CARTESIAN_POINT('',(4.767156998269,7.397387805091));
#678 = CARTESIAN_POINT('',(4.821916817809,7.404104547658));
#679 = CARTESIAN_POINT('',(4.87678071522,7.417534004545));
#680 = CARTESIAN_POINT('',(4.931858622921,7.437497669479));
#681 = CARTESIAN_POINT('',(4.987263076483,7.463638171508));
#682 = CARTESIAN_POINT('',(5.059127500021,7.504525746642));
#683 = CARTESIAN_POINT('',(5.075178501033,7.514100462229));
#684 = CARTESIAN_POINT('',(5.091270357827,7.524126596901));
#685 = CARTESIAN_POINT('',(5.107406419809,7.534590572848));
#686 = CARTESIAN_POINT('',(5.123590192576,7.545477672656));
#687 = CARTESIAN_POINT('',(5.159367487627,7.570367002548));
#688 = CARTESIAN_POINT('',(5.178984059537,7.584552004905));
#689 = CARTESIAN_POINT('',(5.198681448762,7.599299452261));
#690 = CARTESIAN_POINT('',(5.218466439157,7.61457922544));
#691 = CARTESIAN_POINT('',(5.238346203316,7.630358680199));
#692 = CARTESIAN_POINT('',(5.281354576966,7.665321303253));
#693 = CARTESIAN_POINT('',(5.304516671953,7.684656563626));
#694 = CARTESIAN_POINT('',(5.327826219478,7.70455485309));
#695 = CARTESIAN_POINT('',(5.351295556791,7.724957287341));
#696 = CARTESIAN_POINT('',(5.374937726441,7.745799673034));
#697 = CARTESIAN_POINT('',(5.426981769606,7.792130332213));
#698 = CARTESIAN_POINT('',(5.455458061638,7.817766825185));
#699 = CARTESIAN_POINT('',(5.484219259104,7.843806912302));
#700 = CARTESIAN_POINT('',(5.513288668905,7.870121928458));
#701 = CARTESIAN_POINT('',(5.542690289225,7.896568894311));
#702 = CARTESIAN_POINT('',(5.608279665704,7.954799446625));
#703 = CARTESIAN_POINT('',(5.644637514034,7.986579348842));
#704 = CARTESIAN_POINT('',(5.681556352409,8.018042241425));
#705 = CARTESIAN_POINT('',(5.719068748368,8.048865359171));
#706 = CARTESIAN_POINT('',(5.757210444246,8.078694342241));
#707 = CARTESIAN_POINT('',(5.871325434022,8.162348600778));
#708 = CARTESIAN_POINT('',(5.950001934692,8.212990634158));
#709 = CARTESIAN_POINT('',(6.031099975088,8.255066819249));
#710 = CARTESIAN_POINT('',(6.113985151219,8.284835668637));
#711 = CARTESIAN_POINT('',(6.198164416443,8.3));
#712 = CARTESIAN_POINT('',(6.28318530718,8.3));
#713 = ( GEOMETRIC_REPRESENTATION_CONTEXT(2) 
PARAMETRIC_REPRESENTATION_CONTEXT() REPRESENTATION_CONTEXT('2D SPACE',''
  ) );
#714 = FACE_BOUND('',#715,.T.);
#715 = EDGE_LOOP('',(#716));
#716 = ORIENTED_EDGE('',*,*,#717,.F.);
#717 = EDGE_CURVE('',#718,#718,#720,.T.);
#718 = VERTEX_POINT('',#719);
#719 = CARTESIAN_POINT('',(317.146403139,-1.285879139105E-15,14.3));
#720 = SURFACE_CURVE('',#721,(#869,#1020),.PCURVE_S1.);
#721 = B_SPLINE_CURVE_WITH_KNOTS('',6,(#722,#723,#724,#725,#726,#727,
    #728,#729,#730,#731,#732,#733,#734,#735,#736,#737,#738,#739,#740,
    #741,#742,#743,#744,#745,#746,#747,#748,#749,#750,#751,#752,#753,
    #754,#755,#756,#757,#758,#759,#760,#761,#762,#763,#764,#765,#766,
    #767,#768,#769,#770,#771,#772,#773,#774,#775,#776,#777,#778,#779,
    #780,#781,#782,#783,#784,#785,#786,#787,#788,#789,#790,#791,#792,
    #793,#794,#795,#796,#797,#798,#799,#800,#801,#802,#803,#804,#805,
    #806,#807,#808,#809,#810,#811,#812,#813,#814,#815,#816,#817,#818,
    #819,#820,#821,#822,#823,#824,#825,#826,#827,#828,#829,#830,#831,
    #832,#833,#834,#835,#836,#837,#838,#839,#840,#841,#842,#843,#844,
    #845,#846,#847,#848,#849,#850,#851,#852,#853,#854,#855,#856,#857,
    #858,#859,#860,#861,#862,#863,#864,#865,#866,#867,#868),
  .UNSPECIFIED.,.T.,.F.,(7,5,5,5,5,5,5,5,5,5,5,5,5,5,5,5,5,5,5,5,5,5,5,5
    ,5,5,5,5,5,7),(0.,3.940693625877E-02,9.816442233312E-02,
    0.124837142482,0.1481135475,0.167149502757,0.183614306,
    0.249964115755,0.315566751559,0.33192980037,0.350809130917,
    0.373796732527,0.401119401283,0.433928731236,0.473288881594,
    0.526822651706,0.565966379112,0.598348733325,0.625021637222,
    0.64829820259,0.667334288985,0.683799205654,0.750149475404,
    0.815752565895,0.832115727434,0.850995188042,0.873982948016,
    0.901305805047,0.934115361131,1.),.UNSPECIFIED.);
#722 = CARTESIAN_POINT('',(317.146403139,0.,14.3));
#723 = CARTESIAN_POINT('',(317.146403139,0.265888999186,14.3));
#724 = CARTESIAN_POINT('',(317.13024379779,0.531308167147,
    14.294067398282));
#725 = CARTESIAN_POINT('',(317.09803243242,0.793988640669,
    14.282241437054));
#726 = CARTESIAN_POINT('',(317.05042125278,1.051685162061,
    14.264880574267));
#727 = CARTESIAN_POINT('',(316.98859941769,1.302251201597,
    14.242651875173));
#728 = CARTESIAN_POINT('',(316.80355729907,1.903740008532,
    14.177338350802));
#729 = CARTESIAN_POINT('',(316.6651738812,2.243267409212,14.129400045703
    ));
#730 = CARTESIAN_POINT('',(316.50344325519,2.560978657263,
    14.074987693814));
#731 = CARTESIAN_POINT('',(316.32221719067,2.856144370116,
    14.016461617463));
#732 = CARTESIAN_POINT('',(316.12504074468,3.128490663994,
    13.955949815171));
#733 = CARTESIAN_POINT('',(315.81997779722,3.491414177539,
    13.867718817622));
#734 = CARTESIAN_POINT('',(315.72199937757,3.600192523992,
    13.840099283221));
#735 = CARTESIAN_POINT('',(315.62151484009,3.704506039157,
    13.812556307544));
#736 = CARTESIAN_POINT('',(315.51872648681,3.804423053,13.785226064798)
  );
#737 = CARTESIAN_POINT('',(315.41381230621,3.900012693314,
    13.758231983693));
#738 = CARTESIAN_POINT('',(315.21364978842,4.071047484103,
    13.708517848097));
#739 = CARTESIAN_POINT('',(315.11887381746,4.147506184893,
    13.685691900685));
#740 = CARTESIAN_POINT('',(315.02270135468,4.220765720321,13.66328091165
    ));
#741 = CARTESIAN_POINT('',(314.92522766432,4.290867316482,
    13.641353553443));
#742 = CARTESIAN_POINT('',(314.82653998061,4.357848693339,
    13.619973164523));
#743 = CARTESIAN_POINT('',(314.64508049704,4.47399910281,13.58220715853)
  );
#744 = CARTESIAN_POINT('',(314.56268512477,4.524189919806,
    13.565621347986));
#745 = CARTESIAN_POINT('',(314.47957516149,4.572335007452,
    13.549472194486));
#746 = CARTESIAN_POINT('',(314.39579238838,4.618451110534,
    13.533789591009));
#747 = CARTESIAN_POINT('',(314.31137659726,4.662553226875,
    13.518601446746));
#748 = CARTESIAN_POINT('',(314.15283686663,4.741069430562,
    13.491247075199));
#749 = CARTESIAN_POINT('',(314.07886303473,4.775987486346,
    13.478949792907));
#750 = CARTESIAN_POINT('',(314.0044686743,4.809417328406,13.467058647432
    ));
#751 = CARTESIAN_POINT('',(313.92967775349,4.841366649593,
    13.455589396993));
#752 = CARTESIAN_POINT('',(313.85451362914,4.871842281898,
    13.444556750827));
#753 = CARTESIAN_POINT('',(313.47469063212,5.017746194731,
    13.391329522591));
#754 = CARTESIAN_POINT('',(313.16458512173,5.110848742205,
    13.355981714515));
#755 = CARTESIAN_POINT('',(312.850310567,5.180466150326,13.328854367757)
  );
#756 = CARTESIAN_POINT('',(312.53330239874,5.226814589692,
    13.310560860161));
#757 = CARTESIAN_POINT('',(312.21489331004,5.25,13.301409699727));
#758 = CARTESIAN_POINT('',(311.58149952776,5.25,13.301409699727));
#759 = CARTESIAN_POINT('',(311.26667265826,5.227333837861,13.31035591185
    ));
#760 = CARTESIAN_POINT('',(310.95319999251,5.182022462858,
    13.328240106071));
#761 = CARTESIAN_POINT('',(310.64237120514,5.113965018168,13.35476724431
    ));
#762 = CARTESIAN_POINT('',(310.33557285013,5.022955735969,
    13.389350750011));
#763 = CARTESIAN_POINT('',(309.95924575022,4.880202609276,
    13.441523095244));
#764 = CARTESIAN_POINT('',(309.88446052571,4.850255788395,13.45238557597
    ));
#765 = CARTESIAN_POINT('',(309.81003962721,4.818854612786,
    13.463681950019));
#766 = CARTESIAN_POINT('',(309.73600590697,4.78599249259,13.475397924814
    ));
#767 = CARTESIAN_POINT('',(309.66238279604,4.751662005202,
    13.487518185074));
#768 = CARTESIAN_POINT('',(309.50475101122,4.674541429051,
    13.514458091411));
#769 = CARTESIAN_POINT('',(309.42088650792,4.631262277183,
    13.529406195574));
#770 = CARTESIAN_POINT('',(309.33763749899,4.586004732598,
    13.544845657137));
#771 = CARTESIAN_POINT('',(309.25504255943,4.538754403397,
    13.560749518452));
#772 = CARTESIAN_POINT('',(309.17314213473,4.489495212851,
    13.577088912392));
#773 = CARTESIAN_POINT('',(308.99315319536,4.375763443226,
    13.614220853519));
#774 = CARTESIAN_POINT('',(308.89542111054,4.310313144259,
    13.635208513296));
#775 = CARTESIAN_POINT('',(308.7988579268,4.241826082614,13.656740731933
    ));
#776 = CARTESIAN_POINT('',(308.70354670254,4.170266438081,
    13.678757190946));
#777 = CARTESIAN_POINT('',(308.60957791414,4.09559499013,13.701192563115
    ));
#778 = CARTESIAN_POINT('',(308.40707171853,3.925266621848,
    13.751057123679));
#779 = CARTESIAN_POINT('',(308.29913161611,3.828309924519,
    13.778629422755));
#780 = CARTESIAN_POINT('',(308.19339152592,3.726824718348,
    13.806575682233));
#781 = CARTESIAN_POINT('',(308.09003997347,3.620736925588,
    13.834765026667));
#782 = CARTESIAN_POINT('',(307.98929165384,3.509972732685,
    13.863052754832));
#783 = CARTESIAN_POINT('',(307.7738231235,3.255748145115,13.92517481017)
  );
#784 = CARTESIAN_POINT('',(307.66033270311,3.110156653668,13.95899002805
    ));
#785 = CARTESIAN_POINT('',(307.55137715777,2.957596260036,
    13.992438573553));
#786 = CARTESIAN_POINT('',(307.44747247841,2.798005630828,
    14.025199921091));
#787 = CARTESIAN_POINT('',(307.34919076497,2.631351132376,
    14.056923187194));
#788 = CARTESIAN_POINT('',(307.14675694773,2.249218668656,
    14.123589195726));
#789 = CARTESIAN_POINT('',(307.04517009619,2.030293636111,
    14.157969874399));
#790 = CARTESIAN_POINT('',(306.9539284864,1.801510474034,14.189580798492
    ));
#791 = CARTESIAN_POINT('',(306.87441602209,1.563663679267,
    14.217639383857));
#792 = CARTESIAN_POINT('',(306.80788750892,1.317683252044,
    14.241422050893));
#793 = CARTESIAN_POINT('',(306.68420849248,0.720459871325,
    14.286009000252));
#794 = CARTESIAN_POINT('',(306.63912659595,0.363525184416,
    14.302633161385));
#795 = CARTESIAN_POINT('',(306.6237267113,1.074695887837E-13,
    14.30841345534));
#796 = CARTESIAN_POINT('',(306.63912659595,-0.363525184416,
    14.302633161385));
#797 = CARTESIAN_POINT('',(306.68420849248,-0.720459871325,
    14.286009000252));
#798 = CARTESIAN_POINT('',(306.80759936329,-1.316291849396,
    14.241525928942));
#799 = CARTESIAN_POINT('',(306.87368735385,-1.560970684353,
    14.21789986334));
#800 = CARTESIAN_POINT('',(306.95262688488,-1.797615311516,
    14.190040099247));
#801 = CARTESIAN_POINT('',(307.04318241774,-2.025302349667,
    14.158658601538));
#802 = CARTESIAN_POINT('',(307.14398896135,-2.243241159118,
    14.124526291006));
#803 = CARTESIAN_POINT('',(307.34416384772,-2.622461971158,
    14.058558298883));
#804 = CARTESIAN_POINT('',(307.44089790012,-2.787265719762,
    14.027302913672));
#805 = CARTESIAN_POINT('',(307.54313313866,-2.945188661708,
    13.995022091432));
#806 = CARTESIAN_POINT('',(307.65031686799,-3.096260599416,
    13.96205440997));
#807 = CARTESIAN_POINT('',(307.76194935746,-3.240538110783,
    13.928709755946));
#808 = CARTESIAN_POINT('',(307.97282848079,-3.491414177539,
    13.867718817622));
#809 = CARTESIAN_POINT('',(308.07080690044,-3.600192523992,
    13.840099283221));
#810 = CARTESIAN_POINT('',(308.17129143792,-3.704506039157,
    13.812556307544));
#811 = CARTESIAN_POINT('',(308.2740797912,-3.804423053,13.785226064798)
  );
#812 = CARTESIAN_POINT('',(308.3789939718,-3.900012693314,
    13.758231983693));
#813 = CARTESIAN_POINT('',(308.57915648959,-4.071047484103,
    13.708517848097));
#814 = CARTESIAN_POINT('',(308.67393246055,-4.147506184893,
    13.685691900685));
#815 = CARTESIAN_POINT('',(308.77010492333,-4.220765720321,
    13.66328091165));
#816 = CARTESIAN_POINT('',(308.86757861369,-4.290867316482,
    13.641353553443));
#817 = CARTESIAN_POINT('',(308.9662662974,-4.357848693339,
    13.619973164523));
#818 = CARTESIAN_POINT('',(309.14772578097,-4.47399910281,13.58220715853
    ));
#819 = CARTESIAN_POINT('',(309.23012115324,-4.524189919806,
    13.565621347986));
#820 = CARTESIAN_POINT('',(309.31323111652,-4.572335007452,
    13.549472194486));
#821 = CARTESIAN_POINT('',(309.39701388963,-4.618451110534,
    13.533789591009));
#822 = CARTESIAN_POINT('',(309.48142968075,-4.662553226875,
    13.518601446746));
#823 = CARTESIAN_POINT('',(309.63996941138,-4.741069430562,
    13.491247075199));
#824 = CARTESIAN_POINT('',(309.71394324328,-4.775987486346,
    13.478949792907));
#825 = CARTESIAN_POINT('',(309.78833760371,-4.809417328406,
    13.467058647432));
#826 = CARTESIAN_POINT('',(309.86312852452,-4.841366649593,
    13.455589396993));
#827 = CARTESIAN_POINT('',(309.93829264887,-4.871842281898,
    13.444556750827));
#828 = CARTESIAN_POINT('',(310.31811565926,-5.017746199864,
    13.391329520718));
#829 = CARTESIAN_POINT('',(310.62822113449,-5.110848737555,
    13.355981716226));
#830 = CARTESIAN_POINT('',(310.94249571118,-5.180466147944,
    13.328854368627));
#831 = CARTESIAN_POINT('',(311.25950390113,-5.226814593219,
    13.31056085886));
#832 = CARTESIAN_POINT('',(311.57791295423,-5.25,13.301409699727));
#833 = CARTESIAN_POINT('',(312.21130676323,-5.25,13.301409699727));
#834 = CARTESIAN_POINT('',(312.52613359913,-5.227333841147,
    13.310355910637));
#835 = CARTESIAN_POINT('',(312.83960628533,-5.18202246064,
    13.328240106882));
#836 = CARTESIAN_POINT('',(313.15043509342,-5.113965013836,
    13.354767245907));
#837 = CARTESIAN_POINT('',(313.45723341528,-5.022955740748,
    13.389350748264));
#838 = CARTESIAN_POINT('',(313.83356052779,-4.880202609276,
    13.441523095244));
#839 = CARTESIAN_POINT('',(313.9083457523,-4.850255788395,13.45238557597
    ));
#840 = CARTESIAN_POINT('',(313.98276665079,-4.818854612785,
    13.463681950019));
#841 = CARTESIAN_POINT('',(314.05680037104,-4.78599249259,
    13.475397924814));
#842 = CARTESIAN_POINT('',(314.13042348197,-4.751662005202,
    13.487518185074));
#843 = CARTESIAN_POINT('',(314.28805526679,-4.674541429051,
    13.514458091411));
#844 = CARTESIAN_POINT('',(314.37191977009,-4.631262277183,
    13.529406195574));
#845 = CARTESIAN_POINT('',(314.45516877902,-4.586004732598,
    13.544845657137));
#846 = CARTESIAN_POINT('',(314.53776371858,-4.538754403397,
    13.560749518452));
#847 = CARTESIAN_POINT('',(314.61966414328,-4.489495212851,
    13.577088912392));
#848 = CARTESIAN_POINT('',(314.79965308265,-4.375763443226,
    13.614220853519));
#849 = CARTESIAN_POINT('',(314.89738516747,-4.310313144259,
    13.635208513296));
#850 = CARTESIAN_POINT('',(314.99394835121,-4.241826082614,
    13.656740731933));
#851 = CARTESIAN_POINT('',(315.08925957547,-4.170266438081,
    13.678757190946));
#852 = CARTESIAN_POINT('',(315.18322836387,-4.09559499013,
    13.701192563115));
#853 = CARTESIAN_POINT('',(315.38573455967,-3.925266621692,
    13.751057123725));
#854 = CARTESIAN_POINT('',(315.49367466186,-3.828309924523,
    13.77862942275));
#855 = CARTESIAN_POINT('',(315.59941475192,-3.726824718513,
    13.806575682189));
#856 = CARTESIAN_POINT('',(315.70276630448,-3.620736925673,
    13.834765026648));
#857 = CARTESIAN_POINT('',(315.80351462432,-3.509972732512,
    13.863052754874));
#858 = CARTESIAN_POINT('',(316.01898315451,-3.255748145115,
    13.92517481017));
#859 = CARTESIAN_POINT('',(316.1324735749,-3.110156653668,13.95899002805
    ));
#860 = CARTESIAN_POINT('',(316.24142912024,-2.957596260036,
    13.992438573553));
#861 = CARTESIAN_POINT('',(316.3453337996,-2.798005630828,
    14.025199921091));
#862 = CARTESIAN_POINT('',(316.44361551304,-2.631351132376,
    14.056923187194));
#863 = CARTESIAN_POINT('',(316.72044866796,-2.108775719972,
    14.148090570783));
#864 = CARTESIAN_POINT('',(316.88220402296,-1.727335204134,
    14.203953185244));
#865 = CARTESIAN_POINT('',(317.01125836845,-1.31849927218,
    14.250381811843));
#866 = CARTESIAN_POINT('',(317.10076664774,-0.889061437005,
    14.283245933887));
#867 = CARTESIAN_POINT('',(317.146403139,-0.44683064964,14.3));
#868 = CARTESIAN_POINT('',(317.146403139,0.,14.3));
#869 = PCURVE('',#33,#870);
#870 = DEFINITIONAL_REPRESENTATION('',(#871),#1019);
#871 = B_SPLINE_CURVE_WITH_KNOTS('',6,(#872,#873,#874,#875,#876,#877,
    #878,#879,#880,#881,#882,#883,#884,#885,#886,#887,#888,#889,#890,
    #891,#892,#893,#894,#895,#896,#897,#898,#899,#900,#901,#902,#903,
    #904,#905,#906,#907,#908,#909,#910,#911,#912,#913,#914,#915,#916,
    #917,#918,#919,#920,#921,#922,#923,#924,#925,#926,#927,#928,#929,
    #930,#931,#932,#933,#934,#935,#936,#937,#938,#939,#940,#941,#942,
    #943,#944,#945,#946,#947,#948,#949,#950,#951,#952,#953,#954,#955,
    #956,#957,#958,#959,#960,#961,#962,#963,#964,#965,#966,#967,#968,
    #969,#970,#971,#972,#973,#974,#975,#976,#977,#978,#979,#980,#981,
    #982,#983,#984,#985,#986,#987,#988,#989,#990,#991,#992,#993,#994,
    #995,#996,#997,#998,#999,#1000,#1001,#1002,#1003,#1004,#1005,#1006,
    #1007,#1008,#1009,#1010,#1011,#1012,#1013,#1014,#1015,#1016,#1017,
    #1018),.UNSPECIFIED.,.T.,.F.,(7,5,5,5,5,5,5,5,5,5,5,5,5,5,5,5,5,5,5,
    5,5,5,5,5,5,5,5,5,5,7),(0.,3.940693625877E-02,9.816442233312E-02,
    0.124837142482,0.1481135475,0.167149502757,0.183614306,
    0.249964115755,0.315566751559,0.33192980037,0.350809130917,
    0.373796732527,0.401119401283,0.433928731236,0.473288881594,
    0.526822651706,0.565966379112,0.598348733325,0.625021637222,
    0.64829820259,0.667334288985,0.683799205654,0.750149475404,
    0.815752565895,0.832115727434,0.850995188042,0.873982948016,
    0.901305805047,0.934115361131,1.),.UNSPECIFIED.);
#872 = CARTESIAN_POINT('',(3.14159265359,261.146403139));
#873 = CARTESIAN_POINT('',(3.122999017283,261.146403139));
#874 = CARTESIAN_POINT('',(3.104438233133,261.13024379779));
#875 = CARTESIAN_POINT('',(3.086057414176,261.09803243242));
#876 = CARTESIAN_POINT('',(3.068002126324,261.05042125278));
#877 = CARTESIAN_POINT('',(3.050414613319,260.98859941769));
#878 = CARTESIAN_POINT('',(3.008105207971,260.80355729907));
#879 = CARTESIAN_POINT('',(2.984138903822,260.6651738812));
#880 = CARTESIAN_POINT('',(2.9616111295,260.50344325519));
#881 = CARTESIAN_POINT('',(2.94057706958,260.32221719067));
#882 = CARTESIAN_POINT('',(2.921071285928,260.12504074468));
#883 = CARTESIAN_POINT('',(2.894952785298,259.81997779722));
#884 = CARTESIAN_POINT('',(2.88710492356,259.72199937757));
#885 = CARTESIAN_POINT('',(2.879560774752,259.62151484009));
#886 = CARTESIAN_POINT('',(2.872317298903,259.51872648681));
#887 = CARTESIAN_POINT('',(2.865371468306,259.41381230621));
#888 = CARTESIAN_POINT('',(2.852915983496,259.21364978842));
#889 = CARTESIAN_POINT('',(2.847336178597,259.11887381746));
#890 = CARTESIAN_POINT('',(2.841978960877,259.02270135468));
#891 = CARTESIAN_POINT('',(2.836842672552,258.92522766432));
#892 = CARTESIAN_POINT('',(2.831925890003,258.82653998061));
#893 = CARTESIAN_POINT('',(2.823384914895,258.64508049704));
#894 = CARTESIAN_POINT('',(2.819688433844,258.56268512477));
#895 = CARTESIAN_POINT('',(2.816137343298,258.47957516149));
#896 = CARTESIAN_POINT('',(2.812731108998,258.39579238838));
#897 = CARTESIAN_POINT('',(2.80946929975,258.31137659726));
#898 = CARTESIAN_POINT('',(2.803654978864,258.15283686663));
#899 = CARTESIAN_POINT('',(2.801066169099,258.07886303473));
#900 = CARTESIAN_POINT('',(2.79858494663,258.0044686743));
#901 = CARTESIAN_POINT('',(2.796211143405,257.92967775349));
#902 = CARTESIAN_POINT('',(2.793944634831,257.85451362914));
#903 = CARTESIAN_POINT('',(2.783083819645,257.47469063212));
#904 = CARTESIAN_POINT('',(2.776120248291,257.16458512173));
#905 = CARTESIAN_POINT('',(2.770895530753,256.850310567));
#906 = CARTESIAN_POINT('',(2.767410929635,256.53330239874));
#907 = CARTESIAN_POINT('',(2.765667895143,256.21489331004));
#908 = CARTESIAN_POINT('',(2.765667895143,255.58149952776));
#909 = CARTESIAN_POINT('',(2.767371895378,255.26667265826));
#910 = CARTESIAN_POINT('',(2.770778522062,254.95319999251));
#911 = CARTESIAN_POINT('',(2.775886367799,254.64237120514));
#912 = CARTESIAN_POINT('',(2.782694153572,254.33557285013));
#913 = CARTESIAN_POINT('',(2.793322698071,253.95924575022));
#914 = CARTESIAN_POINT('',(2.795550385345,253.88446052571));
#915 = CARTESIAN_POINT('',(2.797884027535,253.81003962721));
#916 = CARTESIAN_POINT('',(2.800323741279,253.73600590697));
#917 = CARTESIAN_POINT('',(2.802869684856,253.66238279604));
#918 = CARTESIAN_POINT('',(2.808582308958,253.50475101122));
#919 = CARTESIAN_POINT('',(2.811784241131,253.42088650792));
#920 = CARTESIAN_POINT('',(2.815128162791,253.33763749899));
#921 = CARTESIAN_POINT('',(2.818614480807,253.25504255943));
#922 = CARTESIAN_POINT('',(2.822243700823,253.17314213473));
#923 = CARTESIAN_POINT('',(2.830610124708,252.99315319536));
#924 = CARTESIAN_POINT('',(2.835416566287,252.89542111054));
#925 = CARTESIAN_POINT('',(2.840436864278,252.7988579268));
#926 = CARTESIAN_POINT('',(2.845672356475,252.70354670254));
#927 = CARTESIAN_POINT('',(2.851124606195,252.60957791414));
#928 = CARTESIAN_POINT('',(2.863535613175,252.40707171853));
#929 = CARTESIAN_POINT('',(2.870584419828,252.29913161611));
#930 = CARTESIAN_POINT('',(2.877945049598,252.19339152592));
#931 = CARTESIAN_POINT('',(2.885620701876,252.09003997347));
#932 = CARTESIAN_POINT('',(2.893614628239,251.98929165384));
#933 = CARTESIAN_POINT('',(2.911915648286,251.7738231235));
#934 = CARTESIAN_POINT('',(2.922367193242,251.66033270311));
#935 = CARTESIAN_POINT('',(2.933287851681,251.55137715777));
#936 = CARTESIAN_POINT('',(2.944679095042,251.44747247841));
#937 = CARTESIAN_POINT('',(2.956541114633,251.34919076497));
#938 = CARTESIAN_POINT('',(2.983667274186,251.14675694773));
#939 = CARTESIAN_POINT('',(2.999162145495,251.04517009619));
#940 = CARTESIAN_POINT('',(3.015308605129,250.9539284864));
#941 = CARTESIAN_POINT('',(3.03205128825,250.87441602209));
#942 = CARTESIAN_POINT('',(3.049328776076,250.80788750892));
#943 = CARTESIAN_POINT('',(3.091208876325,250.68420849248));
#944 = CARTESIAN_POINT('',(3.116186663867,250.63912659595));
#945 = CARTESIAN_POINT('',(3.14159265359,250.6237267113));
#946 = CARTESIAN_POINT('',(3.166998643313,250.63912659595));
#947 = CARTESIAN_POINT('',(3.191976430854,250.68420849248));
#948 = CARTESIAN_POINT('',(3.233758959434,250.80759936329));
#949 = CARTESIAN_POINT('',(3.250944865556,250.87368735385));
#950 = CARTESIAN_POINT('',(3.267602511263,250.95262688488));
#951 = CARTESIAN_POINT('',(3.283670905325,251.04318241774));
#952 = CARTESIAN_POINT('',(3.299094980782,251.14398896135));
#953 = CARTESIAN_POINT('',(3.326012172062,251.34416384772));
#954 = CARTESIAN_POINT('',(3.337740985769,251.44089790012));
#955 = CARTESIAN_POINT('',(3.349011289913,251.54313313866));
#956 = CARTESIAN_POINT('',(3.359823115933,251.65031686799));
#957 = CARTESIAN_POINT('',(3.370177734955,251.76194935746));
#958 = CARTESIAN_POINT('',(3.388232521882,251.97282848079));
#959 = CARTESIAN_POINT('',(3.39608038362,252.07080690044));
#960 = CARTESIAN_POINT('',(3.403624532427,252.17129143792));
#961 = CARTESIAN_POINT('',(3.410868008276,252.2740797912));
#962 = CARTESIAN_POINT('',(3.417813838874,252.3789939718));
#963 = CARTESIAN_POINT('',(3.430269323684,252.57915648959));
#964 = CARTESIAN_POINT('',(3.435849128583,252.67393246055));
#965 = CARTESIAN_POINT('',(3.441206346303,252.77010492333));
#966 = CARTESIAN_POINT('',(3.446342634628,252.86757861369));
#967 = CARTESIAN_POINT('',(3.451259417176,252.9662662974));
#968 = CARTESIAN_POINT('',(3.459800392285,253.14772578097));
#969 = CARTESIAN_POINT('',(3.463496873335,253.23012115324));
#970 = CARTESIAN_POINT('',(3.467047963882,253.31323111652));
#971 = CARTESIAN_POINT('',(3.470454198182,253.39701388963));
#972 = CARTESIAN_POINT('',(3.473716007429,253.48142968075));
#973 = CARTESIAN_POINT('',(3.479530328316,253.63996941138));
#974 = CARTESIAN_POINT('',(3.48211913808,253.71394324328));
#975 = CARTESIAN_POINT('',(3.48460036055,253.78833760371));
#976 = CARTESIAN_POINT('',(3.486974163774,253.86312852452));
#977 = CARTESIAN_POINT('',(3.489240672349,253.93829264887));
#978 = CARTESIAN_POINT('',(3.500101487916,254.31811565926));
#979 = CARTESIAN_POINT('',(3.507065058542,254.62822113449));
#980 = CARTESIAN_POINT('',(3.512289776249,254.94249571118));
#981 = CARTESIAN_POINT('',(3.515774377808,255.25950390113));
#982 = CARTESIAN_POINT('',(3.517517412037,255.57791295423));
#983 = CARTESIAN_POINT('',(3.517517412037,256.21130676323));
#984 = CARTESIAN_POINT('',(3.515813412046,256.52613359913));
#985 = CARTESIAN_POINT('',(3.512406784953,256.83960628533));
#986 = CARTESIAN_POINT('',(3.507298939058,257.15043509342));
#987 = CARTESIAN_POINT('',(3.500491153964,257.45723341528));
#988 = CARTESIAN_POINT('',(3.489862609108,257.83356052779));
#989 = CARTESIAN_POINT('',(3.487634921835,257.9083457523));
#990 = CARTESIAN_POINT('',(3.485301279645,257.98276665079));
#991 = CARTESIAN_POINT('',(3.482861565901,258.05680037104));
#992 = CARTESIAN_POINT('',(3.480315622324,258.13042348197));
#993 = CARTESIAN_POINT('',(3.474602998222,258.28805526679));
#994 = CARTESIAN_POINT('',(3.471401066049,258.37191977009));
#995 = CARTESIAN_POINT('',(3.468057144388,258.45516877902));
#996 = CARTESIAN_POINT('',(3.464570826373,258.53776371858));
#997 = CARTESIAN_POINT('',(3.460941606356,258.61966414328));
#998 = CARTESIAN_POINT('',(3.452575182471,258.79965308265));
#999 = CARTESIAN_POINT('',(3.447768740892,258.89738516747));
#1000 = CARTESIAN_POINT('',(3.442748442902,258.99394835121));
#1001 = CARTESIAN_POINT('',(3.437512950705,259.08925957547));
#1002 = CARTESIAN_POINT('',(3.432060700984,259.18322836387));
#1003 = CARTESIAN_POINT('',(3.419649693993,259.38573455967));
#1004 = CARTESIAN_POINT('',(3.412600887352,259.49367466186));
#1005 = CARTESIAN_POINT('',(3.405240257593,259.59941475192));
#1006 = CARTESIAN_POINT('',(3.39756460531,259.70276630448));
#1007 = CARTESIAN_POINT('',(3.389570678928,259.80351462432));
#1008 = CARTESIAN_POINT('',(3.371269658893,260.01898315451));
#1009 = CARTESIAN_POINT('',(3.360818113938,260.1324735749));
#1010 = CARTESIAN_POINT('',(3.349897455498,260.24142912024));
#1011 = CARTESIAN_POINT('',(3.338506212138,260.3453337996));
#1012 = CARTESIAN_POINT('',(3.326644192546,260.44361551304));
#1013 = CARTESIAN_POINT('',(3.289548511438,260.72044866796));
#1014 = CARTESIAN_POINT('',(3.262599820316,260.88220402296));
#1015 = CARTESIAN_POINT('',(3.23385013319,261.01125836845));
#1016 = CARTESIAN_POINT('',(3.203764826073,261.10076664774));
#1017 = CARTESIAN_POINT('',(3.172839552166,261.146403139));
#1018 = CARTESIAN_POINT('',(3.14159265359,261.146403139));
#1019 = ( GEOMETRIC_REPRESENTATION_CONTEXT(2) 
PARAMETRIC_REPRESENTATION_CONTEXT() REPRESENTATION_CONTEXT('2D SPACE',''
  ) );
#1020 = PCURVE('',#1021,#1026);
#1021 = CYLINDRICAL_SURFACE('',#1022,5.25);
#1022 = AXIS2_PLACEMENT_3D('',#1023,#1024,#1025);
#1023 = CARTESIAN_POINT('',(311.896403139,0.,6.));
#1024 = DIRECTION('',(0.,0.,1.));
#1025 = DIRECTION('',(1.,0.,-0.));
#1026 = DEFINITIONAL_REPRESENTATION('',(#1027),#1175);
#1027 = B_SPLINE_CURVE_WITH_KNOTS('',6,(#1028,#1029,#1030,#1031,#1032,
    #1033,#1034,#1035,#1036,#1037,#1038,#1039,#1040,#1041,#1042,#1043,
    #1044,#1045,#1046,#1047,#1048,#1049,#1050,#1051,#1052,#1053,#1054,
    #1055,#1056,#1057,#1058,#1059,#1060,#1061,#1062,#1063,#1064,#1065,
    #1066,#1067,#1068,#1069,#1070,#1071,#1072,#1073,#1074,#1075,#1076,
    #1077,#1078,#1079,#1080,#1081,#1082,#1083,#1084,#1085,#1086,#1087,
    #1088,#1089,#1090,#1091,#1092,#1093,#1094,#1095,#1096,#1097,#1098,
    #1099,#1100,#1101,#1102,#1103,#1104,#1105,#1106,#1107,#1108,#1109,
    #1110,#1111,#1112,#1113,#1114,#1115,#1116,#1117,#1118,#1119,#1120,
    #1121,#1122,#1123,#1124,#1125,#1126,#1127,#1128,#1129,#1130,#1131,
    #1132,#1133,#1134,#1135,#1136,#1137,#1138,#1139,#1140,#1141,#1142,
    #1143,#1144,#1145,#1146,#1147,#1148,#1149,#1150,#1151,#1152,#1153,
    #1154,#1155,#1156,#1157,#1158,#1159,#1160,#1161,#1162,#1163,#1164,
    #1165,#1166,#1167,#1168,#1169,#1170,#1171,#1172,#1173,#1174),
  .UNSPECIFIED.,.F.,.F.,(7,5,5,5,5,5,5,5,5,5,5,5,5,5,5,5,5,5,5,5,5,5,5,5
    ,5,5,5,5,5,7),(0.,3.940693625877E-02,9.816442233312E-02,
    0.124837142482,0.1481135475,0.167149502757,0.183614306,
    0.249964115755,0.315566751559,0.33192980037,0.350809130917,
    0.373796732527,0.401119401283,0.433928731236,0.473288881594,
    0.526822651706,0.565966379112,0.598348733325,0.625021637222,
    0.64829820259,0.667334288985,0.683799205654,0.750149475404,
    0.815752565895,0.832115727434,0.850995188042,0.873982948016,
    0.901305805047,0.934115361131,1.),.UNSPECIFIED.);
#1028 = CARTESIAN_POINT('',(0.,8.3));
#1029 = CARTESIAN_POINT('',(5.064552365442E-02,8.3));
#1030 = CARTESIAN_POINT('',(0.101201550936,8.294067398282));
#1031 = CARTESIAN_POINT('',(0.151469779856,8.282241437054));
#1032 = CARTESIAN_POINT('',(0.201252101172,8.264880574267));
#1033 = CARTESIAN_POINT('',(0.250331597723,8.242651875173));
#1034 = CARTESIAN_POINT('',(0.370199911035,8.177338350802));
#1035 = CARTESIAN_POINT('',(0.439763444734,8.129400045703));
#1036 = CARTESIAN_POINT('',(0.507327287326,8.074987693814));
#1037 = CARTESIAN_POINT('',(0.573007029878,8.016461617463));
#1038 = CARTESIAN_POINT('',(0.636883492974,7.955949815171));
#1039 = CARTESIAN_POINT('',(0.727189473941,7.867718817622));
#1040 = CARTESIAN_POINT('',(0.755058778648,7.840099283221));
#1041 = CARTESIAN_POINT('',(0.782624145909,7.812556307544));
#1042 = CARTESIAN_POINT('',(0.809906883183,7.785226064798));
#1043 = CARTESIAN_POINT('',(0.836927830059,7.758231983693));
#1044 = CARTESIAN_POINT('',(0.887076971143,7.708517848097));
#1045 = CARTESIAN_POINT('',(0.910262453563,7.685691900685));
#1046 = CARTESIAN_POINT('',(0.933277120704,7.66328091165));
#1047 = CARTESIAN_POINT('',(0.956133612709,7.641353553443));
#1048 = CARTESIAN_POINT('',(0.978843894675,7.619973164523));
#1049 = CARTESIAN_POINT('',(1.019881883512,7.58220715853));
#1050 = CARTESIAN_POINT('',(1.038254223137,7.565621347986));
#1051 = CARTESIAN_POINT('',(1.056542417247,7.549472194486));
#1052 = CARTESIAN_POINT('',(1.074752302093,7.533789591009));
#1053 = CARTESIAN_POINT('',(1.092889408456,7.518601446746));
#1054 = CARTESIAN_POINT('',(1.126587893011,7.491247075199));
#1055 = CARTESIAN_POINT('',(1.142166280384,7.478949792907));
#1056 = CARTESIAN_POINT('',(1.157697499408,7.467058647432));
#1057 = CARTESIAN_POINT('',(1.173184775514,7.455589396993));
#1058 = CARTESIAN_POINT('',(1.188631183928,7.444556750827));
#1059 = CARTESIAN_POINT('',(1.266132634043,7.391329522591));
#1060 = CARTESIAN_POINT('',(1.327631331325,7.355981714515));
#1061 = CARTESIAN_POINT('',(1.388697730467,7.328854367757));
#1062 = CARTESIAN_POINT('',(1.449482244076,7.310560860161));
#1063 = CARTESIAN_POINT('',(1.510131532312,7.301409699727));
#1064 = CARTESIAN_POINT('',(1.630777967033,7.301409699727));
#1065 = CARTESIAN_POINT('',(1.690744932821,7.31035591185));
#1066 = CARTESIAN_POINT('',(1.750842582054,7.328240106071));
#1067 = CARTESIAN_POINT('',(1.811212448652,7.35476724431));
#1068 = CARTESIAN_POINT('',(1.871999600151,7.389350750011));
#1069 = CARTESIAN_POINT('',(1.948664916035,7.441523095244));
#1070 = CARTESIAN_POINT('',(1.964006789404,7.45238557597));
#1071 = CARTESIAN_POINT('',(1.979388468224,7.463681950019));
#1072 = CARTESIAN_POINT('',(1.994812950679,7.475397924814));
#1073 = CARTESIAN_POINT('',(2.01028338032,7.487518185074));
#1074 = CARTESIAN_POINT('',(2.043709299549,7.514458091411));
#1075 = CARTESIAN_POINT('',(2.06168108795,7.529406195574));
#1076 = CARTESIAN_POINT('',(2.079723470566,7.544845657137));
#1077 = CARTESIAN_POINT('',(2.097841800973,7.560749518452));
#1078 = CARTESIAN_POINT('',(2.11604172703,7.577088912392));
#1079 = CARTESIAN_POINT('',(2.156596131558,7.614220853519));
#1080 = CARTESIAN_POINT('',(2.178992787972,7.635208513296));
#1081 = CARTESIAN_POINT('',(2.201529941638,7.656740731933));
#1082 = CARTESIAN_POINT('',(2.224219021593,7.678757190946));
#1083 = CARTESIAN_POINT('',(2.247072104387,7.701192563115));
#1084 = CARTESIAN_POINT('',(2.297474750649,7.751057123679));
#1085 = CARTESIAN_POINT('',(2.325096673027,7.778629422755));
#1086 = CARTESIAN_POINT('',(2.352990063968,7.806575682233));
#1087 = CARTESIAN_POINT('',(2.381176760506,7.834765026667));
#1088 = CARTESIAN_POINT('',(2.409679198953,7.863052754832));
#1089 = CARTESIAN_POINT('',(2.473155751231,7.92517481017));
#1090 = CARTESIAN_POINT('',(2.508288054142,7.95899002805));
#1091 = CARTESIAN_POINT('',(2.543949358051,7.992438573553));
#1092 = CARTESIAN_POINT('',(2.580170377069,8.025199921091));
#1093 = CARTESIAN_POINT('',(2.616984562865,8.056923187194));
#1094 = CARTESIAN_POINT('',(2.699354156399,8.123589195726));
#1095 = CARTESIAN_POINT('',(2.745261001835,8.157969874399));
#1096 = CARTESIAN_POINT('',(2.792068095228,8.189580798492));
#1097 = CARTESIAN_POINT('',(2.839716683518,8.217639383857));
#1098 = CARTESIAN_POINT('',(2.888166430997,8.241422050893));
#1099 = CARTESIAN_POINT('',(3.004336962554,8.286009000252));
#1100 = CARTESIAN_POINT('',(3.072653215289,8.302633161385));
#1101 = CARTESIAN_POINT('',(3.14159265359,8.30841345534));
#1102 = CARTESIAN_POINT('',(3.21053209189,8.302633161385));
#1103 = CARTESIAN_POINT('',(3.278848344625,8.286009000252));
#1104 = CARTESIAN_POINT('',(3.394748223709,8.241525928942));
#1105 = CARTESIAN_POINT('',(3.442938178569,8.21789986334));
#1106 = CARTESIAN_POINT('',(3.490336900195,8.190040099247));
#1107 = CARTESIAN_POINT('',(3.53690331651,8.158658601538));
#1108 = CARTESIAN_POINT('',(3.582578174789,8.124526291006));
#1109 = CARTESIAN_POINT('',(3.664256357383,8.058558298883));
#1110 = CARTESIAN_POINT('',(3.700618647487,8.027302913672));
#1111 = CARTESIAN_POINT('',(3.736401960414,7.995022091432));
#1112 = CARTESIAN_POINT('',(3.771638246742,7.96205440997));
#1113 = CARTESIAN_POINT('',(3.806356827256,7.928709755946));
#1114 = CARTESIAN_POINT('',(3.86878212753,7.867718817622));
#1115 = CARTESIAN_POINT('',(3.896651432238,7.840099283221));
#1116 = CARTESIAN_POINT('',(3.924216799499,7.812556307544));
#1117 = CARTESIAN_POINT('',(3.951499536773,7.785226064798));
#1118 = CARTESIAN_POINT('',(3.978520483649,7.758231983693));
#1119 = CARTESIAN_POINT('',(4.028669624733,7.708517848097));
#1120 = CARTESIAN_POINT('',(4.051855107153,7.685691900685));
#1121 = CARTESIAN_POINT('',(4.074869774294,7.66328091165));
#1122 = CARTESIAN_POINT('',(4.097726266299,7.641353553443));
#1123 = CARTESIAN_POINT('',(4.120436548265,7.619973164523));
#1124 = CARTESIAN_POINT('',(4.161474537102,7.58220715853));
#1125 = CARTESIAN_POINT('',(4.179846876727,7.565621347986));
#1126 = CARTESIAN_POINT('',(4.198135070837,7.549472194486));
#1127 = CARTESIAN_POINT('',(4.216344955683,7.533789591009));
#1128 = CARTESIAN_POINT('',(4.234482062046,7.518601446746));
#1129 = CARTESIAN_POINT('',(4.268180546601,7.491247075199));
#1130 = CARTESIAN_POINT('',(4.283758933974,7.478949792907));
#1131 = CARTESIAN_POINT('',(4.299290152998,7.467058647432));
#1132 = CARTESIAN_POINT('',(4.314777429104,7.455589396993));
#1133 = CARTESIAN_POINT('',(4.330223837518,7.444556750827));
#1134 = CARTESIAN_POINT('',(4.407725290359,7.391329520718));
#1135 = CARTESIAN_POINT('',(4.469223980612,7.355981716226));
#1136 = CARTESIAN_POINT('',(4.530290384005,7.328854368627));
#1137 = CARTESIAN_POINT('',(4.591074901942,7.31056085886));
#1138 = CARTESIAN_POINT('',(4.651724183284,7.301409699727));
#1139 = CARTESIAN_POINT('',(4.772370623094,7.301409699727));
#1140 = CARTESIAN_POINT('',(4.832337582379,7.310355910637));
#1141 = CARTESIAN_POINT('',(4.892435235689,7.328240106882));
#1142 = CARTESIAN_POINT('',(4.952805106296,7.354767245907));
#1143 = CARTESIAN_POINT('',(5.013592251174,7.389350748264));
#1144 = CARTESIAN_POINT('',(5.090257569625,7.441523095244));
#1145 = CARTESIAN_POINT('',(5.105599442994,7.45238557597));
#1146 = CARTESIAN_POINT('',(5.120981121814,7.463681950019));
#1147 = CARTESIAN_POINT('',(5.136405604268,7.475397924814));
#1148 = CARTESIAN_POINT('',(5.15187603391,7.487518185074));
#1149 = CARTESIAN_POINT('',(5.185301953138,7.514458091411));
#1150 = CARTESIAN_POINT('',(5.203273741539,7.529406195574));
#1151 = CARTESIAN_POINT('',(5.221316124156,7.544845657137));
#1152 = CARTESIAN_POINT('',(5.239434454563,7.560749518452));
#1153 = CARTESIAN_POINT('',(5.257634380619,7.577088912392));
#1154 = CARTESIAN_POINT('',(5.298188785148,7.614220853519));
#1155 = CARTESIAN_POINT('',(5.320585441561,7.635208513296));
#1156 = CARTESIAN_POINT('',(5.343122595228,7.656740731933));
#1157 = CARTESIAN_POINT('',(5.365811675183,7.678757190946));
#1158 = CARTESIAN_POINT('',(5.388664757976,7.701192563115));
#1159 = CARTESIAN_POINT('',(5.439067404285,7.751057123725));
#1160 = CARTESIAN_POINT('',(5.466689326611,7.77862942275));
#1161 = CARTESIAN_POINT('',(5.494582717513,7.806575682189));
#1162 = CARTESIAN_POINT('',(5.522769414077,7.834765026648));
#1163 = CARTESIAN_POINT('',(5.551271852586,7.863052754874));
#1164 = CARTESIAN_POINT('',(5.61474840482,7.92517481017));
#1165 = CARTESIAN_POINT('',(5.649880707732,7.95899002805));
#1166 = CARTESIAN_POINT('',(5.685542011641,7.992438573553));
#1167 = CARTESIAN_POINT('',(5.721763030659,8.025199921091));
#1168 = CARTESIAN_POINT('',(5.758577216454,8.056923187194));
#1169 = CARTESIAN_POINT('',(5.87121963341,8.148090570783));
#1170 = CARTESIAN_POINT('',(5.949845576399,8.203953185244));
#1171 = CARTESIAN_POINT('',(6.030932461653,8.250381811843));
#1172 = CARTESIAN_POINT('',(6.113840350711,8.283245933887));
#1173 = CARTESIAN_POINT('',(6.198074707248,8.3));
#1174 = CARTESIAN_POINT('',(6.28318530718,8.3));
#1175 = ( GEOMETRIC_REPRESENTATION_CONTEXT(2) 
PARAMETRIC_REPRESENTATION_CONTEXT() REPRESENTATION_CONTEXT('2D SPACE',''
  ) );
#1176 = FACE_BOUND('',#1177,.T.);
#1177 = EDGE_LOOP('',(#1178));
#1178 = ORIENTED_EDGE('',*,*,#1179,.F.);
#1179 = EDGE_CURVE('',#1180,#1180,#1182,.T.);
#1180 = VERTEX_POINT('',#1181);
#1181 = CARTESIAN_POINT('',(373.80990370544,-1.347111479062E-15,14.3));
#1182 = SURFACE_CURVE('',#1183,(#1331,#1482),.PCURVE_S1.);
#1183 = B_SPLINE_CURVE_WITH_KNOTS('',6,(#1184,#1185,#1186,#1187,#1188,
    #1189,#1190,#1191,#1192,#1193,#1194,#1195,#1196,#1197,#1198,#1199,
    #1200,#1201,#1202,#1203,#1204,#1205,#1206,#1207,#1208,#1209,#1210,
    #1211,#1212,#1213,#1214,#1215,#1216,#1217,#1218,#1219,#1220,#1221,
    #1222,#1223,#1224,#1225,#1226,#1227,#1228,#1229,#1230,#1231,#1232,
    #1233,#1234,#1235,#1236,#1237,#1238,#1239,#1240,#1241,#1242,#1243,
    #1244,#1245,#1246,#1247,#1248,#1249,#1250,#1251,#1252,#1253,#1254,
    #1255,#1256,#1257,#1258,#1259,#1260,#1261,#1262,#1263,#1264,#1265,
    #1266,#1267,#1268,#1269,#1270,#1271,#1272,#1273,#1274,#1275,#1276,
    #1277,#1278,#1279,#1280,#1281,#1282,#1283,#1284,#1285,#1286,#1287,
    #1288,#1289,#1290,#1291,#1292,#1293,#1294,#1295,#1296,#1297,#1298,
    #1299,#1300,#1301,#1302,#1303,#1304,#1305,#1306,#1307,#1308,#1309,
    #1310,#1311,#1312,#1313,#1314,#1315,#1316,#1317,#1318,#1319,#1320,
    #1321,#1322,#1323,#1324,#1325,#1326,#1327,#1328,#1329,#1330),
  .UNSPECIFIED.,.T.,.F.,(7,5,5,5,5,5,5,5,5,5,5,5,5,5,5,5,5,5,5,5,5,5,5,5
    ,5,5,5,5,5,7),(0.,3.936169904134E-02,9.691892991748E-02,
    0.122654994696,0.144042356095,0.162276576502,0.17792191057,
    0.249240950375,0.309865556714,0.338789817232,0.35693699177,
    0.378173189657,0.40360430226,0.435727707077,0.473351577532,
    0.52680838348,0.56431040637,0.597113933138,0.622847368631,
    0.644232545023,0.66246490256,0.678108638247,0.749420387701,
    0.810038800359,0.838960107128,0.857105429293,0.878339459495,
    0.903767976216,0.935888102051,1.),.UNSPECIFIED.);
#1184 = CARTESIAN_POINT('',(373.80990370544,0.,14.3));
#1185 = CARTESIAN_POINT('',(373.80990370544,0.278670119759,14.3));
#1186 = CARTESIAN_POINT('',(373.79296031261,0.556825765089,
    14.293483333927));
#1187 = CARTESIAN_POINT('',(373.75919109198,0.83207089038,
    14.280495062295));
#1188 = CARTESIAN_POINT('',(373.70929186961,1.102034343851,
    14.261431617289));
#1189 = CARTESIAN_POINT('',(373.64452867928,1.36444793116,
    14.237029334077));
#1190 = CARTESIAN_POINT('',(373.45305460763,1.986844128176,
    14.166186540026));
#1191 = CARTESIAN_POINT('',(373.31160145689,2.335677348745,
    14.114793167988));
#1192 = CARTESIAN_POINT('',(373.1466662485,2.662467492892,
    14.056530418883));
#1193 = CARTESIAN_POINT('',(372.9620752603,2.966529528469,
    13.993829412597));
#1194 = CARTESIAN_POINT('',(372.76133945324,3.247618289002,
    13.928887732516));
#1195 = CARTESIAN_POINT('',(372.45221194297,3.621289258722,
    13.834393624426));
#1196 = CARTESIAN_POINT('',(372.35400147203,3.732319852553,
    13.805088620542));
#1197 = CARTESIAN_POINT('',(372.25330983064,3.838989435635,
    13.775823454935));
#1198 = CARTESIAN_POINT('',(372.15032885739,3.941364375764,
    13.746733962821));
#1199 = CARTESIAN_POINT('',(372.04522752673,4.03951169801,
    13.717943878027));
#1200 = CARTESIAN_POINT('',(371.84916926657,4.211605128649,
    13.665981083978));
#1201 = CARTESIAN_POINT('',(371.75882485697,4.286836916546,13.6426817614
    ));
#1202 = CARTESIAN_POINT('',(371.66720359574,4.359231860847,
    13.619731338106));
#1203 = CARTESIAN_POINT('',(371.57438401166,4.428824624591,
    13.597190130009));
#1204 = CARTESIAN_POINT('',(371.48043828666,4.495647121408,
    13.575114296091));
#1205 = CARTESIAN_POINT('',(371.30443297447,4.614362382817,
    13.53517574645));
#1206 = CARTESIAN_POINT('',(371.22266350622,4.667003631905,
    13.517171859043));
#1207 = CARTESIAN_POINT('',(371.1401649888,4.717670140092,
    13.499576526403));
#1208 = CARTESIAN_POINT('',(371.0569766594,4.766378132118,
    13.482420285963));
#1209 = CARTESIAN_POINT('',(370.97313585472,4.813142180163,
    13.465731862372));
#1210 = CARTESIAN_POINT('',(370.81621145355,4.896442855166,
    13.435643646064));
#1211 = CARTESIAN_POINT('',(370.74329079731,4.933488880439,
    13.422113369835));
#1212 = CARTESIAN_POINT('',(370.66993853584,4.969121417832,
    13.408964369968));
#1213 = CARTESIAN_POINT('',(370.59617659785,5.003347804031,
    13.396212755576));
#1214 = CARTESIAN_POINT('',(370.52202634706,5.036174574235,
    13.383873713723));
#1215 = CARTESIAN_POINT('',(370.10782037815,5.210893848719,
    13.317659890229));
#1216 = CARTESIAN_POINT('',(369.76031270037,5.325293195845,
    13.272198396809));
#1217 = CARTESIAN_POINT('',(369.40718840377,5.411193144517,
    13.236985539304));
#1218 = CARTESIAN_POINT('',(369.05035809579,5.468873992082,
    13.212968583614));
#1219 = CARTESIAN_POINT('',(368.69157504198,5.498473765397,
    13.200635924844));
#1220 = CARTESIAN_POINT('',(368.02739861827,5.501210964258,
    13.199495436685));
#1221 = CARTESIAN_POINT('',(367.72223155877,5.482148812038,
    13.207437605707));
#1222 = CARTESIAN_POINT('',(367.41816045568,5.442784825399,
    13.223849399881));
#1223 = CARTESIAN_POINT('',(367.11628453214,5.383056973549,
    13.248490193045));
#1224 = CARTESIAN_POINT('',(366.81776747446,5.302836143706,
    13.280875786476));
#1225 = CARTESIAN_POINT('',(366.38368604792,5.15380065383,
    13.339078286959));
#1226 = CARTESIAN_POINT('',(366.24452353323,5.100951846573,
    13.359476555184));
#1227 = CARTESIAN_POINT('',(366.10652372683,5.043363405864,
    13.381398531828));
#1228 = CARTESIAN_POINT('',(365.96981477423,4.98099981824,
    13.404757318849));
#1229 = CARTESIAN_POINT('',(365.83453593044,4.913819307128,
    13.429454287574));
#1230 = CARTESIAN_POINT('',(365.61695477016,4.796572269414,
    13.47164437645));
#1231 = CARTESIAN_POINT('',(365.5336918513,4.749454376604,
    13.488393408594));
#1232 = CARTESIAN_POINT('',(365.4510839974,4.700407125465,
    13.505599331172));
#1233 = CARTESIAN_POINT('',(365.36916833029,4.649415861202,
    13.523233508218));
#1234 = CARTESIAN_POINT('',(365.28798389966,4.596464303175,
    13.541265511762));
#1235 = CARTESIAN_POINT('',(365.11347164875,4.477254608971,
    13.581192384535));
#1236 = CARTESIAN_POINT('',(365.02042980608,4.410265945753,
    13.603222126992));
#1237 = CARTESIAN_POINT('',(364.92851129335,4.340539540602,
    13.625700911233));
#1238 = CARTESIAN_POINT('',(364.83778757089,4.268043754529,
    13.648573209119));
#1239 = CARTESIAN_POINT('',(364.74833642098,4.192744324202,
    13.671779402331));
#1240 = CARTESIAN_POINT('',(364.55474564023,4.021028939939,
    13.723369593878));
#1241 = CARTESIAN_POINT('',(364.45119728329,3.923381889225,
    13.751870099865));
#1242 = CARTESIAN_POINT('',(364.3497396691,3.821597455935,
    13.780648544163));
#1243 = CARTESIAN_POINT('',(364.25053770943,3.715610844498,
    13.809584508496));
#1244 = CARTESIAN_POINT('',(364.15377843578,3.605358217635,
    13.838545912488));
#1245 = CARTESIAN_POINT('',(363.94079883967,3.346042620034,
    13.903822284573));
#1246 = CARTESIAN_POINT('',(363.82612883777,3.19436649786,
    13.940075456412));
#1247 = CARTESIAN_POINT('',(363.7161274899,3.035663690678,13.97584600548
    ));
#1248 = CARTESIAN_POINT('',(363.61131523317,2.869876574089,
    14.010797551682));
#1249 = CARTESIAN_POINT('',(363.51226761215,2.696975635488,
    14.044563498348));
#1250 = CARTESIAN_POINT('',(363.31110069189,2.306121667187,
    14.114449230517));
#1251 = CARTESIAN_POINT('',(363.21120150538,2.085215553031,
    14.150037203681));
#1252 = CARTESIAN_POINT('',(363.12133450343,1.854873045025,
    14.182748665106));
#1253 = CARTESIAN_POINT('',(363.04278289294,1.615845082293,
    14.211831929279));
#1254 = CARTESIAN_POINT('',(362.97671107456,1.369001553638,
    14.236592913595));
#1255 = CARTESIAN_POINT('',(362.84953847356,0.754908291194,
    14.284635537622));
#1256 = CARTESIAN_POINT('',(362.80228026293,0.380947929351,
    14.30289047996));
#1257 = CARTESIAN_POINT('',(362.78613054771,5.107025913276E-13,
    14.309239107332));
#1258 = CARTESIAN_POINT('',(362.80228026293,-0.380947929352,
    14.30289047996));
#1259 = CARTESIAN_POINT('',(362.84953847356,-0.754908291193,
    14.284635537622));
#1260 = CARTESIAN_POINT('',(362.97654094329,-1.368180020777,
    14.236657184931));
#1261 = CARTESIAN_POINT('',(363.0423579509,-1.614260103185,
    14.211991170696));
#1262 = CARTESIAN_POINT('',(363.12058164876,-1.852583688124,
    14.183027370349));
#1263 = CARTESIAN_POINT('',(363.2100573339,-2.082280464317,
    14.150453701981));
#1264 = CARTESIAN_POINT('',(363.30950976459,-2.302597797006,
    14.115016136636));
#1265 = CARTESIAN_POINT('',(363.51201620508,-2.696857991808,
    14.044638658272));
#1266 = CARTESIAN_POINT('',(363.61318146905,-2.873394358254,
    14.010149481253));
#1267 = CARTESIAN_POINT('',(363.7203523643,-3.042512231951,
    13.974427062981));
#1268 = CARTESIAN_POINT('',(363.83291716776,-3.204244280481,
    13.937861284567));
#1269 = CARTESIAN_POINT('',(363.95032426816,-3.358653494494,
    13.900809092322));
#1270 = CARTESIAN_POINT('',(364.16759546792,-3.621289258722,
    13.834393624426));
#1271 = CARTESIAN_POINT('',(364.26580593885,-3.732319852553,
    13.805088620542));
#1272 = CARTESIAN_POINT('',(364.36649758024,-3.838989435635,
    13.775823454935));
#1273 = CARTESIAN_POINT('',(364.4694785535,-3.941364375764,
    13.746733962821));
#1274 = CARTESIAN_POINT('',(364.57457988416,-4.03951169801,
    13.717943878027));
#1275 = CARTESIAN_POINT('',(364.77063814431,-4.211605128649,
    13.665981083978));
#1276 = CARTESIAN_POINT('',(364.86098255392,-4.286836916546,
    13.6426817614));
#1277 = CARTESIAN_POINT('',(364.95260381514,-4.359231860847,
    13.619731338106));
#1278 = CARTESIAN_POINT('',(365.04542339923,-4.428824624591,
    13.597190130009));
#1279 = CARTESIAN_POINT('',(365.13936912422,-4.495647121408,
    13.575114296091));
#1280 = CARTESIAN_POINT('',(365.31537443641,-4.614362382817,
    13.53517574645));
#1281 = CARTESIAN_POINT('',(365.39714390466,-4.667003631905,
    13.517171859043));
#1282 = CARTESIAN_POINT('',(365.47964242208,-4.717670140092,
    13.499576526403));
#1283 = CARTESIAN_POINT('',(365.56283075148,-4.766378132118,
    13.482420285963));
#1284 = CARTESIAN_POINT('',(365.64667155617,-4.813142180163,
    13.465731862372));
#1285 = CARTESIAN_POINT('',(365.80359595733,-4.896442855166,
    13.435643646064));
#1286 = CARTESIAN_POINT('',(365.87651661358,-4.933488880439,
    13.422113369835));
#1287 = CARTESIAN_POINT('',(365.94986887504,-4.969121417832,
    13.408964369968));
#1288 = CARTESIAN_POINT('',(366.02363081304,-5.003347804031,
    13.396212755576));
#1289 = CARTESIAN_POINT('',(366.09778106383,-5.036174574235,
    13.383873713723));
#1290 = CARTESIAN_POINT('',(366.51198701296,-5.210893840377,
    13.31765989339));
#1291 = CARTESIAN_POINT('',(366.85949474293,-5.325293203459,
    13.272198393891));
#1292 = CARTESIAN_POINT('',(367.21261900678,-5.41119314835,
    13.236985537852));
#1293 = CARTESIAN_POINT('',(367.56944928253,-5.468873986275,
    13.212968585846));
#1294 = CARTESIAN_POINT('',(367.92823238944,-5.498473765482,
    13.200635924808));
#1295 = CARTESIAN_POINT('',(368.59240879262,-5.501210964258,
    13.199495436685));
#1296 = CARTESIAN_POINT('',(368.89757585211,-5.482148812038,
    13.207437605707));
#1297 = CARTESIAN_POINT('',(369.20164695521,-5.442784825399,
    13.223849399881));
#1298 = CARTESIAN_POINT('',(369.50352287875,-5.383056973549,
    13.248490193045));
#1299 = CARTESIAN_POINT('',(369.80203993643,-5.302836143706,
    13.280875786476));
#1300 = CARTESIAN_POINT('',(370.23612136919,-5.153800651694,
    13.339078287793));
#1301 = CARTESIAN_POINT('',(370.3752838761,-5.100951847734,
    13.359476554783));
#1302 = CARTESIAN_POINT('',(370.51328367792,-5.043363408553,
    13.381398530825));
#1303 = CARTESIAN_POINT('',(370.64999263494,-4.980999818511,
    13.404757318715));
#1304 = CARTESIAN_POINT('',(370.78527148648,-4.913819303879,
    13.429454288744));
#1305 = CARTESIAN_POINT('',(371.00285264073,-4.796572269414,
    13.47164437645));
#1306 = CARTESIAN_POINT('',(371.08611555958,-4.749454376604,
    13.488393408594));
#1307 = CARTESIAN_POINT('',(371.16872341349,-4.700407125465,
    13.505599331172));
#1308 = CARTESIAN_POINT('',(371.25063908059,-4.649415861202,
    13.523233508218));
#1309 = CARTESIAN_POINT('',(371.33182351122,-4.596464303175,
    13.541265511762));
#1310 = CARTESIAN_POINT('',(371.50633576214,-4.477254608971,
    13.581192384535));
#1311 = CARTESIAN_POINT('',(371.59937760481,-4.410265945753,
    13.603222126992));
#1312 = CARTESIAN_POINT('',(371.69129611754,-4.340539540602,
    13.625700911233));
#1313 = CARTESIAN_POINT('',(371.78201984,-4.268043754529,13.648573209119
    ));
#1314 = CARTESIAN_POINT('',(371.87147098991,-4.192744324202,
    13.671779402331));
#1315 = CARTESIAN_POINT('',(372.06506177065,-4.021028939939,
    13.723369593878));
#1316 = CARTESIAN_POINT('',(372.1686101276,-3.923381889225,
    13.751870099865));
#1317 = CARTESIAN_POINT('',(372.27006774179,-3.821597455935,
    13.780648544163));
#1318 = CARTESIAN_POINT('',(372.36926970145,-3.715610844498,
    13.809584508496));
#1319 = CARTESIAN_POINT('',(372.46602897511,-3.605358217635,
    13.838545912488));
#1320 = CARTESIAN_POINT('',(372.67900857127,-3.346042619965,
    13.903822284591));
#1321 = CARTESIAN_POINT('',(372.79367857309,-3.194366497877,
    13.940075456405));
#1322 = CARTESIAN_POINT('',(372.90367992093,-3.035663690764,
    13.975846005462));
#1323 = CARTESIAN_POINT('',(373.00849217771,-2.86987657412,
    14.010797551678));
#1324 = CARTESIAN_POINT('',(373.10753979878,-2.696975635393,
    14.044563498365));
#1325 = CARTESIAN_POINT('',(373.38512305923,-2.157649792272,
    14.140996397814));
#1326 = CARTESIAN_POINT('',(373.54666635558,-1.765925645394,
    14.199679734601));
#1327 = CARTESIAN_POINT('',(373.67535059534,-1.347087489158,
    14.248247118938));
#1328 = CARTESIAN_POINT('',(373.76449482603,-0.907931947757,
    14.282535521768));
#1329 = CARTESIAN_POINT('',(373.80990370544,-0.456203860748,14.3));
#1330 = CARTESIAN_POINT('',(373.80990370544,0.,14.3));
#1331 = PCURVE('',#33,#1332);
#1332 = DEFINITIONAL_REPRESENTATION('',(#1333),#1481);
#1333 = B_SPLINE_CURVE_WITH_KNOTS('',6,(#1334,#1335,#1336,#1337,#1338,
    #1339,#1340,#1341,#1342,#1343,#1344,#1345,#1346,#1347,#1348,#1349,
    #1350,#1351,#1352,#1353,#1354,#1355,#1356,#1357,#1358,#1359,#1360,
    #1361,#1362,#1363,#1364,#1365,#1366,#1367,#1368,#1369,#1370,#1371,
    #1372,#1373,#1374,#1375,#1376,#1377,#1378,#1379,#1380,#1381,#1382,
    #1383,#1384,#1385,#1386,#1387,#1388,#1389,#1390,#1391,#1392,#1393,
    #1394,#1395,#1396,#1397,#1398,#1399,#1400,#1401,#1402,#1403,#1404,
    #1405,#1406,#1407,#1408,#1409,#1410,#1411,#1412,#1413,#1414,#1415,
    #1416,#1417,#1418,#1419,#1420,#1421,#1422,#1423,#1424,#1425,#1426,
    #1427,#1428,#1429,#1430,#1431,#1432,#1433,#1434,#1435,#1436,#1437,
    #1438,#1439,#1440,#1441,#1442,#1443,#1444,#1445,#1446,#1447,#1448,
    #1449,#1450,#1451,#1452,#1453,#1454,#1455,#1456,#1457,#1458,#1459,
    #1460,#1461,#1462,#1463,#1464,#1465,#1466,#1467,#1468,#1469,#1470,
    #1471,#1472,#1473,#1474,#1475,#1476,#1477,#1478,#1479,#1480),
  .UNSPECIFIED.,.T.,.F.,(7,5,5,5,5,5,5,5,5,5,5,5,5,5,5,5,5,5,5,5,5,5,5,5
    ,5,5,5,5,5,7),(0.,3.936169904134E-02,9.691892991748E-02,
    0.122654994696,0.144042356095,0.162276576502,0.17792191057,
    0.249240950375,0.309865556714,0.338789817232,0.35693699177,
    0.378173189657,0.40360430226,0.435727707077,0.473351577532,
    0.52680838348,0.56431040637,0.597113933138,0.622847368631,
    0.644232545023,0.66246490256,0.678108638247,0.749420387701,
    0.810038800359,0.838960107128,0.857105429293,0.878339459495,
    0.903767976216,0.935888102051,1.),.UNSPECIFIED.);
#1334 = CARTESIAN_POINT('',(3.14159265359,317.80990370544));
#1335 = CARTESIAN_POINT('',(3.122105232628,317.80990370544));
#1336 = CARTESIAN_POINT('',(3.102653785275,317.79296031261));
#1337 = CARTESIAN_POINT('',(3.083392571453,317.75919109198));
#1338 = CARTESIAN_POINT('',(3.064474241245,317.70929186961));
#1339 = CARTESIAN_POINT('',(3.046048379047,317.64452867928));
#1340 = CARTESIAN_POINT('',(3.002243135671,317.45305460763));
#1341 = CARTESIAN_POINT('',(2.977599264798,317.31160145689));
#1342 = CARTESIAN_POINT('',(2.954400912236,317.1466662485));
#1343 = CARTESIAN_POINT('',(2.932700112309,316.9620752603));
#1344 = CARTESIAN_POINT('',(2.912530067101,316.76133945324));
#1345 = CARTESIAN_POINT('',(2.885576662144,316.45221194297));
#1346 = CARTESIAN_POINT('',(2.877546809567,316.35400147203));
#1347 = CARTESIAN_POINT('',(2.869812293355,316.25330983064));
#1348 = CARTESIAN_POINT('',(2.862370239062,316.15032885739));
#1349 = CARTESIAN_POINT('',(2.855217805022,316.04522752673));
#1350 = CARTESIAN_POINT('',(2.842646665417,315.84916926657));
#1351 = CARTESIAN_POINT('',(2.837139309678,315.75882485697));
#1352 = CARTESIAN_POINT('',(2.831828594469,315.66720359574));
#1353 = CARTESIAN_POINT('',(2.826713189545,315.57438401166));
#1354 = CARTESIAN_POINT('',(2.821791955073,315.48043828666));
#1355 = CARTESIAN_POINT('',(2.813032979729,315.30443297447));
#1356 = CARTESIAN_POINT('',(2.809142475082,315.22266350622));
#1357 = CARTESIAN_POINT('',(2.805391851399,315.1401649888));
#1358 = CARTESIAN_POINT('',(2.801780633763,315.0569766594));
#1359 = CARTESIAN_POINT('',(2.798308448638,314.97313585472));
#1360 = CARTESIAN_POINT('',(2.792114877233,314.81621145355));
#1361 = CARTESIAN_POINT('',(2.78935688513,314.74329079731));
#1362 = CARTESIAN_POINT('',(2.786700876682,314.66993853584));
#1363 = CARTESIAN_POINT('',(2.784146723642,314.59617659785));
#1364 = CARTESIAN_POINT('',(2.781694340383,314.52202634706));
#1365 = CARTESIAN_POINT('',(2.768628248743,314.10782037815));
#1366 = CARTESIAN_POINT('',(2.760020781827,313.76031270037));
#1367 = CARTESIAN_POINT('',(2.753529004556,313.40718840377));
#1368 = CARTESIAN_POINT('',(2.749159469692,313.05035809579));
#1369 = CARTESIAN_POINT('',(2.746917157556,312.69157504198));
#1370 = CARTESIAN_POINT('',(2.746709794311,312.02739861827));
#1371 = CARTESIAN_POINT('',(2.748153855987,311.72223155877));
#1372 = CARTESIAN_POINT('',(2.751136333653,311.41816045568));
#1373 = CARTESIAN_POINT('',(2.755654473449,311.11628453214));
#1374 = CARTESIAN_POINT('',(2.761703854205,310.81776747446));
#1375 = CARTESIAN_POINT('',(2.772892470528,310.38368604792));
#1376 = CARTESIAN_POINT('',(2.776853905534,310.24452353323));
#1377 = CARTESIAN_POINT('',(2.781162898363,310.10652372683));
#1378 = CARTESIAN_POINT('',(2.785819739515,309.96981477423));
#1379 = CARTESIAN_POINT('',(2.790824967025,309.83453593044));
#1380 = CARTESIAN_POINT('',(2.799538733989,309.61695477016));
#1381 = CARTESIAN_POINT('',(2.803035650568,309.5336918513));
#1382 = CARTESIAN_POINT('',(2.806670401275,309.4510839974));
#1383 = CARTESIAN_POINT('',(2.810443371605,309.36916833029));
#1384 = CARTESIAN_POINT('',(2.814355047482,309.28798389966));
#1385 = CARTESIAN_POINT('',(2.823146541277,309.11347164875));
#1386 = CARTESIAN_POINT('',(2.828077802009,309.02042980608));
#1387 = CARTESIAN_POINT('',(2.833200756795,308.92851129335));
#1388 = CARTESIAN_POINT('',(2.838516547949,308.83778757089));
#1389 = CARTESIAN_POINT('',(2.844026500752,308.74833642098));
#1390 = CARTESIAN_POINT('',(2.856564812339,308.55474564023));
#1391 = CARTESIAN_POINT('',(2.863677985571,308.45119728329));
#1392 = CARTESIAN_POINT('',(2.871074386986,308.3497396691));
#1393 = CARTESIAN_POINT('',(2.878756771527,308.25053770943));
#1394 = CARTESIAN_POINT('',(2.886727905247,308.15377843578));
#1395 = CARTESIAN_POINT('',(2.905427575195,307.94079883967));
#1396 = CARTESIAN_POINT('',(2.916332281921,307.82612883777));
#1397 = CARTESIAN_POINT('',(2.927707308431,307.7161274899));
#1398 = CARTESIAN_POINT('',(2.939553781341,307.61131523317));
#1399 = CARTESIAN_POINT('',(2.951871601291,307.51226761215));
#1400 = CARTESIAN_POINT('',(2.979637523797,307.31110069189));
#1401 = CARTESIAN_POINT('',(2.995282383082,307.21120150538));
#1402 = CARTESIAN_POINT('',(3.011547404592,307.12133450343));
#1403 = CARTESIAN_POINT('',(3.028380547828,307.04278289294));
#1404 = CARTESIAN_POINT('',(3.04572478132,306.97671107456));
#1405 = CARTESIAN_POINT('',(3.088799583097,306.84953847356));
#1406 = CARTESIAN_POINT('',(3.114970607699,306.80228026293));
#1407 = CARTESIAN_POINT('',(3.14159265359,306.78613054771));
#1408 = CARTESIAN_POINT('',(3.168214699481,306.80228026293));
#1409 = CARTESIAN_POINT('',(3.194385724083,306.84953847356));
#1410 = CARTESIAN_POINT('',(3.237402900467,306.97654094328));
#1411 = CARTESIAN_POINT('',(3.254693391909,307.0423579509));
#1412 = CARTESIAN_POINT('',(3.271476676323,307.12058164876));
#1413 = CARTESIAN_POINT('',(3.287695671249,307.2100573339));
#1414 = CARTESIAN_POINT('',(3.303298227658,307.30950976459));
#1415 = CARTESIAN_POINT('',(3.331304682928,307.51201620508));
#1416 = CARTESIAN_POINT('',(3.343881603032,307.61318146905));
#1417 = CARTESIAN_POINT('',(3.355966990575,307.7203523643));
#1418 = CARTESIAN_POINT('',(3.367560813902,307.83291716776));
#1419 = CARTESIAN_POINT('',(3.378664363346,307.95032426816));
#1420 = CARTESIAN_POINT('',(3.397608645036,308.16759546792));
#1421 = CARTESIAN_POINT('',(3.405638497612,308.26580593885));
#1422 = CARTESIAN_POINT('',(3.413373013825,308.36649758024));
#1423 = CARTESIAN_POINT('',(3.420815068118,308.4694785535));
#1424 = CARTESIAN_POINT('',(3.427967502158,308.57457988416));
#1425 = CARTESIAN_POINT('',(3.440538641762,308.77063814431));
#1426 = CARTESIAN_POINT('',(3.446045997502,308.86098255392));
#1427 = CARTESIAN_POINT('',(3.45135671271,308.95260381514));
#1428 = CARTESIAN_POINT('',(3.456472117635,309.04542339923));
#1429 = CARTESIAN_POINT('',(3.461393352107,309.13936912422));
#1430 = CARTESIAN_POINT('',(3.470152327451,309.31537443641));
#1431 = CARTESIAN_POINT('',(3.474042832097,309.39714390466));
#1432 = CARTESIAN_POINT('',(3.47779345578,309.47964242208));
#1433 = CARTESIAN_POINT('',(3.481404673416,309.56283075148));
#1434 = CARTESIAN_POINT('',(3.484876858542,309.64667155617));
#1435 = CARTESIAN_POINT('',(3.491070429947,309.80359595733));
#1436 = CARTESIAN_POINT('',(3.49382842205,309.87651661358));
#1437 = CARTESIAN_POINT('',(3.496484430497,309.94986887504));
#1438 = CARTESIAN_POINT('',(3.499038583538,310.02363081304));
#1439 = CARTESIAN_POINT('',(3.501490966797,310.09778106383));
#1440 = CARTESIAN_POINT('',(3.514557057813,310.51198701296));
#1441 = CARTESIAN_POINT('',(3.523164525923,310.85949474293));
#1442 = CARTESIAN_POINT('',(3.52965630291,311.21261900678));
#1443 = CARTESIAN_POINT('',(3.534025837052,311.56944928253));
#1444 = CARTESIAN_POINT('',(3.53626814963,311.92823238944));
#1445 = CARTESIAN_POINT('',(3.536475512868,312.59240879262));
#1446 = CARTESIAN_POINT('',(3.535031451193,312.89757585211));
#1447 = CARTESIAN_POINT('',(3.532048973527,313.20164695521));
#1448 = CARTESIAN_POINT('',(3.527530833731,313.50352287875));
#1449 = CARTESIAN_POINT('',(3.521481452975,313.80203993643));
#1450 = CARTESIAN_POINT('',(3.510292836491,314.23612136919));
#1451 = CARTESIAN_POINT('',(3.506331401732,314.3752838761));
#1452 = CARTESIAN_POINT('',(3.502022409017,314.51328367792));
#1453 = CARTESIAN_POINT('',(3.497365567686,314.64999263494));
#1454 = CARTESIAN_POINT('',(3.492360339913,314.78527148648));
#1455 = CARTESIAN_POINT('',(3.48364657319,315.00285264073));
#1456 = CARTESIAN_POINT('',(3.480149656612,315.08611555958));
#1457 = CARTESIAN_POINT('',(3.476514905905,315.16872341349));
#1458 = CARTESIAN_POINT('',(3.472741935574,315.25063908059));
#1459 = CARTESIAN_POINT('',(3.468830259698,315.33182351122));
#1460 = CARTESIAN_POINT('',(3.460038765903,315.50633576214));
#1461 = CARTESIAN_POINT('',(3.455107505171,315.59937760481));
#1462 = CARTESIAN_POINT('',(3.449984550385,315.69129611754));
#1463 = CARTESIAN_POINT('',(3.444668759231,315.78201984));
#1464 = CARTESIAN_POINT('',(3.439158806428,315.87147098991));
#1465 = CARTESIAN_POINT('',(3.426620494841,316.06506177065));
#1466 = CARTESIAN_POINT('',(3.419507321608,316.1686101276));
#1467 = CARTESIAN_POINT('',(3.412110920194,316.27006774179));
#1468 = CARTESIAN_POINT('',(3.404428535652,316.36926970145));
#1469 = CARTESIAN_POINT('',(3.396457401933,316.46602897511));
#1470 = CARTESIAN_POINT('',(3.37775773198,316.67900857127));
#1471 = CARTESIAN_POINT('',(3.36685302526,316.79367857309));
#1472 = CARTESIAN_POINT('',(3.355477998755,316.90367992093));
#1473 = CARTESIAN_POINT('',(3.343631525841,317.00849217771));
#1474 = CARTESIAN_POINT('',(3.331313705882,317.10753979878));
#1475 = CARTESIAN_POINT('',(3.293000471835,317.38512305923));
#1476 = CARTESIAN_POINT('',(3.265312491714,317.54666635558));
#1477 = CARTESIAN_POINT('',(3.235852834158,317.67535059534));
#1478 = CARTESIAN_POINT('',(3.205084443452,317.76449482603));
#1479 = CARTESIAN_POINT('',(3.173495021474,317.80990370544));
#1480 = CARTESIAN_POINT('',(3.14159265359,317.80990370544));
#1481 = ( GEOMETRIC_REPRESENTATION_CONTEXT(2) 
PARAMETRIC_REPRESENTATION_CONTEXT() REPRESENTATION_CONTEXT('2D SPACE',''
  ) );
#1482 = PCURVE('',#1483,#1488);
#1483 = CYLINDRICAL_SURFACE('',#1484,5.5);
#1484 = AXIS2_PLACEMENT_3D('',#1485,#1486,#1487);
#1485 = CARTESIAN_POINT('',(368.30990370544,0.,6.));
#1486 = DIRECTION('',(0.,0.,1.));
#1487 = DIRECTION('',(1.,0.,-0.));
#1488 = DEFINITIONAL_REPRESENTATION('',(#1489),#1637);
#1489 = B_SPLINE_CURVE_WITH_KNOTS('',6,(#1490,#1491,#1492,#1493,#1494,
    #1495,#1496,#1497,#1498,#1499,#1500,#1501,#1502,#1503,#1504,#1505,
    #1506,#1507,#1508,#1509,#1510,#1511,#1512,#1513,#1514,#1515,#1516,
    #1517,#1518,#1519,#1520,#1521,#1522,#1523,#1524,#1525,#1526,#1527,
    #1528,#1529,#1530,#1531,#1532,#1533,#1534,#1535,#1536,#1537,#1538,
    #1539,#1540,#1541,#1542,#1543,#1544,#1545,#1546,#1547,#1548,#1549,
    #1550,#1551,#1552,#1553,#1554,#1555,#1556,#1557,#1558,#1559,#1560,
    #1561,#1562,#1563,#1564,#1565,#1566,#1567,#1568,#1569,#1570,#1571,
    #1572,#1573,#1574,#1575,#1576,#1577,#1578,#1579,#1580,#1581,#1582,
    #1583,#1584,#1585,#1586,#1587,#1588,#1589,#1590,#1591,#1592,#1593,
    #1594,#1595,#1596,#1597,#1598,#1599,#1600,#1601,#1602,#1603,#1604,
    #1605,#1606,#1607,#1608,#1609,#1610,#1611,#1612,#1613,#1614,#1615,
    #1616,#1617,#1618,#1619,#1620,#1621,#1622,#1623,#1624,#1625,#1626,
    #1627,#1628,#1629,#1630,#1631,#1632,#1633,#1634,#1635,#1636),
  .UNSPECIFIED.,.F.,.F.,(7,5,5,5,5,5,5,5,5,5,5,5,5,5,5,5,5,5,5,5,5,5,5,5
    ,5,5,5,5,5,7),(0.,3.936169904134E-02,9.691892991748E-02,
    0.122654994696,0.144042356095,0.162276576502,0.17792191057,
    0.249240950375,0.309865556714,0.338789817232,0.35693699177,
    0.378173189657,0.40360430226,0.435727707077,0.473351577532,
    0.52680838348,0.56431040637,0.597113933138,0.622847368631,
    0.644232545023,0.66246490256,0.678108638247,0.749420387701,
    0.810038800359,0.838960107128,0.857105429293,0.878339459495,
    0.903767976216,0.935888102051,1.),.UNSPECIFIED.);
#1490 = CARTESIAN_POINT('',(0.,8.3));
#1491 = CARTESIAN_POINT('',(5.066729450161E-02,8.3));
#1492 = CARTESIAN_POINT('',(0.101241043294,8.293483333927));
#1493 = CARTESIAN_POINT('',(0.151519767286,8.280495062295));
#1494 = CARTESIAN_POINT('',(0.201302011967,8.261431617289));
#1495 = CARTESIAN_POINT('',(0.250366745611,8.237029334077));
#1496 = CARTESIAN_POINT('',(0.368763661219,8.166186540026));
#1497 = CARTESIAN_POINT('',(0.436946497894,8.114793167988));
#1498 = CARTESIAN_POINT('',(0.503179416171,8.056530418883));
#1499 = CARTESIAN_POINT('',(0.567576604911,7.993829412597));
#1500 = CARTESIAN_POINT('',(0.630219650096,7.928887732516));
#1501 = CARTESIAN_POINT('',(0.718394872196,7.834393624426));
#1502 = CARTESIAN_POINT('',(0.745331829729,7.805088620542));
#1503 = CARTESIAN_POINT('',(0.771981421468,7.775823454935));
#1504 = CARTESIAN_POINT('',(0.798363398301,7.746733962821));
#1505 = CARTESIAN_POINT('',(0.824497096925,7.717943878027));
#1506 = CARTESIAN_POINT('',(0.871928644903,7.665981083978));
#1507 = CARTESIAN_POINT('',(0.893297231715,7.6426817614));
#1508 = CARTESIAN_POINT('',(0.914517884404,7.619731338106));
#1509 = CARTESIAN_POINT('',(0.93560078122,7.597190130009));
#1510 = CARTESIAN_POINT('',(0.956555594549,7.575114296091));
#1511 = CARTESIAN_POINT('',(0.995155548821,7.53517574645));
#1512 = CARTESIAN_POINT('',(1.01283312841,7.517171859043));
#1513 = CARTESIAN_POINT('',(1.030429882026,7.499576526403));
#1514 = CARTESIAN_POINT('',(1.047951183074,7.482420285963));
#1515 = CARTESIAN_POINT('',(1.065402126013,7.465731862372));
#1516 = CARTESIAN_POINT('',(1.097704555436,7.435643646064));
#1517 = CARTESIAN_POINT('',(1.112573324793,7.422113369835));
#1518 = CARTESIAN_POINT('',(1.12739687099,7.408964369968));
#1519 = CARTESIAN_POINT('',(1.142178093297,7.396212755576));
#1520 = CARTESIAN_POINT('',(1.15691975369,7.383873713723));
#1521 = CARTESIAN_POINT('',(1.238655754752,7.317659890229));
#1522 = CARTESIAN_POINT('',(1.304955840462,7.272198396809));
#1523 = CARTESIAN_POINT('',(1.370724455039,7.236985539304));
#1524 = CARTESIAN_POINT('',(1.436146148132,7.212968583614));
#1525 = CARTESIAN_POINT('',(1.50140097236,7.200635924844));
#1526 = CARTESIAN_POINT('',(1.622161347623,7.199495436685));
#1527 = CARTESIAN_POINT('',(1.677631492428,7.207437605707));
#1528 = CARTESIAN_POINT('',(1.733194712537,7.223849399881));
#1529 = CARTESIAN_POINT('',(1.78895761462,7.248490193045));
#1530 = CARTESIAN_POINT('',(1.845028489046,7.280875786476));
#1531 = CARTESIAN_POINT('',(1.928474569447,7.339078286959));
#1532 = CARTESIAN_POINT('',(1.955526049216,7.359476555184));
#1533 = CARTESIAN_POINT('',(1.982692411518,7.381398531828));
#1534 = CARTESIAN_POINT('',(2.009990492312,7.404757318849));
#1535 = CARTESIAN_POINT('',(2.037437498661,7.429454287574));
#1536 = CARTESIAN_POINT('',(2.082375814203,7.47164437645));
#1537 = CARTESIAN_POINT('',(2.099766705593,7.488393408594));
#1538 = CARTESIAN_POINT('',(2.117228480387,7.505599331172));
#1539 = CARTESIAN_POINT('',(2.134766210804,7.523233508218));
#1540 = CARTESIAN_POINT('',(2.152385243807,7.541265511762));
#1541 = CARTESIAN_POINT('',(2.190811077451,7.581192384535));
#1542 = CARTESIAN_POINT('',(2.211649933241,7.603222126992));
#1543 = CARTESIAN_POINT('',(2.232616822632,7.625700911233));
#1544 = CARTESIAN_POINT('',(2.253721287562,7.648573209119));
#1545 = CARTESIAN_POINT('',(2.274973357739,7.671779402331));
#1546 = CARTESIAN_POINT('',(2.32202302855,7.723369593878));
#1547 = CARTESIAN_POINT('',(2.347888953833,7.751870099865));
#1548 = CARTESIAN_POINT('',(2.373999683056,7.780648544163));
#1549 = CARTESIAN_POINT('',(2.400373932922,7.809584508496));
#1550 = CARTESIAN_POINT('',(2.427030780278,7.838545912488));
#1551 = CARTESIAN_POINT('',(2.488042874328,7.903822284573));
#1552 = CARTESIAN_POINT('',(2.522586528496,7.940075456412));
#1553 = CARTESIAN_POINT('',(2.557649863655,7.97584600548));
#1554 = CARTESIAN_POINT('',(2.593262062834,8.010797551682));
#1555 = CARTESIAN_POINT('',(2.629454949435,8.044563498348));
#1556 = CARTESIAN_POINT('',(2.709379491192,8.114449230517));
#1557 = CARTESIAN_POINT('',(2.7534038021,8.150037203681));
#1558 = CARTESIAN_POINT('',(2.798263312415,8.182748665106));
#1559 = CARTESIAN_POINT('',(2.843904129795,8.211831929279));
#1560 = CARTESIAN_POINT('',(2.890288432949,8.236592913595));
#1561 = CARTESIAN_POINT('',(3.004310818082,8.284635537622));
#1562 = CARTESIAN_POINT('',(3.072633283001,8.30289047996));
#1563 = CARTESIAN_POINT('',(3.14159265359,8.309239107332));
#1564 = CARTESIAN_POINT('',(3.210552024178,8.30289047996));
#1565 = CARTESIAN_POINT('',(3.278874489097,8.284635537622));
#1566 = CARTESIAN_POINT('',(3.392744335289,8.236657184931));
#1567 = CARTESIAN_POINT('',(3.438983314744,8.211991170696));
#1568 = CARTESIAN_POINT('',(3.484484820528,8.183027370349));
#1569 = CARTESIAN_POINT('',(3.529209942939,8.150453701981));
#1570 = CARTESIAN_POINT('',(3.573103750228,8.115016136636));
#1571 = CARTESIAN_POINT('',(3.653690433632,8.044638658272));
#1572 = CARTESIAN_POINT('',(3.690645839126,8.010149481253));
#1573 = CARTESIAN_POINT('',(3.726995931655,7.974427062981));
#1574 = CARTESIAN_POINT('',(3.762774704246,7.937861284567));
#1575 = CARTESIAN_POINT('',(3.798013305901,7.900809092322));
#1576 = CARTESIAN_POINT('',(3.859987525786,7.834393624426));
#1577 = CARTESIAN_POINT('',(3.886924483319,7.805088620542));
#1578 = CARTESIAN_POINT('',(3.913574075058,7.775823454935));
#1579 = CARTESIAN_POINT('',(3.93995605189,7.746733962821));
#1580 = CARTESIAN_POINT('',(3.966089750515,7.717943878027));
#1581 = CARTESIAN_POINT('',(4.013521298493,7.665981083978));
#1582 = CARTESIAN_POINT('',(4.034889885305,7.6426817614));
#1583 = CARTESIAN_POINT('',(4.056110537993,7.619731338106));
#1584 = CARTESIAN_POINT('',(4.07719343481,7.597190130009));
#1585 = CARTESIAN_POINT('',(4.098148248139,7.575114296091));
#1586 = CARTESIAN_POINT('',(4.136748202411,7.53517574645));
#1587 = CARTESIAN_POINT('',(4.154425782,7.517171859043));
#1588 = CARTESIAN_POINT('',(4.172022535616,7.499576526403));
#1589 = CARTESIAN_POINT('',(4.189543836664,7.482420285963));
#1590 = CARTESIAN_POINT('',(4.206994779603,7.465731862372));
#1591 = CARTESIAN_POINT('',(4.239297209026,7.435643646064));
#1592 = CARTESIAN_POINT('',(4.254165978383,7.422113369835));
#1593 = CARTESIAN_POINT('',(4.268989524579,7.408964369968));
#1594 = CARTESIAN_POINT('',(4.283770746887,7.396212755576));
#1595 = CARTESIAN_POINT('',(4.298512407279,7.383873713723));
#1596 = CARTESIAN_POINT('',(4.380248404439,7.31765989339));
#1597 = CARTESIAN_POINT('',(4.446548500204,7.272198393891));
#1598 = CARTESIAN_POINT('',(4.51231710871,7.236985537852));
#1599 = CARTESIAN_POINT('',(4.577738795611,7.212968585846));
#1600 = CARTESIAN_POINT('',(4.642993629682,7.200635924808));
#1601 = CARTESIAN_POINT('',(4.763754001212,7.199495436685));
#1602 = CARTESIAN_POINT('',(4.819224146018,7.207437605707));
#1603 = CARTESIAN_POINT('',(4.874787366126,7.223849399881));
#1604 = CARTESIAN_POINT('',(4.93055026821,7.248490193045));
#1605 = CARTESIAN_POINT('',(4.986621142636,7.280875786476));
#1606 = CARTESIAN_POINT('',(5.070067224233,7.339078287793));
#1607 = CARTESIAN_POINT('',(5.09711870246,7.359476554783));
#1608 = CARTESIAN_POINT('',(5.124285063886,7.381398530825));
#1609 = CARTESIAN_POINT('',(5.151583145596,7.404757318715));
#1610 = CARTESIAN_POINT('',(5.179030153497,7.429454288744));
#1611 = CARTESIAN_POINT('',(5.223968467793,7.47164437645));
#1612 = CARTESIAN_POINT('',(5.241359359183,7.488393408594));
#1613 = CARTESIAN_POINT('',(5.258821133976,7.505599331172));
#1614 = CARTESIAN_POINT('',(5.276358864394,7.523233508218));
#1615 = CARTESIAN_POINT('',(5.293977897396,7.541265511762));
#1616 = CARTESIAN_POINT('',(5.332403731041,7.581192384535));
#1617 = CARTESIAN_POINT('',(5.353242586831,7.603222126992));
#1618 = CARTESIAN_POINT('',(5.374209476222,7.625700911233));
#1619 = CARTESIAN_POINT('',(5.395313941151,7.648573209119));
#1620 = CARTESIAN_POINT('',(5.416566011329,7.671779402331));
#1621 = CARTESIAN_POINT('',(5.463615682139,7.723369593878));
#1622 = CARTESIAN_POINT('',(5.489481607423,7.751870099865));
#1623 = CARTESIAN_POINT('',(5.515592336645,7.780648544163));
#1624 = CARTESIAN_POINT('',(5.541966586512,7.809584508496));
#1625 = CARTESIAN_POINT('',(5.568623433868,7.838545912488));
#1626 = CARTESIAN_POINT('',(5.629635527934,7.903822284591));
#1627 = CARTESIAN_POINT('',(5.664179182081,7.940075456405));
#1628 = CARTESIAN_POINT('',(5.699242517226,7.975846005462));
#1629 = CARTESIAN_POINT('',(5.734854716419,8.010797551678));
#1630 = CARTESIAN_POINT('',(5.771047603044,8.044563498365));
#1631 = CARTESIAN_POINT('',(5.881332707879,8.140996397814));
#1632 = CARTESIAN_POINT('',(5.958100968514,8.199679734601));
#1633 = CARTESIAN_POINT('',(6.037232745088,8.248247118938));
#1634 = CARTESIAN_POINT('',(6.118106843853,8.282535521768));
#1635 = CARTESIAN_POINT('',(6.20023915068,8.3));
#1636 = CARTESIAN_POINT('',(6.28318530718,8.3));
#1637 = ( GEOMETRIC_REPRESENTATION_CONTEXT(2) 
PARAMETRIC_REPRESENTATION_CONTEXT() REPRESENTATION_CONTEXT('2D SPACE',''
  ) );
#1638 = ADVANCED_FACE('',(#1639),#45,.T.);
#1639 = FACE_BOUND('',#1640,.T.);
#1640 = EDGE_LOOP('',(#1641,#1672,#1696,#1715,#1716,#1717));
#1641 = ORIENTED_EDGE('',*,*,#1642,.T.);
#1642 = EDGE_CURVE('',#1643,#1645,#1647,.T.);
#1643 = VERTEX_POINT('',#1644);
#1644 = CARTESIAN_POINT('',(241.,-4.541515575464,14.715115911124));
#1645 = VERTEX_POINT('',#1646);
#1646 = CARTESIAN_POINT('',(241.,-3.771912141374E-15,-15.4));
#1647 = SURFACE_CURVE('',#1648,(#1653,#1660),.PCURVE_S1.);
#1648 = CIRCLE('',#1649,15.4);
#1649 = AXIS2_PLACEMENT_3D('',#1650,#1651,#1652);
#1650 = CARTESIAN_POINT('',(241.,0.,2.442490654175E-15));
#1651 = DIRECTION('',(1.,-0.,2.22044604925E-16));
#1652 = DIRECTION('',(2.22044604925E-16,0.,-1.));
#1653 = PCURVE('',#45,#1654);
#1654 = DEFINITIONAL_REPRESENTATION('',(#1655),#1659);
#1655 = CIRCLE('',#1656,15.4);
#1656 = AXIS2_PLACEMENT_2D('',#1657,#1658);
#1657 = CARTESIAN_POINT('',(0.,0.));
#1658 = DIRECTION('',(1.,0.));
#1659 = ( GEOMETRIC_REPRESENTATION_CONTEXT(2) 
PARAMETRIC_REPRESENTATION_CONTEXT() REPRESENTATION_CONTEXT('2D SPACE',''
  ) );
#1660 = PCURVE('',#1661,#1666);
#1661 = CYLINDRICAL_SURFACE('',#1662,15.4);
#1662 = AXIS2_PLACEMENT_3D('',#1663,#1664,#1665);
#1663 = CARTESIAN_POINT('',(219.,0.,-2.442490654175E-15));
#1664 = DIRECTION('',(1.,0.,2.22044604925E-16));
#1665 = DIRECTION('',(2.22044604925E-16,0.,-1.));
#1666 = DEFINITIONAL_REPRESENTATION('',(#1667),#1671);
#1667 = LINE('',#1668,#1669);
#1668 = CARTESIAN_POINT('',(0.,22.));
#1669 = VECTOR('',#1670,1.);
#1670 = DIRECTION('',(1.,0.));
#1671 = ( GEOMETRIC_REPRESENTATION_CONTEXT(2) 
PARAMETRIC_REPRESENTATION_CONTEXT() REPRESENTATION_CONTEXT('2D SPACE',''
  ) );
#1672 = ORIENTED_EDGE('',*,*,#1673,.T.);
#1673 = EDGE_CURVE('',#1645,#1674,#1676,.T.);
#1674 = VERTEX_POINT('',#1675);
#1675 = CARTESIAN_POINT('',(241.,4.541515575464,14.715115911124));
#1676 = SURFACE_CURVE('',#1677,(#1682,#1689),.PCURVE_S1.);
#1677 = CIRCLE('',#1678,15.4);
#1678 = AXIS2_PLACEMENT_3D('',#1679,#1680,#1681);
#1679 = CARTESIAN_POINT('',(241.,0.,2.442490654175E-15));
#1680 = DIRECTION('',(1.,-0.,2.22044604925E-16));
#1681 = DIRECTION('',(2.22044604925E-16,0.,-1.));
#1682 = PCURVE('',#45,#1683);
#1683 = DEFINITIONAL_REPRESENTATION('',(#1684),#1688);
#1684 = CIRCLE('',#1685,15.4);
#1685 = AXIS2_PLACEMENT_2D('',#1686,#1687);
#1686 = CARTESIAN_POINT('',(0.,0.));
#1687 = DIRECTION('',(1.,0.));
#1688 = ( GEOMETRIC_REPRESENTATION_CONTEXT(2) 
PARAMETRIC_REPRESENTATION_CONTEXT() REPRESENTATION_CONTEXT('2D SPACE',''
  ) );
#1689 = PCURVE('',#1661,#1690);
#1690 = DEFINITIONAL_REPRESENTATION('',(#1691),#1695);
#1691 = LINE('',#1692,#1693);
#1692 = CARTESIAN_POINT('',(0.,22.));
#1693 = VECTOR('',#1694,1.);
#1694 = DIRECTION('',(1.,0.));
#1695 = ( GEOMETRIC_REPRESENTATION_CONTEXT(2) 
PARAMETRIC_REPRESENTATION_CONTEXT() REPRESENTATION_CONTEXT('2D SPACE',''
  ) );
#1696 = ORIENTED_EDGE('',*,*,#1697,.F.);
#1697 = EDGE_CURVE('',#109,#1674,#1698,.T.);
#1698 = SURFACE_CURVE('',#1699,(#1703,#1709),.PCURVE_S1.);
#1699 = LINE('',#1700,#1701);
#1700 = CARTESIAN_POINT('',(241.,4.541515575465,6.));
#1701 = VECTOR('',#1702,1.);
#1702 = DIRECTION('',(0.,0.,1.));
#1703 = PCURVE('',#45,#1704);
#1704 = DEFINITIONAL_REPRESENTATION('',(#1705),#1708);
#1705 = B_SPLINE_CURVE_WITH_KNOTS('',1,(#1706,#1707),.UNSPECIFIED.,.F.,
  .F.,(2,2),(-6.000000007944E-07,12.48),.PIECEWISE_BEZIER_KNOTS.);
#1706 = CARTESIAN_POINT('',(-5.9999994,4.541515575465));
#1707 = CARTESIAN_POINT('',(-18.48,4.541515575465));
#1708 = ( GEOMETRIC_REPRESENTATION_CONTEXT(2) 
PARAMETRIC_REPRESENTATION_CONTEXT() REPRESENTATION_CONTEXT('2D SPACE',''
  ) );
#1709 = PCURVE('',#182,#1710);
#1710 = DEFINITIONAL_REPRESENTATION('',(#1711),#1714);
#1711 = B_SPLINE_CURVE_WITH_KNOTS('',1,(#1712,#1713),.UNSPECIFIED.,.F.,
  .F.,(2,2),(-6.000000007944E-07,12.48),.PIECEWISE_BEZIER_KNOTS.);
#1712 = CARTESIAN_POINT('',(1.139209527004,-5.999999999062E-07));
#1713 = CARTESIAN_POINT('',(1.139209527004,12.48));
#1714 = ( GEOMETRIC_REPRESENTATION_CONTEXT(2) 
PARAMETRIC_REPRESENTATION_CONTEXT() REPRESENTATION_CONTEXT('2D SPACE',''
  ) );
#1715 = ORIENTED_EDGE('',*,*,#108,.F.);
#1716 = ORIENTED_EDGE('',*,*,#21,.F.);
#1717 = ORIENTED_EDGE('',*,*,#1718,.T.);
#1718 = EDGE_CURVE('',#22,#1643,#1719,.T.);
#1719 = SURFACE_CURVE('',#1720,(#1724,#1730),.PCURVE_S1.);
#1720 = LINE('',#1721,#1722);
#1721 = CARTESIAN_POINT('',(241.,-4.541515575465,6.));
#1722 = VECTOR('',#1723,1.);
#1723 = DIRECTION('',(0.,0.,1.));
#1724 = PCURVE('',#45,#1725);
#1725 = DEFINITIONAL_REPRESENTATION('',(#1726),#1729);
#1726 = B_SPLINE_CURVE_WITH_KNOTS('',1,(#1727,#1728),.UNSPECIFIED.,.F.,
  .F.,(2,2),(-6.000000007944E-07,12.48),.PIECEWISE_BEZIER_KNOTS.);
#1727 = CARTESIAN_POINT('',(-5.9999994,-4.541515575465));
#1728 = CARTESIAN_POINT('',(-18.48,-4.541515575465));
#1729 = ( GEOMETRIC_REPRESENTATION_CONTEXT(2) 
PARAMETRIC_REPRESENTATION_CONTEXT() REPRESENTATION_CONTEXT('2D SPACE',''
  ) );
#1730 = PCURVE('',#182,#1731);
#1731 = DEFINITIONAL_REPRESENTATION('',(#1732),#1735);
#1732 = B_SPLINE_CURVE_WITH_KNOTS('',1,(#1733,#1734),.UNSPECIFIED.,.F.,
  .F.,(2,2),(-6.000000007944E-07,12.48),.PIECEWISE_BEZIER_KNOTS.);
#1733 = CARTESIAN_POINT('',(5.143975780175,-5.999999999062E-07));
#1734 = CARTESIAN_POINT('',(5.143975780175,12.48));
#1735 = ( GEOMETRIC_REPRESENTATION_CONTEXT(2) 
PARAMETRIC_REPRESENTATION_CONTEXT() REPRESENTATION_CONTEXT('2D SPACE',''
  ) );
#1736 = ADVANCED_FACE('',(#1737),#182,.F.);
#1737 = FACE_BOUND('',#1738,.F.);
#1738 = EDGE_LOOP('',(#1739,#1740,#1763,#2176,#2177,#2178,#2179,#2377));
#1739 = ORIENTED_EDGE('',*,*,#132,.F.);
#1740 = ORIENTED_EDGE('',*,*,#1741,.F.);
#1741 = EDGE_CURVE('',#1742,#133,#1744,.T.);
#1742 = VERTEX_POINT('',#1743);
#1743 = CARTESIAN_POINT('',(243.9084368817,-1.224646799147E-15,11.));
#1744 = SEAM_CURVE('',#1745,(#1749,#1756),.PCURVE_S1.);
#1745 = LINE('',#1746,#1747);
#1746 = CARTESIAN_POINT('',(243.9084368817,-1.224646799147E-15,6.));
#1747 = VECTOR('',#1748,1.);
#1748 = DIRECTION('',(0.,0.,1.));
#1749 = PCURVE('',#182,#1750);
#1750 = DEFINITIONAL_REPRESENTATION('',(#1751),#1755);
#1751 = LINE('',#1752,#1753);
#1752 = CARTESIAN_POINT('',(6.28318530718,-0.));
#1753 = VECTOR('',#1754,1.);
#1754 = DIRECTION('',(0.,1.));
#1755 = ( GEOMETRIC_REPRESENTATION_CONTEXT(2) 
PARAMETRIC_REPRESENTATION_CONTEXT() REPRESENTATION_CONTEXT('2D SPACE',''
  ) );
#1756 = PCURVE('',#182,#1757);
#1757 = DEFINITIONAL_REPRESENTATION('',(#1758),#1762);
#1758 = LINE('',#1759,#1760);
#1759 = CARTESIAN_POINT('',(0.,-0.));
#1760 = VECTOR('',#1761,1.);
#1761 = DIRECTION('',(0.,1.));
#1762 = ( GEOMETRIC_REPRESENTATION_CONTEXT(2) 
PARAMETRIC_REPRESENTATION_CONTEXT() REPRESENTATION_CONTEXT('2D SPACE',''
  ) );
#1763 = ORIENTED_EDGE('',*,*,#1764,.T.);
#1764 = EDGE_CURVE('',#1742,#1742,#1765,.T.);
#1765 = SURFACE_CURVE('',#1766,(#1899,#2035),.PCURVE_S1.);
#1766 = B_SPLINE_CURVE_WITH_KNOTS('',6,(#1767,#1768,#1769,#1770,#1771,
    #1772,#1773,#1774,#1775,#1776,#1777,#1778,#1779,#1780,#1781,#1782,
    #1783,#1784,#1785,#1786,#1787,#1788,#1789,#1790,#1791,#1792,#1793,
    #1794,#1795,#1796,#1797,#1798,#1799,#1800,#1801,#1802,#1803,#1804,
    #1805,#1806,#1807,#1808,#1809,#1810,#1811,#1812,#1813,#1814,#1815,
    #1816,#1817,#1818,#1819,#1820,#1821,#1822,#1823,#1824,#1825,#1826,
    #1827,#1828,#1829,#1830,#1831,#1832,#1833,#1834,#1835,#1836,#1837,
    #1838,#1839,#1840,#1841,#1842,#1843,#1844,#1845,#1846,#1847,#1848,
    #1849,#1850,#1851,#1852,#1853,#1854,#1855,#1856,#1857,#1858,#1859,
    #1860,#1861,#1862,#1863,#1864,#1865,#1866,#1867,#1868,#1869,#1870,
    #1871,#1872,#1873,#1874,#1875,#1876,#1877,#1878,#1879,#1880,#1881,
    #1882,#1883,#1884,#1885,#1886,#1887,#1888,#1889,#1890,#1891,#1892,
    #1893,#1894,#1895,#1896,#1897,#1898),.UNSPECIFIED.,.T.,.F.,(7,5,5,5,
    5,5,5,5,5,5,5,5,5,5,5,5,5,5,5,5,5,5,5,5,5,5,7),(0.,
    6.049181492863E-02,8.924647717397E-02,0.11112212814,0.127967462804,
    0.182473754191,0.213251201637,0.249205640099,0.315200579782,
    0.371382520085,0.389236415112,0.411170217806,0.46130408404,
    0.498635461642,0.559458353971,0.588370393204,0.610365771686,
    0.627303302467,0.682107911966,0.713053807306,0.749205027826,
    0.815561164085,0.872050590619,0.890002201764,0.91205605031,
    0.962464304108,1.),.UNSPECIFIED.);
#1767 = CARTESIAN_POINT('',(243.9084368817,0.,11.));
#1768 = CARTESIAN_POINT('',(243.9084368817,0.393511339184,11.));
#1769 = CARTESIAN_POINT('',(243.87127224768,0.783367701118,
    10.983107096905));
#1770 = CARTESIAN_POINT('',(243.79823971308,1.163038559446,
    10.949910026076));
#1771 = CARTESIAN_POINT('',(243.69264653126,1.526243628434,
    10.902661187716));
#1772 = CARTESIAN_POINT('',(243.5597901628,1.867374874654,
    10.845085201744));
#1773 = CARTESIAN_POINT('',(243.33475624217,2.3313737032,10.751184190466
    ));
#1774 = CARTESIAN_POINT('',(243.25742633245,2.475637840416,
    10.71939953395));
#1775 = CARTESIAN_POINT('',(243.17570340789,2.614667921128,
    10.686391915795));
#1776 = CARTESIAN_POINT('',(243.08998383742,2.748482302011,
    10.652451127788));
#1777 = CARTESIAN_POINT('',(243.00062887494,2.877117668094,
    10.617847013835));
#1778 = CARTESIAN_POINT('',(242.83747015319,3.094591445052,
    10.556185042376));
#1779 = CARTESIAN_POINT('',(242.76504778708,3.18560461096,
    10.529297802308));
#1780 = CARTESIAN_POINT('',(242.69082836847,3.273706815493,
    10.502269331065));
#1781 = CARTESIAN_POINT('',(242.61492842678,3.358938452301,
    10.475196448971));
#1782 = CARTESIAN_POINT('',(242.5374510888,3.441341350666,
    10.448168846252));
#1783 = CARTESIAN_POINT('',(242.39767911009,3.58226813579,
    10.400554933126));
#1784 = CARTESIAN_POINT('',(242.33599074646,3.641924993952,
    10.379916896906));
#1785 = CARTESIAN_POINT('',(242.27346242991,3.699948370682,
    10.359392887388));
#1786 = CARTESIAN_POINT('',(242.21013258105,3.756356276277,
    10.339019052422));
#1787 = CARTESIAN_POINT('',(242.14603659899,3.811165710642,
    10.318829774708));
#1788 = CARTESIAN_POINT('',(241.87143788738,4.036618614779,
    10.234234125712));
#1789 = CARTESIAN_POINT('',(241.65388995269,4.192356520784,
    10.171854772894));
#1790 = CARTESIAN_POINT('',(241.42976667963,4.332023770628,
    10.112866254007));
#1791 = CARTESIAN_POINT('',(241.2000104307,4.455984884664,10.05823769034
    ));
#1792 = CARTESIAN_POINT('',(240.96536936608,4.56451528792,
    10.008785909576));
#1793 = CARTESIAN_POINT('',(240.59156480892,4.710419385043,
    9.940589891097));
#1794 = CARTESIAN_POINT('',(240.45533536725,4.758189901616,
    9.917854765363));
#1795 = CARTESIAN_POINT('',(240.31793359945,4.80109062519,9.89712646436)
  );
#1796 = CARTESIAN_POINT('',(240.17950951337,4.839132100782,9.87851791652
    ));
#1797 = CARTESIAN_POINT('',(240.04020570132,4.872321426685,
    9.862123808717));
#1798 = CARTESIAN_POINT('',(239.7365518236,4.933770216088,9.831545098999
    ));
#1799 = CARTESIAN_POINT('',(239.57193564507,4.960260086702,
    9.818196276947));
#1800 = CARTESIAN_POINT('',(239.40656589549,4.980129051108,
    9.808099410008));
#1801 = CARTESIAN_POINT('',(239.24069498415,4.99337591758,9.801339260622
    ));
#1802 = CARTESIAN_POINT('',(239.07457080144,5.,9.797958971133));
#1803 = CARTESIAN_POINT('',(238.603495448,5.,9.797958971133));
#1804 = CARTESIAN_POINT('',(238.29871933213,4.97768262899,9.809347750888
    ));
#1805 = CARTESIAN_POINT('',(237.99551564411,4.933092878968,
    9.832102385085));
#1806 = CARTESIAN_POINT('',(237.69530996656,4.866216805117,
    9.865749380918));
#1807 = CARTESIAN_POINT('',(237.39962385765,4.776999862267,
    9.909361864737));
#1808 = CARTESIAN_POINT('',(236.86371967326,4.570435658735,
    10.006104105485));
#1809 = CARTESIAN_POINT('',(236.62177715749,4.459238323938,
    10.056857224253));
#1810 = CARTESIAN_POINT('',(236.38499578702,4.331671350876,
    10.113129155085));
#1811 = CARTESIAN_POINT('',(236.15418999406,4.187433362604,
    10.174029217492));
#1812 = CARTESIAN_POINT('',(235.93039351513,4.02612270178,
    10.238494948398));
#1813 = CARTESIAN_POINT('',(235.64646796721,3.790445481222,
    10.326480686285));
#1814 = CARTESIAN_POINT('',(235.57883012805,3.731831753564,
    10.347934447436));
#1815 = CARTESIAN_POINT('',(235.5120625632,3.671419042707,
    10.369584989233));
#1816 = CARTESIAN_POINT('',(235.44620809881,3.609186850073,
    10.391390993265));
#1817 = CARTESIAN_POINT('',(235.3813135077,3.545113483911,
    10.413308860291));
#1818 = CARTESIAN_POINT('',(235.23894697016,3.398170852329,
    10.462300230259));
#1819 = CARTESIAN_POINT('',(235.1619909288,3.314353674385,
    10.489406814151));
#1820 = CARTESIAN_POINT('',(235.08665463029,3.227680520507,
    10.516527774499));
#1821 = CARTESIAN_POINT('',(235.01304529607,3.138109520897,
    10.54357101156));
#1822 = CARTESIAN_POINT('',(234.94128412393,3.045600940913,
    10.570437013266));
#1823 = CARTESIAN_POINT('',(234.71201580939,2.731870937557,
    10.65777669679));
#1824 = CARTESIAN_POINT('',(234.5624923498,2.497541677387,
    10.717200146005));
#1825 = CARTESIAN_POINT('',(234.42512054003,2.247190830691,
    10.773815889938));
#1826 = CARTESIAN_POINT('',(234.30219056055,1.981089748956,
    10.825985971244));
#1827 = CARTESIAN_POINT('',(234.19614068396,1.699763869206,
    10.871968446864));
#1828 = CARTESIAN_POINT('',(234.04519362579,1.183851033066,
    10.938363098279));
#1829 = CARTESIAN_POINT('',(233.9916016041,0.955693888647,
    10.962303960058));
#1830 = CARTESIAN_POINT('',(233.9503444655,0.721326761392,
    10.980951063173));
#1831 = CARTESIAN_POINT('',(233.92243728616,0.482622542063,
    10.993636189398));
#1832 = CARTESIAN_POINT('',(233.9084368817,0.241526172653,11.));
#1833 = CARTESIAN_POINT('',(233.9084368817,-0.393511339184,11.));
#1834 = CARTESIAN_POINT('',(233.94560151573,-0.783367701119,
    10.983107096905));
#1835 = CARTESIAN_POINT('',(234.01863405032,-1.163038559445,
    10.949910026076));
#1836 = CARTESIAN_POINT('',(234.12422723214,-1.526243628435,
    10.902661187716));
#1837 = CARTESIAN_POINT('',(234.2570836006,-1.867374874654,
    10.845085201744));
#1838 = CARTESIAN_POINT('',(234.48211752126,-2.331373703265,
    10.751184190453));
#1839 = CARTESIAN_POINT('',(234.55944743095,-2.475637840397,
    10.719399533952));
#1840 = CARTESIAN_POINT('',(234.64117035547,-2.614667921072,
    10.686391915808));
#1841 = CARTESIAN_POINT('',(234.72688992597,-2.748482302,10.652451127793
    ));
#1842 = CARTESIAN_POINT('',(234.8162448885,-2.877117668143,
    10.617847013821));
#1843 = CARTESIAN_POINT('',(234.97940361022,-3.094591445052,
    10.556185042376));
#1844 = CARTESIAN_POINT('',(235.05182597633,-3.18560461096,
    10.529297802308));
#1845 = CARTESIAN_POINT('',(235.12604539493,-3.273706815493,
    10.502269331065));
#1846 = CARTESIAN_POINT('',(235.20194533662,-3.358938452301,
    10.475196448971));
#1847 = CARTESIAN_POINT('',(235.2794226746,-3.441341350666,
    10.448168846252));
#1848 = CARTESIAN_POINT('',(235.41919465331,-3.58226813579,
    10.400554933126));
#1849 = CARTESIAN_POINT('',(235.48088301694,-3.641924993952,
    10.379916896906));
#1850 = CARTESIAN_POINT('',(235.54341133349,-3.699948370682,
    10.359392887388));
#1851 = CARTESIAN_POINT('',(235.60674118235,-3.756356276277,
    10.339019052422));
#1852 = CARTESIAN_POINT('',(235.67083716441,-3.811165710642,
    10.318829774708));
#1853 = CARTESIAN_POINT('',(235.94543587602,-4.036618614778,
    10.234234125713));
#1854 = CARTESIAN_POINT('',(236.16298381071,-4.192356520785,
    10.171854772893));
#1855 = CARTESIAN_POINT('',(236.38710708377,-4.332023770628,
    10.112866254007));
#1856 = CARTESIAN_POINT('',(236.6168633327,-4.455984884664,
    10.05823769034));
#1857 = CARTESIAN_POINT('',(236.85150439732,-4.56451528792,
    10.008785909576));
#1858 = CARTESIAN_POINT('',(237.22530895448,-4.710419385043,
    9.940589891097));
#1859 = CARTESIAN_POINT('',(237.36153839615,-4.758189901616,
    9.917854765363));
#1860 = CARTESIAN_POINT('',(237.49894016395,-4.80109062519,9.89712646436
    ));
#1861 = CARTESIAN_POINT('',(237.63736425003,-4.839132100782,
    9.87851791652));
#1862 = CARTESIAN_POINT('',(237.77666806208,-4.872321426685,
    9.862123808717));
#1863 = CARTESIAN_POINT('',(238.0803219398,-4.933770216088,
    9.831545098999));
#1864 = CARTESIAN_POINT('',(238.24493811833,-4.960260086702,
    9.818196276947));
#1865 = CARTESIAN_POINT('',(238.41030786791,-4.980129051108,
    9.808099410008));
#1866 = CARTESIAN_POINT('',(238.57617877925,-4.99337591758,
    9.801339260622));
#1867 = CARTESIAN_POINT('',(238.74230296196,-5.,9.797958971133));
#1868 = CARTESIAN_POINT('',(239.2133783154,-5.,9.797958971133));
#1869 = CARTESIAN_POINT('',(239.51815443127,-4.97768262899,
    9.809347750888));
#1870 = CARTESIAN_POINT('',(239.82135811929,-4.933092878968,
    9.832102385085));
#1871 = CARTESIAN_POINT('',(240.12156379684,-4.866216805117,
    9.865749380918));
#1872 = CARTESIAN_POINT('',(240.41724990575,-4.776999862267,
    9.909361864737));
#1873 = CARTESIAN_POINT('',(240.95315407764,-4.570435663553,
    10.006104103228));
#1874 = CARTESIAN_POINT('',(241.19509662537,-4.459238312992,
    10.056857228801));
#1875 = CARTESIAN_POINT('',(241.43187797678,-4.331671353111,
    10.113129154462));
#1876 = CARTESIAN_POINT('',(241.66268375006,-4.187433374613,
    10.174029212645));
#1877 = CARTESIAN_POINT('',(241.88648025984,-4.026122692171,
    10.238494951985));
#1878 = CARTESIAN_POINT('',(242.17040579619,-3.790445481222,
    10.326480686285));
#1879 = CARTESIAN_POINT('',(242.23804363535,-3.731831753564,
    10.347934447436));
#1880 = CARTESIAN_POINT('',(242.3048112002,-3.671419042707,
    10.369584989233));
#1881 = CARTESIAN_POINT('',(242.37066566459,-3.609186850073,
    10.391390993265));
#1882 = CARTESIAN_POINT('',(242.4355602557,-3.545113483911,
    10.413308860291));
#1883 = CARTESIAN_POINT('',(242.57792679324,-3.398170852329,
    10.462300230259));
#1884 = CARTESIAN_POINT('',(242.6548828346,-3.314353674385,
    10.489406814151));
#1885 = CARTESIAN_POINT('',(242.73021913311,-3.227680520507,
    10.516527774499));
#1886 = CARTESIAN_POINT('',(242.80382846733,-3.138109520897,
    10.54357101156));
#1887 = CARTESIAN_POINT('',(242.87558963947,-3.045600940913,
    10.570437013266));
#1888 = CARTESIAN_POINT('',(243.10485795401,-2.731870937556,
    10.657776696791));
#1889 = CARTESIAN_POINT('',(243.25438141361,-2.497541677386,
    10.717200146005));
#1890 = CARTESIAN_POINT('',(243.39175322337,-2.247190830692,
    10.773815889938));
#1891 = CARTESIAN_POINT('',(243.51468320285,-1.981089748955,
    10.825985971244));
#1892 = CARTESIAN_POINT('',(243.62073307944,-1.699763869206,
    10.871968446864));
#1893 = CARTESIAN_POINT('',(243.77168013761,-1.183851033066,
    10.93836309828));
#1894 = CARTESIAN_POINT('',(243.8252721593,-0.955693888648,
    10.962303960058));
#1895 = CARTESIAN_POINT('',(243.8665292979,-0.721326761392,
    10.980951063173));
#1896 = CARTESIAN_POINT('',(243.89443647724,-0.482622542064,
    10.993636189398));
#1897 = CARTESIAN_POINT('',(243.9084368817,-0.241526172653,11.));
#1898 = CARTESIAN_POINT('',(243.9084368817,0.,11.));
#1899 = PCURVE('',#182,#1900);
#1900 = DEFINITIONAL_REPRESENTATION('',(#1901),#2034);
#1901 = B_SPLINE_CURVE_WITH_KNOTS('',6,(#1902,#1903,#1904,#1905,#1906,
    #1907,#1908,#1909,#1910,#1911,#1912,#1913,#1914,#1915,#1916,#1917,
    #1918,#1919,#1920,#1921,#1922,#1923,#1924,#1925,#1926,#1927,#1928,
    #1929,#1930,#1931,#1932,#1933,#1934,#1935,#1936,#1937,#1938,#1939,
    #1940,#1941,#1942,#1943,#1944,#1945,#1946,#1947,#1948,#1949,#1950,
    #1951,#1952,#1953,#1954,#1955,#1956,#1957,#1958,#1959,#1960,#1961,
    #1962,#1963,#1964,#1965,#1966,#1967,#1968,#1969,#1970,#1971,#1972,
    #1973,#1974,#1975,#1976,#1977,#1978,#1979,#1980,#1981,#1982,#1983,
    #1984,#1985,#1986,#1987,#1988,#1989,#1990,#1991,#1992,#1993,#1994,
    #1995,#1996,#1997,#1998,#1999,#2000,#2001,#2002,#2003,#2004,#2005,
    #2006,#2007,#2008,#2009,#2010,#2011,#2012,#2013,#2014,#2015,#2016,
    #2017,#2018,#2019,#2020,#2021,#2022,#2023,#2024,#2025,#2026,#2027,
    #2028,#2029,#2030,#2031,#2032,#2033),.UNSPECIFIED.,.F.,.F.,(7,5,5,5,
    5,5,5,5,5,5,5,5,5,5,5,5,5,5,5,5,5,5,5,5,5,5,7),(0.,
    6.049181492863E-02,8.924647717397E-02,0.11112212814,0.127967462804,
    0.182473754191,0.213251201637,0.249205640099,0.315200579782,
    0.371382520085,0.389236415112,0.411170217806,0.46130408404,
    0.498635461642,0.559458353971,0.588370393204,0.610365771686,
    0.627303302467,0.682107911966,0.713053807306,0.749205027826,
    0.815561164085,0.872050590619,0.890002201764,0.91205605031,
    0.962464304108,1.),.UNSPECIFIED.);
#1902 = CARTESIAN_POINT('',(0.,5.));
#1903 = CARTESIAN_POINT('',(7.870226783677E-02,5.));
#1904 = CARTESIAN_POINT('',(0.156673474558,4.983107096905));
#1905 = CARTESIAN_POINT('',(0.233485495958,4.949910026076));
#1906 = CARTESIAN_POINT('',(0.308676135242,4.902661187716));
#1907 = CARTESIAN_POINT('',(0.381658701032,4.845085201744));
#1908 = CARTESIAN_POINT('',(0.484796507549,4.751184190466));
#1909 = CARTESIAN_POINT('',(0.517506249259,4.71939953395));
#1910 = CARTESIAN_POINT('',(0.549723509173,4.686391915795));
#1911 = CARTESIAN_POINT('',(0.581472834239,4.652451127788));
#1912 = CARTESIAN_POINT('',(0.61277689612,4.617847013835));
#1913 = CARTESIAN_POINT('',(0.667151747714,4.556185042376));
#1914 = CARTESIAN_POINT('',(0.690404743162,4.529297802308));
#1915 = CARTESIAN_POINT('',(0.71343087254,4.502269331065));
#1916 = CARTESIAN_POINT('',(0.736243767295,4.475196448971));
#1917 = CARTESIAN_POINT('',(0.758857012115,4.448168846252));
#1918 = CARTESIAN_POINT('',(0.79855414793,4.400554933126));
#1919 = CARTESIAN_POINT('',(0.815713647369,4.379916896906));
#1920 = CARTESIAN_POINT('',(0.83276871609,4.359392887388));
#1921 = CARTESIAN_POINT('',(0.849725223334,4.339019052422));
#1922 = CARTESIAN_POINT('',(0.866588834737,4.318829774708));
#1923 = CARTESIAN_POINT('',(0.937647532841,4.234234125712));
#1924 = CARTESIAN_POINT('',(0.991040119356,4.171854772894));
#1925 = CARTESIAN_POINT('',(1.043696905676,4.112866254007));
#1926 = CARTESIAN_POINT('',(1.09576070504,4.05823769034));
#1927 = CARTESIAN_POINT('',(1.147369161086,4.008785909576));
#1928 = CARTESIAN_POINT('',(1.227623220798,3.940589891097));
#1929 = CARTESIAN_POINT('',(1.256478249606,3.917854765363));
#1930 = CARTESIAN_POINT('',(1.285241058643,3.89712646436));
#1931 = CARTESIAN_POINT('',(1.313926805889,3.87851791652));
#1932 = CARTESIAN_POINT('',(1.342550733888,3.862123808717));
#1933 = CARTESIAN_POINT('',(1.404512538631,3.831545098999));
#1934 = CARTESIAN_POINT('',(1.437832490686,3.818196276947));
#1935 = CARTESIAN_POINT('',(1.471104497348,3.808099410008));
#1936 = CARTESIAN_POINT('',(1.504344705267,3.801339260622));
#1937 = CARTESIAN_POINT('',(1.537569542847,3.797958971133));
#1938 = CARTESIAN_POINT('',(1.631784613535,3.797958971133));
#1939 = CARTESIAN_POINT('',(1.69273983455,3.809347750888));
#1940 = CARTESIAN_POINT('',(1.753788910878,3.832102385085));
#1941 = CARTESIAN_POINT('',(1.815052814773,3.865749380918));
#1942 = CARTESIAN_POINT('',(1.876650343125,3.909361864737));
#1943 = CARTESIAN_POINT('',(1.991517582149,4.006104105485));
#1944 = CARTESIAN_POINT('',(2.044666594248,4.056857224253));
#1945 = CARTESIAN_POINT('',(2.098295692474,4.113129155085));
#1946 = CARTESIAN_POINT('',(2.152555272737,4.174029217492));
#1947 = CARTESIAN_POINT('',(2.207601565595,4.238494948398));
#1948 = CARTESIAN_POINT('',(2.281400608693,4.326480686285));
#1949 = CARTESIAN_POINT('',(2.299296820414,4.347934447436));
#1950 = CARTESIAN_POINT('',(2.317298997757,4.369584989233));
#1951 = CARTESIAN_POINT('',(2.33541393352,4.391390993265));
#1952 = CARTESIAN_POINT('',(2.353648667308,4.413308860291));
#1953 = CARTESIAN_POINT('',(2.394568280203,4.462300230259));
#1954 = CARTESIAN_POINT('',(2.417317644055,4.489406814151));
#1955 = CARTESIAN_POINT('',(2.440272298931,4.516527774499));
#1956 = CARTESIAN_POINT('',(2.463445937188,4.54357101156));
#1957 = CARTESIAN_POINT('',(2.486852221699,4.570437013266));
#1958 = CARTESIAN_POINT('',(2.564567207398,4.65777669679));
#1959 = CARTESIAN_POINT('',(2.620050540582,4.717200146005));
#1960 = CARTESIAN_POINT('',(2.676971317976,4.773815889938));
#1961 = CARTESIAN_POINT('',(2.735375192467,4.825985971244));
#1962 = CARTESIAN_POINT('',(2.795332446529,4.871968446864));
#1963 = CARTESIAN_POINT('',(2.902840784599,4.938363098279));
#1964 = CARTESIAN_POINT('',(2.949645989854,4.962303960058));
#1965 = CARTESIAN_POINT('',(2.997124395604,4.980951063173));
#1966 = CARTESIAN_POINT('',(3.045068149348,4.993636189398));
#1967 = CARTESIAN_POINT('',(3.093287419059,5.));
#1968 = CARTESIAN_POINT('',(3.220294921427,5.));
#1969 = CARTESIAN_POINT('',(3.298266128148,4.983107096905));
#1970 = CARTESIAN_POINT('',(3.375078149548,4.949910026076));
#1971 = CARTESIAN_POINT('',(3.450268788832,4.902661187716));
#1972 = CARTESIAN_POINT('',(3.523251354622,4.845085201744));
#1973 = CARTESIAN_POINT('',(3.626389161153,4.751184190453));
#1974 = CARTESIAN_POINT('',(3.659098902845,4.719399533952));
#1975 = CARTESIAN_POINT('',(3.691316162749,4.686391915808));
#1976 = CARTESIAN_POINT('',(3.723065487825,4.652451127793));
#1977 = CARTESIAN_POINT('',(3.754369549722,4.617847013821));
#1978 = CARTESIAN_POINT('',(3.808744401304,4.556185042376));
#1979 = CARTESIAN_POINT('',(3.831997396752,4.529297802308));
#1980 = CARTESIAN_POINT('',(3.85502352613,4.502269331065));
#1981 = CARTESIAN_POINT('',(3.877836420884,4.475196448971));
#1982 = CARTESIAN_POINT('',(3.900449665705,4.448168846252));
#1983 = CARTESIAN_POINT('',(3.94014680152,4.400554933126));
#1984 = CARTESIAN_POINT('',(3.957306300959,4.379916896906));
#1985 = CARTESIAN_POINT('',(3.97436136968,4.359392887388));
#1986 = CARTESIAN_POINT('',(3.991317876924,4.339019052422));
#1987 = CARTESIAN_POINT('',(4.008181488327,4.318829774708));
#1988 = CARTESIAN_POINT('',(4.07924018643,4.234234125713));
#1989 = CARTESIAN_POINT('',(4.132632772946,4.171854772893));
#1990 = CARTESIAN_POINT('',(4.185289559266,4.112866254007));
#1991 = CARTESIAN_POINT('',(4.23735335863,4.05823769034));
#1992 = CARTESIAN_POINT('',(4.288961814675,4.008785909576));
#1993 = CARTESIAN_POINT('',(4.369215874388,3.940589891097));
#1994 = CARTESIAN_POINT('',(4.398070903196,3.917854765363));
#1995 = CARTESIAN_POINT('',(4.426833712233,3.89712646436));
#1996 = CARTESIAN_POINT('',(4.455519459479,3.87851791652));
#1997 = CARTESIAN_POINT('',(4.484143387478,3.862123808717));
#1998 = CARTESIAN_POINT('',(4.546105192221,3.831545098999));
#1999 = CARTESIAN_POINT('',(4.579425144276,3.818196276947));
#2000 = CARTESIAN_POINT('',(4.612697150937,3.808099410008));
#2001 = CARTESIAN_POINT('',(4.645937358856,3.801339260622));
#2002 = CARTESIAN_POINT('',(4.679162196437,3.797958971133));
#2003 = CARTESIAN_POINT('',(4.773377267125,3.797958971133));
#2004 = CARTESIAN_POINT('',(4.834332488139,3.809347750888));
#2005 = CARTESIAN_POINT('',(4.895381564468,3.832102385085));
#2006 = CARTESIAN_POINT('',(4.956645468363,3.865749380918));
#2007 = CARTESIAN_POINT('',(5.018242996715,3.909361864737));
#2008 = CARTESIAN_POINT('',(5.133110233059,4.006104103228));
#2009 = CARTESIAN_POINT('',(5.186259252352,4.056857228801));
#2010 = CARTESIAN_POINT('',(5.239888345905,4.113129154462));
#2011 = CARTESIAN_POINT('',(5.294147921734,4.174029212645));
#2012 = CARTESIAN_POINT('',(5.349194222193,4.238494951985));
#2013 = CARTESIAN_POINT('',(5.422993262282,4.326480686285));
#2014 = CARTESIAN_POINT('',(5.440889474004,4.347934447436));
#2015 = CARTESIAN_POINT('',(5.458891651347,4.369584989233));
#2016 = CARTESIAN_POINT('',(5.47700658711,4.391390993265));
#2017 = CARTESIAN_POINT('',(5.495241320898,4.413308860291));
#2018 = CARTESIAN_POINT('',(5.536160933793,4.462300230259));
#2019 = CARTESIAN_POINT('',(5.558910297645,4.489406814151));
#2020 = CARTESIAN_POINT('',(5.581864952521,4.516527774499));
#2021 = CARTESIAN_POINT('',(5.605038590778,4.54357101156));
#2022 = CARTESIAN_POINT('',(5.628444875289,4.570437013266));
#2023 = CARTESIAN_POINT('',(5.706159860988,4.657776696791));
#2024 = CARTESIAN_POINT('',(5.761643194172,4.717200146005));
#2025 = CARTESIAN_POINT('',(5.818563971566,4.773815889938));
#2026 = CARTESIAN_POINT('',(5.876967846057,4.825985971244));
#2027 = CARTESIAN_POINT('',(5.936925100119,4.871968446864));
#2028 = CARTESIAN_POINT('',(6.044433438189,4.93836309828));
#2029 = CARTESIAN_POINT('',(6.091238643444,4.962303960058));
#2030 = CARTESIAN_POINT('',(6.138717049194,4.980951063173));
#2031 = CARTESIAN_POINT('',(6.186660802938,4.993636189398));
#2032 = CARTESIAN_POINT('',(6.234880072649,5.));
#2033 = CARTESIAN_POINT('',(6.28318530718,5.));
#2034 = ( GEOMETRIC_REPRESENTATION_CONTEXT(2) 
PARAMETRIC_REPRESENTATION_CONTEXT() REPRESENTATION_CONTEXT('2D SPACE',''
  ) );
#2035 = PCURVE('',#2036,#2041);
#2036 = CYLINDRICAL_SURFACE('',#2037,11.);
#2037 = AXIS2_PLACEMENT_3D('',#2038,#2039,#2040);
#2038 = CARTESIAN_POINT('',(0.,0.,-5.013797626347E-14));
#2039 = DIRECTION('',(1.,0.,2.22044604925E-16));
#2040 = DIRECTION('',(2.22044604925E-16,0.,-1.));
#2041 = DEFINITIONAL_REPRESENTATION('',(#2042),#2175);
#2042 = B_SPLINE_CURVE_WITH_KNOTS('',6,(#2043,#2044,#2045,#2046,#2047,
    #2048,#2049,#2050,#2051,#2052,#2053,#2054,#2055,#2056,#2057,#2058,
    #2059,#2060,#2061,#2062,#2063,#2064,#2065,#2066,#2067,#2068,#2069,
    #2070,#2071,#2072,#2073,#2074,#2075,#2076,#2077,#2078,#2079,#2080,
    #2081,#2082,#2083,#2084,#2085,#2086,#2087,#2088,#2089,#2090,#2091,
    #2092,#2093,#2094,#2095,#2096,#2097,#2098,#2099,#2100,#2101,#2102,
    #2103,#2104,#2105,#2106,#2107,#2108,#2109,#2110,#2111,#2112,#2113,
    #2114,#2115,#2116,#2117,#2118,#2119,#2120,#2121,#2122,#2123,#2124,
    #2125,#2126,#2127,#2128,#2129,#2130,#2131,#2132,#2133,#2134,#2135,
    #2136,#2137,#2138,#2139,#2140,#2141,#2142,#2143,#2144,#2145,#2146,
    #2147,#2148,#2149,#2150,#2151,#2152,#2153,#2154,#2155,#2156,#2157,
    #2158,#2159,#2160,#2161,#2162,#2163,#2164,#2165,#2166,#2167,#2168,
    #2169,#2170,#2171,#2172,#2173,#2174),.UNSPECIFIED.,.T.,.F.,(7,5,5,5,
    5,5,5,5,5,5,5,5,5,5,5,5,5,5,5,5,5,5,5,5,5,5,7),(0.,
    6.049181492863E-02,8.924647717397E-02,0.11112212814,0.127967462804,
    0.182473754191,0.213251201637,0.249205640099,0.315200579782,
    0.371382520085,0.389236415112,0.411170217806,0.46130408404,
    0.498635461642,0.559458353971,0.588370393204,0.610365771686,
    0.627303302467,0.682107911966,0.713053807306,0.749205027826,
    0.815561164085,0.872050590619,0.890002201764,0.91205605031,
    0.962464304108,1.),.UNSPECIFIED.);
#2043 = CARTESIAN_POINT('',(3.14159265359,243.9084368817));
#2044 = CARTESIAN_POINT('',(3.105818895482,243.9084368817));
#2045 = CARTESIAN_POINT('',(3.070377351128,243.87127224768));
#2046 = CARTESIAN_POINT('',(3.035779696922,243.79823971308));
#2047 = CARTESIAN_POINT('',(3.002520676884,243.69264653126));
#2048 = CARTESIAN_POINT('',(2.971086665711,243.5597901628));
#2049 = CARTESIAN_POINT('',(2.928049845726,243.33475624217));
#2050 = CARTESIAN_POINT('',(2.914622365387,243.25742633245));
#2051 = CARTESIAN_POINT('',(2.901634403028,243.17570340789));
#2052 = CARTESIAN_POINT('',(2.889086267335,243.08998383742));
#2053 = CARTESIAN_POINT('',(2.876977507737,243.00062887494));
#2054 = CARTESIAN_POINT('',(2.856427821449,242.83747015319));
#2055 = CARTESIAN_POINT('',(2.847800905294,242.76504778708));
#2056 = CARTESIAN_POINT('',(2.839423850574,242.69082836847));
#2057 = CARTESIAN_POINT('',(2.831294595059,242.61492842678));
#2058 = CARTESIAN_POINT('',(2.823411063159,242.5374510888));
#2059 = CARTESIAN_POINT('',(2.80988806668,242.39767911009));
#2060 = CARTESIAN_POINT('',(2.804149503151,242.33599074646));
#2061 = CARTESIAN_POINT('',(2.798554582401,242.27346242991));
#2062 = CARTESIAN_POINT('',(2.793102522646,242.21013258105));
#2063 = CARTESIAN_POINT('',(2.787792653258,242.14603659899));
#2064 = CARTESIAN_POINT('',(2.765901593947,241.87143788738));
#2065 = CARTESIAN_POINT('',(2.750653787835,241.65388995269));
#2066 = CARTESIAN_POINT('',(2.736873821184,241.42976667963));
#2067 = CARTESIAN_POINT('',(2.724560327175,241.2000104307));
#2068 = CARTESIAN_POINT('',(2.713718521868,240.96536936608));
#2069 = CARTESIAN_POINT('',(2.699077161204,240.59156480892));
#2070 = CARTESIAN_POINT('',(2.694267737393,240.45533536725));
#2071 = CARTESIAN_POINT('',(2.689936404901,240.31793359945));
#2072 = CARTESIAN_POINT('',(2.686086566679,240.17950951337));
#2073 = CARTESIAN_POINT('',(2.682721330956,240.04020570132));
#2074 = CARTESIAN_POINT('',(2.676481621274,239.7365518236));
#2075 = CARTESIAN_POINT('',(2.67378500012,239.57193564507));
#2076 = CARTESIAN_POINT('',(2.671758894733,239.40656589549));
#2077 = CARTESIAN_POINT('',(2.670406879387,239.24069498415));
#2078 = CARTESIAN_POINT('',(2.66973081631,239.07457080144));
#2079 = CARTESIAN_POINT('',(2.66973081631,238.603495448));
#2080 = CARTESIAN_POINT('',(2.67200857009,238.29871933213));
#2081 = CARTESIAN_POINT('',(2.676559507914,237.99551564411));
#2082 = CARTESIAN_POINT('',(2.683365125262,237.69530996656));
#2083 = CARTESIAN_POINT('',(2.692391698092,237.39962385765));
#2084 = CARTESIAN_POINT('',(2.713127707281,236.86371967326));
#2085 = CARTESIAN_POINT('',(2.724239160344,236.62177715749));
#2086 = CARTESIAN_POINT('',(2.736912767671,236.38499578702));
#2087 = CARTESIAN_POINT('',(2.751142814941,236.15418999406));
#2088 = CARTESIAN_POINT('',(2.766931003874,235.93039351513));
#2089 = CARTESIAN_POINT('',(2.789800602295,235.64646796721));
#2090 = CARTESIAN_POINT('',(2.795474725732,235.57883012805));
#2091 = CARTESIAN_POINT('',(2.801308615298,235.5120625632));
#2092 = CARTESIAN_POINT('',(2.807303099116,235.44620809881));
#2093 = CARTESIAN_POINT('',(2.813459139712,235.3813135077));
#2094 = CARTESIAN_POINT('',(2.827540453544,235.23894697016));
#2095 = CARTESIAN_POINT('',(2.83554844489,235.1619909288));
#2096 = CARTESIAN_POINT('',(2.843803970921,235.08665463029));
#2097 = CARTESIAN_POINT('',(2.852309127374,235.01304529607));
#2098 = CARTESIAN_POINT('',(2.861065942849,234.94128412393));
#2099 = CARTESIAN_POINT('',(2.890671439229,234.71201580939));
#2100 = CARTESIAN_POINT('',(2.91264249071,234.5624923498));
#2101 = CARTESIAN_POINT('',(2.935963984435,234.42512054003));
#2102 = CARTESIAN_POINT('',(2.96059835219,234.30219056055));
#2103 = CARTESIAN_POINT('',(2.986497802664,234.19614068396));
#2104 = CARTESIAN_POINT('',(3.033785763865,234.04519362579));
#2105 = CARTESIAN_POINT('',(3.054635472914,233.9916016041));
#2106 = CARTESIAN_POINT('',(3.075998456141,233.9503444655));
#2107 = CARTESIAN_POINT('',(3.097717872799,233.92243728616));
#2108 = CARTESIAN_POINT('',(3.119635728803,233.9084368817));
#2109 = CARTESIAN_POINT('',(3.177366411697,233.9084368817));
#2110 = CARTESIAN_POINT('',(3.212807956052,233.94560151573));
#2111 = CARTESIAN_POINT('',(3.247405610258,234.01863405032));
#2112 = CARTESIAN_POINT('',(3.280664630295,234.12422723214));
#2113 = CARTESIAN_POINT('',(3.312098641468,234.2570836006));
#2114 = CARTESIAN_POINT('',(3.35513546146,234.48211752126));
#2115 = CARTESIAN_POINT('',(3.368562941791,234.55944743095));
#2116 = CARTESIAN_POINT('',(3.381550904146,234.64117035547));
#2117 = CARTESIAN_POINT('',(3.394099039843,234.72688992597));
#2118 = CARTESIAN_POINT('',(3.406207799447,234.8162448885));
#2119 = CARTESIAN_POINT('',(3.42675748573,234.97940361022));
#2120 = CARTESIAN_POINT('',(3.435384401886,235.05182597633));
#2121 = CARTESIAN_POINT('',(3.443761456606,235.12604539493));
#2122 = CARTESIAN_POINT('',(3.451890712121,235.20194533662));
#2123 = CARTESIAN_POINT('',(3.45977424402,235.2794226746));
#2124 = CARTESIAN_POINT('',(3.4732972405,235.41919465331));
#2125 = CARTESIAN_POINT('',(3.479035804028,235.48088301694));
#2126 = CARTESIAN_POINT('',(3.484630724778,235.54341133349));
#2127 = CARTESIAN_POINT('',(3.490082784533,235.60674118235));
#2128 = CARTESIAN_POINT('',(3.495392653921,235.67083716441));
#2129 = CARTESIAN_POINT('',(3.517283713233,235.94543587602));
#2130 = CARTESIAN_POINT('',(3.532531519345,236.16298381071));
#2131 = CARTESIAN_POINT('',(3.546311485995,236.38710708377));
#2132 = CARTESIAN_POINT('',(3.558624980005,236.6168633327));
#2133 = CARTESIAN_POINT('',(3.569466785312,236.85150439732));
#2134 = CARTESIAN_POINT('',(3.584108145976,237.22530895448));
#2135 = CARTESIAN_POINT('',(3.588917569787,237.36153839615));
#2136 = CARTESIAN_POINT('',(3.593248902278,237.49894016395));
#2137 = CARTESIAN_POINT('',(3.597098740501,237.63736425003));
#2138 = CARTESIAN_POINT('',(3.600463976224,237.77666806208));
#2139 = CARTESIAN_POINT('',(3.606703685906,238.0803219398));
#2140 = CARTESIAN_POINT('',(3.60940030706,238.24493811833));
#2141 = CARTESIAN_POINT('',(3.611426412447,238.41030786791));
#2142 = CARTESIAN_POINT('',(3.612778427792,238.57617877925));
#2143 = CARTESIAN_POINT('',(3.613454490869,238.74230296196));
#2144 = CARTESIAN_POINT('',(3.613454490869,239.2133783154));
#2145 = CARTESIAN_POINT('',(3.61117673709,239.51815443127));
#2146 = CARTESIAN_POINT('',(3.606625799266,239.82135811929));
#2147 = CARTESIAN_POINT('',(3.599820181918,240.12156379684));
#2148 = CARTESIAN_POINT('',(3.590793609088,240.41724990575));
#2149 = CARTESIAN_POINT('',(3.570057600383,240.95315407764));
#2150 = CARTESIAN_POINT('',(3.558946145757,241.19509662537));
#2151 = CARTESIAN_POINT('',(3.546272539718,241.43187797678));
#2152 = CARTESIAN_POINT('',(3.532042493416,241.66268375006));
#2153 = CARTESIAN_POINT('',(3.516254302373,241.88648025984));
#2154 = CARTESIAN_POINT('',(3.493384704885,242.17040579619));
#2155 = CARTESIAN_POINT('',(3.487710581448,242.23804363535));
#2156 = CARTESIAN_POINT('',(3.481876691881,242.3048112002));
#2157 = CARTESIAN_POINT('',(3.475882208063,242.37066566459));
#2158 = CARTESIAN_POINT('',(3.469726167467,242.4355602557));
#2159 = CARTESIAN_POINT('',(3.455644853635,242.57792679324));
#2160 = CARTESIAN_POINT('',(3.44763686229,242.6548828346));
#2161 = CARTESIAN_POINT('',(3.439381336258,242.73021913311));
#2162 = CARTESIAN_POINT('',(3.430876179806,242.80382846733));
#2163 = CARTESIAN_POINT('',(3.42211936433,242.87558963947));
#2164 = CARTESIAN_POINT('',(3.392513867951,243.10485795401));
#2165 = CARTESIAN_POINT('',(3.37054281647,243.25438141361));
#2166 = CARTESIAN_POINT('',(3.347221322745,243.39175322337));
#2167 = CARTESIAN_POINT('',(3.322586954989,243.51468320285));
#2168 = CARTESIAN_POINT('',(3.296687504516,243.62073307944));
#2169 = CARTESIAN_POINT('',(3.249399543314,243.77168013761));
#2170 = CARTESIAN_POINT('',(3.228549834265,243.8252721593));
#2171 = CARTESIAN_POINT('',(3.207186851038,243.8665292979));
#2172 = CARTESIAN_POINT('',(3.185467434381,243.89443647724));
#2173 = CARTESIAN_POINT('',(3.163549578376,243.9084368817));
#2174 = CARTESIAN_POINT('',(3.14159265359,243.9084368817));
#2175 = ( GEOMETRIC_REPRESENTATION_CONTEXT(2) 
PARAMETRIC_REPRESENTATION_CONTEXT() REPRESENTATION_CONTEXT('2D SPACE',''
  ) );
#2176 = ORIENTED_EDGE('',*,*,#1741,.T.);
#2177 = ORIENTED_EDGE('',*,*,#211,.F.);
#2178 = ORIENTED_EDGE('',*,*,#1718,.T.);
#2179 = ORIENTED_EDGE('',*,*,#2180,.F.);
#2180 = EDGE_CURVE('',#1674,#1643,#2181,.T.);
#2181 = SURFACE_CURVE('',#2182,(#2245,#2311),.PCURVE_S1.);
#2182 = B_SPLINE_CURVE_WITH_KNOTS('',6,(#2183,#2184,#2185,#2186,#2187,
    #2188,#2189,#2190,#2191,#2192,#2193,#2194,#2195,#2196,#2197,#2198,
    #2199,#2200,#2201,#2202,#2203,#2204,#2205,#2206,#2207,#2208,#2209,
    #2210,#2211,#2212,#2213,#2214,#2215,#2216,#2217,#2218,#2219,#2220,
    #2221,#2222,#2223,#2224,#2225,#2226,#2227,#2228,#2229,#2230,#2231,
    #2232,#2233,#2234,#2235,#2236,#2237,#2238,#2239,#2240,#2241,#2242,
    #2243,#2244),.UNSPECIFIED.,.F.,.F.,(7,5,5,5,5,5,5,5,5,5,5,5,7),(0.,
    2.970993675744E-02,0.117756240309,0.227218095785,0.34081211142,
    0.43649443615,0.49999999988,0.563505563623,0.659187888399,
    0.772781904094,0.882243759628,0.970290063227,1.),.UNSPECIFIED.);
#2183 = CARTESIAN_POINT('',(241.0000006,4.541515299139,14.715115996406)
  );
#2184 = CARTESIAN_POINT('',(240.91635606438,4.580037216255,
    14.703227005794));
#2185 = CARTESIAN_POINT('',(240.83217433264,4.616565836714,
    14.691820680254));
#2186 = CARTESIAN_POINT('',(240.74749362628,4.651114946602,
    14.680917953389));
#2187 = CARTESIAN_POINT('',(240.66235095634,4.683696858634,
    14.670538000516));
#2188 = CARTESIAN_POINT('',(240.5767821234,4.714322412153,
    14.660698238664));
#2189 = CARTESIAN_POINT('',(240.23607543378,4.827990763096,
    14.62390116999));
#2190 = CARTESIAN_POINT('',(239.97785386647,4.895893674196,
    14.601265940589));
#2191 = CARTESIAN_POINT('',(239.71710928423,4.946929395759,
    14.583924197429));
#2192 = CARTESIAN_POINT('',(239.45469686729,4.98124857527,
    14.572149967748));
#2193 = CARTESIAN_POINT('',(239.19141937033,4.998927278043,
    14.566081397011));
#2194 = CARTESIAN_POINT('',(238.60067001912,5.001247157246,
    14.565285054539));
#2195 = CARTESIAN_POINT('',(238.27328589265,4.976806301893,
    14.573675182677));
#2196 = CARTESIAN_POINT('',(237.94742154343,4.926667334547,
    14.590896054701));
#2197 = CARTESIAN_POINT('',(237.62459354745,4.850653904916,
    14.616643422376));
#2198 = CARTESIAN_POINT('',(237.30647202056,4.748405429531,
    14.650287861353));
#2199 = CARTESIAN_POINT('',(236.67181016565,4.485519881708,
    14.732949696963));
#2200 = CARTESIAN_POINT('',(236.35590375411,4.322873429196,
    14.782483716964));
#2201 = CARTESIAN_POINT('',(236.04903206261,4.130726823181,
    14.838408173991));
#2202 = CARTESIAN_POINT('',(235.75347426014,3.907929193702,
    14.899333967913));
#2203 = CARTESIAN_POINT('',(235.47240728715,3.65313514868,
    14.963346897794));
#2204 = CARTESIAN_POINT('',(234.98948796568,3.122413744019,
    15.082186946308));
#2205 = CARTESIAN_POINT('',(234.78138165632,2.855326519993,15.1370563524
    ));
#2206 = CARTESIAN_POINT('',(234.58956805814,2.563583108552,
    15.190724770118));
#2207 = CARTESIAN_POINT('',(234.41796307302,2.247368747374,
    15.241091668401));
#2208 = CARTESIAN_POINT('',(234.27087681028,1.907397603034,
    15.28575937436));
#2209 = CARTESIAN_POINT('',(234.07502038797,1.304613516429,
    15.346543522986));
#2210 = CARTESIAN_POINT('',(234.00984349521,1.054367100679,
    15.367203232835));
#2211 = CARTESIAN_POINT('',(233.95956828073,0.796431961056,
    15.383398765655));
#2212 = CARTESIAN_POINT('',(233.92552225811,0.533106707847,
    15.394452835291));
#2213 = CARTESIAN_POINT('',(233.9084368817,0.26681244892,15.4));
#2214 = CARTESIAN_POINT('',(233.9084368817,-0.266812448974,15.4));
#2215 = CARTESIAN_POINT('',(233.92552225811,-0.533106707833,
    15.394452835289));
#2216 = CARTESIAN_POINT('',(233.95956828072,-0.796431961002,
    15.383398765658));
#2217 = CARTESIAN_POINT('',(234.0098434952,-1.054367100665,
    15.367203232839));
#2218 = CARTESIAN_POINT('',(234.07502038799,-1.304613516482,
    15.346543522981));
#2219 = CARTESIAN_POINT('',(234.27087681029,-1.907397603052,
    15.285759374358));
#2220 = CARTESIAN_POINT('',(234.41796307302,-2.24736874737,15.2410916684
    ));
#2221 = CARTESIAN_POINT('',(234.58956805813,-2.563583108534,
    15.190724770121));
#2222 = CARTESIAN_POINT('',(234.78138165631,-2.85532651999,
    15.137056352402));
#2223 = CARTESIAN_POINT('',(234.98948796569,-3.122413744033,
    15.082186946304));
#2224 = CARTESIAN_POINT('',(235.47240728715,-3.65313514868,
    14.963346897795));
#2225 = CARTESIAN_POINT('',(235.75347426014,-3.907929193703,
    14.899333967913));
#2226 = CARTESIAN_POINT('',(236.04903206261,-4.130726823181,
    14.838408173991));
#2227 = CARTESIAN_POINT('',(236.35590375411,-4.322873429196,
    14.782483716964));
#2228 = CARTESIAN_POINT('',(236.67181016565,-4.485519881708,
    14.732949696963));
#2229 = CARTESIAN_POINT('',(237.30647202056,-4.748405429531,
    14.650287861353));
#2230 = CARTESIAN_POINT('',(237.62459354745,-4.850653904916,
    14.616643422376));
#2231 = CARTESIAN_POINT('',(237.94742154343,-4.926667334547,
    14.590896054701));
#2232 = CARTESIAN_POINT('',(238.27328589265,-4.976806301893,
    14.573675182677));
#2233 = CARTESIAN_POINT('',(238.60067001912,-5.001247157246,
    14.565285054539));
#2234 = CARTESIAN_POINT('',(239.19141937033,-4.998927278043,
    14.566081397011));
#2235 = CARTESIAN_POINT('',(239.45469686729,-4.98124857527,
    14.572149967748));
#2236 = CARTESIAN_POINT('',(239.71710928423,-4.94692939576,
    14.583924197429));
#2237 = CARTESIAN_POINT('',(239.97785386647,-4.895893674196,
    14.601265940589));
#2238 = CARTESIAN_POINT('',(240.23607543378,-4.827990763096,
    14.62390116999));
#2239 = CARTESIAN_POINT('',(240.5767821234,-4.714322412153,
    14.660698238664));
#2240 = CARTESIAN_POINT('',(240.66235095634,-4.683696858634,
    14.670538000516));
#2241 = CARTESIAN_POINT('',(240.74749362628,-4.651114946602,
    14.680917953389));
#2242 = CARTESIAN_POINT('',(240.83217433264,-4.616565836714,
    14.691820680254));
#2243 = CARTESIAN_POINT('',(240.91635606438,-4.580037216255,
    14.703227005794));
#2244 = CARTESIAN_POINT('',(241.0000006,-4.541515299139,14.715115996406)
  );
#2245 = PCURVE('',#182,#2246);
#2246 = DEFINITIONAL_REPRESENTATION('',(#2247),#2310);
#2247 = B_SPLINE_CURVE_WITH_KNOTS('',6,(#2248,#2249,#2250,#2251,#2252,
    #2253,#2254,#2255,#2256,#2257,#2258,#2259,#2260,#2261,#2262,#2263,
    #2264,#2265,#2266,#2267,#2268,#2269,#2270,#2271,#2272,#2273,#2274,
    #2275,#2276,#2277,#2278,#2279,#2280,#2281,#2282,#2283,#2284,#2285,
    #2286,#2287,#2288,#2289,#2290,#2291,#2292,#2293,#2294,#2295,#2296,
    #2297,#2298,#2299,#2300,#2301,#2302,#2303,#2304,#2305,#2306,#2307,
    #2308,#2309),.UNSPECIFIED.,.F.,.F.,(7,5,5,5,5,5,5,5,5,5,5,5,7),(0.,
    2.970993675744E-02,0.117756240309,0.227218095785,0.34081211142,
    0.43649443615,0.49999999988,0.563505563623,0.659187888399,
    0.772781904094,0.882243759628,0.970290063227,1.),.UNSPECIFIED.);
#2248 = CARTESIAN_POINT('',(1.13920939489,8.715115996406));
#2249 = CARTESIAN_POINT('',(1.157627154186,8.703227005794));
#2250 = CARTESIAN_POINT('',(1.175975753376,8.691820680254));
#2251 = CARTESIAN_POINT('',(1.194260596535,8.680917953389));
#2252 = CARTESIAN_POINT('',(1.21248685102,8.670538000516));
#2253 = CARTESIAN_POINT('',(1.230659447469,8.660698238664));
#2254 = CARTESIAN_POINT('',(1.302493016879,8.62390116999));
#2255 = CARTESIAN_POINT('',(1.355780811229,8.601265940589));
#2256 = CARTESIAN_POINT('',(1.408758352518,8.583924197429));
#2257 = CARTESIAN_POINT('',(1.461530469637,8.572149967748));
#2258 = CARTESIAN_POINT('',(1.514199412858,8.566081397011));
#2259 = CARTESIAN_POINT('',(1.632350194116,8.565285054539));
#2260 = CARTESIAN_POINT('',(1.697807160966,8.573675182677));
#2261 = CARTESIAN_POINT('',(1.763445887832,8.590896054701));
#2262 = CARTESIAN_POINT('',(1.82946553094,8.616643422376));
#2263 = CARTESIAN_POINT('',(1.896072700289,8.650287861353));
#2264 = CARTESIAN_POINT('',(2.033463308604,8.732949696963));
#2265 = CARTESIAN_POINT('',(2.104283770691,8.782483716964));
#2266 = CARTESIAN_POINT('',(2.176308404953,8.838408173991));
#2267 = CARTESIAN_POINT('',(2.249898922998,8.899333967913));
#2268 = CARTESIAN_POINT('',(2.325422092756,8.963346897794));
#2269 = CARTESIAN_POINT('',(2.46893185276,9.082186946308));
#2270 = CARTESIAN_POINT('',(2.53645278047,9.1370563524));
#2271 = CARTESIAN_POINT('',(2.605935897005,9.190724770118));
#2272 = CARTESIAN_POINT('',(2.677484909492,9.241091668401));
#2273 = CARTESIAN_POINT('',(2.751241779225,9.28575937436));
#2274 = CARTESIAN_POINT('',(2.878002718513,9.346543522986));
#2275 = CARTESIAN_POINT('',(2.929630562782,9.367203232835));
#2276 = CARTESIAN_POINT('',(2.982032720906,9.383398765655));
#2277 = CARTESIAN_POINT('',(3.034971317797,9.394452835291));
#2278 = CARTESIAN_POINT('',(3.088230163806,9.4));
#2279 = CARTESIAN_POINT('',(3.194955143385,9.4));
#2280 = CARTESIAN_POINT('',(3.24821398938,9.394452835289));
#2281 = CARTESIAN_POINT('',(3.301152586263,9.383398765658));
#2282 = CARTESIAN_POINT('',(3.353554744395,9.367203232839));
#2283 = CARTESIAN_POINT('',(3.405182588678,9.346543522981));
#2284 = CARTESIAN_POINT('',(3.531943527958,9.285759374358));
#2285 = CARTESIAN_POINT('',(3.605700397687,9.2410916684));
#2286 = CARTESIAN_POINT('',(3.677249410171,9.190724770121));
#2287 = CARTESIAN_POINT('',(3.746732526709,9.137056352402));
#2288 = CARTESIAN_POINT('',(3.814253454423,9.082186946304));
#2289 = CARTESIAN_POINT('',(3.957763214424,8.963346897795));
#2290 = CARTESIAN_POINT('',(4.033286384182,8.899333967913));
#2291 = CARTESIAN_POINT('',(4.106876902227,8.838408173991));
#2292 = CARTESIAN_POINT('',(4.178901536488,8.782483716964));
#2293 = CARTESIAN_POINT('',(4.249721998575,8.732949696963));
#2294 = CARTESIAN_POINT('',(4.38711260689,8.650287861353));
#2295 = CARTESIAN_POINT('',(4.453719776239,8.616643422376));
#2296 = CARTESIAN_POINT('',(4.519739419348,8.590896054701));
#2297 = CARTESIAN_POINT('',(4.585378146213,8.573675182677));
#2298 = CARTESIAN_POINT('',(4.650835113064,8.565285054539));
#2299 = CARTESIAN_POINT('',(4.768985894321,8.566081397011));
#2300 = CARTESIAN_POINT('',(4.821654837542,8.572149967748));
#2301 = CARTESIAN_POINT('',(4.874426954662,8.583924197429));
#2302 = CARTESIAN_POINT('',(4.92740449595,8.601265940589));
#2303 = CARTESIAN_POINT('',(4.9806922903,8.62390116999));
#2304 = CARTESIAN_POINT('',(5.05252585971,8.660698238664));
#2305 = CARTESIAN_POINT('',(5.07069845616,8.670538000516));
#2306 = CARTESIAN_POINT('',(5.088924710645,8.680917953389));
#2307 = CARTESIAN_POINT('',(5.107209553804,8.691820680254));
#2308 = CARTESIAN_POINT('',(5.125558152994,8.703227005794));
#2309 = CARTESIAN_POINT('',(5.14397591229,8.715115996406));
#2310 = ( GEOMETRIC_REPRESENTATION_CONTEXT(2) 
PARAMETRIC_REPRESENTATION_CONTEXT() REPRESENTATION_CONTEXT('2D SPACE',''
  ) );
#2311 = PCURVE('',#1661,#2312);
#2312 = DEFINITIONAL_REPRESENTATION('',(#2313),#2376);
#2313 = B_SPLINE_CURVE_WITH_KNOTS('',6,(#2314,#2315,#2316,#2317,#2318,
    #2319,#2320,#2321,#2322,#2323,#2324,#2325,#2326,#2327,#2328,#2329,
    #2330,#2331,#2332,#2333,#2334,#2335,#2336,#2337,#2338,#2339,#2340,
    #2341,#2342,#2343,#2344,#2345,#2346,#2347,#2348,#2349,#2350,#2351,
    #2352,#2353,#2354,#2355,#2356,#2357,#2358,#2359,#2360,#2361,#2362,
    #2363,#2364,#2365,#2366,#2367,#2368,#2369,#2370,#2371,#2372,#2373,
    #2374,#2375),.UNSPECIFIED.,.F.,.F.,(7,5,5,5,5,5,5,5,5,5,5,5,7),(0.,
    2.970993675744E-02,0.117756240309,0.227218095785,0.34081211142,
    0.43649443615,0.49999999988,0.563505563623,0.659187888399,
    0.772781904094,0.882243759628,0.970290063227,1.),.UNSPECIFIED.);
#2314 = CARTESIAN_POINT('',(2.842238032798,22.0000006));
#2315 = CARTESIAN_POINT('',(2.839620186148,21.91635606438));
#2316 = CARTESIAN_POINT('',(2.837135259904,21.832174332645));
#2317 = CARTESIAN_POINT('',(2.834782770092,21.747493626285));
#2318 = CARTESIAN_POINT('',(2.832562301975,21.662350956341));
#2319 = CARTESIAN_POINT('',(2.830473510054,21.576782123403));
#2320 = CARTESIAN_POINT('',(2.822715327233,21.236075433788));
#2321 = CARTESIAN_POINT('',(2.818067681273,20.977853866477));
#2322 = CARTESIAN_POINT('',(2.814567630958,20.717109284239));
#2323 = CARTESIAN_POINT('',(2.812211571245,20.454696867295));
#2324 = CARTESIAN_POINT('',(2.810997864627,20.191419370334));
#2325 = CARTESIAN_POINT('',(2.810838594904,19.600670019125));
#2326 = CARTESIAN_POINT('',(2.812516523228,19.273285892651));
#2327 = CARTESIAN_POINT('',(2.815959121066,18.947421543434));
#2328 = CARTESIAN_POINT('',(2.821170350987,18.624593547455));
#2329 = CARTESIAN_POINT('',(2.828159497941,18.306472020562));
#2330 = CARTESIAN_POINT('',(2.846054003166,17.671810165654));
#2331 = CARTESIAN_POINT('',(2.857093947927,17.355903754115));
#2332 = CARTESIAN_POINT('',(2.870087091242,17.049032062611));
#2333 = CARTESIAN_POINT('',(2.885081995394,16.753474260144));
#2334 = CARTESIAN_POINT('',(2.902135528108,16.472407287155));
#2335 = CARTESIAN_POINT('',(2.937451379189,15.989487965686));
#2336 = CARTESIAN_POINT('',(2.955154129162,15.781381656321));
#2337 = CARTESIAN_POINT('',(2.974409831129,15.589568058142));
#2338 = CARTESIAN_POINT('',(2.99519160732,15.41796307302));
#2339 = CARTESIAN_POINT('',(3.017447262604,15.270876810287));
#2340 = CARTESIAN_POINT('',(3.056787589986,15.075020387973));
#2341 = CARTESIAN_POINT('',(3.073089964027,15.009843495219));
#2342 = CARTESIAN_POINT('',(3.089866943553,14.959568280733));
#2343 = CARTESIAN_POINT('',(3.106975331842,14.925522258112));
#2344 = CARTESIAN_POINT('',(3.124267169894,14.908436881705));
#2345 = CARTESIAN_POINT('',(3.158918137289,14.908436881705));
#2346 = CARTESIAN_POINT('',(3.176209975336,14.925522258119));
#2347 = CARTESIAN_POINT('',(3.193318363623,14.959568280724));
#2348 = CARTESIAN_POINT('',(3.210095343151,15.009843495208));
#2349 = CARTESIAN_POINT('',(3.226397717197,15.07502038799));
#2350 = CARTESIAN_POINT('',(3.265738044577,15.270876810293));
#2351 = CARTESIAN_POINT('',(3.287993699859,15.417963073023));
#2352 = CARTESIAN_POINT('',(3.30877547605,15.589568058132));
#2353 = CARTESIAN_POINT('',(3.328031178017,15.781381656314));
#2354 = CARTESIAN_POINT('',(3.345733927992,15.989487965699));
#2355 = CARTESIAN_POINT('',(3.381049779071,16.472407287155));
#2356 = CARTESIAN_POINT('',(3.398103311786,16.753474260144));
#2357 = CARTESIAN_POINT('',(3.413098215938,17.049032062611));
#2358 = CARTESIAN_POINT('',(3.426091359253,17.355903754115));
#2359 = CARTESIAN_POINT('',(3.437131304014,17.671810165654));
#2360 = CARTESIAN_POINT('',(3.455025809239,18.306472020562));
#2361 = CARTESIAN_POINT('',(3.462014956192,18.624593547455));
#2362 = CARTESIAN_POINT('',(3.467226186113,18.947421543434));
#2363 = CARTESIAN_POINT('',(3.470668783951,19.273285892651));
#2364 = CARTESIAN_POINT('',(3.472346712275,19.600670019125));
#2365 = CARTESIAN_POINT('',(3.472187442553,20.191419370334));
#2366 = CARTESIAN_POINT('',(3.470973735935,20.454696867295));
#2367 = CARTESIAN_POINT('',(3.468617676222,20.717109284239));
#2368 = CARTESIAN_POINT('',(3.465117625906,20.977853866477));
#2369 = CARTESIAN_POINT('',(3.460469979947,21.236075433789));
#2370 = CARTESIAN_POINT('',(3.452711797125,21.576782123403));
#2371 = CARTESIAN_POINT('',(3.450623005205,21.662350956341));
#2372 = CARTESIAN_POINT('',(3.448402537088,21.747493626285));
#2373 = CARTESIAN_POINT('',(3.446050047276,21.832174332645));
#2374 = CARTESIAN_POINT('',(3.443565121032,21.91635606438));
#2375 = CARTESIAN_POINT('',(3.440947274382,22.0000006));
#2376 = ( GEOMETRIC_REPRESENTATION_CONTEXT(2) 
PARAMETRIC_REPRESENTATION_CONTEXT() REPRESENTATION_CONTEXT('2D SPACE',''
  ) );
#2377 = ORIENTED_EDGE('',*,*,#1697,.F.);
#2378 = ADVANCED_FACE('',(#2379,#2382),#95,.T.);
#2379 = FACE_BOUND('',#2380,.T.);
#2380 = EDGE_LOOP('',(#2381));
#2381 = ORIENTED_EDGE('',*,*,#80,.T.);
#2382 = FACE_BOUND('',#2383,.T.);
#2383 = EDGE_LOOP('',(#2384));
#2384 = ORIENTED_EDGE('',*,*,#2385,.F.);
#2385 = EDGE_CURVE('',#2386,#2386,#2388,.T.);
#2386 = VERTEX_POINT('',#2387);
#2387 = CARTESIAN_POINT('',(451.60274243452,-2.694222958124E-15,-11.));
#2388 = SURFACE_CURVE('',#2389,(#2394,#2401),.PCURVE_S1.);
#2389 = CIRCLE('',#2390,11.);
#2390 = AXIS2_PLACEMENT_3D('',#2391,#2392,#2393);
#2391 = CARTESIAN_POINT('',(451.60274243452,0.,5.013797626347E-14));
#2392 = DIRECTION('',(1.,-0.,2.22044604925E-16));
#2393 = DIRECTION('',(2.22044604925E-16,0.,-1.));
#2394 = PCURVE('',#95,#2395);
#2395 = DEFINITIONAL_REPRESENTATION('',(#2396),#2400);
#2396 = CIRCLE('',#2397,11.);
#2397 = AXIS2_PLACEMENT_2D('',#2398,#2399);
#2398 = CARTESIAN_POINT('',(-6.217248937901E-15,0.));
#2399 = DIRECTION('',(1.,0.));
#2400 = ( GEOMETRIC_REPRESENTATION_CONTEXT(2) 
PARAMETRIC_REPRESENTATION_CONTEXT() REPRESENTATION_CONTEXT('2D SPACE',''
  ) );
#2401 = PCURVE('',#2036,#2402);
#2402 = DEFINITIONAL_REPRESENTATION('',(#2403),#2407);
#2403 = LINE('',#2404,#2405);
#2404 = CARTESIAN_POINT('',(0.,451.60274243452));
#2405 = VECTOR('',#2406,1.);
#2406 = DIRECTION('',(1.,0.));
#2407 = ( GEOMETRIC_REPRESENTATION_CONTEXT(2) 
PARAMETRIC_REPRESENTATION_CONTEXT() REPRESENTATION_CONTEXT('2D SPACE',''
  ) );
#2408 = ADVANCED_FACE('',(#2409),#569,.F.);
#2409 = FACE_BOUND('',#2410,.F.);
#2410 = EDGE_LOOP('',(#2411,#2412,#2435,#2843));
#2411 = ORIENTED_EDGE('',*,*,#285,.F.);
#2412 = ORIENTED_EDGE('',*,*,#2413,.F.);
#2413 = EDGE_CURVE('',#2414,#286,#2416,.T.);
#2414 = VERTEX_POINT('',#2415);
#2415 = CARTESIAN_POINT('',(296.12071370982,-1.224646799147E-15,11.));
#2416 = SEAM_CURVE('',#2417,(#2421,#2428),.PCURVE_S1.);
#2417 = LINE('',#2418,#2419);
#2418 = CARTESIAN_POINT('',(296.12071370982,-1.224646799147E-15,6.));
#2419 = VECTOR('',#2420,1.);
#2420 = DIRECTION('',(0.,0.,1.));
#2421 = PCURVE('',#569,#2422);
#2422 = DEFINITIONAL_REPRESENTATION('',(#2423),#2427);
#2423 = LINE('',#2424,#2425);
#2424 = CARTESIAN_POINT('',(6.28318530718,-0.));
#2425 = VECTOR('',#2426,1.);
#2426 = DIRECTION('',(0.,1.));
#2427 = ( GEOMETRIC_REPRESENTATION_CONTEXT(2) 
PARAMETRIC_REPRESENTATION_CONTEXT() REPRESENTATION_CONTEXT('2D SPACE',''
  ) );
#2428 = PCURVE('',#569,#2429);
#2429 = DEFINITIONAL_REPRESENTATION('',(#2430),#2434);
#2430 = LINE('',#2431,#2432);
#2431 = CARTESIAN_POINT('',(0.,-0.));
#2432 = VECTOR('',#2433,1.);
#2433 = DIRECTION('',(0.,1.));
#2434 = ( GEOMETRIC_REPRESENTATION_CONTEXT(2) 
PARAMETRIC_REPRESENTATION_CONTEXT() REPRESENTATION_CONTEXT('2D SPACE',''
  ) );
#2435 = ORIENTED_EDGE('',*,*,#2436,.T.);
#2436 = EDGE_CURVE('',#2414,#2414,#2437,.T.);
#2437 = SURFACE_CURVE('',#2438,(#2571,#2707),.PCURVE_S1.);
#2438 = B_SPLINE_CURVE_WITH_KNOTS('',6,(#2439,#2440,#2441,#2442,#2443,
    #2444,#2445,#2446,#2447,#2448,#2449,#2450,#2451,#2452,#2453,#2454,
    #2455,#2456,#2457,#2458,#2459,#2460,#2461,#2462,#2463,#2464,#2465,
    #2466,#2467,#2468,#2469,#2470,#2471,#2472,#2473,#2474,#2475,#2476,
    #2477,#2478,#2479,#2480,#2481,#2482,#2483,#2484,#2485,#2486,#2487,
    #2488,#2489,#2490,#2491,#2492,#2493,#2494,#2495,#2496,#2497,#2498,
    #2499,#2500,#2501,#2502,#2503,#2504,#2505,#2506,#2507,#2508,#2509,
    #2510,#2511,#2512,#2513,#2514,#2515,#2516,#2517,#2518,#2519,#2520,
    #2521,#2522,#2523,#2524,#2525,#2526,#2527,#2528,#2529,#2530,#2531,
    #2532,#2533,#2534,#2535,#2536,#2537,#2538,#2539,#2540,#2541,#2542,
    #2543,#2544,#2545,#2546,#2547,#2548,#2549,#2550,#2551,#2552,#2553,
    #2554,#2555,#2556,#2557,#2558,#2559,#2560,#2561,#2562,#2563,#2564,
    #2565,#2566,#2567,#2568,#2569,#2570),.UNSPECIFIED.,.T.,.F.,(7,5,5,5,
    5,5,5,5,5,5,5,5,5,5,5,5,5,5,5,5,5,5,5,5,5,5,7),(0.,
    6.049181891185E-02,8.924648305342E-02,0.111122135464,0.12796747124,
    0.182473766221,0.213251215693,0.249205656522,0.31520060055,
    0.371382544558,0.389236440765,0.411170244907,0.461304114454,
    0.498635494523,0.55945839087,0.588370432,0.610365811917,
    0.627303343803,0.682107956877,0.713053850869,0.7492050659,
    0.815561192085,0.872050610043,0.890002218463,0.912056063661,
    0.962464309807,1.),.UNSPECIFIED.);
#2439 = CARTESIAN_POINT('',(296.12071370982,0.,11.));
#2440 = CARTESIAN_POINT('',(296.12071370982,0.393511339184,11.));
#2441 = CARTESIAN_POINT('',(296.0835490758,0.783367701119,
    10.983107096905));
#2442 = CARTESIAN_POINT('',(296.0105165412,1.163038559445,
    10.949910026076));
#2443 = CARTESIAN_POINT('',(295.90492335938,1.526243628435,
    10.902661187716));
#2444 = CARTESIAN_POINT('',(295.77206699092,1.867374874654,
    10.845085201744));
#2445 = CARTESIAN_POINT('',(295.54703307028,2.331373703214,
    10.751184190463));
#2446 = CARTESIAN_POINT('',(295.46970316057,2.475637840412,
    10.719399533951));
#2447 = CARTESIAN_POINT('',(295.38798023602,2.614667921115,
    10.686391915798));
#2448 = CARTESIAN_POINT('',(295.30226066554,2.748482302008,
    10.652451127789));
#2449 = CARTESIAN_POINT('',(295.21290570305,2.877117668105,
    10.617847013832));
#2450 = CARTESIAN_POINT('',(295.04974698131,3.094591445052,
    10.556185042376));
#2451 = CARTESIAN_POINT('',(294.9773246152,3.18560461096,10.529297802308
    ));
#2452 = CARTESIAN_POINT('',(294.90310519659,3.273706815493,
    10.502269331065));
#2453 = CARTESIAN_POINT('',(294.8272052549,3.358938452301,
    10.475196448971));
#2454 = CARTESIAN_POINT('',(294.74972791692,3.441341350666,
    10.448168846252));
#2455 = CARTESIAN_POINT('',(294.60995593821,3.58226813579,
    10.400554933126));
#2456 = CARTESIAN_POINT('',(294.54826757458,3.641924993952,
    10.379916896906));
#2457 = CARTESIAN_POINT('',(294.48573925803,3.699948370682,
    10.359392887388));
#2458 = CARTESIAN_POINT('',(294.42240940917,3.756356276277,
    10.339019052422));
#2459 = CARTESIAN_POINT('',(294.35831342711,3.811165710642,
    10.318829774708));
#2460 = CARTESIAN_POINT('',(294.08371471552,4.036618614761,
    10.234234125719));
#2461 = CARTESIAN_POINT('',(293.86616678081,4.192356520792,
    10.171854772891));
#2462 = CARTESIAN_POINT('',(293.64204350773,4.332023770641,
    10.112866254001));
#2463 = CARTESIAN_POINT('',(293.41228725882,4.455984884664,
    10.058237690339));
#2464 = CARTESIAN_POINT('',(293.17764619422,4.564515287911,
    10.008785909581));
#2465 = CARTESIAN_POINT('',(292.80384163704,4.710419385043,
    9.940589891097));
#2466 = CARTESIAN_POINT('',(292.66761219537,4.758189901616,
    9.917854765363));
#2467 = CARTESIAN_POINT('',(292.53021042757,4.80109062519,9.89712646436)
  );
#2468 = CARTESIAN_POINT('',(292.39178634149,4.839132100782,9.87851791652
    ));
#2469 = CARTESIAN_POINT('',(292.25248252944,4.872321426685,
    9.862123808717));
#2470 = CARTESIAN_POINT('',(291.94882865172,4.933770216088,
    9.831545098999));
#2471 = CARTESIAN_POINT('',(291.78421247319,4.960260086702,
    9.818196276947));
#2472 = CARTESIAN_POINT('',(291.61884272361,4.980129051108,
    9.808099410008));
#2473 = CARTESIAN_POINT('',(291.45297181227,4.99337591758,9.801339260622
    ));
#2474 = CARTESIAN_POINT('',(291.28684762956,5.,9.797958971133));
#2475 = CARTESIAN_POINT('',(290.81577227612,5.,9.797958971133));
#2476 = CARTESIAN_POINT('',(290.51099616025,4.97768262899,9.809347750888
    ));
#2477 = CARTESIAN_POINT('',(290.20779247223,4.933092878968,
    9.832102385085));
#2478 = CARTESIAN_POINT('',(289.90758679468,4.866216805117,
    9.865749380918));
#2479 = CARTESIAN_POINT('',(289.61190068577,4.776999862267,
    9.909361864737));
#2480 = CARTESIAN_POINT('',(289.07599650135,4.570435658724,
    10.00610410549));
#2481 = CARTESIAN_POINT('',(288.83405398562,4.459238323938,
    10.056857224252));
#2482 = CARTESIAN_POINT('',(288.59727261517,4.331671350892,
    10.113129155079));
#2483 = CARTESIAN_POINT('',(288.36646682218,4.187433362612,
    10.174029217489));
#2484 = CARTESIAN_POINT('',(288.14267034323,4.026122701759,
    10.238494948405));
#2485 = CARTESIAN_POINT('',(287.85874479533,3.790445481222,
    10.326480686285));
#2486 = CARTESIAN_POINT('',(287.79110695617,3.731831753564,
    10.347934447436));
#2487 = CARTESIAN_POINT('',(287.72433939132,3.671419042707,
    10.369584989233));
#2488 = CARTESIAN_POINT('',(287.65848492693,3.609186850073,
    10.391390993265));
#2489 = CARTESIAN_POINT('',(287.59359033582,3.545113483911,
    10.413308860291));
#2490 = CARTESIAN_POINT('',(287.45122379828,3.398170852329,
    10.462300230259));
#2491 = CARTESIAN_POINT('',(287.37426775692,3.314353674385,
    10.489406814151));
#2492 = CARTESIAN_POINT('',(287.29893145841,3.227680520507,
    10.516527774499));
#2493 = CARTESIAN_POINT('',(287.22532212419,3.138109520897,
    10.54357101156));
#2494 = CARTESIAN_POINT('',(287.15356095205,3.045600940913,
    10.570437013266));
#2495 = CARTESIAN_POINT('',(286.92429263751,2.731870937557,
    10.65777669679));
#2496 = CARTESIAN_POINT('',(286.77476917792,2.497541677386,
    10.717200146005));
#2497 = CARTESIAN_POINT('',(286.63739736815,2.247190830693,
    10.773815889937));
#2498 = CARTESIAN_POINT('',(286.51446738867,1.981089748954,
    10.825985971244));
#2499 = CARTESIAN_POINT('',(286.40841751208,1.699763869206,
    10.871968446864));
#2500 = CARTESIAN_POINT('',(286.25747045391,1.183851033066,
    10.93836309828));
#2501 = CARTESIAN_POINT('',(286.20387843222,0.955693888647,
    10.962303960058));
#2502 = CARTESIAN_POINT('',(286.16262129362,0.721326761392,
    10.980951063173));
#2503 = CARTESIAN_POINT('',(286.13471411428,0.482622542064,
    10.993636189398));
#2504 = CARTESIAN_POINT('',(286.12071370982,0.241526172653,11.));
#2505 = CARTESIAN_POINT('',(286.12071370982,-0.393511339184,11.));
#2506 = CARTESIAN_POINT('',(286.15787834385,-0.783367701119,
    10.983107096905));
#2507 = CARTESIAN_POINT('',(286.23091087844,-1.163038559445,
    10.949910026076));
#2508 = CARTESIAN_POINT('',(286.33650406026,-1.526243628435,
    10.902661187716));
#2509 = CARTESIAN_POINT('',(286.46936042872,-1.867374874654,
    10.845085201744));
#2510 = CARTESIAN_POINT('',(286.69439434935,-2.331373703199,
    10.751184190466));
#2511 = CARTESIAN_POINT('',(286.77172425907,-2.475637840416,
    10.71939953395));
#2512 = CARTESIAN_POINT('',(286.85344718363,-2.614667921128,
    10.686391915795));
#2513 = CARTESIAN_POINT('',(286.9391667541,-2.748482302011,
    10.652451127788));
#2514 = CARTESIAN_POINT('',(287.02852171658,-2.877117668094,
    10.617847013835));
#2515 = CARTESIAN_POINT('',(287.19168043834,-3.094591445052,
    10.556185042376));
#2516 = CARTESIAN_POINT('',(287.26410280445,-3.18560461096,
    10.529297802308));
#2517 = CARTESIAN_POINT('',(287.33832222305,-3.273706815493,
    10.502269331065));
#2518 = CARTESIAN_POINT('',(287.41422216474,-3.358938452301,
    10.475196448971));
#2519 = CARTESIAN_POINT('',(287.49169950272,-3.441341350666,
    10.448168846252));
#2520 = CARTESIAN_POINT('',(287.63147148143,-3.58226813579,
    10.400554933126));
#2521 = CARTESIAN_POINT('',(287.69315984506,-3.641924993952,
    10.379916896906));
#2522 = CARTESIAN_POINT('',(287.75568816161,-3.699948370682,
    10.359392887388));
#2523 = CARTESIAN_POINT('',(287.81901801047,-3.756356276277,
    10.339019052422));
#2524 = CARTESIAN_POINT('',(287.88311399253,-3.811165710642,
    10.318829774708));
#2525 = CARTESIAN_POINT('',(288.15771270414,-4.036618614778,
    10.234234125713));
#2526 = CARTESIAN_POINT('',(288.37526063883,-4.192356520785,
    10.171854772893));
#2527 = CARTESIAN_POINT('',(288.59938391189,-4.332023770628,
    10.112866254007));
#2528 = CARTESIAN_POINT('',(288.82914016082,-4.455984884664,
    10.05823769034));
#2529 = CARTESIAN_POINT('',(289.06378122544,-4.56451528792,
    10.008785909576));
#2530 = CARTESIAN_POINT('',(289.43758576792,-4.710419379313,
    9.940589893775));
#2531 = CARTESIAN_POINT('',(289.57381522846,-4.758189901722,
    9.91785476526));
#2532 = CARTESIAN_POINT('',(289.71121700702,-4.801090629586,
    9.897126462254));
#2533 = CARTESIAN_POINT('',(289.84964108196,-4.839132103018,
    9.878517915497));
#2534 = CARTESIAN_POINT('',(289.98894487504,-4.872321423617,
    9.862123810244));
#2535 = CARTESIAN_POINT('',(290.29259876792,-4.933770216088,
    9.831545098999));
#2536 = CARTESIAN_POINT('',(290.45721494645,-4.960260086702,
    9.818196276947));
#2537 = CARTESIAN_POINT('',(290.62258469603,-4.980129051108,
    9.808099410008));
#2538 = CARTESIAN_POINT('',(290.78845560737,-4.99337591758,
    9.801339260622));
#2539 = CARTESIAN_POINT('',(290.95457979008,-5.,9.797958971133));
#2540 = CARTESIAN_POINT('',(291.42565514352,-5.,9.797958971133));
#2541 = CARTESIAN_POINT('',(291.73043125939,-4.97768262899,
    9.809347750888));
#2542 = CARTESIAN_POINT('',(292.03363494741,-4.933092878968,
    9.832102385085));
#2543 = CARTESIAN_POINT('',(292.33384062496,-4.866216805117,
    9.865749380918));
#2544 = CARTESIAN_POINT('',(292.62952673388,-4.776999862267,
    9.909361864737));
#2545 = CARTESIAN_POINT('',(293.16543090576,-4.570435663553,
    10.006104103228));
#2546 = CARTESIAN_POINT('',(293.40737345349,-4.459238312992,
    10.056857228801));
#2547 = CARTESIAN_POINT('',(293.6441548049,-4.331671353111,
    10.113129154461));
#2548 = CARTESIAN_POINT('',(293.87496057818,-4.187433374613,
    10.174029212644));
#2549 = CARTESIAN_POINT('',(294.09875708796,-4.026122692171,
    10.238494951985));
#2550 = CARTESIAN_POINT('',(294.38268262431,-3.790445481222,
    10.326480686285));
#2551 = CARTESIAN_POINT('',(294.45032046347,-3.731831753564,
    10.347934447436));
#2552 = CARTESIAN_POINT('',(294.51708802832,-3.671419042707,
    10.369584989233));
#2553 = CARTESIAN_POINT('',(294.58294249271,-3.609186850073,
    10.391390993265));
#2554 = CARTESIAN_POINT('',(294.64783708382,-3.545113483911,
    10.413308860291));
#2555 = CARTESIAN_POINT('',(294.79020362136,-3.398170852329,
    10.462300230259));
#2556 = CARTESIAN_POINT('',(294.86715966273,-3.314353674385,
    10.489406814151));
#2557 = CARTESIAN_POINT('',(294.94249596123,-3.227680520507,
    10.516527774499));
#2558 = CARTESIAN_POINT('',(295.01610529545,-3.138109520897,
    10.54357101156));
#2559 = CARTESIAN_POINT('',(295.08786646759,-3.045600940913,
    10.570437013266));
#2560 = CARTESIAN_POINT('',(295.31713478213,-2.731870937557,
    10.65777669679));
#2561 = CARTESIAN_POINT('',(295.46665824173,-2.497541677387,
    10.717200146005));
#2562 = CARTESIAN_POINT('',(295.6040300515,-2.247190830691,
    10.773815889938));
#2563 = CARTESIAN_POINT('',(295.72696003097,-1.981089748955,
    10.825985971244));
#2564 = CARTESIAN_POINT('',(295.83300990756,-1.699763869206,
    10.871968446864));
#2565 = CARTESIAN_POINT('',(295.98395696573,-1.183851033066,
    10.93836309828));
#2566 = CARTESIAN_POINT('',(296.03754898742,-0.955693888647,
    10.962303960058));
#2567 = CARTESIAN_POINT('',(296.07880612602,-0.721326761392,
    10.980951063173));
#2568 = CARTESIAN_POINT('',(296.10671330536,-0.482622542063,
    10.993636189398));
#2569 = CARTESIAN_POINT('',(296.12071370982,-0.241526172653,11.));
#2570 = CARTESIAN_POINT('',(296.12071370982,0.,11.));
#2571 = PCURVE('',#569,#2572);
#2572 = DEFINITIONAL_REPRESENTATION('',(#2573),#2706);
#2573 = B_SPLINE_CURVE_WITH_KNOTS('',6,(#2574,#2575,#2576,#2577,#2578,
    #2579,#2580,#2581,#2582,#2583,#2584,#2585,#2586,#2587,#2588,#2589,
    #2590,#2591,#2592,#2593,#2594,#2595,#2596,#2597,#2598,#2599,#2600,
    #2601,#2602,#2603,#2604,#2605,#2606,#2607,#2608,#2609,#2610,#2611,
    #2612,#2613,#2614,#2615,#2616,#2617,#2618,#2619,#2620,#2621,#2622,
    #2623,#2624,#2625,#2626,#2627,#2628,#2629,#2630,#2631,#2632,#2633,
    #2634,#2635,#2636,#2637,#2638,#2639,#2640,#2641,#2642,#2643,#2644,
    #2645,#2646,#2647,#2648,#2649,#2650,#2651,#2652,#2653,#2654,#2655,
    #2656,#2657,#2658,#2659,#2660,#2661,#2662,#2663,#2664,#2665,#2666,
    #2667,#2668,#2669,#2670,#2671,#2672,#2673,#2674,#2675,#2676,#2677,
    #2678,#2679,#2680,#2681,#2682,#2683,#2684,#2685,#2686,#2687,#2688,
    #2689,#2690,#2691,#2692,#2693,#2694,#2695,#2696,#2697,#2698,#2699,
    #2700,#2701,#2702,#2703,#2704,#2705),.UNSPECIFIED.,.F.,.F.,(7,5,5,5,
    5,5,5,5,5,5,5,5,5,5,5,5,5,5,5,5,5,5,5,5,5,5,7),(0.,
    6.049181891185E-02,8.924648305342E-02,0.111122135464,0.12796747124,
    0.182473766221,0.213251215693,0.249205656522,0.31520060055,
    0.371382544558,0.389236440765,0.411170244907,0.461304114454,
    0.498635494523,0.55945839087,0.588370432,0.610365811917,
    0.627303343803,0.682107956877,0.713053850869,0.7492050659,
    0.815561192085,0.872050610043,0.890002218463,0.912056063661,
    0.962464309807,1.),.UNSPECIFIED.);
#2574 = CARTESIAN_POINT('',(0.,5.));
#2575 = CARTESIAN_POINT('',(7.870226783677E-02,5.));
#2576 = CARTESIAN_POINT('',(0.156673474558,4.983107096905));
#2577 = CARTESIAN_POINT('',(0.233485495958,4.949910026076));
#2578 = CARTESIAN_POINT('',(0.308676135243,4.902661187716));
#2579 = CARTESIAN_POINT('',(0.381658701032,4.845085201744));
#2580 = CARTESIAN_POINT('',(0.484796507552,4.751184190463));
#2581 = CARTESIAN_POINT('',(0.517506249258,4.719399533951));
#2582 = CARTESIAN_POINT('',(0.54972350917,4.686391915798));
#2583 = CARTESIAN_POINT('',(0.581472834238,4.652451127789));
#2584 = CARTESIAN_POINT('',(0.612776896122,4.617847013832));
#2585 = CARTESIAN_POINT('',(0.667151747714,4.556185042376));
#2586 = CARTESIAN_POINT('',(0.690404743162,4.529297802308));
#2587 = CARTESIAN_POINT('',(0.71343087254,4.502269331065));
#2588 = CARTESIAN_POINT('',(0.736243767295,4.475196448971));
#2589 = CARTESIAN_POINT('',(0.758857012115,4.448168846252));
#2590 = CARTESIAN_POINT('',(0.79855414793,4.400554933126));
#2591 = CARTESIAN_POINT('',(0.815713647369,4.379916896906));
#2592 = CARTESIAN_POINT('',(0.83276871609,4.359392887388));
#2593 = CARTESIAN_POINT('',(0.849725223334,4.339019052422));
#2594 = CARTESIAN_POINT('',(0.866588834737,4.318829774708));
#2595 = CARTESIAN_POINT('',(0.937647532835,4.234234125719));
#2596 = CARTESIAN_POINT('',(0.991040119357,4.171854772891));
#2597 = CARTESIAN_POINT('',(1.043696905681,4.112866254001));
#2598 = CARTESIAN_POINT('',(1.095760705042,4.058237690339));
#2599 = CARTESIAN_POINT('',(1.14736916108,4.008785909581));
#2600 = CARTESIAN_POINT('',(1.227623220798,3.940589891097));
#2601 = CARTESIAN_POINT('',(1.256478249606,3.917854765363));
#2602 = CARTESIAN_POINT('',(1.285241058643,3.89712646436));
#2603 = CARTESIAN_POINT('',(1.313926805889,3.87851791652));
#2604 = CARTESIAN_POINT('',(1.342550733888,3.862123808717));
#2605 = CARTESIAN_POINT('',(1.404512538631,3.831545098999));
#2606 = CARTESIAN_POINT('',(1.437832490686,3.818196276947));
#2607 = CARTESIAN_POINT('',(1.471104497348,3.808099410008));
#2608 = CARTESIAN_POINT('',(1.504344705267,3.801339260622));
#2609 = CARTESIAN_POINT('',(1.537569542847,3.797958971133));
#2610 = CARTESIAN_POINT('',(1.631784613535,3.797958971133));
#2611 = CARTESIAN_POINT('',(1.69273983455,3.809347750888));
#2612 = CARTESIAN_POINT('',(1.753788910878,3.832102385085));
#2613 = CARTESIAN_POINT('',(1.815052814773,3.865749380918));
#2614 = CARTESIAN_POINT('',(1.876650343125,3.909361864737));
#2615 = CARTESIAN_POINT('',(1.991517582155,4.00610410549));
#2616 = CARTESIAN_POINT('',(2.044666594247,4.056857224252));
#2617 = CARTESIAN_POINT('',(2.098295692467,4.113129155079));
#2618 = CARTESIAN_POINT('',(2.152555272735,4.174029217489));
#2619 = CARTESIAN_POINT('',(2.207601565601,4.238494948405));
#2620 = CARTESIAN_POINT('',(2.281400608693,4.326480686285));
#2621 = CARTESIAN_POINT('',(2.299296820414,4.347934447436));
#2622 = CARTESIAN_POINT('',(2.317298997757,4.369584989233));
#2623 = CARTESIAN_POINT('',(2.33541393352,4.391390993265));
#2624 = CARTESIAN_POINT('',(2.353648667308,4.413308860291));
#2625 = CARTESIAN_POINT('',(2.394568280203,4.462300230259));
#2626 = CARTESIAN_POINT('',(2.417317644055,4.489406814151));
#2627 = CARTESIAN_POINT('',(2.440272298931,4.516527774499));
#2628 = CARTESIAN_POINT('',(2.463445937188,4.54357101156));
#2629 = CARTESIAN_POINT('',(2.486852221699,4.570437013266));
#2630 = CARTESIAN_POINT('',(2.564567207398,4.65777669679));
#2631 = CARTESIAN_POINT('',(2.620050540582,4.717200146005));
#2632 = CARTESIAN_POINT('',(2.676971317976,4.773815889937));
#2633 = CARTESIAN_POINT('',(2.735375192468,4.825985971244));
#2634 = CARTESIAN_POINT('',(2.795332446529,4.871968446864));
#2635 = CARTESIAN_POINT('',(2.9028407846,4.93836309828));
#2636 = CARTESIAN_POINT('',(2.949645989854,4.962303960058));
#2637 = CARTESIAN_POINT('',(2.997124395604,4.980951063173));
#2638 = CARTESIAN_POINT('',(3.045068149348,4.993636189398));
#2639 = CARTESIAN_POINT('',(3.093287419059,5.));
#2640 = CARTESIAN_POINT('',(3.220294921427,5.));
#2641 = CARTESIAN_POINT('',(3.298266128148,4.983107096905));
#2642 = CARTESIAN_POINT('',(3.375078149548,4.949910026076));
#2643 = CARTESIAN_POINT('',(3.450268788832,4.902661187716));
#2644 = CARTESIAN_POINT('',(3.523251354622,4.845085201744));
#2645 = CARTESIAN_POINT('',(3.626389161138,4.751184190466));
#2646 = CARTESIAN_POINT('',(3.659098902848,4.71939953395));
#2647 = CARTESIAN_POINT('',(3.691316162762,4.686391915795));
#2648 = CARTESIAN_POINT('',(3.723065487828,4.652451127788));
#2649 = CARTESIAN_POINT('',(3.754369549709,4.617847013835));
#2650 = CARTESIAN_POINT('',(3.808744401304,4.556185042376));
#2651 = CARTESIAN_POINT('',(3.831997396752,4.529297802308));
#2652 = CARTESIAN_POINT('',(3.85502352613,4.502269331065));
#2653 = CARTESIAN_POINT('',(3.877836420884,4.475196448971));
#2654 = CARTESIAN_POINT('',(3.900449665705,4.448168846252));
#2655 = CARTESIAN_POINT('',(3.94014680152,4.400554933126));
#2656 = CARTESIAN_POINT('',(3.957306300959,4.379916896906));
#2657 = CARTESIAN_POINT('',(3.97436136968,4.359392887388));
#2658 = CARTESIAN_POINT('',(3.991317876924,4.339019052422));
#2659 = CARTESIAN_POINT('',(4.008181488327,4.318829774708));
#2660 = CARTESIAN_POINT('',(4.07924018643,4.234234125713));
#2661 = CARTESIAN_POINT('',(4.132632772946,4.171854772893));
#2662 = CARTESIAN_POINT('',(4.185289559266,4.112866254007));
#2663 = CARTESIAN_POINT('',(4.23735335863,4.05823769034));
#2664 = CARTESIAN_POINT('',(4.288961814675,4.008785909576));
#2665 = CARTESIAN_POINT('',(4.369215871236,3.940589893775));
#2666 = CARTESIAN_POINT('',(4.398070904007,3.91785476526));
#2667 = CARTESIAN_POINT('',(4.426833715358,3.897126462254));
#2668 = CARTESIAN_POINT('',(4.455519460337,3.878517915497));
#2669 = CARTESIAN_POINT('',(4.484143384384,3.862123810244));
#2670 = CARTESIAN_POINT('',(4.546105192221,3.831545098999));
#2671 = CARTESIAN_POINT('',(4.579425144276,3.818196276947));
#2672 = CARTESIAN_POINT('',(4.612697150937,3.808099410008));
#2673 = CARTESIAN_POINT('',(4.645937358856,3.801339260622));
#2674 = CARTESIAN_POINT('',(4.679162196437,3.797958971133));
#2675 = CARTESIAN_POINT('',(4.773377267125,3.797958971133));
#2676 = CARTESIAN_POINT('',(4.834332488139,3.809347750888));
#2677 = CARTESIAN_POINT('',(4.895381564468,3.832102385085));
#2678 = CARTESIAN_POINT('',(4.956645468363,3.865749380918));
#2679 = CARTESIAN_POINT('',(5.018242996715,3.909361864737));
#2680 = CARTESIAN_POINT('',(5.133110233059,4.006104103228));
#2681 = CARTESIAN_POINT('',(5.186259252352,4.056857228801));
#2682 = CARTESIAN_POINT('',(5.239888345905,4.113129154461));
#2683 = CARTESIAN_POINT('',(5.294147921733,4.174029212644));
#2684 = CARTESIAN_POINT('',(5.349194222194,4.238494951985));
#2685 = CARTESIAN_POINT('',(5.422993262282,4.326480686285));
#2686 = CARTESIAN_POINT('',(5.440889474004,4.347934447436));
#2687 = CARTESIAN_POINT('',(5.458891651347,4.369584989233));
#2688 = CARTESIAN_POINT('',(5.47700658711,4.391390993265));
#2689 = CARTESIAN_POINT('',(5.495241320898,4.413308860291));
#2690 = CARTESIAN_POINT('',(5.536160933793,4.462300230259));
#2691 = CARTESIAN_POINT('',(5.558910297645,4.489406814151));
#2692 = CARTESIAN_POINT('',(5.581864952521,4.516527774499));
#2693 = CARTESIAN_POINT('',(5.605038590778,4.54357101156));
#2694 = CARTESIAN_POINT('',(5.628444875289,4.570437013266));
#2695 = CARTESIAN_POINT('',(5.706159860988,4.65777669679));
#2696 = CARTESIAN_POINT('',(5.761643194172,4.717200146005));
#2697 = CARTESIAN_POINT('',(5.818563971566,4.773815889938));
#2698 = CARTESIAN_POINT('',(5.876967846057,4.825985971244));
#2699 = CARTESIAN_POINT('',(5.936925100119,4.871968446864));
#2700 = CARTESIAN_POINT('',(6.044433438189,4.93836309828));
#2701 = CARTESIAN_POINT('',(6.091238643444,4.962303960058));
#2702 = CARTESIAN_POINT('',(6.138717049194,4.980951063173));
#2703 = CARTESIAN_POINT('',(6.186660802938,4.993636189398));
#2704 = CARTESIAN_POINT('',(6.234880072649,5.));
#2705 = CARTESIAN_POINT('',(6.28318530718,5.));
#2706 = ( GEOMETRIC_REPRESENTATION_CONTEXT(2) 
PARAMETRIC_REPRESENTATION_CONTEXT() REPRESENTATION_CONTEXT('2D SPACE',''
  ) );
#2707 = PCURVE('',#2036,#2708);
#2708 = DEFINITIONAL_REPRESENTATION('',(#2709),#2842);
#2709 = B_SPLINE_CURVE_WITH_KNOTS('',6,(#2710,#2711,#2712,#2713,#2714,
    #2715,#2716,#2717,#2718,#2719,#2720,#2721,#2722,#2723,#2724,#2725,
    #2726,#2727,#2728,#2729,#2730,#2731,#2732,#2733,#2734,#2735,#2736,
    #2737,#2738,#2739,#2740,#2741,#2742,#2743,#2744,#2745,#2746,#2747,
    #2748,#2749,#2750,#2751,#2752,#2753,#2754,#2755,#2756,#2757,#2758,
    #2759,#2760,#2761,#2762,#2763,#2764,#2765,#2766,#2767,#2768,#2769,
    #2770,#2771,#2772,#2773,#2774,#2775,#2776,#2777,#2778,#2779,#2780,
    #2781,#2782,#2783,#2784,#2785,#2786,#2787,#2788,#2789,#2790,#2791,
    #2792,#2793,#2794,#2795,#2796,#2797,#2798,#2799,#2800,#2801,#2802,
    #2803,#2804,#2805,#2806,#2807,#2808,#2809,#2810,#2811,#2812,#2813,
    #2814,#2815,#2816,#2817,#2818,#2819,#2820,#2821,#2822,#2823,#2824,
    #2825,#2826,#2827,#2828,#2829,#2830,#2831,#2832,#2833,#2834,#2835,
    #2836,#2837,#2838,#2839,#2840,#2841),.UNSPECIFIED.,.T.,.F.,(7,5,5,5,
    5,5,5,5,5,5,5,5,5,5,5,5,5,5,5,5,5,5,5,5,5,5,7),(0.,
    6.049181891185E-02,8.924648305342E-02,0.111122135464,0.12796747124,
    0.182473766221,0.213251215693,0.249205656522,0.31520060055,
    0.371382544558,0.389236440765,0.411170244907,0.461304114454,
    0.498635494523,0.55945839087,0.588370432,0.610365811917,
    0.627303343803,0.682107956877,0.713053850869,0.7492050659,
    0.815561192085,0.872050610043,0.890002218463,0.912056063661,
    0.962464309807,1.),.UNSPECIFIED.);
#2710 = CARTESIAN_POINT('',(3.14159265359,296.12071370982));
#2711 = CARTESIAN_POINT('',(3.105818895482,296.12071370982));
#2712 = CARTESIAN_POINT('',(3.070377351128,296.0835490758));
#2713 = CARTESIAN_POINT('',(3.035779696922,296.0105165412));
#2714 = CARTESIAN_POINT('',(3.002520676884,295.90492335938));
#2715 = CARTESIAN_POINT('',(2.971086665711,295.77206699092));
#2716 = CARTESIAN_POINT('',(2.928049845724,295.54703307028));
#2717 = CARTESIAN_POINT('',(2.914622365387,295.46970316057));
#2718 = CARTESIAN_POINT('',(2.901634403029,295.38798023602));
#2719 = CARTESIAN_POINT('',(2.889086267335,295.30226066554));
#2720 = CARTESIAN_POINT('',(2.876977507736,295.21290570305));
#2721 = CARTESIAN_POINT('',(2.856427821449,295.04974698131));
#2722 = CARTESIAN_POINT('',(2.847800905294,294.9773246152));
#2723 = CARTESIAN_POINT('',(2.839423850574,294.90310519659));
#2724 = CARTESIAN_POINT('',(2.831294595059,294.8272052549));
#2725 = CARTESIAN_POINT('',(2.823411063159,294.74972791692));
#2726 = CARTESIAN_POINT('',(2.80988806668,294.60995593821));
#2727 = CARTESIAN_POINT('',(2.804149503151,294.54826757458));
#2728 = CARTESIAN_POINT('',(2.798554582401,294.48573925803));
#2729 = CARTESIAN_POINT('',(2.793102522646,294.42240940917));
#2730 = CARTESIAN_POINT('',(2.787792653258,294.35831342711));
#2731 = CARTESIAN_POINT('',(2.765901593948,294.08371471552));
#2732 = CARTESIAN_POINT('',(2.750653787834,293.86616678081));
#2733 = CARTESIAN_POINT('',(2.736873821183,293.64204350773));
#2734 = CARTESIAN_POINT('',(2.724560327175,293.41228725882));
#2735 = CARTESIAN_POINT('',(2.713718521869,293.17764619422));
#2736 = CARTESIAN_POINT('',(2.699077161204,292.80384163704));
#2737 = CARTESIAN_POINT('',(2.694267737393,292.66761219537));
#2738 = CARTESIAN_POINT('',(2.689936404901,292.53021042757));
#2739 = CARTESIAN_POINT('',(2.686086566679,292.39178634149));
#2740 = CARTESIAN_POINT('',(2.682721330956,292.25248252944));
#2741 = CARTESIAN_POINT('',(2.676481621274,291.94882865172));
#2742 = CARTESIAN_POINT('',(2.67378500012,291.78421247319));
#2743 = CARTESIAN_POINT('',(2.671758894733,291.61884272361));
#2744 = CARTESIAN_POINT('',(2.670406879387,291.45297181227));
#2745 = CARTESIAN_POINT('',(2.66973081631,291.28684762956));
#2746 = CARTESIAN_POINT('',(2.66973081631,290.81577227612));
#2747 = CARTESIAN_POINT('',(2.67200857009,290.51099616025));
#2748 = CARTESIAN_POINT('',(2.676559507914,290.20779247223));
#2749 = CARTESIAN_POINT('',(2.683365125262,289.90758679468));
#2750 = CARTESIAN_POINT('',(2.692391698092,289.61190068577));
#2751 = CARTESIAN_POINT('',(2.713127707282,289.07599650135));
#2752 = CARTESIAN_POINT('',(2.724239160344,288.83405398562));
#2753 = CARTESIAN_POINT('',(2.736912767669,288.59727261517));
#2754 = CARTESIAN_POINT('',(2.751142814941,288.36646682218));
#2755 = CARTESIAN_POINT('',(2.766931003876,288.14267034323));
#2756 = CARTESIAN_POINT('',(2.789800602295,287.85874479533));
#2757 = CARTESIAN_POINT('',(2.795474725732,287.79110695617));
#2758 = CARTESIAN_POINT('',(2.801308615298,287.72433939132));
#2759 = CARTESIAN_POINT('',(2.807303099116,287.65848492693));
#2760 = CARTESIAN_POINT('',(2.813459139712,287.59359033582));
#2761 = CARTESIAN_POINT('',(2.827540453544,287.45122379828));
#2762 = CARTESIAN_POINT('',(2.83554844489,287.37426775692));
#2763 = CARTESIAN_POINT('',(2.843803970921,287.29893145841));
#2764 = CARTESIAN_POINT('',(2.852309127374,287.22532212419));
#2765 = CARTESIAN_POINT('',(2.861065942849,287.15356095205));
#2766 = CARTESIAN_POINT('',(2.890671439229,286.92429263751));
#2767 = CARTESIAN_POINT('',(2.91264249071,286.77476917792));
#2768 = CARTESIAN_POINT('',(2.935963984435,286.63739736815));
#2769 = CARTESIAN_POINT('',(2.960598352191,286.51446738867));
#2770 = CARTESIAN_POINT('',(2.986497802663,286.40841751208));
#2771 = CARTESIAN_POINT('',(3.033785763865,286.25747045391));
#2772 = CARTESIAN_POINT('',(3.054635472914,286.20387843222));
#2773 = CARTESIAN_POINT('',(3.075998456141,286.16262129362));
#2774 = CARTESIAN_POINT('',(3.097717872799,286.13471411428));
#2775 = CARTESIAN_POINT('',(3.119635728803,286.12071370982));
#2776 = CARTESIAN_POINT('',(3.177366411697,286.12071370982));
#2777 = CARTESIAN_POINT('',(3.212807956052,286.15787834385));
#2778 = CARTESIAN_POINT('',(3.247405610258,286.23091087844));
#2779 = CARTESIAN_POINT('',(3.280664630295,286.33650406026));
#2780 = CARTESIAN_POINT('',(3.312098641468,286.46936042872));
#2781 = CARTESIAN_POINT('',(3.355135461454,286.69439434935));
#2782 = CARTESIAN_POINT('',(3.368562941793,286.77172425907));
#2783 = CARTESIAN_POINT('',(3.381550904152,286.85344718363));
#2784 = CARTESIAN_POINT('',(3.394099039844,286.9391667541));
#2785 = CARTESIAN_POINT('',(3.406207799443,287.02852171658));
#2786 = CARTESIAN_POINT('',(3.42675748573,287.19168043834));
#2787 = CARTESIAN_POINT('',(3.435384401886,287.26410280445));
#2788 = CARTESIAN_POINT('',(3.443761456606,287.33832222305));
#2789 = CARTESIAN_POINT('',(3.451890712121,287.41422216474));
#2790 = CARTESIAN_POINT('',(3.45977424402,287.49169950272));
#2791 = CARTESIAN_POINT('',(3.4732972405,287.63147148143));
#2792 = CARTESIAN_POINT('',(3.479035804028,287.69315984506));
#2793 = CARTESIAN_POINT('',(3.484630724778,287.75568816161));
#2794 = CARTESIAN_POINT('',(3.490082784533,287.81901801047));
#2795 = CARTESIAN_POINT('',(3.495392653921,287.88311399253));
#2796 = CARTESIAN_POINT('',(3.517283713233,288.15771270414));
#2797 = CARTESIAN_POINT('',(3.532531519345,288.37526063883));
#2798 = CARTESIAN_POINT('',(3.546311485995,288.59938391189));
#2799 = CARTESIAN_POINT('',(3.558624980005,288.82914016082));
#2800 = CARTESIAN_POINT('',(3.569466785312,289.06378122544));
#2801 = CARTESIAN_POINT('',(3.584108145401,289.43758576792));
#2802 = CARTESIAN_POINT('',(3.5889175698,289.57381522846));
#2803 = CARTESIAN_POINT('',(3.593248902721,289.71121700702));
#2804 = CARTESIAN_POINT('',(3.597098740724,289.84964108196));
#2805 = CARTESIAN_POINT('',(3.600463975912,289.98894487504));
#2806 = CARTESIAN_POINT('',(3.606703685906,290.29259876792));
#2807 = CARTESIAN_POINT('',(3.60940030706,290.45721494645));
#2808 = CARTESIAN_POINT('',(3.611426412447,290.62258469603));
#2809 = CARTESIAN_POINT('',(3.612778427792,290.78845560737));
#2810 = CARTESIAN_POINT('',(3.613454490869,290.95457979008));
#2811 = CARTESIAN_POINT('',(3.613454490869,291.42565514352));
#2812 = CARTESIAN_POINT('',(3.61117673709,291.73043125939));
#2813 = CARTESIAN_POINT('',(3.606625799266,292.03363494741));
#2814 = CARTESIAN_POINT('',(3.599820181918,292.33384062496));
#2815 = CARTESIAN_POINT('',(3.590793609088,292.62952673388));
#2816 = CARTESIAN_POINT('',(3.570057600383,293.16543090576));
#2817 = CARTESIAN_POINT('',(3.558946145757,293.40737345349));
#2818 = CARTESIAN_POINT('',(3.546272539718,293.6441548049));
#2819 = CARTESIAN_POINT('',(3.532042493416,293.87496057818));
#2820 = CARTESIAN_POINT('',(3.516254302373,294.09875708796));
#2821 = CARTESIAN_POINT('',(3.493384704885,294.38268262431));
#2822 = CARTESIAN_POINT('',(3.487710581448,294.45032046347));
#2823 = CARTESIAN_POINT('',(3.481876691881,294.51708802832));
#2824 = CARTESIAN_POINT('',(3.475882208063,294.58294249271));
#2825 = CARTESIAN_POINT('',(3.469726167467,294.64783708382));
#2826 = CARTESIAN_POINT('',(3.455644853635,294.79020362136));
#2827 = CARTESIAN_POINT('',(3.44763686229,294.86715966273));
#2828 = CARTESIAN_POINT('',(3.439381336258,294.94249596123));
#2829 = CARTESIAN_POINT('',(3.430876179806,295.01610529545));
#2830 = CARTESIAN_POINT('',(3.42211936433,295.08786646759));
#2831 = CARTESIAN_POINT('',(3.392513867951,295.31713478213));
#2832 = CARTESIAN_POINT('',(3.37054281647,295.46665824173));
#2833 = CARTESIAN_POINT('',(3.347221322745,295.6040300515));
#2834 = CARTESIAN_POINT('',(3.322586954989,295.72696003097));
#2835 = CARTESIAN_POINT('',(3.296687504516,295.83300990756));
#2836 = CARTESIAN_POINT('',(3.249399543314,295.98395696573));
#2837 = CARTESIAN_POINT('',(3.228549834265,296.03754898742));
#2838 = CARTESIAN_POINT('',(3.207186851038,296.07880612602));
#2839 = CARTESIAN_POINT('',(3.185467434381,296.10671330536));
#2840 = CARTESIAN_POINT('',(3.163549578376,296.12071370982));
#2841 = CARTESIAN_POINT('',(3.14159265359,296.12071370982));
#2842 = ( GEOMETRIC_REPRESENTATION_CONTEXT(2) 
PARAMETRIC_REPRESENTATION_CONTEXT() REPRESENTATION_CONTEXT('2D SPACE',''
  ) );
#2843 = ORIENTED_EDGE('',*,*,#2413,.T.);
#2844 = ADVANCED_FACE('',(#2845),#1021,.F.);
#2845 = FACE_BOUND('',#2846,.F.);
#2846 = EDGE_LOOP('',(#2847,#2848,#2871,#3285));
#2847 = ORIENTED_EDGE('',*,*,#717,.F.);
#2848 = ORIENTED_EDGE('',*,*,#2849,.F.);
#2849 = EDGE_CURVE('',#2850,#718,#2852,.T.);
#2850 = VERTEX_POINT('',#2851);
#2851 = CARTESIAN_POINT('',(317.146403139,-1.285879139105E-15,11.));
#2852 = SEAM_CURVE('',#2853,(#2857,#2864),.PCURVE_S1.);
#2853 = LINE('',#2854,#2855);
#2854 = CARTESIAN_POINT('',(317.146403139,-1.285879139105E-15,6.));
#2855 = VECTOR('',#2856,1.);
#2856 = DIRECTION('',(0.,0.,1.));
#2857 = PCURVE('',#1021,#2858);
#2858 = DEFINITIONAL_REPRESENTATION('',(#2859),#2863);
#2859 = LINE('',#2860,#2861);
#2860 = CARTESIAN_POINT('',(6.28318530718,-0.));
#2861 = VECTOR('',#2862,1.);
#2862 = DIRECTION('',(0.,1.));
#2863 = ( GEOMETRIC_REPRESENTATION_CONTEXT(2) 
PARAMETRIC_REPRESENTATION_CONTEXT() REPRESENTATION_CONTEXT('2D SPACE',''
  ) );
#2864 = PCURVE('',#1021,#2865);
#2865 = DEFINITIONAL_REPRESENTATION('',(#2866),#2870);
#2866 = LINE('',#2867,#2868);
#2867 = CARTESIAN_POINT('',(0.,-0.));
#2868 = VECTOR('',#2869,1.);
#2869 = DIRECTION('',(0.,1.));
#2870 = ( GEOMETRIC_REPRESENTATION_CONTEXT(2) 
PARAMETRIC_REPRESENTATION_CONTEXT() REPRESENTATION_CONTEXT('2D SPACE',''
  ) );
#2871 = ORIENTED_EDGE('',*,*,#2872,.T.);
#2872 = EDGE_CURVE('',#2850,#2850,#2873,.T.);
#2873 = SURFACE_CURVE('',#2874,(#3009,#3147),.PCURVE_S1.);
#2874 = B_SPLINE_CURVE_WITH_KNOTS('',7,(#2875,#2876,#2877,#2878,#2879,
    #2880,#2881,#2882,#2883,#2884,#2885,#2886,#2887,#2888,#2889,#2890,
    #2891,#2892,#2893,#2894,#2895,#2896,#2897,#2898,#2899,#2900,#2901,
    #2902,#2903,#2904,#2905,#2906,#2907,#2908,#2909,#2910,#2911,#2912,
    #2913,#2914,#2915,#2916,#2917,#2918,#2919,#2920,#2921,#2922,#2923,
    #2924,#2925,#2926,#2927,#2928,#2929,#2930,#2931,#2932,#2933,#2934,
    #2935,#2936,#2937,#2938,#2939,#2940,#2941,#2942,#2943,#2944,#2945,
    #2946,#2947,#2948,#2949,#2950,#2951,#2952,#2953,#2954,#2955,#2956,
    #2957,#2958,#2959,#2960,#2961,#2962,#2963,#2964,#2965,#2966,#2967,
    #2968,#2969,#2970,#2971,#2972,#2973,#2974,#2975,#2976,#2977,#2978,
    #2979,#2980,#2981,#2982,#2983,#2984,#2985,#2986,#2987,#2988,#2989,
    #2990,#2991,#2992,#2993,#2994,#2995,#2996,#2997,#2998,#2999,#3000,
    #3001,#3002,#3003,#3004,#3005,#3006,#3007,#3008),.UNSPECIFIED.,.T.,
  .F.,(8,6,6,6,6,6,6,6,6,6,6,6,6,6,6,6,6,6,6,6,6,6,8),(0.,
    5.876392917923E-02,8.661358736434E-02,0.107656428851,0.124783679739,
    0.17402380192,0.249320371438,0.289147897534,0.323788157042,
    0.412599157041,0.461468836946,0.498738828651,0.55779995272,
    0.585790458806,0.606939723144,0.624153594031,0.673642746851,
    0.749320124182,0.789349075565,0.824164526075,0.913424682296,
    0.96254151763,1.),.UNSPECIFIED.);
#2875 = CARTESIAN_POINT('',(317.146403139,0.,11.));
#2876 = CARTESIAN_POINT('',(317.146403139,0.344679129945,11.));
#2877 = CARTESIAN_POINT('',(317.12000206278,0.686779695202,
    10.987399514968));
#2878 = CARTESIAN_POINT('',(317.06791224988,1.02261483566,
    10.962538407454));
#2879 = CARTESIAN_POINT('',(316.99169196441,1.348596757794,
    10.926468787405));
#2880 = CARTESIAN_POINT('',(316.89374071523,1.661348832707,10.8809062947
    ));
#2881 = CARTESIAN_POINT('',(316.77734081307,1.957811400466,
    10.828079933854));
#2882 = CARTESIAN_POINT('',(316.5848527038,2.366869454702,
    10.743182666906));
#2883 = CARTESIAN_POINT('',(316.51951136165,2.4946987178,10.714697927336
    ));
#2884 = CARTESIAN_POINT('',(316.45096287199,2.618827759678,
    10.685203595494));
#2885 = CARTESIAN_POINT('',(316.37943429876,2.739263212341,
    10.654869813364));
#2886 = CARTESIAN_POINT('',(316.30513829111,2.856019477719,
    10.623858853068));
#2887 = CARTESIAN_POINT('',(316.22827333869,2.969118555262,
    10.592324458324));
#2888 = CARTESIAN_POINT('',(316.08914427182,3.161304978565,
    10.536297930055));
#2889 = CARTESIAN_POINT('',(316.02789395509,3.241961617452,
    10.51196468219));
#2890 = CARTESIAN_POINT('',(315.96534500447,3.320581018891,
    10.487470846591));
#2891 = CARTESIAN_POINT('',(315.90156364498,3.397185341005,
    10.462872806839));
#2892 = CARTESIAN_POINT('',(315.83661039881,3.471797667337,
    10.438223925804));
#2893 = CARTESIAN_POINT('',(315.77054008529,3.544442006853,
    10.413574545654));
#2894 = CARTESIAN_POINT('',(315.6487564491,3.672688691639,
    10.368947402274));
#2895 = CARTESIAN_POINT('',(315.59340427834,3.728946111192,
    10.348954129829));
#2896 = CARTESIAN_POINT('',(315.53737216575,3.783928379852,
    10.329017856959));
#2897 = CARTESIAN_POINT('',(315.48068538369,3.837647821878,
    10.309163375129));
#2898 = CARTESIAN_POINT('',(315.42336761978,3.890116258525,
    10.289414580816));
#2899 = CARTESIAN_POINT('',(315.36544097692,3.941345008053,
    10.269794475513));
#2900 = CARTESIAN_POINT('',(315.13869781182,4.135092420081,
    10.194351723248));
#2901 = CARTESIAN_POINT('',(314.96555553721,4.268726883129,
    10.139607830553));
#2902 = CARTESIAN_POINT('',(314.7880334403,4.39245120404,10.086637966));
#2903 = CARTESIAN_POINT('',(314.60657951234,4.506450001468,
    10.035931619555));
#2904 = CARTESIAN_POINT('',(314.42156892754,4.61088190041,9.987929328855
    ));
#2905 = CARTESIAN_POINT('',(314.23331752567,4.705871849048,
    9.943028715285));
#2906 = CARTESIAN_POINT('',(313.74968379399,4.922448779065,
    9.838224431352));
#2907 = CARTESIAN_POINT('',(313.4501268545,5.031599551977,9.782911608033
    ));
#2908 = CARTESIAN_POINT('',(313.14501569555,5.118914440236,
    9.737098872715));
#2909 = CARTESIAN_POINT('',(312.83578814638,5.184412877893,9.70192941737
    ));
#2910 = CARTESIAN_POINT('',(312.52377195227,5.228114185318,
    9.678194148558));
#2911 = CARTESIAN_POINT('',(312.21022938233,5.25,9.666307464591));
#2912 = CARTESIAN_POINT('',(311.73040722477,5.25,9.666307464591));
#2913 = CARTESIAN_POINT('',(311.56442617763,5.243876779075,
    9.669633038017));
#2914 = CARTESIAN_POINT('',(311.39866497731,5.231632181855,
    9.676283539348));
#2915 = CARTESIAN_POINT('',(311.23333212018,5.213268723531,
    9.686225521292));
#2916 = CARTESIAN_POINT('',(311.06863971131,5.188790459152,
    9.699393543989));
#2917 = CARTESIAN_POINT('',(310.90480355645,5.158203852912,
    9.715690984213));
#2918 = CARTESIAN_POINT('',(310.60048138314,5.08961144251,9.751777028315
    ));
#2919 = CARTESIAN_POINT('',(310.45973836065,5.053091929918,
    9.770833935448));
#2920 = CARTESIAN_POINT('',(310.31992624489,5.011959586147,
    9.792081929684));
#2921 = CARTESIAN_POINT('',(310.18116327439,4.966210291617,
    9.815427051946));
#2922 = CARTESIAN_POINT('',(310.04357392607,4.915836892748,
    9.840761620021));
#2923 = CARTESIAN_POINT('',(309.90728897347,4.860829764021,9.86796482823
    ));
#2924 = CARTESIAN_POINT('',(309.42673278458,4.648240041103,9.97109617457
    ));
#2925 = CARTESIAN_POINT('',(309.09111014223,4.465040735235,
    10.056563530552));
#2926 = CARTESIAN_POINT('',(308.76671557008,4.251084337917,10.1512265825
    ));
#2927 = CARTESIAN_POINT('',(308.45531226994,4.005286373995,
    10.252683835519));
#2928 = CARTESIAN_POINT('',(308.15952135555,3.726166723174,
    10.358069824489));
#2929 = CARTESIAN_POINT('',(307.8831292348,3.412077960045,
    10.463788964554));
#2930 = CARTESIAN_POINT('',(307.49308120144,2.868731217179,
    10.621238144552));
#2931 = CARTESIAN_POINT('',(307.3618021364,2.664378091861,
    10.676002787359));
#2932 = CARTESIAN_POINT('',(307.23891246386,2.448555083044,
    10.728782785024));
#2933 = CARTESIAN_POINT('',(307.12568187382,2.221369165753,
    10.778646430292));
#2934 = CARTESIAN_POINT('',(307.02344080803,1.983024590727,
    10.824608773564));
#2935 = CARTESIAN_POINT('',(306.93359542353,1.733837504345,
    10.865653432389));
#2936 = CARTESIAN_POINT('',(306.79972272179,1.276282080152,
    10.927534630411));
#2937 = CARTESIAN_POINT('',(306.74987719887,1.072247951439,
    10.950857526347));
#2938 = CARTESIAN_POINT('',(306.7090311661,0.863214654348,
    10.970158242856));
#2939 = CARTESIAN_POINT('',(306.67788305712,0.6503024509,10.984975480448
    ));
#2940 = CARTESIAN_POINT('',(306.65691630828,0.434671630589,
    10.994982356749));
#2941 = CARTESIAN_POINT('',(306.646403139,0.217506668158,11.));
#2942 = CARTESIAN_POINT('',(306.646403139,-0.344679129945,11.));
#2943 = CARTESIAN_POINT('',(306.67280421523,-0.686779695202,
    10.987399514968));
#2944 = CARTESIAN_POINT('',(306.72489402813,-1.02261483566,
    10.962538407454));
#2945 = CARTESIAN_POINT('',(306.8011143136,-1.348596757793,
    10.926468787405));
#2946 = CARTESIAN_POINT('',(306.89906556278,-1.661348832707,
    10.8809062947));
#2947 = CARTESIAN_POINT('',(307.01546546494,-1.957811400466,
    10.828079933854));
#2948 = CARTESIAN_POINT('',(307.20795357421,-2.366869454702,
    10.743182666906));
#2949 = CARTESIAN_POINT('',(307.27329491635,-2.494698717799,
    10.714697927336));
#2950 = CARTESIAN_POINT('',(307.34184340602,-2.618827759678,
    10.685203595494));
#2951 = CARTESIAN_POINT('',(307.41337197925,-2.739263212341,
    10.654869813364));
#2952 = CARTESIAN_POINT('',(307.48766798689,-2.856019477719,
    10.623858853068));
#2953 = CARTESIAN_POINT('',(307.56453293932,-2.969118555262,
    10.592324458324));
#2954 = CARTESIAN_POINT('',(307.70366200619,-3.161304978565,
    10.536297930055));
#2955 = CARTESIAN_POINT('',(307.76491232292,-3.241961617452,
    10.51196468219));
#2956 = CARTESIAN_POINT('',(307.82746127354,-3.320581018891,
    10.487470846591));
#2957 = CARTESIAN_POINT('',(307.89124263303,-3.397185341005,
    10.462872806839));
#2958 = CARTESIAN_POINT('',(307.9561958792,-3.471797667337,
    10.438223925804));
#2959 = CARTESIAN_POINT('',(308.02226619272,-3.544442006853,
    10.413574545654));
#2960 = CARTESIAN_POINT('',(308.14404982891,-3.672688691639,
    10.368947402274));
#2961 = CARTESIAN_POINT('',(308.19940199967,-3.728946111192,
    10.348954129829));
#2962 = CARTESIAN_POINT('',(308.25543411226,-3.783928379852,
    10.329017856959));
#2963 = CARTESIAN_POINT('',(308.31212089432,-3.837647821878,
    10.309163375129));
#2964 = CARTESIAN_POINT('',(308.36943865823,-3.890116258525,
    10.289414580816));
#2965 = CARTESIAN_POINT('',(308.42736530109,-3.941345008053,
    10.269794475513));
#2966 = CARTESIAN_POINT('',(308.65410847233,-4.135092425327,
    10.194351721205));
#2967 = CARTESIAN_POINT('',(308.82725073433,-4.268726879211,
    10.139607832259));
#2968 = CARTESIAN_POINT('',(309.00477283275,-4.392451199934,
    10.086637967621));
#2969 = CARTESIAN_POINT('',(309.18622677098,-4.50645000391,
    10.035931618379));
#2970 = CARTESIAN_POINT('',(309.37123735685,-4.610881904664,
    9.987929327061));
#2971 = CARTESIAN_POINT('',(309.55948874569,-4.705871846072,
    9.943028716725));
#2972 = CARTESIAN_POINT('',(310.04312248402,-4.922448779065,
    9.838224431352));
#2973 = CARTESIAN_POINT('',(310.34267942351,-5.031599551978,
    9.782911608033));
#2974 = CARTESIAN_POINT('',(310.64779058246,-5.118914440236,
    9.737098872715));
#2975 = CARTESIAN_POINT('',(310.95701813163,-5.184412877893,
    9.70192941737));
#2976 = CARTESIAN_POINT('',(311.26903432574,-5.228114185318,
    9.678194148558));
#2977 = CARTESIAN_POINT('',(311.58257689568,-5.25,9.666307464591));
#2978 = CARTESIAN_POINT('',(312.06239905324,-5.25,9.666307464591));
#2979 = CARTESIAN_POINT('',(312.22838010038,-5.243876779075,
    9.669633038017));
#2980 = CARTESIAN_POINT('',(312.3941413007,-5.231632181855,
    9.676283539348));
#2981 = CARTESIAN_POINT('',(312.55947415783,-5.213268723531,
    9.686225521292));
#2982 = CARTESIAN_POINT('',(312.7241665667,-5.188790459152,
    9.699393543989));
#2983 = CARTESIAN_POINT('',(312.88800272156,-5.158203852912,
    9.715690984213));
#2984 = CARTESIAN_POINT('',(313.19232489486,-5.08961144251,
    9.751777028315));
#2985 = CARTESIAN_POINT('',(313.33306791736,-5.053091929918,
    9.770833935448));
#2986 = CARTESIAN_POINT('',(313.47288003312,-5.011959586147,
    9.792081929684));
#2987 = CARTESIAN_POINT('',(313.61164300362,-4.966210291617,
    9.815427051946));
#2988 = CARTESIAN_POINT('',(313.74923235194,-4.915836892748,
    9.840761620021));
#2989 = CARTESIAN_POINT('',(313.88551730454,-4.860829764021,
    9.86796482823));
#2990 = CARTESIAN_POINT('',(314.36607349343,-4.648240041104,
    9.971096174569));
#2991 = CARTESIAN_POINT('',(314.70169613578,-4.465040735236,
    10.056563530551));
#2992 = CARTESIAN_POINT('',(315.02609070794,-4.251084337914,
    10.151226582502));
#2993 = CARTESIAN_POINT('',(315.33749400806,-4.005286373997,
    10.252683835517));
#2994 = CARTESIAN_POINT('',(315.63328492247,-3.726166723173,
    10.35806982449));
#2995 = CARTESIAN_POINT('',(315.90967704321,-3.412077960045,
    10.463788964554));
#2996 = CARTESIAN_POINT('',(316.29972507657,-2.868731217179,
    10.621238144552));
#2997 = CARTESIAN_POINT('',(316.43100414161,-2.66437809186,
    10.676002787359));
#2998 = CARTESIAN_POINT('',(316.55389381415,-2.448555083044,
    10.728782785024));
#2999 = CARTESIAN_POINT('',(316.66712440419,-2.221369165752,
    10.778646430292));
#3000 = CARTESIAN_POINT('',(316.76936546998,-1.983024590726,
    10.824608773564));
#3001 = CARTESIAN_POINT('',(316.85921085448,-1.733837504346,
    10.865653432389));
#3002 = CARTESIAN_POINT('',(316.99308355615,-1.276282080402,
    10.927534630377));
#3003 = CARTESIAN_POINT('',(317.04292907915,-1.072247951465,
    10.950857526355));
#3004 = CARTESIAN_POINT('',(317.08377511196,-0.863214654144,
    10.970158242879));
#3005 = CARTESIAN_POINT('',(317.1149232209,-0.650302450698,
    10.984975480453));
#3006 = CARTESIAN_POINT('',(317.1358899697,-0.43467163062,
    10.994982356737));
#3007 = CARTESIAN_POINT('',(317.146403139,-0.217506668414,11.));
#3008 = CARTESIAN_POINT('',(317.146403139,0.,11.));
#3009 = PCURVE('',#1021,#3010);
#3010 = DEFINITIONAL_REPRESENTATION('',(#3011),#3146);
#3011 = B_SPLINE_CURVE_WITH_KNOTS('',7,(#3012,#3013,#3014,#3015,#3016,
    #3017,#3018,#3019,#3020,#3021,#3022,#3023,#3024,#3025,#3026,#3027,
    #3028,#3029,#3030,#3031,#3032,#3033,#3034,#3035,#3036,#3037,#3038,
    #3039,#3040,#3041,#3042,#3043,#3044,#3045,#3046,#3047,#3048,#3049,
    #3050,#3051,#3052,#3053,#3054,#3055,#3056,#3057,#3058,#3059,#3060,
    #3061,#3062,#3063,#3064,#3065,#3066,#3067,#3068,#3069,#3070,#3071,
    #3072,#3073,#3074,#3075,#3076,#3077,#3078,#3079,#3080,#3081,#3082,
    #3083,#3084,#3085,#3086,#3087,#3088,#3089,#3090,#3091,#3092,#3093,
    #3094,#3095,#3096,#3097,#3098,#3099,#3100,#3101,#3102,#3103,#3104,
    #3105,#3106,#3107,#3108,#3109,#3110,#3111,#3112,#3113,#3114,#3115,
    #3116,#3117,#3118,#3119,#3120,#3121,#3122,#3123,#3124,#3125,#3126,
    #3127,#3128,#3129,#3130,#3131,#3132,#3133,#3134,#3135,#3136,#3137,
    #3138,#3139,#3140,#3141,#3142,#3143,#3144,#3145),.UNSPECIFIED.,.F.,
  .F.,(8,6,6,6,6,6,6,6,6,6,6,6,6,6,6,6,6,6,6,6,6,6,8),(0.,
    5.876392917923E-02,8.661358736434E-02,0.107656428851,0.124783679739,
    0.17402380192,0.249320371438,0.289147897534,0.323788157042,
    0.412599157041,0.461468836946,0.498738828651,0.55779995272,
    0.585790458806,0.606939723144,0.624153594031,0.673642746851,
    0.749320124182,0.789349075565,0.824164526075,0.913424682296,
    0.96254151763,1.),.UNSPECIFIED.);
#3012 = CARTESIAN_POINT('',(0.,5.));
#3013 = CARTESIAN_POINT('',(6.565316760864E-02,5.));
#3014 = CARTESIAN_POINT('',(0.13081513842,4.987399514968));
#3015 = CARTESIAN_POINT('',(0.195246123557,4.962538407454));
#3016 = CARTESIAN_POINT('',(0.258693083768,4.926468787405));
#3017 = CARTESIAN_POINT('',(0.320865010235,4.8809062947));
#3018 = CARTESIAN_POINT('',(0.381399835071,4.828079933854));
#3019 = CARTESIAN_POINT('',(0.467511119699,4.743182666906));
#3020 = CARTESIAN_POINT('',(0.494841482749,4.714697927336));
#3021 = CARTESIAN_POINT('',(0.521828869503,4.685203595494));
#3022 = CARTESIAN_POINT('',(0.548486688616,4.654869813364));
#3023 = CARTESIAN_POINT('',(0.574827382912,4.623858853068));
#3024 = CARTESIAN_POINT('',(0.600862863762,4.592324458324));
#3025 = CARTESIAN_POINT('',(0.646055329391,4.536297930055));
#3026 = CARTESIAN_POINT('',(0.665341261023,4.51196468219));
#3027 = CARTESIAN_POINT('',(0.684469849022,4.487470846591));
#3028 = CARTESIAN_POINT('',(0.703448256943,4.462872806839));
#3029 = CARTESIAN_POINT('',(0.722283703225,4.438223925804));
#3030 = CARTESIAN_POINT('',(0.740983461185,4.413574545654));
#3031 = CARTESIAN_POINT('',(0.77467054529,4.368947402274));
#3032 = CARTESIAN_POINT('',(0.789701055185,4.348954129829));
#3033 = CARTESIAN_POINT('',(0.804650236779,4.329017856959));
#3034 = CARTESIAN_POINT('',(0.819521844334,4.309163375129));
#3035 = CARTESIAN_POINT('',(0.834319538303,4.289414580816));
#3036 = CARTESIAN_POINT('',(0.849046885332,4.269794475513));
#3037 = CARTESIAN_POINT('',(0.905855598084,4.194351723248));
#3038 = CARTESIAN_POINT('',(0.947464146659,4.139607830553));
#3039 = CARTESIAN_POINT('',(0.988602793386,4.086637966));
#3040 = CARTESIAN_POINT('',(1.02933804757,4.035931619555));
#3041 = CARTESIAN_POINT('',(1.069734290173,3.987929328855));
#3042 = CARTESIAN_POINT('',(1.109854925572,3.943028715285));
#3043 = CARTESIAN_POINT('',(1.210790621055,3.838224431352));
#3044 = CARTESIAN_POINT('',(1.271363208854,3.782911608033));
#3045 = CARTESIAN_POINT('',(1.331572718907,3.737098872715));
#3046 = CARTESIAN_POINT('',(1.391516956204,3.70192941737));
#3047 = CARTESIAN_POINT('',(1.451297516519,3.678194148558));
#3048 = CARTESIAN_POINT('',(1.511019899494,3.666307464591));
#3049 = CARTESIAN_POINT('',(1.602414596173,3.666307464591));
#3050 = CARTESIAN_POINT('',(1.634030036694,3.669633038017));
#3051 = CARTESIAN_POINT('',(1.66565522088,3.676283539348));
#3052 = CARTESIAN_POINT('',(1.697302039769,3.686225521292));
#3053 = CARTESIAN_POINT('',(1.728981932312,3.699393543989));
#3054 = CARTESIAN_POINT('',(1.760706114772,3.715690984213));
#3055 = CARTESIAN_POINT('',(1.820126414542,3.751777028315));
#3056 = CARTESIAN_POINT('',(1.84780803552,3.770833935448));
#3057 = CARTESIAN_POINT('',(1.875544363554,3.792081929684));
#3058 = CARTESIAN_POINT('',(1.90334855775,3.815427051946));
#3059 = CARTESIAN_POINT('',(1.931233516393,3.840761620021));
#3060 = CARTESIAN_POINT('',(1.959212147524,3.86796482823));
#3061 = CARTESIAN_POINT('',(2.059303469267,3.97109617457));
#3062 = CARTESIAN_POINT('',(2.131883625574,4.056563530552));
#3063 = CARTESIAN_POINT('',(2.205488035954,4.1512265825));
#3064 = CARTESIAN_POINT('',(2.280546018754,4.252683835519));
#3065 = CARTESIAN_POINT('',(2.357497740216,4.358069824489));
#3066 = CARTESIAN_POINT('',(2.436799322895,4.463788964554));
#3067 = CARTESIAN_POINT('',(2.56419972569,4.621238144552));
#3068 = CARTESIAN_POINT('',(2.610402494724,4.676002787359));
#3069 = CARTESIAN_POINT('',(2.657599141505,4.728782785024));
#3070 = CARTESIAN_POINT('',(2.705812827681,4.778646430292));
#3071 = CARTESIAN_POINT('',(2.755076992205,4.824608773564));
#3072 = CARTESIAN_POINT('',(2.805437031876,4.865653432389));
#3073 = CARTESIAN_POINT('',(2.896244219197,4.927534630411));
#3074 = CARTESIAN_POINT('',(2.936210236308,4.950857526347));
#3075 = CARTESIAN_POINT('',(2.976707874659,4.970158242856));
#3076 = CARTESIAN_POINT('',(3.017609362409,4.984975480448));
#3077 = CARTESIAN_POINT('',(3.058798060319,4.994982356749));
#3078 = CARTESIAN_POINT('',(3.100162812036,5.));
#3079 = CARTESIAN_POINT('',(3.207245821198,5.));
#3080 = CARTESIAN_POINT('',(3.27240779201,4.987399514968));
#3081 = CARTESIAN_POINT('',(3.336838777147,4.962538407454));
#3082 = CARTESIAN_POINT('',(3.400285737358,4.926468787405));
#3083 = CARTESIAN_POINT('',(3.462457663825,4.8809062947));
#3084 = CARTESIAN_POINT('',(3.522992488661,4.828079933854));
#3085 = CARTESIAN_POINT('',(3.609103773289,4.743182666906));
#3086 = CARTESIAN_POINT('',(3.636434136339,4.714697927336));
#3087 = CARTESIAN_POINT('',(3.663421523093,4.685203595494));
#3088 = CARTESIAN_POINT('',(3.690079342205,4.654869813364));
#3089 = CARTESIAN_POINT('',(3.716420036502,4.623858853068));
#3090 = CARTESIAN_POINT('',(3.742455517352,4.592324458324));
#3091 = CARTESIAN_POINT('',(3.78764798298,4.536297930055));
#3092 = CARTESIAN_POINT('',(3.806933914613,4.51196468219));
#3093 = CARTESIAN_POINT('',(3.826062502611,4.487470846591));
#3094 = CARTESIAN_POINT('',(3.845040910533,4.462872806839));
#3095 = CARTESIAN_POINT('',(3.863876356814,4.438223925804));
#3096 = CARTESIAN_POINT('',(3.882576114775,4.413574545654));
#3097 = CARTESIAN_POINT('',(3.916263198879,4.368947402274));
#3098 = CARTESIAN_POINT('',(3.931293708775,4.348954129829));
#3099 = CARTESIAN_POINT('',(3.946242890369,4.329017856959));
#3100 = CARTESIAN_POINT('',(3.961114497924,4.309163375129));
#3101 = CARTESIAN_POINT('',(3.975912191893,4.289414580816));
#3102 = CARTESIAN_POINT('',(3.990639538922,4.269794475513));
#3103 = CARTESIAN_POINT('',(4.047448253212,4.194351721205));
#3104 = CARTESIAN_POINT('',(4.089056798796,4.139607832259));
#3105 = CARTESIAN_POINT('',(4.130195445748,4.086637967621));
#3106 = CARTESIAN_POINT('',(4.170930702273,4.035931618379));
#3107 = CARTESIAN_POINT('',(4.211326945236,3.987929327061));
#3108 = CARTESIAN_POINT('',(4.251447577774,3.943028716725));
#3109 = CARTESIAN_POINT('',(4.352383274645,3.838224431352));
#3110 = CARTESIAN_POINT('',(4.412955862444,3.782911608033));
#3111 = CARTESIAN_POINT('',(4.473165372497,3.737098872715));
#3112 = CARTESIAN_POINT('',(4.533109609794,3.70192941737));
#3113 = CARTESIAN_POINT('',(4.592890170109,3.678194148558));
#3114 = CARTESIAN_POINT('',(4.652612553084,3.666307464591));
#3115 = CARTESIAN_POINT('',(4.744007249763,3.666307464591));
#3116 = CARTESIAN_POINT('',(4.775622690284,3.669633038017));
#3117 = CARTESIAN_POINT('',(4.80724787447,3.676283539348));
#3118 = CARTESIAN_POINT('',(4.838894693359,3.686225521292));
#3119 = CARTESIAN_POINT('',(4.870574585902,3.699393543989));
#3120 = CARTESIAN_POINT('',(4.902298768362,3.715690984213));
#3121 = CARTESIAN_POINT('',(4.961719068131,3.751777028315));
#3122 = CARTESIAN_POINT('',(4.98940068911,3.770833935448));
#3123 = CARTESIAN_POINT('',(5.017137017144,3.792081929684));
#3124 = CARTESIAN_POINT('',(5.04494121134,3.815427051946));
#3125 = CARTESIAN_POINT('',(5.072826169983,3.840761620021));
#3126 = CARTESIAN_POINT('',(5.100804801114,3.86796482823));
#3127 = CARTESIAN_POINT('',(5.200896122856,3.971096174569));
#3128 = CARTESIAN_POINT('',(5.273476279164,4.056563530551));
#3129 = CARTESIAN_POINT('',(5.347080689545,4.151226582502));
#3130 = CARTESIAN_POINT('',(5.422138672343,4.252683835517));
#3131 = CARTESIAN_POINT('',(5.499090393806,4.35806982449));
#3132 = CARTESIAN_POINT('',(5.578391976484,4.463788964554));
#3133 = CARTESIAN_POINT('',(5.70579237928,4.621238144552));
#3134 = CARTESIAN_POINT('',(5.751995148314,4.676002787359));
#3135 = CARTESIAN_POINT('',(5.799191795095,4.728782785024));
#3136 = CARTESIAN_POINT('',(5.847405481271,4.778646430292));
#3137 = CARTESIAN_POINT('',(5.896669645795,4.824608773564));
#3138 = CARTESIAN_POINT('',(5.947029685466,4.865653432389));
#3139 = CARTESIAN_POINT('',(6.037836872737,4.927534630377));
#3140 = CARTESIAN_POINT('',(6.077802889894,4.950857526355));
#3141 = CARTESIAN_POINT('',(6.118300528288,4.970158242879));
#3142 = CARTESIAN_POINT('',(6.159202016036,4.984975480453));
#3143 = CARTESIAN_POINT('',(6.200390713903,4.994982356737));
#3144 = CARTESIAN_POINT('',(6.241755465577,5.));
#3145 = CARTESIAN_POINT('',(6.28318530718,5.));
#3146 = ( GEOMETRIC_REPRESENTATION_CONTEXT(2) 
PARAMETRIC_REPRESENTATION_CONTEXT() REPRESENTATION_CONTEXT('2D SPACE',''
  ) );
#3147 = PCURVE('',#2036,#3148);
#3148 = DEFINITIONAL_REPRESENTATION('',(#3149),#3284);
#3149 = B_SPLINE_CURVE_WITH_KNOTS('',7,(#3150,#3151,#3152,#3153,#3154,
    #3155,#3156,#3157,#3158,#3159,#3160,#3161,#3162,#3163,#3164,#3165,
    #3166,#3167,#3168,#3169,#3170,#3171,#3172,#3173,#3174,#3175,#3176,
    #3177,#3178,#3179,#3180,#3181,#3182,#3183,#3184,#3185,#3186,#3187,
    #3188,#3189,#3190,#3191,#3192,#3193,#3194,#3195,#3196,#3197,#3198,
    #3199,#3200,#3201,#3202,#3203,#3204,#3205,#3206,#3207,#3208,#3209,
    #3210,#3211,#3212,#3213,#3214,#3215,#3216,#3217,#3218,#3219,#3220,
    #3221,#3222,#3223,#3224,#3225,#3226,#3227,#3228,#3229,#3230,#3231,
    #3232,#3233,#3234,#3235,#3236,#3237,#3238,#3239,#3240,#3241,#3242,
    #3243,#3244,#3245,#3246,#3247,#3248,#3249,#3250,#3251,#3252,#3253,
    #3254,#3255,#3256,#3257,#3258,#3259,#3260,#3261,#3262,#3263,#3264,
    #3265,#3266,#3267,#3268,#3269,#3270,#3271,#3272,#3273,#3274,#3275,
    #3276,#3277,#3278,#3279,#3280,#3281,#3282,#3283),.UNSPECIFIED.,.T.,
  .F.,(8,6,6,6,6,6,6,6,6,6,6,6,6,6,6,6,6,6,6,6,6,6,8),(0.,
    5.876392917923E-02,8.661358736434E-02,0.107656428851,0.124783679739,
    0.17402380192,0.249320371438,0.289147897534,0.323788157042,
    0.412599157041,0.461468836946,0.498738828651,0.55779995272,
    0.585790458806,0.606939723144,0.624153594031,0.673642746851,
    0.749320124182,0.789349075565,0.824164526075,0.913424682296,
    0.96254151763,1.),.UNSPECIFIED.);
#3150 = CARTESIAN_POINT('',(3.14159265359,317.146403139));
#3151 = CARTESIAN_POINT('',(3.110258187231,317.146403139));
#3152 = CARTESIAN_POINT('',(3.079158094981,317.12000206278));
#3153 = CARTESIAN_POINT('',(3.048577523668,317.06791224988));
#3154 = CARTESIAN_POINT('',(3.018795215159,316.99169196441));
#3155 = CARTESIAN_POINT('',(2.990086915915,316.89374071523));
#3156 = CARTESIAN_POINT('',(2.962722175477,316.77734081307));
#3157 = CARTESIAN_POINT('',(2.924742620552,316.5848527038));
#3158 = CARTESIAN_POINT('',(2.91283802799,316.51951136165));
#3159 = CARTESIAN_POINT('',(2.901241174814,316.45096287199));
#3160 = CARTESIAN_POINT('',(2.889952312874,316.37943429876));
#3161 = CARTESIAN_POINT('',(2.878971450368,316.30513829111));
#3162 = CARTESIAN_POINT('',(2.868298274954,316.22827333869));
#3163 = CARTESIAN_POINT('',(2.850099511675,316.08914427182));
#3164 = CARTESIAN_POINT('',(2.842440994885,316.02789395509));
#3165 = CARTESIAN_POINT('',(2.834955422811,315.96534500447));
#3166 = CARTESIAN_POINT('',(2.827641662418,315.90156364498));
#3167 = CARTESIAN_POINT('',(2.820498551323,315.83661039881));
#3168 = CARTESIAN_POINT('',(2.813524897793,315.77054008529));
#3169 = CARTESIAN_POINT('',(2.80118039586,315.6487564491));
#3170 = CARTESIAN_POINT('',(2.795752828794,315.59340427834));
#3171 = CARTESIAN_POINT('',(2.790436174367,315.53737216575));
#3172 = CARTESIAN_POINT('',(2.785229886077,315.48068538369));
#3173 = CARTESIAN_POINT('',(2.780133476101,315.42336761978));
#3174 = CARTESIAN_POINT('',(2.775146515295,315.36544097692));
#3175 = CARTESIAN_POINT('',(2.75624492838,315.13869781182));
#3176 = CARTESIAN_POINT('',(2.743118480579,314.96555553721));
#3177 = CARTESIAN_POINT('',(2.730885610096,314.7880334403));
#3178 = CARTESIAN_POINT('',(2.719544842549,314.60657951234));
#3179 = CARTESIAN_POINT('',(2.709097107941,314.42156892754));
#3180 = CARTESIAN_POINT('',(2.699545939741,314.23331752567));
#3181 = CARTESIAN_POINT('',(2.67767299624,313.74968379399));
#3182 = CARTESIAN_POINT('',(2.666550710795,313.4501268545));
#3183 = CARTESIAN_POINT('',(2.657587653082,313.14501569555));
#3184 = CARTESIAN_POINT('',(2.65082927959,312.83578814638));
#3185 = CARTESIAN_POINT('',(2.646308254012,312.52377195227));
#3186 = CARTESIAN_POINT('',(2.644044129918,312.21022938233));
#3187 = CARTESIAN_POINT('',(2.644044129918,311.73040722477));
#3188 = CARTESIAN_POINT('',(2.644677582165,311.56442617763));
#3189 = CARTESIAN_POINT('',(2.645944326476,311.39866497731));
#3190 = CARTESIAN_POINT('',(2.647842691783,311.23333212018));
#3191 = CARTESIAN_POINT('',(2.65036951568,311.06863971131));
#3192 = CARTESIAN_POINT('',(2.653520163969,310.90480355645));
#3193 = CARTESIAN_POINT('',(2.660566129548,310.60048138314));
#3194 = CARTESIAN_POINT('',(2.664310900513,310.45973836065));
#3195 = CARTESIAN_POINT('',(2.668519596472,310.31992624489));
#3196 = CARTESIAN_POINT('',(2.673188697496,310.18116327439));
#3197 = CARTESIAN_POINT('',(2.678314478092,310.04357392607));
#3198 = CARTESIAN_POINT('',(2.683893054934,309.90728897347));
#3199 = CARTESIAN_POINT('',(2.705373483252,309.42673278458));
#3200 = CARTESIAN_POINT('',(2.723749103305,309.09111014223));
#3201 = CARTESIAN_POINT('',(2.745011316504,308.76671557008));
#3202 = CARTESIAN_POINT('',(2.769169876187,308.45531226994));
#3203 = CARTESIAN_POINT('',(2.796267916522,308.15952135555));
#3204 = CARTESIAN_POINT('',(2.826368137472,307.8831292348));
#3205 = CARTESIAN_POINT('',(2.877795364983,307.49308120144));
#3206 = CARTESIAN_POINT('',(2.897024532691,307.3618021364));
#3207 = CARTESIAN_POINT('',(2.91721494597,307.23891246386));
#3208 = CARTESIAN_POINT('',(2.938348366438,307.12568187382));
#3209 = CARTESIAN_POINT('',(2.960402641685,307.02344080803));
#3210 = CARTESIAN_POINT('',(2.983351720955,306.93359542353));
#3211 = CARTESIAN_POINT('',(3.025326354074,306.79972272179));
#3212 = CARTESIAN_POINT('',(3.043991737664,306.74987719887));
#3213 = CARTESIAN_POINT('',(3.063068253912,306.7090311661));
#3214 = CARTESIAN_POINT('',(3.082461630364,306.67788305712));
#3215 = CARTESIAN_POINT('',(3.102077047349,306.65691630828));
#3216 = CARTESIAN_POINT('',(3.121819320121,306.646403139));
#3217 = CARTESIAN_POINT('',(3.172927119948,306.646403139));
#3218 = CARTESIAN_POINT('',(3.204027212198,306.67280421523));
#3219 = CARTESIAN_POINT('',(3.234607783511,306.72489402813));
#3220 = CARTESIAN_POINT('',(3.26439009202,306.8011143136));
#3221 = CARTESIAN_POINT('',(3.293098391264,306.89906556278));
#3222 = CARTESIAN_POINT('',(3.320463131703,307.01546546494));
#3223 = CARTESIAN_POINT('',(3.358442686628,307.20795357421));
#3224 = CARTESIAN_POINT('',(3.37034727919,307.27329491635));
#3225 = CARTESIAN_POINT('',(3.381944132366,307.34184340602));
#3226 = CARTESIAN_POINT('',(3.393232994305,307.41337197925));
#3227 = CARTESIAN_POINT('',(3.404213856812,307.48766798689));
#3228 = CARTESIAN_POINT('',(3.414887032225,307.56453293932));
#3229 = CARTESIAN_POINT('',(3.433085795505,307.70366200619));
#3230 = CARTESIAN_POINT('',(3.440744312294,307.76491232292));
#3231 = CARTESIAN_POINT('',(3.448229884368,307.82746127354));
#3232 = CARTESIAN_POINT('',(3.455543644761,307.89124263303));
#3233 = CARTESIAN_POINT('',(3.462686755856,307.9561958792));
#3234 = CARTESIAN_POINT('',(3.469660409387,308.02226619272));
#3235 = CARTESIAN_POINT('',(3.48200491132,308.14404982891));
#3236 = CARTESIAN_POINT('',(3.487432478386,308.19940199967));
#3237 = CARTESIAN_POINT('',(3.492749132813,308.25543411226));
#3238 = CARTESIAN_POINT('',(3.497955421103,308.31212089432));
#3239 = CARTESIAN_POINT('',(3.503051831079,308.36943865823));
#3240 = CARTESIAN_POINT('',(3.508038791885,308.42736530109));
#3241 = CARTESIAN_POINT('',(3.526940379312,308.65410847233));
#3242 = CARTESIAN_POINT('',(3.540066826211,308.82725073433));
#3243 = CARTESIAN_POINT('',(3.552299696682,309.00477283275));
#3244 = CARTESIAN_POINT('',(3.563640464877,309.18622677098));
#3245 = CARTESIAN_POINT('',(3.574088199658,309.37123735685));
#3246 = CARTESIAN_POINT('',(3.583639367138,309.55948874569));
#3247 = CARTESIAN_POINT('',(3.605512310939,310.04312248402));
#3248 = CARTESIAN_POINT('',(3.616634596385,310.34267942351));
#3249 = CARTESIAN_POINT('',(3.625597654098,310.64779058246));
#3250 = CARTESIAN_POINT('',(3.632356027589,310.95701813163));
#3251 = CARTESIAN_POINT('',(3.636877053168,311.26903432574));
#3252 = CARTESIAN_POINT('',(3.639141177262,311.58257689568));
#3253 = CARTESIAN_POINT('',(3.639141177262,312.06239905324));
#3254 = CARTESIAN_POINT('',(3.638507725014,312.22838010038));
#3255 = CARTESIAN_POINT('',(3.637240980704,312.3941413007));
#3256 = CARTESIAN_POINT('',(3.635342615397,312.55947415783));
#3257 = CARTESIAN_POINT('',(3.632815791499,312.7241665667));
#3258 = CARTESIAN_POINT('',(3.62966514321,312.88800272156));
#3259 = CARTESIAN_POINT('',(3.622619177631,313.19232489486));
#3260 = CARTESIAN_POINT('',(3.618874406666,313.33306791736));
#3261 = CARTESIAN_POINT('',(3.614665710708,313.47288003312));
#3262 = CARTESIAN_POINT('',(3.609996609684,313.61164300362));
#3263 = CARTESIAN_POINT('',(3.604870829088,313.74923235194));
#3264 = CARTESIAN_POINT('',(3.599292252246,313.88551730454));
#3265 = CARTESIAN_POINT('',(3.577811823927,314.36607349343));
#3266 = CARTESIAN_POINT('',(3.559436203874,314.70169613578));
#3267 = CARTESIAN_POINT('',(3.538173990675,315.02609070794));
#3268 = CARTESIAN_POINT('',(3.514015430993,315.33749400806));
#3269 = CARTESIAN_POINT('',(3.486917390658,315.63328492247));
#3270 = CARTESIAN_POINT('',(3.456817169708,315.90967704321));
#3271 = CARTESIAN_POINT('',(3.405389942197,316.29972507657));
#3272 = CARTESIAN_POINT('',(3.386160774488,316.43100414161));
#3273 = CARTESIAN_POINT('',(3.36597036121,316.55389381415));
#3274 = CARTESIAN_POINT('',(3.344836940742,316.66712440419));
#3275 = CARTESIAN_POINT('',(3.322782665494,316.76936546998));
#3276 = CARTESIAN_POINT('',(3.299833586224,316.85921085448));
#3277 = CARTESIAN_POINT('',(3.257858953129,316.99308355615));
#3278 = CARTESIAN_POINT('',(3.239193569517,317.04292907915));
#3279 = CARTESIAN_POINT('',(3.220117053249,317.08377511196));
#3280 = CARTESIAN_POINT('',(3.200723676797,317.1149232209));
#3281 = CARTESIAN_POINT('',(3.181108259834,317.1358899697));
#3282 = CARTESIAN_POINT('',(3.161365987082,317.146403139));
#3283 = CARTESIAN_POINT('',(3.14159265359,317.146403139));
#3284 = ( GEOMETRIC_REPRESENTATION_CONTEXT(2) 
PARAMETRIC_REPRESENTATION_CONTEXT() REPRESENTATION_CONTEXT('2D SPACE',''
  ) );
#3285 = ORIENTED_EDGE('',*,*,#2849,.T.);
#3286 = ADVANCED_FACE('',(#3287),#1483,.F.);
#3287 = FACE_BOUND('',#3288,.F.);
#3288 = EDGE_LOOP('',(#3289,#3290,#3313,#3661));
#3289 = ORIENTED_EDGE('',*,*,#1179,.F.);
#3290 = ORIENTED_EDGE('',*,*,#3291,.F.);
#3291 = EDGE_CURVE('',#3292,#1180,#3294,.T.);
#3292 = VERTEX_POINT('',#3293);
#3293 = CARTESIAN_POINT('',(373.80990370544,-1.347111479062E-15,11.));
#3294 = SEAM_CURVE('',#3295,(#3299,#3306),.PCURVE_S1.);
#3295 = LINE('',#3296,#3297);
#3296 = CARTESIAN_POINT('',(373.80990370544,-1.347111479062E-15,6.));
#3297 = VECTOR('',#3298,1.);
#3298 = DIRECTION('',(0.,0.,1.));
#3299 = PCURVE('',#1483,#3300);
#3300 = DEFINITIONAL_REPRESENTATION('',(#3301),#3305);
#3301 = LINE('',#3302,#3303);
#3302 = CARTESIAN_POINT('',(6.28318530718,-0.));
#3303 = VECTOR('',#3304,1.);
#3304 = DIRECTION('',(0.,1.));
#3305 = ( GEOMETRIC_REPRESENTATION_CONTEXT(2) 
PARAMETRIC_REPRESENTATION_CONTEXT() REPRESENTATION_CONTEXT('2D SPACE',''
  ) );
#3306 = PCURVE('',#1483,#3307);
#3307 = DEFINITIONAL_REPRESENTATION('',(#3308),#3312);
#3308 = LINE('',#3309,#3310);
#3309 = CARTESIAN_POINT('',(0.,-0.));
#3310 = VECTOR('',#3311,1.);
#3311 = DIRECTION('',(0.,1.));
#3312 = ( GEOMETRIC_REPRESENTATION_CONTEXT(2) 
PARAMETRIC_REPRESENTATION_CONTEXT() REPRESENTATION_CONTEXT('2D SPACE',''
  ) );
#3313 = ORIENTED_EDGE('',*,*,#3314,.T.);
#3314 = EDGE_CURVE('',#3292,#3292,#3315,.T.);
#3315 = SURFACE_CURVE('',#3316,(#3429,#3545),.PCURVE_S1.);
#3316 = B_SPLINE_CURVE_WITH_KNOTS('',6,(#3317,#3318,#3319,#3320,#3321,
    #3322,#3323,#3324,#3325,#3326,#3327,#3328,#3329,#3330,#3331,#3332,
    #3333,#3334,#3335,#3336,#3337,#3338,#3339,#3340,#3341,#3342,#3343,
    #3344,#3345,#3346,#3347,#3348,#3349,#3350,#3351,#3352,#3353,#3354,
    #3355,#3356,#3357,#3358,#3359,#3360,#3361,#3362,#3363,#3364,#3365,
    #3366,#3367,#3368,#3369,#3370,#3371,#3372,#3373,#3374,#3375,#3376,
    #3377,#3378,#3379,#3380,#3381,#3382,#3383,#3384,#3385,#3386,#3387,
    #3388,#3389,#3390,#3391,#3392,#3393,#3394,#3395,#3396,#3397,#3398,
    #3399,#3400,#3401,#3402,#3403,#3404,#3405,#3406,#3407,#3408,#3409,
    #3410,#3411,#3412,#3413,#3414,#3415,#3416,#3417,#3418,#3419,#3420,
    #3421,#3422,#3423,#3424,#3425,#3426,#3427,#3428),.UNSPECIFIED.,.T.,
  .F.,(7,5,5,5,5,5,5,5,5,5,5,5,5,5,5,5,5,5,5,5,5,5,7),(0.,
    5.787037328906E-02,8.529912319332E-02,0.106065964044,0.168209319896,
    0.207181963331,0.250151334184,0.331670729288,0.379398541677,
    0.41553975212,0.465394484875,0.525016394387,0.558504533382,
    0.5858541728,0.606561117559,0.668525230975,0.70738546845,
    0.750230905874,0.831515180518,0.879105336688,0.9151423076,
    0.964853247843,1.),.UNSPECIFIED.);
#3317 = CARTESIAN_POINT('',(373.80990370544,0.,11.));
#3318 = CARTESIAN_POINT('',(373.80990370544,0.414624977688,11.));
#3319 = CARTESIAN_POINT('',(373.77239485462,0.825547085279,
    10.981245550743));
#3320 = CARTESIAN_POINT('',(373.69863571815,1.226226019536,
    10.944366159308));
#3321 = CARTESIAN_POINT('',(373.59188213881,1.610348369234,
    10.891708125861));
#3322 = CARTESIAN_POINT('',(373.45737337512,1.972208230698,
    10.827172518566));
#3323 = CARTESIAN_POINT('',(373.22932409376,2.465738434955,
    10.721309540597));
#3324 = CARTESIAN_POINT('',(373.15108110172,2.619170075087,
    10.68545892818));
#3325 = CARTESIAN_POINT('',(373.06835426398,2.76733532821,
    10.648122658337));
#3326 = CARTESIAN_POINT('',(372.9815363316,2.910254028384,
    10.609606923166));
#3327 = CARTESIAN_POINT('',(372.89098599994,3.047963928055,
    10.570198201086));
#3328 = CARTESIAN_POINT('',(372.72589200525,3.280880992531,
    10.499848146051));
#3329 = CARTESIAN_POINT('',(372.65278961103,3.3783053161,10.469169686501
    ));
#3330 = CARTESIAN_POINT('',(372.57784825505,3.472833788487,
    10.438234496039));
#3331 = CARTESIAN_POINT('',(372.5011812823,3.564508678387,
    10.407144260865));
#3332 = CARTESIAN_POINT('',(372.42288876296,3.653373823972,
    10.375993530422));
#3333 = CARTESIAN_POINT('',(372.1041678566,3.997125435282,
    10.251733828209));
#3334 = CARTESIAN_POINT('',(371.85134989484,4.230183030055,
    10.158781478824));
#3335 = CARTESIAN_POINT('',(371.58706973633,4.439605390797,
    10.068428921076));
#3336 = CARTESIAN_POINT('',(371.31306157766,4.626285009801,
    9.982663977596));
#3337 = CARTESIAN_POINT('',(371.03052123114,4.790919194428,
    9.903165074105));
#3338 = CARTESIAN_POINT('',(370.55828984833,5.023537167296,
    9.786426167945));
#3339 = CARTESIAN_POINT('',(370.37331816945,5.104640872216,
    9.744496173469));
#3340 = CARTESIAN_POINT('',(370.18574240241,5.177222336605,
    9.706028919778));
#3341 = CARTESIAN_POINT('',(369.99589225149,5.241304673796,
    9.671376273341));
#3342 = CARTESIAN_POINT('',(369.80406982263,5.296898704381,
    9.640838543918));
#3343 = CARTESIAN_POINT('',(369.39718449106,5.395928287427,
    9.585796145009));
#3344 = CARTESIAN_POINT('',(369.18177143101,5.437528318755,
    9.562233279691));
#3345 = CARTESIAN_POINT('',(368.96483473955,5.468754691863,
    9.544319438054));
#3346 = CARTESIAN_POINT('',(368.74688352657,5.489582691465,
    9.532293596737));
#3347 = CARTESIAN_POINT('',(368.52841273645,5.5,9.526279441629));
#3348 = CARTESIAN_POINT('',(367.89535902679,5.5,9.526279441629));
#3349 = CARTESIAN_POINT('',(367.48153593119,5.462506642488,
    9.547926167807));
#3350 = CARTESIAN_POINT('',(367.07126364523,5.387760637365,
    9.591081119492));
#3351 = CARTESIAN_POINT('',(366.66745879747,5.275808480756,9.65424045552
    ));
#3352 = CARTESIAN_POINT('',(366.27337514788,5.126600342017,
    9.734546280879));
#3353 = CARTESIAN_POINT('',(365.67002567695,4.831414578432,9.8829306222)
  );
#3354 = CARTESIAN_POINT('',(365.45165617905,4.709634839486,
    9.942329782339));
#3355 = CARTESIAN_POINT('',(365.23814593663,4.574920090533,
    10.005660058845));
#3356 = CARTESIAN_POINT('',(365.03003294778,4.427012544909,
    10.072174550105));
#3357 = CARTESIAN_POINT('',(364.82801252207,4.265584074417,
    10.141028628349));
#3358 = CARTESIAN_POINT('',(364.48530007422,3.957504558446,
    10.264434254822));
#3359 = CARTESIAN_POINT('',(364.34160123732,3.816758399099,
    10.318408627377));
#3360 = CARTESIAN_POINT('',(364.20221897204,3.667801463243,
    10.372782172496));
#3361 = CARTESIAN_POINT('',(364.06759413293,3.510408400637,
    10.427105736567));
#3362 = CARTESIAN_POINT('',(363.93827572841,3.344352258223,
    10.480872367112));
#3363 = CARTESIAN_POINT('',(363.64475893174,2.92807436397,
    10.606125282413));
#3364 = CARTESIAN_POINT('',(363.48549265928,2.669182120242,
    10.676787272872));
#3365 = CARTESIAN_POINT('',(363.33955430809,2.39279432472,
    10.743727723182));
#3366 = CARTESIAN_POINT('',(363.20949022549,2.099206449071,
    10.80499561542));
#3367 = CARTESIAN_POINT('',(363.0980124838,1.788994116426,
    10.858528174001));
#3368 = CARTESIAN_POINT('',(362.9005147136,1.073311606594,
    10.954572392569));
#3369 = CARTESIAN_POINT('',(362.82345344973,0.659973506849,
    10.993019790139));
#3370 = CARTESIAN_POINT('',(362.78452809357,0.232551984427,
    11.012839970957));
#3371 = CARTESIAN_POINT('',(362.78686339727,-0.198598817029,
    11.011541060068));
#3372 = CARTESIAN_POINT('',(362.82956292571,-0.622960313212,
    10.989975424568));
#3373 = CARTESIAN_POINT('',(362.95100018422,-1.25955671589,
    10.930068781193));
#3374 = CARTESIAN_POINT('',(363.00568920517,-1.482984946271,
    10.903248263129));
#3375 = CARTESIAN_POINT('',(363.07058801838,-1.700108304612,
    10.871699616698));
#3376 = CARTESIAN_POINT('',(363.14480780184,-1.910227875351,
    10.83606067093));
#3377 = CARTESIAN_POINT('',(363.22736155757,-2.112720373101,
    10.79703245073));
#3378 = CARTESIAN_POINT('',(363.39048331712,-2.465738434945,
    10.721309540599));
#3379 = CARTESIAN_POINT('',(363.46872630916,-2.61917007509,
    10.68545892818));
#3380 = CARTESIAN_POINT('',(363.55145314691,-2.767335328219,
    10.648122658335));
#3381 = CARTESIAN_POINT('',(363.63827107929,-2.910254028386,
    10.609606923165));
#3382 = CARTESIAN_POINT('',(363.72882141094,-3.047963928047,
    10.570198201089));
#3383 = CARTESIAN_POINT('',(363.89391540564,-3.280880992531,
    10.499848146051));
#3384 = CARTESIAN_POINT('',(363.96701779986,-3.3783053161,
    10.469169686501));
#3385 = CARTESIAN_POINT('',(364.04195915583,-3.472833788487,
    10.438234496039));
#3386 = CARTESIAN_POINT('',(364.11862612859,-3.564508678387,
    10.407144260865));
#3387 = CARTESIAN_POINT('',(364.19691864793,-3.653373823972,
    10.375993530422));
#3388 = CARTESIAN_POINT('',(364.51563952551,-3.997125404243,
    10.251733839429));
#3389 = CARTESIAN_POINT('',(364.7684575649,-4.230183068939,
    10.158781462997));
#3390 = CARTESIAN_POINT('',(365.03273767307,-4.439605397893,
    10.068428919534));
#3391 = CARTESIAN_POINT('',(365.30674578375,-4.626284974308,
    9.982663992669));
#3392 = CARTESIAN_POINT('',(365.58928621195,-4.790919210291,
    9.903165066145));
#3393 = CARTESIAN_POINT('',(366.06151756255,-5.023537167296,
    9.786426167945));
#3394 = CARTESIAN_POINT('',(366.24648924144,-5.104640872216,
    9.744496173469));
#3395 = CARTESIAN_POINT('',(366.43406500847,-5.177222336605,
    9.706028919778));
#3396 = CARTESIAN_POINT('',(366.62391515939,-5.241304673796,
    9.671376273341));
#3397 = CARTESIAN_POINT('',(366.81573758825,-5.296898704381,
    9.640838543918));
#3398 = CARTESIAN_POINT('',(367.22262291982,-5.395928287427,
    9.585796145009));
#3399 = CARTESIAN_POINT('',(367.43803597987,-5.437528318755,
    9.562233279691));
#3400 = CARTESIAN_POINT('',(367.65497267133,-5.468754691863,
    9.544319438054));
#3401 = CARTESIAN_POINT('',(367.87292388432,-5.489582691465,
    9.532293596737));
#3402 = CARTESIAN_POINT('',(368.09139467444,-5.5,9.526279441629));
#3403 = CARTESIAN_POINT('',(368.7244483841,-5.5,9.526279441629));
#3404 = CARTESIAN_POINT('',(369.13827147969,-5.462506642488,
    9.547926167807));
#3405 = CARTESIAN_POINT('',(369.54854376566,-5.387760637364,
    9.591081119493));
#3406 = CARTESIAN_POINT('',(369.95234861342,-5.275808480756,
    9.65424045552));
#3407 = CARTESIAN_POINT('',(370.34643226301,-5.126600342017,
    9.734546280879));
#3408 = CARTESIAN_POINT('',(370.9497817416,-4.831414574683,
    9.882930624085));
#3409 = CARTESIAN_POINT('',(371.16815121994,-4.709634847244,
    9.942329778856));
#3410 = CARTESIAN_POINT('',(371.381661474,-4.574920089315,
    10.005660059156));
#3411 = CARTESIAN_POINT('',(371.58977447489,-4.427012536568,
    10.072174553739));
#3412 = CARTESIAN_POINT('',(371.79179488174,-4.265584080774,
    10.141028625803));
#3413 = CARTESIAN_POINT('',(372.13450733666,-3.957504558446,
    10.264434254822));
#3414 = CARTESIAN_POINT('',(372.27820617356,-3.816758399099,
    10.318408627377));
#3415 = CARTESIAN_POINT('',(372.41758843885,-3.667801463243,
    10.372782172496));
#3416 = CARTESIAN_POINT('',(372.55221327795,-3.510408400636,
    10.427105736567));
#3417 = CARTESIAN_POINT('',(372.68153168248,-3.344352258223,
    10.480872367112));
#3418 = CARTESIAN_POINT('',(372.975048479,-2.928074364173,
    10.606125282352));
#3419 = CARTESIAN_POINT('',(373.13431475169,-2.669182120174,
    10.676787272904));
#3420 = CARTESIAN_POINT('',(373.2802531029,-2.39279432449,
    10.743727723235));
#3421 = CARTESIAN_POINT('',(373.41031718536,-2.099206449027,
    10.804995615406));
#3422 = CARTESIAN_POINT('',(373.52179492701,-1.788994116698,
    10.858528173965));
#3423 = CARTESIAN_POINT('',(373.67532249161,-1.232648631641,
    10.93318944713));
#3424 = CARTESIAN_POINT('',(373.72811755216,-0.994465955504,
    10.959203772035));
#3425 = CARTESIAN_POINT('',(373.76870870392,-0.750255932422,
    10.979402483801));
#3426 = CARTESIAN_POINT('',(373.7961440388,-0.501847035445,
    10.993120170952));
#3427 = CARTESIAN_POINT('',(373.80990370544,-0.251127485546,11.));
#3428 = CARTESIAN_POINT('',(373.80990370544,0.,11.));
#3429 = PCURVE('',#1483,#3430);
#3430 = DEFINITIONAL_REPRESENTATION('',(#3431),#3544);
#3431 = B_SPLINE_CURVE_WITH_KNOTS('',6,(#3432,#3433,#3434,#3435,#3436,
    #3437,#3438,#3439,#3440,#3441,#3442,#3443,#3444,#3445,#3446,#3447,
    #3448,#3449,#3450,#3451,#3452,#3453,#3454,#3455,#3456,#3457,#3458,
    #3459,#3460,#3461,#3462,#3463,#3464,#3465,#3466,#3467,#3468,#3469,
    #3470,#3471,#3472,#3473,#3474,#3475,#3476,#3477,#3478,#3479,#3480,
    #3481,#3482,#3483,#3484,#3485,#3486,#3487,#3488,#3489,#3490,#3491,
    #3492,#3493,#3494,#3495,#3496,#3497,#3498,#3499,#3500,#3501,#3502,
    #3503,#3504,#3505,#3506,#3507,#3508,#3509,#3510,#3511,#3512,#3513,
    #3514,#3515,#3516,#3517,#3518,#3519,#3520,#3521,#3522,#3523,#3524,
    #3525,#3526,#3527,#3528,#3529,#3530,#3531,#3532,#3533,#3534,#3535,
    #3536,#3537,#3538,#3539,#3540,#3541,#3542,#3543),.UNSPECIFIED.,.F.,
  .F.,(7,5,5,5,5,5,5,5,5,5,5,5,5,5,5,5,5,5,5,5,5,5,7),(0.,
    5.787037328906E-02,8.529912319332E-02,0.106065964044,0.168209319896,
    0.207181963331,0.250151334184,0.331670729288,0.379398541677,
    0.41553975212,0.465394484875,0.525016394387,0.558504533382,
    0.5858541728,0.606561117559,0.668525230975,0.70738546845,
    0.750230905874,0.831515180518,0.879105336688,0.9151423076,
    0.964853247843,1.),.UNSPECIFIED.);
#3432 = CARTESIAN_POINT('',(0.,5.));
#3433 = CARTESIAN_POINT('',(7.538635957972E-02,5.));
#3434 = CARTESIAN_POINT('',(0.150099416396,4.981245550743));
#3435 = CARTESIAN_POINT('',(0.223721613004,4.944366159308));
#3436 = CARTESIAN_POINT('',(0.295805600528,4.891708125861));
#3437 = CARTESIAN_POINT('',(0.365788807678,4.827172518566));
#3438 = CARTESIAN_POINT('',(0.464638144114,4.721309540597));
#3439 = CARTESIAN_POINT('',(0.495929253093,4.68545892818));
#3440 = CARTESIAN_POINT('',(0.526750876799,4.648122658337));
#3441 = CARTESIAN_POINT('',(0.557125253304,4.609606923166));
#3442 = CARTESIAN_POINT('',(0.587072968103,4.570198201086));
#3443 = CARTESIAN_POINT('',(0.638980828623,4.499848146051));
#3444 = CARTESIAN_POINT('',(0.661118392423,4.469169686501));
#3445 = CARTESIAN_POINT('',(0.683039722306,4.438234496039));
#3446 = CARTESIAN_POINT('',(0.704757425667,4.407144260865));
#3447 = CARTESIAN_POINT('',(0.726284106358,4.375993530422));
#3448 = CARTESIAN_POINT('',(0.811515572715,4.251733828209));
#3449 = CARTESIAN_POINT('',(0.873842127211,4.158781478824));
#3450 = CARTESIAN_POINT('',(0.934901723092,4.068428921076));
#3451 = CARTESIAN_POINT('',(0.994959268688,3.982663977596));
#3452 = CARTESIAN_POINT('',(1.054269515359,3.903165074105));
#3453 = CARTESIAN_POINT('',(1.149981479982,3.786426167945));
#3454 = CARTESIAN_POINT('',(1.18666717123,3.744496173469));
#3455 = CARTESIAN_POINT('',(1.223183261578,3.706028919778));
#3456 = CARTESIAN_POINT('',(1.259563190124,3.671376273341));
#3457 = CARTESIAN_POINT('',(1.295841106428,3.640838543918));
#3458 = CARTESIAN_POINT('',(1.371979851327,3.585796145009));
#3459 = CARTESIAN_POINT('',(1.411823607805,3.562233279691));
#3460 = CARTESIAN_POINT('',(1.451605104672,3.544319438054));
#3461 = CARTESIAN_POINT('',(1.491345439155,3.532293596737));
#3462 = CARTESIAN_POINT('',(1.531067412067,3.526279441629));
#3463 = CARTESIAN_POINT('',(1.64616808655,3.526279441629));
#3464 = CARTESIAN_POINT('',(1.721408599318,3.547926167807));
#3465 = CARTESIAN_POINT('',(1.796774498718,3.591081119492));
#3466 = CARTESIAN_POINT('',(1.87249189834,3.65424045552));
#3467 = CARTESIAN_POINT('',(1.948775706389,3.734546280879));
#3468 = CARTESIAN_POINT('',(2.070900858168,3.8829306222));
#3469 = CARTESIAN_POINT('',(2.116295429096,3.942329782339));
#3470 = CARTESIAN_POINT('',(2.162095275797,4.005660058845));
#3471 = CARTESIAN_POINT('',(2.20840855507,4.072174550105));
#3472 = CARTESIAN_POINT('',(2.255346698419,4.141028628349));
#3473 = CARTESIAN_POINT('',(2.339134073959,4.264434254822));
#3474 = CARTESIAN_POINT('',(2.375672171533,4.318408627377));
#3475 = CARTESIAN_POINT('',(2.412709482137,4.372782172496));
#3476 = CARTESIAN_POINT('',(2.450308395032,4.427105736567));
#3477 = CARTESIAN_POINT('',(2.488532620376,4.480872367112));
#3478 = CARTESIAN_POINT('',(2.581142063367,4.606125282413));
#3479 = CARTESIAN_POINT('',(2.636298968498,4.676787272872));
#3480 = CARTESIAN_POINT('',(2.692937609705,4.743727723182));
#3481 = CARTESIAN_POINT('',(2.75110261073,4.80499561542));
#3482 = CARTESIAN_POINT('',(2.810864413048,4.858528174001));
#3483 = CARTESIAN_POINT('',(2.945852239142,4.954572392569));
#3484 = CARTESIAN_POINT('',(3.022023817851,4.993019790139));
#3485 = CARTESIAN_POINT('',(3.099535301149,5.012839970957));
#3486 = CARTESIAN_POINT('',(3.177391374596,5.011541060068));
#3487 = CARTESIAN_POINT('',(3.254635942568,4.989975424568));
#3488 = CARTESIAN_POINT('',(3.372467870449,4.930068781193));
#3489 = CARTESIAN_POINT('',(3.414234888833,4.903248263129));
#3490 = CARTESIAN_POINT('',(3.455360584925,4.871699616698));
#3491 = CARTESIAN_POINT('',(3.495807376805,4.83606067093));
#3492 = CARTESIAN_POINT('',(3.53552468719,4.79703245073));
#3493 = CARTESIAN_POINT('',(3.606230797702,4.721309540599));
#3494 = CARTESIAN_POINT('',(3.637521906683,4.68545892818));
#3495 = CARTESIAN_POINT('',(3.668343530391,4.648122658335));
#3496 = CARTESIAN_POINT('',(3.698717906894,4.609606923165));
#3497 = CARTESIAN_POINT('',(3.728665621691,4.570198201089));
#3498 = CARTESIAN_POINT('',(3.780573482213,4.499848146051));
#3499 = CARTESIAN_POINT('',(3.802711046013,4.469169686501));
#3500 = CARTESIAN_POINT('',(3.824632375895,4.438234496039));
#3501 = CARTESIAN_POINT('',(3.846350079257,4.407144260865));
#3502 = CARTESIAN_POINT('',(3.867876759948,4.375993530422));
#3503 = CARTESIAN_POINT('',(3.953108218609,4.251733839429));
#3504 = CARTESIAN_POINT('',(4.01543479231,4.158781462997));
#3505 = CARTESIAN_POINT('',(4.076494377244,4.068428919534));
#3506 = CARTESIAN_POINT('',(4.13655191105,3.982663992669));
#3507 = CARTESIAN_POINT('',(4.195862175475,3.903165066145));
#3508 = CARTESIAN_POINT('',(4.291574133572,3.786426167945));
#3509 = CARTESIAN_POINT('',(4.32825982482,3.744496173469));
#3510 = CARTESIAN_POINT('',(4.364775915168,3.706028919778));
#3511 = CARTESIAN_POINT('',(4.401155843713,3.671376273341));
#3512 = CARTESIAN_POINT('',(4.437433760018,3.640838543918));
#3513 = CARTESIAN_POINT('',(4.513572504917,3.585796145009));
#3514 = CARTESIAN_POINT('',(4.553416261395,3.562233279691));
#3515 = CARTESIAN_POINT('',(4.593197758262,3.544319438054));
#3516 = CARTESIAN_POINT('',(4.632938092745,3.532293596737));
#3517 = CARTESIAN_POINT('',(4.672660065657,3.526279441629));
#3518 = CARTESIAN_POINT('',(4.78776074014,3.526279441629));
#3519 = CARTESIAN_POINT('',(4.863001252907,3.547926167807));
#3520 = CARTESIAN_POINT('',(4.938367152308,3.591081119493));
#3521 = CARTESIAN_POINT('',(5.01408455193,3.65424045552));
#3522 = CARTESIAN_POINT('',(5.090368359978,3.734546280879));
#3523 = CARTESIAN_POINT('',(5.212493513309,3.882930624085));
#3524 = CARTESIAN_POINT('',(5.257888080083,3.942329778856));
#3525 = CARTESIAN_POINT('',(5.303687929472,4.005660059156));
#3526 = CARTESIAN_POINT('',(5.350001211305,4.072174553739));
#3527 = CARTESIAN_POINT('',(5.39693935028,4.141028625803));
#3528 = CARTESIAN_POINT('',(5.480726727549,4.264434254822));
#3529 = CARTESIAN_POINT('',(5.517264825122,4.318408627377));
#3530 = CARTESIAN_POINT('',(5.554302135727,4.372782172496));
#3531 = CARTESIAN_POINT('',(5.591901048622,4.427105736567));
#3532 = CARTESIAN_POINT('',(5.630125273966,4.480872367112));
#3533 = CARTESIAN_POINT('',(5.722734716912,4.606125282352));
#3534 = CARTESIAN_POINT('',(5.777891622107,4.676787272904));
#3535 = CARTESIAN_POINT('',(5.834530263339,4.743727723235));
#3536 = CARTESIAN_POINT('',(5.892695264326,4.804995615406));
#3537 = CARTESIAN_POINT('',(5.952457066586,4.858528173965));
#3538 = CARTESIAN_POINT('',(6.057391680125,4.93318944713));
#3539 = CARTESIAN_POINT('',(6.101690763799,4.959203772035));
#3540 = CARTESIAN_POINT('',(6.146603781186,4.979402483801));
#3541 = CARTESIAN_POINT('',(6.191940394622,4.993120170952));
#3542 = CARTESIAN_POINT('',(6.237525764353,5.));
#3543 = CARTESIAN_POINT('',(6.28318530718,5.));
#3544 = ( GEOMETRIC_REPRESENTATION_CONTEXT(2) 
PARAMETRIC_REPRESENTATION_CONTEXT() REPRESENTATION_CONTEXT('2D SPACE',''
  ) );
#3545 = PCURVE('',#2036,#3546);
#3546 = DEFINITIONAL_REPRESENTATION('',(#3547),#3660);
#3547 = B_SPLINE_CURVE_WITH_KNOTS('',6,(#3548,#3549,#3550,#3551,#3552,
    #3553,#3554,#3555,#3556,#3557,#3558,#3559,#3560,#3561,#3562,#3563,
    #3564,#3565,#3566,#3567,#3568,#3569,#3570,#3571,#3572,#3573,#3574,
    #3575,#3576,#3577,#3578,#3579,#3580,#3581,#3582,#3583,#3584,#3585,
    #3586,#3587,#3588,#3589,#3590,#3591,#3592,#3593,#3594,#3595,#3596,
    #3597,#3598,#3599,#3600,#3601,#3602,#3603,#3604,#3605,#3606,#3607,
    #3608,#3609,#3610,#3611,#3612,#3613,#3614,#3615,#3616,#3617,#3618,
    #3619,#3620,#3621,#3622,#3623,#3624,#3625,#3626,#3627,#3628,#3629,
    #3630,#3631,#3632,#3633,#3634,#3635,#3636,#3637,#3638,#3639,#3640,
    #3641,#3642,#3643,#3644,#3645,#3646,#3647,#3648,#3649,#3650,#3651,
    #3652,#3653,#3654,#3655,#3656,#3657,#3658,#3659),.UNSPECIFIED.,.T.,
  .F.,(7,5,5,5,5,5,5,5,5,5,5,5,5,5,5,5,5,5,5,5,5,5,7),(0.,
    5.787037328906E-02,8.529912319332E-02,0.106065964044,0.168209319896,
    0.207181963331,0.250151334184,0.331670729288,0.379398541677,
    0.41553975212,0.465394484875,0.525016394387,0.558504533382,
    0.5858541728,0.606561117559,0.668525230975,0.70738546845,
    0.750230905874,0.831515180518,0.879105336688,0.9151423076,
    0.964853247843,1.),.UNSPECIFIED.);
#3548 = CARTESIAN_POINT('',(3.14159265359,373.80990370544));
#3549 = CARTESIAN_POINT('',(3.1038994738,373.80990370544));
#3550 = CARTESIAN_POINT('',(3.06654285908,373.77239485462));
#3551 = CARTESIAN_POINT('',(3.030021400838,373.69863571815));
#3552 = CARTESIAN_POINT('',(2.994819785346,373.59188213881));
#3553 = CARTESIAN_POINT('',(2.96142455942,373.45737337512));
#3554 = CARTESIAN_POINT('',(2.91553761313,373.22932409376));
#3555 = CARTESIAN_POINT('',(2.90121596113,373.15108110172));
#3556 = CARTESIAN_POINT('',(2.887328315178,373.06835426398));
#3557 = CARTESIAN_POINT('',(2.873874666285,372.9815363316));
#3558 = CARTESIAN_POINT('',(2.860854437879,372.89098599994));
#3559 = CARTESIAN_POINT('',(2.838735396838,372.72589200525));
#3560 = CARTESIAN_POINT('',(2.829450529399,372.65278961103));
#3561 = CARTESIAN_POINT('',(2.820409398249,372.57784825505));
#3562 = CARTESIAN_POINT('',(2.811609812106,372.5011812823));
#3563 = CARTESIAN_POINT('',(2.803049586108,372.42288876296));
#3564 = CARTESIAN_POINT('',(2.769820399013,372.1041678566));
#3565 = CARTESIAN_POINT('',(2.747022401991,371.85134989484));
#3566 = CARTESIAN_POINT('',(2.726298086576,371.58706973633));
#3567 = CARTESIAN_POINT('',(2.707627136258,371.31306157766));
#3568 = CARTESIAN_POINT('',(2.691008847399,371.03052123114));
#3569 = CARTESIAN_POINT('',(2.66734817921,370.55828984833));
#3570 = CARTESIAN_POINT('',(2.659048654048,370.37331816945));
#3571 = CARTESIAN_POINT('',(2.651581415055,370.18574240241));
#3572 = CARTESIAN_POINT('',(2.644958768178,369.99589225149));
#3573 = CARTESIAN_POINT('',(2.639192562583,369.80406982263));
#3574 = CARTESIAN_POINT('',(2.62889270942,369.39718449106));
#3575 = CARTESIAN_POINT('',(2.62454650087,369.18177143101));
#3576 = CARTESIAN_POINT('',(2.621273826341,368.96483473955));
#3577 = CARTESIAN_POINT('',(2.619087389081,368.74688352657));
#3578 = CARTESIAN_POINT('',(2.617993877991,368.52841273645));
#3579 = CARTESIAN_POINT('',(2.617993877991,367.89535902679));
#3580 = CARTESIAN_POINT('',(2.6219296243,367.48153593119));
#3581 = CARTESIAN_POINT('',(2.629776086354,367.07126364523));
#3582 = CARTESIAN_POINT('',(2.641460536536,366.66745879747));
#3583 = CARTESIAN_POINT('',(2.656858699422,366.27337514788));
#3584 = CARTESIAN_POINT('',(2.686893465472,365.67002567695));
#3585 = CARTESIAN_POINT('',(2.699210178788,365.45165617905));
#3586 = CARTESIAN_POINT('',(2.712740562375,365.23814593663));
#3587 = CARTESIAN_POINT('',(2.727480059055,365.03003294778));
#3588 = CARTESIAN_POINT('',(2.74343064671,364.82801252207));
#3589 = CARTESIAN_POINT('',(2.773601227423,364.48530007422));
#3590 = CARTESIAN_POINT('',(2.787303405945,364.34160123732));
#3591 = CARTESIAN_POINT('',(2.801715971531,364.20221897204));
#3592 = CARTESIAN_POINT('',(2.81684878506,364.06759413293));
#3593 = CARTESIAN_POINT('',(2.832712945663,363.93827572841));
#3594 = CARTESIAN_POINT('',(2.872232328713,363.64475893174));
#3595 = CARTESIAN_POINT('',(2.896620762167,363.48549265928));
#3596 = CARTESIAN_POINT('',(2.922456443036,363.33955430809));
#3597 = CARTESIAN_POINT('',(2.949698047891,363.20949022549));
#3598 = CARTESIAN_POINT('',(2.978295891807,363.0980124838));
#3599 = CARTESIAN_POINT('',(3.043941191299,362.9005147136));
#3600 = CARTESIAN_POINT('',(3.081648614113,362.82345344973));
#3601 = CARTESIAN_POINT('',(3.120480792107,362.78452809357));
#3602 = CARTESIAN_POINT('',(3.159606782473,362.78686339727));
#3603 = CARTESIAN_POINT('',(3.198199297426,362.82956292571));
#3604 = CARTESIAN_POINT('',(3.256327382402,362.95100018422));
#3605 = CARTESIAN_POINT('',(3.276778115852,363.00568920517));
#3606 = CARTESIAN_POINT('',(3.296714993406,363.07058801838));
#3607 = CARTESIAN_POINT('',(3.31608200305,363.14480780184));
#3608 = CARTESIAN_POINT('',(3.334825141947,363.22736155757));
#3609 = CARTESIAN_POINT('',(3.367647694049,363.39048331712));
#3610 = CARTESIAN_POINT('',(3.38196934605,363.46872630916));
#3611 = CARTESIAN_POINT('',(3.395856992002,363.55145314691));
#3612 = CARTESIAN_POINT('',(3.409310640895,363.63827107929));
#3613 = CARTESIAN_POINT('',(3.422330869299,363.72882141094));
#3614 = CARTESIAN_POINT('',(3.444449910342,363.89391540564));
#3615 = CARTESIAN_POINT('',(3.45373477778,363.96701779986));
#3616 = CARTESIAN_POINT('',(3.462775908931,364.04195915583));
#3617 = CARTESIAN_POINT('',(3.471575495074,364.11862612859));
#3618 = CARTESIAN_POINT('',(3.480135721072,364.19691864793));
#3619 = CARTESIAN_POINT('',(3.513364905166,364.51563952551));
#3620 = CARTESIAN_POINT('',(3.53616290901,364.7684575649));
#3621 = CARTESIAN_POINT('',(3.556887221253,365.03273767307));
#3622 = CARTESIAN_POINT('',(3.575558167411,365.30674578375));
#3623 = CARTESIAN_POINT('',(3.592176461394,365.58928621195));
#3624 = CARTESIAN_POINT('',(3.615837127969,366.06151756255));
#3625 = CARTESIAN_POINT('',(3.624136653132,366.24648924144));
#3626 = CARTESIAN_POINT('',(3.631603892124,366.43406500847));
#3627 = CARTESIAN_POINT('',(3.638226539001,366.62391515939));
#3628 = CARTESIAN_POINT('',(3.643992744597,366.81573758825));
#3629 = CARTESIAN_POINT('',(3.654292597759,367.22262291982));
#3630 = CARTESIAN_POINT('',(3.658638806309,367.43803597987));
#3631 = CARTESIAN_POINT('',(3.661911480838,367.65497267133));
#3632 = CARTESIAN_POINT('',(3.664097918098,367.87292388432));
#3633 = CARTESIAN_POINT('',(3.665191429188,368.09139467444));
#3634 = CARTESIAN_POINT('',(3.665191429188,368.7244483841));
#3635 = CARTESIAN_POINT('',(3.66125568288,369.13827147969));
#3636 = CARTESIAN_POINT('',(3.653409220825,369.54854376566));
#3637 = CARTESIAN_POINT('',(3.641724770643,369.95234861342));
#3638 = CARTESIAN_POINT('',(3.626326607757,370.34643226301));
#3639 = CARTESIAN_POINT('',(3.596291841326,370.9497817416));
#3640 = CARTESIAN_POINT('',(3.583975129165,371.16815121994));
#3641 = CARTESIAN_POINT('',(3.570444744692,371.381661474));
#3642 = CARTESIAN_POINT('',(3.555705247297,371.58977447489));
#3643 = CARTESIAN_POINT('',(3.539754661092,371.79179488174));
#3644 = CARTESIAN_POINT('',(3.509584079757,372.13450733666));
#3645 = CARTESIAN_POINT('',(3.495881901235,372.27820617356));
#3646 = CARTESIAN_POINT('',(3.481469335648,372.41758843885));
#3647 = CARTESIAN_POINT('',(3.46633652212,372.55221327795));
#3648 = CARTESIAN_POINT('',(3.450472361516,372.68153168248));
#3649 = CARTESIAN_POINT('',(3.410952978486,372.975048479));
#3650 = CARTESIAN_POINT('',(3.386564545006,373.13431475169));
#3651 = CARTESIAN_POINT('',(3.360728864122,373.2802531029));
#3652 = CARTESIAN_POINT('',(3.333487259285,373.41031718536));
#3653 = CARTESIAN_POINT('',(3.304889415398,373.52179492701));
#3654 = CARTESIAN_POINT('',(3.253859153394,373.67532249161));
#3655 = CARTESIAN_POINT('',(3.232084010293,373.72811755216));
#3656 = CARTESIAN_POINT('',(3.209819141036,373.76870870392));
#3657 = CARTESIAN_POINT('',(3.187215115242,373.7961440388));
#3658 = CARTESIAN_POINT('',(3.164422425003,373.80990370544));
#3659 = CARTESIAN_POINT('',(3.14159265359,373.80990370544));
#3660 = ( GEOMETRIC_REPRESENTATION_CONTEXT(2) 
PARAMETRIC_REPRESENTATION_CONTEXT() REPRESENTATION_CONTEXT('2D SPACE',''
  ) );
#3661 = ORIENTED_EDGE('',*,*,#3291,.T.);
#3662 = ADVANCED_FACE('',(#3663),#1661,.T.);
#3663 = FACE_BOUND('',#3664,.T.);
#3664 = EDGE_LOOP('',(#3665,#3688,#3689,#3690,#3691,#3692));
#3665 = ORIENTED_EDGE('',*,*,#3666,.T.);
#3666 = EDGE_CURVE('',#3667,#1645,#3669,.T.);
#3667 = VERTEX_POINT('',#3668);
#3668 = CARTESIAN_POINT('',(219.,-3.771912141374E-15,-15.4));
#3669 = SEAM_CURVE('',#3670,(#3674,#3681),.PCURVE_S1.);
#3670 = LINE('',#3671,#3672);
#3671 = CARTESIAN_POINT('',(219.,-3.771912141374E-15,-15.4));
#3672 = VECTOR('',#3673,1.);
#3673 = DIRECTION('',(1.,0.,2.22044604925E-16));
#3674 = PCURVE('',#1661,#3675);
#3675 = DEFINITIONAL_REPRESENTATION('',(#3676),#3680);
#3676 = LINE('',#3677,#3678);
#3677 = CARTESIAN_POINT('',(6.28318530718,-0.));
#3678 = VECTOR('',#3679,1.);
#3679 = DIRECTION('',(0.,1.));
#3680 = ( GEOMETRIC_REPRESENTATION_CONTEXT(2) 
PARAMETRIC_REPRESENTATION_CONTEXT() REPRESENTATION_CONTEXT('2D SPACE',''
  ) );
#3681 = PCURVE('',#1661,#3682);
#3682 = DEFINITIONAL_REPRESENTATION('',(#3683),#3687);
#3683 = LINE('',#3684,#3685);
#3684 = CARTESIAN_POINT('',(0.,-0.));
#3685 = VECTOR('',#3686,1.);
#3686 = DIRECTION('',(0.,1.));
#3687 = ( GEOMETRIC_REPRESENTATION_CONTEXT(2) 
PARAMETRIC_REPRESENTATION_CONTEXT() REPRESENTATION_CONTEXT('2D SPACE',''
  ) );
#3688 = ORIENTED_EDGE('',*,*,#1642,.F.);
#3689 = ORIENTED_EDGE('',*,*,#2180,.F.);
#3690 = ORIENTED_EDGE('',*,*,#1673,.F.);
#3691 = ORIENTED_EDGE('',*,*,#3666,.F.);
#3692 = ORIENTED_EDGE('',*,*,#3693,.T.);
#3693 = EDGE_CURVE('',#3667,#3667,#3694,.T.);
#3694 = SURFACE_CURVE('',#3695,(#3700,#3707),.PCURVE_S1.);
#3695 = CIRCLE('',#3696,15.4);
#3696 = AXIS2_PLACEMENT_3D('',#3697,#3698,#3699);
#3697 = CARTESIAN_POINT('',(219.,0.,-2.442490654175E-15));
#3698 = DIRECTION('',(1.,-0.,2.22044604925E-16));
#3699 = DIRECTION('',(2.22044604925E-16,0.,-1.));
#3700 = PCURVE('',#1661,#3701);
#3701 = DEFINITIONAL_REPRESENTATION('',(#3702),#3706);
#3702 = LINE('',#3703,#3704);
#3703 = CARTESIAN_POINT('',(0.,0.));
#3704 = VECTOR('',#3705,1.);
#3705 = DIRECTION('',(1.,0.));
#3706 = ( GEOMETRIC_REPRESENTATION_CONTEXT(2) 
PARAMETRIC_REPRESENTATION_CONTEXT() REPRESENTATION_CONTEXT('2D SPACE',''
  ) );
#3707 = PCURVE('',#3708,#3713);
#3708 = PLANE('',#3709);
#3709 = AXIS2_PLACEMENT_3D('',#3710,#3711,#3712);
#3710 = CARTESIAN_POINT('',(219.,0.,-2.442490654175E-15));
#3711 = DIRECTION('',(1.,0.,2.22044604925E-16));
#3712 = DIRECTION('',(2.22044604925E-16,0.,-1.));
#3713 = DEFINITIONAL_REPRESENTATION('',(#3714),#3718);
#3714 = CIRCLE('',#3715,15.4);
#3715 = AXIS2_PLACEMENT_2D('',#3716,#3717);
#3716 = CARTESIAN_POINT('',(0.,0.));
#3717 = DIRECTION('',(1.,0.));
#3718 = ( GEOMETRIC_REPRESENTATION_CONTEXT(2) 
PARAMETRIC_REPRESENTATION_CONTEXT() REPRESENTATION_CONTEXT('2D SPACE',''
  ) );
#3719 = ADVANCED_FACE('',(#3720,#3774,#4131,#4554,#4557,#4560,#4563),
  #2036,.F.);
#3720 = FACE_BOUND('',#3721,.F.);
#3721 = EDGE_LOOP('',(#3722,#3745,#3746,#3747));
#3722 = ORIENTED_EDGE('',*,*,#3723,.T.);
#3723 = EDGE_CURVE('',#3724,#2386,#3726,.T.);
#3724 = VERTEX_POINT('',#3725);
#3725 = CARTESIAN_POINT('',(2.442490654175E-15,-2.694222958124E-15,-11.)
  );
#3726 = SEAM_CURVE('',#3727,(#3731,#3738),.PCURVE_S1.);
#3727 = LINE('',#3728,#3729);
#3728 = CARTESIAN_POINT('',(2.442490654175E-15,-2.694222958124E-15,-11.)
  );
#3729 = VECTOR('',#3730,1.);
#3730 = DIRECTION('',(1.,0.,2.22044604925E-16));
#3731 = PCURVE('',#2036,#3732);
#3732 = DEFINITIONAL_REPRESENTATION('',(#3733),#3737);
#3733 = LINE('',#3734,#3735);
#3734 = CARTESIAN_POINT('',(6.28318530718,-0.));
#3735 = VECTOR('',#3736,1.);
#3736 = DIRECTION('',(0.,1.));
#3737 = ( GEOMETRIC_REPRESENTATION_CONTEXT(2) 
PARAMETRIC_REPRESENTATION_CONTEXT() REPRESENTATION_CONTEXT('2D SPACE',''
  ) );
#3738 = PCURVE('',#2036,#3739);
#3739 = DEFINITIONAL_REPRESENTATION('',(#3740),#3744);
#3740 = LINE('',#3741,#3742);
#3741 = CARTESIAN_POINT('',(0.,-0.));
#3742 = VECTOR('',#3743,1.);
#3743 = DIRECTION('',(0.,1.));
#3744 = ( GEOMETRIC_REPRESENTATION_CONTEXT(2) 
PARAMETRIC_REPRESENTATION_CONTEXT() REPRESENTATION_CONTEXT('2D SPACE',''
  ) );
#3745 = ORIENTED_EDGE('',*,*,#2385,.F.);
#3746 = ORIENTED_EDGE('',*,*,#3723,.F.);
#3747 = ORIENTED_EDGE('',*,*,#3748,.T.);
#3748 = EDGE_CURVE('',#3724,#3724,#3749,.T.);
#3749 = SURFACE_CURVE('',#3750,(#3755,#3762),.PCURVE_S1.);
#3750 = CIRCLE('',#3751,11.);
#3751 = AXIS2_PLACEMENT_3D('',#3752,#3753,#3754);
#3752 = CARTESIAN_POINT('',(0.,0.,-5.013797626347E-14));
#3753 = DIRECTION('',(1.,-0.,2.22044604925E-16));
#3754 = DIRECTION('',(2.22044604925E-16,0.,-1.));
#3755 = PCURVE('',#2036,#3756);
#3756 = DEFINITIONAL_REPRESENTATION('',(#3757),#3761);
#3757 = LINE('',#3758,#3759);
#3758 = CARTESIAN_POINT('',(0.,0.));
#3759 = VECTOR('',#3760,1.);
#3760 = DIRECTION('',(1.,0.));
#3761 = ( GEOMETRIC_REPRESENTATION_CONTEXT(2) 
PARAMETRIC_REPRESENTATION_CONTEXT() REPRESENTATION_CONTEXT('2D SPACE',''
  ) );
#3762 = PCURVE('',#3763,#3768);
#3763 = PLANE('',#3764);
#3764 = AXIS2_PLACEMENT_3D('',#3765,#3766,#3767);
#3765 = CARTESIAN_POINT('',(0.,0.,-6.217248937901E-15));
#3766 = DIRECTION('',(1.,0.,2.22044604925E-16));
#3767 = DIRECTION('',(2.22044604925E-16,0.,-1.));
#3768 = DEFINITIONAL_REPRESENTATION('',(#3769),#3773);
#3769 = CIRCLE('',#3770,11.);
#3770 = AXIS2_PLACEMENT_2D('',#3771,#3772);
#3771 = CARTESIAN_POINT('',(4.392072732557E-14,0.));
#3772 = DIRECTION('',(1.,0.));
#3773 = ( GEOMETRIC_REPRESENTATION_CONTEXT(2) 
PARAMETRIC_REPRESENTATION_CONTEXT() REPRESENTATION_CONTEXT('2D SPACE',''
  ) );
#3774 = FACE_BOUND('',#3775,.F.);
#3775 = EDGE_LOOP('',(#3776));
#3776 = ORIENTED_EDGE('',*,*,#3777,.F.);
#3777 = EDGE_CURVE('',#3778,#3778,#3780,.T.);
#3778 = VERTEX_POINT('',#3779);
#3779 = CARTESIAN_POINT('',(169.12299186635,-1.347111479062E-15,11.));
#3780 = SURFACE_CURVE('',#3781,(#3894,#4010),.PCURVE_S1.);
#3781 = B_SPLINE_CURVE_WITH_KNOTS('',6,(#3782,#3783,#3784,#3785,#3786,
    #3787,#3788,#3789,#3790,#3791,#3792,#3793,#3794,#3795,#3796,#3797,
    #3798,#3799,#3800,#3801,#3802,#3803,#3804,#3805,#3806,#3807,#3808,
    #3809,#3810,#3811,#3812,#3813,#3814,#3815,#3816,#3817,#3818,#3819,
    #3820,#3821,#3822,#3823,#3824,#3825,#3826,#3827,#3828,#3829,#3830,
    #3831,#3832,#3833,#3834,#3835,#3836,#3837,#3838,#3839,#3840,#3841,
    #3842,#3843,#3844,#3845,#3846,#3847,#3848,#3849,#3850,#3851,#3852,
    #3853,#3854,#3855,#3856,#3857,#3858,#3859,#3860,#3861,#3862,#3863,
    #3864,#3865,#3866,#3867,#3868,#3869,#3870,#3871,#3872,#3873,#3874,
    #3875,#3876,#3877,#3878,#3879,#3880,#3881,#3882,#3883,#3884,#3885,
    #3886,#3887,#3888,#3889,#3890,#3891,#3892,#3893),.UNSPECIFIED.,.T.,
  .F.,(7,5,5,5,5,5,5,5,5,5,5,5,5,5,5,5,5,5,5,5,5,5,7),(0.,
    5.7870373496E-02,8.52991235168E-02,0.106065964455,0.168209313085,
    0.207181956315,0.250151326942,0.331670721617,0.379398535396,
    0.415539745581,0.465394477981,0.525016387066,0.558504525822,
    0.585854165047,0.60656110966,0.668525230107,0.707385467679,
    0.750230905209,0.831515180056,0.879105336344,0.915142307346,
    0.964853247755,1.),.UNSPECIFIED.);
#3782 = CARTESIAN_POINT('',(169.12299186635,0.,11.));
#3783 = CARTESIAN_POINT('',(169.12299186635,0.414624977935,11.));
#3784 = CARTESIAN_POINT('',(169.08548301548,0.82554708522,
    10.981245550721));
#3785 = CARTESIAN_POINT('',(169.0117238791,1.226226019296,
    10.944366159336));
#3786 = CARTESIAN_POINT('',(168.90497029979,1.610348369167,
    10.891708125893));
#3787 = CARTESIAN_POINT('',(168.77046153592,1.972208230924,
    10.827172518518));
#3788 = CARTESIAN_POINT('',(168.54241225466,2.465738434954,
    10.721309540597));
#3789 = CARTESIAN_POINT('',(168.46416926263,2.619170075087,
    10.68545892818));
#3790 = CARTESIAN_POINT('',(168.38144242489,2.767335328211,
    10.648122658337));
#3791 = CARTESIAN_POINT('',(168.29462449251,2.910254028384,
    10.609606923166));
#3792 = CARTESIAN_POINT('',(168.20407416085,3.047963928055,
    10.570198201086));
#3793 = CARTESIAN_POINT('',(168.03898016615,3.280880992531,
    10.49984814605));
#3794 = CARTESIAN_POINT('',(167.96587777193,3.3783053161,10.469169686501
    ));
#3795 = CARTESIAN_POINT('',(167.89093641596,3.472833788487,
    10.438234496039));
#3796 = CARTESIAN_POINT('',(167.8142694432,3.564508678387,
    10.407144260865));
#3797 = CARTESIAN_POINT('',(167.73597692386,3.653373823972,
    10.375993530422));
#3798 = CARTESIAN_POINT('',(167.41725604628,3.997125404243,
    10.251733839429));
#3799 = CARTESIAN_POINT('',(167.16443800689,4.230183068939,
    10.158781462997));
#3800 = CARTESIAN_POINT('',(166.90015789872,4.439605397893,
    10.068428919534));
#3801 = CARTESIAN_POINT('',(166.62614978804,4.626284974308,
    9.982663992669));
#3802 = CARTESIAN_POINT('',(166.34360935984,4.790919210291,
    9.903165066145));
#3803 = CARTESIAN_POINT('',(165.87137800924,5.023537167296,
    9.786426167945));
#3804 = CARTESIAN_POINT('',(165.68640633035,5.104640872216,
    9.744496173469));
#3805 = CARTESIAN_POINT('',(165.49883056332,5.177222336605,
    9.706028919778));
#3806 = CARTESIAN_POINT('',(165.3089804124,5.241304673796,9.671376273341
    ));
#3807 = CARTESIAN_POINT('',(165.11715798354,5.296898704381,
    9.640838543918));
#3808 = CARTESIAN_POINT('',(164.71027265197,5.395928287427,
    9.585796145009));
#3809 = CARTESIAN_POINT('',(164.49485959191,5.437528318755,
    9.562233279691));
#3810 = CARTESIAN_POINT('',(164.27792290046,5.468754691863,
    9.544319438054));
#3811 = CARTESIAN_POINT('',(164.05997168747,5.489582691465,
    9.532293596737));
#3812 = CARTESIAN_POINT('',(163.84150089735,5.5,9.526279441629));
#3813 = CARTESIAN_POINT('',(163.20844718769,5.5,9.526279441629));
#3814 = CARTESIAN_POINT('',(162.7946240921,5.462506642488,9.547926167807
    ));
#3815 = CARTESIAN_POINT('',(162.38435180613,5.387760637364,
    9.591081119492));
#3816 = CARTESIAN_POINT('',(161.98054695837,5.275808480756,9.65424045552
    ));
#3817 = CARTESIAN_POINT('',(161.58646330878,5.126600342017,
    9.734546280879));
#3818 = CARTESIAN_POINT('',(160.98311383019,4.831414574683,
    9.882930624085));
#3819 = CARTESIAN_POINT('',(160.76474435185,4.709634847244,
    9.942329778856));
#3820 = CARTESIAN_POINT('',(160.55123409779,4.574920089315,
    10.005660059156));
#3821 = CARTESIAN_POINT('',(160.3431210969,4.427012536569,
    10.072174553739));
#3822 = CARTESIAN_POINT('',(160.14110069005,4.265584080774,
    10.141028625802));
#3823 = CARTESIAN_POINT('',(159.79838823513,3.957504558446,
    10.264434254822));
#3824 = CARTESIAN_POINT('',(159.65468939823,3.816758399099,
    10.318408627377));
#3825 = CARTESIAN_POINT('',(159.51530713294,3.667801463243,
    10.372782172496));
#3826 = CARTESIAN_POINT('',(159.38068229384,3.510408400637,
    10.427105736567));
#3827 = CARTESIAN_POINT('',(159.25136388931,3.344352258223,
    10.480872367112));
#3828 = CARTESIAN_POINT('',(158.95784709265,2.92807436397,
    10.606125282413));
#3829 = CARTESIAN_POINT('',(158.79858082018,2.669182120241,
    10.676787272872));
#3830 = CARTESIAN_POINT('',(158.65264246899,2.39279432472,
    10.743727723182));
#3831 = CARTESIAN_POINT('',(158.5225783864,2.099206449071,10.80499561542
    ));
#3832 = CARTESIAN_POINT('',(158.4111006447,1.788994116426,
    10.858528174001));
#3833 = CARTESIAN_POINT('',(158.21360287451,1.073311606595,
    10.954572392569));
#3834 = CARTESIAN_POINT('',(158.13654161063,0.659973506849,
    10.993019790139));
#3835 = CARTESIAN_POINT('',(158.09761625448,0.232551984427,
    11.012839970957));
#3836 = CARTESIAN_POINT('',(158.09995155818,-0.198598817028,
    11.011541060068));
#3837 = CARTESIAN_POINT('',(158.14265108662,-0.622960313212,
    10.989975424568));
#3838 = CARTESIAN_POINT('',(158.26408834513,-1.259556715889,
    10.930068781193));
#3839 = CARTESIAN_POINT('',(158.31877736607,-1.482984946271,
    10.903248263129));
#3840 = CARTESIAN_POINT('',(158.38367617929,-1.700108304612,
    10.871699616698));
#3841 = CARTESIAN_POINT('',(158.45789596275,-1.910227875351,
    10.83606067093));
#3842 = CARTESIAN_POINT('',(158.54044971847,-2.1127203731,10.79703245073
    ));
#3843 = CARTESIAN_POINT('',(158.70357147803,-2.465738434955,
    10.721309540597));
#3844 = CARTESIAN_POINT('',(158.78181447007,-2.619170075087,
    10.68545892818));
#3845 = CARTESIAN_POINT('',(158.86454130781,-2.767335328211,
    10.648122658337));
#3846 = CARTESIAN_POINT('',(158.95135924019,-2.910254028384,
    10.609606923166));
#3847 = CARTESIAN_POINT('',(159.04190957185,-3.047963928055,
    10.570198201086));
#3848 = CARTESIAN_POINT('',(159.20700356654,-3.280880992531,
    10.49984814605));
#3849 = CARTESIAN_POINT('',(159.28010596076,-3.3783053161,
    10.469169686501));
#3850 = CARTESIAN_POINT('',(159.35504731674,-3.472833788487,
    10.438234496039));
#3851 = CARTESIAN_POINT('',(159.43171428949,-3.564508678387,
    10.407144260865));
#3852 = CARTESIAN_POINT('',(159.51000680883,-3.653373823972,
    10.375993530422));
#3853 = CARTESIAN_POINT('',(159.82872771519,-3.997125435283,
    10.251733828209));
#3854 = CARTESIAN_POINT('',(160.08154567695,-4.230183030055,
    10.158781478824));
#3855 = CARTESIAN_POINT('',(160.34582583546,-4.439605390796,
    10.068428921076));
#3856 = CARTESIAN_POINT('',(160.61983399413,-4.626285009801,
    9.982663977596));
#3857 = CARTESIAN_POINT('',(160.90237434065,-4.790919194428,
    9.903165074105));
#3858 = CARTESIAN_POINT('',(161.37460572346,-5.023537167296,
    9.786426167945));
#3859 = CARTESIAN_POINT('',(161.55957740234,-5.104640872216,
    9.744496173469));
#3860 = CARTESIAN_POINT('',(161.74715316938,-5.177222336605,
    9.706028919778));
#3861 = CARTESIAN_POINT('',(161.9370033203,-5.241304673796,
    9.671376273341));
#3862 = CARTESIAN_POINT('',(162.12882574916,-5.296898704381,
    9.640838543918));
#3863 = CARTESIAN_POINT('',(162.53571108073,-5.395928287427,
    9.585796145009));
#3864 = CARTESIAN_POINT('',(162.75112414078,-5.437528318755,
    9.562233279691));
#3865 = CARTESIAN_POINT('',(162.96806083224,-5.468754691863,
    9.544319438054));
#3866 = CARTESIAN_POINT('',(163.18601204522,-5.489582691465,
    9.532293596737));
#3867 = CARTESIAN_POINT('',(163.40448283534,-5.5,9.526279441629));
#3868 = CARTESIAN_POINT('',(164.037536545,-5.5,9.526279441629));
#3869 = CARTESIAN_POINT('',(164.45135964059,-5.462506642488,
    9.547926167807));
#3870 = CARTESIAN_POINT('',(164.86163192656,-5.387760637364,
    9.591081119493));
#3871 = CARTESIAN_POINT('',(165.26543677432,-5.275808480756,
    9.65424045552));
#3872 = CARTESIAN_POINT('',(165.65952042391,-5.126600342017,
    9.734546280879));
#3873 = CARTESIAN_POINT('',(166.2628699025,-4.831414574683,
    9.882930624085));
#3874 = CARTESIAN_POINT('',(166.48123938085,-4.709634847244,
    9.942329778856));
#3875 = CARTESIAN_POINT('',(166.6947496349,-4.574920089315,
    10.005660059156));
#3876 = CARTESIAN_POINT('',(166.90286263579,-4.427012536569,
    10.072174553739));
#3877 = CARTESIAN_POINT('',(167.10488304265,-4.265584080774,
    10.141028625803));
#3878 = CARTESIAN_POINT('',(167.44759549757,-3.957504558446,
    10.264434254822));
#3879 = CARTESIAN_POINT('',(167.59129433447,-3.816758399099,
    10.318408627377));
#3880 = CARTESIAN_POINT('',(167.73067659975,-3.667801463243,
    10.372782172496));
#3881 = CARTESIAN_POINT('',(167.86530143886,-3.510408400636,
    10.427105736567));
#3882 = CARTESIAN_POINT('',(167.99461984338,-3.344352258223,
    10.480872367112));
#3883 = CARTESIAN_POINT('',(168.28813664005,-2.92807436397,
    10.606125282413));
#3884 = CARTESIAN_POINT('',(168.44740291251,-2.669182120242,
    10.676787272871));
#3885 = CARTESIAN_POINT('',(168.5933412637,-2.392794324719,
    10.743727723182));
#3886 = CARTESIAN_POINT('',(168.7234053463,-2.099206449072,
    10.80499561542));
#3887 = CARTESIAN_POINT('',(168.83488308799,-1.788994116426,
    10.858528174001));
#3888 = CARTESIAN_POINT('',(168.9884106524,-1.232648632023,
    10.933189447079));
#3889 = CARTESIAN_POINT('',(169.04120571314,-0.994465955397,
    10.959203772069));
#3890 = CARTESIAN_POINT('',(169.08179686487,-0.750255932035,
    10.979402483828));
#3891 = CARTESIAN_POINT('',(169.10923219966,-0.501847035343,
    10.99312017093));
#3892 = CARTESIAN_POINT('',(169.12299186635,-0.251127485939,11.));
#3893 = CARTESIAN_POINT('',(169.12299186635,0.,11.));
#3894 = PCURVE('',#2036,#3895);
#3895 = DEFINITIONAL_REPRESENTATION('',(#3896),#4009);
#3896 = B_SPLINE_CURVE_WITH_KNOTS('',6,(#3897,#3898,#3899,#3900,#3901,
    #3902,#3903,#3904,#3905,#3906,#3907,#3908,#3909,#3910,#3911,#3912,
    #3913,#3914,#3915,#3916,#3917,#3918,#3919,#3920,#3921,#3922,#3923,
    #3924,#3925,#3926,#3927,#3928,#3929,#3930,#3931,#3932,#3933,#3934,
    #3935,#3936,#3937,#3938,#3939,#3940,#3941,#3942,#3943,#3944,#3945,
    #3946,#3947,#3948,#3949,#3950,#3951,#3952,#3953,#3954,#3955,#3956,
    #3957,#3958,#3959,#3960,#3961,#3962,#3963,#3964,#3965,#3966,#3967,
    #3968,#3969,#3970,#3971,#3972,#3973,#3974,#3975,#3976,#3977,#3978,
    #3979,#3980,#3981,#3982,#3983,#3984,#3985,#3986,#3987,#3988,#3989,
    #3990,#3991,#3992,#3993,#3994,#3995,#3996,#3997,#3998,#3999,#4000,
    #4001,#4002,#4003,#4004,#4005,#4006,#4007,#4008),.UNSPECIFIED.,.T.,
  .F.,(7,5,5,5,5,5,5,5,5,5,5,5,5,5,5,5,5,5,5,5,5,5,7),(0.,
    5.7870373496E-02,8.52991235168E-02,0.106065964455,0.168209313085,
    0.207181956315,0.250151326942,0.331670721617,0.379398535396,
    0.415539745581,0.465394477981,0.525016387066,0.558504525822,
    0.585854165047,0.60656110966,0.668525230107,0.707385467679,
    0.750230905209,0.831515180056,0.879105336344,0.915142307346,
    0.964853247755,1.),.UNSPECIFIED.);
#3897 = CARTESIAN_POINT('',(3.14159265359,169.12299186635));
#3898 = CARTESIAN_POINT('',(3.103899473778,169.12299186635));
#3899 = CARTESIAN_POINT('',(3.066542859086,169.08548301548));
#3900 = CARTESIAN_POINT('',(3.030021400859,169.0117238791));
#3901 = CARTESIAN_POINT('',(2.994819785353,168.90497029979));
#3902 = CARTESIAN_POINT('',(2.961424559399,168.77046153592));
#3903 = CARTESIAN_POINT('',(2.91553761313,168.54241225466));
#3904 = CARTESIAN_POINT('',(2.90121596113,168.46416926263));
#3905 = CARTESIAN_POINT('',(2.887328315178,168.38144242489));
#3906 = CARTESIAN_POINT('',(2.873874666285,168.29462449251));
#3907 = CARTESIAN_POINT('',(2.860854437879,168.20407416085));
#3908 = CARTESIAN_POINT('',(2.838735396838,168.03898016615));
#3909 = CARTESIAN_POINT('',(2.829450529399,167.96587777193));
#3910 = CARTESIAN_POINT('',(2.820409398249,167.89093641596));
#3911 = CARTESIAN_POINT('',(2.811609812106,167.8142694432));
#3912 = CARTESIAN_POINT('',(2.803049586108,167.73597692386));
#3913 = CARTESIAN_POINT('',(2.769820402013,167.41725604628));
#3914 = CARTESIAN_POINT('',(2.747022398169,167.16443800689));
#3915 = CARTESIAN_POINT('',(2.726298085927,166.90015789872));
#3916 = CARTESIAN_POINT('',(2.707627139769,166.62614978804));
#3917 = CARTESIAN_POINT('',(2.691008845785,166.34360935984));
#3918 = CARTESIAN_POINT('',(2.66734817921,165.87137800924));
#3919 = CARTESIAN_POINT('',(2.659048654048,165.68640633035));
#3920 = CARTESIAN_POINT('',(2.651581415055,165.49883056332));
#3921 = CARTESIAN_POINT('',(2.644958768178,165.3089804124));
#3922 = CARTESIAN_POINT('',(2.639192562583,165.11715798354));
#3923 = CARTESIAN_POINT('',(2.62889270942,164.71027265197));
#3924 = CARTESIAN_POINT('',(2.62454650087,164.49485959191));
#3925 = CARTESIAN_POINT('',(2.621273826341,164.27792290046));
#3926 = CARTESIAN_POINT('',(2.619087389081,164.05997168747));
#3927 = CARTESIAN_POINT('',(2.617993877991,163.84150089735));
#3928 = CARTESIAN_POINT('',(2.617993877991,163.20844718769));
#3929 = CARTESIAN_POINT('',(2.6219296243,162.7946240921));
#3930 = CARTESIAN_POINT('',(2.629776086354,162.38435180613));
#3931 = CARTESIAN_POINT('',(2.641460536536,161.98054695837));
#3932 = CARTESIAN_POINT('',(2.656858699422,161.58646330878));
#3933 = CARTESIAN_POINT('',(2.686893465853,160.98311383019));
#3934 = CARTESIAN_POINT('',(2.699210178014,160.76474435185));
#3935 = CARTESIAN_POINT('',(2.712740562487,160.55123409779));
#3936 = CARTESIAN_POINT('',(2.727480059883,160.3431210969));
#3937 = CARTESIAN_POINT('',(2.743430646088,160.14110069005));
#3938 = CARTESIAN_POINT('',(2.773601227423,159.79838823513));
#3939 = CARTESIAN_POINT('',(2.787303405945,159.65468939823));
#3940 = CARTESIAN_POINT('',(2.801715971531,159.51530713294));
#3941 = CARTESIAN_POINT('',(2.81684878506,159.38068229384));
#3942 = CARTESIAN_POINT('',(2.832712945663,159.25136388931));
#3943 = CARTESIAN_POINT('',(2.872232328713,158.95784709265));
#3944 = CARTESIAN_POINT('',(2.896620762167,158.79858082018));
#3945 = CARTESIAN_POINT('',(2.922456443036,158.65264246899));
#3946 = CARTESIAN_POINT('',(2.949698047891,158.5225783864));
#3947 = CARTESIAN_POINT('',(2.978295891807,158.4111006447));
#3948 = CARTESIAN_POINT('',(3.043941191299,158.21360287451));
#3949 = CARTESIAN_POINT('',(3.081648614113,158.13654161063));
#3950 = CARTESIAN_POINT('',(3.120480792107,158.09761625448));
#3951 = CARTESIAN_POINT('',(3.159606782473,158.09995155818));
#3952 = CARTESIAN_POINT('',(3.198199297426,158.14265108662));
#3953 = CARTESIAN_POINT('',(3.256327382402,158.26408834513));
#3954 = CARTESIAN_POINT('',(3.276778115852,158.31877736607));
#3955 = CARTESIAN_POINT('',(3.296714993406,158.38367617929));
#3956 = CARTESIAN_POINT('',(3.31608200305,158.45789596275));
#3957 = CARTESIAN_POINT('',(3.334825141947,158.54044971847));
#3958 = CARTESIAN_POINT('',(3.36764769405,158.70357147803));
#3959 = CARTESIAN_POINT('',(3.381969346049,158.78181447007));
#3960 = CARTESIAN_POINT('',(3.395856992001,158.86454130781));
#3961 = CARTESIAN_POINT('',(3.409310640895,158.95135924019));
#3962 = CARTESIAN_POINT('',(3.4223308693,159.04190957185));
#3963 = CARTESIAN_POINT('',(3.444449910342,159.20700356654));
#3964 = CARTESIAN_POINT('',(3.45373477778,159.28010596076));
#3965 = CARTESIAN_POINT('',(3.462775908931,159.35504731674));
#3966 = CARTESIAN_POINT('',(3.471575495074,159.43171428949));
#3967 = CARTESIAN_POINT('',(3.480135721072,159.51000680883));
#3968 = CARTESIAN_POINT('',(3.513364908167,159.82872771519));
#3969 = CARTESIAN_POINT('',(3.536162905189,160.08154567695));
#3970 = CARTESIAN_POINT('',(3.556887220604,160.34582583546));
#3971 = CARTESIAN_POINT('',(3.575558170922,160.61983399413));
#3972 = CARTESIAN_POINT('',(3.592176459781,160.90237434065));
#3973 = CARTESIAN_POINT('',(3.615837127969,161.37460572346));
#3974 = CARTESIAN_POINT('',(3.624136653132,161.55957740234));
#3975 = CARTESIAN_POINT('',(3.631603892124,161.74715316938));
#3976 = CARTESIAN_POINT('',(3.638226539001,161.9370033203));
#3977 = CARTESIAN_POINT('',(3.643992744597,162.12882574916));
#3978 = CARTESIAN_POINT('',(3.654292597759,162.53571108073));
#3979 = CARTESIAN_POINT('',(3.658638806309,162.75112414078));
#3980 = CARTESIAN_POINT('',(3.661911480838,162.96806083224));
#3981 = CARTESIAN_POINT('',(3.664097918098,163.18601204522));
#3982 = CARTESIAN_POINT('',(3.665191429188,163.40448283534));
#3983 = CARTESIAN_POINT('',(3.665191429188,164.037536545));
#3984 = CARTESIAN_POINT('',(3.66125568288,164.45135964059));
#3985 = CARTESIAN_POINT('',(3.653409220825,164.86163192656));
#3986 = CARTESIAN_POINT('',(3.641724770643,165.26543677432));
#3987 = CARTESIAN_POINT('',(3.626326607757,165.65952042391));
#3988 = CARTESIAN_POINT('',(3.596291841326,166.2628699025));
#3989 = CARTESIAN_POINT('',(3.583975129165,166.48123938085));
#3990 = CARTESIAN_POINT('',(3.570444744692,166.6947496349));
#3991 = CARTESIAN_POINT('',(3.555705247297,166.90286263579));
#3992 = CARTESIAN_POINT('',(3.539754661092,167.10488304265));
#3993 = CARTESIAN_POINT('',(3.509584079757,167.44759549757));
#3994 = CARTESIAN_POINT('',(3.495881901235,167.59129433447));
#3995 = CARTESIAN_POINT('',(3.481469335648,167.73067659975));
#3996 = CARTESIAN_POINT('',(3.46633652212,167.86530143886));
#3997 = CARTESIAN_POINT('',(3.450472361516,167.99461984338));
#3998 = CARTESIAN_POINT('',(3.410952978466,168.28813664005));
#3999 = CARTESIAN_POINT('',(3.386564545013,168.44740291251));
#4000 = CARTESIAN_POINT('',(3.360728864143,168.5933412637));
#4001 = CARTESIAN_POINT('',(3.333487259289,168.7234053463));
#4002 = CARTESIAN_POINT('',(3.304889415373,168.83488308799));
#4003 = CARTESIAN_POINT('',(3.253859153429,168.9884106524));
#4004 = CARTESIAN_POINT('',(3.232084010283,169.04120571314));
#4005 = CARTESIAN_POINT('',(3.209819141001,169.08179686487));
#4006 = CARTESIAN_POINT('',(3.187215115233,169.10923219966));
#4007 = CARTESIAN_POINT('',(3.164422425039,169.12299186635));
#4008 = CARTESIAN_POINT('',(3.14159265359,169.12299186635));
#4009 = ( GEOMETRIC_REPRESENTATION_CONTEXT(2) 
PARAMETRIC_REPRESENTATION_CONTEXT() REPRESENTATION_CONTEXT('2D SPACE',''
  ) );
#4010 = PCURVE('',#4011,#4016);
#4011 = CYLINDRICAL_SURFACE('',#4012,5.5);
#4012 = AXIS2_PLACEMENT_3D('',#4013,#4014,#4015);
#4013 = CARTESIAN_POINT('',(163.62299186635,0.,6.));
#4014 = DIRECTION('',(0.,0.,1.));
#4015 = DIRECTION('',(1.,0.,-0.));
#4016 = DEFINITIONAL_REPRESENTATION('',(#4017),#4130);
#4017 = B_SPLINE_CURVE_WITH_KNOTS('',6,(#4018,#4019,#4020,#4021,#4022,
    #4023,#4024,#4025,#4026,#4027,#4028,#4029,#4030,#4031,#4032,#4033,
    #4034,#4035,#4036,#4037,#4038,#4039,#4040,#4041,#4042,#4043,#4044,
    #4045,#4046,#4047,#4048,#4049,#4050,#4051,#4052,#4053,#4054,#4055,
    #4056,#4057,#4058,#4059,#4060,#4061,#4062,#4063,#4064,#4065,#4066,
    #4067,#4068,#4069,#4070,#4071,#4072,#4073,#4074,#4075,#4076,#4077,
    #4078,#4079,#4080,#4081,#4082,#4083,#4084,#4085,#4086,#4087,#4088,
    #4089,#4090,#4091,#4092,#4093,#4094,#4095,#4096,#4097,#4098,#4099,
    #4100,#4101,#4102,#4103,#4104,#4105,#4106,#4107,#4108,#4109,#4110,
    #4111,#4112,#4113,#4114,#4115,#4116,#4117,#4118,#4119,#4120,#4121,
    #4122,#4123,#4124,#4125,#4126,#4127,#4128,#4129),.UNSPECIFIED.,.F.,
  .F.,(7,5,5,5,5,5,5,5,5,5,5,5,5,5,5,5,5,5,5,5,5,5,7),(0.,
    5.7870373496E-02,8.52991235168E-02,0.106065964455,0.168209313085,
    0.207181956315,0.250151326942,0.331670721617,0.379398535396,
    0.415539745581,0.465394477981,0.525016387066,0.558504525822,
    0.585854165047,0.60656110966,0.668525230107,0.707385467679,
    0.750230905209,0.831515180056,0.879105336344,0.915142307346,
    0.964853247755,1.),.UNSPECIFIED.);
#4018 = CARTESIAN_POINT('',(0.,5.));
#4019 = CARTESIAN_POINT('',(7.538635962457E-02,5.));
#4020 = CARTESIAN_POINT('',(0.150099416385,4.981245550721));
#4021 = CARTESIAN_POINT('',(0.223721612962,4.944366159336));
#4022 = CARTESIAN_POINT('',(0.295805600511,4.891708125893));
#4023 = CARTESIAN_POINT('',(0.365788807723,4.827172518518));
#4024 = CARTESIAN_POINT('',(0.464638144114,4.721309540597));
#4025 = CARTESIAN_POINT('',(0.495929253093,4.68545892818));
#4026 = CARTESIAN_POINT('',(0.5267508768,4.648122658337));
#4027 = CARTESIAN_POINT('',(0.557125253304,4.609606923166));
#4028 = CARTESIAN_POINT('',(0.587072968103,4.570198201086));
#4029 = CARTESIAN_POINT('',(0.638980828623,4.49984814605));
#4030 = CARTESIAN_POINT('',(0.661118392423,4.469169686501));
#4031 = CARTESIAN_POINT('',(0.683039722306,4.438234496039));
#4032 = CARTESIAN_POINT('',(0.704757425667,4.407144260865));
#4033 = CARTESIAN_POINT('',(0.726284106358,4.375993530422));
#4034 = CARTESIAN_POINT('',(0.811515565019,4.251733839429));
#4035 = CARTESIAN_POINT('',(0.87384213872,4.158781462997));
#4036 = CARTESIAN_POINT('',(0.934901723654,4.068428919534));
#4037 = CARTESIAN_POINT('',(0.99495925746,3.982663992669));
#4038 = CARTESIAN_POINT('',(1.054269521885,3.903165066145));
#4039 = CARTESIAN_POINT('',(1.149981479982,3.786426167945));
#4040 = CARTESIAN_POINT('',(1.18666717123,3.744496173469));
#4041 = CARTESIAN_POINT('',(1.223183261578,3.706028919778));
#4042 = CARTESIAN_POINT('',(1.259563190124,3.671376273341));
#4043 = CARTESIAN_POINT('',(1.295841106428,3.640838543918));
#4044 = CARTESIAN_POINT('',(1.371979851327,3.585796145009));
#4045 = CARTESIAN_POINT('',(1.411823607805,3.562233279691));
#4046 = CARTESIAN_POINT('',(1.451605104672,3.544319438054));
#4047 = CARTESIAN_POINT('',(1.491345439155,3.532293596737));
#4048 = CARTESIAN_POINT('',(1.531067412067,3.526279441629));
#4049 = CARTESIAN_POINT('',(1.64616808655,3.526279441629));
#4050 = CARTESIAN_POINT('',(1.721408599318,3.547926167807));
#4051 = CARTESIAN_POINT('',(1.796774498718,3.591081119492));
#4052 = CARTESIAN_POINT('',(1.87249189834,3.65424045552));
#4053 = CARTESIAN_POINT('',(1.948775706389,3.734546280879));
#4054 = CARTESIAN_POINT('',(2.070900859719,3.882930624085));
#4055 = CARTESIAN_POINT('',(2.116295426493,3.942329778856));
#4056 = CARTESIAN_POINT('',(2.162095275882,4.005660059156));
#4057 = CARTESIAN_POINT('',(2.208408557715,4.072174553739));
#4058 = CARTESIAN_POINT('',(2.25534669669,4.141028625802));
#4059 = CARTESIAN_POINT('',(2.339134073959,4.264434254822));
#4060 = CARTESIAN_POINT('',(2.375672171533,4.318408627377));
#4061 = CARTESIAN_POINT('',(2.412709482137,4.372782172496));
#4062 = CARTESIAN_POINT('',(2.450308395032,4.427105736567));
#4063 = CARTESIAN_POINT('',(2.488532620376,4.480872367112));
#4064 = CARTESIAN_POINT('',(2.581142063367,4.606125282413));
#4065 = CARTESIAN_POINT('',(2.636298968498,4.676787272871));
#4066 = CARTESIAN_POINT('',(2.692937609704,4.743727723182));
#4067 = CARTESIAN_POINT('',(2.75110261073,4.80499561542));
#4068 = CARTESIAN_POINT('',(2.810864413048,4.858528174001));
#4069 = CARTESIAN_POINT('',(2.945852239142,4.954572392569));
#4070 = CARTESIAN_POINT('',(3.022023817851,4.993019790139));
#4071 = CARTESIAN_POINT('',(3.099535301149,5.012839970957));
#4072 = CARTESIAN_POINT('',(3.177391374596,5.011541060068));
#4073 = CARTESIAN_POINT('',(3.254635942568,4.989975424568));
#4074 = CARTESIAN_POINT('',(3.372467870449,4.930068781193));
#4075 = CARTESIAN_POINT('',(3.414234888833,4.903248263129));
#4076 = CARTESIAN_POINT('',(3.455360584925,4.871699616698));
#4077 = CARTESIAN_POINT('',(3.495807376805,4.83606067093));
#4078 = CARTESIAN_POINT('',(3.53552468719,4.79703245073));
#4079 = CARTESIAN_POINT('',(3.606230797704,4.721309540597));
#4080 = CARTESIAN_POINT('',(3.637521906682,4.68545892818));
#4081 = CARTESIAN_POINT('',(3.668343530389,4.648122658337));
#4082 = CARTESIAN_POINT('',(3.698717906894,4.609606923166));
#4083 = CARTESIAN_POINT('',(3.728665621692,4.570198201086));
#4084 = CARTESIAN_POINT('',(3.780573482213,4.49984814605));
#4085 = CARTESIAN_POINT('',(3.802711046013,4.469169686501));
#4086 = CARTESIAN_POINT('',(3.824632375895,4.438234496039));
#4087 = CARTESIAN_POINT('',(3.846350079257,4.407144260865));
#4088 = CARTESIAN_POINT('',(3.867876759948,4.375993530422));
#4089 = CARTESIAN_POINT('',(3.953108226305,4.251733828209));
#4090 = CARTESIAN_POINT('',(4.015434780801,4.158781478824));
#4091 = CARTESIAN_POINT('',(4.076494376682,4.068428921076));
#4092 = CARTESIAN_POINT('',(4.136551922278,3.982663977596));
#4093 = CARTESIAN_POINT('',(4.195862168948,3.903165074105));
#4094 = CARTESIAN_POINT('',(4.291574133572,3.786426167945));
#4095 = CARTESIAN_POINT('',(4.32825982482,3.744496173469));
#4096 = CARTESIAN_POINT('',(4.364775915168,3.706028919778));
#4097 = CARTESIAN_POINT('',(4.401155843713,3.671376273341));
#4098 = CARTESIAN_POINT('',(4.437433760018,3.640838543918));
#4099 = CARTESIAN_POINT('',(4.513572504917,3.585796145009));
#4100 = CARTESIAN_POINT('',(4.553416261395,3.562233279691));
#4101 = CARTESIAN_POINT('',(4.593197758262,3.544319438054));
#4102 = CARTESIAN_POINT('',(4.632938092745,3.532293596737));
#4103 = CARTESIAN_POINT('',(4.672660065657,3.526279441629));
#4104 = CARTESIAN_POINT('',(4.78776074014,3.526279441629));
#4105 = CARTESIAN_POINT('',(4.863001252907,3.547926167807));
#4106 = CARTESIAN_POINT('',(4.938367152308,3.591081119493));
#4107 = CARTESIAN_POINT('',(5.01408455193,3.65424045552));
#4108 = CARTESIAN_POINT('',(5.090368359978,3.734546280879));
#4109 = CARTESIAN_POINT('',(5.212493513309,3.882930624085));
#4110 = CARTESIAN_POINT('',(5.257888080083,3.942329778856));
#4111 = CARTESIAN_POINT('',(5.303687929472,4.005660059156));
#4112 = CARTESIAN_POINT('',(5.350001211305,4.072174553739));
#4113 = CARTESIAN_POINT('',(5.39693935028,4.141028625803));
#4114 = CARTESIAN_POINT('',(5.480726727549,4.264434254822));
#4115 = CARTESIAN_POINT('',(5.517264825122,4.318408627377));
#4116 = CARTESIAN_POINT('',(5.554302135727,4.372782172496));
#4117 = CARTESIAN_POINT('',(5.591901048622,4.427105736567));
#4118 = CARTESIAN_POINT('',(5.630125273966,4.480872367112));
#4119 = CARTESIAN_POINT('',(5.722734716957,4.606125282413));
#4120 = CARTESIAN_POINT('',(5.777891622088,4.676787272871));
#4121 = CARTESIAN_POINT('',(5.834530263295,4.743727723182));
#4122 = CARTESIAN_POINT('',(5.89269526432,4.80499561542));
#4123 = CARTESIAN_POINT('',(5.952457066638,4.858528174001));
#4124 = CARTESIAN_POINT('',(6.057391680053,4.933189447079));
#4125 = CARTESIAN_POINT('',(6.101690763821,4.959203772069));
#4126 = CARTESIAN_POINT('',(6.146603781255,4.979402483828));
#4127 = CARTESIAN_POINT('',(6.191940394641,4.99312017093));
#4128 = CARTESIAN_POINT('',(6.237525764282,5.));
#4129 = CARTESIAN_POINT('',(6.28318530718,5.));
#4130 = ( GEOMETRIC_REPRESENTATION_CONTEXT(2) 
PARAMETRIC_REPRESENTATION_CONTEXT() REPRESENTATION_CONTEXT('2D SPACE',''
  ) );
#4131 = FACE_BOUND('',#4132,.F.);
#4132 = EDGE_LOOP('',(#4133));
#4133 = ORIENTED_EDGE('',*,*,#4134,.F.);
#4134 = EDGE_CURVE('',#4135,#4135,#4137,.T.);
#4135 = VERTEX_POINT('',#4136);
#4136 = CARTESIAN_POINT('',(204.52418295944,-1.285879139105E-15,11.));
#4137 = SURFACE_CURVE('',#4138,(#4273,#4411),.PCURVE_S1.);
#4138 = B_SPLINE_CURVE_WITH_KNOTS('',7,(#4139,#4140,#4141,#4142,#4143,
    #4144,#4145,#4146,#4147,#4148,#4149,#4150,#4151,#4152,#4153,#4154,
    #4155,#4156,#4157,#4158,#4159,#4160,#4161,#4162,#4163,#4164,#4165,
    #4166,#4167,#4168,#4169,#4170,#4171,#4172,#4173,#4174,#4175,#4176,
    #4177,#4178,#4179,#4180,#4181,#4182,#4183,#4184,#4185,#4186,#4187,
    #4188,#4189,#4190,#4191,#4192,#4193,#4194,#4195,#4196,#4197,#4198,
    #4199,#4200,#4201,#4202,#4203,#4204,#4205,#4206,#4207,#4208,#4209,
    #4210,#4211,#4212,#4213,#4214,#4215,#4216,#4217,#4218,#4219,#4220,
    #4221,#4222,#4223,#4224,#4225,#4226,#4227,#4228,#4229,#4230,#4231,
    #4232,#4233,#4234,#4235,#4236,#4237,#4238,#4239,#4240,#4241,#4242,
    #4243,#4244,#4245,#4246,#4247,#4248,#4249,#4250,#4251,#4252,#4253,
    #4254,#4255,#4256,#4257,#4258,#4259,#4260,#4261,#4262,#4263,#4264,
    #4265,#4266,#4267,#4268,#4269,#4270,#4271,#4272),.UNSPECIFIED.,.T.,
  .F.,(8,6,6,6,6,6,6,6,6,6,6,6,6,6,6,6,6,6,6,6,6,6,8),(0.,
    5.876392911965E-02,8.661358727654E-02,0.107656428741,0.124783679612,
    0.174023803543,0.249320373125,0.289147899255,0.323788158793,
    0.412599158867,0.461468838813,0.49873883055,0.557799954669,
    0.585790460779,0.606939725136,0.624153596037,0.673642747093,
    0.749320124357,0.789349075704,0.824164526184,0.913424682326,
    0.962541517616,1.),.UNSPECIFIED.);
#4139 = CARTESIAN_POINT('',(204.52418295944,0.,11.));
#4140 = CARTESIAN_POINT('',(204.52418295944,0.344679129945,11.));
#4141 = CARTESIAN_POINT('',(204.49778188322,0.686779695202,
    10.987399514968));
#4142 = CARTESIAN_POINT('',(204.44569207032,1.02261483566,
    10.962538407454));
#4143 = CARTESIAN_POINT('',(204.36947178485,1.348596757793,
    10.926468787405));
#4144 = CARTESIAN_POINT('',(204.27152053567,1.661348832707,10.8809062947
    ));
#4145 = CARTESIAN_POINT('',(204.1551206335,1.957811400466,
    10.828079933854));
#4146 = CARTESIAN_POINT('',(203.96263252424,2.366869454702,
    10.743182666906));
#4147 = CARTESIAN_POINT('',(203.89729118209,2.494698717799,
    10.714697927336));
#4148 = CARTESIAN_POINT('',(203.82874269243,2.618827759678,
    10.685203595494));
#4149 = CARTESIAN_POINT('',(203.75721411919,2.739263212341,
    10.654869813364));
#4150 = CARTESIAN_POINT('',(203.68291811155,2.85601947772,
    10.623858853068));
#4151 = CARTESIAN_POINT('',(203.60605315912,2.969118555262,
    10.592324458324));
#4152 = CARTESIAN_POINT('',(203.46692409226,3.161304978565,
    10.536297930054));
#4153 = CARTESIAN_POINT('',(203.40567377553,3.241961617452,
    10.51196468219));
#4154 = CARTESIAN_POINT('',(203.34312482491,3.320581018891,
    10.487470846591));
#4155 = CARTESIAN_POINT('',(203.27934346542,3.397185341005,
    10.462872806839));
#4156 = CARTESIAN_POINT('',(203.21439021924,3.471797667337,
    10.438223925804));
#4157 = CARTESIAN_POINT('',(203.14831990573,3.544442006853,
    10.413574545654));
#4158 = CARTESIAN_POINT('',(203.02653626954,3.672688691639,
    10.368947402274));
#4159 = CARTESIAN_POINT('',(202.97118409878,3.728946111192,
    10.348954129829));
#4160 = CARTESIAN_POINT('',(202.91515198619,3.783928379852,
    10.329017856959));
#4161 = CARTESIAN_POINT('',(202.85846520413,3.837647821878,
    10.309163375129));
#4162 = CARTESIAN_POINT('',(202.80114744022,3.890116258525,
    10.289414580816));
#4163 = CARTESIAN_POINT('',(202.74322079736,3.941345008053,
    10.269794475513));
#4164 = CARTESIAN_POINT('',(202.5164776261,4.135092425336,
    10.194351721202));
#4165 = CARTESIAN_POINT('',(202.34333536412,4.268726879211,
    10.139607832259));
#4166 = CARTESIAN_POINT('',(202.16581326571,4.392451199927,
    10.086637967624));
#4167 = CARTESIAN_POINT('',(201.98435932748,4.506450003905,
    10.035931618381));
#4168 = CARTESIAN_POINT('',(201.7993487416,4.610881904665,9.987929327061
    ));
#4169 = CARTESIAN_POINT('',(201.61109735274,4.705871846078,
    9.943028716722));
#4170 = CARTESIAN_POINT('',(201.12746361442,4.922448779065,
    9.838224431352));
#4171 = CARTESIAN_POINT('',(200.82790667494,5.031599551978,
    9.782911608033));
#4172 = CARTESIAN_POINT('',(200.52279551598,5.118914440236,
    9.737098872715));
#4173 = CARTESIAN_POINT('',(200.21356796681,5.184412877893,9.70192941737
    ));
#4174 = CARTESIAN_POINT('',(199.9015517727,5.228114185318,9.678194148558
    ));
#4175 = CARTESIAN_POINT('',(199.58800920277,5.25,9.666307464591));
#4176 = CARTESIAN_POINT('',(199.10818704521,5.25,9.666307464591));
#4177 = CARTESIAN_POINT('',(198.94220599806,5.243876779075,
    9.669633038017));
#4178 = CARTESIAN_POINT('',(198.77644479774,5.231632181855,
    9.676283539348));
#4179 = CARTESIAN_POINT('',(198.61111194062,5.213268723531,
    9.686225521292));
#4180 = CARTESIAN_POINT('',(198.44641953175,5.188790459152,
    9.699393543989));
#4181 = CARTESIAN_POINT('',(198.28258337689,5.158203852912,
    9.715690984213));
#4182 = CARTESIAN_POINT('',(197.97826120358,5.08961144251,9.751777028315
    ));
#4183 = CARTESIAN_POINT('',(197.83751818108,5.053091929918,
    9.770833935448));
#4184 = CARTESIAN_POINT('',(197.69770606533,5.011959586147,
    9.792081929684));
#4185 = CARTESIAN_POINT('',(197.55894309482,4.966210291617,
    9.815427051946));
#4186 = CARTESIAN_POINT('',(197.4213537465,4.915836892748,9.840761620021
    ));
#4187 = CARTESIAN_POINT('',(197.28506879391,4.860829764021,9.86796482823
    ));
#4188 = CARTESIAN_POINT('',(196.80451260502,4.648240041103,
    9.971096174569));
#4189 = CARTESIAN_POINT('',(196.46888996266,4.465040735234,
    10.056563530552));
#4190 = CARTESIAN_POINT('',(196.14449539052,4.25108433792,10.1512265825)
  );
#4191 = CARTESIAN_POINT('',(195.83309209038,4.005286373992,
    10.252683835519));
#4192 = CARTESIAN_POINT('',(195.53730117598,3.726166723176,
    10.358069824489));
#4193 = CARTESIAN_POINT('',(195.26090905523,3.412077960045,
    10.463788964554));
#4194 = CARTESIAN_POINT('',(194.87086102187,2.868731217179,
    10.621238144552));
#4195 = CARTESIAN_POINT('',(194.73958195683,2.66437809186,
    10.676002787359));
#4196 = CARTESIAN_POINT('',(194.6166922843,2.448555083044,
    10.728782785024));
#4197 = CARTESIAN_POINT('',(194.50346169426,2.221369165753,
    10.778646430292));
#4198 = CARTESIAN_POINT('',(194.40122062847,1.983024590727,
    10.824608773564));
#4199 = CARTESIAN_POINT('',(194.31137524397,1.733837504346,
    10.865653432389));
#4200 = CARTESIAN_POINT('',(194.17750254222,1.276282080152,
    10.927534630411));
#4201 = CARTESIAN_POINT('',(194.12765701931,1.072247951439,
    10.950857526347));
#4202 = CARTESIAN_POINT('',(194.08681098654,0.863214654348,
    10.970158242856));
#4203 = CARTESIAN_POINT('',(194.05566287756,0.650302450901,
    10.984975480448));
#4204 = CARTESIAN_POINT('',(194.03469612872,0.434671630589,
    10.994982356749));
#4205 = CARTESIAN_POINT('',(194.02418295944,0.217506668158,11.));
#4206 = CARTESIAN_POINT('',(194.02418295944,-0.344679129945,11.));
#4207 = CARTESIAN_POINT('',(194.05058403566,-0.686779695203,
    10.987399514968));
#4208 = CARTESIAN_POINT('',(194.10267384856,-1.02261483566,
    10.962538407454));
#4209 = CARTESIAN_POINT('',(194.17889413404,-1.348596757793,
    10.926468787405));
#4210 = CARTESIAN_POINT('',(194.27684538322,-1.661348832708,
    10.8809062947));
#4211 = CARTESIAN_POINT('',(194.39324528538,-1.957811400466,
    10.828079933854));
#4212 = CARTESIAN_POINT('',(194.58573339465,-2.366869454702,
    10.743182666906));
#4213 = CARTESIAN_POINT('',(194.65107473679,-2.4946987178,
    10.714697927336));
#4214 = CARTESIAN_POINT('',(194.71962322646,-2.618827759678,
    10.685203595494));
#4215 = CARTESIAN_POINT('',(194.79115179969,-2.739263212341,
    10.654869813364));
#4216 = CARTESIAN_POINT('',(194.86544780733,-2.856019477719,
    10.623858853068));
#4217 = CARTESIAN_POINT('',(194.94231275976,-2.969118555262,
    10.592324458324));
#4218 = CARTESIAN_POINT('',(195.08144182662,-3.161304978565,
    10.536297930054));
#4219 = CARTESIAN_POINT('',(195.14269214335,-3.241961617452,
    10.51196468219));
#4220 = CARTESIAN_POINT('',(195.20524109398,-3.320581018891,
    10.487470846591));
#4221 = CARTESIAN_POINT('',(195.26902245347,-3.397185341005,
    10.462872806839));
#4222 = CARTESIAN_POINT('',(195.33397569964,-3.471797667337,
    10.438223925804));
#4223 = CARTESIAN_POINT('',(195.40004601315,-3.544442006853,
    10.413574545654));
#4224 = CARTESIAN_POINT('',(195.52182964935,-3.672688691639,
    10.368947402274));
#4225 = CARTESIAN_POINT('',(195.5771818201,-3.728946111192,
    10.348954129829));
#4226 = CARTESIAN_POINT('',(195.63321393269,-3.783928379852,
    10.329017856959));
#4227 = CARTESIAN_POINT('',(195.68990071475,-3.837647821878,
    10.309163375129));
#4228 = CARTESIAN_POINT('',(195.74721847867,-3.890116258525,
    10.289414580816));
#4229 = CARTESIAN_POINT('',(195.80514512152,-3.941345008053,
    10.269794475513));
#4230 = CARTESIAN_POINT('',(196.03188828663,-4.135092420081,
    10.194351723248));
#4231 = CARTESIAN_POINT('',(196.20503056124,-4.268726883129,
    10.139607830553));
#4232 = CARTESIAN_POINT('',(196.38255265815,-4.39245120404,10.086637966)
  );
#4233 = CARTESIAN_POINT('',(196.56400658611,-4.506450001468,
    10.035931619555));
#4234 = CARTESIAN_POINT('',(196.7490171709,-4.610881900409,
    9.987929328855));
#4235 = CARTESIAN_POINT('',(196.93726857277,-4.705871849048,
    9.943028715285));
#4236 = CARTESIAN_POINT('',(197.42090230446,-4.922448779065,
    9.838224431352));
#4237 = CARTESIAN_POINT('',(197.72045924395,-5.031599551978,
    9.782911608033));
#4238 = CARTESIAN_POINT('',(198.0255704029,-5.118914440236,
    9.737098872715));
#4239 = CARTESIAN_POINT('',(198.33479795207,-5.184412877893,
    9.70192941737));
#4240 = CARTESIAN_POINT('',(198.64681414618,-5.228114185318,
    9.678194148558));
#4241 = CARTESIAN_POINT('',(198.96035671611,-5.25,9.666307464591));
#4242 = CARTESIAN_POINT('',(199.44017887368,-5.25,9.666307464591));
#4243 = CARTESIAN_POINT('',(199.60615992082,-5.243876779075,
    9.669633038017));
#4244 = CARTESIAN_POINT('',(199.77192112114,-5.231632181855,
    9.676283539348));
#4245 = CARTESIAN_POINT('',(199.93725397826,-5.213268723531,
    9.686225521292));
#4246 = CARTESIAN_POINT('',(200.10194638714,-5.188790459152,
    9.699393543989));
#4247 = CARTESIAN_POINT('',(200.26578254199,-5.158203852912,
    9.715690984213));
#4248 = CARTESIAN_POINT('',(200.5701047153,-5.08961144251,9.751777028315
    ));
#4249 = CARTESIAN_POINT('',(200.7108477378,-5.053091929918,
    9.770833935448));
#4250 = CARTESIAN_POINT('',(200.85065985355,-5.011959586147,
    9.792081929684));
#4251 = CARTESIAN_POINT('',(200.98942282406,-4.966210291617,
    9.815427051946));
#4252 = CARTESIAN_POINT('',(201.12701217238,-4.915836892748,
    9.840761620021));
#4253 = CARTESIAN_POINT('',(201.26329712498,-4.860829764021,
    9.86796482823));
#4254 = CARTESIAN_POINT('',(201.74385331386,-4.648240041104,
    9.971096174569));
#4255 = CARTESIAN_POINT('',(202.07947595622,-4.465040735236,
    10.056563530551));
#4256 = CARTESIAN_POINT('',(202.40387052837,-4.251084337916,
    10.151226582502));
#4257 = CARTESIAN_POINT('',(202.7152738285,-4.005286373994,
    10.252683835518));
#4258 = CARTESIAN_POINT('',(203.0110647429,-3.726166723175,
    10.35806982449));
#4259 = CARTESIAN_POINT('',(203.28745686365,-3.412077960045,
    10.463788964554));
#4260 = CARTESIAN_POINT('',(203.67750489701,-2.868731217179,
    10.621238144552));
#4261 = CARTESIAN_POINT('',(203.80878396205,-2.66437809186,
    10.676002787359));
#4262 = CARTESIAN_POINT('',(203.93167363458,-2.448555083044,
    10.728782785024));
#4263 = CARTESIAN_POINT('',(204.04490422463,-2.221369165753,
    10.778646430292));
#4264 = CARTESIAN_POINT('',(204.14714529042,-1.983024590727,
    10.824608773564));
#4265 = CARTESIAN_POINT('',(204.23699067491,-1.733837504346,
    10.865653432389));
#4266 = CARTESIAN_POINT('',(204.37086337666,-1.276282080152,
    10.927534630411));
#4267 = CARTESIAN_POINT('',(204.42070889957,-1.072247951439,
    10.950857526347));
#4268 = CARTESIAN_POINT('',(204.46155493234,-0.863214654348,
    10.970158242856));
#4269 = CARTESIAN_POINT('',(204.49270304132,-0.6503024509,
    10.984975480448));
#4270 = CARTESIAN_POINT('',(204.51366979017,-0.434671630589,
    10.994982356749));
#4271 = CARTESIAN_POINT('',(204.52418295944,-0.217506668158,11.));
#4272 = CARTESIAN_POINT('',(204.52418295944,0.,11.));
#4273 = PCURVE('',#2036,#4274);
#4274 = DEFINITIONAL_REPRESENTATION('',(#4275),#4410);
#4275 = B_SPLINE_CURVE_WITH_KNOTS('',7,(#4276,#4277,#4278,#4279,#4280,
    #4281,#4282,#4283,#4284,#4285,#4286,#4287,#4288,#4289,#4290,#4291,
    #4292,#4293,#4294,#4295,#4296,#4297,#4298,#4299,#4300,#4301,#4302,
    #4303,#4304,#4305,#4306,#4307,#4308,#4309,#4310,#4311,#4312,#4313,
    #4314,#4315,#4316,#4317,#4318,#4319,#4320,#4321,#4322,#4323,#4324,
    #4325,#4326,#4327,#4328,#4329,#4330,#4331,#4332,#4333,#4334,#4335,
    #4336,#4337,#4338,#4339,#4340,#4341,#4342,#4343,#4344,#4345,#4346,
    #4347,#4348,#4349,#4350,#4351,#4352,#4353,#4354,#4355,#4356,#4357,
    #4358,#4359,#4360,#4361,#4362,#4363,#4364,#4365,#4366,#4367,#4368,
    #4369,#4370,#4371,#4372,#4373,#4374,#4375,#4376,#4377,#4378,#4379,
    #4380,#4381,#4382,#4383,#4384,#4385,#4386,#4387,#4388,#4389,#4390,
    #4391,#4392,#4393,#4394,#4395,#4396,#4397,#4398,#4399,#4400,#4401,
    #4402,#4403,#4404,#4405,#4406,#4407,#4408,#4409),.UNSPECIFIED.,.T.,
  .F.,(8,6,6,6,6,6,6,6,6,6,6,6,6,6,6,6,6,6,6,6,6,6,8),(0.,
    5.876392911965E-02,8.661358727654E-02,0.107656428741,0.124783679612,
    0.174023803543,0.249320373125,0.289147899255,0.323788158793,
    0.412599158867,0.461468838813,0.49873883055,0.557799954669,
    0.585790460779,0.606939725136,0.624153596037,0.673642747093,
    0.749320124357,0.789349075704,0.824164526184,0.913424682326,
    0.962541517616,1.),.UNSPECIFIED.);
#4276 = CARTESIAN_POINT('',(3.14159265359,204.52418295944));
#4277 = CARTESIAN_POINT('',(3.110258187231,204.52418295944));
#4278 = CARTESIAN_POINT('',(3.079158094981,204.49778188322));
#4279 = CARTESIAN_POINT('',(3.048577523668,204.44569207032));
#4280 = CARTESIAN_POINT('',(3.018795215159,204.36947178485));
#4281 = CARTESIAN_POINT('',(2.990086915915,204.27152053567));
#4282 = CARTESIAN_POINT('',(2.962722175477,204.1551206335));
#4283 = CARTESIAN_POINT('',(2.924742620552,203.96263252424));
#4284 = CARTESIAN_POINT('',(2.91283802799,203.89729118209));
#4285 = CARTESIAN_POINT('',(2.901241174814,203.82874269243));
#4286 = CARTESIAN_POINT('',(2.889952312874,203.75721411919));
#4287 = CARTESIAN_POINT('',(2.878971450368,203.68291811155));
#4288 = CARTESIAN_POINT('',(2.868298274954,203.60605315912));
#4289 = CARTESIAN_POINT('',(2.850099511675,203.46692409226));
#4290 = CARTESIAN_POINT('',(2.842440994885,203.40567377553));
#4291 = CARTESIAN_POINT('',(2.834955422811,203.34312482491));
#4292 = CARTESIAN_POINT('',(2.827641662418,203.27934346542));
#4293 = CARTESIAN_POINT('',(2.820498551323,203.21439021924));
#4294 = CARTESIAN_POINT('',(2.813524897793,203.14831990573));
#4295 = CARTESIAN_POINT('',(2.80118039586,203.02653626954));
#4296 = CARTESIAN_POINT('',(2.795752828794,202.97118409878));
#4297 = CARTESIAN_POINT('',(2.790436174367,202.91515198619));
#4298 = CARTESIAN_POINT('',(2.785229886077,202.85846520413));
#4299 = CARTESIAN_POINT('',(2.780133476101,202.80114744022));
#4300 = CARTESIAN_POINT('',(2.775146515295,202.74322079736));
#4301 = CARTESIAN_POINT('',(2.756244927867,202.5164776261));
#4302 = CARTESIAN_POINT('',(2.743118480968,202.34333536412));
#4303 = CARTESIAN_POINT('',(2.730885610498,202.16581326571));
#4304 = CARTESIAN_POINT('',(2.719544842303,201.98435932748));
#4305 = CARTESIAN_POINT('',(2.709097107521,201.7993487416));
#4306 = CARTESIAN_POINT('',(2.699545940041,201.61109735274));
#4307 = CARTESIAN_POINT('',(2.67767299624,201.12746361442));
#4308 = CARTESIAN_POINT('',(2.666550710795,200.82790667494));
#4309 = CARTESIAN_POINT('',(2.657587653082,200.52279551598));
#4310 = CARTESIAN_POINT('',(2.65082927959,200.21356796681));
#4311 = CARTESIAN_POINT('',(2.646308254012,199.9015517727));
#4312 = CARTESIAN_POINT('',(2.644044129918,199.58800920277));
#4313 = CARTESIAN_POINT('',(2.644044129918,199.10818704521));
#4314 = CARTESIAN_POINT('',(2.644677582165,198.94220599806));
#4315 = CARTESIAN_POINT('',(2.645944326476,198.77644479774));
#4316 = CARTESIAN_POINT('',(2.647842691783,198.61111194062));
#4317 = CARTESIAN_POINT('',(2.65036951568,198.44641953175));
#4318 = CARTESIAN_POINT('',(2.653520163969,198.28258337689));
#4319 = CARTESIAN_POINT('',(2.660566129548,197.97826120358));
#4320 = CARTESIAN_POINT('',(2.664310900513,197.83751818108));
#4321 = CARTESIAN_POINT('',(2.668519596472,197.69770606533));
#4322 = CARTESIAN_POINT('',(2.673188697496,197.55894309482));
#4323 = CARTESIAN_POINT('',(2.678314478092,197.4213537465));
#4324 = CARTESIAN_POINT('',(2.683893054934,197.28506879391));
#4325 = CARTESIAN_POINT('',(2.705373483252,196.80451260502));
#4326 = CARTESIAN_POINT('',(2.723749103305,196.46888996266));
#4327 = CARTESIAN_POINT('',(2.745011316504,196.14449539052));
#4328 = CARTESIAN_POINT('',(2.769169876187,195.83309209038));
#4329 = CARTESIAN_POINT('',(2.796267916522,195.53730117598));
#4330 = CARTESIAN_POINT('',(2.826368137472,195.26090905523));
#4331 = CARTESIAN_POINT('',(2.877795364983,194.87086102187));
#4332 = CARTESIAN_POINT('',(2.897024532691,194.73958195683));
#4333 = CARTESIAN_POINT('',(2.91721494597,194.6166922843));
#4334 = CARTESIAN_POINT('',(2.938348366438,194.50346169426));
#4335 = CARTESIAN_POINT('',(2.960402641685,194.40122062847));
#4336 = CARTESIAN_POINT('',(2.983351720955,194.31137524397));
#4337 = CARTESIAN_POINT('',(3.025326354074,194.17750254222));
#4338 = CARTESIAN_POINT('',(3.043991737664,194.12765701931));
#4339 = CARTESIAN_POINT('',(3.063068253912,194.08681098654));
#4340 = CARTESIAN_POINT('',(3.082461630364,194.05566287756));
#4341 = CARTESIAN_POINT('',(3.102077047349,194.03469612872));
#4342 = CARTESIAN_POINT('',(3.121819320121,194.02418295944));
#4343 = CARTESIAN_POINT('',(3.172927119948,194.02418295944));
#4344 = CARTESIAN_POINT('',(3.204027212198,194.05058403566));
#4345 = CARTESIAN_POINT('',(3.234607783511,194.10267384856));
#4346 = CARTESIAN_POINT('',(3.26439009202,194.17889413404));
#4347 = CARTESIAN_POINT('',(3.293098391264,194.27684538322));
#4348 = CARTESIAN_POINT('',(3.320463131703,194.39324528538));
#4349 = CARTESIAN_POINT('',(3.358442686628,194.58573339465));
#4350 = CARTESIAN_POINT('',(3.37034727919,194.65107473679));
#4351 = CARTESIAN_POINT('',(3.381944132366,194.71962322646));
#4352 = CARTESIAN_POINT('',(3.393232994305,194.79115179969));
#4353 = CARTESIAN_POINT('',(3.404213856812,194.86544780733));
#4354 = CARTESIAN_POINT('',(3.414887032225,194.94231275976));
#4355 = CARTESIAN_POINT('',(3.433085795505,195.08144182662));
#4356 = CARTESIAN_POINT('',(3.440744312294,195.14269214335));
#4357 = CARTESIAN_POINT('',(3.448229884368,195.20524109398));
#4358 = CARTESIAN_POINT('',(3.455543644761,195.26902245347));
#4359 = CARTESIAN_POINT('',(3.462686755856,195.33397569964));
#4360 = CARTESIAN_POINT('',(3.469660409387,195.40004601315));
#4361 = CARTESIAN_POINT('',(3.48200491132,195.52182964935));
#4362 = CARTESIAN_POINT('',(3.487432478386,195.5771818201));
#4363 = CARTESIAN_POINT('',(3.492749132813,195.63321393269));
#4364 = CARTESIAN_POINT('',(3.497955421103,195.68990071475));
#4365 = CARTESIAN_POINT('',(3.503051831079,195.74721847867));
#4366 = CARTESIAN_POINT('',(3.508038791885,195.80514512152));
#4367 = CARTESIAN_POINT('',(3.5269403788,196.03188828663));
#4368 = CARTESIAN_POINT('',(3.5400668266,196.20503056124));
#4369 = CARTESIAN_POINT('',(3.552299697083,196.38255265815));
#4370 = CARTESIAN_POINT('',(3.563640464631,196.56400658611));
#4371 = CARTESIAN_POINT('',(3.574088199238,196.7490171709));
#4372 = CARTESIAN_POINT('',(3.583639367438,196.93726857277));
#4373 = CARTESIAN_POINT('',(3.605512310939,197.42090230446));
#4374 = CARTESIAN_POINT('',(3.616634596385,197.72045924395));
#4375 = CARTESIAN_POINT('',(3.625597654098,198.0255704029));
#4376 = CARTESIAN_POINT('',(3.632356027589,198.33479795207));
#4377 = CARTESIAN_POINT('',(3.636877053168,198.64681414618));
#4378 = CARTESIAN_POINT('',(3.639141177262,198.96035671611));
#4379 = CARTESIAN_POINT('',(3.639141177262,199.44017887368));
#4380 = CARTESIAN_POINT('',(3.638507725014,199.60615992082));
#4381 = CARTESIAN_POINT('',(3.637240980704,199.77192112114));
#4382 = CARTESIAN_POINT('',(3.635342615397,199.93725397826));
#4383 = CARTESIAN_POINT('',(3.632815791499,200.10194638714));
#4384 = CARTESIAN_POINT('',(3.62966514321,200.26578254199));
#4385 = CARTESIAN_POINT('',(3.622619177631,200.5701047153));
#4386 = CARTESIAN_POINT('',(3.618874406666,200.7108477378));
#4387 = CARTESIAN_POINT('',(3.614665710708,200.85065985355));
#4388 = CARTESIAN_POINT('',(3.609996609684,200.98942282406));
#4389 = CARTESIAN_POINT('',(3.604870829088,201.12701217238));
#4390 = CARTESIAN_POINT('',(3.599292252246,201.26329712498));
#4391 = CARTESIAN_POINT('',(3.577811823927,201.74385331386));
#4392 = CARTESIAN_POINT('',(3.559436203874,202.07947595622));
#4393 = CARTESIAN_POINT('',(3.538173990675,202.40387052837));
#4394 = CARTESIAN_POINT('',(3.514015430993,202.7152738285));
#4395 = CARTESIAN_POINT('',(3.486917390658,203.0110647429));
#4396 = CARTESIAN_POINT('',(3.456817169708,203.28745686365));
#4397 = CARTESIAN_POINT('',(3.405389942197,203.67750489701));
#4398 = CARTESIAN_POINT('',(3.386160774488,203.80878396205));
#4399 = CARTESIAN_POINT('',(3.36597036121,203.93167363458));
#4400 = CARTESIAN_POINT('',(3.344836940742,204.04490422463));
#4401 = CARTESIAN_POINT('',(3.322782665494,204.14714529042));
#4402 = CARTESIAN_POINT('',(3.299833586224,204.23699067491));
#4403 = CARTESIAN_POINT('',(3.257858953106,204.37086337666));
#4404 = CARTESIAN_POINT('',(3.239193569515,204.42070889957));
#4405 = CARTESIAN_POINT('',(3.220117053267,204.46155493234));
#4406 = CARTESIAN_POINT('',(3.200723676815,204.49270304132));
#4407 = CARTESIAN_POINT('',(3.181108259831,204.51366979017));
#4408 = CARTESIAN_POINT('',(3.161365987059,204.52418295944));
#4409 = CARTESIAN_POINT('',(3.14159265359,204.52418295944));
#4410 = ( GEOMETRIC_REPRESENTATION_CONTEXT(2) 
PARAMETRIC_REPRESENTATION_CONTEXT() REPRESENTATION_CONTEXT('2D SPACE',''
  ) );
#4411 = PCURVE('',#4412,#4417);
#4412 = CYLINDRICAL_SURFACE('',#4413,5.25);
#4413 = AXIS2_PLACEMENT_3D('',#4414,#4415,#4416);
#4414 = CARTESIAN_POINT('',(199.27418295944,0.,6.));
#4415 = DIRECTION('',(0.,0.,1.));
#4416 = DIRECTION('',(1.,0.,-0.));
#4417 = DEFINITIONAL_REPRESENTATION('',(#4418),#4553);
#4418 = B_SPLINE_CURVE_WITH_KNOTS('',7,(#4419,#4420,#4421,#4422,#4423,
    #4424,#4425,#4426,#4427,#4428,#4429,#4430,#4431,#4432,#4433,#4434,
    #4435,#4436,#4437,#4438,#4439,#4440,#4441,#4442,#4443,#4444,#4445,
    #4446,#4447,#4448,#4449,#4450,#4451,#4452,#4453,#4454,#4455,#4456,
    #4457,#4458,#4459,#4460,#4461,#4462,#4463,#4464,#4465,#4466,#4467,
    #4468,#4469,#4470,#4471,#4472,#4473,#4474,#4475,#4476,#4477,#4478,
    #4479,#4480,#4481,#4482,#4483,#4484,#4485,#4486,#4487,#4488,#4489,
    #4490,#4491,#4492,#4493,#4494,#4495,#4496,#4497,#4498,#4499,#4500,
    #4501,#4502,#4503,#4504,#4505,#4506,#4507,#4508,#4509,#4510,#4511,
    #4512,#4513,#4514,#4515,#4516,#4517,#4518,#4519,#4520,#4521,#4522,
    #4523,#4524,#4525,#4526,#4527,#4528,#4529,#4530,#4531,#4532,#4533,
    #4534,#4535,#4536,#4537,#4538,#4539,#4540,#4541,#4542,#4543,#4544,
    #4545,#4546,#4547,#4548,#4549,#4550,#4551,#4552),.UNSPECIFIED.,.F.,
  .F.,(8,6,6,6,6,6,6,6,6,6,6,6,6,6,6,6,6,6,6,6,6,6,8),(0.,
    5.876392911965E-02,8.661358727654E-02,0.107656428741,0.124783679612,
    0.174023803543,0.249320373125,0.289147899255,0.323788158793,
    0.412599158867,0.461468838813,0.49873883055,0.557799954669,
    0.585790460779,0.606939725136,0.624153596037,0.673642747093,
    0.749320124357,0.789349075704,0.824164526184,0.913424682326,
    0.962541517616,1.),.UNSPECIFIED.);
#4419 = CARTESIAN_POINT('',(0.,5.));
#4420 = CARTESIAN_POINT('',(6.565316760861E-02,5.));
#4421 = CARTESIAN_POINT('',(0.13081513842,4.987399514968));
#4422 = CARTESIAN_POINT('',(0.195246123557,4.962538407454));
#4423 = CARTESIAN_POINT('',(0.258693083768,4.926468787405));
#4424 = CARTESIAN_POINT('',(0.320865010235,4.8809062947));
#4425 = CARTESIAN_POINT('',(0.381399835071,4.828079933854));
#4426 = CARTESIAN_POINT('',(0.467511119699,4.743182666906));
#4427 = CARTESIAN_POINT('',(0.494841482749,4.714697927336));
#4428 = CARTESIAN_POINT('',(0.521828869503,4.685203595494));
#4429 = CARTESIAN_POINT('',(0.548486688616,4.654869813364));
#4430 = CARTESIAN_POINT('',(0.574827382912,4.623858853068));
#4431 = CARTESIAN_POINT('',(0.600862863762,4.592324458324));
#4432 = CARTESIAN_POINT('',(0.646055329391,4.536297930054));
#4433 = CARTESIAN_POINT('',(0.665341261023,4.51196468219));
#4434 = CARTESIAN_POINT('',(0.684469849022,4.487470846591));
#4435 = CARTESIAN_POINT('',(0.703448256943,4.462872806839));
#4436 = CARTESIAN_POINT('',(0.722283703225,4.438223925804));
#4437 = CARTESIAN_POINT('',(0.740983461185,4.413574545654));
#4438 = CARTESIAN_POINT('',(0.77467054529,4.368947402274));
#4439 = CARTESIAN_POINT('',(0.789701055185,4.348954129829));
#4440 = CARTESIAN_POINT('',(0.804650236779,4.329017856959));
#4441 = CARTESIAN_POINT('',(0.819521844334,4.309163375129));
#4442 = CARTESIAN_POINT('',(0.834319538303,4.289414580816));
#4443 = CARTESIAN_POINT('',(0.849046885332,4.269794475513));
#4444 = CARTESIAN_POINT('',(0.905855599625,4.194351721202));
#4445 = CARTESIAN_POINT('',(0.947464145207,4.139607832259));
#4446 = CARTESIAN_POINT('',(0.988602792156,4.086637967624));
#4447 = CARTESIAN_POINT('',(1.029338048681,4.035931618381));
#4448 = CARTESIAN_POINT('',(1.069734291646,3.987929327061));
#4449 = CARTESIAN_POINT('',(1.109854924187,3.943028716722));
#4450 = CARTESIAN_POINT('',(1.210790621055,3.838224431352));
#4451 = CARTESIAN_POINT('',(1.271363208854,3.782911608033));
#4452 = CARTESIAN_POINT('',(1.331572718907,3.737098872715));
#4453 = CARTESIAN_POINT('',(1.391516956204,3.70192941737));
#4454 = CARTESIAN_POINT('',(1.45129751652,3.678194148558));
#4455 = CARTESIAN_POINT('',(1.511019899494,3.666307464591));
#4456 = CARTESIAN_POINT('',(1.602414596173,3.666307464591));
#4457 = CARTESIAN_POINT('',(1.634030036694,3.669633038017));
#4458 = CARTESIAN_POINT('',(1.66565522088,3.676283539348));
#4459 = CARTESIAN_POINT('',(1.697302039769,3.686225521292));
#4460 = CARTESIAN_POINT('',(1.728981932312,3.699393543989));
#4461 = CARTESIAN_POINT('',(1.760706114772,3.715690984213));
#4462 = CARTESIAN_POINT('',(1.820126414542,3.751777028315));
#4463 = CARTESIAN_POINT('',(1.84780803552,3.770833935448));
#4464 = CARTESIAN_POINT('',(1.875544363554,3.792081929684));
#4465 = CARTESIAN_POINT('',(1.90334855775,3.815427051946));
#4466 = CARTESIAN_POINT('',(1.931233516393,3.840761620021));
#4467 = CARTESIAN_POINT('',(1.959212147524,3.86796482823));
#4468 = CARTESIAN_POINT('',(2.059303469267,3.97109617457));
#4469 = CARTESIAN_POINT('',(2.131883625574,4.056563530552));
#4470 = CARTESIAN_POINT('',(2.205488035954,4.1512265825));
#4471 = CARTESIAN_POINT('',(2.280546018754,4.252683835519));
#4472 = CARTESIAN_POINT('',(2.357497740216,4.358069824489));
#4473 = CARTESIAN_POINT('',(2.436799322895,4.463788964554));
#4474 = CARTESIAN_POINT('',(2.56419972569,4.621238144552));
#4475 = CARTESIAN_POINT('',(2.610402494724,4.676002787359));
#4476 = CARTESIAN_POINT('',(2.657599141505,4.728782785024));
#4477 = CARTESIAN_POINT('',(2.705812827681,4.778646430292));
#4478 = CARTESIAN_POINT('',(2.755076992205,4.824608773564));
#4479 = CARTESIAN_POINT('',(2.805437031876,4.865653432389));
#4480 = CARTESIAN_POINT('',(2.896244219197,4.927534630411));
#4481 = CARTESIAN_POINT('',(2.936210236308,4.950857526347));
#4482 = CARTESIAN_POINT('',(2.976707874659,4.970158242856));
#4483 = CARTESIAN_POINT('',(3.017609362408,4.984975480448));
#4484 = CARTESIAN_POINT('',(3.058798060319,4.994982356749));
#4485 = CARTESIAN_POINT('',(3.100162812036,5.));
#4486 = CARTESIAN_POINT('',(3.207245821198,5.));
#4487 = CARTESIAN_POINT('',(3.27240779201,4.987399514968));
#4488 = CARTESIAN_POINT('',(3.336838777147,4.962538407454));
#4489 = CARTESIAN_POINT('',(3.400285737358,4.926468787405));
#4490 = CARTESIAN_POINT('',(3.462457663825,4.8809062947));
#4491 = CARTESIAN_POINT('',(3.52299248866,4.828079933854));
#4492 = CARTESIAN_POINT('',(3.609103773289,4.743182666906));
#4493 = CARTESIAN_POINT('',(3.636434136339,4.714697927336));
#4494 = CARTESIAN_POINT('',(3.663421523093,4.685203595494));
#4495 = CARTESIAN_POINT('',(3.690079342205,4.654869813364));
#4496 = CARTESIAN_POINT('',(3.716420036502,4.623858853068));
#4497 = CARTESIAN_POINT('',(3.742455517352,4.592324458324));
#4498 = CARTESIAN_POINT('',(3.78764798298,4.536297930054));
#4499 = CARTESIAN_POINT('',(3.806933914613,4.51196468219));
#4500 = CARTESIAN_POINT('',(3.826062502611,4.487470846591));
#4501 = CARTESIAN_POINT('',(3.845040910533,4.462872806839));
#4502 = CARTESIAN_POINT('',(3.863876356814,4.438223925804));
#4503 = CARTESIAN_POINT('',(3.882576114775,4.413574545654));
#4504 = CARTESIAN_POINT('',(3.916263198879,4.368947402274));
#4505 = CARTESIAN_POINT('',(3.931293708775,4.348954129829));
#4506 = CARTESIAN_POINT('',(3.946242890369,4.329017856959));
#4507 = CARTESIAN_POINT('',(3.961114497924,4.309163375129));
#4508 = CARTESIAN_POINT('',(3.975912191893,4.289414580816));
#4509 = CARTESIAN_POINT('',(3.990639538922,4.269794475513));
#4510 = CARTESIAN_POINT('',(4.047448251674,4.194351723248));
#4511 = CARTESIAN_POINT('',(4.089056800249,4.139607830553));
#4512 = CARTESIAN_POINT('',(4.130195446976,4.086637966));
#4513 = CARTESIAN_POINT('',(4.17093070116,4.035931619555));
#4514 = CARTESIAN_POINT('',(4.211326943763,3.987929328855));
#4515 = CARTESIAN_POINT('',(4.251447579161,3.943028715285));
#4516 = CARTESIAN_POINT('',(4.352383274645,3.838224431352));
#4517 = CARTESIAN_POINT('',(4.412955862444,3.782911608033));
#4518 = CARTESIAN_POINT('',(4.473165372497,3.737098872715));
#4519 = CARTESIAN_POINT('',(4.533109609794,3.70192941737));
#4520 = CARTESIAN_POINT('',(4.592890170109,3.678194148558));
#4521 = CARTESIAN_POINT('',(4.652612553084,3.666307464591));
#4522 = CARTESIAN_POINT('',(4.744007249763,3.666307464591));
#4523 = CARTESIAN_POINT('',(4.775622690284,3.669633038017));
#4524 = CARTESIAN_POINT('',(4.80724787447,3.676283539348));
#4525 = CARTESIAN_POINT('',(4.838894693359,3.686225521292));
#4526 = CARTESIAN_POINT('',(4.870574585902,3.699393543989));
#4527 = CARTESIAN_POINT('',(4.902298768362,3.715690984213));
#4528 = CARTESIAN_POINT('',(4.961719068132,3.751777028315));
#4529 = CARTESIAN_POINT('',(4.98940068911,3.770833935448));
#4530 = CARTESIAN_POINT('',(5.017137017144,3.792081929684));
#4531 = CARTESIAN_POINT('',(5.04494121134,3.815427051946));
#4532 = CARTESIAN_POINT('',(5.072826169983,3.840761620021));
#4533 = CARTESIAN_POINT('',(5.100804801114,3.86796482823));
#4534 = CARTESIAN_POINT('',(5.200896122856,3.971096174569));
#4535 = CARTESIAN_POINT('',(5.273476279164,4.056563530551));
#4536 = CARTESIAN_POINT('',(5.347080689545,4.151226582502));
#4537 = CARTESIAN_POINT('',(5.422138672342,4.252683835518));
#4538 = CARTESIAN_POINT('',(5.499090393806,4.35806982449));
#4539 = CARTESIAN_POINT('',(5.578391976484,4.463788964554));
#4540 = CARTESIAN_POINT('',(5.70579237928,4.621238144552));
#4541 = CARTESIAN_POINT('',(5.751995148314,4.676002787359));
#4542 = CARTESIAN_POINT('',(5.799191795095,4.728782785024));
#4543 = CARTESIAN_POINT('',(5.847405481271,4.778646430292));
#4544 = CARTESIAN_POINT('',(5.896669645795,4.824608773564));
#4545 = CARTESIAN_POINT('',(5.947029685466,4.865653432389));
#4546 = CARTESIAN_POINT('',(6.037836872787,4.927534630411));
#4547 = CARTESIAN_POINT('',(6.077802889898,4.950857526347));
#4548 = CARTESIAN_POINT('',(6.118300528249,4.970158242856));
#4549 = CARTESIAN_POINT('',(6.159202015998,4.984975480448));
#4550 = CARTESIAN_POINT('',(6.200390713909,4.994982356749));
#4551 = CARTESIAN_POINT('',(6.241755465626,5.));
#4552 = CARTESIAN_POINT('',(6.28318530718,5.));
#4553 = ( GEOMETRIC_REPRESENTATION_CONTEXT(2) 
PARAMETRIC_REPRESENTATION_CONTEXT() REPRESENTATION_CONTEXT('2D SPACE',''
  ) );
#4554 = FACE_BOUND('',#4555,.F.);
#4555 = EDGE_LOOP('',(#4556));
#4556 = ORIENTED_EDGE('',*,*,#1764,.F.);
#4557 = FACE_BOUND('',#4558,.F.);
#4558 = EDGE_LOOP('',(#4559));
#4559 = ORIENTED_EDGE('',*,*,#2436,.F.);
#4560 = FACE_BOUND('',#4561,.F.);
#4561 = EDGE_LOOP('',(#4562));
#4562 = ORIENTED_EDGE('',*,*,#2872,.F.);
#4563 = FACE_BOUND('',#4564,.F.);
#4564 = EDGE_LOOP('',(#4565));
#4565 = ORIENTED_EDGE('',*,*,#3314,.F.);
#4566 = ADVANCED_FACE('',(#4567,#4570),#3708,.F.);
#4567 = FACE_BOUND('',#4568,.F.);
#4568 = EDGE_LOOP('',(#4569));
#4569 = ORIENTED_EDGE('',*,*,#3693,.T.);
#4570 = FACE_BOUND('',#4571,.F.);
#4571 = EDGE_LOOP('',(#4572));
#4572 = ORIENTED_EDGE('',*,*,#4573,.F.);
#4573 = EDGE_CURVE('',#4574,#4574,#4576,.T.);
#4574 = VERTEX_POINT('',#4575);
#4575 = CARTESIAN_POINT('',(219.,-3.502489845561E-15,-14.3));
#4576 = SURFACE_CURVE('',#4577,(#4582,#4589),.PCURVE_S1.);
#4577 = CIRCLE('',#4578,14.3);
#4578 = AXIS2_PLACEMENT_3D('',#4579,#4580,#4581);
#4579 = CARTESIAN_POINT('',(219.,0.,-7.727456722786E-15));
#4580 = DIRECTION('',(1.,0.,2.22044604925E-16));
#4581 = DIRECTION('',(2.22044604925E-16,0.,-1.));
#4582 = PCURVE('',#3708,#4583);
#4583 = DEFINITIONAL_REPRESENTATION('',(#4584),#4588);
#4584 = CIRCLE('',#4585,14.3);
#4585 = AXIS2_PLACEMENT_2D('',#4586,#4587);
#4586 = CARTESIAN_POINT('',(5.284966068611E-15,0.));
#4587 = DIRECTION('',(1.,0.));
#4588 = ( GEOMETRIC_REPRESENTATION_CONTEXT(2) 
PARAMETRIC_REPRESENTATION_CONTEXT() REPRESENTATION_CONTEXT('2D SPACE',''
  ) );
#4589 = PCURVE('',#4590,#4595);
#4590 = CYLINDRICAL_SURFACE('',#4591,14.3);
#4591 = AXIS2_PLACEMENT_3D('',#4592,#4593,#4594);
#4592 = CARTESIAN_POINT('',(56.,0.,-4.392072732557E-14));
#4593 = DIRECTION('',(1.,0.,2.22044604925E-16));
#4594 = DIRECTION('',(2.22044604925E-16,0.,-1.));
#4595 = DEFINITIONAL_REPRESENTATION('',(#4596),#4600);
#4596 = LINE('',#4597,#4598);
#4597 = CARTESIAN_POINT('',(0.,163.));
#4598 = VECTOR('',#4599,1.);
#4599 = DIRECTION('',(1.,0.));
#4600 = ( GEOMETRIC_REPRESENTATION_CONTEXT(2) 
PARAMETRIC_REPRESENTATION_CONTEXT() REPRESENTATION_CONTEXT('2D SPACE',''
  ) );
#4601 = ADVANCED_FACE('',(#4602,#4633),#3763,.F.);
#4602 = FACE_BOUND('',#4603,.F.);
#4603 = EDGE_LOOP('',(#4604));
#4604 = ORIENTED_EDGE('',*,*,#4605,.T.);
#4605 = EDGE_CURVE('',#4606,#4606,#4608,.T.);
#4606 = VERTEX_POINT('',#4607);
#4607 = CARTESIAN_POINT('',(2.75335310107E-15,-3.037124061885E-15,-12.4)
  );
#4608 = SURFACE_CURVE('',#4609,(#4614,#4621),.PCURVE_S1.);
#4609 = CIRCLE('',#4610,12.4);
#4610 = AXIS2_PLACEMENT_3D('',#4611,#4612,#4613);
#4611 = CARTESIAN_POINT('',(0.,0.,-6.217248937901E-15));
#4612 = DIRECTION('',(1.,-0.,2.22044604925E-16));
#4613 = DIRECTION('',(2.22044604925E-16,0.,-1.));
#4614 = PCURVE('',#3763,#4615);
#4615 = DEFINITIONAL_REPRESENTATION('',(#4616),#4620);
#4616 = CIRCLE('',#4617,12.4);
#4617 = AXIS2_PLACEMENT_2D('',#4618,#4619);
#4618 = CARTESIAN_POINT('',(0.,0.));
#4619 = DIRECTION('',(1.,0.));
#4620 = ( GEOMETRIC_REPRESENTATION_CONTEXT(2) 
PARAMETRIC_REPRESENTATION_CONTEXT() REPRESENTATION_CONTEXT('2D SPACE',''
  ) );
#4621 = PCURVE('',#4622,#4627);
#4622 = CYLINDRICAL_SURFACE('',#4623,12.4);
#4623 = AXIS2_PLACEMENT_3D('',#4624,#4625,#4626);
#4624 = CARTESIAN_POINT('',(0.,0.,-6.217248937901E-15));
#4625 = DIRECTION('',(1.,0.,2.22044604925E-16));
#4626 = DIRECTION('',(2.22044604925E-16,0.,-1.));
#4627 = DEFINITIONAL_REPRESENTATION('',(#4628),#4632);
#4628 = LINE('',#4629,#4630);
#4629 = CARTESIAN_POINT('',(0.,0.));
#4630 = VECTOR('',#4631,1.);
#4631 = DIRECTION('',(1.,0.));
#4632 = ( GEOMETRIC_REPRESENTATION_CONTEXT(2) 
PARAMETRIC_REPRESENTATION_CONTEXT() REPRESENTATION_CONTEXT('2D SPACE',''
  ) );
#4633 = FACE_BOUND('',#4634,.F.);
#4634 = EDGE_LOOP('',(#4635));
#4635 = ORIENTED_EDGE('',*,*,#3748,.F.);
#4636 = ADVANCED_FACE('',(#4637),#4011,.F.);
#4637 = FACE_BOUND('',#4638,.F.);
#4638 = EDGE_LOOP('',(#4639,#5094,#5115,#5116));
#4639 = ORIENTED_EDGE('',*,*,#4640,.F.);
#4640 = EDGE_CURVE('',#4641,#4641,#4643,.T.);
#4641 = VERTEX_POINT('',#4642);
#4642 = CARTESIAN_POINT('',(169.12299186635,-1.347111479062E-15,14.3));
#4643 = SURFACE_CURVE('',#4644,(#4792,#4943),.PCURVE_S1.);
#4644 = B_SPLINE_CURVE_WITH_KNOTS('',6,(#4645,#4646,#4647,#4648,#4649,
    #4650,#4651,#4652,#4653,#4654,#4655,#4656,#4657,#4658,#4659,#4660,
    #4661,#4662,#4663,#4664,#4665,#4666,#4667,#4668,#4669,#4670,#4671,
    #4672,#4673,#4674,#4675,#4676,#4677,#4678,#4679,#4680,#4681,#4682,
    #4683,#4684,#4685,#4686,#4687,#4688,#4689,#4690,#4691,#4692,#4693,
    #4694,#4695,#4696,#4697,#4698,#4699,#4700,#4701,#4702,#4703,#4704,
    #4705,#4706,#4707,#4708,#4709,#4710,#4711,#4712,#4713,#4714,#4715,
    #4716,#4717,#4718,#4719,#4720,#4721,#4722,#4723,#4724,#4725,#4726,
    #4727,#4728,#4729,#4730,#4731,#4732,#4733,#4734,#4735,#4736,#4737,
    #4738,#4739,#4740,#4741,#4742,#4743,#4744,#4745,#4746,#4747,#4748,
    #4749,#4750,#4751,#4752,#4753,#4754,#4755,#4756,#4757,#4758,#4759,
    #4760,#4761,#4762,#4763,#4764,#4765,#4766,#4767,#4768,#4769,#4770,
    #4771,#4772,#4773,#4774,#4775,#4776,#4777,#4778,#4779,#4780,#4781,
    #4782,#4783,#4784,#4785,#4786,#4787,#4788,#4789,#4790,#4791),
  .UNSPECIFIED.,.T.,.F.,(7,5,5,5,5,5,5,5,5,5,5,5,5,5,5,5,5,5,5,5,5,5,5,5
    ,5,5,5,5,5,7),(0.,3.936169725442E-02,9.691892548305E-02,
    0.122654989067,0.144042349473,0.162276569035,0.177921902376,
    0.249240934718,0.309865539927,0.338789800347,0.356936975642,
    0.378173174415,0.403604288078,0.435727694251,0.473351566313,
    0.526808374544,0.564310399036,0.597113927206,0.6228473638,
    0.644232541106,0.662464899423,0.678108635779,0.749420392432,
    0.810038807741,0.838960114493,0.857105435828,0.878339465058,
    0.903767980617,0.935888104983,1.),.UNSPECIFIED.);
#4645 = CARTESIAN_POINT('',(169.12299186635,0.,14.3));
#4646 = CARTESIAN_POINT('',(169.12299186635,0.278670119708,14.3));
#4647 = CARTESIAN_POINT('',(169.10604847352,0.556825765102,
    14.293483333929));
#4648 = CARTESIAN_POINT('',(169.07227925288,0.83207089043,
    14.280495062292));
#4649 = CARTESIAN_POINT('',(169.02238003051,1.102034343864,
    14.261431617286));
#4650 = CARTESIAN_POINT('',(168.9576168402,1.364447931111,
    14.237029334083));
#4651 = CARTESIAN_POINT('',(168.76614276858,1.986844128025,
    14.166186540043));
#4652 = CARTESIAN_POINT('',(168.62468961781,2.335677348774,
    14.114793167994));
#4653 = CARTESIAN_POINT('',(168.45975440933,2.662467493019,
    14.056530418857));
#4654 = CARTESIAN_POINT('',(168.27516342114,2.966529528504,
    13.993829412583));
#4655 = CARTESIAN_POINT('',(168.07442761423,3.247618288895,
    13.928887732543));
#4656 = CARTESIAN_POINT('',(167.76530010387,3.621289258722,
    13.834393624426));
#4657 = CARTESIAN_POINT('',(167.66708963294,3.732319852553,
    13.805088620542));
#4658 = CARTESIAN_POINT('',(167.56639799155,3.838989435635,
    13.775823454935));
#4659 = CARTESIAN_POINT('',(167.46341701829,3.941364375764,
    13.746733962821));
#4660 = CARTESIAN_POINT('',(167.35831568763,4.03951169801,
    13.717943878027));
#4661 = CARTESIAN_POINT('',(167.16225742748,4.211605128649,
    13.665981083978));
#4662 = CARTESIAN_POINT('',(167.07191301787,4.286836916546,13.6426817614
    ));
#4663 = CARTESIAN_POINT('',(166.98029175665,4.359231860847,
    13.619731338106));
#4664 = CARTESIAN_POINT('',(166.88747217256,4.428824624591,
    13.597190130009));
#4665 = CARTESIAN_POINT('',(166.79352644757,4.495647121408,
    13.575114296091));
#4666 = CARTESIAN_POINT('',(166.61752113538,4.614362382817,
    13.535175746449));
#4667 = CARTESIAN_POINT('',(166.53575166713,4.667003631905,
    13.517171859043));
#4668 = CARTESIAN_POINT('',(166.45325314971,4.717670140092,
    13.499576526403));
#4669 = CARTESIAN_POINT('',(166.37006482031,4.766378132118,
    13.482420285963));
#4670 = CARTESIAN_POINT('',(166.28622401562,4.813142180163,
    13.465731862372));
#4671 = CARTESIAN_POINT('',(166.12929961446,4.896442855166,
    13.435643646064));
#4672 = CARTESIAN_POINT('',(166.05637895821,4.933488880439,
    13.422113369835));
#4673 = CARTESIAN_POINT('',(165.98302669675,4.969121417832,
    13.408964369968));
#4674 = CARTESIAN_POINT('',(165.90926475875,5.003347804031,
    13.396212755576));
#4675 = CARTESIAN_POINT('',(165.83511450796,5.036174574235,
    13.383873713723));
#4676 = CARTESIAN_POINT('',(165.42090855883,5.210893840377,
    13.31765989339));
#4677 = CARTESIAN_POINT('',(165.07340082886,5.325293203459,
    13.272198393891));
#4678 = CARTESIAN_POINT('',(164.72027656501,5.41119314835,
    13.236985537852));
#4679 = CARTESIAN_POINT('',(164.36344628926,5.468873986275,
    13.212968585846));
#4680 = CARTESIAN_POINT('',(164.00466318235,5.498473765482,
    13.200635924808));
#4681 = CARTESIAN_POINT('',(163.34048677038,5.501210964294,
    13.19949543667));
#4682 = CARTESIAN_POINT('',(163.03531973365,5.482148814028,
    13.207437604923));
#4683 = CARTESIAN_POINT('',(162.73124861669,5.442784824019,
    13.22384940042));
#4684 = CARTESIAN_POINT('',(162.42937267911,5.383056970909,
    13.248490194083));
#4685 = CARTESIAN_POINT('',(162.13085564392,5.302836146644,
    13.280875785329));
#4686 = CARTESIAN_POINT('',(161.6967742026,5.153800651694,
    13.339078287793));
#4687 = CARTESIAN_POINT('',(161.55761169569,5.100951847734,
    13.359476554783));
#4688 = CARTESIAN_POINT('',(161.41961189387,5.043363408553,
    13.381398530825));
#4689 = CARTESIAN_POINT('',(161.28290293685,4.980999818511,
    13.404757318715));
#4690 = CARTESIAN_POINT('',(161.14762408531,4.913819303879,
    13.429454288744));
#4691 = CARTESIAN_POINT('',(160.93004293106,4.796572269414,
    13.47164437645));
#4692 = CARTESIAN_POINT('',(160.84678001221,4.749454376604,
    13.488393408594));
#4693 = CARTESIAN_POINT('',(160.7641721583,4.700407125465,
    13.505599331172));
#4694 = CARTESIAN_POINT('',(160.6822564912,4.649415861202,
    13.523233508218));
#4695 = CARTESIAN_POINT('',(160.60107206057,4.596464303175,
    13.541265511762));
#4696 = CARTESIAN_POINT('',(160.42655980965,4.477254608971,
    13.581192384535));
#4697 = CARTESIAN_POINT('',(160.33351796698,4.410265945753,
    13.603222126992));
#4698 = CARTESIAN_POINT('',(160.24159945425,4.340539540602,
    13.625700911233));
#4699 = CARTESIAN_POINT('',(160.15087573179,4.268043754529,
    13.648573209118));
#4700 = CARTESIAN_POINT('',(160.06142458188,4.192744324202,
    13.671779402331));
#4701 = CARTESIAN_POINT('',(159.86783380114,4.021028939939,
    13.723369593878));
#4702 = CARTESIAN_POINT('',(159.76428544419,3.923381889225,
    13.751870099865));
#4703 = CARTESIAN_POINT('',(159.66282783,3.821597455935,13.780648544163)
  );
#4704 = CARTESIAN_POINT('',(159.56362587034,3.715610844498,
    13.809584508496));
#4705 = CARTESIAN_POINT('',(159.46686659668,3.605358217635,
    13.838545912488));
#4706 = CARTESIAN_POINT('',(159.25388700052,3.346042619965,
    13.903822284591));
#4707 = CARTESIAN_POINT('',(159.1392169987,3.194366497877,
    13.940075456405));
#4708 = CARTESIAN_POINT('',(159.02921565086,3.035663690764,
    13.975846005462));
#4709 = CARTESIAN_POINT('',(158.92440339408,2.86987657412,
    14.010797551678));
#4710 = CARTESIAN_POINT('',(158.82535577301,2.696975635393,
    14.044563498365));
#4711 = CARTESIAN_POINT('',(158.62418885279,2.306121667187,
    14.114449230517));
#4712 = CARTESIAN_POINT('',(158.52428966628,2.085215553032,
    14.150037203681));
#4713 = CARTESIAN_POINT('',(158.43442266434,1.854873045025,
    14.182748665105));
#4714 = CARTESIAN_POINT('',(158.35587105384,1.615845082293,
    14.211831929279));
#4715 = CARTESIAN_POINT('',(158.28979923547,1.369001553638,
    14.236592913595));
#4716 = CARTESIAN_POINT('',(158.16262663446,0.754908291194,
    14.284635537622));
#4717 = CARTESIAN_POINT('',(158.11536842383,0.380947929351,
    14.30289047996));
#4718 = CARTESIAN_POINT('',(158.09921870862,1.032951502111E-12,
    14.309239107331));
#4719 = CARTESIAN_POINT('',(158.11536842383,-0.380947929352,
    14.30289047996));
#4720 = CARTESIAN_POINT('',(158.16262663446,-0.754908291194,
    14.284635537622));
#4721 = CARTESIAN_POINT('',(158.28962910419,-1.368180020777,
    14.236657184931));
#4722 = CARTESIAN_POINT('',(158.3554461118,-1.614260103185,
    14.211991170696));
#4723 = CARTESIAN_POINT('',(158.43366980966,-1.852583688124,
    14.183027370349));
#4724 = CARTESIAN_POINT('',(158.52314549481,-2.082280464317,
    14.150453701981));
#4725 = CARTESIAN_POINT('',(158.62259792549,-2.302597797006,
    14.115016136636));
#4726 = CARTESIAN_POINT('',(158.82510436599,-2.696857991813,
    14.044638658271));
#4727 = CARTESIAN_POINT('',(158.92626962995,-2.873394358252,
    14.010149481253));
#4728 = CARTESIAN_POINT('',(159.03344052521,-3.042512231947,
    13.974427062982));
#4729 = CARTESIAN_POINT('',(159.14600532866,-3.20424428048,
    13.937861284567));
#4730 = CARTESIAN_POINT('',(159.26341242907,-3.358653494498,
    13.900809092321));
#4731 = CARTESIAN_POINT('',(159.48068362882,-3.621289258722,
    13.834393624426));
#4732 = CARTESIAN_POINT('',(159.57889409976,-3.732319852553,
    13.805088620542));
#4733 = CARTESIAN_POINT('',(159.67958574115,-3.838989435635,
    13.775823454935));
#4734 = CARTESIAN_POINT('',(159.7825667144,-3.941364375764,
    13.746733962821));
#4735 = CARTESIAN_POINT('',(159.88766804506,-4.03951169801,
    13.717943878027));
#4736 = CARTESIAN_POINT('',(160.08372630522,-4.211605128649,
    13.665981083978));
#4737 = CARTESIAN_POINT('',(160.17407071482,-4.286836916546,
    13.6426817614));
#4738 = CARTESIAN_POINT('',(160.26569197605,-4.359231860847,
    13.619731338106));
#4739 = CARTESIAN_POINT('',(160.35851156013,-4.428824624591,
    13.597190130009));
#4740 = CARTESIAN_POINT('',(160.45245728512,-4.495647121408,
    13.575114296091));
#4741 = CARTESIAN_POINT('',(160.62846259732,-4.614362382817,
    13.535175746449));
#4742 = CARTESIAN_POINT('',(160.71023206557,-4.667003631905,
    13.517171859043));
#4743 = CARTESIAN_POINT('',(160.79273058299,-4.717670140092,
    13.499576526403));
#4744 = CARTESIAN_POINT('',(160.87591891239,-4.766378132118,
    13.482420285963));
#4745 = CARTESIAN_POINT('',(160.95975971707,-4.813142180163,
    13.465731862372));
#4746 = CARTESIAN_POINT('',(161.11668411824,-4.896442855166,
    13.435643646064));
#4747 = CARTESIAN_POINT('',(161.18960477448,-4.933488880439,
    13.422113369835));
#4748 = CARTESIAN_POINT('',(161.26295703595,-4.969121417832,
    13.408964369968));
#4749 = CARTESIAN_POINT('',(161.33671897394,-5.003347804031,
    13.396212755576));
#4750 = CARTESIAN_POINT('',(161.41086922473,-5.036174574235,
    13.383873713723));
#4751 = CARTESIAN_POINT('',(161.82507519363,-5.210893848715,
    13.31765989023));
#4752 = CARTESIAN_POINT('',(162.17258287142,-5.325293195848,
    13.272198396808));
#4753 = CARTESIAN_POINT('',(162.52570716803,-5.411193144519,
    13.236985539303));
#4754 = CARTESIAN_POINT('',(162.882537476,-5.46887399208,13.212968583615
    ));
#4755 = CARTESIAN_POINT('',(163.2413205298,-5.498473765397,
    13.200635924844));
#4756 = CARTESIAN_POINT('',(163.90549695352,-5.501210964258,
    13.199495436685));
#4757 = CARTESIAN_POINT('',(164.21066401302,-5.482148812038,
    13.207437605707));
#4758 = CARTESIAN_POINT('',(164.51473511611,-5.442784825399,
    13.223849399881));
#4759 = CARTESIAN_POINT('',(164.81661103965,-5.383056973549,
    13.248490193045));
#4760 = CARTESIAN_POINT('',(165.11512809733,-5.302836143706,
    13.280875786476));
#4761 = CARTESIAN_POINT('',(165.54920952387,-5.15380065383,
    13.339078286959));
#4762 = CARTESIAN_POINT('',(165.68837203856,-5.100951846573,
    13.359476555184));
#4763 = CARTESIAN_POINT('',(165.82637184496,-5.043363405864,
    13.381398531828));
#4764 = CARTESIAN_POINT('',(165.96308079756,-4.98099981824,
    13.404757318849));
#4765 = CARTESIAN_POINT('',(166.09835964135,-4.913819307128,
    13.429454287574));
#4766 = CARTESIAN_POINT('',(166.31594080163,-4.796572269414,
    13.47164437645));
#4767 = CARTESIAN_POINT('',(166.39920372049,-4.749454376604,
    13.488393408594));
#4768 = CARTESIAN_POINT('',(166.48181157439,-4.700407125465,
    13.505599331172));
#4769 = CARTESIAN_POINT('',(166.5637272415,-4.649415861202,
    13.523233508218));
#4770 = CARTESIAN_POINT('',(166.64491167213,-4.596464303175,
    13.541265511762));
#4771 = CARTESIAN_POINT('',(166.81942392304,-4.477254608971,
    13.581192384535));
#4772 = CARTESIAN_POINT('',(166.91246576571,-4.410265945753,
    13.603222126992));
#4773 = CARTESIAN_POINT('',(167.00438427844,-4.340539540602,
    13.625700911233));
#4774 = CARTESIAN_POINT('',(167.0951080009,-4.268043754529,
    13.648573209118));
#4775 = CARTESIAN_POINT('',(167.18455915081,-4.192744324202,
    13.671779402331));
#4776 = CARTESIAN_POINT('',(167.37814993156,-4.021028939939,
    13.723369593878));
#4777 = CARTESIAN_POINT('',(167.4816982885,-3.923381889225,
    13.751870099865));
#4778 = CARTESIAN_POINT('',(167.58315590269,-3.821597455935,
    13.780648544163));
#4779 = CARTESIAN_POINT('',(167.68235786236,-3.715610844498,
    13.809584508496));
#4780 = CARTESIAN_POINT('',(167.77911713601,-3.605358217635,
    13.838545912488));
#4781 = CARTESIAN_POINT('',(167.99209673218,-3.346042619965,
    13.903822284591));
#4782 = CARTESIAN_POINT('',(168.106766734,-3.194366497877,
    13.940075456405));
#4783 = CARTESIAN_POINT('',(168.21676808183,-3.035663690764,
    13.975846005462));
#4784 = CARTESIAN_POINT('',(168.32158033862,-2.86987657412,
    14.010797551678));
#4785 = CARTESIAN_POINT('',(168.42062795969,-2.696975635393,
    14.044563498365));
#4786 = CARTESIAN_POINT('',(168.69821122014,-2.157649792272,
    14.140996397814));
#4787 = CARTESIAN_POINT('',(168.85975451649,-1.765925645395,
    14.199679734601));
#4788 = CARTESIAN_POINT('',(168.98843875624,-1.347087489157,
    14.248247118938));
#4789 = CARTESIAN_POINT('',(169.07758298693,-0.907931947758,
    14.282535521768));
#4790 = CARTESIAN_POINT('',(169.12299186635,-0.456203860748,14.3));
#4791 = CARTESIAN_POINT('',(169.12299186635,0.,14.3));
#4792 = PCURVE('',#4011,#4793);
#4793 = DEFINITIONAL_REPRESENTATION('',(#4794),#4942);
#4794 = B_SPLINE_CURVE_WITH_KNOTS('',6,(#4795,#4796,#4797,#4798,#4799,
    #4800,#4801,#4802,#4803,#4804,#4805,#4806,#4807,#4808,#4809,#4810,
    #4811,#4812,#4813,#4814,#4815,#4816,#4817,#4818,#4819,#4820,#4821,
    #4822,#4823,#4824,#4825,#4826,#4827,#4828,#4829,#4830,#4831,#4832,
    #4833,#4834,#4835,#4836,#4837,#4838,#4839,#4840,#4841,#4842,#4843,
    #4844,#4845,#4846,#4847,#4848,#4849,#4850,#4851,#4852,#4853,#4854,
    #4855,#4856,#4857,#4858,#4859,#4860,#4861,#4862,#4863,#4864,#4865,
    #4866,#4867,#4868,#4869,#4870,#4871,#4872,#4873,#4874,#4875,#4876,
    #4877,#4878,#4879,#4880,#4881,#4882,#4883,#4884,#4885,#4886,#4887,
    #4888,#4889,#4890,#4891,#4892,#4893,#4894,#4895,#4896,#4897,#4898,
    #4899,#4900,#4901,#4902,#4903,#4904,#4905,#4906,#4907,#4908,#4909,
    #4910,#4911,#4912,#4913,#4914,#4915,#4916,#4917,#4918,#4919,#4920,
    #4921,#4922,#4923,#4924,#4925,#4926,#4927,#4928,#4929,#4930,#4931,
    #4932,#4933,#4934,#4935,#4936,#4937,#4938,#4939,#4940,#4941),
  .UNSPECIFIED.,.F.,.F.,(7,5,5,5,5,5,5,5,5,5,5,5,5,5,5,5,5,5,5,5,5,5,5,5
    ,5,5,5,5,5,7),(0.,3.936169725442E-02,9.691892548305E-02,
    0.122654989067,0.144042349473,0.162276569035,0.177921902376,
    0.249240934718,0.309865539927,0.338789800347,0.356936975642,
    0.378173174415,0.403604288078,0.435727694251,0.473351566313,
    0.526808374544,0.564310399036,0.597113927206,0.6228473638,
    0.644232541106,0.662464899423,0.678108635779,0.749420392432,
    0.810038807741,0.838960114493,0.857105435828,0.878339465058,
    0.903767980617,0.935888104983,1.),.UNSPECIFIED.);
#4795 = CARTESIAN_POINT('',(0.,8.3));
#4796 = CARTESIAN_POINT('',(5.066729449237E-02,8.3));
#4797 = CARTESIAN_POINT('',(0.101241043297,8.293483333929));
#4798 = CARTESIAN_POINT('',(0.151519767295,8.280495062292));
#4799 = CARTESIAN_POINT('',(0.201302011969,8.261431617286));
#4800 = CARTESIAN_POINT('',(0.250366745602,8.237029334083));
#4801 = CARTESIAN_POINT('',(0.368763661191,8.166186540043));
#4802 = CARTESIAN_POINT('',(0.436946497898,8.114793167994));
#4803 = CARTESIAN_POINT('',(0.503179416196,8.056530418857));
#4804 = CARTESIAN_POINT('',(0.567576604922,7.993829412583));
#4805 = CARTESIAN_POINT('',(0.630219650071,7.928887732543));
#4806 = CARTESIAN_POINT('',(0.718394872196,7.834393624426));
#4807 = CARTESIAN_POINT('',(0.745331829729,7.805088620542));
#4808 = CARTESIAN_POINT('',(0.771981421468,7.775823454935));
#4809 = CARTESIAN_POINT('',(0.798363398301,7.746733962821));
#4810 = CARTESIAN_POINT('',(0.824497096925,7.717943878027));
#4811 = CARTESIAN_POINT('',(0.871928644903,7.665981083978));
#4812 = CARTESIAN_POINT('',(0.893297231715,7.6426817614));
#4813 = CARTESIAN_POINT('',(0.914517884404,7.619731338106));
#4814 = CARTESIAN_POINT('',(0.93560078122,7.597190130009));
#4815 = CARTESIAN_POINT('',(0.956555594549,7.575114296091));
#4816 = CARTESIAN_POINT('',(0.995155548821,7.535175746449));
#4817 = CARTESIAN_POINT('',(1.01283312841,7.517171859043));
#4818 = CARTESIAN_POINT('',(1.030429882026,7.499576526403));
#4819 = CARTESIAN_POINT('',(1.047951183074,7.482420285963));
#4820 = CARTESIAN_POINT('',(1.065402126013,7.465731862372));
#4821 = CARTESIAN_POINT('',(1.097704555436,7.435643646064));
#4822 = CARTESIAN_POINT('',(1.112573324793,7.422113369835));
#4823 = CARTESIAN_POINT('',(1.12739687099,7.408964369968));
#4824 = CARTESIAN_POINT('',(1.142178093297,7.396212755576));
#4825 = CARTESIAN_POINT('',(1.15691975369,7.383873713723));
#4826 = CARTESIAN_POINT('',(1.23865575085,7.31765989339));
#4827 = CARTESIAN_POINT('',(1.304955846614,7.272198393891));
#4828 = CARTESIAN_POINT('',(1.37072445512,7.236985537852));
#4829 = CARTESIAN_POINT('',(1.436146142021,7.212968585846));
#4830 = CARTESIAN_POINT('',(1.501400976092,7.200635924808));
#4831 = CARTESIAN_POINT('',(1.622161349221,7.19949543667));
#4832 = CARTESIAN_POINT('',(1.677631489831,7.207437604923));
#4833 = CARTESIAN_POINT('',(1.733194712559,7.22384940042));
#4834 = CARTESIAN_POINT('',(1.788957617228,7.248490194083));
#4835 = CARTESIAN_POINT('',(1.845028487402,7.280875785329));
#4836 = CARTESIAN_POINT('',(1.928474570643,7.339078287793));
#4837 = CARTESIAN_POINT('',(1.95552604887,7.359476554783));
#4838 = CARTESIAN_POINT('',(1.982692410297,7.381398530825));
#4839 = CARTESIAN_POINT('',(2.009990492006,7.404757318715));
#4840 = CARTESIAN_POINT('',(2.037437499907,7.429454288744));
#4841 = CARTESIAN_POINT('',(2.082375814203,7.47164437645));
#4842 = CARTESIAN_POINT('',(2.099766705593,7.488393408594));
#4843 = CARTESIAN_POINT('',(2.117228480387,7.505599331172));
#4844 = CARTESIAN_POINT('',(2.134766210804,7.523233508218));
#4845 = CARTESIAN_POINT('',(2.152385243807,7.541265511762));
#4846 = CARTESIAN_POINT('',(2.190811077451,7.581192384535));
#4847 = CARTESIAN_POINT('',(2.211649933241,7.603222126992));
#4848 = CARTESIAN_POINT('',(2.232616822632,7.625700911233));
#4849 = CARTESIAN_POINT('',(2.253721287562,7.648573209118));
#4850 = CARTESIAN_POINT('',(2.274973357739,7.671779402331));
#4851 = CARTESIAN_POINT('',(2.32202302855,7.723369593878));
#4852 = CARTESIAN_POINT('',(2.347888953833,7.751870099865));
#4853 = CARTESIAN_POINT('',(2.373999683056,7.780648544163));
#4854 = CARTESIAN_POINT('',(2.400373932922,7.809584508496));
#4855 = CARTESIAN_POINT('',(2.427030780278,7.838545912488));
#4856 = CARTESIAN_POINT('',(2.488042874345,7.903822284591));
#4857 = CARTESIAN_POINT('',(2.522586528491,7.940075456405));
#4858 = CARTESIAN_POINT('',(2.557649863637,7.975846005462));
#4859 = CARTESIAN_POINT('',(2.593262062829,8.010797551678));
#4860 = CARTESIAN_POINT('',(2.629454949454,8.044563498365));
#4861 = CARTESIAN_POINT('',(2.709379491192,8.114449230517));
#4862 = CARTESIAN_POINT('',(2.7534038021,8.150037203681));
#4863 = CARTESIAN_POINT('',(2.798263312415,8.182748665105));
#4864 = CARTESIAN_POINT('',(2.843904129795,8.211831929279));
#4865 = CARTESIAN_POINT('',(2.890288432949,8.236592913595));
#4866 = CARTESIAN_POINT('',(3.004310818082,8.284635537622));
#4867 = CARTESIAN_POINT('',(3.072633283001,8.30289047996));
#4868 = CARTESIAN_POINT('',(3.14159265359,8.309239107331));
#4869 = CARTESIAN_POINT('',(3.210552024178,8.30289047996));
#4870 = CARTESIAN_POINT('',(3.278874489097,8.284635537622));
#4871 = CARTESIAN_POINT('',(3.392744335289,8.236657184931));
#4872 = CARTESIAN_POINT('',(3.438983314744,8.211991170696));
#4873 = CARTESIAN_POINT('',(3.484484820528,8.183027370349));
#4874 = CARTESIAN_POINT('',(3.529209942939,8.150453701981));
#4875 = CARTESIAN_POINT('',(3.573103750228,8.115016136636));
#4876 = CARTESIAN_POINT('',(3.653690433633,8.044638658271));
#4877 = CARTESIAN_POINT('',(3.690645839125,8.010149481253));
#4878 = CARTESIAN_POINT('',(3.726995931654,7.974427062982));
#4879 = CARTESIAN_POINT('',(3.762774704246,7.937861284567));
#4880 = CARTESIAN_POINT('',(3.798013305902,7.900809092321));
#4881 = CARTESIAN_POINT('',(3.859987525786,7.834393624426));
#4882 = CARTESIAN_POINT('',(3.886924483319,7.805088620542));
#4883 = CARTESIAN_POINT('',(3.913574075058,7.775823454935));
#4884 = CARTESIAN_POINT('',(3.93995605189,7.746733962821));
#4885 = CARTESIAN_POINT('',(3.966089750515,7.717943878027));
#4886 = CARTESIAN_POINT('',(4.013521298493,7.665981083978));
#4887 = CARTESIAN_POINT('',(4.034889885305,7.6426817614));
#4888 = CARTESIAN_POINT('',(4.056110537993,7.619731338106));
#4889 = CARTESIAN_POINT('',(4.07719343481,7.597190130009));
#4890 = CARTESIAN_POINT('',(4.098148248139,7.575114296091));
#4891 = CARTESIAN_POINT('',(4.136748202411,7.535175746449));
#4892 = CARTESIAN_POINT('',(4.154425782,7.517171859043));
#4893 = CARTESIAN_POINT('',(4.172022535616,7.499576526403));
#4894 = CARTESIAN_POINT('',(4.189543836664,7.482420285963));
#4895 = CARTESIAN_POINT('',(4.206994779603,7.465731862372));
#4896 = CARTESIAN_POINT('',(4.239297209026,7.435643646064));
#4897 = CARTESIAN_POINT('',(4.254165978383,7.422113369835));
#4898 = CARTESIAN_POINT('',(4.268989524579,7.408964369968));
#4899 = CARTESIAN_POINT('',(4.283770746887,7.396212755576));
#4900 = CARTESIAN_POINT('',(4.298512407279,7.383873713723));
#4901 = CARTESIAN_POINT('',(4.38024840834,7.31765989023));
#4902 = CARTESIAN_POINT('',(4.446548494053,7.272198396808));
#4903 = CARTESIAN_POINT('',(4.51231710863,7.236985539303));
#4904 = CARTESIAN_POINT('',(4.577738801723,7.212968583615));
#4905 = CARTESIAN_POINT('',(4.642993625948,7.200635924844));
#4906 = CARTESIAN_POINT('',(4.763754001212,7.199495436685));
#4907 = CARTESIAN_POINT('',(4.819224146018,7.207437605707));
#4908 = CARTESIAN_POINT('',(4.874787366127,7.223849399881));
#4909 = CARTESIAN_POINT('',(4.93055026821,7.248490193045));
#4910 = CARTESIAN_POINT('',(4.986621142636,7.280875786476));
#4911 = CARTESIAN_POINT('',(5.070067223037,7.339078286959));
#4912 = CARTESIAN_POINT('',(5.097118702806,7.359476555184));
#4913 = CARTESIAN_POINT('',(5.124285065108,7.381398531828));
#4914 = CARTESIAN_POINT('',(5.151583145902,7.404757318849));
#4915 = CARTESIAN_POINT('',(5.179030152251,7.429454287574));
#4916 = CARTESIAN_POINT('',(5.223968467793,7.47164437645));
#4917 = CARTESIAN_POINT('',(5.241359359183,7.488393408594));
#4918 = CARTESIAN_POINT('',(5.258821133976,7.505599331172));
#4919 = CARTESIAN_POINT('',(5.276358864394,7.523233508218));
#4920 = CARTESIAN_POINT('',(5.293977897396,7.541265511762));
#4921 = CARTESIAN_POINT('',(5.332403731041,7.581192384535));
#4922 = CARTESIAN_POINT('',(5.353242586831,7.603222126992));
#4923 = CARTESIAN_POINT('',(5.374209476222,7.625700911233));
#4924 = CARTESIAN_POINT('',(5.395313941151,7.648573209118));
#4925 = CARTESIAN_POINT('',(5.416566011329,7.671779402331));
#4926 = CARTESIAN_POINT('',(5.463615682139,7.723369593878));
#4927 = CARTESIAN_POINT('',(5.489481607423,7.751870099865));
#4928 = CARTESIAN_POINT('',(5.515592336645,7.780648544163));
#4929 = CARTESIAN_POINT('',(5.541966586512,7.809584508496));
#4930 = CARTESIAN_POINT('',(5.568623433868,7.838545912488));
#4931 = CARTESIAN_POINT('',(5.629635527934,7.903822284591));
#4932 = CARTESIAN_POINT('',(5.664179182081,7.940075456405));
#4933 = CARTESIAN_POINT('',(5.699242517226,7.975846005462));
#4934 = CARTESIAN_POINT('',(5.734854716419,8.010797551678));
#4935 = CARTESIAN_POINT('',(5.771047603044,8.044563498365));
#4936 = CARTESIAN_POINT('',(5.881332707879,8.140996397814));
#4937 = CARTESIAN_POINT('',(5.958100968514,8.199679734601));
#4938 = CARTESIAN_POINT('',(6.037232745088,8.248247118938));
#4939 = CARTESIAN_POINT('',(6.118106843853,8.282535521768));
#4940 = CARTESIAN_POINT('',(6.20023915068,8.3));
#4941 = CARTESIAN_POINT('',(6.28318530718,8.3));
#4942 = ( GEOMETRIC_REPRESENTATION_CONTEXT(2) 
PARAMETRIC_REPRESENTATION_CONTEXT() REPRESENTATION_CONTEXT('2D SPACE',''
  ) );
#4943 = PCURVE('',#4590,#4944);
#4944 = DEFINITIONAL_REPRESENTATION('',(#4945),#5093);
#4945 = B_SPLINE_CURVE_WITH_KNOTS('',6,(#4946,#4947,#4948,#4949,#4950,
    #4951,#4952,#4953,#4954,#4955,#4956,#4957,#4958,#4959,#4960,#4961,
    #4962,#4963,#4964,#4965,#4966,#4967,#4968,#4969,#4970,#4971,#4972,
    #4973,#4974,#4975,#4976,#4977,#4978,#4979,#4980,#4981,#4982,#4983,
    #4984,#4985,#4986,#4987,#4988,#4989,#4990,#4991,#4992,#4993,#4994,
    #4995,#4996,#4997,#4998,#4999,#5000,#5001,#5002,#5003,#5004,#5005,
    #5006,#5007,#5008,#5009,#5010,#5011,#5012,#5013,#5014,#5015,#5016,
    #5017,#5018,#5019,#5020,#5021,#5022,#5023,#5024,#5025,#5026,#5027,
    #5028,#5029,#5030,#5031,#5032,#5033,#5034,#5035,#5036,#5037,#5038,
    #5039,#5040,#5041,#5042,#5043,#5044,#5045,#5046,#5047,#5048,#5049,
    #5050,#5051,#5052,#5053,#5054,#5055,#5056,#5057,#5058,#5059,#5060,
    #5061,#5062,#5063,#5064,#5065,#5066,#5067,#5068,#5069,#5070,#5071,
    #5072,#5073,#5074,#5075,#5076,#5077,#5078,#5079,#5080,#5081,#5082,
    #5083,#5084,#5085,#5086,#5087,#5088,#5089,#5090,#5091,#5092),
  .UNSPECIFIED.,.T.,.F.,(7,5,5,5,5,5,5,5,5,5,5,5,5,5,5,5,5,5,5,5,5,5,5,5
    ,5,5,5,5,5,7),(0.,3.936169725442E-02,9.691892548305E-02,
    0.122654989067,0.144042349473,0.162276569035,0.177921902376,
    0.249240934718,0.309865539927,0.338789800347,0.356936975642,
    0.378173174415,0.403604288078,0.435727694251,0.473351566313,
    0.526808374544,0.564310399036,0.597113927206,0.6228473638,
    0.644232541106,0.662464899423,0.678108635779,0.749420392432,
    0.810038807741,0.838960114493,0.857105435828,0.878339465058,
    0.903767980617,0.935888104983,1.),.UNSPECIFIED.);
#4946 = CARTESIAN_POINT('',(3.14159265359,113.12299186635));
#4947 = CARTESIAN_POINT('',(3.122105232631,113.12299186635));
#4948 = CARTESIAN_POINT('',(3.102653785275,113.10604847352));
#4949 = CARTESIAN_POINT('',(3.08339257145,113.07227925288));
#4950 = CARTESIAN_POINT('',(3.064474241244,113.02238003051));
#4951 = CARTESIAN_POINT('',(3.046048379051,112.9576168402));
#4952 = CARTESIAN_POINT('',(3.002243135681,112.76614276858));
#4953 = CARTESIAN_POINT('',(2.977599264796,112.62468961781));
#4954 = CARTESIAN_POINT('',(2.954400912227,112.45975440933));
#4955 = CARTESIAN_POINT('',(2.932700112307,112.27516342114));
#4956 = CARTESIAN_POINT('',(2.912530067109,112.07442761423));
#4957 = CARTESIAN_POINT('',(2.885576662144,111.76530010387));
#4958 = CARTESIAN_POINT('',(2.877546809567,111.66708963294));
#4959 = CARTESIAN_POINT('',(2.869812293355,111.56639799155));
#4960 = CARTESIAN_POINT('',(2.862370239062,111.46341701829));
#4961 = CARTESIAN_POINT('',(2.855217805022,111.35831568763));
#4962 = CARTESIAN_POINT('',(2.842646665417,111.16225742748));
#4963 = CARTESIAN_POINT('',(2.837139309678,111.07191301787));
#4964 = CARTESIAN_POINT('',(2.831828594469,110.98029175665));
#4965 = CARTESIAN_POINT('',(2.826713189545,110.88747217256));
#4966 = CARTESIAN_POINT('',(2.821791955073,110.79352644757));
#4967 = CARTESIAN_POINT('',(2.813032979729,110.61752113538));
#4968 = CARTESIAN_POINT('',(2.809142475082,110.53575166713));
#4969 = CARTESIAN_POINT('',(2.805391851399,110.45325314971));
#4970 = CARTESIAN_POINT('',(2.801780633763,110.37006482031));
#4971 = CARTESIAN_POINT('',(2.798308448638,110.28622401562));
#4972 = CARTESIAN_POINT('',(2.792114877233,110.12929961446));
#4973 = CARTESIAN_POINT('',(2.78935688513,110.05637895821));
#4974 = CARTESIAN_POINT('',(2.786700876682,109.98302669675));
#4975 = CARTESIAN_POINT('',(2.784146723642,109.90926475875));
#4976 = CARTESIAN_POINT('',(2.781694340383,109.83511450796));
#4977 = CARTESIAN_POINT('',(2.768628249367,109.42090855883));
#4978 = CARTESIAN_POINT('',(2.760020781257,109.07340082886));
#4979 = CARTESIAN_POINT('',(2.75352900427,108.72027656501));
#4980 = CARTESIAN_POINT('',(2.749159470127,108.36344628926));
#4981 = CARTESIAN_POINT('',(2.746917157549,108.00466318235));
#4982 = CARTESIAN_POINT('',(2.746709794309,107.34048677038));
#4983 = CARTESIAN_POINT('',(2.748153855837,107.03531973365));
#4984 = CARTESIAN_POINT('',(2.751136333756,106.73124861669));
#4985 = CARTESIAN_POINT('',(2.755654473647,106.42937267911));
#4986 = CARTESIAN_POINT('',(2.761703853984,106.13085564392));
#4987 = CARTESIAN_POINT('',(2.772892470689,105.6967742026));
#4988 = CARTESIAN_POINT('',(2.776853905448,105.55761169569));
#4989 = CARTESIAN_POINT('',(2.781162898163,105.41961189387));
#4990 = CARTESIAN_POINT('',(2.785819739494,105.28290293685));
#4991 = CARTESIAN_POINT('',(2.790824967266,105.14762408531));
#4992 = CARTESIAN_POINT('',(2.799538733989,104.93004293106));
#4993 = CARTESIAN_POINT('',(2.803035650568,104.84678001221));
#4994 = CARTESIAN_POINT('',(2.806670401275,104.7641721583));
#4995 = CARTESIAN_POINT('',(2.810443371605,104.6822564912));
#4996 = CARTESIAN_POINT('',(2.814355047482,104.60107206057));
#4997 = CARTESIAN_POINT('',(2.823146541277,104.42655980965));
#4998 = CARTESIAN_POINT('',(2.828077802009,104.33351796698));
#4999 = CARTESIAN_POINT('',(2.833200756795,104.24159945425));
#5000 = CARTESIAN_POINT('',(2.838516547949,104.15087573179));
#5001 = CARTESIAN_POINT('',(2.844026500752,104.06142458188));
#5002 = CARTESIAN_POINT('',(2.856564812339,103.86783380114));
#5003 = CARTESIAN_POINT('',(2.863677985571,103.76428544419));
#5004 = CARTESIAN_POINT('',(2.871074386986,103.66282783));
#5005 = CARTESIAN_POINT('',(2.878756771527,103.56362587034));
#5006 = CARTESIAN_POINT('',(2.886727905247,103.46686659668));
#5007 = CARTESIAN_POINT('',(2.9054275752,103.25388700052));
#5008 = CARTESIAN_POINT('',(2.91633228192,103.1392169987));
#5009 = CARTESIAN_POINT('',(2.927707308425,103.02921565086));
#5010 = CARTESIAN_POINT('',(2.939553781339,102.92440339408));
#5011 = CARTESIAN_POINT('',(2.951871601298,102.82535577301));
#5012 = CARTESIAN_POINT('',(2.979637523798,102.62418885279));
#5013 = CARTESIAN_POINT('',(2.995282383082,102.52428966628));
#5014 = CARTESIAN_POINT('',(3.011547404592,102.43442266434));
#5015 = CARTESIAN_POINT('',(3.028380547828,102.35587105384));
#5016 = CARTESIAN_POINT('',(3.04572478132,102.28979923547));
#5017 = CARTESIAN_POINT('',(3.088799583097,102.16262663446));
#5018 = CARTESIAN_POINT('',(3.114970607699,102.11536842383));
#5019 = CARTESIAN_POINT('',(3.14159265359,102.09921870862));
#5020 = CARTESIAN_POINT('',(3.168214699481,102.11536842383));
#5021 = CARTESIAN_POINT('',(3.194385724083,102.16262663446));
#5022 = CARTESIAN_POINT('',(3.237402900467,102.28962910419));
#5023 = CARTESIAN_POINT('',(3.254693391909,102.3554461118));
#5024 = CARTESIAN_POINT('',(3.271476676323,102.43366980966));
#5025 = CARTESIAN_POINT('',(3.287695671249,102.52314549481));
#5026 = CARTESIAN_POINT('',(3.303298227658,102.62259792549));
#5027 = CARTESIAN_POINT('',(3.331304682929,102.82510436599));
#5028 = CARTESIAN_POINT('',(3.343881603032,102.92626962995));
#5029 = CARTESIAN_POINT('',(3.355966990574,103.03344052521));
#5030 = CARTESIAN_POINT('',(3.367560813902,103.14600532866));
#5031 = CARTESIAN_POINT('',(3.378664363347,103.26341242907));
#5032 = CARTESIAN_POINT('',(3.397608645036,103.48068362882));
#5033 = CARTESIAN_POINT('',(3.405638497612,103.57889409976));
#5034 = CARTESIAN_POINT('',(3.413373013825,103.67958574115));
#5035 = CARTESIAN_POINT('',(3.420815068118,103.7825667144));
#5036 = CARTESIAN_POINT('',(3.427967502158,103.88766804506));
#5037 = CARTESIAN_POINT('',(3.440538641762,104.08372630522));
#5038 = CARTESIAN_POINT('',(3.446045997502,104.17407071482));
#5039 = CARTESIAN_POINT('',(3.45135671271,104.26569197605));
#5040 = CARTESIAN_POINT('',(3.456472117635,104.35851156013));
#5041 = CARTESIAN_POINT('',(3.461393352107,104.45245728512));
#5042 = CARTESIAN_POINT('',(3.470152327451,104.62846259732));
#5043 = CARTESIAN_POINT('',(3.474042832097,104.71023206557));
#5044 = CARTESIAN_POINT('',(3.47779345578,104.79273058299));
#5045 = CARTESIAN_POINT('',(3.481404673416,104.87591891239));
#5046 = CARTESIAN_POINT('',(3.484876858542,104.95975971707));
#5047 = CARTESIAN_POINT('',(3.491070429947,105.11668411824));
#5048 = CARTESIAN_POINT('',(3.49382842205,105.18960477448));
#5049 = CARTESIAN_POINT('',(3.496484430497,105.26295703595));
#5050 = CARTESIAN_POINT('',(3.499038583538,105.33671897394));
#5051 = CARTESIAN_POINT('',(3.501490966797,105.41086922473));
#5052 = CARTESIAN_POINT('',(3.514557058436,105.82507519363));
#5053 = CARTESIAN_POINT('',(3.523164525353,106.17258287142));
#5054 = CARTESIAN_POINT('',(3.529656302624,106.52570716803));
#5055 = CARTESIAN_POINT('',(3.534025837487,106.882537476));
#5056 = CARTESIAN_POINT('',(3.536268149624,107.2413205298));
#5057 = CARTESIAN_POINT('',(3.536475512868,107.90549695352));
#5058 = CARTESIAN_POINT('',(3.535031451193,108.21066401302));
#5059 = CARTESIAN_POINT('',(3.532048973527,108.51473511611));
#5060 = CARTESIAN_POINT('',(3.527530833731,108.81661103965));
#5061 = CARTESIAN_POINT('',(3.521481452975,109.11512809733));
#5062 = CARTESIAN_POINT('',(3.510292836651,109.54920952387));
#5063 = CARTESIAN_POINT('',(3.506331401646,109.68837203856));
#5064 = CARTESIAN_POINT('',(3.502022408816,109.82637184496));
#5065 = CARTESIAN_POINT('',(3.497365567665,109.96308079756));
#5066 = CARTESIAN_POINT('',(3.492360340155,110.09835964135));
#5067 = CARTESIAN_POINT('',(3.48364657319,110.31594080163));
#5068 = CARTESIAN_POINT('',(3.480149656612,110.39920372049));
#5069 = CARTESIAN_POINT('',(3.476514905905,110.48181157439));
#5070 = CARTESIAN_POINT('',(3.472741935574,110.5637272415));
#5071 = CARTESIAN_POINT('',(3.468830259698,110.64491167213));
#5072 = CARTESIAN_POINT('',(3.460038765903,110.81942392304));
#5073 = CARTESIAN_POINT('',(3.455107505171,110.91246576571));
#5074 = CARTESIAN_POINT('',(3.449984550385,111.00438427844));
#5075 = CARTESIAN_POINT('',(3.444668759231,111.0951080009));
#5076 = CARTESIAN_POINT('',(3.439158806428,111.18455915081));
#5077 = CARTESIAN_POINT('',(3.426620494841,111.37814993156));
#5078 = CARTESIAN_POINT('',(3.419507321608,111.4816982885));
#5079 = CARTESIAN_POINT('',(3.412110920194,111.58315590269));
#5080 = CARTESIAN_POINT('',(3.404428535652,111.68235786236));
#5081 = CARTESIAN_POINT('',(3.396457401933,111.77911713601));
#5082 = CARTESIAN_POINT('',(3.37775773198,111.99209673218));
#5083 = CARTESIAN_POINT('',(3.36685302526,112.106766734));
#5084 = CARTESIAN_POINT('',(3.355477998755,112.21676808183));
#5085 = CARTESIAN_POINT('',(3.343631525841,112.32158033862));
#5086 = CARTESIAN_POINT('',(3.331313705882,112.42062795969));
#5087 = CARTESIAN_POINT('',(3.293000471835,112.69821122014));
#5088 = CARTESIAN_POINT('',(3.265312491714,112.85975451649));
#5089 = CARTESIAN_POINT('',(3.235852834157,112.98843875624));
#5090 = CARTESIAN_POINT('',(3.205084443452,113.07758298693));
#5091 = CARTESIAN_POINT('',(3.173495021474,113.12299186635));
#5092 = CARTESIAN_POINT('',(3.14159265359,113.12299186635));
#5093 = ( GEOMETRIC_REPRESENTATION_CONTEXT(2) 
PARAMETRIC_REPRESENTATION_CONTEXT() REPRESENTATION_CONTEXT('2D SPACE',''
  ) );
#5094 = ORIENTED_EDGE('',*,*,#5095,.F.);
#5095 = EDGE_CURVE('',#3778,#4641,#5096,.T.);
#5096 = SEAM_CURVE('',#5097,(#5101,#5108),.PCURVE_S1.);
#5097 = LINE('',#5098,#5099);
#5098 = CARTESIAN_POINT('',(169.12299186635,-1.347111479062E-15,6.));
#5099 = VECTOR('',#5100,1.);
#5100 = DIRECTION('',(0.,0.,1.));
#5101 = PCURVE('',#4011,#5102);
#5102 = DEFINITIONAL_REPRESENTATION('',(#5103),#5107);
#5103 = LINE('',#5104,#5105);
#5104 = CARTESIAN_POINT('',(6.28318530718,-0.));
#5105 = VECTOR('',#5106,1.);
#5106 = DIRECTION('',(0.,1.));
#5107 = ( GEOMETRIC_REPRESENTATION_CONTEXT(2) 
PARAMETRIC_REPRESENTATION_CONTEXT() REPRESENTATION_CONTEXT('2D SPACE',''
  ) );
#5108 = PCURVE('',#4011,#5109);
#5109 = DEFINITIONAL_REPRESENTATION('',(#5110),#5114);
#5110 = LINE('',#5111,#5112);
#5111 = CARTESIAN_POINT('',(0.,-0.));
#5112 = VECTOR('',#5113,1.);
#5113 = DIRECTION('',(0.,1.));
#5114 = ( GEOMETRIC_REPRESENTATION_CONTEXT(2) 
PARAMETRIC_REPRESENTATION_CONTEXT() REPRESENTATION_CONTEXT('2D SPACE',''
  ) );
#5115 = ORIENTED_EDGE('',*,*,#3777,.T.);
#5116 = ORIENTED_EDGE('',*,*,#5095,.T.);
#5117 = ADVANCED_FACE('',(#5118),#4412,.F.);
#5118 = FACE_BOUND('',#5119,.F.);
#5119 = EDGE_LOOP('',(#5120,#5575,#5596,#5597));
#5120 = ORIENTED_EDGE('',*,*,#5121,.F.);
#5121 = EDGE_CURVE('',#5122,#5122,#5124,.T.);
#5122 = VERTEX_POINT('',#5123);
#5123 = CARTESIAN_POINT('',(204.52418295944,-1.285879139105E-15,14.3));
#5124 = SURFACE_CURVE('',#5125,(#5273,#5424),.PCURVE_S1.);
#5125 = B_SPLINE_CURVE_WITH_KNOTS('',6,(#5126,#5127,#5128,#5129,#5130,
    #5131,#5132,#5133,#5134,#5135,#5136,#5137,#5138,#5139,#5140,#5141,
    #5142,#5143,#5144,#5145,#5146,#5147,#5148,#5149,#5150,#5151,#5152,
    #5153,#5154,#5155,#5156,#5157,#5158,#5159,#5160,#5161,#5162,#5163,
    #5164,#5165,#5166,#5167,#5168,#5169,#5170,#5171,#5172,#5173,#5174,
    #5175,#5176,#5177,#5178,#5179,#5180,#5181,#5182,#5183,#5184,#5185,
    #5186,#5187,#5188,#5189,#5190,#5191,#5192,#5193,#5194,#5195,#5196,
    #5197,#5198,#5199,#5200,#5201,#5202,#5203,#5204,#5205,#5206,#5207,
    #5208,#5209,#5210,#5211,#5212,#5213,#5214,#5215,#5216,#5217,#5218,
    #5219,#5220,#5221,#5222,#5223,#5224,#5225,#5226,#5227,#5228,#5229,
    #5230,#5231,#5232,#5233,#5234,#5235,#5236,#5237,#5238,#5239,#5240,
    #5241,#5242,#5243,#5244,#5245,#5246,#5247,#5248,#5249,#5250,#5251,
    #5252,#5253,#5254,#5255,#5256,#5257,#5258,#5259,#5260,#5261,#5262,
    #5263,#5264,#5265,#5266,#5267,#5268,#5269,#5270,#5271,#5272),
  .UNSPECIFIED.,.T.,.F.,(7,5,5,5,5,5,5,5,5,5,5,5,5,5,5,5,5,5,5,5,5,5,5,5
    ,5,5,5,5,5,7),(0.,3.940693606682E-02,9.81644218445E-02,
    0.124837141859,0.14811354676,0.16714950192,0.18361430508,
    0.249964117414,0.315566755639,0.331929804371,0.350809134825,
    0.373796736322,0.40111940499,0.433928734889,0.473288885182,
    0.526822655207,0.565966382547,0.598348736701,0.625021640545,
    0.648298205868,0.667334292226,0.683799208862,0.750149478482,
    0.815752566142,0.832115727659,0.850995188242,0.873982948185,
    0.901305805179,0.93411536122,1.),.UNSPECIFIED.);
#5126 = CARTESIAN_POINT('',(204.52418295944,0.,14.3));
#5127 = CARTESIAN_POINT('',(204.52418295944,0.26588899914,14.3));
#5128 = CARTESIAN_POINT('',(204.50802361823,0.531308167159,
    14.294067398284));
#5129 = CARTESIAN_POINT('',(204.47581225285,0.793988640713,
    14.282241437051));
#5130 = CARTESIAN_POINT('',(204.42820107321,1.051685162073,
    14.264880574263));
#5131 = CARTESIAN_POINT('',(204.36637923814,1.302251201554,
    14.242651875178));
#5132 = CARTESIAN_POINT('',(204.18133711951,1.903740008532,
    14.177338350802));
#5133 = CARTESIAN_POINT('',(204.04295370164,2.243267409212,
    14.129400045703));
#5134 = CARTESIAN_POINT('',(203.88122307562,2.560978657263,
    14.074987693814));
#5135 = CARTESIAN_POINT('',(203.69999701111,2.856144370117,
    14.016461617463));
#5136 = CARTESIAN_POINT('',(203.50282056512,3.128490663994,
    13.955949815171));
#5137 = CARTESIAN_POINT('',(203.19775761766,3.491414177539,
    13.867718817622));
#5138 = CARTESIAN_POINT('',(203.099779198,3.600192523992,13.840099283221
    ));
#5139 = CARTESIAN_POINT('',(202.99929466053,3.704506039157,
    13.812556307544));
#5140 = CARTESIAN_POINT('',(202.89650630724,3.804423053,13.785226064797)
  );
#5141 = CARTESIAN_POINT('',(202.79159212664,3.900012693314,
    13.758231983693));
#5142 = CARTESIAN_POINT('',(202.59142960885,4.071047484103,
    13.708517848097));
#5143 = CARTESIAN_POINT('',(202.4966536379,4.147506184893,
    13.685691900685));
#5144 = CARTESIAN_POINT('',(202.40048117512,4.220765720321,
    13.66328091165));
#5145 = CARTESIAN_POINT('',(202.30300748475,4.290867316482,
    13.641353553443));
#5146 = CARTESIAN_POINT('',(202.20431980105,4.357848693339,
    13.619973164523));
#5147 = CARTESIAN_POINT('',(202.02286031748,4.47399910281,13.58220715853
    ));
#5148 = CARTESIAN_POINT('',(201.9404649452,4.524189919806,
    13.565621347985));
#5149 = CARTESIAN_POINT('',(201.85735498193,4.572335007452,
    13.549472194486));
#5150 = CARTESIAN_POINT('',(201.77357220882,4.618451110534,
    13.533789591009));
#5151 = CARTESIAN_POINT('',(201.68915641769,4.662553226875,
    13.518601446746));
#5152 = CARTESIAN_POINT('',(201.53061668707,4.741069430562,
    13.491247075199));
#5153 = CARTESIAN_POINT('',(201.45664285517,4.775987486346,
    13.478949792907));
#5154 = CARTESIAN_POINT('',(201.38224849473,4.809417328406,
    13.467058647432));
#5155 = CARTESIAN_POINT('',(201.30745757392,4.841366649593,
    13.455589396993));
#5156 = CARTESIAN_POINT('',(201.23229344957,4.871842281898,
    13.444556750827));
#5157 = CARTESIAN_POINT('',(200.85247043919,5.017746199864,
    13.391329520718));
#5158 = CARTESIAN_POINT('',(200.54236496396,5.110848737555,
    13.355981716226));
#5159 = CARTESIAN_POINT('',(200.22809038727,5.180466147944,
    13.328854368627));
#5160 = CARTESIAN_POINT('',(199.91108219732,5.226814593219,
    13.31056085886));
#5161 = CARTESIAN_POINT('',(199.59267314422,5.25,13.301409699727));
#5162 = CARTESIAN_POINT('',(198.95927933522,5.25,13.301409699727));
#5163 = CARTESIAN_POINT('',(198.64445249932,5.227333841147,
    13.310355910637));
#5164 = CARTESIAN_POINT('',(198.33097981311,5.18202246064,
    13.328240106882));
#5165 = CARTESIAN_POINT('',(198.02015100503,5.113965013836,
    13.354767245907));
#5166 = CARTESIAN_POINT('',(197.71335268316,5.022955740748,
    13.389350748264));
#5167 = CARTESIAN_POINT('',(197.33702557066,4.880202609276,
    13.441523095244));
#5168 = CARTESIAN_POINT('',(197.26224034614,4.850255788395,
    13.45238557597));
#5169 = CARTESIAN_POINT('',(197.18781944765,4.818854612786,
    13.463681950019));
#5170 = CARTESIAN_POINT('',(197.11378572741,4.78599249259,
    13.475397924814));
#5171 = CARTESIAN_POINT('',(197.04016261648,4.751662005202,
    13.487518185074));
#5172 = CARTESIAN_POINT('',(196.88253083166,4.674541429051,
    13.514458091411));
#5173 = CARTESIAN_POINT('',(196.79866632836,4.631262277183,
    13.529406195574));
#5174 = CARTESIAN_POINT('',(196.71541731943,4.586004732598,
    13.544845657137));
#5175 = CARTESIAN_POINT('',(196.63282237987,4.538754403397,
    13.560749518452));
#5176 = CARTESIAN_POINT('',(196.55092195516,4.489495212851,
    13.577088912392));
#5177 = CARTESIAN_POINT('',(196.3709330158,4.375763443226,
    13.614220853519));
#5178 = CARTESIAN_POINT('',(196.27320093098,4.310313144259,
    13.635208513296));
#5179 = CARTESIAN_POINT('',(196.17663774723,4.241826082614,
    13.656740731933));
#5180 = CARTESIAN_POINT('',(196.08132652297,4.170266438081,
    13.678757190946));
#5181 = CARTESIAN_POINT('',(195.98735773458,4.09559499013,
    13.701192563115));
#5182 = CARTESIAN_POINT('',(195.78485153878,3.925266621692,
    13.751057123725));
#5183 = CARTESIAN_POINT('',(195.67691143658,3.828309924523,
    13.77862942275));
#5184 = CARTESIAN_POINT('',(195.57117134653,3.726824718513,
    13.806575682189));
#5185 = CARTESIAN_POINT('',(195.46781979396,3.620736925673,
    13.834765026648));
#5186 = CARTESIAN_POINT('',(195.36707147413,3.509972732512,
    13.863052754874));
#5187 = CARTESIAN_POINT('',(195.15160294393,3.255748145108,
    13.925174810171));
#5188 = CARTESIAN_POINT('',(195.03811252355,3.110156653669,
    13.95899002805));
#5189 = CARTESIAN_POINT('',(194.92915697821,2.957596260044,
    13.992438573551));
#5190 = CARTESIAN_POINT('',(194.82525229885,2.798005630831,
    14.025199921091));
#5191 = CARTESIAN_POINT('',(194.72697058541,2.631351132367,
    14.056923187195));
#5192 = CARTESIAN_POINT('',(194.52453676817,2.249218668656,
    14.123589195726));
#5193 = CARTESIAN_POINT('',(194.42294991663,2.030293636111,
    14.157969874399));
#5194 = CARTESIAN_POINT('',(194.33170830684,1.801510474034,
    14.189580798492));
#5195 = CARTESIAN_POINT('',(194.25219584253,1.563663679267,
    14.217639383857));
#5196 = CARTESIAN_POINT('',(194.18566732936,1.317683252044,
    14.241422050893));
#5197 = CARTESIAN_POINT('',(194.06198831291,0.720459871325,
    14.286009000252));
#5198 = CARTESIAN_POINT('',(194.01690641639,0.363525184416,
    14.302633161385));
#5199 = CARTESIAN_POINT('',(194.00150653174,5.559996907323E-13,
    14.30841345534));
#5200 = CARTESIAN_POINT('',(194.01690641639,-0.363525184417,
    14.302633161385));
#5201 = CARTESIAN_POINT('',(194.06198831291,-0.720459871325,
    14.286009000252));
#5202 = CARTESIAN_POINT('',(194.18537918372,-1.316291849379,
    14.241525928943));
#5203 = CARTESIAN_POINT('',(194.25146717429,-1.560970684358,
    14.21789986334));
#5204 = CARTESIAN_POINT('',(194.33040670532,-1.79761531153,
    14.190040099245));
#5205 = CARTESIAN_POINT('',(194.42096223818,-2.025302349669,
    14.158658601537));
#5206 = CARTESIAN_POINT('',(194.52176878178,-2.243241159105,
    14.124526291008));
#5207 = CARTESIAN_POINT('',(194.72194366815,-2.622461971141,
    14.058558298886));
#5208 = CARTESIAN_POINT('',(194.81867772056,-2.787265719767,
    14.027302913671));
#5209 = CARTESIAN_POINT('',(194.92091295911,-2.945188661723,
    13.995022091429));
#5210 = CARTESIAN_POINT('',(195.02809668843,-3.096260599418,
    13.962054409969));
#5211 = CARTESIAN_POINT('',(195.13972917789,-3.240538110769,
    13.928709755949));
#5212 = CARTESIAN_POINT('',(195.35060830122,-3.491414177539,
    13.867718817622));
#5213 = CARTESIAN_POINT('',(195.44858672088,-3.600192523992,
    13.840099283221));
#5214 = CARTESIAN_POINT('',(195.54907125835,-3.704506039157,
    13.812556307544));
#5215 = CARTESIAN_POINT('',(195.65185961164,-3.804423053,13.785226064797
    ));
#5216 = CARTESIAN_POINT('',(195.75677379224,-3.900012693314,
    13.758231983693));
#5217 = CARTESIAN_POINT('',(195.95693631003,-4.071047484103,
    13.708517848097));
#5218 = CARTESIAN_POINT('',(196.05171228099,-4.147506184893,
    13.685691900685));
#5219 = CARTESIAN_POINT('',(196.14788474377,-4.220765720321,
    13.66328091165));
#5220 = CARTESIAN_POINT('',(196.24535843413,-4.290867316482,
    13.641353553443));
#5221 = CARTESIAN_POINT('',(196.34404611784,-4.357848693339,
    13.619973164523));
#5222 = CARTESIAN_POINT('',(196.52550560141,-4.47399910281,
    13.58220715853));
#5223 = CARTESIAN_POINT('',(196.60790097368,-4.524189919806,
    13.565621347985));
#5224 = CARTESIAN_POINT('',(196.69101093696,-4.572335007452,
    13.549472194486));
#5225 = CARTESIAN_POINT('',(196.77479371006,-4.618451110534,
    13.533789591009));
#5226 = CARTESIAN_POINT('',(196.85920950119,-4.662553226875,
    13.518601446746));
#5227 = CARTESIAN_POINT('',(197.01774923181,-4.741069430562,
    13.491247075199));
#5228 = CARTESIAN_POINT('',(197.09172306372,-4.775987486346,
    13.478949792907));
#5229 = CARTESIAN_POINT('',(197.16611742415,-4.809417328406,
    13.467058647432));
#5230 = CARTESIAN_POINT('',(197.24090834496,-4.841366649593,
    13.455589396993));
#5231 = CARTESIAN_POINT('',(197.31607246931,-4.871842281898,
    13.444556750827));
#5232 = CARTESIAN_POINT('',(197.69589547969,-5.017746199864,
    13.391329520718));
#5233 = CARTESIAN_POINT('',(198.00600095493,-5.110848737555,
    13.355981716226));
#5234 = CARTESIAN_POINT('',(198.32027553162,-5.180466147944,
    13.328854368627));
#5235 = CARTESIAN_POINT('',(198.63728372156,-5.226814593219,
    13.31056085886));
#5236 = CARTESIAN_POINT('',(198.95569277466,-5.25,13.301409699727));
#5237 = CARTESIAN_POINT('',(199.58908657069,-5.25,13.301409699727));
#5238 = CARTESIAN_POINT('',(199.90391344018,-5.227333837861,
    13.31035591185));
#5239 = CARTESIAN_POINT('',(200.21738610594,-5.182022462858,
    13.328240106071));
#5240 = CARTESIAN_POINT('',(200.52821489331,-5.113965018168,
    13.35476724431));
#5241 = CARTESIAN_POINT('',(200.83501324832,-5.022955735969,
    13.389350750011));
#5242 = CARTESIAN_POINT('',(201.21134034823,-4.880202609276,
    13.441523095244));
#5243 = CARTESIAN_POINT('',(201.28612557274,-4.850255788395,
    13.45238557597));
#5244 = CARTESIAN_POINT('',(201.36054647123,-4.818854612786,
    13.463681950019));
#5245 = CARTESIAN_POINT('',(201.43458019147,-4.78599249259,
    13.475397924814));
#5246 = CARTESIAN_POINT('',(201.5082033024,-4.751662005202,
    13.487518185074));
#5247 = CARTESIAN_POINT('',(201.66583508722,-4.674541429051,
    13.514458091411));
#5248 = CARTESIAN_POINT('',(201.74969959052,-4.631262277183,
    13.529406195574));
#5249 = CARTESIAN_POINT('',(201.83294859946,-4.586004732598,
    13.544845657137));
#5250 = CARTESIAN_POINT('',(201.91554353901,-4.538754403397,
    13.560749518452));
#5251 = CARTESIAN_POINT('',(201.99744396372,-4.489495212851,
    13.577088912392));
#5252 = CARTESIAN_POINT('',(202.17743290309,-4.375763443226,
    13.614220853519));
#5253 = CARTESIAN_POINT('',(202.2751649879,-4.310313144259,
    13.635208513296));
#5254 = CARTESIAN_POINT('',(202.37172817165,-4.241826082614,
    13.656740731933));
#5255 = CARTESIAN_POINT('',(202.46703939591,-4.170266438081,
    13.678757190946));
#5256 = CARTESIAN_POINT('',(202.5610081843,-4.09559499013,
    13.701192563115));
#5257 = CARTESIAN_POINT('',(202.7635143801,-3.925266621692,
    13.751057123725));
#5258 = CARTESIAN_POINT('',(202.8714544823,-3.828309924523,
    13.77862942275));
#5259 = CARTESIAN_POINT('',(202.97719457236,-3.726824718513,
    13.806575682189));
#5260 = CARTESIAN_POINT('',(203.08054612492,-3.620736925673,
    13.834765026648));
#5261 = CARTESIAN_POINT('',(203.18129444475,-3.509972732512,
    13.863052754874));
#5262 = CARTESIAN_POINT('',(203.39676297495,-3.255748145114,
    13.92517481017));
#5263 = CARTESIAN_POINT('',(203.51025339534,-3.110156653668,
    13.95899002805));
#5264 = CARTESIAN_POINT('',(203.61920894067,-2.957596260036,
    13.992438573553));
#5265 = CARTESIAN_POINT('',(203.72311362004,-2.798005630828,
    14.025199921091));
#5266 = CARTESIAN_POINT('',(203.82139533347,-2.631351132376,
    14.056923187194));
#5267 = CARTESIAN_POINT('',(204.09822848839,-2.108775719972,
    14.148090570783));
#5268 = CARTESIAN_POINT('',(204.25998384339,-1.727335204133,
    14.203953185244));
#5269 = CARTESIAN_POINT('',(204.38903818889,-1.318499272181,
    14.250381811842));
#5270 = CARTESIAN_POINT('',(204.47854646818,-0.889061437004,
    14.283245933887));
#5271 = CARTESIAN_POINT('',(204.52418295944,-0.44683064964,14.3));
#5272 = CARTESIAN_POINT('',(204.52418295944,0.,14.3));
#5273 = PCURVE('',#4412,#5274);
#5274 = DEFINITIONAL_REPRESENTATION('',(#5275),#5423);
#5275 = B_SPLINE_CURVE_WITH_KNOTS('',6,(#5276,#5277,#5278,#5279,#5280,
    #5281,#5282,#5283,#5284,#5285,#5286,#5287,#5288,#5289,#5290,#5291,
    #5292,#5293,#5294,#5295,#5296,#5297,#5298,#5299,#5300,#5301,#5302,
    #5303,#5304,#5305,#5306,#5307,#5308,#5309,#5310,#5311,#5312,#5313,
    #5314,#5315,#5316,#5317,#5318,#5319,#5320,#5321,#5322,#5323,#5324,
    #5325,#5326,#5327,#5328,#5329,#5330,#5331,#5332,#5333,#5334,#5335,
    #5336,#5337,#5338,#5339,#5340,#5341,#5342,#5343,#5344,#5345,#5346,
    #5347,#5348,#5349,#5350,#5351,#5352,#5353,#5354,#5355,#5356,#5357,
    #5358,#5359,#5360,#5361,#5362,#5363,#5364,#5365,#5366,#5367,#5368,
    #5369,#5370,#5371,#5372,#5373,#5374,#5375,#5376,#5377,#5378,#5379,
    #5380,#5381,#5382,#5383,#5384,#5385,#5386,#5387,#5388,#5389,#5390,
    #5391,#5392,#5393,#5394,#5395,#5396,#5397,#5398,#5399,#5400,#5401,
    #5402,#5403,#5404,#5405,#5406,#5407,#5408,#5409,#5410,#5411,#5412,
    #5413,#5414,#5415,#5416,#5417,#5418,#5419,#5420,#5421,#5422),
  .UNSPECIFIED.,.F.,.F.,(7,5,5,5,5,5,5,5,5,5,5,5,5,5,5,5,5,5,5,5,5,5,5,5
    ,5,5,5,5,5,7),(0.,3.940693606682E-02,9.81644218445E-02,
    0.124837141859,0.14811354676,0.16714950192,0.18361430508,
    0.249964117414,0.315566755639,0.331929804371,0.350809134825,
    0.373796736322,0.40111940499,0.433928734889,0.473288885182,
    0.526822655207,0.565966382547,0.598348736701,0.625021640545,
    0.648298205868,0.667334292226,0.683799208862,0.750149478482,
    0.815752566142,0.832115727659,0.850995188242,0.873982948185,
    0.901305805179,0.93411536122,1.),.UNSPECIFIED.);
#5276 = CARTESIAN_POINT('',(0.,8.3));
#5277 = CARTESIAN_POINT('',(5.064552364581E-02,8.3));
#5278 = CARTESIAN_POINT('',(0.101201550938,8.294067398284));
#5279 = CARTESIAN_POINT('',(0.151469779864,8.282241437051));
#5280 = CARTESIAN_POINT('',(0.201252101175,8.264880574263));
#5281 = CARTESIAN_POINT('',(0.250331597714,8.242651875178));
#5282 = CARTESIAN_POINT('',(0.370199911035,8.177338350802));
#5283 = CARTESIAN_POINT('',(0.439763444734,8.129400045703));
#5284 = CARTESIAN_POINT('',(0.507327287326,8.074987693814));
#5285 = CARTESIAN_POINT('',(0.573007029878,8.016461617463));
#5286 = CARTESIAN_POINT('',(0.636883492974,7.955949815171));
#5287 = CARTESIAN_POINT('',(0.727189473941,7.867718817622));
#5288 = CARTESIAN_POINT('',(0.755058778648,7.840099283221));
#5289 = CARTESIAN_POINT('',(0.782624145909,7.812556307544));
#5290 = CARTESIAN_POINT('',(0.809906883183,7.785226064797));
#5291 = CARTESIAN_POINT('',(0.836927830059,7.758231983693));
#5292 = CARTESIAN_POINT('',(0.887076971143,7.708517848097));
#5293 = CARTESIAN_POINT('',(0.910262453563,7.685691900685));
#5294 = CARTESIAN_POINT('',(0.933277120704,7.66328091165));
#5295 = CARTESIAN_POINT('',(0.956133612709,7.641353553443));
#5296 = CARTESIAN_POINT('',(0.978843894675,7.619973164523));
#5297 = CARTESIAN_POINT('',(1.019881883512,7.58220715853));
#5298 = CARTESIAN_POINT('',(1.038254223137,7.565621347985));
#5299 = CARTESIAN_POINT('',(1.056542417247,7.549472194486));
#5300 = CARTESIAN_POINT('',(1.074752302093,7.533789591009));
#5301 = CARTESIAN_POINT('',(1.092889408456,7.518601446746));
#5302 = CARTESIAN_POINT('',(1.126587893011,7.491247075199));
#5303 = CARTESIAN_POINT('',(1.142166280384,7.478949792907));
#5304 = CARTESIAN_POINT('',(1.157697499408,7.467058647432));
#5305 = CARTESIAN_POINT('',(1.173184775514,7.455589396993));
#5306 = CARTESIAN_POINT('',(1.188631183928,7.444556750827));
#5307 = CARTESIAN_POINT('',(1.266132636769,7.391329520718));
#5308 = CARTESIAN_POINT('',(1.327631327022,7.355981716226));
#5309 = CARTESIAN_POINT('',(1.388697730415,7.328854368627));
#5310 = CARTESIAN_POINT('',(1.449482248352,7.31056085886));
#5311 = CARTESIAN_POINT('',(1.510131529694,7.301409699727));
#5312 = CARTESIAN_POINT('',(1.630777969504,7.301409699727));
#5313 = CARTESIAN_POINT('',(1.690744928789,7.310355910637));
#5314 = CARTESIAN_POINT('',(1.7508425821,7.328240106882));
#5315 = CARTESIAN_POINT('',(1.811212452706,7.354767245907));
#5316 = CARTESIAN_POINT('',(1.871999597584,7.389350748264));
#5317 = CARTESIAN_POINT('',(1.948664916035,7.441523095244));
#5318 = CARTESIAN_POINT('',(1.964006789404,7.45238557597));
#5319 = CARTESIAN_POINT('',(1.979388468224,7.463681950019));
#5320 = CARTESIAN_POINT('',(1.994812950679,7.475397924814));
#5321 = CARTESIAN_POINT('',(2.01028338032,7.487518185074));
#5322 = CARTESIAN_POINT('',(2.043709299549,7.514458091411));
#5323 = CARTESIAN_POINT('',(2.06168108795,7.529406195574));
#5324 = CARTESIAN_POINT('',(2.079723470566,7.544845657137));
#5325 = CARTESIAN_POINT('',(2.097841800973,7.560749518452));
#5326 = CARTESIAN_POINT('',(2.11604172703,7.577088912392));
#5327 = CARTESIAN_POINT('',(2.156596131558,7.614220853519));
#5328 = CARTESIAN_POINT('',(2.178992787972,7.635208513296));
#5329 = CARTESIAN_POINT('',(2.201529941638,7.656740731933));
#5330 = CARTESIAN_POINT('',(2.224219021593,7.678757190946));
#5331 = CARTESIAN_POINT('',(2.247072104387,7.701192563115));
#5332 = CARTESIAN_POINT('',(2.297474750695,7.751057123725));
#5333 = CARTESIAN_POINT('',(2.325096673022,7.77862942275));
#5334 = CARTESIAN_POINT('',(2.352990063924,7.806575682189));
#5335 = CARTESIAN_POINT('',(2.381176760487,7.834765026648));
#5336 = CARTESIAN_POINT('',(2.409679198996,7.863052754874));
#5337 = CARTESIAN_POINT('',(2.473155751232,7.925174810171));
#5338 = CARTESIAN_POINT('',(2.508288054142,7.95899002805));
#5339 = CARTESIAN_POINT('',(2.543949358049,7.992438573551));
#5340 = CARTESIAN_POINT('',(2.580170377068,8.025199921091));
#5341 = CARTESIAN_POINT('',(2.616984562867,8.056923187195));
#5342 = CARTESIAN_POINT('',(2.699354156399,8.123589195726));
#5343 = CARTESIAN_POINT('',(2.745261001835,8.157969874399));
#5344 = CARTESIAN_POINT('',(2.792068095228,8.189580798492));
#5345 = CARTESIAN_POINT('',(2.839716683518,8.217639383857));
#5346 = CARTESIAN_POINT('',(2.888166430997,8.241422050893));
#5347 = CARTESIAN_POINT('',(3.004336962554,8.286009000252));
#5348 = CARTESIAN_POINT('',(3.072653215289,8.302633161385));
#5349 = CARTESIAN_POINT('',(3.14159265359,8.30841345534));
#5350 = CARTESIAN_POINT('',(3.21053209189,8.302633161385));
#5351 = CARTESIAN_POINT('',(3.278848344625,8.286009000252));
#5352 = CARTESIAN_POINT('',(3.394748223705,8.241525928943));
#5353 = CARTESIAN_POINT('',(3.44293817857,8.21789986334));
#5354 = CARTESIAN_POINT('',(3.490336900198,8.190040099245));
#5355 = CARTESIAN_POINT('',(3.536903316511,8.158658601537));
#5356 = CARTESIAN_POINT('',(3.582578174786,8.124526291008));
#5357 = CARTESIAN_POINT('',(3.664256357379,8.058558298886));
#5358 = CARTESIAN_POINT('',(3.700618647488,8.027302913671));
#5359 = CARTESIAN_POINT('',(3.736401960418,7.995022091429));
#5360 = CARTESIAN_POINT('',(3.771638246742,7.962054409969));
#5361 = CARTESIAN_POINT('',(3.806356827253,7.928709755949));
#5362 = CARTESIAN_POINT('',(3.86878212753,7.867718817622));
#5363 = CARTESIAN_POINT('',(3.896651432238,7.840099283221));
#5364 = CARTESIAN_POINT('',(3.924216799499,7.812556307544));
#5365 = CARTESIAN_POINT('',(3.951499536773,7.785226064797));
#5366 = CARTESIAN_POINT('',(3.978520483649,7.758231983693));
#5367 = CARTESIAN_POINT('',(4.028669624733,7.708517848097));
#5368 = CARTESIAN_POINT('',(4.051855107153,7.685691900685));
#5369 = CARTESIAN_POINT('',(4.074869774294,7.66328091165));
#5370 = CARTESIAN_POINT('',(4.097726266299,7.641353553443));
#5371 = CARTESIAN_POINT('',(4.120436548265,7.619973164523));
#5372 = CARTESIAN_POINT('',(4.161474537102,7.58220715853));
#5373 = CARTESIAN_POINT('',(4.179846876727,7.565621347985));
#5374 = CARTESIAN_POINT('',(4.198135070837,7.549472194486));
#5375 = CARTESIAN_POINT('',(4.216344955683,7.533789591009));
#5376 = CARTESIAN_POINT('',(4.234482062046,7.518601446746));
#5377 = CARTESIAN_POINT('',(4.268180546601,7.491247075199));
#5378 = CARTESIAN_POINT('',(4.283758933974,7.478949792907));
#5379 = CARTESIAN_POINT('',(4.299290152998,7.467058647432));
#5380 = CARTESIAN_POINT('',(4.314777429104,7.455589396993));
#5381 = CARTESIAN_POINT('',(4.330223837518,7.444556750827));
#5382 = CARTESIAN_POINT('',(4.407725290359,7.391329520718));
#5383 = CARTESIAN_POINT('',(4.469223980612,7.355981716226));
#5384 = CARTESIAN_POINT('',(4.530290384005,7.328854368627));
#5385 = CARTESIAN_POINT('',(4.591074901942,7.31056085886));
#5386 = CARTESIAN_POINT('',(4.651724183284,7.301409699727));
#5387 = CARTESIAN_POINT('',(4.772370620622,7.301409699727));
#5388 = CARTESIAN_POINT('',(4.832337586411,7.31035591185));
#5389 = CARTESIAN_POINT('',(4.892435235644,7.328240106071));
#5390 = CARTESIAN_POINT('',(4.952805102241,7.35476724431));
#5391 = CARTESIAN_POINT('',(5.013592253741,7.389350750011));
#5392 = CARTESIAN_POINT('',(5.090257569625,7.441523095244));
#5393 = CARTESIAN_POINT('',(5.105599442994,7.45238557597));
#5394 = CARTESIAN_POINT('',(5.120981121814,7.463681950019));
#5395 = CARTESIAN_POINT('',(5.136405604268,7.475397924814));
#5396 = CARTESIAN_POINT('',(5.15187603391,7.487518185074));
#5397 = CARTESIAN_POINT('',(5.185301953138,7.514458091411));
#5398 = CARTESIAN_POINT('',(5.203273741539,7.529406195574));
#5399 = CARTESIAN_POINT('',(5.221316124156,7.544845657137));
#5400 = CARTESIAN_POINT('',(5.239434454563,7.560749518452));
#5401 = CARTESIAN_POINT('',(5.257634380619,7.577088912392));
#5402 = CARTESIAN_POINT('',(5.298188785148,7.614220853519));
#5403 = CARTESIAN_POINT('',(5.320585441561,7.635208513296));
#5404 = CARTESIAN_POINT('',(5.343122595228,7.656740731933));
#5405 = CARTESIAN_POINT('',(5.365811675183,7.678757190946));
#5406 = CARTESIAN_POINT('',(5.388664757976,7.701192563115));
#5407 = CARTESIAN_POINT('',(5.439067404285,7.751057123725));
#5408 = CARTESIAN_POINT('',(5.466689326611,7.77862942275));
#5409 = CARTESIAN_POINT('',(5.494582717514,7.806575682189));
#5410 = CARTESIAN_POINT('',(5.522769414077,7.834765026648));
#5411 = CARTESIAN_POINT('',(5.551271852586,7.863052754874));
#5412 = CARTESIAN_POINT('',(5.61474840482,7.92517481017));
#5413 = CARTESIAN_POINT('',(5.649880707732,7.95899002805));
#5414 = CARTESIAN_POINT('',(5.685542011641,7.992438573553));
#5415 = CARTESIAN_POINT('',(5.721763030659,8.025199921091));
#5416 = CARTESIAN_POINT('',(5.758577216454,8.056923187194));
#5417 = CARTESIAN_POINT('',(5.87121963341,8.148090570783));
#5418 = CARTESIAN_POINT('',(5.949845576399,8.203953185244));
#5419 = CARTESIAN_POINT('',(6.030932461653,8.250381811842));
#5420 = CARTESIAN_POINT('',(6.113840350711,8.283245933887));
#5421 = CARTESIAN_POINT('',(6.198074707248,8.3));
#5422 = CARTESIAN_POINT('',(6.28318530718,8.3));
#5423 = ( GEOMETRIC_REPRESENTATION_CONTEXT(2) 
PARAMETRIC_REPRESENTATION_CONTEXT() REPRESENTATION_CONTEXT('2D SPACE',''
  ) );
#5424 = PCURVE('',#4590,#5425);
#5425 = DEFINITIONAL_REPRESENTATION('',(#5426),#5574);
#5426 = B_SPLINE_CURVE_WITH_KNOTS('',6,(#5427,#5428,#5429,#5430,#5431,
    #5432,#5433,#5434,#5435,#5436,#5437,#5438,#5439,#5440,#5441,#5442,
    #5443,#5444,#5445,#5446,#5447,#5448,#5449,#5450,#5451,#5452,#5453,
    #5454,#5455,#5456,#5457,#5458,#5459,#5460,#5461,#5462,#5463,#5464,
    #5465,#5466,#5467,#5468,#5469,#5470,#5471,#5472,#5473,#5474,#5475,
    #5476,#5477,#5478,#5479,#5480,#5481,#5482,#5483,#5484,#5485,#5486,
    #5487,#5488,#5489,#5490,#5491,#5492,#5493,#5494,#5495,#5496,#5497,
    #5498,#5499,#5500,#5501,#5502,#5503,#5504,#5505,#5506,#5507,#5508,
    #5509,#5510,#5511,#5512,#5513,#5514,#5515,#5516,#5517,#5518,#5519,
    #5520,#5521,#5522,#5523,#5524,#5525,#5526,#5527,#5528,#5529,#5530,
    #5531,#5532,#5533,#5534,#5535,#5536,#5537,#5538,#5539,#5540,#5541,
    #5542,#5543,#5544,#5545,#5546,#5547,#5548,#5549,#5550,#5551,#5552,
    #5553,#5554,#5555,#5556,#5557,#5558,#5559,#5560,#5561,#5562,#5563,
    #5564,#5565,#5566,#5567,#5568,#5569,#5570,#5571,#5572,#5573),
  .UNSPECIFIED.,.T.,.F.,(7,5,5,5,5,5,5,5,5,5,5,5,5,5,5,5,5,5,5,5,5,5,5,5
    ,5,5,5,5,5,7),(0.,3.940693606682E-02,9.81644218445E-02,
    0.124837141859,0.14811354676,0.16714950192,0.18361430508,
    0.249964117414,0.315566755639,0.331929804371,0.350809134825,
    0.373796736322,0.40111940499,0.433928734889,0.473288885182,
    0.526822655207,0.565966382547,0.598348736701,0.625021640545,
    0.648298205868,0.667334292226,0.683799208862,0.750149478482,
    0.815752566142,0.832115727659,0.850995188242,0.873982948185,
    0.901305805179,0.93411536122,1.),.UNSPECIFIED.);
#5427 = CARTESIAN_POINT('',(3.14159265359,148.52418295944));
#5428 = CARTESIAN_POINT('',(3.122999017286,148.52418295944));
#5429 = CARTESIAN_POINT('',(3.104438233133,148.50802361823));
#5430 = CARTESIAN_POINT('',(3.086057414173,148.47581225285));
#5431 = CARTESIAN_POINT('',(3.068002126323,148.42820107321));
#5432 = CARTESIAN_POINT('',(3.050414613322,148.36637923814));
#5433 = CARTESIAN_POINT('',(3.008105207971,148.18133711951));
#5434 = CARTESIAN_POINT('',(2.984138903822,148.04295370164));
#5435 = CARTESIAN_POINT('',(2.961611129501,147.88122307562));
#5436 = CARTESIAN_POINT('',(2.94057706958,147.69999701111));
#5437 = CARTESIAN_POINT('',(2.921071285928,147.50282056512));
#5438 = CARTESIAN_POINT('',(2.894952785298,147.19775761766));
#5439 = CARTESIAN_POINT('',(2.88710492356,147.099779198));
#5440 = CARTESIAN_POINT('',(2.879560774752,146.99929466053));
#5441 = CARTESIAN_POINT('',(2.872317298903,146.89650630724));
#5442 = CARTESIAN_POINT('',(2.865371468306,146.79159212664));
#5443 = CARTESIAN_POINT('',(2.852915983496,146.59142960885));
#5444 = CARTESIAN_POINT('',(2.847336178597,146.4966536379));
#5445 = CARTESIAN_POINT('',(2.841978960877,146.40048117512));
#5446 = CARTESIAN_POINT('',(2.836842672552,146.30300748475));
#5447 = CARTESIAN_POINT('',(2.831925890003,146.20431980105));
#5448 = CARTESIAN_POINT('',(2.823384914895,146.02286031748));
#5449 = CARTESIAN_POINT('',(2.819688433844,145.9404649452));
#5450 = CARTESIAN_POINT('',(2.816137343298,145.85735498193));
#5451 = CARTESIAN_POINT('',(2.812731108998,145.77357220882));
#5452 = CARTESIAN_POINT('',(2.80946929975,145.68915641769));
#5453 = CARTESIAN_POINT('',(2.803654978864,145.53061668707));
#5454 = CARTESIAN_POINT('',(2.801066169099,145.45664285517));
#5455 = CARTESIAN_POINT('',(2.79858494663,145.38224849473));
#5456 = CARTESIAN_POINT('',(2.796211143405,145.30745757392));
#5457 = CARTESIAN_POINT('',(2.793944634831,145.23229344957));
#5458 = CARTESIAN_POINT('',(2.783083819263,144.85247043919));
#5459 = CARTESIAN_POINT('',(2.776120248637,144.54236496396));
#5460 = CARTESIAN_POINT('',(2.770895530931,144.22809038727));
#5461 = CARTESIAN_POINT('',(2.767410929372,143.91108219732));
#5462 = CARTESIAN_POINT('',(2.765667895143,143.59267314422));
#5463 = CARTESIAN_POINT('',(2.765667895143,142.95927933522));
#5464 = CARTESIAN_POINT('',(2.767371895133,142.64445249932));
#5465 = CARTESIAN_POINT('',(2.770778522227,142.33097981311));
#5466 = CARTESIAN_POINT('',(2.775886368122,142.02015100503));
#5467 = CARTESIAN_POINT('',(2.782694153216,141.71335268316));
#5468 = CARTESIAN_POINT('',(2.793322698071,141.33702557066));
#5469 = CARTESIAN_POINT('',(2.795550385345,141.26224034614));
#5470 = CARTESIAN_POINT('',(2.797884027535,141.18781944765));
#5471 = CARTESIAN_POINT('',(2.800323741279,141.11378572741));
#5472 = CARTESIAN_POINT('',(2.802869684856,141.04016261648));
#5473 = CARTESIAN_POINT('',(2.808582308958,140.88253083166));
#5474 = CARTESIAN_POINT('',(2.811784241131,140.79866632836));
#5475 = CARTESIAN_POINT('',(2.815128162791,140.71541731943));
#5476 = CARTESIAN_POINT('',(2.818614480807,140.63282237987));
#5477 = CARTESIAN_POINT('',(2.822243700823,140.55092195516));
#5478 = CARTESIAN_POINT('',(2.830610124708,140.3709330158));
#5479 = CARTESIAN_POINT('',(2.835416566287,140.27320093098));
#5480 = CARTESIAN_POINT('',(2.840436864278,140.17663774723));
#5481 = CARTESIAN_POINT('',(2.845672356475,140.08132652297));
#5482 = CARTESIAN_POINT('',(2.851124606195,139.98735773458));
#5483 = CARTESIAN_POINT('',(2.863535613186,139.78485153878));
#5484 = CARTESIAN_POINT('',(2.870584419828,139.67691143658));
#5485 = CARTESIAN_POINT('',(2.877945049586,139.57117134653));
#5486 = CARTESIAN_POINT('',(2.88562070187,139.46781979396));
#5487 = CARTESIAN_POINT('',(2.893614628252,139.36707147413));
#5488 = CARTESIAN_POINT('',(2.911915648287,139.15160294393));
#5489 = CARTESIAN_POINT('',(2.922367193242,139.03811252355));
#5490 = CARTESIAN_POINT('',(2.933287851681,138.92915697821));
#5491 = CARTESIAN_POINT('',(2.944679095042,138.82525229885));
#5492 = CARTESIAN_POINT('',(2.956541114634,138.72697058541));
#5493 = CARTESIAN_POINT('',(2.983667274186,138.52453676817));
#5494 = CARTESIAN_POINT('',(2.999162145495,138.42294991663));
#5495 = CARTESIAN_POINT('',(3.015308605129,138.33170830684));
#5496 = CARTESIAN_POINT('',(3.03205128825,138.25219584253));
#5497 = CARTESIAN_POINT('',(3.049328776076,138.18566732936));
#5498 = CARTESIAN_POINT('',(3.091208876325,138.06198831291));
#5499 = CARTESIAN_POINT('',(3.116186663867,138.01690641639));
#5500 = CARTESIAN_POINT('',(3.14159265359,138.00150653174));
#5501 = CARTESIAN_POINT('',(3.166998643313,138.01690641639));
#5502 = CARTESIAN_POINT('',(3.191976430854,138.06198831291));
#5503 = CARTESIAN_POINT('',(3.233758959432,138.18537918372));
#5504 = CARTESIAN_POINT('',(3.250944865556,138.25146717429));
#5505 = CARTESIAN_POINT('',(3.267602511264,138.33040670532));
#5506 = CARTESIAN_POINT('',(3.283670905325,138.42096223818));
#5507 = CARTESIAN_POINT('',(3.299094980781,138.52176878178));
#5508 = CARTESIAN_POINT('',(3.32601217206,138.72194366815));
#5509 = CARTESIAN_POINT('',(3.337740985769,138.81867772056));
#5510 = CARTESIAN_POINT('',(3.349011289914,138.92091295911));
#5511 = CARTESIAN_POINT('',(3.359823115933,139.02809668843));
#5512 = CARTESIAN_POINT('',(3.370177734954,139.13972917789));
#5513 = CARTESIAN_POINT('',(3.388232521882,139.35060830122));
#5514 = CARTESIAN_POINT('',(3.39608038362,139.44858672088));
#5515 = CARTESIAN_POINT('',(3.403624532427,139.54907125835));
#5516 = CARTESIAN_POINT('',(3.410868008276,139.65185961164));
#5517 = CARTESIAN_POINT('',(3.417813838874,139.75677379224));
#5518 = CARTESIAN_POINT('',(3.430269323684,139.95693631003));
#5519 = CARTESIAN_POINT('',(3.435849128583,140.05171228099));
#5520 = CARTESIAN_POINT('',(3.441206346303,140.14788474377));
#5521 = CARTESIAN_POINT('',(3.446342634628,140.24535843413));
#5522 = CARTESIAN_POINT('',(3.451259417176,140.34404611784));
#5523 = CARTESIAN_POINT('',(3.459800392285,140.52550560141));
#5524 = CARTESIAN_POINT('',(3.463496873335,140.60790097368));
#5525 = CARTESIAN_POINT('',(3.467047963882,140.69101093696));
#5526 = CARTESIAN_POINT('',(3.470454198182,140.77479371006));
#5527 = CARTESIAN_POINT('',(3.473716007429,140.85920950119));
#5528 = CARTESIAN_POINT('',(3.479530328316,141.01774923181));
#5529 = CARTESIAN_POINT('',(3.48211913808,141.09172306372));
#5530 = CARTESIAN_POINT('',(3.48460036055,141.16611742415));
#5531 = CARTESIAN_POINT('',(3.486974163774,141.24090834496));
#5532 = CARTESIAN_POINT('',(3.489240672349,141.31607246931));
#5533 = CARTESIAN_POINT('',(3.500101487916,141.69589547969));
#5534 = CARTESIAN_POINT('',(3.507065058542,142.00600095493));
#5535 = CARTESIAN_POINT('',(3.512289776249,142.32027553162));
#5536 = CARTESIAN_POINT('',(3.515774377808,142.63728372156));
#5537 = CARTESIAN_POINT('',(3.517517412037,142.95569277466));
#5538 = CARTESIAN_POINT('',(3.517517412037,143.58908657069));
#5539 = CARTESIAN_POINT('',(3.515813411801,143.90391344018));
#5540 = CARTESIAN_POINT('',(3.512406785118,144.21738610594));
#5541 = CARTESIAN_POINT('',(3.50729893938,144.52821489331));
#5542 = CARTESIAN_POINT('',(3.500491153608,144.83501324832));
#5543 = CARTESIAN_POINT('',(3.489862609108,145.21134034823));
#5544 = CARTESIAN_POINT('',(3.487634921835,145.28612557274));
#5545 = CARTESIAN_POINT('',(3.485301279645,145.36054647123));
#5546 = CARTESIAN_POINT('',(3.482861565901,145.43458019147));
#5547 = CARTESIAN_POINT('',(3.480315622324,145.5082033024));
#5548 = CARTESIAN_POINT('',(3.474602998222,145.66583508722));
#5549 = CARTESIAN_POINT('',(3.471401066049,145.74969959052));
#5550 = CARTESIAN_POINT('',(3.468057144388,145.83294859946));
#5551 = CARTESIAN_POINT('',(3.464570826373,145.91554353901));
#5552 = CARTESIAN_POINT('',(3.460941606356,145.99744396372));
#5553 = CARTESIAN_POINT('',(3.452575182471,146.17743290309));
#5554 = CARTESIAN_POINT('',(3.447768740892,146.2751649879));
#5555 = CARTESIAN_POINT('',(3.442748442902,146.37172817165));
#5556 = CARTESIAN_POINT('',(3.437512950705,146.46703939591));
#5557 = CARTESIAN_POINT('',(3.432060700984,146.5610081843));
#5558 = CARTESIAN_POINT('',(3.419649693993,146.7635143801));
#5559 = CARTESIAN_POINT('',(3.412600887352,146.8714544823));
#5560 = CARTESIAN_POINT('',(3.405240257593,146.97719457236));
#5561 = CARTESIAN_POINT('',(3.39756460531,147.08054612492));
#5562 = CARTESIAN_POINT('',(3.389570678928,147.18129444475));
#5563 = CARTESIAN_POINT('',(3.371269658893,147.39676297495));
#5564 = CARTESIAN_POINT('',(3.360818113938,147.51025339534));
#5565 = CARTESIAN_POINT('',(3.349897455498,147.61920894067));
#5566 = CARTESIAN_POINT('',(3.338506212138,147.72311362004));
#5567 = CARTESIAN_POINT('',(3.326644192546,147.82139533347));
#5568 = CARTESIAN_POINT('',(3.289548511438,148.09822848839));
#5569 = CARTESIAN_POINT('',(3.262599820316,148.25998384339));
#5570 = CARTESIAN_POINT('',(3.23385013319,148.38903818889));
#5571 = CARTESIAN_POINT('',(3.203764826072,148.47854646818));
#5572 = CARTESIAN_POINT('',(3.172839552166,148.52418295944));
#5573 = CARTESIAN_POINT('',(3.14159265359,148.52418295944));
#5574 = ( GEOMETRIC_REPRESENTATION_CONTEXT(2) 
PARAMETRIC_REPRESENTATION_CONTEXT() REPRESENTATION_CONTEXT('2D SPACE',''
  ) );
#5575 = ORIENTED_EDGE('',*,*,#5576,.F.);
#5576 = EDGE_CURVE('',#4135,#5122,#5577,.T.);
#5577 = SEAM_CURVE('',#5578,(#5582,#5589),.PCURVE_S1.);
#5578 = LINE('',#5579,#5580);
#5579 = CARTESIAN_POINT('',(204.52418295944,-1.285879139105E-15,6.));
#5580 = VECTOR('',#5581,1.);
#5581 = DIRECTION('',(0.,0.,1.));
#5582 = PCURVE('',#4412,#5583);
#5583 = DEFINITIONAL_REPRESENTATION('',(#5584),#5588);
#5584 = LINE('',#5585,#5586);
#5585 = CARTESIAN_POINT('',(6.28318530718,-0.));
#5586 = VECTOR('',#5587,1.);
#5587 = DIRECTION('',(0.,1.));
#5588 = ( GEOMETRIC_REPRESENTATION_CONTEXT(2) 
PARAMETRIC_REPRESENTATION_CONTEXT() REPRESENTATION_CONTEXT('2D SPACE',''
  ) );
#5589 = PCURVE('',#4412,#5590);
#5590 = DEFINITIONAL_REPRESENTATION('',(#5591),#5595);
#5591 = LINE('',#5592,#5593);
#5592 = CARTESIAN_POINT('',(0.,-0.));
#5593 = VECTOR('',#5594,1.);
#5594 = DIRECTION('',(0.,1.));
#5595 = ( GEOMETRIC_REPRESENTATION_CONTEXT(2) 
PARAMETRIC_REPRESENTATION_CONTEXT() REPRESENTATION_CONTEXT('2D SPACE',''
  ) );
#5596 = ORIENTED_EDGE('',*,*,#4134,.T.);
#5597 = ORIENTED_EDGE('',*,*,#5576,.T.);
#5598 = ADVANCED_FACE('',(#5599,#5653,#5656),#4590,.T.);
#5599 = FACE_BOUND('',#5600,.T.);
#5600 = EDGE_LOOP('',(#5601,#5624,#5625,#5626));
#5601 = ORIENTED_EDGE('',*,*,#5602,.T.);
#5602 = EDGE_CURVE('',#5603,#4574,#5605,.T.);
#5603 = VERTEX_POINT('',#5604);
#5604 = CARTESIAN_POINT('',(56.,-3.502489845561E-15,-14.3));
#5605 = SEAM_CURVE('',#5606,(#5610,#5617),.PCURVE_S1.);
#5606 = LINE('',#5607,#5608);
#5607 = CARTESIAN_POINT('',(56.,-3.502489845561E-15,-14.3));
#5608 = VECTOR('',#5609,1.);
#5609 = DIRECTION('',(1.,0.,2.22044604925E-16));
#5610 = PCURVE('',#4590,#5611);
#5611 = DEFINITIONAL_REPRESENTATION('',(#5612),#5616);
#5612 = LINE('',#5613,#5614);
#5613 = CARTESIAN_POINT('',(6.28318530718,-0.));
#5614 = VECTOR('',#5615,1.);
#5615 = DIRECTION('',(0.,1.));
#5616 = ( GEOMETRIC_REPRESENTATION_CONTEXT(2) 
PARAMETRIC_REPRESENTATION_CONTEXT() REPRESENTATION_CONTEXT('2D SPACE',''
  ) );
#5617 = PCURVE('',#4590,#5618);
#5618 = DEFINITIONAL_REPRESENTATION('',(#5619),#5623);
#5619 = LINE('',#5620,#5621);
#5620 = CARTESIAN_POINT('',(0.,-0.));
#5621 = VECTOR('',#5622,1.);
#5622 = DIRECTION('',(0.,1.));
#5623 = ( GEOMETRIC_REPRESENTATION_CONTEXT(2) 
PARAMETRIC_REPRESENTATION_CONTEXT() REPRESENTATION_CONTEXT('2D SPACE',''
  ) );
#5624 = ORIENTED_EDGE('',*,*,#4573,.F.);
#5625 = ORIENTED_EDGE('',*,*,#5602,.F.);
#5626 = ORIENTED_EDGE('',*,*,#5627,.T.);
#5627 = EDGE_CURVE('',#5603,#5603,#5628,.T.);
#5628 = SURFACE_CURVE('',#5629,(#5634,#5641),.PCURVE_S1.);
#5629 = CIRCLE('',#5630,14.3);
#5630 = AXIS2_PLACEMENT_3D('',#5631,#5632,#5633);
#5631 = CARTESIAN_POINT('',(56.,0.,-4.392072732557E-14));
#5632 = DIRECTION('',(1.,-0.,2.22044604925E-16));
#5633 = DIRECTION('',(2.22044604925E-16,0.,-1.));
#5634 = PCURVE('',#4590,#5635);
#5635 = DEFINITIONAL_REPRESENTATION('',(#5636),#5640);
#5636 = LINE('',#5637,#5638);
#5637 = CARTESIAN_POINT('',(0.,0.));
#5638 = VECTOR('',#5639,1.);
#5639 = DIRECTION('',(1.,0.));
#5640 = ( GEOMETRIC_REPRESENTATION_CONTEXT(2) 
PARAMETRIC_REPRESENTATION_CONTEXT() REPRESENTATION_CONTEXT('2D SPACE',''
  ) );
#5641 = PCURVE('',#5642,#5647);
#5642 = PLANE('',#5643);
#5643 = AXIS2_PLACEMENT_3D('',#5644,#5645,#5646);
#5644 = CARTESIAN_POINT('',(56.,0.,-4.392072732557E-14));
#5645 = DIRECTION('',(1.,0.,2.22044604925E-16));
#5646 = DIRECTION('',(2.22044604925E-16,0.,-1.));
#5647 = DEFINITIONAL_REPRESENTATION('',(#5648),#5652);
#5648 = CIRCLE('',#5649,14.3);
#5649 = AXIS2_PLACEMENT_2D('',#5650,#5651);
#5650 = CARTESIAN_POINT('',(0.,0.));
#5651 = DIRECTION('',(1.,0.));
#5652 = ( GEOMETRIC_REPRESENTATION_CONTEXT(2) 
PARAMETRIC_REPRESENTATION_CONTEXT() REPRESENTATION_CONTEXT('2D SPACE',''
  ) );
#5653 = FACE_BOUND('',#5654,.T.);
#5654 = EDGE_LOOP('',(#5655));
#5655 = ORIENTED_EDGE('',*,*,#4640,.F.);
#5656 = FACE_BOUND('',#5657,.T.);
#5657 = EDGE_LOOP('',(#5658));
#5658 = ORIENTED_EDGE('',*,*,#5121,.F.);
#5659 = ADVANCED_FACE('',(#5660),#4622,.T.);
#5660 = FACE_BOUND('',#5661,.T.);
#5661 = EDGE_LOOP('',(#5662,#5686,#5707,#5708));
#5662 = ORIENTED_EDGE('',*,*,#5663,.F.);
#5663 = EDGE_CURVE('',#5664,#5664,#5666,.T.);
#5664 = VERTEX_POINT('',#5665);
#5665 = CARTESIAN_POINT('',(56.,-3.037124061885E-15,-12.4));
#5666 = SURFACE_CURVE('',#5667,(#5672,#5679),.PCURVE_S1.);
#5667 = CIRCLE('',#5668,12.4);
#5668 = AXIS2_PLACEMENT_3D('',#5669,#5670,#5671);
#5669 = CARTESIAN_POINT('',(56.,0.,6.217248937901E-15));
#5670 = DIRECTION('',(1.,-0.,2.22044604925E-16));
#5671 = DIRECTION('',(2.22044604925E-16,0.,-1.));
#5672 = PCURVE('',#4622,#5673);
#5673 = DEFINITIONAL_REPRESENTATION('',(#5674),#5678);
#5674 = LINE('',#5675,#5676);
#5675 = CARTESIAN_POINT('',(0.,56.));
#5676 = VECTOR('',#5677,1.);
#5677 = DIRECTION('',(1.,0.));
#5678 = ( GEOMETRIC_REPRESENTATION_CONTEXT(2) 
PARAMETRIC_REPRESENTATION_CONTEXT() REPRESENTATION_CONTEXT('2D SPACE',''
  ) );
#5679 = PCURVE('',#5642,#5680);
#5680 = DEFINITIONAL_REPRESENTATION('',(#5681),#5685);
#5681 = CIRCLE('',#5682,12.4);
#5682 = AXIS2_PLACEMENT_2D('',#5683,#5684);
#5683 = CARTESIAN_POINT('',(-5.013797626347E-14,0.));
#5684 = DIRECTION('',(1.,0.));
#5685 = ( GEOMETRIC_REPRESENTATION_CONTEXT(2) 
PARAMETRIC_REPRESENTATION_CONTEXT() REPRESENTATION_CONTEXT('2D SPACE',''
  ) );
#5686 = ORIENTED_EDGE('',*,*,#5687,.F.);
#5687 = EDGE_CURVE('',#4606,#5664,#5688,.T.);
#5688 = SEAM_CURVE('',#5689,(#5693,#5700),.PCURVE_S1.);
#5689 = LINE('',#5690,#5691);
#5690 = CARTESIAN_POINT('',(2.75335310107E-15,-3.037124061885E-15,-12.4)
  );
#5691 = VECTOR('',#5692,1.);
#5692 = DIRECTION('',(1.,0.,2.22044604925E-16));
#5693 = PCURVE('',#4622,#5694);
#5694 = DEFINITIONAL_REPRESENTATION('',(#5695),#5699);
#5695 = LINE('',#5696,#5697);
#5696 = CARTESIAN_POINT('',(6.28318530718,-0.));
#5697 = VECTOR('',#5698,1.);
#5698 = DIRECTION('',(0.,1.));
#5699 = ( GEOMETRIC_REPRESENTATION_CONTEXT(2) 
PARAMETRIC_REPRESENTATION_CONTEXT() REPRESENTATION_CONTEXT('2D SPACE',''
  ) );
#5700 = PCURVE('',#4622,#5701);
#5701 = DEFINITIONAL_REPRESENTATION('',(#5702),#5706);
#5702 = LINE('',#5703,#5704);
#5703 = CARTESIAN_POINT('',(0.,-0.));
#5704 = VECTOR('',#5705,1.);
#5705 = DIRECTION('',(0.,1.));
#5706 = ( GEOMETRIC_REPRESENTATION_CONTEXT(2) 
PARAMETRIC_REPRESENTATION_CONTEXT() REPRESENTATION_CONTEXT('2D SPACE',''
  ) );
#5707 = ORIENTED_EDGE('',*,*,#4605,.T.);
#5708 = ORIENTED_EDGE('',*,*,#5687,.T.);
#5709 = ADVANCED_FACE('',(#5710,#5713),#5642,.F.);
#5710 = FACE_BOUND('',#5711,.F.);
#5711 = EDGE_LOOP('',(#5712));
#5712 = ORIENTED_EDGE('',*,*,#5627,.T.);
#5713 = FACE_BOUND('',#5714,.F.);
#5714 = EDGE_LOOP('',(#5715));
#5715 = ORIENTED_EDGE('',*,*,#5663,.F.);
#5716 = ( GEOMETRIC_REPRESENTATION_CONTEXT(3) 
GLOBAL_UNCERTAINTY_ASSIGNED_CONTEXT((#5720)) 
GLOBAL_UNIT_ASSIGNED_CONTEXT((#5717,#5718,#5719)) REPRESENTATION_CONTEXT
('Context #1','3D Context with UNIT and UNCERTAINTY') );
#5717 = ( LENGTH_UNIT() NAMED_UNIT(*) SI_UNIT(.MILLI.,.METRE.) );
#5718 = ( NAMED_UNIT(*) PLANE_ANGLE_UNIT() SI_UNIT($,.RADIAN.) );
#5719 = ( NAMED_UNIT(*) SI_UNIT($,.STERADIAN.) SOLID_ANGLE_UNIT() );
#5720 = UNCERTAINTY_MEASURE_WITH_UNIT(LENGTH_MEASURE(2.E-07),#5717,
  'distance_accuracy_value','confusion accuracy');
#5721 = PRODUCT_RELATED_PRODUCT_CATEGORY('part',$,(#7));
ENDSEC;
END-ISO-10303-21;
