ISO-10303-21;
HEADER;
FILE_DESCRIPTION(('Open CASCADE Model'),'2;1');
FILE_NAME('m2d_body_preview','2026-07-05T09:02:49',('Author'),(
    'Open CASCADE'),'Open CASCADE STEP processor 7.9','build123d',
  'Unknown');
FILE_SCHEMA(('AUTOMOTIVE_DESIGN { 1 0 10303 214 1 1 1 1 }'));
ENDSEC;
DATA;
#1 = APPLICATION_PROTOCOL_DEFINITION('international standard',
  'automotive_design',2000,#2);
#2 = APPLICATION_CONTEXT(
  'core data for automotive mechanical design processes');
#3 = SHAPE_DEFINITION_REPRESENTATION(#4,#10);
#4 = PRODUCT_DEFINITION_SHAPE('','',#5);
#5 = PRODUCT_DEFINITION('design','',#6,#9);
#6 = PRODUCT_DEFINITION_FORMATION('','',#7);
#7 = PRODUCT('m2d_body_preview','m2d_body_preview','',(#8));
#8 = PRODUCT_CONTEXT('',#2,'mechanical');
#9 = PRODUCT_DEFINITION_CONTEXT('part definition',#2,'design');
#10 = ADVANCED_BREP_SHAPE_REPRESENTATION('',(#11,#15),#5351);
#11 = AXIS2_PLACEMENT_3D('',#12,#13,#14);
#12 = CARTESIAN_POINT('',(0.,0.,0.));
#13 = DIRECTION('',(0.,0.,1.));
#14 = DIRECTION('',(1.,0.,-0.));
#15 = MANIFOLD_SOLID_BREP('',#16);
#16 = CLOSED_SHELL('',(#17,#137,#265,#314,#398,#425,#1156,#1257,#1311,
    #1364,#1438,#1465,#1521,#2077,#2083,#2660,#2665,#3195,#3200,#3764,
    #3770,#4314,#4320,#5016,#5021,#5028,#5101,#5150,#5247,#5322));
#17 = ADVANCED_FACE('',(#18),#32,.F.);
#18 = FACE_BOUND('',#19,.F.);
#19 = EDGE_LOOP('',(#20,#55,#83,#111));
#20 = ORIENTED_EDGE('',*,*,#21,.F.);
#21 = EDGE_CURVE('',#22,#24,#26,.T.);
#22 = VERTEX_POINT('',#23);
#23 = CARTESIAN_POINT('',(56.,15.,14.));
#24 = VERTEX_POINT('',#25);
#25 = CARTESIAN_POINT('',(56.,-15.,14.));
#26 = SURFACE_CURVE('',#27,(#31,#43),.PCURVE_S1.);
#27 = LINE('',#28,#29);
#28 = CARTESIAN_POINT('',(56.,15.,14.));
#29 = VECTOR('',#30,1.);
#30 = DIRECTION('',(0.,-1.,0.));
#31 = PCURVE('',#32,#37);
#32 = PLANE('',#33);
#33 = AXIS2_PLACEMENT_3D('',#34,#35,#36);
#34 = CARTESIAN_POINT('',(56.,0.,14.));
#35 = DIRECTION('',(0.,-0.,-1.));
#36 = DIRECTION('',(1.,0.,0.));
#37 = DEFINITIONAL_REPRESENTATION('',(#38),#42);
#38 = LINE('',#39,#40);
#39 = CARTESIAN_POINT('',(0.,-15.));
#40 = VECTOR('',#41,1.);
#41 = DIRECTION('',(0.,1.));
#42 = ( GEOMETRIC_REPRESENTATION_CONTEXT(2) 
PARAMETRIC_REPRESENTATION_CONTEXT() REPRESENTATION_CONTEXT('2D SPACE',''
  ) );
#43 = PCURVE('',#44,#49);
#44 = PLANE('',#45);
#45 = AXIS2_PLACEMENT_3D('',#46,#47,#48);
#46 = CARTESIAN_POINT('',(56.,0.,-1.830137959277));
#47 = DIRECTION('',(1.,-0.,0.));
#48 = DIRECTION('',(0.,0.,1.));
#49 = DEFINITIONAL_REPRESENTATION('',(#50),#54);
#50 = LINE('',#51,#52);
#51 = CARTESIAN_POINT('',(15.830137959277,-15.));
#52 = VECTOR('',#53,1.);
#53 = DIRECTION('',(0.,1.));
#54 = ( GEOMETRIC_REPRESENTATION_CONTEXT(2) 
PARAMETRIC_REPRESENTATION_CONTEXT() REPRESENTATION_CONTEXT('2D SPACE',''
  ) );
#55 = ORIENTED_EDGE('',*,*,#56,.T.);
#56 = EDGE_CURVE('',#22,#57,#59,.T.);
#57 = VERTEX_POINT('',#58);
#58 = CARTESIAN_POINT('',(550.5053,15.,14.));
#59 = SURFACE_CURVE('',#60,(#64,#71),.PCURVE_S1.);
#60 = LINE('',#61,#62);
#61 = CARTESIAN_POINT('',(56.,15.,14.));
#62 = VECTOR('',#63,1.);
#63 = DIRECTION('',(1.,0.,0.));
#64 = PCURVE('',#32,#65);
#65 = DEFINITIONAL_REPRESENTATION('',(#66),#70);
#66 = LINE('',#67,#68);
#67 = CARTESIAN_POINT('',(0.,-15.));
#68 = VECTOR('',#69,1.);
#69 = DIRECTION('',(1.,0.));
#70 = ( GEOMETRIC_REPRESENTATION_CONTEXT(2) 
PARAMETRIC_REPRESENTATION_CONTEXT() REPRESENTATION_CONTEXT('2D SPACE',''
  ) );
#71 = PCURVE('',#72,#77);
#72 = PLANE('',#73);
#73 = AXIS2_PLACEMENT_3D('',#74,#75,#76);
#74 = CARTESIAN_POINT('',(309.55228452204,15.,-0.771176027115));
#75 = DIRECTION('',(-0.,1.,-0.));
#76 = DIRECTION('',(-1.,0.,0.));
#77 = DEFINITIONAL_REPRESENTATION('',(#78),#82);
#78 = LINE('',#79,#80);
#79 = CARTESIAN_POINT('',(253.55228452204,14.771176027115));
#80 = VECTOR('',#81,1.);
#81 = DIRECTION('',(-1.,0.));
#82 = ( GEOMETRIC_REPRESENTATION_CONTEXT(2) 
PARAMETRIC_REPRESENTATION_CONTEXT() REPRESENTATION_CONTEXT('2D SPACE',''
  ) );
#83 = ORIENTED_EDGE('',*,*,#84,.F.);
#84 = EDGE_CURVE('',#85,#57,#87,.T.);
#85 = VERTEX_POINT('',#86);
#86 = CARTESIAN_POINT('',(550.5053,-15.,14.));
#87 = SURFACE_CURVE('',#88,(#92,#99),.PCURVE_S1.);
#88 = LINE('',#89,#90);
#89 = CARTESIAN_POINT('',(550.5053,-15.,14.));
#90 = VECTOR('',#91,1.);
#91 = DIRECTION('',(0.,1.,0.));
#92 = PCURVE('',#32,#93);
#93 = DEFINITIONAL_REPRESENTATION('',(#94),#98);
#94 = LINE('',#95,#96);
#95 = CARTESIAN_POINT('',(494.5053,15.));
#96 = VECTOR('',#97,1.);
#97 = DIRECTION('',(0.,-1.));
#98 = ( GEOMETRIC_REPRESENTATION_CONTEXT(2) 
PARAMETRIC_REPRESENTATION_CONTEXT() REPRESENTATION_CONTEXT('2D SPACE',''
  ) );
#99 = PCURVE('',#100,#105);
#100 = PLANE('',#101);
#101 = AXIS2_PLACEMENT_3D('',#102,#103,#104);
#102 = CARTESIAN_POINT('',(550.5053,0.,14.));
#103 = DIRECTION('',(-1.,0.,0.));
#104 = DIRECTION('',(0.,0.,-1.));
#105 = DEFINITIONAL_REPRESENTATION('',(#106),#110);
#106 = LINE('',#107,#108);
#107 = CARTESIAN_POINT('',(0.,15.));
#108 = VECTOR('',#109,1.);
#109 = DIRECTION('',(0.,-1.));
#110 = ( GEOMETRIC_REPRESENTATION_CONTEXT(2) 
PARAMETRIC_REPRESENTATION_CONTEXT() REPRESENTATION_CONTEXT('2D SPACE',''
  ) );
#111 = ORIENTED_EDGE('',*,*,#112,.F.);
#112 = EDGE_CURVE('',#24,#85,#113,.T.);
#113 = SURFACE_CURVE('',#114,(#118,#125),.PCURVE_S1.);
#114 = LINE('',#115,#116);
#115 = CARTESIAN_POINT('',(56.,-15.,14.));
#116 = VECTOR('',#117,1.);
#117 = DIRECTION('',(1.,0.,0.));
#118 = PCURVE('',#32,#119);
#119 = DEFINITIONAL_REPRESENTATION('',(#120),#124);
#120 = LINE('',#121,#122);
#121 = CARTESIAN_POINT('',(0.,15.));
#122 = VECTOR('',#123,1.);
#123 = DIRECTION('',(1.,0.));
#124 = ( GEOMETRIC_REPRESENTATION_CONTEXT(2) 
PARAMETRIC_REPRESENTATION_CONTEXT() REPRESENTATION_CONTEXT('2D SPACE',''
  ) );
#125 = PCURVE('',#126,#131);
#126 = PLANE('',#127);
#127 = AXIS2_PLACEMENT_3D('',#128,#129,#130);
#128 = CARTESIAN_POINT('',(309.55228452204,-15.,-0.771176027115));
#129 = DIRECTION('',(-0.,1.,-0.));
#130 = DIRECTION('',(-1.,0.,0.));
#131 = DEFINITIONAL_REPRESENTATION('',(#132),#136);
#132 = LINE('',#133,#134);
#133 = CARTESIAN_POINT('',(253.55228452204,14.771176027115));
#134 = VECTOR('',#135,1.);
#135 = DIRECTION('',(-1.,0.));
#136 = ( GEOMETRIC_REPRESENTATION_CONTEXT(2) 
PARAMETRIC_REPRESENTATION_CONTEXT() REPRESENTATION_CONTEXT('2D SPACE',''
  ) );
#137 = ADVANCED_FACE('',(#138),#44,.F.);
#138 = FACE_BOUND('',#139,.F.);
#139 = EDGE_LOOP('',(#140,#170,#191,#192,#215,#238));
#140 = ORIENTED_EDGE('',*,*,#141,.F.);
#141 = EDGE_CURVE('',#142,#144,#146,.T.);
#142 = VERTEX_POINT('',#143);
#143 = CARTESIAN_POINT('',(56.,15.,-1.830137959277));
#144 = VERTEX_POINT('',#145);
#145 = CARTESIAN_POINT('',(56.,12.264199731332,-1.830137959278));
#146 = SURFACE_CURVE('',#147,(#151,#158),.PCURVE_S1.);
#147 = LINE('',#148,#149);
#148 = CARTESIAN_POINT('',(56.,15.,-1.830137959277));
#149 = VECTOR('',#150,1.);
#150 = DIRECTION('',(0.,-1.,0.));
#151 = PCURVE('',#44,#152);
#152 = DEFINITIONAL_REPRESENTATION('',(#153),#157);
#153 = LINE('',#154,#155);
#154 = CARTESIAN_POINT('',(0.,-15.));
#155 = VECTOR('',#156,1.);
#156 = DIRECTION('',(0.,1.));
#157 = ( GEOMETRIC_REPRESENTATION_CONTEXT(2) 
PARAMETRIC_REPRESENTATION_CONTEXT() REPRESENTATION_CONTEXT('2D SPACE',''
  ) );
#158 = PCURVE('',#159,#164);
#159 = PLANE('',#160);
#160 = AXIS2_PLACEMENT_3D('',#161,#162,#163);
#161 = CARTESIAN_POINT('',(550.5053,0.,-28.53406756391));
#162 = DIRECTION('',(5.392273520669E-02,0.,0.998545110963));
#163 = DIRECTION('',(-0.998545110963,0.,5.392273520669E-02));
#164 = DEFINITIONAL_REPRESENTATION('',(#165),#169);
#165 = LINE('',#166,#167);
#166 = CARTESIAN_POINT('',(495.22579858527,-15.));
#167 = VECTOR('',#168,1.);
#168 = DIRECTION('',(0.,1.));
#169 = ( GEOMETRIC_REPRESENTATION_CONTEXT(2) 
PARAMETRIC_REPRESENTATION_CONTEXT() REPRESENTATION_CONTEXT('2D SPACE',''
  ) );
#170 = ORIENTED_EDGE('',*,*,#171,.T.);
#171 = EDGE_CURVE('',#142,#22,#172,.T.);
#172 = SURFACE_CURVE('',#173,(#177,#184),.PCURVE_S1.);
#173 = LINE('',#174,#175);
#174 = CARTESIAN_POINT('',(56.,15.,-1.830137959277));
#175 = VECTOR('',#176,1.);
#176 = DIRECTION('',(0.,0.,1.));
#177 = PCURVE('',#44,#178);
#178 = DEFINITIONAL_REPRESENTATION('',(#179),#183);
#179 = LINE('',#180,#181);
#180 = CARTESIAN_POINT('',(0.,-15.));
#181 = VECTOR('',#182,1.);
#182 = DIRECTION('',(1.,0.));
#183 = ( GEOMETRIC_REPRESENTATION_CONTEXT(2) 
PARAMETRIC_REPRESENTATION_CONTEXT() REPRESENTATION_CONTEXT('2D SPACE',''
  ) );
#184 = PCURVE('',#72,#185);
#185 = DEFINITIONAL_REPRESENTATION('',(#186),#190);
#186 = LINE('',#187,#188);
#187 = CARTESIAN_POINT('',(253.55228452204,-1.058961932163));
#188 = VECTOR('',#189,1.);
#189 = DIRECTION('',(0.,1.));
#190 = ( GEOMETRIC_REPRESENTATION_CONTEXT(2) 
PARAMETRIC_REPRESENTATION_CONTEXT() REPRESENTATION_CONTEXT('2D SPACE',''
  ) );
#191 = ORIENTED_EDGE('',*,*,#21,.T.);
#192 = ORIENTED_EDGE('',*,*,#193,.F.);
#193 = EDGE_CURVE('',#194,#24,#196,.T.);
#194 = VERTEX_POINT('',#195);
#195 = CARTESIAN_POINT('',(56.,-15.,-1.830137959277));
#196 = SURFACE_CURVE('',#197,(#201,#208),.PCURVE_S1.);
#197 = LINE('',#198,#199);
#198 = CARTESIAN_POINT('',(56.,-15.,-1.830137959277));
#199 = VECTOR('',#200,1.);
#200 = DIRECTION('',(0.,0.,1.));
#201 = PCURVE('',#44,#202);
#202 = DEFINITIONAL_REPRESENTATION('',(#203),#207);
#203 = LINE('',#204,#205);
#204 = CARTESIAN_POINT('',(0.,15.));
#205 = VECTOR('',#206,1.);
#206 = DIRECTION('',(1.,0.));
#207 = ( GEOMETRIC_REPRESENTATION_CONTEXT(2) 
PARAMETRIC_REPRESENTATION_CONTEXT() REPRESENTATION_CONTEXT('2D SPACE',''
  ) );
#208 = PCURVE('',#126,#209);
#209 = DEFINITIONAL_REPRESENTATION('',(#210),#214);
#210 = LINE('',#211,#212);
#211 = CARTESIAN_POINT('',(253.55228452204,-1.058961932163));
#212 = VECTOR('',#213,1.);
#213 = DIRECTION('',(0.,1.));
#214 = ( GEOMETRIC_REPRESENTATION_CONTEXT(2) 
PARAMETRIC_REPRESENTATION_CONTEXT() REPRESENTATION_CONTEXT('2D SPACE',''
  ) );
#215 = ORIENTED_EDGE('',*,*,#216,.F.);
#216 = EDGE_CURVE('',#217,#194,#219,.T.);
#217 = VERTEX_POINT('',#218);
#218 = CARTESIAN_POINT('',(56.,-12.26419973133,-1.830137959278));
#219 = SURFACE_CURVE('',#220,(#224,#231),.PCURVE_S1.);
#220 = LINE('',#221,#222);
#221 = CARTESIAN_POINT('',(56.,15.,-1.830137959277));
#222 = VECTOR('',#223,1.);
#223 = DIRECTION('',(0.,-1.,0.));
#224 = PCURVE('',#44,#225);
#225 = DEFINITIONAL_REPRESENTATION('',(#226),#230);
#226 = LINE('',#227,#228);
#227 = CARTESIAN_POINT('',(0.,-15.));
#228 = VECTOR('',#229,1.);
#229 = DIRECTION('',(0.,1.));
#230 = ( GEOMETRIC_REPRESENTATION_CONTEXT(2) 
PARAMETRIC_REPRESENTATION_CONTEXT() REPRESENTATION_CONTEXT('2D SPACE',''
  ) );
#231 = PCURVE('',#159,#232);
#232 = DEFINITIONAL_REPRESENTATION('',(#233),#237);
#233 = LINE('',#234,#235);
#234 = CARTESIAN_POINT('',(495.22579858527,-15.));
#235 = VECTOR('',#236,1.);
#236 = DIRECTION('',(0.,1.));
#237 = ( GEOMETRIC_REPRESENTATION_CONTEXT(2) 
PARAMETRIC_REPRESENTATION_CONTEXT() REPRESENTATION_CONTEXT('2D SPACE',''
  ) );
#238 = ORIENTED_EDGE('',*,*,#239,.F.);
#239 = EDGE_CURVE('',#144,#217,#240,.T.);
#240 = SURFACE_CURVE('',#241,(#246,#253),.PCURVE_S1.);
#241 = CIRCLE('',#242,12.4);
#242 = AXIS2_PLACEMENT_3D('',#243,#244,#245);
#243 = CARTESIAN_POINT('',(56.,0.,6.217248937901E-15));
#244 = DIRECTION('',(1.,-0.,2.22044604925E-16));
#245 = DIRECTION('',(2.22044604925E-16,0.,-1.));
#246 = PCURVE('',#44,#247);
#247 = DEFINITIONAL_REPRESENTATION('',(#248),#252);
#248 = CIRCLE('',#249,12.4);
#249 = AXIS2_PLACEMENT_2D('',#250,#251);
#250 = CARTESIAN_POINT('',(1.830137959277,0.));
#251 = DIRECTION('',(-1.,-0.));
#252 = ( GEOMETRIC_REPRESENTATION_CONTEXT(2) 
PARAMETRIC_REPRESENTATION_CONTEXT() REPRESENTATION_CONTEXT('2D SPACE',''
  ) );
#253 = PCURVE('',#254,#259);
#254 = CYLINDRICAL_SURFACE('',#255,12.4);
#255 = AXIS2_PLACEMENT_3D('',#256,#257,#258);
#256 = CARTESIAN_POINT('',(0.,0.,-6.217248937901E-15));
#257 = DIRECTION('',(1.,0.,2.22044604925E-16));
#258 = DIRECTION('',(2.22044604925E-16,0.,-1.));
#259 = DEFINITIONAL_REPRESENTATION('',(#260),#264);
#260 = LINE('',#261,#262);
#261 = CARTESIAN_POINT('',(0.,56.));
#262 = VECTOR('',#263,1.);
#263 = DIRECTION('',(1.,0.));
#264 = ( GEOMETRIC_REPRESENTATION_CONTEXT(2) 
PARAMETRIC_REPRESENTATION_CONTEXT() REPRESENTATION_CONTEXT('2D SPACE',''
  ) );
#265 = ADVANCED_FACE('',(#266),#72,.T.);
#266 = FACE_BOUND('',#267,.T.);
#267 = EDGE_LOOP('',(#268,#269,#292,#313));
#268 = ORIENTED_EDGE('',*,*,#56,.T.);
#269 = ORIENTED_EDGE('',*,*,#270,.T.);
#270 = EDGE_CURVE('',#57,#271,#273,.T.);
#271 = VERTEX_POINT('',#272);
#272 = CARTESIAN_POINT('',(550.5053,15.,-28.53406756391));
#273 = SURFACE_CURVE('',#274,(#278,#285),.PCURVE_S1.);
#274 = LINE('',#275,#276);
#275 = CARTESIAN_POINT('',(550.5053,15.,14.));
#276 = VECTOR('',#277,1.);
#277 = DIRECTION('',(0.,0.,-1.));
#278 = PCURVE('',#72,#279);
#279 = DEFINITIONAL_REPRESENTATION('',(#280),#284);
#280 = LINE('',#281,#282);
#281 = CARTESIAN_POINT('',(-240.9530154779,14.771176027115));
#282 = VECTOR('',#283,1.);
#283 = DIRECTION('',(0.,-1.));
#284 = ( GEOMETRIC_REPRESENTATION_CONTEXT(2) 
PARAMETRIC_REPRESENTATION_CONTEXT() REPRESENTATION_CONTEXT('2D SPACE',''
  ) );
#285 = PCURVE('',#100,#286);
#286 = DEFINITIONAL_REPRESENTATION('',(#287),#291);
#287 = LINE('',#288,#289);
#288 = CARTESIAN_POINT('',(0.,-15.));
#289 = VECTOR('',#290,1.);
#290 = DIRECTION('',(1.,0.));
#291 = ( GEOMETRIC_REPRESENTATION_CONTEXT(2) 
PARAMETRIC_REPRESENTATION_CONTEXT() REPRESENTATION_CONTEXT('2D SPACE',''
  ) );
#292 = ORIENTED_EDGE('',*,*,#293,.T.);
#293 = EDGE_CURVE('',#271,#142,#294,.T.);
#294 = SURFACE_CURVE('',#295,(#299,#306),.PCURVE_S1.);
#295 = LINE('',#296,#297);
#296 = CARTESIAN_POINT('',(550.5053,15.,-28.53406756391));
#297 = VECTOR('',#298,1.);
#298 = DIRECTION('',(-0.998545110963,0.,5.392273520669E-02));
#299 = PCURVE('',#72,#300);
#300 = DEFINITIONAL_REPRESENTATION('',(#301),#305);
#301 = LINE('',#302,#303);
#302 = CARTESIAN_POINT('',(-240.9530154779,-27.76289153679));
#303 = VECTOR('',#304,1.);
#304 = DIRECTION('',(0.998545110963,5.392273520669E-02));
#305 = ( GEOMETRIC_REPRESENTATION_CONTEXT(2) 
PARAMETRIC_REPRESENTATION_CONTEXT() REPRESENTATION_CONTEXT('2D SPACE',''
  ) );
#306 = PCURVE('',#159,#307);
#307 = DEFINITIONAL_REPRESENTATION('',(#308),#312);
#308 = LINE('',#309,#310);
#309 = CARTESIAN_POINT('',(0.,-15.));
#310 = VECTOR('',#311,1.);
#311 = DIRECTION('',(1.,0.));
#312 = ( GEOMETRIC_REPRESENTATION_CONTEXT(2) 
PARAMETRIC_REPRESENTATION_CONTEXT() REPRESENTATION_CONTEXT('2D SPACE',''
  ) );
#313 = ORIENTED_EDGE('',*,*,#171,.T.);
#314 = ADVANCED_FACE('',(#315,#363),#100,.F.);
#315 = FACE_BOUND('',#316,.F.);
#316 = EDGE_LOOP('',(#317,#318,#341,#362));
#317 = ORIENTED_EDGE('',*,*,#270,.T.);
#318 = ORIENTED_EDGE('',*,*,#319,.F.);
#319 = EDGE_CURVE('',#320,#271,#322,.T.);
#320 = VERTEX_POINT('',#321);
#321 = CARTESIAN_POINT('',(550.5053,-15.,-28.53406756391));
#322 = SURFACE_CURVE('',#323,(#327,#334),.PCURVE_S1.);
#323 = LINE('',#324,#325);
#324 = CARTESIAN_POINT('',(550.5053,-15.,-28.53406756391));
#325 = VECTOR('',#326,1.);
#326 = DIRECTION('',(0.,1.,0.));
#327 = PCURVE('',#100,#328);
#328 = DEFINITIONAL_REPRESENTATION('',(#329),#333);
#329 = LINE('',#330,#331);
#330 = CARTESIAN_POINT('',(42.534067563911,15.));
#331 = VECTOR('',#332,1.);
#332 = DIRECTION('',(0.,-1.));
#333 = ( GEOMETRIC_REPRESENTATION_CONTEXT(2) 
PARAMETRIC_REPRESENTATION_CONTEXT() REPRESENTATION_CONTEXT('2D SPACE',''
  ) );
#334 = PCURVE('',#159,#335);
#335 = DEFINITIONAL_REPRESENTATION('',(#336),#340);
#336 = LINE('',#337,#338);
#337 = CARTESIAN_POINT('',(0.,15.));
#338 = VECTOR('',#339,1.);
#339 = DIRECTION('',(0.,-1.));
#340 = ( GEOMETRIC_REPRESENTATION_CONTEXT(2) 
PARAMETRIC_REPRESENTATION_CONTEXT() REPRESENTATION_CONTEXT('2D SPACE',''
  ) );
#341 = ORIENTED_EDGE('',*,*,#342,.F.);
#342 = EDGE_CURVE('',#85,#320,#343,.T.);
#343 = SURFACE_CURVE('',#344,(#348,#355),.PCURVE_S1.);
#344 = LINE('',#345,#346);
#345 = CARTESIAN_POINT('',(550.5053,-15.,14.));
#346 = VECTOR('',#347,1.);
#347 = DIRECTION('',(0.,0.,-1.));
#348 = PCURVE('',#100,#349);
#349 = DEFINITIONAL_REPRESENTATION('',(#350),#354);
#350 = LINE('',#351,#352);
#351 = CARTESIAN_POINT('',(0.,15.));
#352 = VECTOR('',#353,1.);
#353 = DIRECTION('',(1.,0.));
#354 = ( GEOMETRIC_REPRESENTATION_CONTEXT(2) 
PARAMETRIC_REPRESENTATION_CONTEXT() REPRESENTATION_CONTEXT('2D SPACE',''
  ) );
#355 = PCURVE('',#126,#356);
#356 = DEFINITIONAL_REPRESENTATION('',(#357),#361);
#357 = LINE('',#358,#359);
#358 = CARTESIAN_POINT('',(-240.9530154779,14.771176027115));
#359 = VECTOR('',#360,1.);
#360 = DIRECTION('',(0.,-1.));
#361 = ( GEOMETRIC_REPRESENTATION_CONTEXT(2) 
PARAMETRIC_REPRESENTATION_CONTEXT() REPRESENTATION_CONTEXT('2D SPACE',''
  ) );
#362 = ORIENTED_EDGE('',*,*,#84,.T.);
#363 = FACE_BOUND('',#364,.F.);
#364 = EDGE_LOOP('',(#365));
#365 = ORIENTED_EDGE('',*,*,#366,.T.);
#366 = EDGE_CURVE('',#367,#367,#369,.T.);
#367 = VERTEX_POINT('',#368);
#368 = CARTESIAN_POINT('',(550.5053,-1.714505518806E-15,-7.));
#369 = SURFACE_CURVE('',#370,(#375,#386),.PCURVE_S1.);
#370 = CIRCLE('',#371,7.);
#371 = AXIS2_PLACEMENT_3D('',#372,#373,#374);
#372 = CARTESIAN_POINT('',(550.5053,0.,5.97446120354E-15));
#373 = DIRECTION('',(1.,-0.,2.22044604925E-16));
#374 = DIRECTION('',(2.22044604925E-16,0.,-1.));
#375 = PCURVE('',#100,#376);
#376 = DEFINITIONAL_REPRESENTATION('',(#377),#385);
#377 = ( BOUNDED_CURVE() B_SPLINE_CURVE(2,(#378,#379,#380,#381,#382,#383
,#384),.UNSPECIFIED.,.T.,.F.) B_SPLINE_CURVE_WITH_KNOTS((1,2,2,2,2,1),(
    -2.094395102393,0.,2.094395102393,4.188790204786,6.28318530718,
8.377580409573),.UNSPECIFIED.) CURVE() GEOMETRIC_REPRESENTATION_ITEM() 
RATIONAL_B_SPLINE_CURVE((1.,0.5,1.,0.5,1.,0.5,1.)) REPRESENTATION_ITEM(
  '') );
#378 = CARTESIAN_POINT('',(21.,0.));
#379 = CARTESIAN_POINT('',(21.,-12.12435565298));
#380 = CARTESIAN_POINT('',(10.5,-6.062177826491));
#381 = CARTESIAN_POINT('',(-1.7763568394E-15,-1.714505518806E-15));
#382 = CARTESIAN_POINT('',(10.5,6.062177826491));
#383 = CARTESIAN_POINT('',(21.,12.124355652982));
#384 = CARTESIAN_POINT('',(21.,0.));
#385 = ( GEOMETRIC_REPRESENTATION_CONTEXT(2) 
PARAMETRIC_REPRESENTATION_CONTEXT() REPRESENTATION_CONTEXT('2D SPACE',''
  ) );
#386 = PCURVE('',#387,#392);
#387 = CONICAL_SURFACE('',#388,7.5,9.291139735022E-03);
#388 = AXIS2_PLACEMENT_3D('',#389,#390,#391);
#389 = CARTESIAN_POINT('',(496.6921375,0.,-5.97446120354E-15));
#390 = DIRECTION('',(-1.,-0.,-2.22044604925E-16));
#391 = DIRECTION('',(2.22044604925E-16,0.,-1.));
#392 = DEFINITIONAL_REPRESENTATION('',(#393),#397);
#393 = LINE('',#394,#395);
#394 = CARTESIAN_POINT('',(-0.,-53.8131625));
#395 = VECTOR('',#396,1.);
#396 = DIRECTION('',(-1.,-0.));
#397 = ( GEOMETRIC_REPRESENTATION_CONTEXT(2) 
PARAMETRIC_REPRESENTATION_CONTEXT() REPRESENTATION_CONTEXT('2D SPACE',''
  ) );
#398 = ADVANCED_FACE('',(#399),#126,.F.);
#399 = FACE_BOUND('',#400,.F.);
#400 = EDGE_LOOP('',(#401,#402,#403,#424));
#401 = ORIENTED_EDGE('',*,*,#112,.T.);
#402 = ORIENTED_EDGE('',*,*,#342,.T.);
#403 = ORIENTED_EDGE('',*,*,#404,.T.);
#404 = EDGE_CURVE('',#320,#194,#405,.T.);
#405 = SURFACE_CURVE('',#406,(#410,#417),.PCURVE_S1.);
#406 = LINE('',#407,#408);
#407 = CARTESIAN_POINT('',(550.5053,-15.,-28.53406756391));
#408 = VECTOR('',#409,1.);
#409 = DIRECTION('',(-0.998545110963,0.,5.392273520669E-02));
#410 = PCURVE('',#126,#411);
#411 = DEFINITIONAL_REPRESENTATION('',(#412),#416);
#412 = LINE('',#413,#414);
#413 = CARTESIAN_POINT('',(-240.9530154779,-27.76289153679));
#414 = VECTOR('',#415,1.);
#415 = DIRECTION('',(0.998545110963,5.392273520669E-02));
#416 = ( GEOMETRIC_REPRESENTATION_CONTEXT(2) 
PARAMETRIC_REPRESENTATION_CONTEXT() REPRESENTATION_CONTEXT('2D SPACE',''
  ) );
#417 = PCURVE('',#159,#418);
#418 = DEFINITIONAL_REPRESENTATION('',(#419),#423);
#419 = LINE('',#420,#421);
#420 = CARTESIAN_POINT('',(0.,15.));
#421 = VECTOR('',#422,1.);
#422 = DIRECTION('',(1.,0.));
#423 = ( GEOMETRIC_REPRESENTATION_CONTEXT(2) 
PARAMETRIC_REPRESENTATION_CONTEXT() REPRESENTATION_CONTEXT('2D SPACE',''
  ) );
#424 = ORIENTED_EDGE('',*,*,#193,.T.);
#425 = ADVANCED_FACE('',(#426,#669,#739,#832,#925,#995,#1063),#159,.F.);
#426 = FACE_BOUND('',#427,.F.);
#427 = EDGE_LOOP('',(#428,#429,#430,#431,#459,#493,#526,#560,#589,#617,
    #646,#667,#668));
#428 = ORIENTED_EDGE('',*,*,#319,.T.);
#429 = ORIENTED_EDGE('',*,*,#293,.T.);
#430 = ORIENTED_EDGE('',*,*,#141,.T.);
#431 = ORIENTED_EDGE('',*,*,#432,.T.);
#432 = EDGE_CURVE('',#144,#433,#435,.T.);
#433 = VERTEX_POINT('',#434);
#434 = CARTESIAN_POINT('',(56.,10.846685901694,-1.830137959277));
#435 = SURFACE_CURVE('',#436,(#440,#447),.PCURVE_S1.);
#436 = LINE('',#437,#438);
#437 = CARTESIAN_POINT('',(56.,15.,-1.830137959277));
#438 = VECTOR('',#439,1.);
#439 = DIRECTION('',(0.,-1.,0.));
#440 = PCURVE('',#159,#441);
#441 = DEFINITIONAL_REPRESENTATION('',(#442),#446);
#442 = LINE('',#443,#444);
#443 = CARTESIAN_POINT('',(495.22579858527,-15.));
#444 = VECTOR('',#445,1.);
#445 = DIRECTION('',(0.,1.));
#446 = ( GEOMETRIC_REPRESENTATION_CONTEXT(2) 
PARAMETRIC_REPRESENTATION_CONTEXT() REPRESENTATION_CONTEXT('2D SPACE',''
  ) );
#447 = PCURVE('',#448,#453);
#448 = PLANE('',#449);
#449 = AXIS2_PLACEMENT_3D('',#450,#451,#452);
#450 = CARTESIAN_POINT('',(56.,0.,6.217248937901E-15));
#451 = DIRECTION('',(1.,0.,2.22044604925E-16));
#452 = DIRECTION('',(2.22044604925E-16,0.,-1.));
#453 = DEFINITIONAL_REPRESENTATION('',(#454),#458);
#454 = LINE('',#455,#456);
#455 = CARTESIAN_POINT('',(1.830137959277,15.));
#456 = VECTOR('',#457,1.);
#457 = DIRECTION('',(0.,-1.));
#458 = ( GEOMETRIC_REPRESENTATION_CONTEXT(2) 
PARAMETRIC_REPRESENTATION_CONTEXT() REPRESENTATION_CONTEXT('2D SPACE',''
  ) );
#459 = ORIENTED_EDGE('',*,*,#460,.F.);
#460 = EDGE_CURVE('',#461,#433,#463,.T.);
#461 = VERTEX_POINT('',#462);
#462 = CARTESIAN_POINT('',(120.,9.646546796949,-5.286221230168));
#463 = SURFACE_CURVE('',#464,(#469,#476),.PCURVE_S1.);
#464 = ELLIPSE('',#465,203.99558660807,11.);
#465 = AXIS2_PLACEMENT_3D('',#466,#467,#468);
#466 = CARTESIAN_POINT('',(22.109372890318,0.,-8.413409326931E-15));
#467 = DIRECTION('',(5.392273520669E-02,0.,0.998545110963));
#468 = DIRECTION('',(0.998545110963,0.,-5.392273520669E-02));
#469 = PCURVE('',#159,#470);
#470 = DEFINITIONAL_REPRESENTATION('',(#471),#475);
#471 = ELLIPSE('',#472,203.99558660807,11.);
#472 = AXIS2_PLACEMENT_2D('',#473,#474);
#473 = CARTESIAN_POINT('',(529.16580463767,0.));
#474 = DIRECTION('',(-1.,0.));
#475 = ( GEOMETRIC_REPRESENTATION_CONTEXT(2) 
PARAMETRIC_REPRESENTATION_CONTEXT() REPRESENTATION_CONTEXT('2D SPACE',''
  ) );
#476 = PCURVE('',#477,#482);
#477 = CYLINDRICAL_SURFACE('',#478,11.);
#478 = AXIS2_PLACEMENT_3D('',#479,#480,#481);
#479 = CARTESIAN_POINT('',(0.,0.,-1.33226762955E-14));
#480 = DIRECTION('',(1.,0.,2.22044604925E-16));
#481 = DIRECTION('',(2.22044604925E-16,0.,-1.));
#482 = DEFINITIONAL_REPRESENTATION('',(#483),#492);
#483 = B_SPLINE_CURVE_WITH_KNOTS('',7,(#484,#485,#486,#487,#488,#489,
    #490,#491),.UNSPECIFIED.,.F.,.F.,(8,8),(1.069496807062,
    1.647257626311),.PIECEWISE_BEZIER_KNOTS.);
#484 = CARTESIAN_POINT('',(1.069496807062,120.0000006));
#485 = CARTESIAN_POINT('',(1.152034066955,105.25591995285));
#486 = CARTESIAN_POINT('',(1.234571326848,89.733824235927));
#487 = CARTESIAN_POINT('',(1.31710858674,73.597769824031));
#488 = CARTESIAN_POINT('',(1.399645846634,57.024797499507));
#489 = CARTESIAN_POINT('',(1.482183106526,40.200372884367));
#490 = CARTESIAN_POINT('',(1.564720366419,23.313087959749));
#491 = CARTESIAN_POINT('',(1.647257626311,6.54947));
#492 = ( GEOMETRIC_REPRESENTATION_CONTEXT(2) 
PARAMETRIC_REPRESENTATION_CONTEXT() REPRESENTATION_CONTEXT('2D SPACE',''
  ) );
#493 = ORIENTED_EDGE('',*,*,#494,.F.);
#494 = EDGE_CURVE('',#495,#461,#497,.T.);
#495 = VERTEX_POINT('',#496);
#496 = CARTESIAN_POINT('',(173.8131625,6.567939253115,-8.192202021886));
#497 = SURFACE_CURVE('',#498,(#503,#510),.PCURVE_S1.);
#498 = ELLIPSE('',#499,227.60105099518,12.089841645073);
#499 = AXIS2_PLACEMENT_3D('',#500,#501,#502);
#500 = CARTESIAN_POINT('',(-16.99445005458,0.,2.111657317308));
#501 = DIRECTION('',(5.392273520669E-02,0.,0.998545110963));
#502 = DIRECTION('',(-0.998545110963,-0.,5.392273520669E-02));
#503 = PCURVE('',#159,#504);
#504 = DEFINITIONAL_REPRESENTATION('',(#505),#509);
#505 = ELLIPSE('',#506,227.60105099518,12.089841645073);
#506 = AXIS2_PLACEMENT_2D('',#507,#508);
#507 = CARTESIAN_POINT('',(568.32660219763,0.));
#508 = DIRECTION('',(1.,0.));
#509 = ( GEOMETRIC_REPRESENTATION_CONTEXT(2) 
PARAMETRIC_REPRESENTATION_CONTEXT() REPRESENTATION_CONTEXT('2D SPACE',''
  ) );
#510 = PCURVE('',#511,#516);
#511 = CONICAL_SURFACE('',#512,11.,9.291139735022E-03);
#512 = AXIS2_PLACEMENT_3D('',#513,#514,#515);
#513 = CARTESIAN_POINT('',(120.,0.,-5.97446120354E-15));
#514 = DIRECTION('',(-1.,-0.,-2.22044604925E-16));
#515 = DIRECTION('',(2.22044604925E-16,0.,-1.));
#516 = DEFINITIONAL_REPRESENTATION('',(#517),#525);
#517 = B_SPLINE_CURVE_WITH_KNOTS('',6,(#518,#519,#520,#521,#522,#523,
    #524),.UNSPECIFIED.,.F.,.F.,(7,7),(3.715909042782,4.065404521263),
  .PIECEWISE_BEZIER_KNOTS.);
#518 = CARTESIAN_POINT('',(-0.675795311318,-53.8131625));
#519 = CARTESIAN_POINT('',(-0.742864279421,-46.62130988186));
#520 = CARTESIAN_POINT('',(-0.80942105259,-38.65257089086));
#521 = CARTESIAN_POINT('',(-0.87540624382,-29.95086791241));
#522 = CARTESIAN_POINT('',(-0.940770608643,-20.56803488855));
#523 = CARTESIAN_POINT('',(-1.005476431777,-10.56290872432));
#524 = CARTESIAN_POINT('',(-1.069496810421,-4.262888398357E-14));
#525 = ( GEOMETRIC_REPRESENTATION_CONTEXT(2) 
PARAMETRIC_REPRESENTATION_CONTEXT() REPRESENTATION_CONTEXT('2D SPACE',''
  ) );
#526 = ORIENTED_EDGE('',*,*,#527,.F.);
#527 = EDGE_CURVE('',#528,#495,#530,.T.);
#528 = VERTEX_POINT('',#529);
#529 = CARTESIAN_POINT('',(210.27546666666,-2.488779612744E-15,
    -10.16121388826));
#530 = SURFACE_CURVE('',#531,(#536,#543),.PCURVE_S1.);
#531 = ELLIPSE('',#532,227.60105099518,12.089841645073);
#532 = AXIS2_PLACEMENT_3D('',#533,#534,#535);
#533 = CARTESIAN_POINT('',(-16.99445005458,0.,2.111657317308));
#534 = DIRECTION('',(5.392273520669E-02,0.,0.998545110963));
#535 = DIRECTION('',(-0.998545110963,-0.,5.392273520669E-02));
#536 = PCURVE('',#159,#537);
#537 = DEFINITIONAL_REPRESENTATION('',(#538),#542);
#538 = ELLIPSE('',#539,227.60105099518,12.089841645073);
#539 = AXIS2_PLACEMENT_2D('',#540,#541);
#540 = CARTESIAN_POINT('',(568.32660219763,0.));
#541 = DIRECTION('',(1.,0.));
#542 = ( GEOMETRIC_REPRESENTATION_CONTEXT(2) 
PARAMETRIC_REPRESENTATION_CONTEXT() REPRESENTATION_CONTEXT('2D SPACE',''
  ) );
#543 = PCURVE('',#544,#549);
#544 = CONICAL_SURFACE('',#545,10.5,9.291139735022E-03);
#545 = AXIS2_PLACEMENT_3D('',#546,#547,#548);
#546 = CARTESIAN_POINT('',(173.8131625,0.,-5.97446120354E-15));
#547 = DIRECTION('',(-1.,-0.,-2.22044604925E-16));
#548 = DIRECTION('',(2.22044604925E-16,0.,-1.));
#549 = DEFINITIONAL_REPRESENTATION('',(#550),#559);
#550 = B_SPLINE_CURVE_WITH_KNOTS('',7,(#551,#552,#553,#554,#555,#556,
    #557,#558),.UNSPECIFIED.,.F.,.F.,(8,8),(3.14159265359,3.715909042782
    ),.PIECEWISE_BEZIER_KNOTS.);
#551 = CARTESIAN_POINT('',(0.,-36.46230416666));
#552 = CARTESIAN_POINT('',(-9.761761419241E-02,-36.46230416666));
#553 = CARTESIAN_POINT('',(-0.195235225922,-34.67748136324));
#554 = CARTESIAN_POINT('',(-0.292629812581,-31.1078365572));
#555 = CARTESIAN_POINT('',(-0.389578257555,-25.78280182895));
#556 = CARTESIAN_POINT('',(-0.485871479932,-18.76125629787));
#557 = CARTESIAN_POINT('',(-0.581327363025,-10.12986453305));
#558 = CARTESIAN_POINT('',(-0.675795311318,-3.694668312874E-13));
#559 = ( GEOMETRIC_REPRESENTATION_CONTEXT(2) 
PARAMETRIC_REPRESENTATION_CONTEXT() REPRESENTATION_CONTEXT('2D SPACE',''
  ) );
#560 = ORIENTED_EDGE('',*,*,#561,.F.);
#561 = EDGE_CURVE('',#562,#528,#564,.T.);
#562 = VERTEX_POINT('',#563);
#563 = CARTESIAN_POINT('',(173.8131625,-6.567939253115,-8.192202021886)
  );
#564 = SURFACE_CURVE('',#565,(#570,#577),.PCURVE_S1.);
#565 = ELLIPSE('',#566,227.60105099518,12.089841645073);
#566 = AXIS2_PLACEMENT_3D('',#567,#568,#569);
#567 = CARTESIAN_POINT('',(-16.99445005458,0.,2.111657317308));
#568 = DIRECTION('',(5.392273520669E-02,0.,0.998545110963));
#569 = DIRECTION('',(-0.998545110963,-0.,5.392273520669E-02));
#570 = PCURVE('',#159,#571);
#571 = DEFINITIONAL_REPRESENTATION('',(#572),#576);
#572 = ELLIPSE('',#573,227.60105099518,12.089841645073);
#573 = AXIS2_PLACEMENT_2D('',#574,#575);
#574 = CARTESIAN_POINT('',(568.32660219763,0.));
#575 = DIRECTION('',(1.,0.));
#576 = ( GEOMETRIC_REPRESENTATION_CONTEXT(2) 
PARAMETRIC_REPRESENTATION_CONTEXT() REPRESENTATION_CONTEXT('2D SPACE',''
  ) );
#577 = PCURVE('',#544,#578);
#578 = DEFINITIONAL_REPRESENTATION('',(#579),#588);
#579 = B_SPLINE_CURVE_WITH_KNOTS('',7,(#580,#581,#582,#583,#584,#585,
    #586,#587),.UNSPECIFIED.,.F.,.F.,(8,8),(2.567276264398,3.14159265359
    ),.PIECEWISE_BEZIER_KNOTS.);
#580 = CARTESIAN_POINT('',(-5.607389995862,0.));
#581 = CARTESIAN_POINT('',(-5.701857944154,-10.12986453305));
#582 = CARTESIAN_POINT('',(-5.797313827247,-18.76125629788));
#583 = CARTESIAN_POINT('',(-5.893607049627,-25.78280182894));
#584 = CARTESIAN_POINT('',(-5.990555494597,-31.10783655721));
#585 = CARTESIAN_POINT('',(-6.087950081257,-34.67748136323));
#586 = CARTESIAN_POINT('',(-6.185567692987,-36.46230416666));
#587 = CARTESIAN_POINT('',(-6.28318530718,-36.46230416666));
#588 = ( GEOMETRIC_REPRESENTATION_CONTEXT(2) 
PARAMETRIC_REPRESENTATION_CONTEXT() REPRESENTATION_CONTEXT('2D SPACE',''
  ) );
#589 = ORIENTED_EDGE('',*,*,#590,.F.);
#590 = EDGE_CURVE('',#591,#562,#593,.T.);
#591 = VERTEX_POINT('',#592);
#592 = CARTESIAN_POINT('',(120.,-9.646546796949,-5.286221230168));
#593 = SURFACE_CURVE('',#594,(#599,#606),.PCURVE_S1.);
#594 = ELLIPSE('',#595,227.60105099518,12.089841645073);
#595 = AXIS2_PLACEMENT_3D('',#596,#597,#598);
#596 = CARTESIAN_POINT('',(-16.99445005458,0.,2.111657317308));
#597 = DIRECTION('',(5.392273520669E-02,0.,0.998545110963));
#598 = DIRECTION('',(-0.998545110963,-0.,5.392273520669E-02));
#599 = PCURVE('',#159,#600);
#600 = DEFINITIONAL_REPRESENTATION('',(#601),#605);
#601 = ELLIPSE('',#602,227.60105099518,12.089841645073);
#602 = AXIS2_PLACEMENT_2D('',#603,#604);
#603 = CARTESIAN_POINT('',(568.32660219763,0.));
#604 = DIRECTION('',(1.,0.));
#605 = ( GEOMETRIC_REPRESENTATION_CONTEXT(2) 
PARAMETRIC_REPRESENTATION_CONTEXT() REPRESENTATION_CONTEXT('2D SPACE',''
  ) );
#606 = PCURVE('',#511,#607);
#607 = DEFINITIONAL_REPRESENTATION('',(#608),#616);
#608 = B_SPLINE_CURVE_WITH_KNOTS('',6,(#609,#610,#611,#612,#613,#614,
    #615),.UNSPECIFIED.,.F.,.F.,(7,7),(2.217780785917,2.567276264398),
  .PIECEWISE_BEZIER_KNOTS.);
#609 = CARTESIAN_POINT('',(-5.213688496759,1.420962799452E-14));
#610 = CARTESIAN_POINT('',(-5.277708875403,-10.56290872432));
#611 = CARTESIAN_POINT('',(-5.342414698537,-20.56803488855));
#612 = CARTESIAN_POINT('',(-5.407779063359,-29.95086791241));
#613 = CARTESIAN_POINT('',(-5.47376425459,-38.65257089086));
#614 = CARTESIAN_POINT('',(-5.540321027759,-46.62130988186));
#615 = CARTESIAN_POINT('',(-5.607389995862,-53.8131625));
#616 = ( GEOMETRIC_REPRESENTATION_CONTEXT(2) 
PARAMETRIC_REPRESENTATION_CONTEXT() REPRESENTATION_CONTEXT('2D SPACE',''
  ) );
#617 = ORIENTED_EDGE('',*,*,#618,.F.);
#618 = EDGE_CURVE('',#619,#591,#621,.T.);
#619 = VERTEX_POINT('',#620);
#620 = CARTESIAN_POINT('',(56.,-10.84668590169,-1.830137959277));
#621 = SURFACE_CURVE('',#622,(#627,#634),.PCURVE_S1.);
#622 = ELLIPSE('',#623,203.99558660807,11.);
#623 = AXIS2_PLACEMENT_3D('',#624,#625,#626);
#624 = CARTESIAN_POINT('',(22.109372890318,0.,-8.413409326931E-15));
#625 = DIRECTION('',(5.392273520669E-02,0.,0.998545110963));
#626 = DIRECTION('',(0.998545110963,0.,-5.392273520669E-02));
#627 = PCURVE('',#159,#628);
#628 = DEFINITIONAL_REPRESENTATION('',(#629),#633);
#629 = ELLIPSE('',#630,203.99558660807,11.);
#630 = AXIS2_PLACEMENT_2D('',#631,#632);
#631 = CARTESIAN_POINT('',(529.16580463767,0.));
#632 = DIRECTION('',(-1.,0.));
#633 = ( GEOMETRIC_REPRESENTATION_CONTEXT(2) 
PARAMETRIC_REPRESENTATION_CONTEXT() REPRESENTATION_CONTEXT('2D SPACE',''
  ) );
#634 = PCURVE('',#477,#635);
#635 = DEFINITIONAL_REPRESENTATION('',(#636),#645);
#636 = B_SPLINE_CURVE_WITH_KNOTS('',7,(#637,#638,#639,#640,#641,#642,
    #643,#644),.UNSPECIFIED.,.F.,.F.,(8,8),(4.635927680868,
    5.213688500118),.PIECEWISE_BEZIER_KNOTS.);
#637 = CARTESIAN_POINT('',(4.635927680868,6.54947));
#638 = CARTESIAN_POINT('',(4.718464940761,23.313087959749));
#639 = CARTESIAN_POINT('',(4.801002200654,40.200372884372));
#640 = CARTESIAN_POINT('',(4.883539460547,57.024797499515));
#641 = CARTESIAN_POINT('',(4.966076720442,73.597769824039));
#642 = CARTESIAN_POINT('',(5.048613980332,89.733824235922));
#643 = CARTESIAN_POINT('',(5.131151240225,105.25591995285));
#644 = CARTESIAN_POINT('',(5.213688500118,120.0000006));
#645 = ( GEOMETRIC_REPRESENTATION_CONTEXT(2) 
PARAMETRIC_REPRESENTATION_CONTEXT() REPRESENTATION_CONTEXT('2D SPACE',''
  ) );
#646 = ORIENTED_EDGE('',*,*,#647,.T.);
#647 = EDGE_CURVE('',#619,#217,#648,.T.);
#648 = SURFACE_CURVE('',#649,(#653,#660),.PCURVE_S1.);
#649 = LINE('',#650,#651);
#650 = CARTESIAN_POINT('',(56.,15.,-1.830137959277));
#651 = VECTOR('',#652,1.);
#652 = DIRECTION('',(0.,-1.,0.));
#653 = PCURVE('',#159,#654);
#654 = DEFINITIONAL_REPRESENTATION('',(#655),#659);
#655 = LINE('',#656,#657);
#656 = CARTESIAN_POINT('',(495.22579858527,-15.));
#657 = VECTOR('',#658,1.);
#658 = DIRECTION('',(0.,1.));
#659 = ( GEOMETRIC_REPRESENTATION_CONTEXT(2) 
PARAMETRIC_REPRESENTATION_CONTEXT() REPRESENTATION_CONTEXT('2D SPACE',''
  ) );
#660 = PCURVE('',#448,#661);
#661 = DEFINITIONAL_REPRESENTATION('',(#662),#666);
#662 = LINE('',#663,#664);
#663 = CARTESIAN_POINT('',(1.830137959277,15.));
#664 = VECTOR('',#665,1.);
#665 = DIRECTION('',(0.,-1.));
#666 = ( GEOMETRIC_REPRESENTATION_CONTEXT(2) 
PARAMETRIC_REPRESENTATION_CONTEXT() REPRESENTATION_CONTEXT('2D SPACE',''
  ) );
#667 = ORIENTED_EDGE('',*,*,#216,.T.);
#668 = ORIENTED_EDGE('',*,*,#404,.F.);
#669 = FACE_BOUND('',#670,.F.);
#670 = EDGE_LOOP('',(#671,#715));
#671 = ORIENTED_EDGE('',*,*,#672,.F.);
#672 = EDGE_CURVE('',#673,#675,#677,.T.);
#673 = VERTEX_POINT('',#674);
#674 = CARTESIAN_POINT('',(442.71835069341,-5.5,-22.71343205893));
#675 = VERTEX_POINT('',#676);
#676 = CARTESIAN_POINT('',(442.71835069341,5.5,-22.71343205893));
#677 = SURFACE_CURVE('',#678,(#683,#690),.PCURVE_S1.);
#678 = ELLIPSE('',#679,7.05418017579,5.5);
#679 = AXIS2_PLACEMENT_3D('',#680,#681,#682);
#680 = CARTESIAN_POINT('',(442.71835069341,0.,-22.71343205893));
#681 = DIRECTION('',(5.392273520669E-02,0.,0.998545110963));
#682 = DIRECTION('',(-0.998545110963,0.,5.392273520669E-02));
#683 = PCURVE('',#159,#684);
#684 = DEFINITIONAL_REPRESENTATION('',(#685),#689);
#685 = ELLIPSE('',#686,7.05418017579,5.5);
#686 = AXIS2_PLACEMENT_2D('',#687,#688);
#687 = CARTESIAN_POINT('',(107.94399584276,0.));
#688 = DIRECTION('',(1.,0.));
#689 = ( GEOMETRIC_REPRESENTATION_CONTEXT(2) 
PARAMETRIC_REPRESENTATION_CONTEXT() REPRESENTATION_CONTEXT('2D SPACE',''
  ) );
#690 = PCURVE('',#691,#696);
#691 = CYLINDRICAL_SURFACE('',#692,5.5);
#692 = AXIS2_PLACEMENT_3D('',#693,#694,#695);
#693 = CARTESIAN_POINT('',(463.0692,0.,1.7763568394E-15));
#694 = DIRECTION('',(-0.667310165512,0.,-0.744779929243));
#695 = DIRECTION('',(-0.744779929243,0.,0.667310165512));
#696 = DEFINITIONAL_REPRESENTATION('',(#697),#714);
#697 = B_SPLINE_CURVE_WITH_KNOTS('',8,(#698,#699,#700,#701,#702,#703,
    #704,#705,#706,#707,#708,#709,#710,#711,#712,#713),.UNSPECIFIED.,.F.
  ,.F.,(9,7,9),(1.570796190962,3.14159265359,4.712389116218),
  .UNSPECIFIED.);
#698 = CARTESIAN_POINT('',(4.712389116218,30.496837540822));
#699 = CARTESIAN_POINT('',(4.51603955839,29.629526672154));
#700 = CARTESIAN_POINT('',(4.319690000561,28.762215571085));
#701 = CARTESIAN_POINT('',(4.12334044272,27.945858608437));
#702 = CARTESIAN_POINT('',(3.926990884902,27.231399943179));
#703 = CARTESIAN_POINT('',(3.730641327073,26.663530606325));
#704 = CARTESIAN_POINT('',(3.534291769244,26.274283646908));
#705 = CARTESIAN_POINT('',(3.337942211418,26.079659340531));
#706 = CARTESIAN_POINT('',(2.945243095761,26.079659340531));
#707 = CARTESIAN_POINT('',(2.748893537931,26.274283646904));
#708 = CARTESIAN_POINT('',(2.552543980103,26.663530606354));
#709 = CARTESIAN_POINT('',(2.356194422269,27.231399943121));
#710 = CARTESIAN_POINT('',(2.15984486445,27.945858608393));
#711 = CARTESIAN_POINT('',(1.963495306616,28.762215571089));
#712 = CARTESIAN_POINT('',(1.76714574879,29.629526672154));
#713 = CARTESIAN_POINT('',(1.570796190962,30.496837540822));
#714 = ( GEOMETRIC_REPRESENTATION_CONTEXT(2) 
PARAMETRIC_REPRESENTATION_CONTEXT() REPRESENTATION_CONTEXT('2D SPACE',''
  ) );
#715 = ORIENTED_EDGE('',*,*,#716,.F.);
#716 = EDGE_CURVE('',#675,#673,#717,.T.);
#717 = SURFACE_CURVE('',#718,(#722,#728),.PCURVE_S1.);
#718 = LINE('',#719,#720);
#719 = CARTESIAN_POINT('',(442.71835069341,0.,-22.71343205893));
#720 = VECTOR('',#721,1.);
#721 = DIRECTION('',(-0.,-1.,0.));
#722 = PCURVE('',#159,#723);
#723 = DEFINITIONAL_REPRESENTATION('',(#724),#727);
#724 = B_SPLINE_CURVE_WITH_KNOTS('',1,(#725,#726),.UNSPECIFIED.,.F.,.F.,
  (2,2),(-5.5,5.5),.PIECEWISE_BEZIER_KNOTS.);
#725 = CARTESIAN_POINT('',(107.94399584276,-5.5));
#726 = CARTESIAN_POINT('',(107.94399584276,5.5));
#727 = ( GEOMETRIC_REPRESENTATION_CONTEXT(2) 
PARAMETRIC_REPRESENTATION_CONTEXT() REPRESENTATION_CONTEXT('2D SPACE',''
  ) );
#728 = PCURVE('',#729,#734);
#729 = PLANE('',#730);
#730 = AXIS2_PLACEMENT_3D('',#731,#732,#733);
#731 = CARTESIAN_POINT('',(442.71835069341,0.,-22.71343205893));
#732 = DIRECTION('',(-0.667310165512,0.,-0.744779929243));
#733 = DIRECTION('',(-0.744779929243,0.,0.667310165512));
#734 = DEFINITIONAL_REPRESENTATION('',(#735),#738);
#735 = B_SPLINE_CURVE_WITH_KNOTS('',1,(#736,#737),.UNSPECIFIED.,.F.,.F.,
  (2,2),(-5.5,5.5),.PIECEWISE_BEZIER_KNOTS.);
#736 = CARTESIAN_POINT('',(4.23358374771E-14,5.5));
#737 = CARTESIAN_POINT('',(4.23358374771E-14,-5.5));
#738 = ( GEOMETRIC_REPRESENTATION_CONTEXT(2) 
PARAMETRIC_REPRESENTATION_CONTEXT() REPRESENTATION_CONTEXT('2D SPACE',''
  ) );
#739 = FACE_BOUND('',#740,.F.);
#740 = EDGE_LOOP('',(#741,#778,#804));
#741 = ORIENTED_EDGE('',*,*,#742,.F.);
#742 = EDGE_CURVE('',#743,#745,#747,.T.);
#743 = VERTEX_POINT('',#744);
#744 = CARTESIAN_POINT('',(424.14314389251,5.25,-21.71034672333));
#745 = VERTEX_POINT('',#746);
#746 = CARTESIAN_POINT('',(418.01687173612,-1.285879139105E-15,
    -21.37952005595));
#747 = SURFACE_CURVE('',#748,(#753,#760),.PCURVE_S1.);
#748 = ELLIPSE('',#749,6.135198188976,5.25);
#749 = AXIS2_PLACEMENT_3D('',#750,#751,#752);
#750 = CARTESIAN_POINT('',(424.14314389251,0.,-21.71034672333));
#751 = DIRECTION('',(5.392273520669E-02,0.,0.998545110963));
#752 = DIRECTION('',(0.998545110963,0.,-5.392273520669E-02));
#753 = PCURVE('',#159,#754);
#754 = DEFINITIONAL_REPRESENTATION('',(#755),#759);
#755 = ELLIPSE('',#756,6.135198188976,5.25);
#756 = AXIS2_PLACEMENT_2D('',#757,#758);
#757 = CARTESIAN_POINT('',(126.54626688386,0.));
#758 = DIRECTION('',(-1.,0.));
#759 = ( GEOMETRIC_REPRESENTATION_CONTEXT(2) 
PARAMETRIC_REPRESENTATION_CONTEXT() REPRESENTATION_CONTEXT('2D SPACE',''
  ) );
#760 = PCURVE('',#761,#766);
#761 = CYLINDRICAL_SURFACE('',#762,5.25);
#762 = AXIS2_PLACEMENT_3D('',#763,#764,#765);
#763 = CARTESIAN_POINT('',(412.5656,0.,0.));
#764 = DIRECTION('',(0.470546856061,0.,-0.882375008854));
#765 = DIRECTION('',(-0.882375008854,0.,-0.470546856061));
#766 = DEFINITIONAL_REPRESENTATION('',(#767),#777);
#767 = B_SPLINE_CURVE_WITH_KNOTS('',8,(#768,#769,#770,#771,#772,#773,
    #774,#775,#776),.UNSPECIFIED.,.F.,.F.,(9,9),(1.570796137795,
    3.14159265359),.PIECEWISE_BEZIER_KNOTS.);
#768 = CARTESIAN_POINT('',(1.570796515794,24.60444486177));
#769 = CARTESIAN_POINT('',(1.37444695132,23.981111318364));
#770 = CARTESIAN_POINT('',(1.178097386846,23.357777600508));
#771 = CARTESIAN_POINT('',(0.98174782237,22.771064453744));
#772 = CARTESIAN_POINT('',(0.785398257899,22.257585285217));
#773 = CARTESIAN_POINT('',(0.589048693421,21.849459398509));
#774 = CARTESIAN_POINT('',(0.392699128948,21.569708846007));
#775 = CARTESIAN_POINT('',(0.196349564474,21.429832975642));
#776 = CARTESIAN_POINT('',(1.224646799147E-16,21.429832975642));
#777 = ( GEOMETRIC_REPRESENTATION_CONTEXT(2) 
PARAMETRIC_REPRESENTATION_CONTEXT() REPRESENTATION_CONTEXT('2D SPACE',''
  ) );
#778 = ORIENTED_EDGE('',*,*,#779,.F.);
#779 = EDGE_CURVE('',#780,#743,#782,.T.);
#780 = VERTEX_POINT('',#781);
#781 = CARTESIAN_POINT('',(424.14314389251,-5.25,-21.71034672333));
#782 = SURFACE_CURVE('',#783,(#787,#793),.PCURVE_S1.);
#783 = LINE('',#784,#785);
#784 = CARTESIAN_POINT('',(424.14314389251,0.,-21.71034672333));
#785 = VECTOR('',#786,1.);
#786 = DIRECTION('',(-0.,1.,0.));
#787 = PCURVE('',#159,#788);
#788 = DEFINITIONAL_REPRESENTATION('',(#789),#792);
#789 = B_SPLINE_CURVE_WITH_KNOTS('',1,(#790,#791),.UNSPECIFIED.,.F.,.F.,
  (2,2),(-5.25,5.25),.PIECEWISE_BEZIER_KNOTS.);
#790 = CARTESIAN_POINT('',(126.54626688386,5.25));
#791 = CARTESIAN_POINT('',(126.54626688386,-5.25));
#792 = ( GEOMETRIC_REPRESENTATION_CONTEXT(2) 
PARAMETRIC_REPRESENTATION_CONTEXT() REPRESENTATION_CONTEXT('2D SPACE',''
  ) );
#793 = PCURVE('',#794,#799);
#794 = PLANE('',#795);
#795 = AXIS2_PLACEMENT_3D('',#796,#797,#798);
#796 = CARTESIAN_POINT('',(424.14314389251,0.,-21.71034672333));
#797 = DIRECTION('',(0.470546856061,0.,-0.882375008854));
#798 = DIRECTION('',(-0.882375008854,0.,-0.470546856061));
#799 = DEFINITIONAL_REPRESENTATION('',(#800),#803);
#800 = B_SPLINE_CURVE_WITH_KNOTS('',1,(#801,#802),.UNSPECIFIED.,.F.,.F.,
  (2,2),(-5.25,5.25),.PIECEWISE_BEZIER_KNOTS.);
#801 = CARTESIAN_POINT('',(4.848549396858E-14,-5.25));
#802 = CARTESIAN_POINT('',(4.848549396858E-14,5.25));
#803 = ( GEOMETRIC_REPRESENTATION_CONTEXT(2) 
PARAMETRIC_REPRESENTATION_CONTEXT() REPRESENTATION_CONTEXT('2D SPACE',''
  ) );
#804 = ORIENTED_EDGE('',*,*,#805,.F.);
#805 = EDGE_CURVE('',#745,#780,#806,.T.);
#806 = SURFACE_CURVE('',#807,(#812,#819),.PCURVE_S1.);
#807 = ELLIPSE('',#808,6.135198188976,5.25);
#808 = AXIS2_PLACEMENT_3D('',#809,#810,#811);
#809 = CARTESIAN_POINT('',(424.14314389251,0.,-21.71034672333));
#810 = DIRECTION('',(5.392273520669E-02,0.,0.998545110963));
#811 = DIRECTION('',(0.998545110963,0.,-5.392273520669E-02));
#812 = PCURVE('',#159,#813);
#813 = DEFINITIONAL_REPRESENTATION('',(#814),#818);
#814 = ELLIPSE('',#815,6.135198188976,5.25);
#815 = AXIS2_PLACEMENT_2D('',#816,#817);
#816 = CARTESIAN_POINT('',(126.54626688386,0.));
#817 = DIRECTION('',(-1.,0.));
#818 = ( GEOMETRIC_REPRESENTATION_CONTEXT(2) 
PARAMETRIC_REPRESENTATION_CONTEXT() REPRESENTATION_CONTEXT('2D SPACE',''
  ) );
#819 = PCURVE('',#761,#820);
#820 = DEFINITIONAL_REPRESENTATION('',(#821),#831);
#821 = B_SPLINE_CURVE_WITH_KNOTS('',8,(#822,#823,#824,#825,#826,#827,
    #828,#829,#830),.UNSPECIFIED.,.F.,.F.,(9,9),(3.14159265359,
    4.712389169384),.PIECEWISE_BEZIER_KNOTS.);
#822 = CARTESIAN_POINT('',(6.28318530718,21.429832975642));
#823 = CARTESIAN_POINT('',(6.086835742705,21.429832975642));
#824 = CARTESIAN_POINT('',(5.890486178231,21.569708846007));
#825 = CARTESIAN_POINT('',(5.694136613758,21.849459398436));
#826 = CARTESIAN_POINT('',(5.497787049283,22.257585285217));
#827 = CARTESIAN_POINT('',(5.30143748481,22.771064453686));
#828 = CARTESIAN_POINT('',(5.105087920334,23.357777600526));
#829 = CARTESIAN_POINT('',(4.908738355859,23.981111318364));
#830 = CARTESIAN_POINT('',(4.712388791385,24.60444486177));
#831 = ( GEOMETRIC_REPRESENTATION_CONTEXT(2) 
PARAMETRIC_REPRESENTATION_CONTEXT() REPRESENTATION_CONTEXT('2D SPACE',''
  ) );
#832 = FACE_BOUND('',#833,.F.);
#833 = EDGE_LOOP('',(#834,#871,#897));
#834 = ORIENTED_EDGE('',*,*,#835,.F.);
#835 = EDGE_CURVE('',#836,#838,#840,.T.);
#836 = VERTEX_POINT('',#837);
#837 = CARTESIAN_POINT('',(406.98469417261,5.,-20.78376811347));
#838 = VERTEX_POINT('',#839);
#839 = CARTESIAN_POINT('',(400.81944257204,-1.224646799147E-15,
    -20.45083650538));
#840 = SURFACE_CURVE('',#841,(#846,#853),.PCURVE_S1.);
#841 = ELLIPSE('',#842,6.174234426548,5.);
#842 = AXIS2_PLACEMENT_3D('',#843,#844,#845);
#843 = CARTESIAN_POINT('',(406.98469417261,0.,-20.78376811347));
#844 = DIRECTION('',(5.392273520669E-02,0.,0.998545110963));
#845 = DIRECTION('',(0.998545110963,0.,-5.392273520669E-02));
#846 = PCURVE('',#159,#847);
#847 = DEFINITIONAL_REPRESENTATION('',(#848),#852);
#848 = ELLIPSE('',#849,6.174234426548,5.);
#849 = AXIS2_PLACEMENT_2D('',#850,#851);
#850 = CARTESIAN_POINT('',(143.7297166164,0.));
#851 = DIRECTION('',(-1.,0.));
#852 = ( GEOMETRIC_REPRESENTATION_CONTEXT(2) 
PARAMETRIC_REPRESENTATION_CONTEXT() REPRESENTATION_CONTEXT('2D SPACE',''
  ) );
#853 = PCURVE('',#854,#859);
#854 = CYLINDRICAL_SURFACE('',#855,5.);
#855 = AXIS2_PLACEMENT_3D('',#856,#857,#858);
#856 = CARTESIAN_POINT('',(393.5746,0.,0.));
#857 = DIRECTION('',(0.542161454716,0.,-0.840274334381));
#858 = DIRECTION('',(-0.840274334381,0.,-0.542161454716));
#859 = DEFINITIONAL_REPRESENTATION('',(#860),#870);
#860 = B_SPLINE_CURVE_WITH_KNOTS('',8,(#861,#862,#863,#864,#865,#866,
    #867,#868,#869),.UNSPECIFIED.,.F.,.F.,(9,9),(1.570796161155,
    3.14159265359),.PIECEWISE_BEZIER_KNOTS.);
#861 = CARTESIAN_POINT('',(1.570796492435,24.734503681988));
#862 = CARTESIAN_POINT('',(1.37444693088,24.023263589976));
#863 = CARTESIAN_POINT('',(1.178097369326,23.312023302668));
#864 = CARTESIAN_POINT('',(0.981747807769,22.642568059775));
#865 = CARTESIAN_POINT('',(0.785398246216,22.05667472817));
#866 = CARTESIAN_POINT('',(0.58904868466,21.590992282014));
#867 = CARTESIAN_POINT('',(0.392699123109,21.271789492745));
#868 = CARTESIAN_POINT('',(0.196349561554,21.112187420154));
#869 = CARTESIAN_POINT('',(1.224646799147E-16,21.112187420154));
#870 = ( GEOMETRIC_REPRESENTATION_CONTEXT(2) 
PARAMETRIC_REPRESENTATION_CONTEXT() REPRESENTATION_CONTEXT('2D SPACE',''
  ) );
#871 = ORIENTED_EDGE('',*,*,#872,.F.);
#872 = EDGE_CURVE('',#873,#836,#875,.T.);
#873 = VERTEX_POINT('',#874);
#874 = CARTESIAN_POINT('',(406.98469417261,-5.,-20.78376811347));
#875 = SURFACE_CURVE('',#876,(#880,#886),.PCURVE_S1.);
#876 = LINE('',#877,#878);
#877 = CARTESIAN_POINT('',(406.98469417261,0.,-20.78376811347));
#878 = VECTOR('',#879,1.);
#879 = DIRECTION('',(-0.,1.,0.));
#880 = PCURVE('',#159,#881);
#881 = DEFINITIONAL_REPRESENTATION('',(#882),#885);
#882 = B_SPLINE_CURVE_WITH_KNOTS('',1,(#883,#884),.UNSPECIFIED.,.F.,.F.,
  (2,2),(-5.,5.),.PIECEWISE_BEZIER_KNOTS.);
#883 = CARTESIAN_POINT('',(143.7297166164,5.));
#884 = CARTESIAN_POINT('',(143.7297166164,-5.));
#885 = ( GEOMETRIC_REPRESENTATION_CONTEXT(2) 
PARAMETRIC_REPRESENTATION_CONTEXT() REPRESENTATION_CONTEXT('2D SPACE',''
  ) );
#886 = PCURVE('',#887,#892);
#887 = PLANE('',#888);
#888 = AXIS2_PLACEMENT_3D('',#889,#890,#891);
#889 = CARTESIAN_POINT('',(406.98469417261,0.,-20.78376811347));
#890 = DIRECTION('',(0.542161454716,0.,-0.840274334381));
#891 = DIRECTION('',(-0.840274334381,0.,-0.542161454716));
#892 = DEFINITIONAL_REPRESENTATION('',(#893),#896);
#893 = B_SPLINE_CURVE_WITH_KNOTS('',1,(#894,#895),.UNSPECIFIED.,.F.,.F.,
  (2,2),(-5.,5.),.PIECEWISE_BEZIER_KNOTS.);
#894 = CARTESIAN_POINT('',(4.776406594723E-14,-5.));
#895 = CARTESIAN_POINT('',(4.776406594723E-14,5.));
#896 = ( GEOMETRIC_REPRESENTATION_CONTEXT(2) 
PARAMETRIC_REPRESENTATION_CONTEXT() REPRESENTATION_CONTEXT('2D SPACE',''
  ) );
#897 = ORIENTED_EDGE('',*,*,#898,.F.);
#898 = EDGE_CURVE('',#838,#873,#899,.T.);
#899 = SURFACE_CURVE('',#900,(#905,#912),.PCURVE_S1.);
#900 = ELLIPSE('',#901,6.174234426548,5.);
#901 = AXIS2_PLACEMENT_3D('',#902,#903,#904);
#902 = CARTESIAN_POINT('',(406.98469417261,0.,-20.78376811347));
#903 = DIRECTION('',(5.392273520669E-02,0.,0.998545110963));
#904 = DIRECTION('',(0.998545110963,0.,-5.392273520669E-02));
#905 = PCURVE('',#159,#906);
#906 = DEFINITIONAL_REPRESENTATION('',(#907),#911);
#907 = ELLIPSE('',#908,6.174234426548,5.);
#908 = AXIS2_PLACEMENT_2D('',#909,#910);
#909 = CARTESIAN_POINT('',(143.7297166164,0.));
#910 = DIRECTION('',(-1.,0.));
#911 = ( GEOMETRIC_REPRESENTATION_CONTEXT(2) 
PARAMETRIC_REPRESENTATION_CONTEXT() REPRESENTATION_CONTEXT('2D SPACE',''
  ) );
#912 = PCURVE('',#854,#913);
#913 = DEFINITIONAL_REPRESENTATION('',(#914),#924);
#914 = B_SPLINE_CURVE_WITH_KNOTS('',8,(#915,#916,#917,#918,#919,#920,
    #921,#922,#923),.UNSPECIFIED.,.F.,.F.,(9,9),(3.14159265359,
    4.712389146025),.PIECEWISE_BEZIER_KNOTS.);
#915 = CARTESIAN_POINT('',(6.28318530718,21.112187420154));
#916 = CARTESIAN_POINT('',(6.086835745625,21.112187420154));
#917 = CARTESIAN_POINT('',(5.890486184071,21.271789492726));
#918 = CARTESIAN_POINT('',(5.694136622516,21.590992282087));
#919 = CARTESIAN_POINT('',(5.497787060964,22.056674728025));
#920 = CARTESIAN_POINT('',(5.301437499407,22.642568059891));
#921 = CARTESIAN_POINT('',(5.105087937854,23.312023302653));
#922 = CARTESIAN_POINT('',(4.908738376299,24.023263589976));
#923 = CARTESIAN_POINT('',(4.712388814745,24.734503681988));
#924 = ( GEOMETRIC_REPRESENTATION_CONTEXT(2) 
PARAMETRIC_REPRESENTATION_CONTEXT() REPRESENTATION_CONTEXT('2D SPACE',''
  ) );
#925 = FACE_BOUND('',#926,.F.);
#926 = EDGE_LOOP('',(#927,#971));
#927 = ORIENTED_EDGE('',*,*,#928,.F.);
#928 = EDGE_CURVE('',#929,#931,#933,.T.);
#929 = VERTEX_POINT('',#930);
#930 = CARTESIAN_POINT('',(332.94830227152,-5.,-16.78570662149));
#931 = VERTEX_POINT('',#932);
#932 = CARTESIAN_POINT('',(332.94830227152,5.,-16.78570662149));
#933 = SURFACE_CURVE('',#934,(#939,#946),.PCURVE_S1.);
#934 = ELLIPSE('',#935,5.514784460115,5.);
#935 = AXIS2_PLACEMENT_3D('',#936,#937,#938);
#936 = CARTESIAN_POINT('',(332.94830227152,0.,-16.78570662149));
#937 = DIRECTION('',(5.392273520669E-02,0.,0.998545110963));
#938 = DIRECTION('',(-0.998545110963,0.,5.392273520669E-02));
#939 = PCURVE('',#159,#940);
#940 = DEFINITIONAL_REPRESENTATION('',(#941),#945);
#941 = ELLIPSE('',#942,5.514784460115,5.);
#942 = AXIS2_PLACEMENT_2D('',#943,#944);
#943 = CARTESIAN_POINT('',(217.87398019373,0.));
#944 = DIRECTION('',(1.,0.));
#945 = ( GEOMETRIC_REPRESENTATION_CONTEXT(2) 
PARAMETRIC_REPRESENTATION_CONTEXT() REPRESENTATION_CONTEXT('2D SPACE',''
  ) );
#946 = PCURVE('',#947,#952);
#947 = CYLINDRICAL_SURFACE('',#948,5.);
#948 = AXIS2_PLACEMENT_3D('',#949,#950,#951);
#949 = CARTESIAN_POINT('',(341.89,0.,0.));
#950 = DIRECTION('',(-0.470151019765,0.,-0.882585983694));
#951 = DIRECTION('',(-0.882585983694,0.,0.470151019765));
#952 = DEFINITIONAL_REPRESENTATION('',(#953),#970);
#953 = B_SPLINE_CURVE_WITH_KNOTS('',8,(#954,#955,#956,#957,#958,#959,
    #960,#961,#962,#963,#964,#965,#966,#967,#968,#969),.UNSPECIFIED.,.F.
  ,.F.,(9,7,9),(1.570796068903,3.14159265359,4.712389238277),
  .UNSPECIFIED.);
#954 = CARTESIAN_POINT('',(4.712389238277,19.018778296012));
#955 = CARTESIAN_POINT('',(4.516039665191,18.561960659193));
#956 = CARTESIAN_POINT('',(4.319690092103,18.105142887493));
#957 = CARTESIAN_POINT('',(4.123340519023,17.67516294583));
#958 = CARTESIAN_POINT('',(3.926990945933,17.298853422501));
#959 = CARTESIAN_POINT('',(3.730641372842,16.999753345255));
#960 = CARTESIAN_POINT('',(3.53429179976,16.794734710933));
#961 = CARTESIAN_POINT('',(3.337942226676,16.692224958264));
#962 = CARTESIAN_POINT('',(2.945243080504,16.692224958264));
#963 = CARTESIAN_POINT('',(2.74889350742,16.794734710897));
#964 = CARTESIAN_POINT('',(2.552543934325,16.999753345466));
#965 = CARTESIAN_POINT('',(2.356194361246,17.298853422282));
#966 = CARTESIAN_POINT('',(2.159844788156,17.675162945998));
#967 = CARTESIAN_POINT('',(1.963495215074,18.105142887445));
#968 = CARTESIAN_POINT('',(1.767145641989,18.561960659193));
#969 = CARTESIAN_POINT('',(1.570796068903,19.018778296012));
#970 = ( GEOMETRIC_REPRESENTATION_CONTEXT(2) 
PARAMETRIC_REPRESENTATION_CONTEXT() REPRESENTATION_CONTEXT('2D SPACE',''
  ) );
#971 = ORIENTED_EDGE('',*,*,#972,.F.);
#972 = EDGE_CURVE('',#931,#929,#973,.T.);
#973 = SURFACE_CURVE('',#974,(#978,#984),.PCURVE_S1.);
#974 = LINE('',#975,#976);
#975 = CARTESIAN_POINT('',(332.94830227152,0.,-16.78570662149));
#976 = VECTOR('',#977,1.);
#977 = DIRECTION('',(-0.,-1.,0.));
#978 = PCURVE('',#159,#979);
#979 = DEFINITIONAL_REPRESENTATION('',(#980),#983);
#980 = B_SPLINE_CURVE_WITH_KNOTS('',1,(#981,#982),.UNSPECIFIED.,.F.,.F.,
  (2,2),(-5.,5.),.PIECEWISE_BEZIER_KNOTS.);
#981 = CARTESIAN_POINT('',(217.87398019373,-5.));
#982 = CARTESIAN_POINT('',(217.87398019373,5.));
#983 = ( GEOMETRIC_REPRESENTATION_CONTEXT(2) 
PARAMETRIC_REPRESENTATION_CONTEXT() REPRESENTATION_CONTEXT('2D SPACE',''
  ) );
#984 = PCURVE('',#985,#990);
#985 = PLANE('',#986);
#986 = AXIS2_PLACEMENT_3D('',#987,#988,#989);
#987 = CARTESIAN_POINT('',(332.94830227152,0.,-16.78570662149));
#988 = DIRECTION('',(-0.470151019765,0.,-0.882585983694));
#989 = DIRECTION('',(-0.882585983694,0.,0.470151019765));
#990 = DEFINITIONAL_REPRESENTATION('',(#991),#994);
#991 = B_SPLINE_CURVE_WITH_KNOTS('',1,(#992,#993),.UNSPECIFIED.,.F.,.F.,
  (2,2),(-5.,5.),.PIECEWISE_BEZIER_KNOTS.);
#992 = CARTESIAN_POINT('',(0.,5.));
#993 = CARTESIAN_POINT('',(0.,-5.));
#994 = ( GEOMETRIC_REPRESENTATION_CONTEXT(2) 
PARAMETRIC_REPRESENTATION_CONTEXT() REPRESENTATION_CONTEXT('2D SPACE',''
  ) );
#995 = FACE_BOUND('',#996,.F.);
#996 = EDGE_LOOP('',(#997,#1039));
#997 = ORIENTED_EDGE('',*,*,#998,.F.);
#998 = EDGE_CURVE('',#999,#1001,#1003,.T.);
#999 = VERTEX_POINT('',#1000);
#1000 = CARTESIAN_POINT('',(306.18896256999,-5.25,-15.34066746083));
#1001 = VERTEX_POINT('',#1002);
#1002 = CARTESIAN_POINT('',(306.18896256999,5.25,-15.34066746083));
#1003 = SURFACE_CURVE('',#1004,(#1009,#1016),.PCURVE_S1.);
#1004 = ELLIPSE('',#1005,5.337956585028,5.25);
#1005 = AXIS2_PLACEMENT_3D('',#1006,#1007,#1008);
#1006 = CARTESIAN_POINT('',(306.18896256999,0.,-15.34066746083));
#1007 = DIRECTION('',(5.392273520669E-02,0.,0.998545110963));
#1008 = DIRECTION('',(-0.998545110963,0.,5.392273520669E-02));
#1009 = PCURVE('',#159,#1010);
#1010 = DEFINITIONAL_REPRESENTATION('',(#1011),#1015);
#1011 = ELLIPSE('',#1012,5.337956585028,5.25);
#1012 = AXIS2_PLACEMENT_2D('',#1013,#1014);
#1013 = CARTESIAN_POINT('',(244.67230848931,0.));
#1014 = DIRECTION('',(1.,0.));
#1015 = ( GEOMETRIC_REPRESENTATION_CONTEXT(2) 
PARAMETRIC_REPRESENTATION_CONTEXT() REPRESENTATION_CONTEXT('2D SPACE',''
  ) );
#1016 = PCURVE('',#1017,#1022);
#1017 = CYLINDRICAL_SURFACE('',#1018,5.25);
#1018 = AXIS2_PLACEMENT_3D('',#1019,#1020,#1021);
#1019 = CARTESIAN_POINT('',(309.8738,0.,-8.881784197001E-16));
#1020 = DIRECTION('',(-0.233557371281,0.,-0.972343022971));
#1021 = DIRECTION('',(-0.972343022971,0.,0.233557371281));
#1022 = DEFINITIONAL_REPRESENTATION('',(#1023),#1038);
#1023 = B_SPLINE_CURVE_WITH_KNOTS('',7,(#1024,#1025,#1026,#1027,#1028,
    #1029,#1030,#1031,#1032,#1033,#1034,#1035,#1036,#1037),
  .UNSPECIFIED.,.F.,.F.,(8,6,8),(1.570795705052,3.14159265359,
    4.712389602128),.UNSPECIFIED.);
#1024 = CARTESIAN_POINT('',(4.712389602128,15.777012517008));
#1025 = CARTESIAN_POINT('',(4.487990038051,15.560460484406));
#1026 = CARTESIAN_POINT('',(4.263590473974,15.343909295886));
#1027 = CARTESIAN_POINT('',(4.039190909898,15.145162659217));
#1028 = CARTESIAN_POINT('',(3.814791345821,14.982057544965));
#1029 = CARTESIAN_POINT('',(3.590391781744,14.868677362514));
#1030 = CARTESIAN_POINT('',(3.365992217667,14.811983159072));
#1031 = CARTESIAN_POINT('',(2.917193089513,14.811983159072));
#1032 = CARTESIAN_POINT('',(2.692793525437,14.86867736251));
#1033 = CARTESIAN_POINT('',(2.468393961359,14.982057544976));
#1034 = CARTESIAN_POINT('',(2.243994397284,15.145162659204));
#1035 = CARTESIAN_POINT('',(2.019594833205,15.34390929589));
#1036 = CARTESIAN_POINT('',(1.795195269128,15.560460484406));
#1037 = CARTESIAN_POINT('',(1.570795705052,15.777012517008));
#1038 = ( GEOMETRIC_REPRESENTATION_CONTEXT(2) 
PARAMETRIC_REPRESENTATION_CONTEXT() REPRESENTATION_CONTEXT('2D SPACE',''
  ) );
#1039 = ORIENTED_EDGE('',*,*,#1040,.F.);
#1040 = EDGE_CURVE('',#1001,#999,#1041,.T.);
#1041 = SURFACE_CURVE('',#1042,(#1046,#1052),.PCURVE_S1.);
#1042 = LINE('',#1043,#1044);
#1043 = CARTESIAN_POINT('',(306.18896256999,0.,-15.34066746083));
#1044 = VECTOR('',#1045,1.);
#1045 = DIRECTION('',(-0.,-1.,0.));
#1046 = PCURVE('',#159,#1047);
#1047 = DEFINITIONAL_REPRESENTATION('',(#1048),#1051);
#1048 = B_SPLINE_CURVE_WITH_KNOTS('',1,(#1049,#1050),.UNSPECIFIED.,.F.,
  .F.,(2,2),(-5.25,5.25),.PIECEWISE_BEZIER_KNOTS.);
#1049 = CARTESIAN_POINT('',(244.67230848931,-5.25));
#1050 = CARTESIAN_POINT('',(244.67230848931,5.25));
#1051 = ( GEOMETRIC_REPRESENTATION_CONTEXT(2) 
PARAMETRIC_REPRESENTATION_CONTEXT() REPRESENTATION_CONTEXT('2D SPACE',''
  ) );
#1052 = PCURVE('',#1053,#1058);
#1053 = PLANE('',#1054);
#1054 = AXIS2_PLACEMENT_3D('',#1055,#1056,#1057);
#1055 = CARTESIAN_POINT('',(306.18896256999,0.,-15.34066746083));
#1056 = DIRECTION('',(-0.233557371281,0.,-0.972343022971));
#1057 = DIRECTION('',(-0.972343022971,0.,0.233557371281));
#1058 = DEFINITIONAL_REPRESENTATION('',(#1059),#1062);
#1059 = B_SPLINE_CURVE_WITH_KNOTS('',1,(#1060,#1061),.UNSPECIFIED.,.F.,
  .F.,(2,2),(-5.25,5.25),.PIECEWISE_BEZIER_KNOTS.);
#1060 = CARTESIAN_POINT('',(1.174803298305E-12,5.25));
#1061 = CARTESIAN_POINT('',(1.174803298305E-12,-5.25));
#1062 = ( GEOMETRIC_REPRESENTATION_CONTEXT(2) 
PARAMETRIC_REPRESENTATION_CONTEXT() REPRESENTATION_CONTEXT('2D SPACE',''
  ) );
#1063 = FACE_BOUND('',#1064,.F.);
#1064 = EDGE_LOOP('',(#1065,#1102,#1128));
#1065 = ORIENTED_EDGE('',*,*,#1066,.F.);
#1066 = EDGE_CURVE('',#1067,#1069,#1071,.T.);
#1067 = VERTEX_POINT('',#1068);
#1068 = CARTESIAN_POINT('',(294.4795956075,5.5,-14.70834640971));
#1069 = VERTEX_POINT('',#1070);
#1070 = CARTESIAN_POINT('',(284.08932102844,-1.347111479062E-15,
    -14.14725806357));
#1071 = SURFACE_CURVE('',#1072,(#1077,#1084),.PCURVE_S1.);
#1072 = ELLIPSE('',#1073,10.405413300793,5.5);
#1073 = AXIS2_PLACEMENT_3D('',#1074,#1075,#1076);
#1074 = CARTESIAN_POINT('',(294.4795956075,0.,-14.70834640971));
#1075 = DIRECTION('',(5.392273520669E-02,0.,0.998545110963));
#1076 = DIRECTION('',(0.998545110963,0.,-5.392273520669E-02));
#1077 = PCURVE('',#159,#1078);
#1078 = DEFINITIONAL_REPRESENTATION('',(#1079),#1083);
#1079 = ELLIPSE('',#1080,10.405413300793,5.5);
#1080 = AXIS2_PLACEMENT_2D('',#1081,#1082);
#1081 = CARTESIAN_POINT('',(256.39873610279,0.));
#1082 = DIRECTION('',(-1.,0.));
#1083 = ( GEOMETRIC_REPRESENTATION_CONTEXT(2) 
PARAMETRIC_REPRESENTATION_CONTEXT() REPRESENTATION_CONTEXT('2D SPACE',''
  ) );
#1084 = PCURVE('',#1085,#1090);
#1085 = CYLINDRICAL_SURFACE('',#1086,5.5);
#1086 = AXIS2_PLACEMENT_3D('',#1087,#1088,#1089);
#1087 = CARTESIAN_POINT('',(273.4739,0.,-8.881784197001E-16));
#1088 = DIRECTION('',(0.819152044289,0.,-0.573576436351));
#1089 = DIRECTION('',(-0.573576436351,0.,-0.819152044289));
#1090 = DEFINITIONAL_REPRESENTATION('',(#1091),#1101);
#1091 = B_SPLINE_CURVE_WITH_KNOTS('',8,(#1092,#1093,#1094,#1095,#1096,
    #1097,#1098,#1099,#1100),.UNSPECIFIED.,.F.,.F.,(9,9),(1.570796258868
    ,3.14159265359),.PIECEWISE_BEZIER_KNOTS.);
#1092 = CARTESIAN_POINT('',(1.570796394722,25.643220016896));
#1093 = CARTESIAN_POINT('',(1.374446845381,23.908856256615));
#1094 = CARTESIAN_POINT('',(1.178097296041,22.174492058091));
#1095 = CARTESIAN_POINT('',(0.981747746701,20.542020997855));
#1096 = CARTESIAN_POINT('',(0.785398197359,19.113316230272));
#1097 = CARTESIAN_POINT('',(0.58904864802,17.977746512501));
#1098 = CARTESIAN_POINT('',(0.39269909868,17.199368406669));
#1099 = CARTESIAN_POINT('',(0.19634954934,16.810177700685));
#1100 = CARTESIAN_POINT('',(1.224646799147E-16,16.810177700685));
#1101 = ( GEOMETRIC_REPRESENTATION_CONTEXT(2) 
PARAMETRIC_REPRESENTATION_CONTEXT() REPRESENTATION_CONTEXT('2D SPACE',''
  ) );
#1102 = ORIENTED_EDGE('',*,*,#1103,.F.);
#1103 = EDGE_CURVE('',#1104,#1067,#1106,.T.);
#1104 = VERTEX_POINT('',#1105);
#1105 = CARTESIAN_POINT('',(294.4795956075,-5.5,-14.70834640971));
#1106 = SURFACE_CURVE('',#1107,(#1111,#1117),.PCURVE_S1.);
#1107 = LINE('',#1108,#1109);
#1108 = CARTESIAN_POINT('',(294.4795956075,0.,-14.70834640971));
#1109 = VECTOR('',#1110,1.);
#1110 = DIRECTION('',(-0.,1.,0.));
#1111 = PCURVE('',#159,#1112);
#1112 = DEFINITIONAL_REPRESENTATION('',(#1113),#1116);
#1113 = B_SPLINE_CURVE_WITH_KNOTS('',1,(#1114,#1115),.UNSPECIFIED.,.F.,
  .F.,(2,2),(-5.5,5.5),.PIECEWISE_BEZIER_KNOTS.);
#1114 = CARTESIAN_POINT('',(256.39873610279,5.5));
#1115 = CARTESIAN_POINT('',(256.39873610279,-5.5));
#1116 = ( GEOMETRIC_REPRESENTATION_CONTEXT(2) 
PARAMETRIC_REPRESENTATION_CONTEXT() REPRESENTATION_CONTEXT('2D SPACE',''
  ) );
#1117 = PCURVE('',#1118,#1123);
#1118 = PLANE('',#1119);
#1119 = AXIS2_PLACEMENT_3D('',#1120,#1121,#1122);
#1120 = CARTESIAN_POINT('',(294.4795956075,0.,-14.70834640971));
#1121 = DIRECTION('',(0.819152044289,0.,-0.573576436351));
#1122 = DIRECTION('',(-0.573576436351,0.,-0.819152044289));
#1123 = DEFINITIONAL_REPRESENTATION('',(#1124),#1127);
#1124 = B_SPLINE_CURVE_WITH_KNOTS('',1,(#1125,#1126),.UNSPECIFIED.,.F.,
  .F.,(2,2),(-5.5,5.5),.PIECEWISE_BEZIER_KNOTS.);
#1125 = CARTESIAN_POINT('',(3.260404562019E-14,-5.5));
#1126 = CARTESIAN_POINT('',(3.260404562019E-14,5.5));
#1127 = ( GEOMETRIC_REPRESENTATION_CONTEXT(2) 
PARAMETRIC_REPRESENTATION_CONTEXT() REPRESENTATION_CONTEXT('2D SPACE',''
  ) );
#1128 = ORIENTED_EDGE('',*,*,#1129,.F.);
#1129 = EDGE_CURVE('',#1069,#1104,#1130,.T.);
#1130 = SURFACE_CURVE('',#1131,(#1136,#1143),.PCURVE_S1.);
#1131 = ELLIPSE('',#1132,10.405413300793,5.5);
#1132 = AXIS2_PLACEMENT_3D('',#1133,#1134,#1135);
#1133 = CARTESIAN_POINT('',(294.4795956075,0.,-14.70834640971));
#1134 = DIRECTION('',(5.392273520669E-02,0.,0.998545110963));
#1135 = DIRECTION('',(0.998545110963,0.,-5.392273520669E-02));
#1136 = PCURVE('',#159,#1137);
#1137 = DEFINITIONAL_REPRESENTATION('',(#1138),#1142);
#1138 = ELLIPSE('',#1139,10.405413300793,5.5);
#1139 = AXIS2_PLACEMENT_2D('',#1140,#1141);
#1140 = CARTESIAN_POINT('',(256.39873610279,0.));
#1141 = DIRECTION('',(-1.,0.));
#1142 = ( GEOMETRIC_REPRESENTATION_CONTEXT(2) 
PARAMETRIC_REPRESENTATION_CONTEXT() REPRESENTATION_CONTEXT('2D SPACE',''
  ) );
#1143 = PCURVE('',#1085,#1144);
#1144 = DEFINITIONAL_REPRESENTATION('',(#1145),#1155);
#1145 = B_SPLINE_CURVE_WITH_KNOTS('',8,(#1146,#1147,#1148,#1149,#1150,
    #1151,#1152,#1153,#1154),.UNSPECIFIED.,.F.,.F.,(9,9),(3.14159265359,
    4.712389048311),.PIECEWISE_BEZIER_KNOTS.);
#1146 = CARTESIAN_POINT('',(6.28318530718,16.810177700685));
#1147 = CARTESIAN_POINT('',(6.086835757839,16.810177700685));
#1148 = CARTESIAN_POINT('',(5.8904862085,17.199368406689));
#1149 = CARTESIAN_POINT('',(5.694136659159,17.977746512363));
#1150 = CARTESIAN_POINT('',(5.497787109819,19.113316230432));
#1151 = CARTESIAN_POINT('',(5.301437560479,20.542020997746));
#1152 = CARTESIAN_POINT('',(5.105088011139,22.174492058119));
#1153 = CARTESIAN_POINT('',(4.908738461798,23.908856256615));
#1154 = CARTESIAN_POINT('',(4.712388912458,25.643220016896));
#1155 = ( GEOMETRIC_REPRESENTATION_CONTEXT(2) 
PARAMETRIC_REPRESENTATION_CONTEXT() REPRESENTATION_CONTEXT('2D SPACE',''
  ) );
#1156 = ADVANCED_FACE('',(#1157),#254,.T.);
#1157 = FACE_BOUND('',#1158,.T.);
#1158 = EDGE_LOOP('',(#1159,#1184,#1206,#1207,#1229,#1230));
#1159 = ORIENTED_EDGE('',*,*,#1160,.T.);
#1160 = EDGE_CURVE('',#1161,#1163,#1165,.T.);
#1161 = VERTEX_POINT('',#1162);
#1162 = CARTESIAN_POINT('',(2.75335310107E-15,-3.037124061885E-15,-12.4)
  );
#1163 = VERTEX_POINT('',#1164);
#1164 = CARTESIAN_POINT('',(56.,-3.037124061885E-15,-12.4));
#1165 = SEAM_CURVE('',#1166,(#1170,#1177),.PCURVE_S1.);
#1166 = LINE('',#1167,#1168);
#1167 = CARTESIAN_POINT('',(2.75335310107E-15,-3.037124061885E-15,-12.4)
  );
#1168 = VECTOR('',#1169,1.);
#1169 = DIRECTION('',(1.,0.,2.22044604925E-16));
#1170 = PCURVE('',#254,#1171);
#1171 = DEFINITIONAL_REPRESENTATION('',(#1172),#1176);
#1172 = LINE('',#1173,#1174);
#1173 = CARTESIAN_POINT('',(6.28318530718,-0.));
#1174 = VECTOR('',#1175,1.);
#1175 = DIRECTION('',(0.,1.));
#1176 = ( GEOMETRIC_REPRESENTATION_CONTEXT(2) 
PARAMETRIC_REPRESENTATION_CONTEXT() REPRESENTATION_CONTEXT('2D SPACE',''
  ) );
#1177 = PCURVE('',#254,#1178);
#1178 = DEFINITIONAL_REPRESENTATION('',(#1179),#1183);
#1179 = LINE('',#1180,#1181);
#1180 = CARTESIAN_POINT('',(0.,-0.));
#1181 = VECTOR('',#1182,1.);
#1182 = DIRECTION('',(0.,1.));
#1183 = ( GEOMETRIC_REPRESENTATION_CONTEXT(2) 
PARAMETRIC_REPRESENTATION_CONTEXT() REPRESENTATION_CONTEXT('2D SPACE',''
  ) );
#1184 = ORIENTED_EDGE('',*,*,#1185,.F.);
#1185 = EDGE_CURVE('',#217,#1163,#1186,.T.);
#1186 = SURFACE_CURVE('',#1187,(#1192,#1199),.PCURVE_S1.);
#1187 = CIRCLE('',#1188,12.4);
#1188 = AXIS2_PLACEMENT_3D('',#1189,#1190,#1191);
#1189 = CARTESIAN_POINT('',(56.,0.,6.217248937901E-15));
#1190 = DIRECTION('',(1.,-0.,2.22044604925E-16));
#1191 = DIRECTION('',(2.22044604925E-16,0.,-1.));
#1192 = PCURVE('',#254,#1193);
#1193 = DEFINITIONAL_REPRESENTATION('',(#1194),#1198);
#1194 = LINE('',#1195,#1196);
#1195 = CARTESIAN_POINT('',(0.,56.));
#1196 = VECTOR('',#1197,1.);
#1197 = DIRECTION('',(1.,0.));
#1198 = ( GEOMETRIC_REPRESENTATION_CONTEXT(2) 
PARAMETRIC_REPRESENTATION_CONTEXT() REPRESENTATION_CONTEXT('2D SPACE',''
  ) );
#1199 = PCURVE('',#448,#1200);
#1200 = DEFINITIONAL_REPRESENTATION('',(#1201),#1205);
#1201 = CIRCLE('',#1202,12.4);
#1202 = AXIS2_PLACEMENT_2D('',#1203,#1204);
#1203 = CARTESIAN_POINT('',(0.,0.));
#1204 = DIRECTION('',(1.,0.));
#1205 = ( GEOMETRIC_REPRESENTATION_CONTEXT(2) 
PARAMETRIC_REPRESENTATION_CONTEXT() REPRESENTATION_CONTEXT('2D SPACE',''
  ) );
#1206 = ORIENTED_EDGE('',*,*,#239,.F.);
#1207 = ORIENTED_EDGE('',*,*,#1208,.F.);
#1208 = EDGE_CURVE('',#1163,#144,#1209,.T.);
#1209 = SURFACE_CURVE('',#1210,(#1215,#1222),.PCURVE_S1.);
#1210 = CIRCLE('',#1211,12.4);
#1211 = AXIS2_PLACEMENT_3D('',#1212,#1213,#1214);
#1212 = CARTESIAN_POINT('',(56.,0.,6.217248937901E-15));
#1213 = DIRECTION('',(1.,-0.,2.22044604925E-16));
#1214 = DIRECTION('',(2.22044604925E-16,0.,-1.));
#1215 = PCURVE('',#254,#1216);
#1216 = DEFINITIONAL_REPRESENTATION('',(#1217),#1221);
#1217 = LINE('',#1218,#1219);
#1218 = CARTESIAN_POINT('',(0.,56.));
#1219 = VECTOR('',#1220,1.);
#1220 = DIRECTION('',(1.,0.));
#1221 = ( GEOMETRIC_REPRESENTATION_CONTEXT(2) 
PARAMETRIC_REPRESENTATION_CONTEXT() REPRESENTATION_CONTEXT('2D SPACE',''
  ) );
#1222 = PCURVE('',#448,#1223);
#1223 = DEFINITIONAL_REPRESENTATION('',(#1224),#1228);
#1224 = CIRCLE('',#1225,12.4);
#1225 = AXIS2_PLACEMENT_2D('',#1226,#1227);
#1226 = CARTESIAN_POINT('',(0.,0.));
#1227 = DIRECTION('',(1.,0.));
#1228 = ( GEOMETRIC_REPRESENTATION_CONTEXT(2) 
PARAMETRIC_REPRESENTATION_CONTEXT() REPRESENTATION_CONTEXT('2D SPACE',''
  ) );
#1229 = ORIENTED_EDGE('',*,*,#1160,.F.);
#1230 = ORIENTED_EDGE('',*,*,#1231,.T.);
#1231 = EDGE_CURVE('',#1161,#1161,#1232,.T.);
#1232 = SURFACE_CURVE('',#1233,(#1238,#1245),.PCURVE_S1.);
#1233 = CIRCLE('',#1234,12.4);
#1234 = AXIS2_PLACEMENT_3D('',#1235,#1236,#1237);
#1235 = CARTESIAN_POINT('',(0.,0.,-6.217248937901E-15));
#1236 = DIRECTION('',(1.,-0.,2.22044604925E-16));
#1237 = DIRECTION('',(2.22044604925E-16,0.,-1.));
#1238 = PCURVE('',#254,#1239);
#1239 = DEFINITIONAL_REPRESENTATION('',(#1240),#1244);
#1240 = LINE('',#1241,#1242);
#1241 = CARTESIAN_POINT('',(0.,0.));
#1242 = VECTOR('',#1243,1.);
#1243 = DIRECTION('',(1.,0.));
#1244 = ( GEOMETRIC_REPRESENTATION_CONTEXT(2) 
PARAMETRIC_REPRESENTATION_CONTEXT() REPRESENTATION_CONTEXT('2D SPACE',''
  ) );
#1245 = PCURVE('',#1246,#1251);
#1246 = PLANE('',#1247);
#1247 = AXIS2_PLACEMENT_3D('',#1248,#1249,#1250);
#1248 = CARTESIAN_POINT('',(0.,0.,-6.217248937901E-15));
#1249 = DIRECTION('',(1.,0.,2.22044604925E-16));
#1250 = DIRECTION('',(2.22044604925E-16,0.,-1.));
#1251 = DEFINITIONAL_REPRESENTATION('',(#1252),#1256);
#1252 = CIRCLE('',#1253,12.4);
#1253 = AXIS2_PLACEMENT_2D('',#1254,#1255);
#1254 = CARTESIAN_POINT('',(0.,0.));
#1255 = DIRECTION('',(1.,0.));
#1256 = ( GEOMETRIC_REPRESENTATION_CONTEXT(2) 
PARAMETRIC_REPRESENTATION_CONTEXT() REPRESENTATION_CONTEXT('2D SPACE',''
  ) );
#1257 = ADVANCED_FACE('',(#1258),#387,.F.);
#1258 = FACE_BOUND('',#1259,.F.);
#1259 = EDGE_LOOP('',(#1260,#1261,#1284,#1310));
#1260 = ORIENTED_EDGE('',*,*,#366,.F.);
#1261 = ORIENTED_EDGE('',*,*,#1262,.F.);
#1262 = EDGE_CURVE('',#1263,#367,#1265,.T.);
#1263 = VERTEX_POINT('',#1264);
#1264 = CARTESIAN_POINT('',(496.6921375,-1.836970198721E-15,-7.5));
#1265 = SEAM_CURVE('',#1266,(#1270,#1277),.PCURVE_S1.);
#1266 = LINE('',#1267,#1268);
#1267 = CARTESIAN_POINT('',(496.6921375,-1.836970198721E-15,-7.5));
#1268 = VECTOR('',#1269,1.);
#1269 = DIRECTION('',(0.999956837672,2.275640166177E-18,
    9.291006058896E-03));
#1270 = PCURVE('',#387,#1271);
#1271 = DEFINITIONAL_REPRESENTATION('',(#1272),#1276);
#1272 = LINE('',#1273,#1274);
#1273 = CARTESIAN_POINT('',(-6.28318530718,0.));
#1274 = VECTOR('',#1275,1.);
#1275 = DIRECTION('',(-0.,-1.));
#1276 = ( GEOMETRIC_REPRESENTATION_CONTEXT(2) 
PARAMETRIC_REPRESENTATION_CONTEXT() REPRESENTATION_CONTEXT('2D SPACE',''
  ) );
#1277 = PCURVE('',#387,#1278);
#1278 = DEFINITIONAL_REPRESENTATION('',(#1279),#1283);
#1279 = LINE('',#1280,#1281);
#1280 = CARTESIAN_POINT('',(0.,-0.));
#1281 = VECTOR('',#1282,1.);
#1282 = DIRECTION('',(-0.,-1.));
#1283 = ( GEOMETRIC_REPRESENTATION_CONTEXT(2) 
PARAMETRIC_REPRESENTATION_CONTEXT() REPRESENTATION_CONTEXT('2D SPACE',''
  ) );
#1284 = ORIENTED_EDGE('',*,*,#1285,.T.);
#1285 = EDGE_CURVE('',#1263,#1263,#1286,.T.);
#1286 = SURFACE_CURVE('',#1287,(#1292,#1298),.PCURVE_S1.);
#1287 = CIRCLE('',#1288,7.5);
#1288 = AXIS2_PLACEMENT_3D('',#1289,#1290,#1291);
#1289 = CARTESIAN_POINT('',(496.6921375,0.,5.97446120354E-15));
#1290 = DIRECTION('',(1.,-0.,2.22044604925E-16));
#1291 = DIRECTION('',(2.22044604925E-16,0.,-1.));
#1292 = PCURVE('',#387,#1293);
#1293 = DEFINITIONAL_REPRESENTATION('',(#1294),#1297);
#1294 = B_SPLINE_CURVE_WITH_KNOTS('',1,(#1295,#1296),.UNSPECIFIED.,.F.,
  .F.,(2,2),(0.,6.28318530718),.PIECEWISE_BEZIER_KNOTS.);
#1295 = CARTESIAN_POINT('',(0.,0.));
#1296 = CARTESIAN_POINT('',(-6.28318530718,0.));
#1297 = ( GEOMETRIC_REPRESENTATION_CONTEXT(2) 
PARAMETRIC_REPRESENTATION_CONTEXT() REPRESENTATION_CONTEXT('2D SPACE',''
  ) );
#1298 = PCURVE('',#1299,#1304);
#1299 = CONICAL_SURFACE('',#1300,8.,9.291139735022E-03);
#1300 = AXIS2_PLACEMENT_3D('',#1301,#1302,#1303);
#1301 = CARTESIAN_POINT('',(442.878975,0.,-5.97446120354E-15));
#1302 = DIRECTION('',(-1.,-0.,-2.22044604925E-16));
#1303 = DIRECTION('',(2.22044604925E-16,0.,-1.));
#1304 = DEFINITIONAL_REPRESENTATION('',(#1305),#1309);
#1305 = LINE('',#1306,#1307);
#1306 = CARTESIAN_POINT('',(-0.,-53.8131625));
#1307 = VECTOR('',#1308,1.);
#1308 = DIRECTION('',(-1.,-0.));
#1309 = ( GEOMETRIC_REPRESENTATION_CONTEXT(2) 
PARAMETRIC_REPRESENTATION_CONTEXT() REPRESENTATION_CONTEXT('2D SPACE',''
  ) );
#1310 = ORIENTED_EDGE('',*,*,#1262,.T.);
#1311 = ADVANCED_FACE('',(#1312),#448,.T.);
#1312 = FACE_BOUND('',#1313,.T.);
#1313 = EDGE_LOOP('',(#1314,#1315,#1316,#1317,#1318,#1342));
#1314 = ORIENTED_EDGE('',*,*,#647,.T.);
#1315 = ORIENTED_EDGE('',*,*,#1185,.T.);
#1316 = ORIENTED_EDGE('',*,*,#1208,.T.);
#1317 = ORIENTED_EDGE('',*,*,#432,.T.);
#1318 = ORIENTED_EDGE('',*,*,#1319,.F.);
#1319 = EDGE_CURVE('',#1320,#433,#1322,.T.);
#1320 = VERTEX_POINT('',#1321);
#1321 = CARTESIAN_POINT('',(56.,-2.694222958124E-15,-11.));
#1322 = SURFACE_CURVE('',#1323,(#1328,#1335),.PCURVE_S1.);
#1323 = CIRCLE('',#1324,11.);
#1324 = AXIS2_PLACEMENT_3D('',#1325,#1326,#1327);
#1325 = CARTESIAN_POINT('',(56.,0.,-8.881784197001E-16));
#1326 = DIRECTION('',(1.,0.,2.22044604925E-16));
#1327 = DIRECTION('',(2.22044604925E-16,0.,-1.));
#1328 = PCURVE('',#448,#1329);
#1329 = DEFINITIONAL_REPRESENTATION('',(#1330),#1334);
#1330 = CIRCLE('',#1331,11.);
#1331 = AXIS2_PLACEMENT_2D('',#1332,#1333);
#1332 = CARTESIAN_POINT('',(7.105427357601E-15,0.));
#1333 = DIRECTION('',(1.,0.));
#1334 = ( GEOMETRIC_REPRESENTATION_CONTEXT(2) 
PARAMETRIC_REPRESENTATION_CONTEXT() REPRESENTATION_CONTEXT('2D SPACE',''
  ) );
#1335 = PCURVE('',#477,#1336);
#1336 = DEFINITIONAL_REPRESENTATION('',(#1337),#1341);
#1337 = LINE('',#1338,#1339);
#1338 = CARTESIAN_POINT('',(0.,56.));
#1339 = VECTOR('',#1340,1.);
#1340 = DIRECTION('',(1.,0.));
#1341 = ( GEOMETRIC_REPRESENTATION_CONTEXT(2) 
PARAMETRIC_REPRESENTATION_CONTEXT() REPRESENTATION_CONTEXT('2D SPACE',''
  ) );
#1342 = ORIENTED_EDGE('',*,*,#1343,.F.);
#1343 = EDGE_CURVE('',#619,#1320,#1344,.T.);
#1344 = SURFACE_CURVE('',#1345,(#1350,#1357),.PCURVE_S1.);
#1345 = CIRCLE('',#1346,11.);
#1346 = AXIS2_PLACEMENT_3D('',#1347,#1348,#1349);
#1347 = CARTESIAN_POINT('',(56.,0.,-8.881784197001E-16));
#1348 = DIRECTION('',(1.,0.,2.22044604925E-16));
#1349 = DIRECTION('',(2.22044604925E-16,0.,-1.));
#1350 = PCURVE('',#448,#1351);
#1351 = DEFINITIONAL_REPRESENTATION('',(#1352),#1356);
#1352 = CIRCLE('',#1353,11.);
#1353 = AXIS2_PLACEMENT_2D('',#1354,#1355);
#1354 = CARTESIAN_POINT('',(7.105427357601E-15,0.));
#1355 = DIRECTION('',(1.,0.));
#1356 = ( GEOMETRIC_REPRESENTATION_CONTEXT(2) 
PARAMETRIC_REPRESENTATION_CONTEXT() REPRESENTATION_CONTEXT('2D SPACE',''
  ) );
#1357 = PCURVE('',#477,#1358);
#1358 = DEFINITIONAL_REPRESENTATION('',(#1359),#1363);
#1359 = LINE('',#1360,#1361);
#1360 = CARTESIAN_POINT('',(0.,56.));
#1361 = VECTOR('',#1362,1.);
#1362 = DIRECTION('',(1.,0.));
#1363 = ( GEOMETRIC_REPRESENTATION_CONTEXT(2) 
PARAMETRIC_REPRESENTATION_CONTEXT() REPRESENTATION_CONTEXT('2D SPACE',''
  ) );
#1364 = ADVANCED_FACE('',(#1365),#477,.F.);
#1365 = FACE_BOUND('',#1366,.F.);
#1366 = EDGE_LOOP('',(#1367,#1388,#1389,#1390,#1413,#1435,#1436,#1437));
#1367 = ORIENTED_EDGE('',*,*,#1368,.F.);
#1368 = EDGE_CURVE('',#461,#591,#1369,.T.);
#1369 = SURFACE_CURVE('',#1370,(#1375,#1382),.PCURVE_S1.);
#1370 = CIRCLE('',#1371,11.);
#1371 = AXIS2_PLACEMENT_3D('',#1372,#1373,#1374);
#1372 = CARTESIAN_POINT('',(120.,0.,1.33226762955E-14));
#1373 = DIRECTION('',(1.,-0.,2.22044604925E-16));
#1374 = DIRECTION('',(2.22044604925E-16,0.,-1.));
#1375 = PCURVE('',#477,#1376);
#1376 = DEFINITIONAL_REPRESENTATION('',(#1377),#1381);
#1377 = LINE('',#1378,#1379);
#1378 = CARTESIAN_POINT('',(0.,120.));
#1379 = VECTOR('',#1380,1.);
#1380 = DIRECTION('',(1.,0.));
#1381 = ( GEOMETRIC_REPRESENTATION_CONTEXT(2) 
PARAMETRIC_REPRESENTATION_CONTEXT() REPRESENTATION_CONTEXT('2D SPACE',''
  ) );
#1382 = PCURVE('',#511,#1383);
#1383 = DEFINITIONAL_REPRESENTATION('',(#1384),#1387);
#1384 = B_SPLINE_CURVE_WITH_KNOTS('',1,(#1385,#1386),.UNSPECIFIED.,.F.,
  .F.,(2,2),(0.,6.28318530718),.PIECEWISE_BEZIER_KNOTS.);
#1385 = CARTESIAN_POINT('',(0.,0.));
#1386 = CARTESIAN_POINT('',(-6.28318530718,0.));
#1387 = ( GEOMETRIC_REPRESENTATION_CONTEXT(2) 
PARAMETRIC_REPRESENTATION_CONTEXT() REPRESENTATION_CONTEXT('2D SPACE',''
  ) );
#1388 = ORIENTED_EDGE('',*,*,#460,.T.);
#1389 = ORIENTED_EDGE('',*,*,#1319,.F.);
#1390 = ORIENTED_EDGE('',*,*,#1391,.F.);
#1391 = EDGE_CURVE('',#1392,#1320,#1394,.T.);
#1392 = VERTEX_POINT('',#1393);
#1393 = CARTESIAN_POINT('',(2.442490654175E-15,-2.694222958124E-15,-11.)
  );
#1394 = SEAM_CURVE('',#1395,(#1399,#1406),.PCURVE_S1.);
#1395 = LINE('',#1396,#1397);
#1396 = CARTESIAN_POINT('',(2.442490654175E-15,-2.694222958124E-15,-11.)
  );
#1397 = VECTOR('',#1398,1.);
#1398 = DIRECTION('',(1.,0.,2.22044604925E-16));
#1399 = PCURVE('',#477,#1400);
#1400 = DEFINITIONAL_REPRESENTATION('',(#1401),#1405);
#1401 = LINE('',#1402,#1403);
#1402 = CARTESIAN_POINT('',(6.28318530718,-0.));
#1403 = VECTOR('',#1404,1.);
#1404 = DIRECTION('',(0.,1.));
#1405 = ( GEOMETRIC_REPRESENTATION_CONTEXT(2) 
PARAMETRIC_REPRESENTATION_CONTEXT() REPRESENTATION_CONTEXT('2D SPACE',''
  ) );
#1406 = PCURVE('',#477,#1407);
#1407 = DEFINITIONAL_REPRESENTATION('',(#1408),#1412);
#1408 = LINE('',#1409,#1410);
#1409 = CARTESIAN_POINT('',(0.,-0.));
#1410 = VECTOR('',#1411,1.);
#1411 = DIRECTION('',(0.,1.));
#1412 = ( GEOMETRIC_REPRESENTATION_CONTEXT(2) 
PARAMETRIC_REPRESENTATION_CONTEXT() REPRESENTATION_CONTEXT('2D SPACE',''
  ) );
#1413 = ORIENTED_EDGE('',*,*,#1414,.T.);
#1414 = EDGE_CURVE('',#1392,#1392,#1415,.T.);
#1415 = SURFACE_CURVE('',#1416,(#1421,#1428),.PCURVE_S1.);
#1416 = CIRCLE('',#1417,11.);
#1417 = AXIS2_PLACEMENT_3D('',#1418,#1419,#1420);
#1418 = CARTESIAN_POINT('',(0.,0.,-1.33226762955E-14));
#1419 = DIRECTION('',(1.,-0.,2.22044604925E-16));
#1420 = DIRECTION('',(2.22044604925E-16,0.,-1.));
#1421 = PCURVE('',#477,#1422);
#1422 = DEFINITIONAL_REPRESENTATION('',(#1423),#1427);
#1423 = LINE('',#1424,#1425);
#1424 = CARTESIAN_POINT('',(0.,0.));
#1425 = VECTOR('',#1426,1.);
#1426 = DIRECTION('',(1.,0.));
#1427 = ( GEOMETRIC_REPRESENTATION_CONTEXT(2) 
PARAMETRIC_REPRESENTATION_CONTEXT() REPRESENTATION_CONTEXT('2D SPACE',''
  ) );
#1428 = PCURVE('',#1246,#1429);
#1429 = DEFINITIONAL_REPRESENTATION('',(#1430),#1434);
#1430 = CIRCLE('',#1431,11.);
#1431 = AXIS2_PLACEMENT_2D('',#1432,#1433);
#1432 = CARTESIAN_POINT('',(7.105427357601E-15,0.));
#1433 = DIRECTION('',(1.,0.));
#1434 = ( GEOMETRIC_REPRESENTATION_CONTEXT(2) 
PARAMETRIC_REPRESENTATION_CONTEXT() REPRESENTATION_CONTEXT('2D SPACE',''
  ) );
#1435 = ORIENTED_EDGE('',*,*,#1391,.T.);
#1436 = ORIENTED_EDGE('',*,*,#1343,.F.);
#1437 = ORIENTED_EDGE('',*,*,#618,.T.);
#1438 = ADVANCED_FACE('',(#1439),#511,.F.);
#1439 = FACE_BOUND('',#1440,.F.);
#1440 = EDGE_LOOP('',(#1441,#1462,#1463,#1464));
#1441 = ORIENTED_EDGE('',*,*,#1442,.F.);
#1442 = EDGE_CURVE('',#495,#562,#1443,.T.);
#1443 = SURFACE_CURVE('',#1444,(#1449,#1456),.PCURVE_S1.);
#1444 = CIRCLE('',#1445,10.5);
#1445 = AXIS2_PLACEMENT_3D('',#1446,#1447,#1448);
#1446 = CARTESIAN_POINT('',(173.8131625,0.,5.97446120354E-15));
#1447 = DIRECTION('',(1.,-0.,2.22044604925E-16));
#1448 = DIRECTION('',(2.22044604925E-16,0.,-1.));
#1449 = PCURVE('',#511,#1450);
#1450 = DEFINITIONAL_REPRESENTATION('',(#1451),#1455);
#1451 = LINE('',#1452,#1453);
#1452 = CARTESIAN_POINT('',(-0.,-53.8131625));
#1453 = VECTOR('',#1454,1.);
#1454 = DIRECTION('',(-1.,-0.));
#1455 = ( GEOMETRIC_REPRESENTATION_CONTEXT(2) 
PARAMETRIC_REPRESENTATION_CONTEXT() REPRESENTATION_CONTEXT('2D SPACE',''
  ) );
#1456 = PCURVE('',#544,#1457);
#1457 = DEFINITIONAL_REPRESENTATION('',(#1458),#1461);
#1458 = B_SPLINE_CURVE_WITH_KNOTS('',1,(#1459,#1460),.UNSPECIFIED.,.F.,
  .F.,(2,2),(0.,6.28318530718),.PIECEWISE_BEZIER_KNOTS.);
#1459 = CARTESIAN_POINT('',(0.,0.));
#1460 = CARTESIAN_POINT('',(-6.28318530718,0.));
#1461 = ( GEOMETRIC_REPRESENTATION_CONTEXT(2) 
PARAMETRIC_REPRESENTATION_CONTEXT() REPRESENTATION_CONTEXT('2D SPACE',''
  ) );
#1462 = ORIENTED_EDGE('',*,*,#494,.T.);
#1463 = ORIENTED_EDGE('',*,*,#1368,.T.);
#1464 = ORIENTED_EDGE('',*,*,#590,.T.);
#1465 = ADVANCED_FACE('',(#1466),#544,.F.);
#1466 = FACE_BOUND('',#1467,.F.);
#1467 = EDGE_LOOP('',(#1468,#1491,#1517,#1518,#1519,#1520));
#1468 = ORIENTED_EDGE('',*,*,#1469,.T.);
#1469 = EDGE_CURVE('',#528,#1470,#1472,.T.);
#1470 = VERTEX_POINT('',#1471);
#1471 = CARTESIAN_POINT('',(227.626325,-2.449293598295E-15,-10.));
#1472 = SEAM_CURVE('',#1473,(#1477,#1484),.PCURVE_S1.);
#1473 = LINE('',#1474,#1475);
#1474 = CARTESIAN_POINT('',(173.8131625,-2.571758278209E-15,-10.5));
#1475 = VECTOR('',#1476,1.);
#1476 = DIRECTION('',(0.999956837672,2.275640166177E-18,
    9.291006058896E-03));
#1477 = PCURVE('',#544,#1478);
#1478 = DEFINITIONAL_REPRESENTATION('',(#1479),#1483);
#1479 = LINE('',#1480,#1481);
#1480 = CARTESIAN_POINT('',(-6.28318530718,0.));
#1481 = VECTOR('',#1482,1.);
#1482 = DIRECTION('',(-0.,-1.));
#1483 = ( GEOMETRIC_REPRESENTATION_CONTEXT(2) 
PARAMETRIC_REPRESENTATION_CONTEXT() REPRESENTATION_CONTEXT('2D SPACE',''
  ) );
#1484 = PCURVE('',#544,#1485);
#1485 = DEFINITIONAL_REPRESENTATION('',(#1486),#1490);
#1486 = LINE('',#1487,#1488);
#1487 = CARTESIAN_POINT('',(0.,-0.));
#1488 = VECTOR('',#1489,1.);
#1489 = DIRECTION('',(-0.,-1.));
#1490 = ( GEOMETRIC_REPRESENTATION_CONTEXT(2) 
PARAMETRIC_REPRESENTATION_CONTEXT() REPRESENTATION_CONTEXT('2D SPACE',''
  ) );
#1491 = ORIENTED_EDGE('',*,*,#1492,.F.);
#1492 = EDGE_CURVE('',#1470,#1470,#1493,.T.);
#1493 = SURFACE_CURVE('',#1494,(#1499,#1506),.PCURVE_S1.);
#1494 = CIRCLE('',#1495,10.);
#1495 = AXIS2_PLACEMENT_3D('',#1496,#1497,#1498);
#1496 = CARTESIAN_POINT('',(227.626325,0.,5.97446120354E-15));
#1497 = DIRECTION('',(1.,-0.,2.22044604925E-16));
#1498 = DIRECTION('',(2.22044604925E-16,0.,-1.));
#1499 = PCURVE('',#544,#1500);
#1500 = DEFINITIONAL_REPRESENTATION('',(#1501),#1505);
#1501 = LINE('',#1502,#1503);
#1502 = CARTESIAN_POINT('',(-0.,-53.8131625));
#1503 = VECTOR('',#1504,1.);
#1504 = DIRECTION('',(-1.,-0.));
#1505 = ( GEOMETRIC_REPRESENTATION_CONTEXT(2) 
PARAMETRIC_REPRESENTATION_CONTEXT() REPRESENTATION_CONTEXT('2D SPACE',''
  ) );
#1506 = PCURVE('',#1507,#1512);
#1507 = CONICAL_SURFACE('',#1508,10.,9.291139735022E-03);
#1508 = AXIS2_PLACEMENT_3D('',#1509,#1510,#1511);
#1509 = CARTESIAN_POINT('',(227.626325,0.,-5.97446120354E-15));
#1510 = DIRECTION('',(-1.,-0.,-2.22044604925E-16));
#1511 = DIRECTION('',(2.22044604925E-16,0.,-1.));
#1512 = DEFINITIONAL_REPRESENTATION('',(#1513),#1516);
#1513 = B_SPLINE_CURVE_WITH_KNOTS('',1,(#1514,#1515),.UNSPECIFIED.,.F.,
  .F.,(2,2),(0.,6.28318530718),.PIECEWISE_BEZIER_KNOTS.);
#1514 = CARTESIAN_POINT('',(0.,0.));
#1515 = CARTESIAN_POINT('',(-6.28318530718,0.));
#1516 = ( GEOMETRIC_REPRESENTATION_CONTEXT(2) 
PARAMETRIC_REPRESENTATION_CONTEXT() REPRESENTATION_CONTEXT('2D SPACE',''
  ) );
#1517 = ORIENTED_EDGE('',*,*,#1469,.F.);
#1518 = ORIENTED_EDGE('',*,*,#527,.T.);
#1519 = ORIENTED_EDGE('',*,*,#1442,.T.);
#1520 = ORIENTED_EDGE('',*,*,#561,.T.);
#1521 = ADVANCED_FACE('',(#1522),#691,.F.);
#1522 = FACE_BOUND('',#1523,.F.);
#1523 = EDGE_LOOP('',(#1524,#1780,#1803,#1825,#1826,#1848,#1849));
#1524 = ORIENTED_EDGE('',*,*,#1525,.F.);
#1525 = EDGE_CURVE('',#1526,#1528,#1530,.T.);
#1526 = VERTEX_POINT('',#1527);
#1527 = CARTESIAN_POINT('',(448.56393106246,-1.646804442464E-15,
    -7.947178758891));
#1528 = VERTEX_POINT('',#1529);
#1529 = CARTESIAN_POINT('',(463.4573817154,-1.91260380842E-15,
    -7.808797645786));
#1530 = SURFACE_CURVE('',#1531,(#1612,#1696),.PCURVE_S1.);
#1531 = B_SPLINE_CURVE_WITH_KNOTS('',7,(#1532,#1533,#1534,#1535,#1536,
    #1537,#1538,#1539,#1540,#1541,#1542,#1543,#1544,#1545,#1546,#1547,
    #1548,#1549,#1550,#1551,#1552,#1553,#1554,#1555,#1556,#1557,#1558,
    #1559,#1560,#1561,#1562,#1563,#1564,#1565,#1566,#1567,#1568,#1569,
    #1570,#1571,#1572,#1573,#1574,#1575,#1576,#1577,#1578,#1579,#1580,
    #1581,#1582,#1583,#1584,#1585,#1586,#1587,#1588,#1589,#1590,#1591,
    #1592,#1593,#1594,#1595,#1596,#1597,#1598,#1599,#1600,#1601,#1602,
    #1603,#1604,#1605,#1606,#1607,#1608,#1609,#1610,#1611),
  .UNSPECIFIED.,.F.,.F.,(8,6,6,6,6,6,6,6,6,6,6,6,6,8),(0.,
    2.758123532681E-02,4.785707208182E-02,8.294763930367E-02,
    0.131091920905,0.18429363009,0.282639689211,0.380778905057,
    0.513352545673,0.657589171123,0.760258825063,0.854655947564,
    0.91824623754,1.),.UNSPECIFIED.);
#1532 = CARTESIAN_POINT('',(448.56393106246,-8.881784197001E-16,
    -7.947178758891));
#1533 = CARTESIAN_POINT('',(448.56393106251,-0.112143381216,
    -7.947178758881));
#1534 = CARTESIAN_POINT('',(448.56921098567,-0.224331275482,
    -7.945283508844));
#1535 = CARTESIAN_POINT('',(448.57977853612,-0.335572836581,
    -7.941490186209));
#1536 = CARTESIAN_POINT('',(448.59537438332,-0.445108340724,
    -7.935893932473));
#1537 = CARTESIAN_POINT('',(448.61558346006,-0.552367180537,
    -7.928647378003));
#1538 = CARTESIAN_POINT('',(448.63991893269,-0.656936358148,
    -7.919929709284));
#1539 = CARTESIAN_POINT('',(448.68843305667,-0.833231137626,
    -7.902570705809));
#1540 = CARTESIAN_POINT('',(448.71095705137,-0.90635893981,
    -7.894516781498));
#1541 = CARTESIAN_POINT('',(448.73526871132,-0.977863906002,
    -7.88583060817));
#1542 = CARTESIAN_POINT('',(448.76119303592,-1.047723535108,
    -7.87657669557));
#1543 = CARTESIAN_POINT('',(448.78856794641,-1.115946048873,
    -7.866814846925));
#1544 = CARTESIAN_POINT('',(448.81725009211,-1.182564637909,
    -7.856598045177));
#1545 = CARTESIAN_POINT('',(448.89881642931,-1.360240642935,
    -7.827577400115));
#1546 = CARTESIAN_POINT('',(448.95404580712,-1.468148412225,
    -7.807962970451));
#1547 = CARTESIAN_POINT('',(449.01220039788,-1.571676247806,
    -7.787352784797));
#1548 = CARTESIAN_POINT('',(449.07278989918,-1.671118405848,
    -7.765929213494));
#1549 = CARTESIAN_POINT('',(449.1354277248,-1.766764912419,
    -7.743836387047));
#1550 = CARTESIAN_POINT('',(449.19982421548,-1.858912667558,
    -7.721183012793));
#1551 = CARTESIAN_POINT('',(449.35628901359,-2.069907439936,
    -7.666294611488));
#1552 = CARTESIAN_POINT('',(449.44967767289,-2.185852383711,
    -7.633651867322));
#1553 = CARTESIAN_POINT('',(449.54540294038,-2.296430426761,
    -7.600324127636));
#1554 = CARTESIAN_POINT('',(449.64305801301,-2.402177320197,
    -7.566467753612));
#1555 = CARTESIAN_POINT('',(449.74233869438,-2.503534954981,
    -7.532201265375));
#1556 = CARTESIAN_POINT('',(449.84302362515,-2.600901435069,
    -7.497613241436));
#1557 = CARTESIAN_POINT('',(450.05763778919,-2.798204808597,
    -7.424251504807));
#1558 = CARTESIAN_POINT('',(450.17181200854,-2.897305971725,
    -7.385431826151));
#1559 = CARTESIAN_POINT('',(450.28727685136,-2.992386667944,
    -7.346395988381));
#1560 = CARTESIAN_POINT('',(450.40386132904,-3.083794996875,
    -7.307217712303));
#1561 = CARTESIAN_POINT('',(450.52143253956,-3.17181789806,
    -7.26795709443));
#1562 = CARTESIAN_POINT('',(450.63988894337,-3.256705179931,
    -7.228663454458));
#1563 = CARTESIAN_POINT('',(450.97963703988,-3.490196970376,
    -7.116751700804));
#1564 = CARTESIAN_POINT('',(451.20285041305,-3.631715889626,
    -7.044164209506));
#1565 = CARTESIAN_POINT('',(451.42832877503,-3.764599310335,
    -6.971869128185));
#1566 = CARTESIAN_POINT('',(451.65575103202,-3.889741652697,
    -6.900073640926));
#1567 = CARTESIAN_POINT('',(451.8848864463,-4.007853045718,
    -6.828961335641));
#1568 = CARTESIAN_POINT('',(452.11559056397,-4.119487679242,
    -6.758697639023));
#1569 = CARTESIAN_POINT('',(452.57951176037,-4.330489160255,
    -6.620329288928));
#1570 = CARTESIAN_POINT('',(452.81269209254,-4.429867433816,
    -6.552229496327));
#1571 = CARTESIAN_POINT('',(453.04724157315,-4.52367396048,
    -6.485305671741));
#1572 = CARTESIAN_POINT('',(453.2830951195,-4.61222925372,
    -6.419727716571));
#1573 = CARTESIAN_POINT('',(453.5202127643,-4.695773557959,
    -6.355676048632));
#1574 = CARTESIAN_POINT('',(453.75857873811,-4.774486065431,
    -6.293347993563));
#1575 = CARTESIAN_POINT('',(454.32190784887,-4.948446945781,
    -6.151396489234));
#1576 = CARTESIAN_POINT('',(454.64787190847,-5.039795088674,
    -6.073387687123));
#1577 = CARTESIAN_POINT('',(454.976144165,-5.122831974275,
    -5.999478618135));
#1578 = CARTESIAN_POINT('',(455.3067866779,-5.197631522849,
    -5.930315548809));
#1579 = CARTESIAN_POINT('',(455.63987847324,-5.264083160285,
    -5.866674546317));
#1580 = CARTESIAN_POINT('',(455.97553431093,-5.321856849394,
    -5.809514692136));
#1581 = CARTESIAN_POINT('',(456.68211549884,-5.422980851151,
    -5.706257702843));
#1582 = CARTESIAN_POINT('',(457.05327942842,-5.464576792145,
    -5.661615694234));
#1583 = CARTESIAN_POINT('',(457.42794765204,-5.494286265584,
    -5.627647544629));
#1584 = CARTESIAN_POINT('',(457.80630539947,-5.510737303525,
    -5.606352420299));
#1585 = CARTESIAN_POINT('',(458.188211817,-5.511856131625,
    -5.600241369566));
#1586 = CARTESIAN_POINT('',(458.57323132515,-5.494637723897,
    -5.612472487863));
#1587 = CARTESIAN_POINT('',(459.23626303122,-5.425502345401,
    -5.670688957833));
#1588 = CARTESIAN_POINT('',(459.51298392453,-5.385030745455,
    -5.705916976768));
#1589 = CARTESIAN_POINT('',(459.79031706021,-5.331127974543,
    -5.753374576333));
#1590 = CARTESIAN_POINT('',(460.06736522292,-5.261689850625,
    -5.814257588735));
#1591 = CARTESIAN_POINT('',(460.34273326638,-5.174244754509,
    -5.889554048052));
#1592 = CARTESIAN_POINT('',(460.61451515562,-5.066015046488,
    -5.97946529948));
#1593 = CARTESIAN_POINT('',(461.12475934283,-4.813738945336,
    -6.178012329633));
#1594 = CARTESIAN_POINT('',(461.36420956466,-4.673247412349,
    -6.28458263777));
#1595 = CARTESIAN_POINT('',(461.59647476,-4.511398117764,-6.401637493147
    ));
#1596 = CARTESIAN_POINT('',(461.81932880705,-4.326770349187,
    -6.527299247765));
#1597 = CARTESIAN_POINT('',(462.03067199517,-4.118509642324,
    -6.658655605931));
#1598 = CARTESIAN_POINT('',(462.22855146493,-3.886582155221,
    -6.792080916484));
#1599 = CARTESIAN_POINT('',(462.53421603144,-3.46054847628,
    -7.012362206409));
#1600 = CARTESIAN_POINT('',(462.65036710406,-3.278747193213,
    -7.100233479264));
#1601 = CARTESIAN_POINT('',(462.75912967264,-3.086869737905,
    -7.186157178686));
#1602 = CARTESIAN_POINT('',(462.86005743552,-2.885306848144,
    -7.268951675596));
#1603 = CARTESIAN_POINT('',(462.95274619175,-2.67459383011,
    -7.347459405872));
#1604 = CARTESIAN_POINT('',(463.03682481312,-2.455417375334,
    -7.420591574644));
#1605 = CARTESIAN_POINT('',(463.20855096949,-1.937064186691,
    -7.573215679184));
#1606 = CARTESIAN_POINT('',(463.29040140455,-1.632789477662,
    -7.64859634834));
#1607 = CARTESIAN_POINT('',(463.35671446219,-1.317770022025,
    -7.711354170216));
#1608 = CARTESIAN_POINT('',(463.40691620674,-0.994275232948,
    -7.759732689849));
#1609 = CARTESIAN_POINT('',(463.44056579743,-0.664859980153,
    -7.792448315415));
#1610 = CARTESIAN_POINT('',(463.45738171541,-0.332373958095,
    -7.808797645786));
#1611 = CARTESIAN_POINT('',(463.45738171541,-9.769962616701E-15,
    -7.808797645786));
#1612 = PCURVE('',#691,#1613);
#1613 = DEFINITIONAL_REPRESENTATION('',(#1614),#1695);
#1614 = B_SPLINE_CURVE_WITH_KNOTS('',7,(#1615,#1616,#1617,#1618,#1619,
    #1620,#1621,#1622,#1623,#1624,#1625,#1626,#1627,#1628,#1629,#1630,
    #1631,#1632,#1633,#1634,#1635,#1636,#1637,#1638,#1639,#1640,#1641,
    #1642,#1643,#1644,#1645,#1646,#1647,#1648,#1649,#1650,#1651,#1652,
    #1653,#1654,#1655,#1656,#1657,#1658,#1659,#1660,#1661,#1662,#1663,
    #1664,#1665,#1666,#1667,#1668,#1669,#1670,#1671,#1672,#1673,#1674,
    #1675,#1676,#1677,#1678,#1679,#1680,#1681,#1682,#1683,#1684,#1685,
    #1686,#1687,#1688,#1689,#1690,#1691,#1692,#1693,#1694),
  .UNSPECIFIED.,.F.,.F.,(8,6,6,6,6,6,6,6,6,6,6,6,6,8),(0.,
    2.758123532681E-02,4.785707208182E-02,8.294763930367E-02,
    0.131091920905,0.18429363009,0.282639689211,0.380778905057,
    0.513352545673,0.657589171123,0.760258825063,0.854655947564,
    0.91824623754,1.),.UNSPECIFIED.);
#1615 = CARTESIAN_POINT('',(6.283185306916,15.598412649238));
#1616 = CARTESIAN_POINT('',(6.26279560124,15.598412649197));
#1617 = CARTESIAN_POINT('',(6.24239780948,15.59347775862));
#1618 = CARTESIAN_POINT('',(6.222158203429,15.583600734209));
#1619 = CARTESIAN_POINT('',(6.202201098059,15.569025489367));
#1620 = CARTESIAN_POINT('',(6.182619064351,15.550142678705));
#1621 = CARTESIAN_POINT('',(6.163479568592,15.527410625743));
#1622 = CARTESIAN_POINT('',(6.13111670934,15.48210802026));
#1623 = CARTESIAN_POINT('',(6.11766192234,15.461079128453));
#1624 = CARTESIAN_POINT('',(6.1044723413,15.438386423067));
#1625 = CARTESIAN_POINT('',(6.091550740668,15.414194729357));
#1626 = CARTESIAN_POINT('',(6.078894863791,15.388656744361));
#1627 = CARTESIAN_POINT('',(6.066498281524,15.361907588084));
#1628 = CARTESIAN_POINT('',(6.033328878141,15.285863548132));
#1629 = CARTESIAN_POINT('',(6.013064050944,15.234399989349));
#1630 = CARTESIAN_POINT('',(5.993497210002,15.180242787152));
#1631 = CARTESIAN_POINT('',(5.974575976558,15.123854951093));
#1632 = CARTESIAN_POINT('',(5.95624973801,15.065601799593));
#1633 = CARTESIAN_POINT('',(5.938466577196,15.005757588266));
#1634 = CARTESIAN_POINT('',(5.897445121961,14.860467258301));
#1635 = CARTESIAN_POINT('',(5.874654453777,14.773836395917));
#1636 = CARTESIAN_POINT('',(5.852671981155,14.685136120215));
#1637 = CARTESIAN_POINT('',(5.83140505908,14.594754349684));
#1638 = CARTESIAN_POINT('',(5.810777783117,14.502982349087));
#1639 = CARTESIAN_POINT('',(5.790721170188,14.410033805243));
#1640 = CARTESIAN_POINT('',(5.749570703058,14.212181242904));
#1641 = CARTESIAN_POINT('',(5.728595763696,14.107079508172));
#1642 = CARTESIAN_POINT('',(5.70816886866,14.000955536306));
#1643 = CARTESIAN_POINT('',(5.68822953606,13.893978335525));
#1644 = CARTESIAN_POINT('',(5.668727747238,13.786281351366));
#1645 = CARTESIAN_POINT('',(5.649619420223,13.67796907454));
#1646 = CARTESIAN_POINT('',(5.59619769567,13.367902088056));
#1647 = CARTESIAN_POINT('',(5.562747834588,13.164887828429));
#1648 = CARTESIAN_POINT('',(5.53026998747,12.960579899826));
#1649 = CARTESIAN_POINT('',(5.498599187945,12.755346877948));
#1650 = CARTESIAN_POINT('',(5.467598780304,12.549479469023));
#1651 = CARTESIAN_POINT('',(5.437154152042,12.343197275082));
#1652 = CARTESIAN_POINT('',(5.377230216452,11.930563974734));
#1653 = CARTESIAN_POINT('',(5.347752948345,11.724241009966));
#1654 = CARTESIAN_POINT('',(5.318628478248,11.517880235901));
#1655 = CARTESIAN_POINT('',(5.28977241391,11.311651622038));
#1656 = CARTESIAN_POINT('',(5.261108608699,11.105716210525));
#1657 = CARTESIAN_POINT('',(5.232563919416,10.900231488645));
#1658 = CARTESIAN_POINT('',(5.165567616736,10.41859361515));
#1659 = CARTESIAN_POINT('',(5.127158495356,10.142975094474));
#1660 = CARTESIAN_POINT('',(5.088655988962,9.868869689466));
#1661 = CARTESIAN_POINT('',(5.049884771997,9.596717313575));
#1662 = CARTESIAN_POINT('',(5.010663485569,9.327043231165));
#1663 = CARTESIAN_POINT('',(4.970786412977,9.060485166407));
#1664 = CARTESIAN_POINT('',(4.885624684918,8.512072623778));
#1665 = CARTESIAN_POINT('',(4.840204954384,8.231142688482));
#1666 = CARTESIAN_POINT('',(4.793380739078,7.955823978105));
#1667 = CARTESIAN_POINT('',(4.744773660765,7.687481825854));
#1668 = CARTESIAN_POINT('',(4.693946841765,7.42808040323));
#1669 = CARTESIAN_POINT('',(4.640368601258,7.180262462939));
#1670 = CARTESIAN_POINT('',(4.542708776655,6.781173123808));
#1671 = CARTESIAN_POINT('',(4.500362630274,6.622751580143));
#1672 = CARTESIAN_POINT('',(4.456039414173,6.473029827116));
#1673 = CARTESIAN_POINT('',(4.409513723704,6.33349721747));
#1674 = CARTESIAN_POINT('',(4.360581240126,6.205820614459));
#1675 = CARTESIAN_POINT('',(4.309083699859,6.09142189244));
#1676 = CARTESIAN_POINT('',(4.205222402556,5.89880460249));
#1677 = CARTESIAN_POINT('',(4.153248942702,5.818388461884));
#1678 = CARTESIAN_POINT('',(4.099091057405,5.750575642845));
#1679 = CARTESIAN_POINT('',(4.042827421245,5.695453224534));
#1680 = CARTESIAN_POINT('',(3.984586611496,5.65225334583));
#1681 = CARTESIAN_POINT('',(3.924535056594,5.619578857463));
#1682 = CARTESIAN_POINT('',(3.821383654968,5.579666868522));
#1683 = CARTESIAN_POINT('',(3.779134404213,5.567602837408));
#1684 = CARTESIAN_POINT('',(3.73620921063,5.559018716544));
#1685 = CARTESIAN_POINT('',(3.692660718152,5.553332273938));
#1686 = CARTESIAN_POINT('',(3.648539920544,5.549951106477));
#1687 = CARTESIAN_POINT('',(3.603898927944,5.548311959217));
#1688 = CARTESIAN_POINT('',(3.500810557626,5.547388719168));
#1689 = CARTESIAN_POINT('',(3.442036173323,5.548911101244));
#1690 = CARTESIAN_POINT('',(3.382629696456,5.55140048991));
#1691 = CARTESIAN_POINT('',(3.322730830874,5.553931705871));
#1692 = CARTESIAN_POINT('',(3.262476139132,5.555842933236));
#1693 = CARTESIAN_POINT('',(3.202024282334,5.556798153344));
#1694 = CARTESIAN_POINT('',(3.14159265359,5.556798153344));
#1695 = ( GEOMETRIC_REPRESENTATION_CONTEXT(2) 
PARAMETRIC_REPRESENTATION_CONTEXT() REPRESENTATION_CONTEXT('2D SPACE',''
  ) );
#1696 = PCURVE('',#1299,#1697);
#1697 = DEFINITIONAL_REPRESENTATION('',(#1698),#1779);
#1698 = B_SPLINE_CURVE_WITH_KNOTS('',7,(#1699,#1700,#1701,#1702,#1703,
    #1704,#1705,#1706,#1707,#1708,#1709,#1710,#1711,#1712,#1713,#1714,
    #1715,#1716,#1717,#1718,#1719,#1720,#1721,#1722,#1723,#1724,#1725,
    #1726,#1727,#1728,#1729,#1730,#1731,#1732,#1733,#1734,#1735,#1736,
    #1737,#1738,#1739,#1740,#1741,#1742,#1743,#1744,#1745,#1746,#1747,
    #1748,#1749,#1750,#1751,#1752,#1753,#1754,#1755,#1756,#1757,#1758,
    #1759,#1760,#1761,#1762,#1763,#1764,#1765,#1766,#1767,#1768,#1769,
    #1770,#1771,#1772,#1773,#1774,#1775,#1776,#1777,#1778),
  .UNSPECIFIED.,.F.,.F.,(8,6,6,6,6,6,6,6,6,6,6,6,6,8),(0.,
    2.758123532681E-02,4.785707208182E-02,8.294763930367E-02,
    0.131091920905,0.18429363009,0.282639689211,0.380778905057,
    0.513352545673,0.657589171123,0.760258825063,0.854655947564,
    0.91824623754,1.),.UNSPECIFIED.);
#1699 = CARTESIAN_POINT('',(-6.28318530718,-5.684956062464));
#1700 = CARTESIAN_POINT('',(-6.269074213845,-5.684956062515));
#1701 = CARTESIAN_POINT('',(-6.254957521563,-5.690235985678));
#1702 = CARTESIAN_POINT('',(-6.240954942462,-5.700803536123));
#1703 = CARTESIAN_POINT('',(-6.227157125552,-5.716399383324));
#1704 = CARTESIAN_POINT('',(-6.213631912231,-5.736608460068));
#1705 = CARTESIAN_POINT('',(-6.200428639018,-5.760943932694));
#1706 = CARTESIAN_POINT('',(-6.178135405782,-5.809458056675));
#1707 = CARTESIAN_POINT('',(-6.168877301804,-5.83198205137));
#1708 = CARTESIAN_POINT('',(-6.159812912481,-5.856293711327));
#1709 = CARTESIAN_POINT('',(-6.150944661341,-5.882218035925));
#1710 = CARTESIAN_POINT('',(-6.142271313089,-5.909592946419));
#1711 = CARTESIAN_POINT('',(-6.133788628149,-5.93827509212));
#1712 = CARTESIAN_POINT('',(-6.111127948268,-6.019841429317));
#1713 = CARTESIAN_POINT('',(-6.097324111344,-6.075070807125));
#1714 = CARTESIAN_POINT('',(-6.084038097098,-6.133225397883));
#1715 = CARTESIAN_POINT('',(-6.071233744198,-6.193814899181));
#1716 = CARTESIAN_POINT('',(-6.058875785364,-6.256452724801));
#1717 = CARTESIAN_POINT('',(-6.046928070091,-6.32084921548));
#1718 = CARTESIAN_POINT('',(-6.019472859553,-6.477314013591));
#1719 = CARTESIAN_POINT('',(-6.004305226205,-6.57070267289));
#1720 = CARTESIAN_POINT('',(-5.989761312279,-6.666427940387));
#1721 = CARTESIAN_POINT('',(-5.97577668308,-6.764083013018));
#1722 = CARTESIAN_POINT('',(-5.962298596063,-6.863363694381));
#1723 = CARTESIAN_POINT('',(-5.949279468995,-6.964048625159));
#1724 = CARTESIAN_POINT('',(-5.922750341019,-7.178662789194));
#1725 = CARTESIAN_POINT('',(-5.90933665716,-7.292837008541));
#1726 = CARTESIAN_POINT('',(-5.896381813281,-7.408301851361));
#1727 = CARTESIAN_POINT('',(-5.883844887795,-7.524886329041));
#1728 = CARTESIAN_POINT('',(-5.871692478133,-7.642457539569));
#1729 = CARTESIAN_POINT('',(-5.859895650126,-7.760913943372));
#1730 = CARTESIAN_POINT('',(-5.827233376303,-8.100662039884));
#1731 = CARTESIAN_POINT('',(-5.807171235215,-8.323875413052));
#1732 = CARTESIAN_POINT('',(-5.788085327468,-8.549353775034));
#1733 = CARTESIAN_POINT('',(-5.769876968201,-8.776776032027));
#1734 = CARTESIAN_POINT('',(-5.752470307474,-9.005911446308));
#1735 = CARTESIAN_POINT('',(-5.735808852922,-9.236615563974));
#1736 = CARTESIAN_POINT('',(-5.703922282272,-9.700536760375));
#1737 = CARTESIAN_POINT('',(-5.688696316738,-9.933717092543));
#1738 = CARTESIAN_POINT('',(-5.674129107943,-10.16826657315));
#1739 = CARTESIAN_POINT('',(-5.660194485972,-10.4041201195));
#1740 = CARTESIAN_POINT('',(-5.646877295524,-10.6412377643));
#1741 = CARTESIAN_POINT('',(-5.634171348526,-10.87960373811));
#1742 = CARTESIAN_POINT('',(-5.605745942469,-11.44293284887));
#1743 = CARTESIAN_POINT('',(-5.590535301135,-11.76889690847));
#1744 = CARTESIAN_POINT('',(-5.57645419754,-12.097169165));
#1745 = CARTESIAN_POINT('',(-5.563544344392,-12.4278116779));
#1746 = CARTESIAN_POINT('',(-5.551879448702,-12.76090347324));
#1747 = CARTESIAN_POINT('',(-5.541572200794,-13.09655931093));
#1748 = CARTESIAN_POINT('',(-5.523238899755,-13.80314049884));
#1749 = CARTESIAN_POINT('',(-5.515500261723,-14.17430442842));
#1750 = CARTESIAN_POINT('',(-5.509782041646,-14.54897265204));
#1751 = CARTESIAN_POINT('',(-5.506389193858,-14.92733039947));
#1752 = CARTESIAN_POINT('',(-5.505739752603,-15.309236817));
#1753 = CARTESIAN_POINT('',(-5.508392519614,-15.69425632515));
#1754 = CARTESIAN_POINT('',(-5.51987849184,-16.35728803122));
#1755 = CARTESIAN_POINT('',(-5.526707605996,-16.63400892453));
#1756 = CARTESIAN_POINT('',(-5.535856130368,-16.91134206021));
#1757 = CARTESIAN_POINT('',(-5.54762718102,-17.18839022293));
#1758 = CARTESIAN_POINT('',(-5.562341752273,-17.46375826637));
#1759 = CARTESIAN_POINT('',(-5.580288419515,-17.73554015562));
#1760 = CARTESIAN_POINT('',(-5.621270371904,-18.24578434283));
#1761 = CARTESIAN_POINT('',(-5.643784637567,-18.48523456466));
#1762 = CARTESIAN_POINT('',(-5.669288393692,-18.71749976));
#1763 = CARTESIAN_POINT('',(-5.697802953234,-18.94035380705));
#1764 = CARTESIAN_POINT('',(-5.729238634657,-19.15169699517));
#1765 = CARTESIAN_POINT('',(-5.763416486055,-19.34957646493));
#1766 = CARTESIAN_POINT('',(-5.824758607753,-19.65524103144));
#1767 = CARTESIAN_POINT('',(-5.850579364728,-19.77139210406));
#1768 = CARTESIAN_POINT('',(-5.877458530212,-19.88015467264));
#1769 = CARTESIAN_POINT('',(-5.90531585365,-19.98108243552));
#1770 = CARTESIAN_POINT('',(-5.934066466296,-20.07377119175));
#1771 = CARTESIAN_POINT('',(-5.963621261623,-20.15784981312));
#1772 = CARTESIAN_POINT('',(-6.03279083726,-20.32957596949));
#1773 = CARTESIAN_POINT('',(-6.07288503999,-20.41142640455));
#1774 = CARTESIAN_POINT('',(-6.113940956053,-20.47773946219));
#1775 = CARTESIAN_POINT('',(-6.155735330552,-20.52794120674));
#1776 = CARTESIAN_POINT('',(-6.198042890231,-20.56159079743));
#1777 = CARTESIAN_POINT('',(-6.240621269389,-20.57840671541));
#1778 = CARTESIAN_POINT('',(-6.28318530718,-20.57840671541));
#1779 = ( GEOMETRIC_REPRESENTATION_CONTEXT(2) 
PARAMETRIC_REPRESENTATION_CONTEXT() REPRESENTATION_CONTEXT('2D SPACE',''
  ) );
#1780 = ORIENTED_EDGE('',*,*,#1781,.T.);
#1781 = EDGE_CURVE('',#1526,#1782,#1784,.T.);
#1782 = VERTEX_POINT('',#1783);
#1783 = CARTESIAN_POINT('',(438.62206108257,-1.347111479062E-15,
    -19.04322614861));
#1784 = SEAM_CURVE('',#1785,(#1789,#1796),.PCURVE_S1.);
#1785 = LINE('',#1786,#1787);
#1786 = CARTESIAN_POINT('',(458.97291038916,-1.347111479062E-15,
    3.670205910319));
#1787 = VECTOR('',#1788,1.);
#1788 = DIRECTION('',(-0.667310165512,0.,-0.744779929243));
#1789 = PCURVE('',#691,#1790);
#1790 = DEFINITIONAL_REPRESENTATION('',(#1791),#1795);
#1791 = LINE('',#1792,#1793);
#1792 = CARTESIAN_POINT('',(0.,-0.));
#1793 = VECTOR('',#1794,1.);
#1794 = DIRECTION('',(0.,1.));
#1795 = ( GEOMETRIC_REPRESENTATION_CONTEXT(2) 
PARAMETRIC_REPRESENTATION_CONTEXT() REPRESENTATION_CONTEXT('2D SPACE',''
  ) );
#1796 = PCURVE('',#691,#1797);
#1797 = DEFINITIONAL_REPRESENTATION('',(#1798),#1802);
#1798 = LINE('',#1799,#1800);
#1799 = CARTESIAN_POINT('',(6.28318530718,-0.));
#1800 = VECTOR('',#1801,1.);
#1801 = DIRECTION('',(0.,1.));
#1802 = ( GEOMETRIC_REPRESENTATION_CONTEXT(2) 
PARAMETRIC_REPRESENTATION_CONTEXT() REPRESENTATION_CONTEXT('2D SPACE',''
  ) );
#1803 = ORIENTED_EDGE('',*,*,#1804,.F.);
#1804 = EDGE_CURVE('',#673,#1782,#1805,.T.);
#1805 = SURFACE_CURVE('',#1806,(#1811,#1818),.PCURVE_S1.);
#1806 = CIRCLE('',#1807,5.5);
#1807 = AXIS2_PLACEMENT_3D('',#1808,#1809,#1810);
#1808 = CARTESIAN_POINT('',(442.71835069341,0.,-22.71343205893));
#1809 = DIRECTION('',(-0.667310165512,0.,-0.744779929243));
#1810 = DIRECTION('',(-0.744779929243,0.,0.667310165512));
#1811 = PCURVE('',#691,#1812);
#1812 = DEFINITIONAL_REPRESENTATION('',(#1813),#1817);
#1813 = LINE('',#1814,#1815);
#1814 = CARTESIAN_POINT('',(0.,30.496836940821));
#1815 = VECTOR('',#1816,1.);
#1816 = DIRECTION('',(1.,0.));
#1817 = ( GEOMETRIC_REPRESENTATION_CONTEXT(2) 
PARAMETRIC_REPRESENTATION_CONTEXT() REPRESENTATION_CONTEXT('2D SPACE',''
  ) );
#1818 = PCURVE('',#729,#1819);
#1819 = DEFINITIONAL_REPRESENTATION('',(#1820),#1824);
#1820 = CIRCLE('',#1821,5.5);
#1821 = AXIS2_PLACEMENT_2D('',#1822,#1823);
#1822 = CARTESIAN_POINT('',(0.,0.));
#1823 = DIRECTION('',(1.,0.));
#1824 = ( GEOMETRIC_REPRESENTATION_CONTEXT(2) 
PARAMETRIC_REPRESENTATION_CONTEXT() REPRESENTATION_CONTEXT('2D SPACE',''
  ) );
#1825 = ORIENTED_EDGE('',*,*,#672,.T.);
#1826 = ORIENTED_EDGE('',*,*,#1827,.F.);
#1827 = EDGE_CURVE('',#1782,#675,#1828,.T.);
#1828 = SURFACE_CURVE('',#1829,(#1834,#1841),.PCURVE_S1.);
#1829 = CIRCLE('',#1830,5.5);
#1830 = AXIS2_PLACEMENT_3D('',#1831,#1832,#1833);
#1831 = CARTESIAN_POINT('',(442.71835069341,0.,-22.71343205893));
#1832 = DIRECTION('',(-0.667310165512,0.,-0.744779929243));
#1833 = DIRECTION('',(-0.744779929243,0.,0.667310165512));
#1834 = PCURVE('',#691,#1835);
#1835 = DEFINITIONAL_REPRESENTATION('',(#1836),#1840);
#1836 = LINE('',#1837,#1838);
#1837 = CARTESIAN_POINT('',(0.,30.496836940821));
#1838 = VECTOR('',#1839,1.);
#1839 = DIRECTION('',(1.,0.));
#1840 = ( GEOMETRIC_REPRESENTATION_CONTEXT(2) 
PARAMETRIC_REPRESENTATION_CONTEXT() REPRESENTATION_CONTEXT('2D SPACE',''
  ) );
#1841 = PCURVE('',#729,#1842);
#1842 = DEFINITIONAL_REPRESENTATION('',(#1843),#1847);
#1843 = CIRCLE('',#1844,5.5);
#1844 = AXIS2_PLACEMENT_2D('',#1845,#1846);
#1845 = CARTESIAN_POINT('',(0.,0.));
#1846 = DIRECTION('',(1.,0.));
#1847 = ( GEOMETRIC_REPRESENTATION_CONTEXT(2) 
PARAMETRIC_REPRESENTATION_CONTEXT() REPRESENTATION_CONTEXT('2D SPACE',''
  ) );
#1848 = ORIENTED_EDGE('',*,*,#1781,.F.);
#1849 = ORIENTED_EDGE('',*,*,#1850,.F.);
#1850 = EDGE_CURVE('',#1528,#1526,#1851,.T.);
#1851 = SURFACE_CURVE('',#1852,(#1925,#2001),.PCURVE_S1.);
#1852 = B_SPLINE_CURVE_WITH_KNOTS('',8,(#1853,#1854,#1855,#1856,#1857,
    #1858,#1859,#1860,#1861,#1862,#1863,#1864,#1865,#1866,#1867,#1868,
    #1869,#1870,#1871,#1872,#1873,#1874,#1875,#1876,#1877,#1878,#1879,
    #1880,#1881,#1882,#1883,#1884,#1885,#1886,#1887,#1888,#1889,#1890,
    #1891,#1892,#1893,#1894,#1895,#1896,#1897,#1898,#1899,#1900,#1901,
    #1902,#1903,#1904,#1905,#1906,#1907,#1908,#1909,#1910,#1911,#1912,
    #1913,#1914,#1915,#1916,#1917,#1918,#1919,#1920,#1921,#1922,#1923,
    #1924),.UNSPECIFIED.,.F.,.F.,(9,7,7,7,7,7,7,7,7,7,9),(0.,
    0.105789303568,0.200874864776,0.283730878645,0.473196941826,
    0.619164317838,0.739476441602,0.86271640423,0.941600570147,
    0.968648026009,1.),.UNSPECIFIED.);
#1853 = CARTESIAN_POINT('',(463.45738171541,3.367778697655E-16,
    -7.808797645786));
#1854 = CARTESIAN_POINT('',(463.45738171541,0.376501529038,
    -7.808797645786));
#1855 = CARTESIAN_POINT('',(463.43624463772,0.753233132227,
    -7.788247732548));
#1856 = CARTESIAN_POINT('',(463.39392874626,1.125741015439,
    -7.747103767346));
#1857 = CARTESIAN_POINT('',(463.33085639132,1.49014903886,
    -7.686389462925));
#1858 = CARTESIAN_POINT('',(463.24766608941,1.843061882843,
    -7.607917964864));
#1859 = CARTESIAN_POINT('',(463.14514522089,2.181532381465,
    -7.514149686686));
#1860 = CARTESIAN_POINT('',(463.02428254354,2.503071621137,
    -7.408078116552));
#1861 = CARTESIAN_POINT('',(462.76242987874,3.077671281033,
    -7.189632519911));
#1862 = CARTESIAN_POINT('',(462.62459014413,3.334640501194,
    -7.078878453954));
#1863 = CARTESIAN_POINT('',(462.47370109566,3.575211800945,
    -6.963119988925));
#1864 = CARTESIAN_POINT('',(462.31069784742,3.798466278191,
    -6.84484728968));
#1865 = CARTESIAN_POINT('',(462.13660759559,4.003890342923,
    -6.726569664421));
#1866 = CARTESIAN_POINT('',(461.95258514104,4.191358241694,
    -6.61065195354));
#1867 = CARTESIAN_POINT('',(461.7599493852,4.361110954248,
    -6.499153069541));
#1868 = CARTESIAN_POINT('',(461.38611130925,4.646651008973,
    -6.301825444272));
#1869 = CARTESIAN_POINT('',(461.20657863576,4.766606654501,
    -6.214515212098));
#1870 = CARTESIAN_POINT('',(461.02252963538,4.873933763833,
    -6.132847387139));
#1871 = CARTESIAN_POINT('',(460.83487059296,4.969268185904,
    -6.057590036692));
#1872 = CARTESIAN_POINT('',(460.6444462114,5.053392862879,
    -5.989190689497));
#1873 = CARTESIAN_POINT('',(460.45201867763,5.12715112923,
    -5.927819193466));
#1874 = CARTESIAN_POINT('',(460.25825098059,5.191387020535,
    -5.87343783256));
#1875 = CARTESIAN_POINT('',(459.61880784347,5.373877524011,
    -5.717078286991));
#1876 = CARTESIAN_POINT('',(459.17095089767,5.454961978274,
    -5.644170474446));
#1877 = CARTESIAN_POINT('',(458.72405121675,5.501044141411,
    -5.603979399032));
#1878 = CARTESIAN_POINT('',(458.28053448169,5.519782445677,
    -5.591073185956));
#1879 = CARTESIAN_POINT('',(457.84180849879,5.5163066388,-5.600485579518
    ));
#1880 = CARTESIAN_POINT('',(457.40833331764,5.494227662788,
    -5.628161829837));
#1881 = CARTESIAN_POINT('',(456.97963004573,5.455903322462,
    -5.670977237282));
#1882 = CARTESIAN_POINT('',(456.22657996849,5.361471376126,
    -5.769682916993));
#1883 = CARTESIAN_POINT('',(455.90145244462,5.31153944853,
    -5.820238211234));
#1884 = CARTESIAN_POINT('',(455.57872968118,5.25344706906,
    -5.877275618026));
#1885 = CARTESIAN_POINT('',(455.25830200627,5.187591130722,
    -5.939894126387));
#1886 = CARTESIAN_POINT('',(454.94008947925,5.114181172992,
    -6.007350252683));
#1887 = CARTESIAN_POINT('',(454.62402774514,5.03327718362,
    -6.079021047406));
#1888 = CARTESIAN_POINT('',(454.31006129348,4.944790159448,
    -6.15438098553));
#1889 = CARTESIAN_POINT('',(453.74104155161,4.769069168212,
    -6.297767693305));
#1890 = CARTESIAN_POINT('',(453.48537079333,4.684359718805,
    -6.364745697279));
#1891 = CARTESIAN_POINT('',(453.23110727619,4.594200202292,
    -6.433661738778));
#1892 = CARTESIAN_POINT('',(452.97826524535,4.498382590923,
    -6.50428878583));
#1893 = CARTESIAN_POINT('',(452.7268897307,4.396631744673,
    -6.576418968694));
#1894 = CARTESIAN_POINT('',(452.47705662336,4.288590572891,
    -6.649856525414));
#1895 = CARTESIAN_POINT('',(452.22887646553,4.173785453246,
    -6.724411556582));
#1896 = CARTESIAN_POINT('',(451.73013182918,3.926384252031,
    -6.877214528829));
#1897 = CARTESIAN_POINT('',(451.47980905061,3.793497728536,
    -6.955461335698));
#1898 = CARTESIAN_POINT('',(451.23155574616,3.652168732131,
    -7.034471441149));
#1899 = CARTESIAN_POINT('',(450.98558029194,3.501481369143,
    -7.114043568936));
#1900 = CARTESIAN_POINT('',(450.74226664213,3.340361695186,
    -7.193929658137));
#1901 = CARTESIAN_POINT('',(450.50223945527,3.167327561798,
    -7.273804116836));
#1902 = CARTESIAN_POINT('',(450.26634317935,2.980551305117,
    -7.353266019223));
#1903 = CARTESIAN_POINT('',(449.88846043232,2.646162675958,
    -7.481949521665));
#1904 = CARTESIAN_POINT('',(449.74360922681,2.508981480319,
    -7.531633236883));
#1905 = CARTESIAN_POINT('',(449.60140466457,2.364028561533,
    -7.580736261996));
#1906 = CARTESIAN_POINT('',(449.46229586938,2.210123593599,
    -7.629072683867));
#1907 = CARTESIAN_POINT('',(449.3271188657,2.046061376989,
    -7.676319506162));
#1908 = CARTESIAN_POINT('',(449.19725698572,1.870306224995,
    -7.721953326922));
#1909 = CARTESIAN_POINT('',(449.07452560865,1.681208435118,
    -7.765287200716));
#1910 = CARTESIAN_POINT('',(448.92321191379,1.405067629776,
    -7.818922305567));
#1911 = CARTESIAN_POINT('',(448.88579519694,1.332682828018,
    -7.832205116384));
#1912 = CARTESIAN_POINT('',(448.84972151369,1.258316488363,
    -7.845029444986));
#1913 = CARTESIAN_POINT('',(448.81514789839,1.181883299394,-7.857337031)
  );
#1914 = CARTESIAN_POINT('',(448.78226243228,1.10331767258,
    -7.869058296172));
#1915 = CARTESIAN_POINT('',(448.75128125606,1.022577384765,
    -7.880113377092));
#1916 = CARTESIAN_POINT('',(448.72244366467,0.939649427027,
    -7.890413922845));
#1917 = CARTESIAN_POINT('',(448.66535931849,0.755924667503,
    -7.910821606381));
#1918 = CARTESIAN_POINT('',(448.63791268886,0.654306864299,
    -7.920645746116));
#1919 = CARTESIAN_POINT('',(448.6141160644,0.549875046627,-7.92917256558
    ));
#1920 = CARTESIAN_POINT('',(448.59442891035,0.44290747084,
    -7.936232974981));
#1921 = CARTESIAN_POINT('',(448.57928598435,0.333804300083,
    -7.941666987294));
#1922 = CARTESIAN_POINT('',(448.56904722924,0.223108564142,
    -7.945342297379));
#1923 = CARTESIAN_POINT('',(448.56393106251,0.111534032416,
    -7.94717875888));
#1924 = CARTESIAN_POINT('',(448.56393106246,0.,-7.947178758891));
#1925 = PCURVE('',#691,#1926);
#1926 = DEFINITIONAL_REPRESENTATION('',(#1927),#2000);
#1927 = B_SPLINE_CURVE_WITH_KNOTS('',8,(#1928,#1929,#1930,#1931,#1932,
    #1933,#1934,#1935,#1936,#1937,#1938,#1939,#1940,#1941,#1942,#1943,
    #1944,#1945,#1946,#1947,#1948,#1949,#1950,#1951,#1952,#1953,#1954,
    #1955,#1956,#1957,#1958,#1959,#1960,#1961,#1962,#1963,#1964,#1965,
    #1966,#1967,#1968,#1969,#1970,#1971,#1972,#1973,#1974,#1975,#1976,
    #1977,#1978,#1979,#1980,#1981,#1982,#1983,#1984,#1985,#1986,#1987,
    #1988,#1989,#1990,#1991,#1992,#1993,#1994,#1995,#1996,#1997,#1998,
    #1999),.UNSPECIFIED.,.F.,.F.,(9,7,7,7,7,7,7,7,7,7,9),(0.,
    0.105789303568,0.200874864776,0.283730878645,0.473196941826,
    0.619164317838,0.739476441602,0.86271640423,0.941600570147,
    0.968648026009,1.),.UNSPECIFIED.);
#1928 = CARTESIAN_POINT('',(3.14159265359,5.556798153344));
#1929 = CARTESIAN_POINT('',(3.073137830128,5.556798153344));
#1930 = CARTESIAN_POINT('',(3.004641244202,5.555597977226));
#1931 = CARTESIAN_POINT('',(2.936423421676,5.55319260227));
#1932 = CARTESIAN_POINT('',(2.868699080228,5.55006263053));
#1933 = CARTESIAN_POINT('',(2.801644847803,5.547132367893));
#1934 = CARTESIAN_POINT('',(2.735430094909,5.545708854047));
#1935 = CARTESIAN_POINT('',(2.670233008882,5.547361770778));
#1936 = CARTESIAN_POINT('',(2.548767436319,5.559404819852));
#1937 = CARTESIAN_POINT('',(2.49220548203,5.568899270563));
#1938 = CARTESIAN_POINT('',(2.436707010922,5.583374485076));
#1939 = CARTESIAN_POINT('',(2.382384573144,5.604061077067));
#1940 = CARTESIAN_POINT('',(2.329347617955,5.632142470456));
#1941 = CARTESIAN_POINT('',(2.277704416872,5.668609340555));
#1942 = CARTESIAN_POINT('',(2.227558757159,5.714115007733));
#1943 = CARTESIAN_POINT('',(2.136700605722,5.816615301284));
#1944 = CARTESIAN_POINT('',(2.095593090361,5.871392370804));
#1945 = CARTESIAN_POINT('',(2.05574205416,5.933385582815));
#1946 = CARTESIAN_POINT('',(2.01717085956,6.002562205333));
#1947 = CARTESIAN_POINT('',(1.979876467478,6.078691869946));
#1948 = CARTESIAN_POINT('',(1.943835149436,6.161392460883));
#1949 = CARTESIAN_POINT('',(1.909007052377,6.250193468736));
#1950 = CARTESIAN_POINT('',(1.798354381433,6.560446923119));
#1951 = CARTESIAN_POINT('',(1.727639235473,6.805006140277));
#1952 = CARTESIAN_POINT('',(1.662047852021,7.073293334007));
#1953 = CARTESIAN_POINT('',(1.600626688384,7.359644271446));
#1954 = CARTESIAN_POINT('',(1.542588247374,7.659420741499));
#1955 = CARTESIAN_POINT('',(1.487264319949,7.969295852148));
#1956 = CARTESIAN_POINT('',(1.434037033435,8.287261959606));
#1957 = CARTESIAN_POINT('',(1.342415862331,8.863293940436));
#1958 = CARTESIAN_POINT('',(1.303492707413,9.117907410671));
#1959 = CARTESIAN_POINT('',(1.265287398126,9.37574390715));
#1960 = CARTESIAN_POINT('',(1.227613966684,9.63620556016));
#1961 = CARTESIAN_POINT('',(1.190309534215,9.898791983201));
#1962 = CARTESIAN_POINT('',(1.153223373034,10.163082160721));
#1963 = CARTESIAN_POINT('',(1.116208847459,10.428721734931));
#1964 = CARTESIAN_POINT('',(1.048535655005,10.915225935128));
#1965 = CARTESIAN_POINT('',(1.017907763492,11.135721504214));
#1966 = CARTESIAN_POINT('',(0.987143953091,11.356721418433));
#1967 = CARTESIAN_POINT('',(0.9561592164,11.578047082983));
#1968 = CARTESIAN_POINT('',(0.924866013374,11.799513631763));
#1969 = CARTESIAN_POINT('',(0.893169471326,12.020924622273));
#1970 = CARTESIAN_POINT('',(0.860959876515,12.242064855306));
#1971 = CARTESIAN_POINT('',(0.794445441034,12.688686807994));
#1972 = CARTESIAN_POINT('',(0.760128810452,12.914006394076));
#1973 = CARTESIAN_POINT('',(0.724990917844,13.138513488513));
#1974 = CARTESIAN_POINT('',(0.688853196641,13.361919133273));
#1975 = CARTESIAN_POINT('',(0.651518612873,13.583782361074));
#1976 = CARTESIAN_POINT('',(0.612724301727,13.803443836557));
#1977 = CARTESIAN_POINT('',(0.57215081313,14.020041449526));
#1978 = CARTESIAN_POINT('',(0.501718271976,14.368047337828));
#1979 = CARTESIAN_POINT('',(0.473328750807,14.501711453658));
#1980 = CARTESIAN_POINT('',(0.443833480261,14.633176951197));
#1981 = CARTESIAN_POINT('',(0.413024983759,14.762005661192));
#1982 = CARTESIAN_POINT('',(0.380699023759,14.88739913486));
#1983 = CARTESIAN_POINT('',(0.346593718269,15.008044441285));
#1984 = CARTESIAN_POINT('',(0.310424467642,15.122218536285));
#1985 = CARTESIAN_POINT('',(0.258306358606,15.263138052642));
#1986 = CARTESIAN_POINT('',(0.244700999076,15.297999379056));
#1987 = CARTESIAN_POINT('',(0.230778838721,15.331623017146));
#1988 = CARTESIAN_POINT('',(0.216524490425,15.363860785136));
#1989 = CARTESIAN_POINT('',(0.201925918013,15.394535354012));
#1990 = CARTESIAN_POINT('',(0.18697484913,15.423443010231));
#1991 = CARTESIAN_POINT('',(0.171667588988,15.450358267851));
#1992 = CARTESIAN_POINT('',(0.137852425358,15.503650465445));
#1993 = CARTESIAN_POINT('',(0.119208578271,15.529282702507));
#1994 = CARTESIAN_POINT('',(0.1001024733,15.551513035904));
#1995 = CARTESIAN_POINT('',(8.057950366617E-02,15.569908925147));
#1996 = CARTESIAN_POINT('',(6.070441932413E-02,15.584061096915));
#1997 = CARTESIAN_POINT('',(4.056517958609E-02,15.593630819471));
#1998 = CARTESIAN_POINT('',(2.027891525441E-02,15.598412649196));
#1999 = CARTESIAN_POINT('',(2.696751808213E-10,15.598412649238));
#2000 = ( GEOMETRIC_REPRESENTATION_CONTEXT(2) 
PARAMETRIC_REPRESENTATION_CONTEXT() REPRESENTATION_CONTEXT('2D SPACE',''
  ) );
#2001 = PCURVE('',#1299,#2002);
#2002 = DEFINITIONAL_REPRESENTATION('',(#2003),#2076);
#2003 = B_SPLINE_CURVE_WITH_KNOTS('',8,(#2004,#2005,#2006,#2007,#2008,
    #2009,#2010,#2011,#2012,#2013,#2014,#2015,#2016,#2017,#2018,#2019,
    #2020,#2021,#2022,#2023,#2024,#2025,#2026,#2027,#2028,#2029,#2030,
    #2031,#2032,#2033,#2034,#2035,#2036,#2037,#2038,#2039,#2040,#2041,
    #2042,#2043,#2044,#2045,#2046,#2047,#2048,#2049,#2050,#2051,#2052,
    #2053,#2054,#2055,#2056,#2057,#2058,#2059,#2060,#2061,#2062,#2063,
    #2064,#2065,#2066,#2067,#2068,#2069,#2070,#2071,#2072,#2073,#2074,
    #2075),.UNSPECIFIED.,.F.,.F.,(9,7,7,7,7,7,7,7,7,7,9),(0.,
    0.105789303568,0.200874864776,0.283730878645,0.473196941826,
    0.619164317838,0.739476441602,0.86271640423,0.941600570147,
    0.968648026009,1.),.UNSPECIFIED.);
#2004 = CARTESIAN_POINT('',(0.,-20.57840671541));
#2005 = CARTESIAN_POINT('',(-4.82150448912E-02,-20.57840671541));
#2006 = CARTESIAN_POINT('',(-9.64595251084E-02,-20.55726963772));
#2007 = CARTESIAN_POINT('',(-0.144329203568,-20.51495374626));
#2008 = CARTESIAN_POINT('',(-0.191494030307,-20.45188139132));
#2009 = CARTESIAN_POINT('',(-0.237656869275,-20.36869108942));
#2010 = CARTESIAN_POINT('',(-0.282529567215,-20.26617022089));
#2011 = CARTESIAN_POINT('',(-0.325823718685,-20.14530754354));
#2012 = CARTESIAN_POINT('',(-0.404491387984,-19.88345487874));
#2013 = CARTESIAN_POINT('',(-0.440260357903,-19.74561514413));
#2014 = CARTESIAN_POINT('',(-0.474365208686,-19.59472609566));
#2015 = CARTESIAN_POINT('',(-0.506633684289,-19.43172284742));
#2016 = CARTESIAN_POINT('',(-0.536911018241,-19.25763259559));
#2017 = CARTESIAN_POINT('',(-0.565068537137,-19.07361014104));
#2018 = CARTESIAN_POINT('',(-0.591016807589,-18.8809743852));
#2019 = CARTESIAN_POINT('',(-0.635363030217,-18.50713630925));
#2020 = CARTESIAN_POINT('',(-0.6543083296,-18.32760363576));
#2021 = CARTESIAN_POINT('',(-0.671524222462,-18.14355463538));
#2022 = CARTESIAN_POINT('',(-0.687025672822,-17.95589559296));
#2023 = CARTESIAN_POINT('',(-0.700860801967,-17.7654712114));
#2024 = CARTESIAN_POINT('',(-0.713101948377,-17.57304367763));
#2025 = CARTESIAN_POINT('',(-0.723836581261,-17.37927598059));
#2026 = CARTESIAN_POINT('',(-0.75447829142,-16.73983284347));
#2027 = CARTESIAN_POINT('',(-0.768360532727,-16.29197589767));
#2028 = CARTESIAN_POINT('',(-0.776136921263,-15.84507621676));
#2029 = CARTESIAN_POINT('',(-0.778982179619,-15.40155948168));
#2030 = CARTESIAN_POINT('',(-0.777822178931,-14.9628334988));
#2031 = CARTESIAN_POINT('',(-0.77335065185,-14.52935831763));
#2032 = CARTESIAN_POINT('',(-0.766066748046,-14.10065504573));
#2033 = CARTESIAN_POINT('',(-0.748738647819,-13.34760496849));
#2034 = CARTESIAN_POINT('',(-0.739725524289,-13.02247744462));
#2035 = CARTESIAN_POINT('',(-0.729401644101,-12.69975468118));
#2036 = CARTESIAN_POINT('',(-0.717882243253,-12.37932700627));
#2037 = CARTESIAN_POINT('',(-0.705249539387,-12.06111447925));
#2038 = CARTESIAN_POINT('',(-0.691559172419,-11.74505274514));
#2039 = CARTESIAN_POINT('',(-0.676841794894,-11.43108629348));
#2040 = CARTESIAN_POINT('',(-0.648128870029,-10.86206655161));
#2041 = CARTESIAN_POINT('',(-0.634462958305,-10.60639579333));
#2042 = CARTESIAN_POINT('',(-0.620108036781,-10.35213227619));
#2043 = CARTESIAN_POINT('',(-0.605056779075,-10.09929024535));
#2044 = CARTESIAN_POINT('',(-0.589291957834,-9.847914730705));
#2045 = CARTESIAN_POINT('',(-0.572784974255,-9.598081623361));
#2046 = CARTESIAN_POINT('',(-0.555491848996,-9.349901465536));
#2047 = CARTESIAN_POINT('',(-0.518759930586,-8.851156829189));
#2048 = CARTESIAN_POINT('',(-0.499290256064,-8.600834050617));
#2049 = CARTESIAN_POINT('',(-0.478858696575,-8.352580746168));
#2050 = CARTESIAN_POINT('',(-0.457365818269,-8.106605291937));
#2051 = CARTESIAN_POINT('',(-0.434693702213,-7.863291642138));
#2052 = CARTESIAN_POINT('',(-0.410674567159,-7.62326445527));
#2053 = CARTESIAN_POINT('',(-0.385098344925,-7.38736817935));
#2054 = CARTESIAN_POINT('',(-0.339938255737,-7.009485432328));
#2055 = CARTESIAN_POINT('',(-0.321555620949,-6.864634226814));
#2056 = CARTESIAN_POINT('',(-0.302279967667,-6.722429664572));
#2057 = CARTESIAN_POINT('',(-0.281968807906,-6.583320869386));
#2058 = CARTESIAN_POINT('',(-0.260479147832,-6.44814386571));
#2059 = CARTESIAN_POINT('',(-0.23762740146,-6.318281985719));
#2060 = CARTESIAN_POINT('',(-0.213215002096,-6.195550608656));
#2061 = CARTESIAN_POINT('',(-0.177802586417,-6.044236913795));
#2062 = CARTESIAN_POINT('',(-0.168539022981,-6.006820196947));
#2063 = CARTESIAN_POINT('',(-0.159040861827,-5.970746513695));
#2064 = CARTESIAN_POINT('',(-0.149297539122,-5.936172898393));
#2065 = CARTESIAN_POINT('',(-0.139300883907,-5.903287432286));
#2066 = CARTESIAN_POINT('',(-0.129045485524,-5.872306256063));
#2067 = CARTESIAN_POINT('',(-0.11852933635,-5.843468664675));
#2068 = CARTESIAN_POINT('',(-9.526542156755E-02,-5.786384318499));
#2069 = CARTESIAN_POINT('',(-8.241902998404E-02,-5.758937688867));
#2070 = CARTESIAN_POINT('',(-6.923600587512E-02,-5.73514106441));
#2071 = CARTESIAN_POINT('',(-5.574961677734E-02,-5.715453910356));
#2072 = CARTESIAN_POINT('',(-4.200742329037E-02,-5.700310984355));
#2073 = CARTESIAN_POINT('',(-2.807392820733E-02,-5.690072229244));
#2074 = CARTESIAN_POINT('',(-1.403441847728E-02,-5.684956062516));
#2075 = CARTESIAN_POINT('',(0.,-5.684956062464));
#2076 = ( GEOMETRIC_REPRESENTATION_CONTEXT(2) 
PARAMETRIC_REPRESENTATION_CONTEXT() REPRESENTATION_CONTEXT('2D SPACE',''
  ) );
#2077 = ADVANCED_FACE('',(#2078),#729,.F.);
#2078 = FACE_BOUND('',#2079,.F.);
#2079 = EDGE_LOOP('',(#2080,#2081,#2082));
#2080 = ORIENTED_EDGE('',*,*,#1804,.T.);
#2081 = ORIENTED_EDGE('',*,*,#1827,.T.);
#2082 = ORIENTED_EDGE('',*,*,#716,.T.);
#2083 = ADVANCED_FACE('',(#2084),#761,.F.);
#2084 = FACE_BOUND('',#2085,.F.);
#2085 = EDGE_LOOP('',(#2086,#2344,#2365,#2366,#2388,#2389,#2390));
#2086 = ORIENTED_EDGE('',*,*,#2087,.F.);
#2087 = EDGE_CURVE('',#2088,#2090,#2092,.T.);
#2088 = VERTEX_POINT('',#2089);
#2089 = CARTESIAN_POINT('',(411.039692709,-1.658885947417E-15,
    -8.295831733463));
#2090 = VERTEX_POINT('',#2091);
#2091 = CARTESIAN_POINT('',(422.88072447242,-2.004945665141E-15,
    -8.185811886893));
#2092 = SURFACE_CURVE('',#2093,(#2173,#2256),.PCURVE_S1.);
#2093 = B_SPLINE_CURVE_WITH_KNOTS('',8,(#2094,#2095,#2096,#2097,#2098,
    #2099,#2100,#2101,#2102,#2103,#2104,#2105,#2106,#2107,#2108,#2109,
    #2110,#2111,#2112,#2113,#2114,#2115,#2116,#2117,#2118,#2119,#2120,
    #2121,#2122,#2123,#2124,#2125,#2126,#2127,#2128,#2129,#2130,#2131,
    #2132,#2133,#2134,#2135,#2136,#2137,#2138,#2139,#2140,#2141,#2142,
    #2143,#2144,#2145,#2146,#2147,#2148,#2149,#2150,#2151,#2152,#2153,
    #2154,#2155,#2156,#2157,#2158,#2159,#2160,#2161,#2162,#2163,#2164,
    #2165,#2166,#2167,#2168,#2169,#2170,#2171,#2172),.UNSPECIFIED.,.F.,
  .F.,(9,7,7,7,7,7,7,7,7,7,7,9),(0.,7.761402344887E-02,0.12378941864,
    0.190091174435,0.318031567331,0.432303290139,0.648870784571,
    0.745399097248,0.83821395849,0.885035606749,0.942958568356,1.),
  .UNSPECIFIED.);
#2094 = CARTESIAN_POINT('',(411.039692709,-8.881784197001E-16,
    -8.295831733463));
#2095 = CARTESIAN_POINT('',(411.03969270907,-0.222651640262,
    -8.295831733437));
#2096 = CARTESIAN_POINT('',(411.04823871353,-0.445350999985,
    -8.288922854358));
#2097 = CARTESIAN_POINT('',(411.06533637956,-0.666999305654,
    -8.275100165994));
#2098 = CARTESIAN_POINT('',(411.09088030516,-0.88659537469,
    -8.254515660768));
#2099 = CARTESIAN_POINT('',(411.12468258882,-1.103228310727,
    -8.227452952881));
#2100 = CARTESIAN_POINT('',(411.16649188259,-1.31607204988,
    -8.194305032896));
#2101 = CARTESIAN_POINT('',(411.21600293853,-1.52438175804,
    -8.155555077774));
#2102 = CARTESIAN_POINT('',(411.3066809808,-1.848329769673,
    -8.08570522574));
#2103 = CARTESIAN_POINT('',(411.34311037063,-1.967348648817,
    -8.05785980444));
#2104 = CARTESIAN_POINT('',(411.3820752561,-2.084423567965,
    -8.028336952144));
#2105 = CARTESIAN_POINT('',(411.42350372348,-2.199444890333,
    -7.997255664993));
#2106 = CARTESIAN_POINT('',(411.46732248658,-2.312317365657,
    -7.964739518399));
#2107 = CARTESIAN_POINT('',(411.51345786617,-2.422959004869,
    -7.930915149862));
#2108 = CARTESIAN_POINT('',(411.56183676933,-2.531299954773,
    -7.895910741778));
#2109 = CARTESIAN_POINT('',(411.68497206998,-2.789456661366,
    -7.808082519507));
#2110 = CARTESIAN_POINT('',(411.76203166882,-2.936761265465,
    -7.754143998247));
#2111 = CARTESIAN_POINT('',(411.84335764012,-3.079031245553,
    -7.69841658003));
#2112 = CARTESIAN_POINT('',(411.92874444583,-3.216138453868,
    -7.641281024714));
#2113 = CARTESIAN_POINT('',(412.01799053497,-3.347987528269,
    -7.583116593943));
#2114 = CARTESIAN_POINT('',(412.11089904346,-3.47451288617,
    -7.524296432638));
#2115 = CARTESIAN_POINT('',(412.20727849388,-3.595675718458,
    -7.465182950484));
#2116 = CARTESIAN_POINT('',(412.49926388378,-3.934888132734,
    -7.292157484814));
#2117 = CARTESIAN_POINT('',(412.70385564756,-4.138335089878,
    -7.178369993458));
#2118 = CARTESIAN_POINT('',(412.91931086833,-4.321586686766,
    -7.067305460338));
#2119 = CARTESIAN_POINT('',(413.14421529974,-4.484746436176,
    -6.961338489229));
#2120 = CARTESIAN_POINT('',(413.37713131966,-4.628214425401,
    -6.862547556521));
#2121 = CARTESIAN_POINT('',(413.61657974498,-4.752652032834,
    -6.77257581859));
#2122 = CARTESIAN_POINT('',(413.86103342846,-4.858935360614,
    -6.692540222252));
#2123 = CARTESIAN_POINT('',(414.33035275525,-5.027737254953,
    -6.560984635003));
#2124 = CARTESIAN_POINT('',(414.55457434757,-5.093737642701,
    -6.507316556016));
#2125 = CARTESIAN_POINT('',(414.78059043522,-5.14686152102,
    -6.46246047678));
#2126 = CARTESIAN_POINT('',(415.00752746095,-5.187994180661,
    -6.426484056819));
#2127 = CARTESIAN_POINT('',(415.23465207134,-5.21803764811,
    -6.399174965005));
#2128 = CARTESIAN_POINT('',(415.4613700719,-5.237850825695,
    -6.380134117144));
#2129 = CARTESIAN_POINT('',(415.68722349665,-5.248218420444,
    -6.368865196857));
#2130 = CARTESIAN_POINT('',(416.33767398313,-5.252883789101,
    -6.357182954043));
#2131 = CARTESIAN_POINT('',(416.75863450041,-5.224483444751,
    -6.375528475475));
#2132 = CARTESIAN_POINT('',(417.17371156359,-5.16947455425,
    -6.416068616812));
#2133 = CARTESIAN_POINT('',(417.5822296096,-5.09094534454,
    -6.474937359371));
#2134 = CARTESIAN_POINT('',(417.98377216633,-4.990861346442,
    -6.548805191484));
#2135 = CARTESIAN_POINT('',(418.37818163115,-4.870233227045,
    -6.634909601913));
#2136 = CARTESIAN_POINT('',(418.76556738865,-4.729209630268,
    -6.731038776777));
#2137 = CARTESIAN_POINT('',(419.31593538281,-4.494043872449,
    -6.881995530017));
#2138 = CARTESIAN_POINT('',(419.48418179345,-4.417286321392,
    -6.930154042454));
#2139 = CARTESIAN_POINT('',(419.65098006922,-4.336192650377,
    -6.979760712619));
#2140 = CARTESIAN_POINT('',(419.81629417431,-4.250645874198,
    -7.030653628036));
#2141 = CARTESIAN_POINT('',(419.98006789546,-4.160493652037,
    -7.082676082765));
#2142 = CARTESIAN_POINT('',(420.14222442154,-4.065542232495,
    -7.135673670316));
#2143 = CARTESIAN_POINT('',(420.3026641989,-3.96554354353,
    -7.189491316095));
#2144 = CARTESIAN_POINT('',(420.61375669219,-3.75886083048,
    -7.29635337404));
#2145 = CARTESIAN_POINT('',(420.76451079032,-3.652606987066,
    -7.349334931059));
#2146 = CARTESIAN_POINT('',(420.91343875749,-3.541112806107,
    -7.402782139194));
#2147 = CARTESIAN_POINT('',(421.06039310429,-3.424036081083,
    -7.456546560489));
#2148 = CARTESIAN_POINT('',(421.20515942987,-3.300977532618,
    -7.510457832496));
#2149 = CARTESIAN_POINT('',(421.34745419145,-3.171470630639,
    -7.564319644357));
#2150 = CARTESIAN_POINT('',(421.48691378975,-3.034945577395,
    -7.61790293398));
#2151 = CARTESIAN_POINT('',(421.69174746695,-2.817836929449,
    -7.697682115221));
#2152 = CARTESIAN_POINT('',(421.75957767405,-2.743068211706,
    -7.724287552497));
#2153 = CARTESIAN_POINT('',(421.82649438271,-2.666232772985,
    -7.750712041529));
#2154 = CARTESIAN_POINT('',(421.89242150681,-2.587229145339,
    -7.776913758827));
#2155 = CARTESIAN_POINT('',(421.95726745305,-2.505950729426,
    -7.802844276416));
#2156 = CARTESIAN_POINT('',(422.02092428731,-2.422283842464,
    -7.828447993948));
#2157 = CARTESIAN_POINT('',(422.08326622256,-2.336104384073,
    -7.853661337749));
#2158 = CARTESIAN_POINT('',(422.21946343869,-2.137380151951,
    -7.909030380544));
#2159 = CARTESIAN_POINT('',(422.29250622908,-2.023483998782,
    -7.938925204193));
#2160 = CARTESIAN_POINT('',(422.36303713199,-1.905277683925,
    -7.967973601195));
#2161 = CARTESIAN_POINT('',(422.43071212141,-1.782489179066,
    -7.996008836956));
#2162 = CARTESIAN_POINT('',(422.4950847007,-1.654885141553,
    -8.022819085066));
#2163 = CARTESIAN_POINT('',(422.55561155217,-1.522278743135,
    -8.048148820925));
#2164 = CARTESIAN_POINT('',(422.61166094834,-1.384541590035,
    -8.07170256275));
#2165 = CARTESIAN_POINT('',(422.7126128175,-1.100873007445,
    -8.114272933938));
#2166 = CARTESIAN_POINT('',(422.75771558996,-0.954976026711,
    -8.133371580996));
#2167 = CARTESIAN_POINT('',(422.79703936998,-0.804146240829,
    -8.150083737693));
#2168 = CARTESIAN_POINT('',(422.82974528083,-0.648804260178,
    -8.164024916092));
#2169 = CARTESIAN_POINT('',(422.85501794923,-0.489605941509,
    -8.17482015109));
#2170 = CARTESIAN_POINT('',(422.87215905788,-0.327484999113,
    -8.182149467761));
#2171 = CARTESIAN_POINT('',(422.88072447242,-0.163715049929,
    -8.185811886893));
#2172 = CARTESIAN_POINT('',(422.88072447242,-1.7763568394E-15,
    -8.185811886893));
#2173 = PCURVE('',#761,#2174);
#2174 = DEFINITIONAL_REPRESENTATION('',(#2175),#2255);
#2175 = B_SPLINE_CURVE_WITH_KNOTS('',8,(#2176,#2177,#2178,#2179,#2180,
    #2181,#2182,#2183,#2184,#2185,#2186,#2187,#2188,#2189,#2190,#2191,
    #2192,#2193,#2194,#2195,#2196,#2197,#2198,#2199,#2200,#2201,#2202,
    #2203,#2204,#2205,#2206,#2207,#2208,#2209,#2210,#2211,#2212,#2213,
    #2214,#2215,#2216,#2217,#2218,#2219,#2220,#2221,#2222,#2223,#2224,
    #2225,#2226,#2227,#2228,#2229,#2230,#2231,#2232,#2233,#2234,#2235,
    #2236,#2237,#2238,#2239,#2240,#2241,#2242,#2243,#2244,#2245,#2246,
    #2247,#2248,#2249,#2250,#2251,#2252,#2253,#2254),.UNSPECIFIED.,.F.,
  .F.,(9,7,7,7,7,7,7,7,7,7,7,9),(0.,7.761402344887E-02,0.12378941864,
    0.190091174435,0.318031567331,0.432303290139,0.648870784571,
    0.745399097248,0.83821395849,0.885035606749,0.942958568356,1.),
  .UNSPECIFIED.);
#2176 = CARTESIAN_POINT('',(6.283185306825,6.602023720848));
#2177 = CARTESIAN_POINT('',(6.240775470585,6.602023720861));
#2178 = CARTESIAN_POINT('',(6.198356579188,6.599948794154));
#2179 = CARTESIAN_POINT('',(6.156021530269,6.595797252383));
#2180 = CARTESIAN_POINT('',(6.113844865523,6.589653613282));
#2181 = CARTESIAN_POINT('',(6.071889267955,6.581679714474));
#2182 = CARTESIAN_POINT('',(6.030210551282,6.572104050023));
#2183 = CARTESIAN_POINT('',(5.988861141491,6.561209329741));
#2184 = CARTESIAN_POINT('',(5.923518053679,6.542243833638));
#2185 = CARTESIAN_POINT('',(5.899274350922,6.534815464624));
#2186 = CARTESIAN_POINT('',(5.875168518412,6.527100041922));
#2187 = CARTESIAN_POINT('',(5.851206726873,6.519168725974));
#2188 = CARTESIAN_POINT('',(5.827393902724,6.511096072051));
#2189 = CARTESIAN_POINT('',(5.80373388917,6.50295915238));
#2190 = CARTESIAN_POINT('',(5.780229607306,6.494836678273));
#2191 = CARTESIAN_POINT('',(5.72336089113,6.475280178458));
#2192 = CARTESIAN_POINT('',(5.690165410071,6.463946327245));
#2193 = CARTESIAN_POINT('',(5.657300910791,6.453041526214));
#2194 = CARTESIAN_POINT('',(5.624770375962,6.442805033061));
#2195 = CARTESIAN_POINT('',(5.592575792043,6.433476659608));
#2196 = CARTESIAN_POINT('',(5.560718307158,6.425293025828));
#2197 = CARTESIAN_POINT('',(5.529198388971,6.418483813871));
#2198 = CARTESIAN_POINT('',(5.437844283027,6.4032032743));
#2199 = CARTESIAN_POINT('',(5.378917507131,6.399070046834));
#2200 = CARTESIAN_POINT('',(5.321261226595,6.402451255194));
#2201 = CARTESIAN_POINT('',(5.264905616583,6.414776721236));
#2202 = CARTESIAN_POINT('',(5.209884408603,6.43720397201));
#2203 = CARTESIAN_POINT('',(5.156232174572,6.47048686268));
#2204 = CARTESIAN_POINT('',(5.103982107321,6.514892364868));
#2205 = CARTESIAN_POINT('',(5.007779770519,6.619647736116));
#2206 = CARTESIAN_POINT('',(4.96352642345,6.677799129771));
#2207 = CARTESIAN_POINT('',(4.92041040589,6.744570405922));
#2208 = CARTESIAN_POINT('',(4.878407064587,6.819610216019));
#2209 = CARTESIAN_POINT('',(4.837472106857,6.902386127241));
#2210 = CARTESIAN_POINT('',(4.797547218357,6.992266401319));
#2211 = CARTESIAN_POINT('',(4.758563052446,7.088597606629));
#2212 = CARTESIAN_POINT('',(4.648190275726,7.384356918957));
#2213 = CARTESIAN_POINT('',(4.579128851814,7.598626196526));
#2214 = CARTESIAN_POINT('',(4.512511906875,7.8297110112));
#2215 = CARTESIAN_POINT('',(4.447738402268,8.073882200632));
#2216 = CARTESIAN_POINT('',(4.384277120991,8.328005917289));
#2217 = CARTESIAN_POINT('',(4.321617227996,8.589570430875));
#2218 = CARTESIAN_POINT('',(4.259226089441,8.856675562674));
#2219 = CARTESIAN_POINT('',(4.168435648263,9.248849958477));
#2220 = CARTESIAN_POINT('',(4.140380515042,9.370511645887));
#2221 = CARTESIAN_POINT('',(4.11220914388,9.49276973617));
#2222 = CARTESIAN_POINT('',(4.083868989066,9.615464405277));
#2223 = CARTESIAN_POINT('',(4.055305850478,9.738430928819));
#2224 = CARTESIAN_POINT('',(4.026461730819,9.861496919143));
#2225 = CARTESIAN_POINT('',(3.997271710343,9.984478697637));
#2226 = CARTESIAN_POINT('',(3.939187138711,10.225154701622));
#2227 = CARTESIAN_POINT('',(3.910331446989,10.342841170383));
#2228 = CARTESIAN_POINT('',(3.881020360305,10.460079237867));
#2229 = CARTESIAN_POINT('',(3.851179157858,10.576668525453));
#2230 = CARTESIAN_POINT('',(3.820726204995,10.692357823932));
#2231 = CARTESIAN_POINT('',(3.789569833123,10.806840493345));
#2232 = CARTESIAN_POINT('',(3.757600526986,10.919743324528));
#2233 = CARTESIAN_POINT('',(3.708061158104,11.086522323105));
#2234 = CARTESIAN_POINT('',(3.691208595015,11.141915586751));
#2235 = CARTESIAN_POINT('',(3.674096043498,11.196719342373));
#2236 = CARTESIAN_POINT('',(3.656704494298,11.250860883881));
#2237 = CARTESIAN_POINT('',(3.639014187386,11.304254380701));
#2238 = CARTESIAN_POINT('',(3.621004084414,11.356799984414));
#2239 = CARTESIAN_POINT('',(3.602651072481,11.408382410506));
#2240 = CARTESIAN_POINT('',(3.560767738437,11.521325841986));
#2241 = CARTESIAN_POINT('',(3.537053233696,11.582074342643));
#2242 = CARTESIAN_POINT('',(3.512726049689,11.640894016826));
#2243 = CARTESIAN_POINT('',(3.48773501669,11.697475861733));
#2244 = CARTESIAN_POINT('',(3.462036043955,11.751422869447));
#2245 = CARTESIAN_POINT('',(3.435591738454,11.802253915016));
#2246 = CARTESIAN_POINT('',(3.408371728927,11.849411015322));
#2247 = CARTESIAN_POINT('',(3.352762068251,11.934476631622));
#2248 = CARTESIAN_POINT('',(3.324372570365,11.972551768271));
#2249 = CARTESIAN_POINT('',(3.29521727445,12.005801838738));
#2250 = CARTESIAN_POINT('',(3.265359377583,12.033492849677));
#2251 = CARTESIAN_POINT('',(3.23489714206,12.054910269915));
#2252 = CARTESIAN_POINT('',(3.203970746489,12.069443170563));
#2253 = CARTESIAN_POINT('',(3.172776472624,12.076705226556));
#2254 = CARTESIAN_POINT('',(3.14159265359,12.076705226556));
#2255 = ( GEOMETRIC_REPRESENTATION_CONTEXT(2) 
PARAMETRIC_REPRESENTATION_CONTEXT() REPRESENTATION_CONTEXT('2D SPACE',''
  ) );
#2256 = PCURVE('',#2257,#2262);
#2257 = CONICAL_SURFACE('',#2258,8.5,9.291139735022E-03);
#2258 = AXIS2_PLACEMENT_3D('',#2259,#2260,#2261);
#2259 = CARTESIAN_POINT('',(389.0658125,0.,-5.97446120354E-15));
#2260 = DIRECTION('',(-1.,-0.,-2.22044604925E-16));
#2261 = DIRECTION('',(2.22044604925E-16,0.,-1.));
#2262 = DEFINITIONAL_REPRESENTATION('',(#2263),#2343);
#2263 = B_SPLINE_CURVE_WITH_KNOTS('',8,(#2264,#2265,#2266,#2267,#2268,
    #2269,#2270,#2271,#2272,#2273,#2274,#2275,#2276,#2277,#2278,#2279,
    #2280,#2281,#2282,#2283,#2284,#2285,#2286,#2287,#2288,#2289,#2290,
    #2291,#2292,#2293,#2294,#2295,#2296,#2297,#2298,#2299,#2300,#2301,
    #2302,#2303,#2304,#2305,#2306,#2307,#2308,#2309,#2310,#2311,#2312,
    #2313,#2314,#2315,#2316,#2317,#2318,#2319,#2320,#2321,#2322,#2323,
    #2324,#2325,#2326,#2327,#2328,#2329,#2330,#2331,#2332,#2333,#2334,
    #2335,#2336,#2337,#2338,#2339,#2340,#2341,#2342),.UNSPECIFIED.,.F.,
  .F.,(9,7,7,7,7,7,7,7,7,7,7,9),(0.,7.761402344887E-02,0.12378941864,
    0.190091174435,0.318031567331,0.432303290139,0.648870784571,
    0.745399097248,0.83821395849,0.885035606749,0.942958568356,1.),
  .UNSPECIFIED.);
#2264 = CARTESIAN_POINT('',(-6.28318530718,-21.973880209));
#2265 = CARTESIAN_POINT('',(-6.256346329797,-21.97388020908));
#2266 = CARTESIAN_POINT('',(-6.229501602816,-21.98242621353));
#2267 = CARTESIAN_POINT('',(-6.202753075611,-21.99952387956));
#2268 = CARTESIAN_POINT('',(-6.176190912236,-22.02506780516));
#2269 = CARTESIAN_POINT('',(-6.149896793134,-22.05887008882));
#2270 = CARTESIAN_POINT('',(-6.123946390915,-22.10067938259));
#2271 = CARTESIAN_POINT('',(-6.098411020211,-22.15019043853));
#2272 = CARTESIAN_POINT('',(-6.0584537866,-22.2408684808));
#2273 = CARTESIAN_POINT('',(-6.043717355129,-22.27729787063));
#2274 = CARTESIAN_POINT('',(-6.029161547013,-22.3162627561));
#2275 = CARTESIAN_POINT('',(-6.014797598727,-22.35769122348));
#2276 = CARTESIAN_POINT('',(-6.000635720856,-22.40150998658));
#2277 = CARTESIAN_POINT('',(-5.986685215559,-22.44764536617));
#2278 = CARTESIAN_POINT('',(-5.972954594028,-22.49602426933));
#2279 = CARTESIAN_POINT('',(-5.940063316666,-22.61915956998));
#2280 = CARTESIAN_POINT('',(-5.921145210072,-22.69621916882));
#2281 = CARTESIAN_POINT('',(-5.902719194017,-22.77754514012));
#2282 = CARTESIAN_POINT('',(-5.884805589202,-22.86293194583));
#2283 = CARTESIAN_POINT('',(-5.867423245631,-22.95217803497));
#2284 = CARTESIAN_POINT('',(-5.850589571055,-23.04508654346));
#2285 = CARTESIAN_POINT('',(-5.834320559419,-23.14146599388));
#2286 = CARTESIAN_POINT('',(-5.788354826009,-23.43345138378));
#2287 = CARTESIAN_POINT('',(-5.760229816243,-23.63804314756));
#2288 = CARTESIAN_POINT('',(-5.734374566866,-23.85349836833));
#2289 = CARTESIAN_POINT('',(-5.710890238257,-24.07840279974));
#2290 = CARTESIAN_POINT('',(-5.689851973398,-24.31131881966));
#2291 = CARTESIAN_POINT('',(-5.671296289505,-24.55076724498));
#2292 = CARTESIAN_POINT('',(-5.655211825534,-24.79522092846));
#2293 = CARTESIAN_POINT('',(-5.629330730906,-25.26454025525));
#2294 = CARTESIAN_POINT('',(-5.619042962412,-25.48876184757));
#2295 = CARTESIAN_POINT('',(-5.610632914258,-25.71477793522));
#2296 = CARTESIAN_POINT('',(-5.604022500475,-25.94171496095));
#2297 = CARTESIAN_POINT('',(-5.599112413624,-26.16883957134));
#2298 = CARTESIAN_POINT('',(-5.595793316514,-26.3955575719));
#2299 = CARTESIAN_POINT('',(-5.593955111833,-26.62141099665));
#2300 = CARTESIAN_POINT('',(-5.592617934062,-27.27186148313));
#2301 = CARTESIAN_POINT('',(-5.596687292751,-27.69282200041));
#2302 = CARTESIAN_POINT('',(-5.604964883984,-28.10789906359));
#2303 = CARTESIAN_POINT('',(-5.616870533934,-28.51641710961));
#2304 = CARTESIAN_POINT('',(-5.631968506072,-28.91795966633));
#2305 = CARTESIAN_POINT('',(-5.649966348207,-29.31236913115));
#2306 = CARTESIAN_POINT('',(-5.670703883044,-29.69975488865));
#2307 = CARTESIAN_POINT('',(-5.704692119932,-30.25012288281));
#2308 = CARTESIAN_POINT('',(-5.715715158071,-30.41836929345));
#2309 = CARTESIAN_POINT('',(-5.727281342083,-30.58516756922));
#2310 = CARTESIAN_POINT('',(-5.739394444073,-30.75048167431));
#2311 = CARTESIAN_POINT('',(-5.752063053569,-30.91425539546));
#2312 = CARTESIAN_POINT('',(-5.765301246622,-31.07641192154));
#2313 = CARTESIAN_POINT('',(-5.779130102522,-31.2368516989));
#2314 = CARTESIAN_POINT('',(-5.807474142443,-31.54794419219));
#2315 = CARTESIAN_POINT('',(-5.82193902758,-31.69869829032));
#2316 = CARTESIAN_POINT('',(-5.83700387568,-31.84762625749));
#2317 = CARTESIAN_POINT('',(-5.852702722871,-31.99458060429));
#2318 = CARTESIAN_POINT('',(-5.869076421709,-32.13934692987));
#2319 = CARTESIAN_POINT('',(-5.886173953605,-32.28164169145));
#2320 = CARTESIAN_POINT('',(-5.904056963202,-32.42110128975));
#2321 = CARTESIAN_POINT('',(-5.932272251285,-32.62593496695));
#2322 = CARTESIAN_POINT('',(-5.941953434847,-32.69376517405));
#2323 = CARTESIAN_POINT('',(-5.951865760205,-32.76068188271));
#2324 = CARTESIAN_POINT('',(-5.962020587817,-32.82660900681));
#2325 = CARTESIAN_POINT('',(-5.972429879786,-32.89145495305));
#2326 = CARTESIAN_POINT('',(-5.98310646988,-32.95511178731));
#2327 = CARTESIAN_POINT('',(-5.994064509587,-33.01745372256));
#2328 = CARTESIAN_POINT('',(-6.019244345069,-33.15365093869));
#2329 = CARTESIAN_POINT('',(-6.033616969136,-33.22669372908));
#2330 = CARTESIAN_POINT('',(-6.048474026687,-33.29722463199));
#2331 = CARTESIAN_POINT('',(-6.063847062252,-33.36489962141));
#2332 = CARTESIAN_POINT('',(-6.079763038365,-33.4292722007));
#2333 = CARTESIAN_POINT('',(-6.096243841486,-33.48979905217));
#2334 = CARTESIAN_POINT('',(-6.1133053561,-33.54584844834));
#2335 = CARTESIAN_POINT('',(-6.148338230953,-33.6468003175));
#2336 = CARTESIAN_POINT('',(-6.166306878522,-33.69190308996));
#2337 = CARTESIAN_POINT('',(-6.18483681717,-33.73122686998));
#2338 = CARTESIAN_POINT('',(-6.203880010622,-33.76393278083));
#2339 = CARTESIAN_POINT('',(-6.223362365364,-33.78920544923));
#2340 = CARTESIAN_POINT('',(-6.243178890409,-33.80634655788));
#2341 = CARTESIAN_POINT('',(-6.263185452285,-33.81491197242));
#2342 = CARTESIAN_POINT('',(-6.28318530718,-33.81491197242));
#2343 = ( GEOMETRIC_REPRESENTATION_CONTEXT(2) 
PARAMETRIC_REPRESENTATION_CONTEXT() REPRESENTATION_CONTEXT('2D SPACE',''
  ) );
#2344 = ORIENTED_EDGE('',*,*,#2345,.T.);
#2345 = EDGE_CURVE('',#2088,#745,#2346,.T.);
#2346 = SEAM_CURVE('',#2347,(#2351,#2358),.PCURVE_S1.);
#2347 = LINE('',#2348,#2349);
#2348 = CARTESIAN_POINT('',(407.93313120351,-1.285879139105E-15,
    -2.470370994322));
#2349 = VECTOR('',#2350,1.);
#2350 = DIRECTION('',(0.470546856061,0.,-0.882375008854));
#2351 = PCURVE('',#761,#2352);
#2352 = DEFINITIONAL_REPRESENTATION('',(#2353),#2357);
#2353 = LINE('',#2354,#2355);
#2354 = CARTESIAN_POINT('',(0.,-0.));
#2355 = VECTOR('',#2356,1.);
#2356 = DIRECTION('',(0.,1.));
#2357 = ( GEOMETRIC_REPRESENTATION_CONTEXT(2) 
PARAMETRIC_REPRESENTATION_CONTEXT() REPRESENTATION_CONTEXT('2D SPACE',''
  ) );
#2358 = PCURVE('',#761,#2359);
#2359 = DEFINITIONAL_REPRESENTATION('',(#2360),#2364);
#2360 = LINE('',#2361,#2362);
#2361 = CARTESIAN_POINT('',(6.28318530718,-0.));
#2362 = VECTOR('',#2363,1.);
#2363 = DIRECTION('',(0.,1.));
#2364 = ( GEOMETRIC_REPRESENTATION_CONTEXT(2) 
PARAMETRIC_REPRESENTATION_CONTEXT() REPRESENTATION_CONTEXT('2D SPACE',''
  ) );
#2365 = ORIENTED_EDGE('',*,*,#805,.T.);
#2366 = ORIENTED_EDGE('',*,*,#2367,.F.);
#2367 = EDGE_CURVE('',#743,#780,#2368,.T.);
#2368 = SURFACE_CURVE('',#2369,(#2374,#2381),.PCURVE_S1.);
#2369 = CIRCLE('',#2370,5.25);
#2370 = AXIS2_PLACEMENT_3D('',#2371,#2372,#2373);
#2371 = CARTESIAN_POINT('',(424.14314389251,0.,-21.71034672333));
#2372 = DIRECTION('',(0.470546856061,0.,-0.882375008854));
#2373 = DIRECTION('',(-0.882375008854,0.,-0.470546856061));
#2374 = PCURVE('',#761,#2375);
#2375 = DEFINITIONAL_REPRESENTATION('',(#2376),#2380);
#2376 = LINE('',#2377,#2378);
#2377 = CARTESIAN_POINT('',(0.,24.60444426177));
#2378 = VECTOR('',#2379,1.);
#2379 = DIRECTION('',(1.,0.));
#2380 = ( GEOMETRIC_REPRESENTATION_CONTEXT(2) 
PARAMETRIC_REPRESENTATION_CONTEXT() REPRESENTATION_CONTEXT('2D SPACE',''
  ) );
#2381 = PCURVE('',#794,#2382);
#2382 = DEFINITIONAL_REPRESENTATION('',(#2383),#2387);
#2383 = CIRCLE('',#2384,5.25);
#2384 = AXIS2_PLACEMENT_2D('',#2385,#2386);
#2385 = CARTESIAN_POINT('',(0.,0.));
#2386 = DIRECTION('',(1.,0.));
#2387 = ( GEOMETRIC_REPRESENTATION_CONTEXT(2) 
PARAMETRIC_REPRESENTATION_CONTEXT() REPRESENTATION_CONTEXT('2D SPACE',''
  ) );
#2388 = ORIENTED_EDGE('',*,*,#742,.T.);
#2389 = ORIENTED_EDGE('',*,*,#2345,.F.);
#2390 = ORIENTED_EDGE('',*,*,#2391,.F.);
#2391 = EDGE_CURVE('',#2090,#2088,#2392,.T.);
#2392 = SURFACE_CURVE('',#2393,(#2480,#2570),.PCURVE_S1.);
#2393 = B_SPLINE_CURVE_WITH_KNOTS('',8,(#2394,#2395,#2396,#2397,#2398,
    #2399,#2400,#2401,#2402,#2403,#2404,#2405,#2406,#2407,#2408,#2409,
    #2410,#2411,#2412,#2413,#2414,#2415,#2416,#2417,#2418,#2419,#2420,
    #2421,#2422,#2423,#2424,#2425,#2426,#2427,#2428,#2429,#2430,#2431,
    #2432,#2433,#2434,#2435,#2436,#2437,#2438,#2439,#2440,#2441,#2442,
    #2443,#2444,#2445,#2446,#2447,#2448,#2449,#2450,#2451,#2452,#2453,
    #2454,#2455,#2456,#2457,#2458,#2459,#2460,#2461,#2462,#2463,#2464,
    #2465,#2466,#2467,#2468,#2469,#2470,#2471,#2472,#2473,#2474,#2475,
    #2476,#2477,#2478,#2479),.UNSPECIFIED.,.F.,.F.,(9,7,7,7,7,7,7,7,7,7,
    7,7,9),(0.,4.373339730361E-02,7.446917675009E-02,0.122134667501,
    0.168948758906,0.258572212123,0.351145964391,0.566769188306,
    0.681974079232,0.809911703925,0.876211981953,0.922386332014,1.),
  .UNSPECIFIED.);
#2394 = CARTESIAN_POINT('',(422.88072447242,3.214697847762E-16,
    -8.185811886893));
#2395 = CARTESIAN_POINT('',(422.88072447242,0.125430127444,
    -8.185811886893));
#2396 = CARTESIAN_POINT('',(422.8756966724,0.250901666401,
    -8.183662105648));
#2397 = CARTESIAN_POINT('',(422.86563532159,0.37566421141,
    -8.179359969007));
#2398 = CARTESIAN_POINT('',(422.85068725358,0.499096603697,
    -8.172972200944));
#2399 = CARTESIAN_POINT('',(422.83110652271,0.62069083158,
    -8.164614794457));
#2400 = CARTESIAN_POINT('',(422.8072165214,0.740038453656,
    -8.154435897049));
#2401 = CARTESIAN_POINT('',(422.77937957882,0.856819544799,
    -8.142601610783));
#2402 = CARTESIAN_POINT('',(422.72590226576,1.050895392015,
    -8.119925602769));
#2403 = CARTESIAN_POINT('',(422.70205883638,1.129642347906,
    -8.109830362919));
#2404 = CARTESIAN_POINT('',(422.67656407251,1.206983210762,
    -8.099054388774));
#2405 = CARTESIAN_POINT('',(422.64953595779,1.282886365792,
    -8.087652097887));
#2406 = CARTESIAN_POINT('',(422.62108777878,1.357338115874,
    -8.075675869043));
#2407 = CARTESIAN_POINT('',(422.59132576425,1.430340392147,
    -8.063174987369));
#2408 = CARTESIAN_POINT('',(422.5603467245,1.501908464614,
    -8.050194589425));
#2409 = CARTESIAN_POINT('',(422.47843743555,1.680874085936,
    -8.015962707722));
#2410 = CARTESIAN_POINT('',(422.4259295294,1.786267107157,
    -7.994098939298));
#2411 = CARTESIAN_POINT('',(422.37102564998,1.888365591599,
    -7.971331065206));
#2412 = CARTESIAN_POINT('',(422.31400152105,1.987293712948,
    -7.947789543275));
#2413 = CARTESIAN_POINT('',(422.25509509097,2.083182142571,
    -7.923587845886));
#2414 = CARTESIAN_POINT('',(422.19450671133,2.176168248718,
    -7.898822778882));
#2415 = CARTESIAN_POINT('',(422.13239931554,2.26639629573,
    -7.873574800468));
#2416 = CARTESIAN_POINT('',(422.006532127,2.440073901274,-7.822700333188
    ));
#2417 = CARTESIAN_POINT('',(421.94283489634,2.523597268597,
    -7.797094057834));
#2418 = CARTESIAN_POINT('',(421.87793501635,2.604720884792,
    -7.771154247895));
#2419 = CARTESIAN_POINT('',(421.81194308997,2.683562928644,
    -7.74493778931));
#2420 = CARTESIAN_POINT('',(421.74495416092,2.760231036079,
    -7.718494651258));
#2421 = CARTESIAN_POINT('',(421.67704907214,2.834825452238,
    -7.691868611679));
#2422 = CARTESIAN_POINT('',(421.60829523393,2.907440917678,
    -7.665097777197));
#2423 = CARTESIAN_POINT('',(421.40559948514,3.113569715933,
    -7.586748844274));
#2424 = CARTESIAN_POINT('',(421.26957228111,3.242015663993,
    -7.534884660001));
#2425 = CARTESIAN_POINT('',(421.13104619918,3.364143329064,
    -7.48285193812));
#2426 = CARTESIAN_POINT('',(420.99031770361,3.480436569267,
    -7.430844467209));
#2427 = CARTESIAN_POINT('',(420.8476200947,3.591293807231,-7.37903080776
    ));
#2428 = CARTESIAN_POINT('',(420.70313173601,3.697056173734,
    -7.32755954598));
#2429 = CARTESIAN_POINT('',(420.55697810916,3.798016740204,
    -7.276562614234));
#2430 = CARTESIAN_POINT('',(420.25662770572,3.994022535487,
    -7.174098328769));
#2431 = CARTESIAN_POINT('',(420.10235508625,4.088743732391,
    -7.122681181599));
#2432 = CARTESIAN_POINT('',(419.94652223096,4.178868095207,
    -7.072047616815));
#2433 = CARTESIAN_POINT('',(419.78921301208,4.264607223858,
    -7.022334135662));
#2434 = CARTESIAN_POINT('',(419.63049267271,4.346127723598,
    -6.973677144528));
#2435 = CARTESIAN_POINT('',(419.4704094435,4.423561238275,
    -6.926215318756));
#2436 = CARTESIAN_POINT('',(419.30899486562,4.497009294808,
    -6.880091935912));
#2437 = CARTESIAN_POINT('',(418.76722656623,4.728501099785,
    -6.731493689373));
#2438 = CARTESIAN_POINT('',(418.38154382752,4.86900955404,
    -6.635743765897));
#2439 = CARTESIAN_POINT('',(417.98889910517,4.989292510746,
    -6.549924798028));
#2440 = CARTESIAN_POINT('',(417.58918709431,5.089208563826,
    -6.476218774468));
#2441 = CARTESIAN_POINT('',(417.18256182371,5.167768594054,
    -6.417347324755));
#2442 = CARTESIAN_POINT('',(416.76942864136,5.223045802778,
    -6.37658826655));
#2443 = CARTESIAN_POINT('',(416.3504440685,5.252012663755,
    -6.357747450428));
#2444 = CARTESIAN_POINT('',(415.70019750499,5.248800577478,
    -6.368228871681));
#2445 = CARTESIAN_POINT('',(415.47253749733,5.238816197569,
    -6.379204775427));
#2446 = CARTESIAN_POINT('',(415.24398030483,5.219263561532,
    -6.398059618466));
#2447 = CARTESIAN_POINT('',(415.01499067781,5.189341146143,
    -6.425305214624));
#2448 = CARTESIAN_POINT('',(414.7861737721,5.148169984553,
    -6.461355125177));
#2449 = CARTESIAN_POINT('',(414.55827831048,5.094825437742,
    -6.506431642128));
#2450 = CARTESIAN_POINT('',(414.33219781866,5.028399055438,
    -6.560468584182));
#2451 = CARTESIAN_POINT('',(413.86106363277,4.858948245858,
    -6.692530488031));
#2452 = CARTESIAN_POINT('',(413.61660883501,4.752666598679,
    -6.772565202313));
#2453 = CARTESIAN_POINT('',(413.3771591807,4.628230667281,
    -6.862536201576));
#2454 = CARTESIAN_POINT('',(413.14424182781,4.484764325891,
    -6.961326572058));
#2455 = CARTESIAN_POINT('',(412.91933597292,4.321606171395,
    -7.067293181058));
#2456 = CARTESIAN_POINT('',(412.70387925299,4.138356093314,
    -7.178357563329));
#2457 = CARTESIAN_POINT('',(412.49928592937,3.934910560162,
    -7.292145113824));
#2458 = CARTESIAN_POINT('',(412.207298166,3.59570022216,-7.465170934133)
  );
#2459 = CARTESIAN_POINT('',(412.1109179307,3.474538126023,
    -7.524284566023));
#2460 = CARTESIAN_POINT('',(412.01800862071,3.348013479509,
    -7.583104930781));
#2461 = CARTESIAN_POINT('',(411.92876171411,3.216165089037,
    -7.641269618054));
#2462 = CARTESIAN_POINT('',(411.8433740754,3.0790585342,-7.698405481898)
  );
#2463 = CARTESIAN_POINT('',(411.76204725592,2.936789173742,
    -7.754133259269));
#2464 = CARTESIAN_POINT('',(411.68498679407,2.789485151531,
    -7.808072188515));
#2465 = CARTESIAN_POINT('',(411.56185002248,2.53132939703,
    -7.895901169562));
#2466 = CARTESIAN_POINT('',(411.51347051731,2.42298884075,
    -7.930905905119));
#2467 = CARTESIAN_POINT('',(411.46733452739,2.312347574684,
    -7.964730623836));
#2468 = CARTESIAN_POINT('',(411.42351514579,2.199475450282,
    -7.997247142554));
#2469 = CARTESIAN_POINT('',(411.38208605202,2.084454454788,
    -8.028328822843));
#2470 = CARTESIAN_POINT('',(411.34312053271,1.967379836561,
    -8.057852088169));
#2471 = CARTESIAN_POINT('',(411.30669050215,1.848361230401,
    -8.085697941071));
#2472 = CARTESIAN_POINT('',(411.21600969917,1.524410203166,
    -8.155549786515));
#2473 = CARTESIAN_POINT('',(411.16649677597,1.31609696095,
    -8.194301153261));
#2474 = CARTESIAN_POINT('',(411.12468588602,1.103249440658,
    -8.227450313096));
#2475 = CARTESIAN_POINT('',(411.09088229869,0.886612511478,
    -8.254514054282));
#2476 = CARTESIAN_POINT('',(411.06533738034,0.667012279306,
    -8.275099356903));
#2477 = CARTESIAN_POINT('',(411.04823904696,0.445359689927,
    -8.288922584811));
#2478 = CARTESIAN_POINT('',(411.03969270907,0.222655983452,
    -8.295831733437));
#2479 = CARTESIAN_POINT('',(411.039692709,0.,-8.295831733463));
#2480 = PCURVE('',#761,#2481);
#2481 = DEFINITIONAL_REPRESENTATION('',(#2482),#2569);
#2482 = B_SPLINE_CURVE_WITH_KNOTS('',8,(#2483,#2484,#2485,#2486,#2487,
    #2488,#2489,#2490,#2491,#2492,#2493,#2494,#2495,#2496,#2497,#2498,
    #2499,#2500,#2501,#2502,#2503,#2504,#2505,#2506,#2507,#2508,#2509,
    #2510,#2511,#2512,#2513,#2514,#2515,#2516,#2517,#2518,#2519,#2520,
    #2521,#2522,#2523,#2524,#2525,#2526,#2527,#2528,#2529,#2530,#2531,
    #2532,#2533,#2534,#2535,#2536,#2537,#2538,#2539,#2540,#2541,#2542,
    #2543,#2544,#2545,#2546,#2547,#2548,#2549,#2550,#2551,#2552,#2553,
    #2554,#2555,#2556,#2557,#2558,#2559,#2560,#2561,#2562,#2563,#2564,
    #2565,#2566,#2567,#2568),.UNSPECIFIED.,.F.,.F.,(9,7,7,7,7,7,7,7,7,7,
    7,7,9),(0.,4.373339730361E-02,7.446917675009E-02,0.122134667501,
    0.168948758906,0.258572212123,0.351145964391,0.566769188306,
    0.681974079232,0.809911703925,0.876211981953,0.922386332014,1.),
  .UNSPECIFIED.);
#2483 = CARTESIAN_POINT('',(3.14159265359,12.076705226556));
#2484 = CARTESIAN_POINT('',(3.117701200743,12.076705226556));
#2485 = CARTESIAN_POINT('',(3.093801869605,12.072442497822));
#2486 = CARTESIAN_POINT('',(3.070016770059,12.063912062971));
#2487 = CARTESIAN_POINT('',(3.046443452079,12.051241889667));
#2488 = CARTESIAN_POINT('',(3.023160022941,12.034653871692));
#2489 = CARTESIAN_POINT('',(3.000228949404,12.014430901996));
#2490 = CARTESIAN_POINT('',(2.977699544837,11.990890037733));
#2491 = CARTESIAN_POINT('',(2.940084032072,11.945717713431));
#2492 = CARTESIAN_POINT('',(2.924769579643,11.925590475346));
#2493 = CARTESIAN_POINT('',(2.909672572941,11.904085544077));
#2494 = CARTESIAN_POINT('',(2.894796670497,11.881306453147));
#2495 = CARTESIAN_POINT('',(2.880142713797,11.857352726923));
#2496 = CARTESIAN_POINT('',(2.865709040627,11.832317838978));
#2497 = CARTESIAN_POINT('',(2.851491798407,11.806287170466));
#2498 = CARTESIAN_POINT('',(2.815763711629,11.737539655151));
#2499 = CARTESIAN_POINT('',(2.794554167956,11.693540182137));
#2500 = CARTESIAN_POINT('',(2.773831463502,11.647615531187));
#2501 = CARTESIAN_POINT('',(2.753570830589,11.600010555976));
#2502 = CARTESIAN_POINT('',(2.733747329309,11.550937347553));
#2503 = CARTESIAN_POINT('',(2.714335279948,11.500575599782));
#2504 = CARTESIAN_POINT('',(2.695307695416,11.449072974778));
#2505 = CARTESIAN_POINT('',(2.658297250223,11.344956206414));
#2506 = CARTESIAN_POINT('',(2.64030574207,11.292389337344));
#2507 = CARTESIAN_POINT('',(2.622636184852,11.23896226283));
#2508 = CARTESIAN_POINT('',(2.605266588007,11.184777221471));
#2509 = CARTESIAN_POINT('',(2.588176998565,11.129923027345));
#2510 = CARTESIAN_POINT('',(2.571348768814,11.0744763494));
#2511 = CARTESIAN_POINT('',(2.554764067834,11.01850253167));
#2512 = CARTESIAN_POINT('',(2.507088163393,10.853991543962));
#2513 = CARTESIAN_POINT('',(2.476607568559,10.744220710711));
#2514 = CARTESIAN_POINT('',(2.446841626531,10.633125324942));
#2515 = CARTESIAN_POINT('',(2.417696443987,10.521015881187));
#2516 = CARTESIAN_POINT('',(2.389092695965,10.408150891733));
#2517 = CARTESIAN_POINT('',(2.360959537206,10.294745393744));
#2518 = CARTESIAN_POINT('',(2.333231926714,10.18097484603));
#2519 = CARTESIAN_POINT('',(2.277560803372,9.949233983179));
#2520 = CARTESIAN_POINT('',(2.249645883008,9.83127228142));
#2521 = CARTESIAN_POINT('',(2.222037092106,9.713267829118));
#2522 = CARTESIAN_POINT('',(2.19467799386,9.595380537371));
#2523 = CARTESIAN_POINT('',(2.167517769561,9.477761467707));
#2524 = CARTESIAN_POINT('',(2.14050875957,9.360555678559));
#2525 = CARTESIAN_POINT('',(2.113604740344,9.243904436071));
#2526 = CARTESIAN_POINT('',(2.024232895181,8.857857686972));
#2527 = CARTESIAN_POINT('',(1.962109574836,8.591888547261));
#2528 = CARTESIAN_POINT('',(1.899722749784,8.331406295078));
#2529 = CARTESIAN_POINT('',(1.836546550665,8.078286711841));
#2530 = CARTESIAN_POINT('',(1.772076618272,7.835003773211));
#2531 = CARTESIAN_POINT('',(1.705788587202,7.60464047877));
#2532 = CARTESIAN_POINT('',(1.637089546705,7.390863939982));
#2533 = CARTESIAN_POINT('',(1.526860550236,7.094141008027));
#2534 = CARTESIAN_POINT('',(1.487603696246,6.99670117034));
#2535 = CARTESIAN_POINT('',(1.447393650519,6.905791344271));
#2536 = CARTESIAN_POINT('',(1.406158993791,6.822081828355));
#2537 = CARTESIAN_POINT('',(1.363839584475,6.746222292904));
#2538 = CARTESIAN_POINT('',(1.320389632355,6.678761191972));
#2539 = CARTESIAN_POINT('',(1.27578353038,6.620060574552));
#2540 = CARTESIAN_POINT('',(1.179209626993,6.51489798818));
#2541 = CARTESIAN_POINT('',(1.126959583602,6.470491183367));
#2542 = CARTESIAN_POINT('',(1.073307363976,6.43720706262));
#2543 = CARTESIAN_POINT('',(1.018286160276,6.414778688522));
#2544 = CARTESIAN_POINT('',(0.961930544372,6.402452233147));
#2545 = CARTESIAN_POINT('',(0.904274248379,6.399070186256));
#2546 = CARTESIAN_POINT('',(0.845347448776,6.403202731932));
#2547 = CARTESIAN_POINT('',(0.753993318062,6.418482467599));
#2548 = CARTESIAN_POINT('',(0.722473403408,6.425291442351));
#2549 = CARTESIAN_POINT('',(0.690615920739,6.433474878513));
#2550 = CARTESIAN_POINT('',(0.65842133774,6.442803093645));
#2551 = CARTESIAN_POINT('',(0.625890802486,6.453039467073));
#2552 = CARTESIAN_POINT('',(0.593026301304,6.463944185901));
#2553 = CARTESIAN_POINT('',(0.559830816634,6.47527799102));
#2554 = CARTESIAN_POINT('',(0.502962098912,6.494834468212));
#2555 = CARTESIAN_POINT('',(0.479457820292,6.502956948007));
#2556 = CARTESIAN_POINT('',(0.455797808969,6.511093889477));
#2557 = CARTESIAN_POINT('',(0.431984985894,6.519166580718));
#2558 = CARTESIAN_POINT('',(0.408023194117,6.527097948818));
#2559 = CARTESIAN_POINT('',(0.383917359881,6.534813437716));
#2560 = CARTESIAN_POINT('',(0.359673653719,6.542241886068));
#2561 = CARTESIAN_POINT('',(0.294329812027,6.561207842067));
#2562 = CARTESIAN_POINT('',(0.252979633942,6.572102929295));
#2563 = CARTESIAN_POINT('',(0.211300131496,6.581678936681));
#2564 = CARTESIAN_POINT('',(0.169343733038,6.589653133808));
#2565 = CARTESIAN_POINT('',(0.127166254892,6.595797009374));
#2566 = CARTESIAN_POINT('',(8.483038321324E-02,6.599948713205));
#2567 = CARTESIAN_POINT('',(4.241066386934E-02,6.602023720861));
#2568 = CARTESIAN_POINT('',(3.547470142706E-10,6.602023720848));
#2569 = ( GEOMETRIC_REPRESENTATION_CONTEXT(2) 
PARAMETRIC_REPRESENTATION_CONTEXT() REPRESENTATION_CONTEXT('2D SPACE',''
  ) );
#2570 = PCURVE('',#2257,#2571);
#2571 = DEFINITIONAL_REPRESENTATION('',(#2572),#2659);
#2572 = B_SPLINE_CURVE_WITH_KNOTS('',8,(#2573,#2574,#2575,#2576,#2577,
    #2578,#2579,#2580,#2581,#2582,#2583,#2584,#2585,#2586,#2587,#2588,
    #2589,#2590,#2591,#2592,#2593,#2594,#2595,#2596,#2597,#2598,#2599,
    #2600,#2601,#2602,#2603,#2604,#2605,#2606,#2607,#2608,#2609,#2610,
    #2611,#2612,#2613,#2614,#2615,#2616,#2617,#2618,#2619,#2620,#2621,
    #2622,#2623,#2624,#2625,#2626,#2627,#2628,#2629,#2630,#2631,#2632,
    #2633,#2634,#2635,#2636,#2637,#2638,#2639,#2640,#2641,#2642,#2643,
    #2644,#2645,#2646,#2647,#2648,#2649,#2650,#2651,#2652,#2653,#2654,
    #2655,#2656,#2657,#2658),.UNSPECIFIED.,.F.,.F.,(9,7,7,7,7,7,7,7,7,7,
    7,7,9),(0.,4.373339730361E-02,7.446917675009E-02,0.122134667501,
    0.168948758906,0.258572212123,0.351145964391,0.566769188306,
    0.681974079232,0.809911703925,0.876211981953,0.922386332014,1.),
  .UNSPECIFIED.);
#2573 = CARTESIAN_POINT('',(0.,-33.81491197242));
#2574 = CARTESIAN_POINT('',(-1.532286951829E-02,-33.81491197242));
#2575 = CARTESIAN_POINT('',(-3.065079586523E-02,-33.8098841724));
#2576 = CARTESIAN_POINT('',(-4.589724930826E-02,-33.79982282159));
#2577 = CARTESIAN_POINT('',(-6.099147973371E-02,-33.78487475358));
#2578 = CARTESIAN_POINT('',(-7.587597754074E-02,-33.76529402271));
#2579 = CARTESIAN_POINT('',(-9.050447904876E-02,-33.7414040214));
#2580 = CARTESIAN_POINT('',(-0.104840516418,-33.71356707882));
#2581 = CARTESIAN_POINT('',(-0.128706937118,-33.66008976576));
#2582 = CARTESIAN_POINT('',(-0.138403208159,-33.63624633638));
#2583 = CARTESIAN_POINT('',(-0.147939638766,-33.61075157251));
#2584 = CARTESIAN_POINT('',(-0.157312813194,-33.58372345779));
#2585 = CARTESIAN_POINT('',(-0.166521339557,-33.55527527878));
#2586 = CARTESIAN_POINT('',(-0.175565603001,-33.52551326425));
#2587 = CARTESIAN_POINT('',(-0.184447518865,-33.4945342245));
#2588 = CARTESIAN_POINT('',(-0.206697678896,-33.41262493555));
#2589 = CARTESIAN_POINT('',(-0.219839036656,-33.3601170294));
#2590 = CARTESIAN_POINT('',(-0.232608696757,-33.30521314998));
#2591 = CARTESIAN_POINT('',(-0.245021326188,-33.24818902105));
#2592 = CARTESIAN_POINT('',(-0.257092080335,-33.18928259097));
#2593 = CARTESIAN_POINT('',(-0.268836762008,-33.12869421133));
#2594 = CARTESIAN_POINT('',(-0.280271980473,-33.06658681554));
#2595 = CARTESIAN_POINT('',(-0.302359598721,-32.940719627));
#2596 = CARTESIAN_POINT('',(-0.313019978083,-32.87702239634));
#2597 = CARTESIAN_POINT('',(-0.323411753021,-32.81212251635));
#2598 = CARTESIAN_POINT('',(-0.333548333478,-32.74613058997));
#2599 = CARTESIAN_POINT('',(-0.34344181105,-32.67914166092));
#2600 = CARTESIAN_POINT('',(-0.353103374748,-32.61123657214));
#2601 = CARTESIAN_POINT('',(-0.362543566357,-32.54248273393));
#2602 = CARTESIAN_POINT('',(-0.389440511426,-32.33978698514));
#2603 = CARTESIAN_POINT('',(-0.406329634406,-32.20375978112));
#2604 = CARTESIAN_POINT('',(-0.422510732628,-32.06523369918));
#2605 = CARTESIAN_POINT('',(-0.438035783186,-31.92450520361));
#2606 = CARTESIAN_POINT('',(-0.452946285902,-31.7818075947));
#2607 = CARTESIAN_POINT('',(-0.467276789872,-31.63731923601));
#2608 = CARTESIAN_POINT('',(-0.481056064153,-31.49116560916));
#2609 = CARTESIAN_POINT('',(-0.507997320839,-31.19081520572));
#2610 = CARTESIAN_POINT('',(-0.521121314629,-31.03654258625));
#2611 = CARTESIAN_POINT('',(-0.53370584532,-30.88070973096));
#2612 = CARTESIAN_POINT('',(-0.545768577818,-30.72340051208));
#2613 = CARTESIAN_POINT('',(-0.55732135907,-30.56468017271));
#2614 = CARTESIAN_POINT('',(-0.568371393788,-30.4045969435));
#2615 = CARTESIAN_POINT('',(-0.57892177893,-30.24318236562));
#2616 = CARTESIAN_POINT('',(-0.612379014994,-29.70141406623));
#2617 = CARTESIAN_POINT('',(-0.633039015024,-29.31573132752));
#2618 = CARTESIAN_POINT('',(-0.650982742996,-28.92308660518));
#2619 = CARTESIAN_POINT('',(-0.666052806252,-28.5233745943));
#2620 = CARTESIAN_POINT('',(-0.677961793442,-28.11674932372));
#2621 = CARTESIAN_POINT('',(-0.68628165751,-27.70361614135));
#2622 = CARTESIAN_POINT('',(-0.690442411991,-27.2846315685));
#2623 = CARTESIAN_POINT('',(-0.689333689681,-26.63438500499));
#2624 = CARTESIAN_POINT('',(-0.687553835469,-26.40672499733));
#2625 = CARTESIAN_POINT('',(-0.68427332762,-26.17816780483));
#2626 = CARTESIAN_POINT('',(-0.679379334563,-25.94917817781));
#2627 = CARTESIAN_POINT('',(-0.672759577514,-25.7203612721));
#2628 = CARTESIAN_POINT('',(-0.664311932838,-25.49246581048));
#2629 = CARTESIAN_POINT('',(-0.653956065982,-25.26638531866));
#2630 = CARTESIAN_POINT('',(-0.627975433993,-24.79525113277));
#2631 = CARTESIAN_POINT('',(-0.611891195948,-24.55079633501));
#2632 = CARTESIAN_POINT('',(-0.593335727794,-24.3113466807));
#2633 = CARTESIAN_POINT('',(-0.572297664509,-24.07842932781));
#2634 = CARTESIAN_POINT('',(-0.548813520229,-23.85352347292));
#2635 = CARTESIAN_POINT('',(-0.522958436102,-23.63806675299));
#2636 = CARTESIAN_POINT('',(-0.494833571999,-23.43347342937));
#2637 = CARTESIAN_POINT('',(-0.448868041375,-23.141485666));
#2638 = CARTESIAN_POINT('',(-0.432599101283,-23.0451054307));
#2639 = CARTESIAN_POINT('',(-0.415765493799,-22.95219612071));
#2640 = CARTESIAN_POINT('',(-0.398383212827,-22.86294921411));
#2641 = CARTESIAN_POINT('',(-0.380469666066,-22.7775615754));
#2642 = CARTESIAN_POINT('',(-0.362043703432,-22.69623475592));
#2643 = CARTESIAN_POINT('',(-0.343125645486,-22.61917429407));
#2644 = CARTESIAN_POINT('',(-0.310234446865,-22.49603752248));
#2645 = CARTESIAN_POINT('',(-0.296503858154,-22.44765801731));
#2646 = CARTESIAN_POINT('',(-0.282553383334,-22.40152202739));
#2647 = CARTESIAN_POINT('',(-0.268391533499,-22.35770264579));
#2648 = CARTESIAN_POINT('',(-0.254027610702,-22.31627355202));
#2649 = CARTESIAN_POINT('',(-0.239471825411,-22.27730803271));
#2650 = CARTESIAN_POINT('',(-0.224735413971,-22.24087800215));
#2651 = CARTESIAN_POINT('',(-0.184777773874,-22.15019719917));
#2652 = CARTESIAN_POINT('',(-0.15924195348,-22.10068427597));
#2653 = CARTESIAN_POINT('',(-0.133291078723,-22.05887338602));
#2654 = CARTESIAN_POINT('',(-0.106996467797,-22.02506979869));
#2655 = CARTESIAN_POINT('',(-8.043379722996E-02,-21.99952488034));
#2656 = CARTESIAN_POINT('',(-5.368475187004E-02,-21.98242654695));
#2657 = CARTESIAN_POINT('',(-2.683950092111E-02,-21.97388020908));
#2658 = CARTESIAN_POINT('',(0.,-21.973880209));
#2659 = ( GEOMETRIC_REPRESENTATION_CONTEXT(2) 
PARAMETRIC_REPRESENTATION_CONTEXT() REPRESENTATION_CONTEXT('2D SPACE',''
  ) );
#2660 = ADVANCED_FACE('',(#2661),#794,.F.);
#2661 = FACE_BOUND('',#2662,.F.);
#2662 = EDGE_LOOP('',(#2663,#2664));
#2663 = ORIENTED_EDGE('',*,*,#779,.T.);
#2664 = ORIENTED_EDGE('',*,*,#2367,.T.);
#2665 = ADVANCED_FACE('',(#2666),#854,.F.);
#2666 = FACE_BOUND('',#2667,.F.);
#2667 = EDGE_LOOP('',(#2668,#2900,#2921,#2922,#2944,#2945,#2946));
#2668 = ORIENTED_EDGE('',*,*,#2669,.F.);
#2669 = EDGE_CURVE('',#2670,#2672,#2674,.T.);
#2670 = VERTEX_POINT('',#2671);
#2671 = CARTESIAN_POINT('',(393.0844371924,-1.6487005096E-15,
    -8.46266132201));
#2672 = VERTEX_POINT('',#2673);
#2673 = CARTESIAN_POINT('',(404.91439185537,-2.045832338047E-15,
    -8.35274439729));
#2674 = SURFACE_CURVE('',#2675,(#2748,#2824),.PCURVE_S1.);
#2675 = B_SPLINE_CURVE_WITH_KNOTS('',8,(#2676,#2677,#2678,#2679,#2680,
    #2681,#2682,#2683,#2684,#2685,#2686,#2687,#2688,#2689,#2690,#2691,
    #2692,#2693,#2694,#2695,#2696,#2697,#2698,#2699,#2700,#2701,#2702,
    #2703,#2704,#2705,#2706,#2707,#2708,#2709,#2710,#2711,#2712,#2713,
    #2714,#2715,#2716,#2717,#2718,#2719,#2720,#2721,#2722,#2723,#2724,
    #2725,#2726,#2727,#2728,#2729,#2730,#2731,#2732,#2733,#2734,#2735,
    #2736,#2737,#2738,#2739,#2740,#2741,#2742,#2743,#2744,#2745,#2746,
    #2747),.UNSPECIFIED.,.F.,.F.,(9,7,7,7,7,7,7,7,7,7,9),(0.,
    8.543351863824E-02,0.139561523656,0.278894366173,0.393657284199,
    0.637643437203,0.735541987189,0.833263252478,0.87939041127,
    0.945277236185,1.),.UNSPECIFIED.);
#2676 = CARTESIAN_POINT('',(393.0844371924,-8.881784197001E-16,
    -8.46266132201));
#2677 = CARTESIAN_POINT('',(393.08443719245,-0.241995635449,
    -8.462661321994));
#2678 = CARTESIAN_POINT('',(393.09520023202,-0.484060267709,
    -8.454652590773));
#2679 = CARTESIAN_POINT('',(393.11673540247,-0.724673821597,
    -8.438627685703));
#2680 = CARTESIAN_POINT('',(393.14888807279,-0.962460910871,
    -8.414815076426));
#2681 = CARTESIAN_POINT('',(393.19138676309,-1.196178624495,
    -8.383639853193));
#2682 = CARTESIAN_POINT('',(393.24387096488,-1.424708418361,
    -8.345688080656));
#2683 = CARTESIAN_POINT('',(393.30589990779,-1.647052112478,
    -8.301674797145));
#2684 = CARTESIAN_POINT('',(393.4219524936,-1.998726592257,
    -8.221206610575));
#2685 = CARTESIAN_POINT('',(393.47059244765,-2.132320259134,
    -8.187883735556));
#2686 = CARTESIAN_POINT('',(393.52273917512,-2.262914787256,
    -8.152646551439));
#2687 = CARTESIAN_POINT('',(393.57826465311,-2.390340815029,
    -8.115704804874));
#2688 = CARTESIAN_POINT('',(393.63703713715,-2.514455758411,
    -8.077274998003));
#2689 = CARTESIAN_POINT('',(393.69892250246,-2.635141743078,
    -8.037576914412));
#2690 = CARTESIAN_POINT('',(393.76378558518,-2.752303536595,
    -7.996830145064));
#2691 = CARTESIAN_POINT('',(394.00577581225,-3.158192934948,
    -7.848219250035));
#2692 = CARTESIAN_POINT('',(394.19888520865,-3.42665326563,
    -7.735677737633));
#2693 = CARTESIAN_POINT('',(394.40852337549,-3.670010274632,
    -7.621306838727));
#2694 = CARTESIAN_POINT('',(394.63237593289,-3.887885076076,
    -7.508660315925));
#2695 = CARTESIAN_POINT('',(394.86814327679,-4.080584685454,
    -7.400873960516));
#2696 = CARTESIAN_POINT('',(395.11355366912,-4.24896139491,
    -7.300432232794));
#2697 = CARTESIAN_POINT('',(395.36639352903,-4.394273369804,
    -7.209056760282));
#2698 = CARTESIAN_POINT('',(395.8372595408,-4.619937701406,
    -7.060837279386));
#2699 = CARTESIAN_POINT('',(396.05360618263,-4.707247651824,
    -7.000731438531));
#2700 = CARTESIAN_POINT('',(396.27257825766,-4.780820495834,
    -6.948013528055));
#2701 = CARTESIAN_POINT('',(396.49325580755,-4.84163523931,
    -6.902913452556));
#2702 = CARTESIAN_POINT('',(396.71486074571,-4.890680878525,
    -6.865394367831));
#2703 = CARTESIAN_POINT('',(396.93675974041,-4.928900274284,
    -6.835231752025));
#2704 = CARTESIAN_POINT('',(397.1584642784,-4.957158651511,
    -6.812092014368));
#2705 = CARTESIAN_POINT('',(397.84983029607,-5.016754470652,
    -6.760489703443));
#2706 = CARTESIAN_POINT('',(398.31668314177,-5.015652107205,
    -6.75544042709));
#2707 = CARTESIAN_POINT('',(398.77835177578,-4.980693804606,
    -6.776375694212));
#2708 = CARTESIAN_POINT('',(399.2336353016,-4.91662421871,-6.81884923795
    ));
#2709 = CARTESIAN_POINT('',(399.68178584385,-4.82655149949,
    -6.878980980465));
#2710 = CARTESIAN_POINT('',(400.12248976911,-4.712142969216,
    -6.953555238558));
#2711 = CARTESIAN_POINT('',(400.55587212972,-4.573905700654,
    -7.0400211568));
#2712 = CARTESIAN_POINT('',(401.15358065453,-4.344779959757,
    -7.175095049252));
#2713 = CARTESIAN_POINT('',(401.32351631766,-4.275145476739,
    -7.215345214762));
#2714 = CARTESIAN_POINT('',(401.49221768245,-4.201422803225,
    -7.257025087795));
#2715 = CARTESIAN_POINT('',(401.65965139374,-4.123513999917,
    -7.299999384485));
#2716 = CARTESIAN_POINT('',(401.82576795797,-4.041287523068,
    -7.34413751029));
#2717 = CARTESIAN_POINT('',(401.99050124419,-3.954572689674,
    -7.389311388103));
#2718 = CARTESIAN_POINT('',(402.15376663025,-3.863148046119,
    -7.435393243385));
#2719 = CARTESIAN_POINT('',(402.47685615094,-3.670473849593,
    -7.529028590201));
#2720 = CARTESIAN_POINT('',(402.63664770089,-3.569265235277,
    -7.576568165825));
#2721 = CARTESIAN_POINT('',(402.79475638715,-3.462794756577,
    -7.624750566284));
#2722 = CARTESIAN_POINT('',(402.95104463773,-3.350711574093,
    -7.673442146298));
#2723 = CARTESIAN_POINT('',(403.10530827354,-3.232596798214,
    -7.722490905415));
#2724 = CARTESIAN_POINT('',(403.25727413468,-3.107952028176,
    -7.771722633131));
#2725 = CARTESIAN_POINT('',(403.40658786577,-2.976155510508,
    -7.820934212748));
#2726 = CARTESIAN_POINT('',(403.6217857301,-2.770350170827,
    -7.892982127247));
#2727 = CARTESIAN_POINT('',(403.69008691889,-2.702578979149,
    -7.916022701021));
#2728 = CARTESIAN_POINT('',(403.75763319099,-2.632941877343,
    -7.93897449047));
#2729 = CARTESIAN_POINT('',(403.82436223814,-2.56134362427,
    -7.961806904881));
#2730 = CARTESIAN_POINT('',(403.89019888443,-2.487682272062,
    -7.984484585013));
#2731 = CARTESIAN_POINT('',(403.95505419066,-2.411846897468,
    -8.006966902019));
#2732 = CARTESIAN_POINT('',(404.01882389871,-2.333713823398,
    -8.029207244762));
#2733 = CARTESIAN_POINT('',(404.17074859111,-2.138053693314,
    -8.082497545338));
#2734 = CARTESIAN_POINT('',(404.25756239845,-2.018098471489,
    -8.113210255636));
#2735 = CARTESIAN_POINT('',(404.34157147962,-1.892762420928,
    -8.143167943683));
#2736 = CARTESIAN_POINT('',(404.42232577137,-1.761568842201,
    -8.172179094503));
#2737 = CARTESIAN_POINT('',(404.49918718194,-1.624084351787,
    -8.19998029435));
#2738 = CARTESIAN_POINT('',(404.57133283893,-1.479923434312,
    -8.226234902717));
#2739 = CARTESIAN_POINT('',(404.63775570878,-1.328750775933,
    -8.250533062902));
#2740 = CARTESIAN_POINT('',(404.74668644324,-1.038663511443,
    -8.290549017411));
#2741 = CARTESIAN_POINT('',(404.79137448064,-0.901918732973,
    -8.307035963905));
#2742 = CARTESIAN_POINT('',(404.83050741905,-0.760199825753,
    -8.321528212568));
#2743 = CARTESIAN_POINT('',(404.86319293829,-0.613875921001,
    -8.333670971086));
#2744 = CARTESIAN_POINT('',(404.88854268383,-0.463569044678,
    -8.343109477667));
#2745 = CARTESIAN_POINT('',(404.90577809172,-0.310203680358,
    -8.349533769893));
#2746 = CARTESIAN_POINT('',(404.91439185538,-0.155082323318,
    -8.35274439729));
#2747 = CARTESIAN_POINT('',(404.91439185538,-8.881784197001E-15,
    -8.35274439729));
#2748 = PCURVE('',#854,#2749);
#2749 = DEFINITIONAL_REPRESENTATION('',(#2750),#2823);
#2750 = B_SPLINE_CURVE_WITH_KNOTS('',8,(#2751,#2752,#2753,#2754,#2755,
    #2756,#2757,#2758,#2759,#2760,#2761,#2762,#2763,#2764,#2765,#2766,
    #2767,#2768,#2769,#2770,#2771,#2772,#2773,#2774,#2775,#2776,#2777,
    #2778,#2779,#2780,#2781,#2782,#2783,#2784,#2785,#2786,#2787,#2788,
    #2789,#2790,#2791,#2792,#2793,#2794,#2795,#2796,#2797,#2798,#2799,
    #2800,#2801,#2802,#2803,#2804,#2805,#2806,#2807,#2808,#2809,#2810,
    #2811,#2812,#2813,#2814,#2815,#2816,#2817,#2818,#2819,#2820,#2821,
    #2822),.UNSPECIFIED.,.F.,.F.,(9,7,7,7,7,7,7,7,7,7,9),(0.,
    8.543351863824E-02,0.139561523656,0.278894366173,0.393657284199,
    0.637643437203,0.735541987189,0.833263252478,0.87939041127,
    0.945277236185,1.),.UNSPECIFIED.);
#2751 = CARTESIAN_POINT('',(6.283185306964,6.845209728635));
#2752 = CARTESIAN_POINT('',(6.234786179874,6.845209728649));
#2753 = CARTESIAN_POINT('',(6.186373327314,6.844315502543));
#2754 = CARTESIAN_POINT('',(6.138077655944,6.842525725441));
#2755 = CARTESIAN_POINT('',(6.090001698738,6.83994853954));
#2756 = CARTESIAN_POINT('',(6.042231130481,6.836793951349));
#2757 = CARTESIAN_POINT('',(5.994843519442,6.833358962131));
#2758 = CARTESIAN_POINT('',(5.947914315223,6.83000543155));
#2759 = CARTESIAN_POINT('',(5.872126131982,6.825309318389));
#2760 = CARTESIAN_POINT('',(5.842939527847,6.823679670003));
#2761 = CARTESIAN_POINT('',(5.813973997735,6.822342714202));
#2762 = CARTESIAN_POINT('',(5.785241146917,6.821405286616));
#2763 = CARTESIAN_POINT('',(5.756750771942,6.820977881672));
#2764 = CARTESIAN_POINT('',(5.728511184011,6.821172460589));
#2765 = CARTESIAN_POINT('',(5.700529532351,6.82210025938));
#2766 = CARTESIAN_POINT('',(5.601463760118,6.828424112014));
#2767 = CARTESIAN_POINT('',(5.531870973509,6.838554838863));
#2768 = CARTESIAN_POINT('',(5.464132912723,6.856109641409));
#2769 = CARTESIAN_POINT('',(5.39831680989,6.882819887602));
#2770 = CARTESIAN_POINT('',(5.334475959182,6.920073745696));
#2771 = CARTESIAN_POINT('',(5.272648687047,6.968727195099));
#2772 = CARTESIAN_POINT('',(5.212851258266,7.029026757015));
#2773 = CARTESIAN_POINT('',(5.107491842905,7.159767133281));
#2774 = CARTESIAN_POINT('',(5.061269194413,7.226556547924));
#2775 = CARTESIAN_POINT('',(5.016384396408,7.300977259524));
#2776 = CARTESIAN_POINT('',(4.97279128444,7.382723685078));
#2777 = CARTESIAN_POINT('',(4.930428610513,7.47134301678));
#2778 = CARTESIAN_POINT('',(4.889223763358,7.566303226625));
#2779 = CARTESIAN_POINT('',(4.849094729808,7.667059153804));
#2780 = CARTESIAN_POINT('',(4.726730060973,7.998531062221));
#2781 = CARTESIAN_POINT('',(4.648122676065,8.247397902858));
#2782 = CARTESIAN_POINT('',(4.572968979842,8.515288208712));
#2783 = CARTESIAN_POINT('',(4.50042295006,8.79781481607));
#2784 = CARTESIAN_POINT('',(4.42974896246,9.09131192591));
#2785 = CARTESIAN_POINT('',(4.360264279781,9.392907442209));
#2786 = CARTESIAN_POINT('',(4.291265905934,9.700525745182));
#2787 = CARTESIAN_POINT('',(4.193993947594,10.138079393563));
#2788 = CARTESIAN_POINT('',(4.166091840636,10.264033140924));
#2789 = CARTESIAN_POINT('',(4.138091388002,10.390519045844));
#2790 = CARTESIAN_POINT('',(4.109941833219,10.517405348872));
#2791 = CARTESIAN_POINT('',(4.081590619689,10.644555481264));
#2792 = CARTESIAN_POINT('',(4.052981395864,10.771825969473));
#2793 = CARTESIAN_POINT('',(4.024051094916,10.899063568962));
#2794 = CARTESIAN_POINT('',(3.965454187583,11.152909632222));
#2795 = CARTESIAN_POINT('',(3.935795953677,11.279488736659));
#2796 = CARTESIAN_POINT('',(3.905672926586,11.405695606479));
#2797 = CARTESIAN_POINT('',(3.875003228329,11.531343356756));
#2798 = CARTESIAN_POINT('',(3.843695918889,11.656193567375));
#2799 = CARTESIAN_POINT('',(3.811647516654,11.779951756953));
#2800 = CARTESIAN_POINT('',(3.778732354625,11.902255133915));
#2801 = CARTESIAN_POINT('',(3.728751251199,12.079467134496));
#2802 = CARTESIAN_POINT('',(3.712494813809,12.13585780916));
#2803 = CARTESIAN_POINT('',(3.695991290153,12.191764593905));
#2804 = CARTESIAN_POINT('',(3.679222008639,12.247128002998));
#2805 = CARTESIAN_POINT('',(3.662167205276,12.301877567506));
#2806 = CARTESIAN_POINT('',(3.644805458365,12.355930928633));
#2807 = CARTESIAN_POINT('',(3.627112819438,12.409192395513));
#2808 = CARTESIAN_POINT('',(3.583277809378,12.536338579593));
#2809 = CARTESIAN_POINT('',(3.556786977707,12.609212781873));
#2810 = CARTESIAN_POINT('',(3.529484889309,12.679931943915));
#2811 = CARTESIAN_POINT('',(3.501278903197,12.74809113365));
#2812 = CARTESIAN_POINT('',(3.472086101245,12.813123062514));
#2813 = CARTESIAN_POINT('',(3.441830563656,12.874298730428));
#2814 = CARTESIAN_POINT('',(3.410439812193,12.930727770549));
#2815 = CARTESIAN_POINT('',(3.350764768618,13.023410195544));
#2816 = CARTESIAN_POINT('',(3.322836132996,13.061491884902));
#2817 = CARTESIAN_POINT('',(3.294077964913,13.094885720316));
#2818 = CARTESIAN_POINT('',(3.264549801647,13.122809797307));
#2819 = CARTESIAN_POINT('',(3.234351939375,13.144484387058));
#2820 = CARTESIAN_POINT('',(3.203633386471,13.159226928751));
#2821 = CARTESIAN_POINT('',(3.172609118253,13.166594787183));
#2822 = CARTESIAN_POINT('',(3.14159265359,13.166594787183));
#2823 = ( GEOMETRIC_REPRESENTATION_CONTEXT(2) 
PARAMETRIC_REPRESENTATION_CONTEXT() REPRESENTATION_CONTEXT('2D SPACE',''
  ) );
#2824 = PCURVE('',#2257,#2825);
#2825 = DEFINITIONAL_REPRESENTATION('',(#2826),#2899);
#2826 = B_SPLINE_CURVE_WITH_KNOTS('',8,(#2827,#2828,#2829,#2830,#2831,
    #2832,#2833,#2834,#2835,#2836,#2837,#2838,#2839,#2840,#2841,#2842,
    #2843,#2844,#2845,#2846,#2847,#2848,#2849,#2850,#2851,#2852,#2853,
    #2854,#2855,#2856,#2857,#2858,#2859,#2860,#2861,#2862,#2863,#2864,
    #2865,#2866,#2867,#2868,#2869,#2870,#2871,#2872,#2873,#2874,#2875,
    #2876,#2877,#2878,#2879,#2880,#2881,#2882,#2883,#2884,#2885,#2886,
    #2887,#2888,#2889,#2890,#2891,#2892,#2893,#2894,#2895,#2896,#2897,
    #2898),.UNSPECIFIED.,.F.,.F.,(9,7,7,7,7,7,7,7,7,7,9),(0.,
    8.543351863824E-02,0.139561523656,0.278894366173,0.393657284199,
    0.637643437203,0.735541987189,0.833263252478,0.87939041127,
    0.945277236185,1.),.UNSPECIFIED.);
#2827 = CARTESIAN_POINT('',(-6.28318530718,-4.018624692406));
#2828 = CARTESIAN_POINT('',(-6.254589617687,-4.018624692461));
#2829 = CARTESIAN_POINT('',(-6.225985777229,-4.029387732024));
#2830 = CARTESIAN_POINT('',(-6.197516414121,-4.050922902477));
#2831 = CARTESIAN_POINT('',(-6.169306999082,-4.083075572791));
#2832 = CARTESIAN_POINT('',(-6.141471168988,-4.125574263098));
#2833 = CARTESIAN_POINT('',(-6.114114490413,-4.178058464879));
#2834 = CARTESIAN_POINT('',(-6.087336662975,-4.240087407796));
#2835 = CARTESIAN_POINT('',(-6.044693167498,-4.356139993609));
#2836 = CARTESIAN_POINT('',(-6.028420275387,-4.40477994765));
#2837 = CARTESIAN_POINT('',(-6.012434377044,-4.456926675127));
#2838 = CARTESIAN_POINT('',(-5.99675436176,-4.512452153117));
#2839 = CARTESIAN_POINT('',(-5.981397277264,-4.571224637158));
#2840 = CARTESIAN_POINT('',(-5.966378489784,-4.633110002469));
#2841 = CARTESIAN_POINT('',(-5.951711844112,-4.697973085185));
#2842 = CARTESIAN_POINT('',(-5.900594478968,-4.939963312256));
#2843 = CARTESIAN_POINT('',(-5.866197591635,-5.133072708658));
#2844 = CARTESIAN_POINT('',(-5.83442709179,-5.342710875498));
#2845 = CARTESIAN_POINT('',(-5.805433884388,-5.566563432895));
#2846 = CARTESIAN_POINT('',(-5.779316190485,-5.802330776791));
#2847 = CARTESIAN_POINT('',(-5.756109712589,-6.047741169121));
#2848 = CARTESIAN_POINT('',(-5.735780831645,-6.300581029032));
#2849 = CARTESIAN_POINT('',(-5.703792393775,-6.771447040804));
#2850 = CARTESIAN_POINT('',(-5.691233219907,-6.987793682639));
#2851 = CARTESIAN_POINT('',(-5.680506794667,-7.20676575766));
#2852 = CARTESIAN_POINT('',(-5.671531872962,-7.427443307554));
#2853 = CARTESIAN_POINT('',(-5.66421088075,-7.649048245716));
#2854 = CARTESIAN_POINT('',(-5.658438739764,-7.870947240411));
#2855 = CARTESIAN_POINT('',(-5.654110422704,-8.092651778407));
#2856 = CARTESIAN_POINT('',(-5.644782156073,-8.784017796079));
#2857 = CARTESIAN_POINT('',(-5.644526032714,-9.250870641778));
#2858 = CARTESIAN_POINT('',(-5.649340585074,-9.712539275785));
#2859 = CARTESIAN_POINT('',(-5.658470637966,-10.16782280159));
#2860 = CARTESIAN_POINT('',(-5.671346773441,-10.61597334385));
#2861 = CARTESIAN_POINT('',(-5.6875950634,-11.05667726911));
#2862 = CARTESIAN_POINT('',(-5.707006083398,-11.49005962972));
#2863 = CARTESIAN_POINT('',(-5.73870352353,-12.08776815453));
#2864 = CARTESIAN_POINT('',(-5.748290576027,-12.25770381766));
#2865 = CARTESIAN_POINT('',(-5.758387158052,-12.42640518245));
#2866 = CARTESIAN_POINT('',(-5.768996747173,-12.59383889374));
#2867 = CARTESIAN_POINT('',(-5.780127158158,-12.75995545797));
#2868 = CARTESIAN_POINT('',(-5.791791160867,-12.92468874419));
#2869 = CARTESIAN_POINT('',(-5.804007829882,-13.08795413025));
#2870 = CARTESIAN_POINT('',(-5.829578248131,-13.41104365094));
#2871 = CARTESIAN_POINT('',(-5.842926865895,-13.57083520089));
#2872 = CARTESIAN_POINT('',(-5.856879783306,-13.72894388715));
#2873 = CARTESIAN_POINT('',(-5.87147189965,-13.88523213773));
#2874 = CARTESIAN_POINT('',(-5.886746086561,-14.03949577354));
#2875 = CARTESIAN_POINT('',(-5.902754587744,-14.19146163468));
#2876 = CARTESIAN_POINT('',(-5.919564340849,-14.34077536577));
#2877 = CARTESIAN_POINT('',(-5.945629214486,-14.5559732301));
#2878 = CARTESIAN_POINT('',(-5.954186029373,-14.62427441889));
#2879 = CARTESIAN_POINT('',(-5.96295147166,-14.69182069099));
#2880 = CARTESIAN_POINT('',(-5.971936117312,-14.75854973814));
#2881 = CARTESIAN_POINT('',(-5.981151315523,-14.82438638443));
#2882 = CARTESIAN_POINT('',(-5.990609476866,-14.88924169066));
#2883 = CARTESIAN_POINT('',(-6.000324546386,-14.95301139871));
#2884 = CARTESIAN_POINT('',(-6.024579423786,-15.10493609111));
#2885 = CARTESIAN_POINT('',(-6.039389700623,-15.19174989845));
#2886 = CARTESIAN_POINT('',(-6.05480314459,-15.27575897962));
#2887 = CARTESIAN_POINT('',(-6.070874382656,-15.35651327137));
#2888 = CARTESIAN_POINT('',(-6.087652711429,-15.43337468194));
#2889 = CARTESIAN_POINT('',(-6.105182247001,-15.50552033893));
#2890 = CARTESIAN_POINT('',(-6.123502529564,-15.57194320878));
#2891 = CARTESIAN_POINT('',(-6.158552301916,-15.68087394324));
#2892 = CARTESIAN_POINT('',(-6.175036638017,-15.72556198064));
#2893 = CARTESIAN_POINT('',(-6.192084945535,-15.76469491905));
#2894 = CARTESIAN_POINT('',(-6.209655200187,-15.79738043829));
#2895 = CARTESIAN_POINT('',(-6.227677257182,-15.82273018383));
#2896 = CARTESIAN_POINT('',(-6.246047371756,-15.83996559172));
#2897 = CARTESIAN_POINT('',(-6.264618676149,-15.84857935538));
#2898 = CARTESIAN_POINT('',(-6.28318530718,-15.84857935538));
#2899 = ( GEOMETRIC_REPRESENTATION_CONTEXT(2) 
PARAMETRIC_REPRESENTATION_CONTEXT() REPRESENTATION_CONTEXT('2D SPACE',''
  ) );
#2900 = ORIENTED_EDGE('',*,*,#2901,.T.);
#2901 = EDGE_CURVE('',#2670,#838,#2902,.T.);
#2902 = SEAM_CURVE('',#2903,(#2907,#2914),.PCURVE_S1.);
#2903 = LINE('',#2904,#2905);
#2904 = CARTESIAN_POINT('',(389.37322832809,-1.224646799147E-15,
    -2.710807273581));
#2905 = VECTOR('',#2906,1.);
#2906 = DIRECTION('',(0.542161454716,0.,-0.840274334381));
#2907 = PCURVE('',#854,#2908);
#2908 = DEFINITIONAL_REPRESENTATION('',(#2909),#2913);
#2909 = LINE('',#2910,#2911);
#2910 = CARTESIAN_POINT('',(0.,-0.));
#2911 = VECTOR('',#2912,1.);
#2912 = DIRECTION('',(0.,1.));
#2913 = ( GEOMETRIC_REPRESENTATION_CONTEXT(2) 
PARAMETRIC_REPRESENTATION_CONTEXT() REPRESENTATION_CONTEXT('2D SPACE',''
  ) );
#2914 = PCURVE('',#854,#2915);
#2915 = DEFINITIONAL_REPRESENTATION('',(#2916),#2920);
#2916 = LINE('',#2917,#2918);
#2917 = CARTESIAN_POINT('',(6.28318530718,-0.));
#2918 = VECTOR('',#2919,1.);
#2919 = DIRECTION('',(0.,1.));
#2920 = ( GEOMETRIC_REPRESENTATION_CONTEXT(2) 
PARAMETRIC_REPRESENTATION_CONTEXT() REPRESENTATION_CONTEXT('2D SPACE',''
  ) );
#2921 = ORIENTED_EDGE('',*,*,#898,.T.);
#2922 = ORIENTED_EDGE('',*,*,#2923,.F.);
#2923 = EDGE_CURVE('',#836,#873,#2924,.T.);
#2924 = SURFACE_CURVE('',#2925,(#2930,#2937),.PCURVE_S1.);
#2925 = CIRCLE('',#2926,5.);
#2926 = AXIS2_PLACEMENT_3D('',#2927,#2928,#2929);
#2927 = CARTESIAN_POINT('',(406.98469417261,0.,-20.78376811347));
#2928 = DIRECTION('',(0.542161454716,0.,-0.840274334381));
#2929 = DIRECTION('',(-0.840274334381,0.,-0.542161454716));
#2930 = PCURVE('',#854,#2931);
#2931 = DEFINITIONAL_REPRESENTATION('',(#2932),#2936);
#2932 = LINE('',#2933,#2934);
#2933 = CARTESIAN_POINT('',(0.,24.734503081988));
#2934 = VECTOR('',#2935,1.);
#2935 = DIRECTION('',(1.,0.));
#2936 = ( GEOMETRIC_REPRESENTATION_CONTEXT(2) 
PARAMETRIC_REPRESENTATION_CONTEXT() REPRESENTATION_CONTEXT('2D SPACE',''
  ) );
#2937 = PCURVE('',#887,#2938);
#2938 = DEFINITIONAL_REPRESENTATION('',(#2939),#2943);
#2939 = CIRCLE('',#2940,5.);
#2940 = AXIS2_PLACEMENT_2D('',#2941,#2942);
#2941 = CARTESIAN_POINT('',(0.,0.));
#2942 = DIRECTION('',(1.,0.));
#2943 = ( GEOMETRIC_REPRESENTATION_CONTEXT(2) 
PARAMETRIC_REPRESENTATION_CONTEXT() REPRESENTATION_CONTEXT('2D SPACE',''
  ) );
#2944 = ORIENTED_EDGE('',*,*,#835,.T.);
#2945 = ORIENTED_EDGE('',*,*,#2901,.F.);
#2946 = ORIENTED_EDGE('',*,*,#2947,.F.);
#2947 = EDGE_CURVE('',#2672,#2670,#2948,.T.);
#2948 = SURFACE_CURVE('',#2949,(#3029,#3112),.PCURVE_S1.);
#2949 = B_SPLINE_CURVE_WITH_KNOTS('',8,(#2950,#2951,#2952,#2953,#2954,
    #2955,#2956,#2957,#2958,#2959,#2960,#2961,#2962,#2963,#2964,#2965,
    #2966,#2967,#2968,#2969,#2970,#2971,#2972,#2973,#2974,#2975,#2976,
    #2977,#2978,#2979,#2980,#2981,#2982,#2983,#2984,#2985,#2986,#2987,
    #2988,#2989,#2990,#2991,#2992,#2993,#2994,#2995,#2996,#2997,#2998,
    #2999,#3000,#3001,#3002,#3003,#3004,#3005,#3006,#3007,#3008,#3009,
    #3010,#3011,#3012,#3013,#3014,#3015,#3016,#3017,#3018,#3019,#3020,
    #3021,#3022,#3023,#3024,#3025,#3026,#3027,#3028),.UNSPECIFIED.,.F.,
  .F.,(9,7,7,7,7,7,7,7,7,7,7,9),(0.,3.994391024462E-02,
    6.845571226372E-02,0.114274002544,0.201401960567,0.299371438434,
    0.362385923375,0.606482920155,0.721116013418,0.86044340942,
    0.914569275315,1.),.UNSPECIFIED.);
#2950 = CARTESIAN_POINT('',(404.91439185538,3.061616997868E-16,
    -8.35274439729));
#2951 = CARTESIAN_POINT('',(404.91439185538,0.113085140969,
    -8.35274439729));
#2952 = CARTESIAN_POINT('',(404.90981168065,0.226207798148,
    -8.351037229763));
#2953 = CARTESIAN_POINT('',(404.90064602058,0.338685902906,
    -8.347620822583));
#2954 = CARTESIAN_POINT('',(404.88703175651,0.449956916565,
    -8.342549210398));
#2955 = CARTESIAN_POINT('',(404.86920529861,0.559562678623,
    -8.335916124507));
#2956 = CARTESIAN_POINT('',(404.84746689159,0.667136647852,
    -8.327840965547));
#2957 = CARTESIAN_POINT('',(404.82215188905,0.772393536288,
    -8.318457158982));
#2958 = CARTESIAN_POINT('',(404.77323519509,0.948448025231,
    -8.300369301186));
#2959 = CARTESIAN_POINT('',(404.7512082131,1.020516081333,-8.29223618894
    ));
#2960 = CARTESIAN_POINT('',(404.72764419724,1.091278915924,
    -8.283549949491));
#2961 = CARTESIAN_POINT('',(404.70265673947,1.160709101157,
    -8.274356015844));
#2962 = CARTESIAN_POINT('',(404.67635459134,1.228796169459,
    -8.264697973341));
#2963 = CARTESIAN_POINT('',(404.64883937821,1.295544413178,
    -8.254616671835));
#2964 = CARTESIAN_POINT('',(404.62020331346,1.360970684233,
    -8.244149337856));
#2965 = CARTESIAN_POINT('',(404.54283711955,1.528161134685,
    -8.215939967144));
#2966 = CARTESIAN_POINT('',(404.49247524576,1.62784701954,
    -8.197644105343));
#2967 = CARTESIAN_POINT('',(404.43977127757,1.724294897353,
    -8.178575604616));
#2968 = CARTESIAN_POINT('',(404.38501264417,1.817642787635,
    -8.158851997685));
#2969 = CARTESIAN_POINT('',(404.32844491887,1.908032635739,
    -8.138574349812));
#2970 = CARTESIAN_POINT('',(404.27027252017,1.995611268211,
    -8.11782776186));
#2971 = CARTESIAN_POINT('',(404.21065941284,2.080531348143,
    -8.096681873345));
#2972 = CARTESIAN_POINT('',(404.03386621105,2.319683885744,
    -8.034325063966));
#2973 = CARTESIAN_POINT('',(403.9133388091,2.467246735266,
    -7.992246883977));
#2974 = CARTESIAN_POINT('',(403.7890233429,2.606740009874,
    -7.949340147368));
#2975 = CARTESIAN_POINT('',(403.66156835058,2.738938531012,
    -7.90589836105));
#2976 = CARTESIAN_POINT('',(403.53147116353,2.864480107575,
    -7.862155175457));
#2977 = CARTESIAN_POINT('',(403.3991007617,2.983925174849,
    -7.818295348898));
#2978 = CARTESIAN_POINT('',(403.2646994189,3.097764342954,
    -7.774458973454));
#2979 = CARTESIAN_POINT('',(402.97513007102,3.328658420253,
    -7.681604812409));
#2980 = CARTESIAN_POINT('',(402.81955611603,3.444273608708,-7.6326521764
    ));
#2981 = CARTESIAN_POINT('',(402.66194448052,3.553877735609,
    -7.584069277924));
#2982 = CARTESIAN_POINT('',(402.50250646449,3.657911958926,
    -7.536012255026));
#2983 = CARTESIAN_POINT('',(402.34140570915,3.756724745082,
    -7.488623198004));
#2984 = CARTESIAN_POINT('',(402.1787658887,3.850603979602,
    -7.442034825565));
#2985 = CARTESIAN_POINT('',(402.01467377447,3.939792289825,
    -7.396374055094));
#2986 = CARTESIAN_POINT('',(401.74272970468,4.078960750453,
    -7.323071344651));
#2987 = CARTESIAN_POINT('',(401.63570855137,4.131572648123,
    -7.294815180081));
#2988 = CARTESIAN_POINT('',(401.52813198916,4.182371707713,
    -7.267030081021));
#2989 = CARTESIAN_POINT('',(401.42001531076,4.231400268741,
    -7.239750547215));
#2990 = CARTESIAN_POINT('',(401.31137139748,4.278693267231,
    -7.213011686849));
#2991 = CARTESIAN_POINT('',(401.20221079304,4.324278927727,
    -7.18684943296));
#2992 = CARTESIAN_POINT('',(401.09254177729,4.368179455303,
    -7.161300759847));
#2993 = CARTESIAN_POINT('',(400.55560360075,4.574005397186,
    -7.039961806051));
#2994 = CARTESIAN_POINT('',(400.12200381877,4.712295276472,
    -6.953459652873));
#2995 = CARTESIAN_POINT('',(399.68107508347,4.826733770909,
    -6.87886205437));
#2996 = CARTESIAN_POINT('',(399.23269169545,4.916812061609,
    -6.818723866349));
#2997 = CARTESIAN_POINT('',(398.77716806533,4.98085892484,
    -6.776266324825));
#2998 = CARTESIAN_POINT('',(398.31525428332,5.015759139511,
    -6.755376528976));
#2999 = CARTESIAN_POINT('',(397.84815501394,5.016757340523,
    -6.760508613643));
#3000 = CARTESIAN_POINT('',(397.15678479454,4.956944272571,
    -6.812267527169));
#3001 = CARTESIAN_POINT('',(396.93532089081,4.928652105571,
    -6.835427571067));
#3002 = CARTESIAN_POINT('',(396.71366555974,4.890415972659,
    -6.865596979371));
#3003 = CARTESIAN_POINT('',(396.49230629904,4.841373127858,
    -6.903107787164));
#3004 = CARTESIAN_POINT('',(396.27187484494,4.780583625721,
    -6.948183190831));
#3005 = CARTESIAN_POINT('',(396.05314709344,4.707061720174,
    -7.000859345135));
#3006 = CARTESIAN_POINT('',(395.83704021368,4.619831745894,
    -7.060906730532));
#3007 = CARTESIAN_POINT('',(395.36640551393,4.394280137129,
    -7.209052487882));
#3008 = CARTESIAN_POINT('',(395.11356506628,4.248968938336,
    -7.300427686912));
#3009 = CARTESIAN_POINT('',(394.86815402777,4.080592998209,
    -7.40086921859));
#3010 = CARTESIAN_POINT('',(394.63238598308,3.887894135911,
    -7.508655471623));
#3011 = CARTESIAN_POINT('',(394.40853267629,3.670020041563,
    -7.62130199704));
#3012 = CARTESIAN_POINT('',(394.19889371887,3.426663681382,
    -7.735673007679));
#3013 = CARTESIAN_POINT('',(394.00578349892,3.15820392406,
    -7.848214737267));
#3014 = CARTESIAN_POINT('',(393.76379212446,2.752315244416,
    -7.996826048456));
#3015 = CARTESIAN_POINT('',(393.69892873557,2.635153676367,
    -8.037572936532));
#3016 = CARTESIAN_POINT('',(393.63704305827,2.514467905223,
    -8.07727115375));
#3017 = CARTESIAN_POINT('',(393.57827025674,2.390353162217,
    -8.115701108731));
#3018 = CARTESIAN_POINT('',(393.52274445616,2.262927320437,
    -8.15264301732));
#3019 = CARTESIAN_POINT('',(393.47059740142,2.13233296266,
    -8.187880376635));
#3020 = CARTESIAN_POINT('',(393.42195711596,1.998739449191,
    -8.221203439125));
#3021 = CARTESIAN_POINT('',(393.30590318224,1.647063850378,
    -8.301672473707));
#3022 = CARTESIAN_POINT('',(393.24387333965,1.424718758696,
    -8.345686363442));
#3023 = CARTESIAN_POINT('',(393.19138836578,1.196187437678,
    -8.383638677542));
#3024 = CARTESIAN_POINT('',(393.14888904293,0.962468085074,
    -8.414814357923));
#3025 = CARTESIAN_POINT('',(393.11673588981,0.724679266724,
    -8.438627323054));
#3026 = CARTESIAN_POINT('',(393.09520039437,0.484063919578,
    -8.454652469977));
#3027 = CARTESIAN_POINT('',(393.08443719245,0.241997460379,
    -8.462661321994));
#3028 = CARTESIAN_POINT('',(393.0844371924,0.,-8.46266132201));
#3029 = PCURVE('',#854,#3030);
#3030 = DEFINITIONAL_REPRESENTATION('',(#3031),#3111);
#3031 = B_SPLINE_CURVE_WITH_KNOTS('',8,(#3032,#3033,#3034,#3035,#3036,
    #3037,#3038,#3039,#3040,#3041,#3042,#3043,#3044,#3045,#3046,#3047,
    #3048,#3049,#3050,#3051,#3052,#3053,#3054,#3055,#3056,#3057,#3058,
    #3059,#3060,#3061,#3062,#3063,#3064,#3065,#3066,#3067,#3068,#3069,
    #3070,#3071,#3072,#3073,#3074,#3075,#3076,#3077,#3078,#3079,#3080,
    #3081,#3082,#3083,#3084,#3085,#3086,#3087,#3088,#3089,#3090,#3091,
    #3092,#3093,#3094,#3095,#3096,#3097,#3098,#3099,#3100,#3101,#3102,
    #3103,#3104,#3105,#3106,#3107,#3108,#3109,#3110),.UNSPECIFIED.,.F.,
  .F.,(9,7,7,7,7,7,7,7,7,7,7,9),(0.,3.994391024462E-02,
    6.845571226372E-02,0.114274002544,0.201401960567,0.299371438434,
    0.362385923375,0.606482920155,0.721116013418,0.86044340942,
    0.914569275315,1.),.UNSPECIFIED.);
#3032 = CARTESIAN_POINT('',(3.14159265359,13.166594787183));
#3033 = CARTESIAN_POINT('',(3.118975625396,13.166594787183));
#3034 = CARTESIAN_POINT('',(3.096351102335,13.16267710393));
#3035 = CARTESIAN_POINT('',(3.073837830634,13.154837117067));
#3036 = CARTESIAN_POINT('',(3.051530701795,13.1431944423));
#3037 = CARTESIAN_POINT('',(3.029505569027,13.127956012122));
#3038 = CARTESIAN_POINT('',(3.007822848956,13.10938493693));
#3039 = CARTESIAN_POINT('',(2.986529908632,13.08777514651));
#3040 = CARTESIAN_POINT('',(2.950766978537,13.046055637879));
#3041 = CARTESIAN_POINT('',(2.936082320371,13.027279411803));
#3042 = CARTESIAN_POINT('',(2.921614909078,13.007205086615));
#3043 = CARTESIAN_POINT('',(2.90736821222,12.985932423686));
#3044 = CARTESIAN_POINT('',(2.89334284449,12.963557007558));
#3045 = CARTESIAN_POINT('',(2.879536893061,12.940168260665));
#3046 = CARTESIAN_POINT('',(2.865946242933,12.915847458053));
#3047 = CARTESIAN_POINT('',(2.831061170235,12.850198879618));
#3048 = CARTESIAN_POINT('',(2.810104090617,12.807521069767));
#3049 = CARTESIAN_POINT('',(2.789664346263,12.762924237946));
#3050 = CARTESIAN_POINT('',(2.769713627056,12.716662976919));
#3051 = CARTESIAN_POINT('',(2.750223890398,12.668955349612));
#3052 = CARTESIAN_POINT('',(2.731166621686,12.619983691927));
#3053 = CARTESIAN_POINT('',(2.712512094791,12.56989541554));
#3054 = CARTESIAN_POINT('',(2.659460841716,12.421648129577));
#3055 = CARTESIAN_POINT('',(2.62606410676,12.320945603319));
#3056 = CARTESIAN_POINT('',(2.593822007061,12.217493119776));
#3057 = CARTESIAN_POINT('',(2.562584980537,12.111888917649));
#3058 = CARTESIAN_POINT('',(2.532230633456,12.004598961303));
#3059 = CARTESIAN_POINT('',(2.50264992877,11.895978545118));
#3060 = CARTESIAN_POINT('',(2.473743769574,11.786276736391));
#3061 = CARTESIAN_POINT('',(2.413560146316,11.551260429138));
#3062 = CARTESIAN_POINT('',(2.382455326308,11.425780583744));
#3063 = CARTESIAN_POINT('',(2.351978551622,11.299506667479));
#3064 = CARTESIAN_POINT('',(2.322034140189,11.172684437844));
#3065 = CARTESIAN_POINT('',(2.292542130579,11.045522009623));
#3066 = CARTESIAN_POINT('',(2.263431257506,10.918197954336));
#3067 = CARTESIAN_POINT('',(2.234634982849,10.790865961462));
#3068 = CARTESIAN_POINT('',(2.187730673126,10.581833982756));
#3069 = CARTESIAN_POINT('',(2.169476228953,10.500068308717));
#3070 = CARTESIAN_POINT('',(2.151311275602,10.418397337638));
#3071 = CARTESIAN_POINT('',(2.133220856253,10.336858349884));
#3072 = CARTESIAN_POINT('',(2.115190805853,10.25548782972));
#3073 = CARTESIAN_POINT('',(2.097207525637,10.174321687146));
#3074 = CARTESIAN_POINT('',(2.079257757639,10.093395479736));
#3075 = CARTESIAN_POINT('',(1.99187587835,9.700330288213));
#3076 = CARTESIAN_POINT('',(1.92284373181,9.392563660465));
#3077 = CARTESIAN_POINT('',(1.853324279836,9.090826648477));
#3078 = CARTESIAN_POINT('',(1.782613494575,8.797197882659));
#3079 = CARTESIAN_POINT('',(1.710027638337,8.514554546243));
#3080 = CARTESIAN_POINT('',(1.634829948273,8.246569538936));
#3081 = CARTESIAN_POINT('',(1.556173065681,7.99763867858));
#3082 = CARTESIAN_POINT('',(1.433786554704,7.666296081293));
#3083 = CARTESIAN_POINT('',(1.393694323699,7.565687679551));
#3084 = CARTESIAN_POINT('',(1.35252817727,7.470865282294));
#3085 = CARTESIAN_POINT('',(1.310206402034,7.382372192545));
#3086 = CARTESIAN_POINT('',(1.266656660088,7.300738459542));
#3087 = CARTESIAN_POINT('',(1.221817943335,7.226415124093));
#3088 = CARTESIAN_POINT('',(1.175644275924,7.159706580584));
#3089 = CARTESIAN_POINT('',(1.070336867274,7.029029664781));
#3090 = CARTESIAN_POINT('',(1.010539453209,6.968729554412));
#3091 = CARTESIAN_POINT('',(0.948712191019,6.920075589948));
#3092 = CARTESIAN_POINT('',(0.884871344637,6.882821265886));
#3093 = CARTESIAN_POINT('',(0.819055239911,6.856110615597));
#3094 = CARTESIAN_POINT('',(0.751317170678,6.838555478314));
#3095 = CARTESIAN_POINT('',(0.681724368919,6.828424487467));
#3096 = CARTESIAN_POINT('',(0.582658578086,6.822100362453));
#3097 = CARTESIAN_POINT('',(0.554676928965,6.82117249743));
#3098 = CARTESIAN_POINT('',(0.52643734268,6.820977861645));
#3099 = CARTESIAN_POINT('',(0.4979469684,6.821405218916));
#3100 = CARTESIAN_POINT('',(0.469214117258,6.822342607747));
#3101 = CARTESIAN_POINT('',(0.440248585726,6.823679533334));
#3102 = CARTESIAN_POINT('',(0.411061978984,6.825309159567));
#3103 = CARTESIAN_POINT('',(0.335273469419,6.830005254504));
#3104 = CARTESIAN_POINT('',(0.288343931892,6.833358806714));
#3105 = CARTESIAN_POINT('',(0.240955978069,6.836793832393));
#3106 = CARTESIAN_POINT('',(0.193185058932,6.839948461775));
#3107 = CARTESIAN_POINT('',(0.145108744175,6.842525684934));
#3108 = CARTESIAN_POINT('',(9.681271023536E-02,6.844315489059));
#3109 = CARTESIAN_POINT('',(4.839949229217E-02,6.845209728649));
#3110 = CARTESIAN_POINT('',(2.163643453534E-10,6.845209728635));
#3111 = ( GEOMETRIC_REPRESENTATION_CONTEXT(2) 
PARAMETRIC_REPRESENTATION_CONTEXT() REPRESENTATION_CONTEXT('2D SPACE',''
  ) );
#3112 = PCURVE('',#2257,#3113);
#3113 = DEFINITIONAL_REPRESENTATION('',(#3114),#3194);
#3114 = B_SPLINE_CURVE_WITH_KNOTS('',8,(#3115,#3116,#3117,#3118,#3119,
    #3120,#3121,#3122,#3123,#3124,#3125,#3126,#3127,#3128,#3129,#3130,
    #3131,#3132,#3133,#3134,#3135,#3136,#3137,#3138,#3139,#3140,#3141,
    #3142,#3143,#3144,#3145,#3146,#3147,#3148,#3149,#3150,#3151,#3152,
    #3153,#3154,#3155,#3156,#3157,#3158,#3159,#3160,#3161,#3162,#3163,
    #3164,#3165,#3166,#3167,#3168,#3169,#3170,#3171,#3172,#3173,#3174,
    #3175,#3176,#3177,#3178,#3179,#3180,#3181,#3182,#3183,#3184,#3185,
    #3186,#3187,#3188,#3189,#3190,#3191,#3192,#3193),.UNSPECIFIED.,.F.,
  .F.,(9,7,7,7,7,7,7,7,7,7,7,9),(0.,3.994391024462E-02,
    6.845571226372E-02,0.114274002544,0.201401960567,0.299371438434,
    0.362385923375,0.606482920155,0.721116013418,0.86044340942,
    0.914569275315,1.),.UNSPECIFIED.);
#3115 = CARTESIAN_POINT('',(0.,-15.84857935538));
#3116 = CARTESIAN_POINT('',(-1.35386808922E-02,-15.84857935538));
#3117 = CARTESIAN_POINT('',(-2.708185177213E-02,-15.84399918065));
#3118 = CARTESIAN_POINT('',(-4.055136678969E-02,-15.83483352058));
#3119 = CARTESIAN_POINT('',(-5.388338343821E-02,-15.82121925651));
#3120 = CARTESIAN_POINT('',(-6.702614935127E-02,-15.80339279861));
#3121 = CARTESIAN_POINT('',(-7.993824257539E-02,-15.78165439159));
#3122 = CARTESIAN_POINT('',(-9.258726531863E-02,-15.75633938905));
#3123 = CARTESIAN_POINT('',(-0.11377274123,-15.70742269509));
#3124 = CARTESIAN_POINT('',(-0.122453714586,-15.6853957131));
#3125 = CARTESIAN_POINT('',(-0.130986784346,-15.66183169724));
#3126 = CARTESIAN_POINT('',(-0.139368973642,-15.63684423947));
#3127 = CARTESIAN_POINT('',(-0.147599216927,-15.61054209134));
#3128 = CARTESIAN_POINT('',(-0.15567812128,-15.58302687821));
#3129 = CARTESIAN_POINT('',(-0.1636077277,-15.55439081346));
#3130 = CARTESIAN_POINT('',(-0.183899380816,-15.47702461955));
#3131 = CARTESIAN_POINT('',(-0.196026728888,-15.42666274576));
#3132 = CARTESIAN_POINT('',(-0.207789391911,-15.37395877757));
#3133 = CARTESIAN_POINT('',(-0.219203452246,-15.31920014417));
#3134 = CARTESIAN_POINT('',(-0.230285226113,-15.26263241887));
#3135 = CARTESIAN_POINT('',(-0.241051490384,-15.20446002017));
#3136 = CARTESIAN_POINT('',(-0.25151970937,-15.14484691285));
#3137 = CARTESIAN_POINT('',(-0.281082789712,-14.96805371105));
#3138 = CARTESIAN_POINT('',(-0.299429716172,-14.8475263091));
#3139 = CARTESIAN_POINT('',(-0.316875360349,-14.7232108429));
#3140 = CARTESIAN_POINT('',(-0.333506608587,-14.59575585058));
#3141 = CARTESIAN_POINT('',(-0.349393859651,-14.46565866353));
#3142 = CARTESIAN_POINT('',(-0.364598518749,-14.3332882617));
#3143 = CARTESIAN_POINT('',(-0.37917411988,-14.1988869189));
#3144 = CARTESIAN_POINT('',(-0.408907749593,-13.90931757102));
#3145 = CARTESIAN_POINT('',(-0.423902620992,-13.75374361603));
#3146 = CARTESIAN_POINT('',(-0.438217276435,-13.59613198052));
#3147 = CARTESIAN_POINT('',(-0.451897250786,-13.43669396449));
#3148 = CARTESIAN_POINT('',(-0.464976967864,-13.27559320915));
#3149 = CARTESIAN_POINT('',(-0.477483572821,-13.1129533887));
#3150 = CARTESIAN_POINT('',(-0.489438736797,-12.94886127447));
#3151 = CARTESIAN_POINT('',(-0.508203643239,-12.67691720468));
#3152 = CARTESIAN_POINT('',(-0.515326829964,-12.56989605137));
#3153 = CARTESIAN_POINT('',(-0.522232004513,-12.46231948916));
#3154 = CARTESIAN_POINT('',(-0.52892216158,-12.35420281076));
#3155 = CARTESIAN_POINT('',(-0.535399358265,-12.24555889748));
#3156 = CARTESIAN_POINT('',(-0.541664792282,-12.13639829304));
#3157 = CARTESIAN_POINT('',(-0.547718880159,-12.02672927729));
#3158 = CARTESIAN_POINT('',(-0.576193049249,-11.48979110075));
#3159 = CARTESIAN_POINT('',(-0.595611649759,-11.05619131877));
#3160 = CARTESIAN_POINT('',(-0.611864427195,-10.61526258346));
#3161 = CARTESIAN_POINT('',(-0.624741518649,-10.16687919546));
#3162 = CARTESIAN_POINT('',(-0.633868245575,-9.711355565331));
#3163 = CARTESIAN_POINT('',(-0.63867400059,-9.249441783326));
#3164 = CARTESIAN_POINT('',(-0.638402072717,-8.782342513948));
#3165 = CARTESIAN_POINT('',(-0.629042050674,-8.090972294545));
#3166 = CARTESIAN_POINT('',(-0.624709089849,-7.869508390817));
#3167 = CARTESIAN_POINT('',(-0.618934886915,-7.647853059748));
#3168 = CARTESIAN_POINT('',(-0.611614755687,-7.426493799042));
#3169 = CARTESIAN_POINT('',(-0.602643982969,-7.206062344949));
#3170 = CARTESIAN_POINT('',(-0.591925348176,-6.98733459344));
#3171 = CARTESIAN_POINT('',(-0.579377903367,-6.77122771368));
#3172 = CARTESIAN_POINT('',(-0.547405423394,-6.300593013939));
#3173 = CARTESIAN_POINT('',(-0.527076637217,-6.047752566282));
#3174 = CARTESIAN_POINT('',(-0.503870249045,-5.802341527777));
#3175 = CARTESIAN_POINT('',(-0.477752637728,-5.566573483087));
#3176 = CARTESIAN_POINT('',(-0.448759503952,-5.342720176293));
#3177 = CARTESIAN_POINT('',(-0.416989067443,-5.133081218873));
#3178 = CARTESIAN_POINT('',(-0.382592232335,-4.939970998926));
#3179 = CARTESIAN_POINT('',(-0.331474929708,-4.697979624469));
#3180 = CARTESIAN_POINT('',(-0.316808304495,-4.633116235577));
#3181 = CARTESIAN_POINT('',(-0.301789535947,-4.571230558272));
#3182 = CARTESIAN_POINT('',(-0.286432468789,-4.512457756749));
#3183 = CARTESIAN_POINT('',(-0.270752469184,-4.456931956165));
#3184 = CARTESIAN_POINT('',(-0.25476658479,-4.404784901425));
#3185 = CARTESIAN_POINT('',(-0.238493704823,-4.356144615969));
#3186 = CARTESIAN_POINT('',(-0.195850057849,-4.240090682244));
#3187 = CARTESIAN_POINT('',(-0.16907205458,-4.178060839658));
#3188 = CARTESIAN_POINT('',(-0.141715187845,-4.125575865781));
#3189 = CARTESIAN_POINT('',(-0.113879159196,-4.083076542935));
#3190 = CARTESIAN_POINT('',(-8.566953732523E-02,-4.050923389818));
#3191 = CARTESIAN_POINT('',(-5.719996147773E-02,-4.02938789437));
#3192 = CARTESIAN_POINT('',(-2.859590513798E-02,-4.018624692461));
#3193 = CARTESIAN_POINT('',(0.,-4.018624692406));
#3194 = ( GEOMETRIC_REPRESENTATION_CONTEXT(2) 
PARAMETRIC_REPRESENTATION_CONTEXT() REPRESENTATION_CONTEXT('2D SPACE',''
  ) );
#3195 = ADVANCED_FACE('',(#3196),#887,.F.);
#3196 = FACE_BOUND('',#3197,.F.);
#3197 = EDGE_LOOP('',(#3198,#3199));
#3198 = ORIENTED_EDGE('',*,*,#872,.T.);
#3199 = ORIENTED_EDGE('',*,*,#2923,.T.);
#3200 = ADVANCED_FACE('',(#3201),#947,.F.);
#3201 = FACE_BOUND('',#3202,.F.);
#3202 = EDGE_LOOP('',(#3203,#3338,#3361,#3383,#3384,#3406,#3407,#3511,
    #3641));
#3203 = ORIENTED_EDGE('',*,*,#3204,.F.);
#3204 = EDGE_CURVE('',#3205,#3207,#3209,.T.);
#3205 = VERTEX_POINT('',#3206);
#3206 = CARTESIAN_POINT('',(331.41154384889,-1.718876195175E-15,
    -9.035689280955));
#3207 = VERTEX_POINT('',#3208);
#3208 = CARTESIAN_POINT('',(335.25265,-4.493937259854,-7.797725816191));
#3209 = SURFACE_CURVE('',#3210,(#3249,#3291),.PCURVE_S1.);
#3210 = B_SPLINE_CURVE_WITH_KNOTS('',7,(#3211,#3212,#3213,#3214,#3215,
    #3216,#3217,#3218,#3219,#3220,#3221,#3222,#3223,#3224,#3225,#3226,
    #3227,#3228,#3229,#3230,#3231,#3232,#3233,#3234,#3235,#3236,#3237,
    #3238,#3239,#3240,#3241,#3242,#3243,#3244,#3245,#3246,#3247,#3248),
  .UNSPECIFIED.,.F.,.F.,(8,6,6,6,6,6,8),(0.,0.122590076986,0.20894732868
    ,0.341019111107,0.636524982771,0.930315312523,1.),.UNSPECIFIED.);
#3211 = CARTESIAN_POINT('',(331.41154384889,-8.881784197001E-16,
    -9.035689280955));
#3212 = CARTESIAN_POINT('',(331.41154384893,-0.141800756784,
    -9.035689280946));
#3213 = CARTESIAN_POINT('',(331.41827610367,-0.283656228679,
    -9.033030526704));
#3214 = CARTESIAN_POINT('',(331.43174982636,-0.424375020901,
    -9.027709175558));
#3215 = CARTESIAN_POINT('',(331.4516693722,-0.563020813085,
    -9.019850760071));
#3216 = CARTESIAN_POINT('',(331.4775550112,-0.69887023201,
    -9.009660625064));
#3217 = CARTESIAN_POINT('',(331.50883353842,-0.831380603681,
    -8.997385007287));
#3218 = CARTESIAN_POINT('',(331.57030444929,-1.050890178457,
    -8.973348580773));
#3219 = CARTESIAN_POINT('',(331.59809762614,-1.139807318561,
    -8.962503213402));
#3220 = CARTESIAN_POINT('',(331.62808419076,-1.226834790863,
    -8.95083033407));
#3221 = CARTESIAN_POINT('',(331.66007470188,-1.311928906855,
    -8.938411821752));
#3222 = CARTESIAN_POINT('',(331.69389072122,-1.395080362476,
    -8.925325097228));
#3223 = CARTESIAN_POINT('',(331.72937119619,-1.476308096822,
    -8.91164046439));
#3224 = CARTESIAN_POINT('',(331.82297705239,-1.677000721669,
    -8.875667798879));
#3225 = CARTESIAN_POINT('',(331.88313082753,-1.793911593086,
    -8.852666525809));
#3226 = CARTESIAN_POINT('',(331.94635416497,-1.906561811362,
    -8.828629657413));
#3227 = CARTESIAN_POINT('',(332.01223350192,-2.01514062781,
    -8.803741263838));
#3228 = CARTESIAN_POINT('',(332.08042749331,-2.119850621009,
    -8.778155214716));
#3229 = CARTESIAN_POINT('',(332.15066678921,-2.220907818998,
    -8.7519959336));
#3230 = CARTESIAN_POINT('',(332.38404593837,-2.536994396843,
    -8.665760310708));
#3231 = CARTESIAN_POINT('',(332.55438777144,-2.738038546881,
    -8.603845422925));
#3232 = CARTESIAN_POINT('',(332.73159117888,-2.924381275494,
    -8.540675824983));
#3233 = CARTESIAN_POINT('',(332.91424406591,-3.097583165509,
    -8.476986010403));
#3234 = CARTESIAN_POINT('',(333.10132181391,-3.259022928977,
    -8.413346485155));
#3235 = CARTESIAN_POINT('',(333.29223646175,-3.409808939337,
    -8.350162407767));
#3236 = CARTESIAN_POINT('',(333.68019611652,-3.691219809521,
    -8.225668797665));
#3237 = CARTESIAN_POINT('',(333.87702036123,-3.821826523251,
    -8.164407875482));
#3238 = CARTESIAN_POINT('',(334.0768579989,-3.943597705981,
    -8.104302042425));
#3239 = CARTESIAN_POINT('',(334.27941998689,-4.057110204596,
    -8.045671880696));
#3240 = CARTESIAN_POINT('',(334.48449706363,-4.162782028028,
    -7.98882314323));
#3241 = CARTESIAN_POINT('',(334.69194942548,-4.260926609615,
    -7.934059022127));
#3242 = CARTESIAN_POINT('',(334.95146720846,-4.373284461606,
    -7.869268095646));
#3243 = CARTESIAN_POINT('',(335.00135008422,-4.394412664474,
    -7.856981588825));
#3244 = CARTESIAN_POINT('',(335.05136026078,-4.415130565032,
    -7.844834404373));
#3245 = CARTESIAN_POINT('',(335.10149647199,-4.435440329122,
    -7.83283084525));
#3246 = CARTESIAN_POINT('',(335.15175754156,-4.455343775842,
    -7.8209752722));
#3247 = CARTESIAN_POINT('',(335.20214238308,-4.474842377548,
    -7.809272103745));
#3248 = CARTESIAN_POINT('',(335.25265,-4.493937259853,-7.797725816192));
#3249 = PCURVE('',#947,#3250);
#3250 = DEFINITIONAL_REPRESENTATION('',(#3251),#3290);
#3251 = B_SPLINE_CURVE_WITH_KNOTS('',7,(#3252,#3253,#3254,#3255,#3256,
    #3257,#3258,#3259,#3260,#3261,#3262,#3263,#3264,#3265,#3266,#3267,
    #3268,#3269,#3270,#3271,#3272,#3273,#3274,#3275,#3276,#3277,#3278,
    #3279,#3280,#3281,#3282,#3283,#3284,#3285,#3286,#3287,#3288,#3289),
  .UNSPECIFIED.,.F.,.F.,(8,6,6,6,6,6,8),(0.,0.122590076986,0.20894732868
    ,0.341019111107,0.636524982771,0.930315312523,1.),.UNSPECIFIED.);
#3252 = CARTESIAN_POINT('',(6.283185306957,12.901229557397));
#3253 = CARTESIAN_POINT('',(6.2548251556,12.90122955737));
#3254 = CARTESIAN_POINT('',(6.226454076452,12.895717801714));
#3255 = CARTESIAN_POINT('',(6.19827301058,12.884686567311));
#3256 = CARTESIAN_POINT('',(6.170432022113,12.868385645157));
#3257 = CARTESIAN_POINT('',(6.143044777815,12.847221815259));
#3258 = CARTESIAN_POINT('',(6.116197372075,12.821681895595));
#3259 = CARTESIAN_POINT('',(6.071462875113,12.771567071023));
#3260 = CARTESIAN_POINT('',(6.053264162506,12.748928111355));
#3261 = CARTESIAN_POINT('',(6.035366577661,12.724527577736));
#3262 = CARTESIAN_POINT('',(6.017774849687,12.698526801398));
#3263 = CARTESIAN_POINT('',(6.000488078939,12.671078005785));
#3264 = CARTESIAN_POINT('',(5.983500597358,12.642318959158));
#3265 = CARTESIAN_POINT('',(5.941265841326,12.566561100036));
#3266 = CARTESIAN_POINT('',(5.916413447094,12.517979140093));
#3267 = CARTESIAN_POINT('',(5.892205472368,12.467040020382));
#3268 = CARTESIAN_POINT('',(5.868602510642,12.414100635608));
#3269 = CARTESIAN_POINT('',(5.845564396654,12.359457272683));
#3270 = CARTESIAN_POINT('',(5.823048680392,12.303346381228));
#3271 = CARTESIAN_POINT('',(5.751696333692,12.117512584202));
#3272 = CARTESIAN_POINT('',(5.704828467501,11.982780985535));
#3273 = CARTESIAN_POINT('',(5.659863381475,11.84371602108));
#3274 = CARTESIAN_POINT('',(5.616497184334,11.701629842329));
#3275 = CARTESIAN_POINT('',(5.574457975146,11.557507695339));
#3276 = CARTESIAN_POINT('',(5.533513272523,11.411983597875));
#3277 = CARTESIAN_POINT('',(5.453568740781,11.119707655222));
#3278 = CARTESIAN_POINT('',(5.414595932727,10.973102504586));
#3279 = CARTESIAN_POINT('',(5.376309185242,10.826100069654));
#3280 = CARTESIAN_POINT('',(5.338558395255,10.679119185473));
#3281 = CARTESIAN_POINT('',(5.301215501879,10.532528089833));
#3282 = CARTESIAN_POINT('',(5.264160069453,10.386660104662));
#3283 = CARTESIAN_POINT('',(5.218526580214,10.207463990767));
#3284 = CARTESIAN_POINT('',(5.209787655511,10.173167607147));
#3285 = CARTESIAN_POINT('',(5.201057090071,10.138934336901));
#3286 = CARTESIAN_POINT('',(5.19233342897,10.10476857304));
#3287 = CARTESIAN_POINT('',(5.183615237683,10.070674717322));
#3288 = CARTESIAN_POINT('',(5.174901102089,10.036657180256));
#3289 = CARTESIAN_POINT('',(5.166189628469,10.002720381101));
#3290 = ( GEOMETRIC_REPRESENTATION_CONTEXT(2) 
PARAMETRIC_REPRESENTATION_CONTEXT() REPRESENTATION_CONTEXT('2D SPACE',''
  ) );
#3291 = PCURVE('',#3292,#3297);
#3292 = CONICAL_SURFACE('',#3293,9.5,9.291139735022E-03);
#3293 = AXIS2_PLACEMENT_3D('',#3294,#3295,#3296);
#3294 = CARTESIAN_POINT('',(281.4394875,0.,-5.97446120354E-15));
#3295 = DIRECTION('',(-1.,-0.,-2.22044604925E-16));
#3296 = DIRECTION('',(2.22044604925E-16,0.,-1.));
#3297 = DEFINITIONAL_REPRESENTATION('',(#3298),#3337);
#3298 = B_SPLINE_CURVE_WITH_KNOTS('',7,(#3299,#3300,#3301,#3302,#3303,
    #3304,#3305,#3306,#3307,#3308,#3309,#3310,#3311,#3312,#3313,#3314,
    #3315,#3316,#3317,#3318,#3319,#3320,#3321,#3322,#3323,#3324,#3325,
    #3326,#3327,#3328,#3329,#3330,#3331,#3332,#3333,#3334,#3335,#3336),
  .UNSPECIFIED.,.F.,.F.,(8,6,6,6,6,6,8),(0.,0.122590076986,0.20894732868
    ,0.341019111107,0.636524982771,0.930315312523,1.),.UNSPECIFIED.);
#3299 = CARTESIAN_POINT('',(-6.28318530718,-49.97205634889));
#3300 = CARTESIAN_POINT('',(-6.267491899364,-49.97205634893));
#3301 = CARTESIAN_POINT('',(-6.251792438391,-49.97878860367));
#3302 = CARTESIAN_POINT('',(-6.236211997256,-49.99226232636));
#3303 = CARTESIAN_POINT('',(-6.220847434198,-50.0121818722));
#3304 = CARTESIAN_POINT('',(-6.205773321257,-50.0380675112));
#3305 = CARTESIAN_POINT('',(-6.191045996222,-50.06934603842));
#3306 = CARTESIAN_POINT('',(-6.166603898407,-50.13081694929));
#3307 = CARTESIAN_POINT('',(-6.156689435837,-50.15861012614));
#3308 = CARTESIAN_POINT('',(-6.146970825248,-50.18859669076));
#3309 = CARTESIAN_POINT('',(-6.137452388687,-50.22058720188));
#3310 = CARTESIAN_POINT('',(-6.128134901544,-50.25440322122));
#3311 = CARTESIAN_POINT('',(-6.119016198824,-50.28988369619));
#3312 = CARTESIAN_POINT('',(-6.096443087313,-50.38348955239));
#3313 = CARTESIAN_POINT('',(-6.083252545164,-50.44364332753));
#3314 = CARTESIAN_POINT('',(-6.070500826761,-50.50686666497));
#3315 = CARTESIAN_POINT('',(-6.058167841883,-50.57274600192));
#3316 = CARTESIAN_POINT('',(-6.04623244156,-50.64093999331));
#3317 = CARTESIAN_POINT('',(-6.034672121342,-50.71117928921));
#3318 = CARTESIAN_POINT('',(-5.998382101672,-50.94455843837));
#3319 = CARTESIAN_POINT('',(-5.975089437433,-51.11490027144));
#3320 = CARTESIAN_POINT('',(-5.953299736292,-51.29210367888));
#3321 = CARTESIAN_POINT('',(-5.932857745069,-51.47475656591));
#3322 = CARTESIAN_POINT('',(-5.91362826512,-51.66183431391));
#3323 = CARTESIAN_POINT('',(-5.895504478121,-51.85274896175));
#3324 = CARTESIAN_POINT('',(-5.861378082508,-52.24070861652));
#3325 = CARTESIAN_POINT('',(-5.845379547249,-52.43753286123));
#3326 = CARTESIAN_POINT('',(-5.830316892674,-52.6373704989));
#3327 = CARTESIAN_POINT('',(-5.816142051752,-52.83993248689));
#3328 = CARTESIAN_POINT('',(-5.802824979978,-53.04500956363));
#3329 = CARTESIAN_POINT('',(-5.79034774305,-53.25246192548));
#3330 = CARTESIAN_POINT('',(-5.775944314846,-53.51197970846));
#3331 = CARTESIAN_POINT('',(-5.773229979572,-53.56186258422));
#3332 = CARTESIAN_POINT('',(-5.770562663138,-53.61187276078));
#3333 = CARTESIAN_POINT('',(-5.767942365419,-53.66200897199));
#3334 = CARTESIAN_POINT('',(-5.765369127869,-53.71227004156));
#3335 = CARTESIAN_POINT('',(-5.762843033524,-53.76265488308));
#3336 = CARTESIAN_POINT('',(-5.760364206998,-53.8131625));
#3337 = ( GEOMETRIC_REPRESENTATION_CONTEXT(2) 
PARAMETRIC_REPRESENTATION_CONTEXT() REPRESENTATION_CONTEXT('2D SPACE',''
  ) );
#3338 = ORIENTED_EDGE('',*,*,#3339,.T.);
#3339 = EDGE_CURVE('',#3205,#3340,#3342,.T.);
#3340 = VERTEX_POINT('',#3341);
#3341 = CARTESIAN_POINT('',(328.53537235305,-1.224646799147E-15,
    -14.43495152267));
#3342 = SEAM_CURVE('',#3343,(#3347,#3354),.PCURVE_S1.);
#3343 = LINE('',#3344,#3345);
#3344 = CARTESIAN_POINT('',(337.47707008152,-1.224646799147E-15,
    2.350755098827));
#3345 = VECTOR('',#3346,1.);
#3346 = DIRECTION('',(-0.470151019765,0.,-0.882585983694));
#3347 = PCURVE('',#947,#3348);
#3348 = DEFINITIONAL_REPRESENTATION('',(#3349),#3353);
#3349 = LINE('',#3350,#3351);
#3350 = CARTESIAN_POINT('',(0.,-0.));
#3351 = VECTOR('',#3352,1.);
#3352 = DIRECTION('',(0.,1.));
#3353 = ( GEOMETRIC_REPRESENTATION_CONTEXT(2) 
PARAMETRIC_REPRESENTATION_CONTEXT() REPRESENTATION_CONTEXT('2D SPACE',''
  ) );
#3354 = PCURVE('',#947,#3355);
#3355 = DEFINITIONAL_REPRESENTATION('',(#3356),#3360);
#3356 = LINE('',#3357,#3358);
#3357 = CARTESIAN_POINT('',(6.28318530718,-0.));
#3358 = VECTOR('',#3359,1.);
#3359 = DIRECTION('',(0.,1.));
#3360 = ( GEOMETRIC_REPRESENTATION_CONTEXT(2) 
PARAMETRIC_REPRESENTATION_CONTEXT() REPRESENTATION_CONTEXT('2D SPACE',''
  ) );
#3361 = ORIENTED_EDGE('',*,*,#3362,.F.);
#3362 = EDGE_CURVE('',#929,#3340,#3363,.T.);
#3363 = SURFACE_CURVE('',#3364,(#3369,#3376),.PCURVE_S1.);
#3364 = CIRCLE('',#3365,5.);
#3365 = AXIS2_PLACEMENT_3D('',#3366,#3367,#3368);
#3366 = CARTESIAN_POINT('',(332.94830227152,0.,-16.78570662149));
#3367 = DIRECTION('',(-0.470151019765,0.,-0.882585983694));
#3368 = DIRECTION('',(-0.882585983694,0.,0.470151019765));
#3369 = PCURVE('',#947,#3370);
#3370 = DEFINITIONAL_REPRESENTATION('',(#3371),#3375);
#3371 = LINE('',#3372,#3373);
#3372 = CARTESIAN_POINT('',(0.,19.018777696012));
#3373 = VECTOR('',#3374,1.);
#3374 = DIRECTION('',(1.,0.));
#3375 = ( GEOMETRIC_REPRESENTATION_CONTEXT(2) 
PARAMETRIC_REPRESENTATION_CONTEXT() REPRESENTATION_CONTEXT('2D SPACE',''
  ) );
#3376 = PCURVE('',#985,#3377);
#3377 = DEFINITIONAL_REPRESENTATION('',(#3378),#3382);
#3378 = CIRCLE('',#3379,5.);
#3379 = AXIS2_PLACEMENT_2D('',#3380,#3381);
#3380 = CARTESIAN_POINT('',(0.,0.));
#3381 = DIRECTION('',(1.,0.));
#3382 = ( GEOMETRIC_REPRESENTATION_CONTEXT(2) 
PARAMETRIC_REPRESENTATION_CONTEXT() REPRESENTATION_CONTEXT('2D SPACE',''
  ) );
#3383 = ORIENTED_EDGE('',*,*,#928,.T.);
#3384 = ORIENTED_EDGE('',*,*,#3385,.F.);
#3385 = EDGE_CURVE('',#3340,#931,#3386,.T.);
#3386 = SURFACE_CURVE('',#3387,(#3392,#3399),.PCURVE_S1.);
#3387 = CIRCLE('',#3388,5.);
#3388 = AXIS2_PLACEMENT_3D('',#3389,#3390,#3391);
#3389 = CARTESIAN_POINT('',(332.94830227152,0.,-16.78570662149));
#3390 = DIRECTION('',(-0.470151019765,0.,-0.882585983694));
#3391 = DIRECTION('',(-0.882585983694,0.,0.470151019765));
#3392 = PCURVE('',#947,#3393);
#3393 = DEFINITIONAL_REPRESENTATION('',(#3394),#3398);
#3394 = LINE('',#3395,#3396);
#3395 = CARTESIAN_POINT('',(0.,19.018777696012));
#3396 = VECTOR('',#3397,1.);
#3397 = DIRECTION('',(1.,0.));
#3398 = ( GEOMETRIC_REPRESENTATION_CONTEXT(2) 
PARAMETRIC_REPRESENTATION_CONTEXT() REPRESENTATION_CONTEXT('2D SPACE',''
  ) );
#3399 = PCURVE('',#985,#3400);
#3400 = DEFINITIONAL_REPRESENTATION('',(#3401),#3405);
#3401 = CIRCLE('',#3402,5.);
#3402 = AXIS2_PLACEMENT_2D('',#3403,#3404);
#3403 = CARTESIAN_POINT('',(0.,0.));
#3404 = DIRECTION('',(1.,0.));
#3405 = ( GEOMETRIC_REPRESENTATION_CONTEXT(2) 
PARAMETRIC_REPRESENTATION_CONTEXT() REPRESENTATION_CONTEXT('2D SPACE',''
  ) );
#3406 = ORIENTED_EDGE('',*,*,#3339,.F.);
#3407 = ORIENTED_EDGE('',*,*,#3408,.F.);
#3408 = EDGE_CURVE('',#3409,#3205,#3411,.T.);
#3409 = VERTEX_POINT('',#3410);
#3410 = CARTESIAN_POINT('',(335.25265,4.493937259854,-7.797725816192));
#3411 = SURFACE_CURVE('',#3412,(#3443,#3477),.PCURVE_S1.);
#3412 = B_SPLINE_CURVE_WITH_KNOTS('',8,(#3413,#3414,#3415,#3416,#3417,
    #3418,#3419,#3420,#3421,#3422,#3423,#3424,#3425,#3426,#3427,#3428,
    #3429,#3430,#3431,#3432,#3433,#3434,#3435,#3436,#3437,#3438,#3439,
    #3440,#3441,#3442),.UNSPECIFIED.,.F.,.F.,(9,7,7,7,9),(0.,
    0.345736620472,0.694832153556,0.844971081578,1.),.UNSPECIFIED.);
#3413 = CARTESIAN_POINT('',(335.25265,4.493937259853,-7.797725816192));
#3414 = CARTESIAN_POINT('',(335.03335123971,4.411029289265,
    -7.847858582321));
#3415 = CARTESIAN_POINT('',(334.81635419401,4.32067897512,
    -7.900880702092));
#3416 = CARTESIAN_POINT('',(334.60169103656,4.222786286579,
    -7.956458075391));
#3417 = CARTESIAN_POINT('',(334.38945196339,4.117157116797,
    -8.014273397638));
#3418 = CARTESIAN_POINT('',(334.17978458863,4.003494266088,
    -8.074015436712));
#3419 = CARTESIAN_POINT('',(333.97289351596,3.881390215434,
    -8.135372115141));
#3420 = CARTESIAN_POINT('',(333.76904802965,3.750285699508,
    -8.198022622555));
#3421 = CARTESIAN_POINT('',(333.36621632517,3.467061332389,
    -8.325842844519));
#3422 = CARTESIAN_POINT('',(333.16763700187,3.314988007986,
    -8.39092306881));
#3423 = CARTESIAN_POINT('',(332.97290150701,3.152134072507,
    -8.456605367333));
#3424 = CARTESIAN_POINT('',(332.78248239332,2.97733839599,
    -8.522517580018));
#3425 = CARTESIAN_POINT('',(332.59724445306,2.789345327516,
    -8.588150371863));
#3426 = CARTESIAN_POINT('',(332.41855739966,2.586553570774,
    -8.652790810823));
#3427 = CARTESIAN_POINT('',(332.24822159013,2.367163257005,
    -8.715537027666));
#3428 = CARTESIAN_POINT('',(332.02053320612,2.024992837626,
    -8.800687862279));
#3429 = CARTESIAN_POINT('',(331.95418422456,1.918515334673,
    -8.825677855207));
#3430 = CARTESIAN_POINT('',(331.89018142754,1.808225024913,
    -8.849944859813));
#3431 = CARTESIAN_POINT('',(331.82882777094,1.693915033356,
    -8.87335182893));
#3432 = CARTESIAN_POINT('',(331.77050591676,1.575414219515,
    -8.895728984415));
#3433 = CARTESIAN_POINT('',(331.71567247186,1.452594867361,
    -8.916875393769));
#3434 = CARTESIAN_POINT('',(331.66484916892,1.32538451316,
    -8.936562670379));
#3435 = CARTESIAN_POINT('',(331.57086684361,1.057893042765,
    -8.973104467821));
#3436 = CARTESIAN_POINT('',(331.52796991113,0.917204975406,
    -8.989861864774));
#3437 = CARTESIAN_POINT('',(331.49065701669,0.771952232852,
    -9.004498087474));
#3438 = CARTESIAN_POINT('',(331.45969035851,0.622552060717,
    -9.016685282612));
#3439 = CARTESIAN_POINT('',(331.43580637003,0.469629182596,
    -9.026106990743));
#3440 = CARTESIAN_POINT('',(331.41962849109,0.31405471345,
    -9.032496510553));
#3441 = CARTESIAN_POINT('',(331.41154384893,0.156999230262,
    -9.035689280945));
#3442 = CARTESIAN_POINT('',(331.41154384889,0.,-9.035689280955));
#3443 = PCURVE('',#947,#3444);
#3444 = DEFINITIONAL_REPRESENTATION('',(#3445),#3476);
#3445 = B_SPLINE_CURVE_WITH_KNOTS('',8,(#3446,#3447,#3448,#3449,#3450,
    #3451,#3452,#3453,#3454,#3455,#3456,#3457,#3458,#3459,#3460,#3461,
    #3462,#3463,#3464,#3465,#3466,#3467,#3468,#3469,#3470,#3471,#3472,
    #3473,#3474,#3475),.UNSPECIFIED.,.F.,.F.,(9,7,7,7,9),(0.,
    0.345736620472,0.694832153556,0.844971081578,1.),.UNSPECIFIED.);
#3446 = CARTESIAN_POINT('',(1.116995678711,10.002720381102));
#3447 = CARTESIAN_POINT('',(1.079171376518,10.150070393594));
#3448 = CARTESIAN_POINT('',(1.041303928561,10.298888355647));
#3449 = CARTESIAN_POINT('',(1.003278870028,10.448864268718));
#3450 = CARTESIAN_POINT('',(0.964983686105,10.599675678458));
#3451 = CARTESIAN_POINT('',(0.926300192541,10.750978494834));
#3452 = CARTESIAN_POINT('',(0.887099561454,10.902401088019));
#3453 = CARTESIAN_POINT('',(0.84723199659,11.053533711001));
#3454 = CARTESIAN_POINT('',(0.765378436699,11.355737783994));
#3455 = CARTESIAN_POINT('',(0.723444570651,11.506538949121));
#3456 = CARTESIAN_POINT('',(0.680443755942,11.656064316666));
#3457 = CARTESIAN_POINT('',(0.636124751598,11.80376325222));
#3458 = CARTESIAN_POINT('',(0.590238198026,11.948779640886));
#3459 = CARTESIAN_POINT('',(0.54247447526,12.089840286668));
#3460 = CARTESIAN_POINT('',(0.492483195785,12.225302772736));
#3461 = CARTESIAN_POINT('',(0.416858832594,12.407503631795));
#3462 = CARTESIAN_POINT('',(0.393603851374,12.460753490627));
#3463 = CARTESIAN_POINT('',(0.369788179104,12.512262189046));
#3464 = CARTESIAN_POINT('',(0.345370383299,12.561766336125));
#3465 = CARTESIAN_POINT('',(0.320315617608,12.608936179129));
#3466 = CARTESIAN_POINT('',(0.294595597656,12.653379703671));
#3467 = CARTESIAN_POINT('',(0.268189387127,12.694650045767));
#3468 = CARTESIAN_POINT('',(0.213097817145,12.771087210093));
#3469 = CARTESIAN_POINT('',(0.184342374034,12.806045090318));
#3470 = CARTESIAN_POINT('',(0.154854420105,12.836505510695));
#3471 = CARTESIAN_POINT('',(0.124699253626,12.861820764225));
#3472 = CARTESIAN_POINT('',(9.397312268186E-02,12.88136531331));
#3473 = CARTESIAN_POINT('',(6.281087437319E-02,12.894610660219));
#3474 = CARTESIAN_POINT('',(3.139984628485E-02,12.901229557366));
#3475 = CARTESIAN_POINT('',(2.32428989126E-10,12.901229557397));
#3476 = ( GEOMETRIC_REPRESENTATION_CONTEXT(2) 
PARAMETRIC_REPRESENTATION_CONTEXT() REPRESENTATION_CONTEXT('2D SPACE',''
  ) );
#3477 = PCURVE('',#3292,#3478);
#3478 = DEFINITIONAL_REPRESENTATION('',(#3479),#3510);
#3479 = B_SPLINE_CURVE_WITH_KNOTS('',8,(#3480,#3481,#3482,#3483,#3484,
    #3485,#3486,#3487,#3488,#3489,#3490,#3491,#3492,#3493,#3494,#3495,
    #3496,#3497,#3498,#3499,#3500,#3501,#3502,#3503,#3504,#3505,#3506,
    #3507,#3508,#3509),.UNSPECIFIED.,.F.,.F.,(9,7,7,7,9),(0.,
    0.345736620472,0.694832153556,0.844971081578,1.),.UNSPECIFIED.);
#3480 = CARTESIAN_POINT('',(-0.522821100181,-53.8131625));
#3481 = CARTESIAN_POINT('',(-0.512058296128,-53.59386373971));
#3482 = CARTESIAN_POINT('',(-0.500424299667,-53.37686669401));
#3483 = CARTESIAN_POINT('',(-0.487926788711,-53.16220353656));
#3484 = CARTESIAN_POINT('',(-0.474562175994,-52.94996446339));
#3485 = CARTESIAN_POINT('',(-0.460314778362,-52.74029708863));
#3486 = CARTESIAN_POINT('',(-0.445156098764,-52.53340601596));
#3487 = CARTESIAN_POINT('',(-0.42904030026,-52.32956052965));
#3488 = CARTESIAN_POINT('',(-0.394577002174,-51.92672882517));
#3489 = CARTESIAN_POINT('',(-0.376238350142,-51.72814950187));
#3490 = CARTESIAN_POINT('',(-0.356778205179,-51.53341400702));
#3491 = CARTESIAN_POINT('',(-0.336083574721,-51.34299489332));
#3492 = CARTESIAN_POINT('',(-0.314033137049,-51.15775695306));
#3493 = CARTESIAN_POINT('',(-0.290468218806,-50.97906989966));
#3494 = CARTESIAN_POINT('',(-0.265207331612,-50.80873409013));
#3495 = CARTESIAN_POINT('',(-0.226157090963,-50.58104570612));
#3496 = CARTESIAN_POINT('',(-0.214046570955,-50.51469672456));
#3497 = CARTESIAN_POINT('',(-0.201543964178,-50.45069392754));
#3498 = CARTESIAN_POINT('',(-0.18862746591,-50.38934027094));
#3499 = CARTESIAN_POINT('',(-0.175279073642,-50.33101841676));
#3500 = CARTESIAN_POINT('',(-0.161485149128,-50.27618497186));
#3501 = CARTESIAN_POINT('',(-0.147237405676,-50.22536166892));
#3502 = CARTESIAN_POINT('',(-0.117352359572,-50.13137934361));
#3503 = CARTESIAN_POINT('',(-0.101671947005,-50.08848241113));
#3504 = CARTESIAN_POINT('',(-8.55178190339E-02,-50.05116951669));
#3505 = CARTESIAN_POINT('',(-6.8933547563E-02,-50.02020285851));
#3506 = CARTESIAN_POINT('',(-5.198350576115E-02,-49.99631887003));
#3507 = CARTESIAN_POINT('',(-3.475712694976E-02,-49.98014099109));
#3508 = CARTESIAN_POINT('',(-1.73754569663E-02,-49.97205634893));
#3509 = CARTESIAN_POINT('',(0.,-49.97205634889));
#3510 = ( GEOMETRIC_REPRESENTATION_CONTEXT(2) 
PARAMETRIC_REPRESENTATION_CONTEXT() REPRESENTATION_CONTEXT('2D SPACE',''
  ) );
#3511 = ORIENTED_EDGE('',*,*,#3512,.F.);
#3512 = EDGE_CURVE('',#3513,#3409,#3515,.T.);
#3513 = VERTEX_POINT('',#3514);
#3514 = CARTESIAN_POINT('',(342.79824320642,-2.187192442312E-15,
    -8.929890821726));
#3515 = SURFACE_CURVE('',#3516,(#3554,#3595),.PCURVE_S1.);
#3516 = B_SPLINE_CURVE_WITH_KNOTS('',8,(#3517,#3518,#3519,#3520,#3521,
    #3522,#3523,#3524,#3525,#3526,#3527,#3528,#3529,#3530,#3531,#3532,
    #3533,#3534,#3535,#3536,#3537,#3538,#3539,#3540,#3541,#3542,#3543,
    #3544,#3545,#3546,#3547,#3548,#3549,#3550,#3551,#3552,#3553),
  .UNSPECIFIED.,.F.,.F.,(9,7,7,7,7,9),(0.,0.12625342942,0.20003544483,
    0.409496912511,0.628390680056,1.),.UNSPECIFIED.);
#3517 = CARTESIAN_POINT('',(342.79824320642,3.061616997868E-16,
    -8.929890821726));
#3518 = CARTESIAN_POINT('',(342.79824320634,0.216894918964,
    -8.929890821706));
#3519 = CARTESIAN_POINT('',(342.78922229225,0.433839594059,
    -8.923953934923));
#3520 = CARTESIAN_POINT('',(342.7711741345,0.649701772869,
    -8.912075550287));
#3521 = CARTESIAN_POINT('',(342.74421792504,0.863449859539,
    -8.894403393493));
#3522 = CARTESIAN_POINT('',(342.70856683126,1.074145302002,
    -8.871214097449));
#3523 = CARTESIAN_POINT('',(342.66450765618,1.280937179147,
    -8.842891250012));
#3524 = CARTESIAN_POINT('',(342.61239170498,1.483058987928,
    -8.809904919005));
#3525 = CARTESIAN_POINT('',(342.51771635662,1.794818463391,
    -8.751104390857));
#3526 = CARTESIAN_POINT('',(342.48018036757,1.908002621521,
    -8.728002909079));
#3527 = CARTESIAN_POINT('',(342.44010593142,2.019258056071,
    -8.703591789526));
#3528 = CARTESIAN_POINT('',(342.39757321215,2.128478079172,
    -8.677979827253));
#3529 = CARTESIAN_POINT('',(342.35266455489,2.23557030538,-8.65127951884
    ));
#3530 = CARTESIAN_POINT('',(342.30546354374,2.340455593216,
    -8.623605549189));
#3531 = CARTESIAN_POINT('',(342.25605405958,2.443066986716,
    -8.595073278312));
#3532 = CARTESIAN_POINT('',(342.05821622626,2.828040606838,
    -8.482684773062));
#3533 = CARTESIAN_POINT('',(341.89483408903,3.093860924803,
    -8.393605990897));
#3534 = CARTESIAN_POINT('',(341.7162300569,3.339695835925,
    -8.301151778048));
#3535 = CARTESIAN_POINT('',(341.52424479692,3.56498822625,
    -8.207886451287));
#3536 = CARTESIAN_POINT('',(341.32067174495,3.769629228485,
    -8.116184305119));
#3537 = CARTESIAN_POINT('',(341.10724597224,3.953882972094,
    -8.028094239955));
#3538 = CARTESIAN_POINT('',(340.8856284546,4.118317423027,
    -7.945255170401));
#3539 = CARTESIAN_POINT('',(340.41881543822,4.415658445547,
    -7.789075632167));
#3540 = CARTESIAN_POINT('',(340.17304312697,4.546789412482,
    -7.71634277326));
#3541 = CARTESIAN_POINT('',(339.92182120605,4.658002989297,
    -7.652076838606));
#3542 = CARTESIAN_POINT('',(339.66674887317,4.750482246792,
    -7.59715049156));
#3543 = CARTESIAN_POINT('',(339.40922423036,4.825539051141,
    -7.551926594365));
#3544 = CARTESIAN_POINT('',(339.15042914397,4.884499935076,
    -7.51636400391));
#3545 = CARTESIAN_POINT('',(338.89132002618,4.928627814373,
    -7.490156288939));
#3546 = CARTESIAN_POINT('',(338.19343801505,5.010753740184,
    -7.443438674355));
#3547 = CARTESIAN_POINT('',(337.75603474683,5.022926008609,
    -7.439700279321));
#3548 = CARTESIAN_POINT('',(337.32265327427,5.001545771337,
    -7.459142435552));
#3549 = CARTESIAN_POINT('',(336.89481884495,4.950751754342,
    -7.498505525346));
#3550 = CARTESIAN_POINT('',(336.47353975839,4.873422994601,
    -7.554607576782));
#3551 = CARTESIAN_POINT('',(336.05938284433,4.771296425254,
    -7.624657155142));
#3552 = CARTESIAN_POINT('',(335.6524908199,4.64510086363,-7.706320254786
    ));
#3553 = CARTESIAN_POINT('',(335.25265,4.493937259853,-7.797725816192));
#3554 = PCURVE('',#947,#3555);
#3555 = DEFINITIONAL_REPRESENTATION('',(#3556),#3594);
#3556 = B_SPLINE_CURVE_WITH_KNOTS('',8,(#3557,#3558,#3559,#3560,#3561,
    #3562,#3563,#3564,#3565,#3566,#3567,#3568,#3569,#3570,#3571,#3572,
    #3573,#3574,#3575,#3576,#3577,#3578,#3579,#3580,#3581,#3582,#3583,
    #3584,#3585,#3586,#3587,#3588,#3589,#3590,#3591,#3592,#3593),
  .UNSPECIFIED.,.F.,.F.,(9,7,7,7,7,9),(0.,0.12625342942,0.20003544483,
    0.409496912511,0.628390680056,1.),.UNSPECIFIED.);
#3557 = CARTESIAN_POINT('',(3.141592653256,7.454385005482));
#3558 = CARTESIAN_POINT('',(3.098213669463,7.454385005498));
#3559 = CARTESIAN_POINT('',(3.054824773808,7.453386384395));
#3560 = CARTESIAN_POINT('',(3.011527847911,7.451388048379));
#3561 = CARTESIAN_POINT('',(2.968404913452,7.448464339858));
#3562 = CARTESIAN_POINT('',(2.925525483948,7.444759190294));
#3563 = CARTESIAN_POINT('',(2.882952215611,7.440476308223));
#3564 = CARTESIAN_POINT('',(2.840744857248,7.435865402425));
#3565 = CARTESIAN_POINT('',(2.77454505096,7.428480592024));
#3566 = CARTESIAN_POINT('',(2.750268196127,7.425739131536));
#3567 = CARTESIAN_POINT('',(2.72614053633,7.423035256596));
#3568 = CARTESIAN_POINT('',(2.702169288767,7.420427299016));
#3569 = CARTESIAN_POINT('',(2.678360453291,7.417975832056));
#3570 = CARTESIAN_POINT('',(2.654718979466,7.415742777855));
#3571 = CARTESIAN_POINT('',(2.631248933621,7.413790514859));
#3572 = CARTESIAN_POINT('',(2.541820192316,7.407611654483));
#3573 = CARTESIAN_POINT('',(2.477117405552,7.405806248329));
#3574 = CARTESIAN_POINT('',(2.413886906752,7.408178323775));
#3575 = CARTESIAN_POINT('',(2.352152216893,7.416125719372));
#3576 = CARTESIAN_POINT('',(2.291929844507,7.430900768468));
#3577 = CARTESIAN_POINT('',(2.233229684302,7.453496056334));
#3578 = CARTESIAN_POINT('',(2.176050780171,7.48457715656));
#3579 = CARTESIAN_POINT('',(2.062199202109,7.566207900865));
#3580 = CARTESIAN_POINT('',(2.005673907344,7.617565001805));
#3581 = CARTESIAN_POINT('',(1.950787755509,7.678957030958));
#3582 = CARTESIAN_POINT('',(1.897499709375,7.750402324338));
#3583 = CARTESIAN_POINT('',(1.845747772769,7.831563819979));
#3584 = CARTESIAN_POINT('',(1.795452460135,7.921849549873));
#3585 = CARTESIAN_POINT('',(1.746518550042,8.020539403935));
#3586 = CARTESIAN_POINT('',(1.617884537188,8.307417031322));
#3587 = CARTESIAN_POINT('',(1.540647777595,8.509763171882));
#3588 = CARTESIAN_POINT('',(1.466326039754,8.730677273024));
#3589 = CARTESIAN_POINT('',(1.394277275315,8.966565410029));
#3590 = CARTESIAN_POINT('',(1.323916515495,9.214145045288));
#3591 = CARTESIAN_POINT('',(1.25467649274,9.470686147831));
#3592 = CARTESIAN_POINT('',(1.185959589228,9.734061543106));
#3593 = CARTESIAN_POINT('',(1.116995679082,10.002720379656));
#3594 = ( GEOMETRIC_REPRESENTATION_CONTEXT(2) 
PARAMETRIC_REPRESENTATION_CONTEXT() REPRESENTATION_CONTEXT('2D SPACE',''
  ) );
#3595 = PCURVE('',#3596,#3601);
#3596 = CONICAL_SURFACE('',#3597,9.,9.291139735022E-03);
#3597 = AXIS2_PLACEMENT_3D('',#3598,#3599,#3600);
#3598 = CARTESIAN_POINT('',(335.25265,0.,-5.97446120354E-15));
#3599 = DIRECTION('',(-1.,-0.,-2.22044604925E-16));
#3600 = DIRECTION('',(2.22044604925E-16,0.,-1.));
#3601 = DEFINITIONAL_REPRESENTATION('',(#3602),#3640);
#3602 = B_SPLINE_CURVE_WITH_KNOTS('',8,(#3603,#3604,#3605,#3606,#3607,
    #3608,#3609,#3610,#3611,#3612,#3613,#3614,#3615,#3616,#3617,#3618,
    #3619,#3620,#3621,#3622,#3623,#3624,#3625,#3626,#3627,#3628,#3629,
    #3630,#3631,#3632,#3633,#3634,#3635,#3636,#3637,#3638,#3639),
  .UNSPECIFIED.,.F.,.F.,(9,7,7,7,7,9),(0.,0.12625342942,0.20003544483,
    0.409496912511,0.628390680056,1.),.UNSPECIFIED.);
#3603 = CARTESIAN_POINT('',(0.,-7.54559320642));
#3604 = CARTESIAN_POINT('',(-2.428864174194E-02,-7.545593206346));
#3605 = CARTESIAN_POINT('',(-4.858285541249E-02,-7.536572292261));
#3606 = CARTESIAN_POINT('',(-7.277676947224E-02,-7.518524134507));
#3607 = CARTESIAN_POINT('',(-9.67758267367E-02,-7.491567925043));
#3608 = CARTESIAN_POINT('',(-0.120493949859,-7.455916831264));
#3609 = CARTESIAN_POINT('',(-0.143851486796,-7.411857656184));
#3610 = CARTESIAN_POINT('',(-0.166773936263,-7.359741704983));
#3611 = CARTESIAN_POINT('',(-0.202292163271,-7.265066356628));
#3612 = CARTESIAN_POINT('',(-0.215222878782,-7.227530367573));
#3613 = CARTESIAN_POINT('',(-0.227971323209,-7.18745593142));
#3614 = CARTESIAN_POINT('',(-0.240526411843,-7.144923212152));
#3615 = CARTESIAN_POINT('',(-0.252878156168,-7.100014554895));
#3616 = CARTESIAN_POINT('',(-0.265017568279,-7.052813543746));
#3617 = CARTESIAN_POINT('',(-0.276936565286,-7.003404059587));
#3618 = CARTESIAN_POINT('',(-0.321818599291,-6.805566226262));
#3619 = CARTESIAN_POINT('',(-0.353163195653,-6.642184089034));
#3620 = CARTESIAN_POINT('',(-0.382514130481,-6.463580056903));
#3621 = CARTESIAN_POINT('',(-0.409759341775,-6.27159479692));
#3622 = CARTESIAN_POINT('',(-0.43481678885,-6.068021744955));
#3623 = CARTESIAN_POINT('',(-0.457637855179,-5.854595972248));
#3624 = CARTESIAN_POINT('',(-0.478211424803,-5.632978454608));
#3625 = CARTESIAN_POINT('',(-0.515735761943,-5.166165438229));
#3626 = CARTESIAN_POINT('',(-0.532478829631,-4.920393126977));
#3627 = CARTESIAN_POINT('',(-0.546816287194,-4.669171206058));
#3628 = CARTESIAN_POINT('',(-0.558819263903,-4.414098873174));
#3629 = CARTESIAN_POINT('',(-0.568594488398,-4.156574230361));
#3630 = CARTESIAN_POINT('',(-0.576271538038,-3.897779143979));
#3631 = CARTESIAN_POINT('',(-0.581989385273,-3.638670026188));
#3632 = CARTESIAN_POINT('',(-0.592499516173,-2.940788015054));
#3633 = CARTESIAN_POINT('',(-0.593853987197,-2.503384746838));
#3634 = CARTESIAN_POINT('',(-0.590665253244,-2.070003274274));
#3635 = CARTESIAN_POINT('',(-0.583524134464,-1.642168844958));
#3636 = CARTESIAN_POINT('',(-0.572904718112,-1.220889758392));
#3637 = CARTESIAN_POINT('',(-0.55914245351,-0.806732844334));
#3638 = CARTESIAN_POINT('',(-0.542444596401,-0.399840819905));
#3639 = CARTESIAN_POINT('',(-0.522821100181,0.));
#3640 = ( GEOMETRIC_REPRESENTATION_CONTEXT(2) 
PARAMETRIC_REPRESENTATION_CONTEXT() REPRESENTATION_CONTEXT('2D SPACE',''
  ) );
#3641 = ORIENTED_EDGE('',*,*,#3642,.F.);
#3642 = EDGE_CURVE('',#3207,#3513,#3643,.T.);
#3643 = SURFACE_CURVE('',#3644,(#3682,#3723),.PCURVE_S1.);
#3644 = B_SPLINE_CURVE_WITH_KNOTS('',8,(#3645,#3646,#3647,#3648,#3649,
    #3650,#3651,#3652,#3653,#3654,#3655,#3656,#3657,#3658,#3659,#3660,
    #3661,#3662,#3663,#3664,#3665,#3666,#3667,#3668,#3669,#3670,#3671,
    #3672,#3673,#3674,#3675,#3676,#3677,#3678,#3679,#3680,#3681),
  .UNSPECIFIED.,.F.,.F.,(9,7,7,7,7,9),(0.,0.372800187267,0.59036386399,
    0.799847097126,0.873634416549,1.),.UNSPECIFIED.);
#3645 = CARTESIAN_POINT('',(335.25265,-4.493937259853,-7.797725816192));
#3646 = CARTESIAN_POINT('',(335.65377313022,-4.645585653305,
    -7.706027112329));
#3647 = CARTESIAN_POINT('',(336.06198834935,-4.772103933004,
    -7.624134472722));
#3648 = CARTESIAN_POINT('',(336.47751593958,-4.874402592393,
    -7.553935514406));
#3649 = CARTESIAN_POINT('',(336.90021304024,-4.951740624304,
    -7.497787950774));
#3650 = CARTESIAN_POINT('',(337.32950483638,-5.002356919283,
    -7.458513416456));
#3651 = CARTESIAN_POINT('',(337.76436682807,-5.023332741014,
    -7.439329477429));
#3652 = CARTESIAN_POINT('',(338.20324763414,-5.010472498998,
    -7.443528180983));
#3653 = CARTESIAN_POINT('',(338.90100607547,-4.926960550831,
    -7.491147291982));
#3654 = CARTESIAN_POINT('',(339.15853017386,-4.882628485505,
    -7.51749326268));
#3655 = CARTESIAN_POINT('',(339.41571947318,-4.823609814468,
    -7.553088708791));
#3656 = CARTESIAN_POINT('',(339.67163024536,-4.748663064313,
    -7.598229026619));
#3657 = CARTESIAN_POINT('',(339.92509856957,-4.656485911756,
    -7.652948559476));
#3658 = CARTESIAN_POINT('',(340.17474945453,-4.545791620704,
    -7.716886293859));
#3659 = CARTESIAN_POINT('',(340.41901169299,-4.41542007226,
    -7.789183653345));
#3660 = CARTESIAN_POINT('',(340.8844630457,-4.119168326514,
    -7.944824690434));
#3661 = CARTESIAN_POINT('',(341.10614063775,-3.954806657735,
    -8.027647822626));
#3662 = CARTESIAN_POINT('',(341.31963112967,-3.770623834583,
    -8.11572921778));
#3663 = CARTESIAN_POINT('',(341.52327325687,-3.566050849609,
    -8.207430750934));
#3664 = CARTESIAN_POINT('',(341.71533162486,-3.340822416935,
    -8.300703982633));
#3665 = CARTESIAN_POINT('',(341.89401245232,-3.095046167608,
    -8.393174699709));
#3666 = CARTESIAN_POINT('',(342.05747468718,-2.829277895879,
    -8.482278275182));
#3667 = CARTESIAN_POINT('',(342.25542295104,-2.444366885622,
    -8.594709601956));
#3668 = CARTESIAN_POINT('',(342.30486046426,-2.341773304874,
    -8.623253322098));
#3669 = CARTESIAN_POINT('',(342.35208997488,-2.236904879329,
    -8.650939709385));
#3670 = CARTESIAN_POINT('',(342.39702758373,-2.129828482657,
    -8.67765337592));
#3671 = CARTESIAN_POINT('',(342.43958968313,-2.020623171718,
    -8.703279600371));
#3672 = CARTESIAN_POINT('',(342.47969389837,-1.909381245257,
    -8.727705840669));
#3673 = CARTESIAN_POINT('',(342.51726002923,-1.796209302606,
    -8.75082324672));
#3674 = CARTESIAN_POINT('',(342.61206678736,-1.484318573974,
    -8.809699271157));
#3675 = CARTESIAN_POINT('',(342.66427220813,-1.282041738186,
    -8.842739899368));
#3676 = CARTESIAN_POINT('',(342.70840804889,-1.075083212998,
    -8.87111081902));
#3677 = CARTESIAN_POINT('',(342.74412186814,-0.86421114591,
    -8.894340419583));
#3678 = CARTESIAN_POINT('',(342.77112589872,-0.650278433574,
    -8.912043803537));
#3679 = CARTESIAN_POINT('',(342.78920622217,-0.434225954244,
    -8.923943359218));
#3680 = CARTESIAN_POINT('',(342.79824320634,-0.217088013036,
    -8.929890821704));
#3681 = CARTESIAN_POINT('',(342.79824320642,0.,-8.929890821726));
#3682 = PCURVE('',#947,#3683);
#3683 = DEFINITIONAL_REPRESENTATION('',(#3684),#3722);
#3684 = B_SPLINE_CURVE_WITH_KNOTS('',8,(#3685,#3686,#3687,#3688,#3689,
    #3690,#3691,#3692,#3693,#3694,#3695,#3696,#3697,#3698,#3699,#3700,
    #3701,#3702,#3703,#3704,#3705,#3706,#3707,#3708,#3709,#3710,#3711,
    #3712,#3713,#3714,#3715,#3716,#3717,#3718,#3719,#3720,#3721),
  .UNSPECIFIED.,.F.,.F.,(9,7,7,7,7,9),(0.,0.372800187267,0.59036386399,
    0.799847097126,0.873634416549,1.),.UNSPECIFIED.);
#3685 = CARTESIAN_POINT('',(5.166189628469,10.002720381101));
#3686 = CARTESIAN_POINT('',(5.097004547466,9.733199941621));
#3687 = CARTESIAN_POINT('',(5.028068816592,9.468999844183));
#3688 = CARTESIAN_POINT('',(4.958604064712,9.211682507207));
#3689 = CARTESIAN_POINT('',(4.888007092829,8.963395981615));
#3690 = CARTESIAN_POINT('',(4.815705416126,8.726900852365));
#3691 = CARTESIAN_POINT('',(4.741108464725,8.505518567824));
#3692 = CARTESIAN_POINT('',(4.663568021249,8.302884026196));
#3693 = CARTESIAN_POINT('',(4.534835895325,8.01686014338));
#3694 = CARTESIAN_POINT('',(4.486155933118,7.919037510374));
#3695 = CARTESIAN_POINT('',(4.436128453354,7.829535740844));
#3696 = CARTESIAN_POINT('',(4.384660261832,7.74905924215));
#3697 = CARTESIAN_POINT('',(4.331673606099,7.678185543779));
#3698 = CARTESIAN_POINT('',(4.27710788301,7.617242473827));
#3699 = CARTESIAN_POINT('',(4.220923003153,7.566210969465));
#3700 = CARTESIAN_POINT('',(4.107433354371,7.48474513916));
#3701 = CARTESIAN_POINT('',(4.050255340623,7.453621728795));
#3702 = CARTESIAN_POINT('',(3.991555764888,7.430988361098));
#3703 = CARTESIAN_POINT('',(3.931333649564,7.416180295172));
#3704 = CARTESIAN_POINT('',(3.86959886435,7.408205504559));
#3705 = CARTESIAN_POINT('',(3.806367887774,7.405811890108));
#3706 = CARTESIAN_POINT('',(3.741664194442,7.407601520503));
#3707 = CARTESIAN_POINT('',(3.652234266507,7.413766255532));
#3708 = CARTESIAN_POINT('',(3.628764407127,7.415715445595));
#3709 = CARTESIAN_POINT('',(3.605123057568,7.417946060373));
#3710 = CARTESIAN_POINT('',(3.581314277766,7.420395705404));
#3711 = CARTESIAN_POINT('',(3.557343010476,7.423002437484));
#3712 = CARTESIAN_POINT('',(3.533215248174,7.425705657112));
#3713 = CARTESIAN_POINT('',(3.508938199941,7.42844700094));
#3714 = CARTESIAN_POINT('',(3.442703487841,7.435836660867));
#3715 = CARTESIAN_POINT('',(3.400460498335,7.440453424408));
#3716 = CARTESIAN_POINT('',(3.357850704424,7.444742689895));
#3717 = CARTESIAN_POINT('',(3.314933982212,7.448453921219));
#3718 = CARTESIAN_POINT('',(3.271773124305,7.451382707243));
#3719 = CARTESIAN_POINT('',(3.228437805125,7.453384605793));
#3720 = CARTESIAN_POINT('',(3.185010256561,7.454385005499));
#3721 = CARTESIAN_POINT('',(3.141592653953,7.454385005481));
#3722 = ( GEOMETRIC_REPRESENTATION_CONTEXT(2) 
PARAMETRIC_REPRESENTATION_CONTEXT() REPRESENTATION_CONTEXT('2D SPACE',''
  ) );
#3723 = PCURVE('',#3596,#3724);
#3724 = DEFINITIONAL_REPRESENTATION('',(#3725),#3763);
#3725 = B_SPLINE_CURVE_WITH_KNOTS('',8,(#3726,#3727,#3728,#3729,#3730,
    #3731,#3732,#3733,#3734,#3735,#3736,#3737,#3738,#3739,#3740,#3741,
    #3742,#3743,#3744,#3745,#3746,#3747,#3748,#3749,#3750,#3751,#3752,
    #3753,#3754,#3755,#3756,#3757,#3758,#3759,#3760,#3761,#3762),
  .UNSPECIFIED.,.F.,.F.,(9,7,7,7,7,9),(0.,0.372800187267,0.59036386399,
    0.799847097126,0.873634416549,1.),.UNSPECIFIED.);
#3726 = CARTESIAN_POINT('',(-5.760364206998,0.));
#3727 = CARTESIAN_POINT('',(-5.740677777189,-0.401123130228));
#3728 = CARTESIAN_POINT('',(-5.723935998847,-0.809338349355));
#3729 = CARTESIAN_POINT('',(-5.710148571122,-1.22486593958));
#3730 = CARTESIAN_POINT('',(-5.699525364851,-1.647563040248));
#3731 = CARTESIAN_POINT('',(-5.692405986205,-2.076854836378));
#3732 = CARTESIAN_POINT('',(-5.689270598922,-2.511716828071));
#3733 = CARTESIAN_POINT('',(-5.69071728315,-2.950597634148));
#3734 = CARTESIAN_POINT('',(-5.701412009576,-3.648356075476));
#3735 = CARTESIAN_POINT('',(-5.707157478934,-3.905880173863));
#3736 = CARTESIAN_POINT('',(-5.714842068799,-4.163069473189));
#3737 = CARTESIAN_POINT('',(-5.724602055325,-4.418980245368));
#3738 = CARTESIAN_POINT('',(-5.736564331497,-4.672448569576));
#3739 = CARTESIAN_POINT('',(-5.750833349667,-4.922099454532));
#3740 = CARTESIAN_POINT('',(-5.767478761391,-5.166361692993));
#3741 = CARTESIAN_POINT('',(-5.804867328567,-5.631813045702));
#3742 = CARTESIAN_POINT('',(-5.825432811285,-5.853490637756));
#3743 = CARTESIAN_POINT('',(-5.848246291054,-6.066981129671));
#3744 = CARTESIAN_POINT('',(-5.873296759131,-6.270623256872));
#3745 = CARTESIAN_POINT('',(-5.900535691224,-6.462681624862));
#3746 = CARTESIAN_POINT('',(-5.929881122887,-6.641362452325));
#3747 = CARTESIAN_POINT('',(-5.961221061533,-6.804824687188));
#3748 = CARTESIAN_POINT('',(-6.006097681535,-7.00277295104));
#3749 = CARTESIAN_POINT('',(-6.018015093736,-7.052210464264));
#3750 = CARTESIAN_POINT('',(-6.03015302874,-7.099439974882));
#3751 = CARTESIAN_POINT('',(-6.042503409163,-7.144377583731));
#3752 = CARTESIAN_POINT('',(-6.055057252778,-7.18693968313));
#3753 = CARTESIAN_POINT('',(-6.067804576972,-7.227043898373));
#3754 = CARTESIAN_POINT('',(-6.080734303226,-7.264610029231));
#3755 = CARTESIAN_POINT('',(-6.116268520983,-7.359416787364));
#3756 = CARTESIAN_POINT('',(-6.139209057367,-7.411622208132));
#3757 = CARTESIAN_POINT('',(-6.162585775505,-7.455758048889));
#3758 = CARTESIAN_POINT('',(-6.186324005034,-7.491471868139));
#3759 = CARTESIAN_POINT('',(-6.210343905314,-7.518475898729));
#3760 = CARTESIAN_POINT('',(-6.234559185825,-7.536556222177));
#3761 = CARTESIAN_POINT('',(-6.258875042097,-7.545593206339));
#3762 = CARTESIAN_POINT('',(-6.28318530718,-7.54559320642));
#3763 = ( GEOMETRIC_REPRESENTATION_CONTEXT(2) 
PARAMETRIC_REPRESENTATION_CONTEXT() REPRESENTATION_CONTEXT('2D SPACE',''
  ) );
#3764 = ADVANCED_FACE('',(#3765),#985,.F.);
#3765 = FACE_BOUND('',#3766,.F.);
#3766 = EDGE_LOOP('',(#3767,#3768,#3769));
#3767 = ORIENTED_EDGE('',*,*,#3362,.T.);
#3768 = ORIENTED_EDGE('',*,*,#3385,.T.);
#3769 = ORIENTED_EDGE('',*,*,#972,.T.);
#3770 = ADVANCED_FACE('',(#3771),#1017,.F.);
#3771 = FACE_BOUND('',#3772,.F.);
#3772 = EDGE_LOOP('',(#3773,#4011,#4034,#4056,#4057,#4079,#4080));
#3773 = ORIENTED_EDGE('',*,*,#3774,.F.);
#3774 = EDGE_CURVE('',#3775,#3777,#3779,.T.);
#3775 = VERTEX_POINT('',#3776);
#3776 = CARTESIAN_POINT('',(302.23898559054,-1.782686920569E-15,
    -9.306743395814));
#3777 = VERTEX_POINT('',#3778);
#3778 = CARTESIAN_POINT('',(313.06179820294,-2.254864811859E-15,
    -9.20618423789));
#3779 = SURFACE_CURVE('',#3780,(#3855,#3933),.PCURVE_S1.);
#3780 = B_SPLINE_CURVE_WITH_KNOTS('',7,(#3781,#3782,#3783,#3784,#3785,
    #3786,#3787,#3788,#3789,#3790,#3791,#3792,#3793,#3794,#3795,#3796,
    #3797,#3798,#3799,#3800,#3801,#3802,#3803,#3804,#3805,#3806,#3807,
    #3808,#3809,#3810,#3811,#3812,#3813,#3814,#3815,#3816,#3817,#3818,
    #3819,#3820,#3821,#3822,#3823,#3824,#3825,#3826,#3827,#3828,#3829,
    #3830,#3831,#3832,#3833,#3834,#3835,#3836,#3837,#3838,#3839,#3840,
    #3841,#3842,#3843,#3844,#3845,#3846,#3847,#3848,#3849,#3850,#3851,
    #3852,#3853,#3854),.UNSPECIFIED.,.F.,.F.,(8,6,6,6,6,6,6,6,6,6,6,6,8)
  ,(0.,5.962739231906E-02,9.856960124038E-02,0.152124426778,
    0.196392921089,0.33472568074,0.480154071394,0.575021186575,
    0.72172681175,0.789181750132,0.841963641614,0.90795128255,1.),
  .UNSPECIFIED.);
#3781 = CARTESIAN_POINT('',(302.23898559054,-8.881784197001E-16,
    -9.306743395814));
#3782 = CARTESIAN_POINT('',(302.23898559059,-0.179327783678,
    -9.3067433958));
#3783 = CARTESIAN_POINT('',(302.24732220035,-0.358720130221,
    -9.30263466706));
#3784 = CARTESIAN_POINT('',(302.2640057168,-0.536775127083,
    -9.29441175316));
#3785 = CARTESIAN_POINT('',(302.28872293814,-0.712358007226,
    -9.28225041405));
#3786 = CARTESIAN_POINT('',(302.32095747176,-0.884561907262,
    -9.266444841706));
#3787 = CARTESIAN_POINT('',(302.36007842014,-1.052677416231,
    -9.247357172443));
#3788 = CARTESIAN_POINT('',(302.43499496457,-1.322947309877,
    -9.211025707273));
#3789 = CARTESIAN_POINT('',(302.46724784741,-1.427793561936,
    -9.195433683196));
#3790 = CARTESIAN_POINT('',(302.50197984815,-1.530603206208,
    -9.178705140166));
#3791 = CARTESIAN_POINT('',(302.53901577608,-1.631308152837,
    -9.160941963847));
#3792 = CARTESIAN_POINT('',(302.57818714353,-1.729873353537,
    -9.142242926203));
#3793 = CARTESIAN_POINT('',(302.61933781431,-1.826291468047,
    -9.122700602632));
#3794 = CARTESIAN_POINT('',(302.72145368377,-2.050243355094,
    -9.074477765598));
#3795 = CARTESIAN_POINT('',(302.78405155808,-2.175859373456,
    -9.045123788624));
#3796 = CARTESIAN_POINT('',(302.84976709848,-2.297482115859,
    -9.014552084323));
#3797 = CARTESIAN_POINT('',(302.91828351021,-2.415196506086,
    -8.982957258305));
#3798 = CARTESIAN_POINT('',(302.98932635914,-2.52911153458,
    -8.950511845521));
#3799 = CARTESIAN_POINT('',(303.06266655037,-2.639355931524,
    -8.917365360132));
#3800 = CARTESIAN_POINT('',(303.20049596819,-2.834287013506,
    -8.855768680427));
#3801 = CARTESIAN_POINT('',(303.26430876646,-2.920082244101,
    -8.827503528556));
#3802 = CARTESIAN_POINT('',(303.32945519642,-3.003535969378,
    -8.798920898954));
#3803 = CARTESIAN_POINT('',(303.39584125666,-3.084720342604,
    -8.770087261888));
#3804 = CARTESIAN_POINT('',(303.46338506486,-3.163704145174,
    -8.741063003864));
#3805 = CARTESIAN_POINT('',(303.53201647291,-3.240553699134,
    -8.711902882789));
#3806 = CARTESIAN_POINT('',(303.81935494599,-3.549010914492,
    -8.591265636534));
#3807 = CARTESIAN_POINT('',(304.04694518518,-3.762336620786,
    -8.499088648737));
#3808 = CARTESIAN_POINT('',(304.28281384524,-3.957509962344,
    -8.40756450459));
#3809 = CARTESIAN_POINT('',(304.52584579768,-4.135784504514,
    -8.317895177409));
#3810 = CARTESIAN_POINT('',(304.77522396963,-4.298142494114,-8.231175842
    ));
#3811 = CARTESIAN_POINT('',(305.03045426656,-4.445256777207,
    -8.148411518363));
#3812 = CARTESIAN_POINT('',(305.56567261737,-4.716587035061,
    -7.988799738807));
#3813 = CARTESIAN_POINT('',(305.84603544042,-4.839127371958,
    -7.912540200509));
#3814 = CARTESIAN_POINT('',(306.13211956698,-4.945593054725,
    -7.843006025366));
#3815 = CARTESIAN_POINT('',(306.4235419164,-5.035900597867,
    -7.781475667566));
#3816 = CARTESIAN_POINT('',(306.71983462181,-5.109653766946,
    -7.729311287759));
#3817 = CARTESIAN_POINT('',(307.0204230419,-5.166155764595,
    -7.687891690151));
#3818 = CARTESIAN_POINT('',(307.52297235966,-5.229437620994,
    -7.639241664365));
#3819 = CARTESIAN_POINT('',(307.72285558942,-5.246670490048,
    -7.625134604978));
#3820 = CARTESIAN_POINT('',(307.92396421378,-5.255886803368,
    -7.616470289418));
#3821 = CARTESIAN_POINT('',(308.1259869886,-5.256783319884,
    -7.613560790167));
#3822 = CARTESIAN_POINT('',(308.32855235278,-5.249033549673,
    -7.616656199587));
#3823 = CARTESIAN_POINT('',(308.53122455222,-5.232308661562,
    -7.625911979393));
#3824 = CARTESIAN_POINT('',(309.04630430008,-5.16609326032,
    -7.665235640347));
#3825 = CARTESIAN_POINT('',(309.35827817019,-5.103677270924,
    -7.703921669938));
#3826 = CARTESIAN_POINT('',(309.66735656135,-5.017932260189,
    -7.757516203046));
#3827 = CARTESIAN_POINT('',(309.97148222816,-4.907916206069,
    -7.825372991172));
#3828 = CARTESIAN_POINT('',(310.26861087445,-4.772868679501,
    -7.905990058547));
#3829 = CARTESIAN_POINT('',(310.55669278242,-4.612244063959,
    -7.997172672511));
#3830 = CARTESIAN_POINT('',(310.96096636471,-4.339836264693,
    -8.141797687869));
#3831 = CARTESIAN_POINT('',(311.08596245153,-4.248531056282,
    -8.189024577264));
#3832 = CARTESIAN_POINT('',(311.20843217208,-4.151667217096,
    -8.237672237584));
#3833 = CARTESIAN_POINT('',(311.32818177368,-4.049194366141,
    -8.287466284453));
#3834 = CARTESIAN_POINT('',(311.44500888963,-3.941064534951,
    -8.338113428877));
#3835 = CARTESIAN_POINT('',(311.55870075816,-3.827230254857,
    -8.389303910207));
#3836 = CARTESIAN_POINT('',(311.75536437001,-3.614068171614,
    -8.480941051126));
#3837 = CARTESIAN_POINT('',(311.8396351694,-3.516975114415,
    -8.521300781003));
#3838 = CARTESIAN_POINT('',(311.92173726134,-3.416340253786,
    -8.561637999489));
#3839 = CARTESIAN_POINT('',(312.00155183706,-3.312146555493,
    -8.601788922042));
#3840 = CARTESIAN_POINT('',(312.07894940117,-3.204384461418,
    -8.641581829533));
#3841 = CARTESIAN_POINT('',(312.15379031544,-3.093053181041,
    -8.680837798955));
#3842 = CARTESIAN_POINT('',(312.31610817148,-2.834525616056,
    -8.767545980576));
#3843 = CARTESIAN_POINT('',(312.40205635737,-2.685333764935,
    -8.814588700453));
#3844 = CARTESIAN_POINT('',(312.48348005442,-2.530603601922,
    -8.860138289379));
#3845 = CARTESIAN_POINT('',(312.56004740398,-2.370406903583,
    -8.903808467229));
#3846 = CARTESIAN_POINT('',(312.63139405909,-2.204881373039,
    -8.945193506877));
#3847 = CARTESIAN_POINT('',(312.69713649261,-2.034247118306,
    -8.983880080519));
#3848 = CARTESIAN_POINT('',(312.84024030086,-1.614129760608,
    -9.069104797683));
#3849 = CARTESIAN_POINT('',(312.91199561029,-1.359949002949,
    -9.112744721685));
#3850 = CARTESIAN_POINT('',(312.970972936,-1.097444665159,
    -9.149215107146));
#3851 = CARTESIAN_POINT('',(313.01612353302,-0.828112356628,
    -9.177454730593));
#3852 = CARTESIAN_POINT('',(313.04657975771,-0.553817372913,
    -9.196612535385));
#3853 = CARTESIAN_POINT('',(313.06179820287,-0.276849515067,
    -9.206184237871));
#3854 = CARTESIAN_POINT('',(313.06179820293,0.,-9.20618423789));
#3855 = PCURVE('',#1017,#3856);
#3856 = DEFINITIONAL_REPRESENTATION('',(#3857),#3932);
#3857 = B_SPLINE_CURVE_WITH_KNOTS('',7,(#3858,#3859,#3860,#3861,#3862,
    #3863,#3864,#3865,#3866,#3867,#3868,#3869,#3870,#3871,#3872,#3873,
    #3874,#3875,#3876,#3877,#3878,#3879,#3880,#3881,#3882,#3883,#3884,
    #3885,#3886,#3887,#3888,#3889,#3890,#3891,#3892,#3893,#3894,#3895,
    #3896,#3897,#3898,#3899,#3900,#3901,#3902,#3903,#3904,#3905,#3906,
    #3907,#3908,#3909,#3910,#3911,#3912,#3913,#3914,#3915,#3916,#3917,
    #3918,#3919,#3920,#3921,#3922,#3923,#3924,#3925,#3926,#3927,#3928,
    #3929,#3930,#3931),.UNSPECIFIED.,.F.,.F.,(8,6,6,6,6,6,6,6,6,6,6,6,8)
  ,(0.,5.962739231906E-02,9.856960124038E-02,0.152124426778,
    0.196392921089,0.33472568074,0.480154071394,0.575021186575,
    0.72172681175,0.789181750132,0.841963641614,0.90795128255,1.),
  .UNSPECIFIED.);
#3858 = CARTESIAN_POINT('',(6.283185306924,10.832514191188));
#3859 = CARTESIAN_POINT('',(6.249027633843,10.832514191164));
#3860 = CARTESIAN_POINT('',(6.214857685046,10.826572020784));
#3861 = CARTESIAN_POINT('',(6.180877278024,10.814679969576));
#3862 = CARTESIAN_POINT('',(6.147237536072,10.797082087099));
#3863 = CARTESIAN_POINT('',(6.114055244588,10.774185036172));
#3864 = CARTESIAN_POINT('',(6.081422575807,10.746488288273));
#3865 = CARTESIAN_POINT('',(6.028503124286,10.693664330419));
#3866 = CARTESIAN_POINT('',(6.007852566623,10.67097063606));
#3867 = CARTESIAN_POINT('',(5.987469755575,10.646592839169));
#3868 = CARTESIAN_POINT('',(5.967360584227,10.620670924638));
#3869 = CARTESIAN_POINT('',(5.947526232049,10.59334028424));
#3870 = CARTESIAN_POINT('',(5.927963804804,10.564727399767));
#3871 = CARTESIAN_POINT('',(5.882129230176,10.493988346591));
#3872 = CARTESIAN_POINT('',(5.856097373495,10.450826016915));
#3873 = CARTESIAN_POINT('',(5.830551468712,10.405751484669));
#3874 = CARTESIAN_POINT('',(5.805469481394,10.359027963014));
#3875 = CARTESIAN_POINT('',(5.780826841163,10.310887311222));
#3876 = CARTESIAN_POINT('',(5.756596004475,10.261528415145));
#3877 = CARTESIAN_POINT('',(5.713031584449,10.169444236886));
#3878 = CARTESIAN_POINT('',(5.693579253171,10.12705686425));
#3879 = CARTESIAN_POINT('',(5.67437273631,10.084049314849));
#3880 = CARTESIAN_POINT('',(5.655396837885,10.040508175302));
#3881 = CARTESIAN_POINT('',(5.63663706909,9.996511286226));
#3882 = CARTESIAN_POINT('',(5.618079264188,9.952128274697));
#3883 = CARTESIAN_POINT('',(5.542305342737,9.767717471553));
#3884 = CARTESIAN_POINT('',(5.48676997658,9.624934442595));
#3885 = CARTESIAN_POINT('',(5.432620449476,9.48085271539));
#3886 = CARTESIAN_POINT('',(5.379547911549,9.336901466781));
#3887 = CARTESIAN_POINT('',(5.327274866666,9.194336415744));
#3888 = CARTESIAN_POINT('',(5.275548129486,9.054250185882));
#3889 = CARTESIAN_POINT('',(5.170002699302,8.774048594571));
#3890 = CARTESIAN_POINT('',(5.116257030768,8.634417360616));
#3891 = CARTESIAN_POINT('',(5.062567467286,8.499989233992));
#3892 = CARTESIAN_POINT('',(5.008709950609,8.37209678202));
#3893 = CARTESIAN_POINT('',(4.954484886745,8.252173765863));
#3894 = CARTESIAN_POINT('',(4.899708537777,8.141695067882));
#3895 = CARTESIAN_POINT('',(4.808000989133,7.977016457146));
#3896 = CARTESIAN_POINT('',(4.771492850419,7.91661535467));
#3897 = CARTESIAN_POINT('',(4.734642849535,7.86122026624));
#3898 = CARTESIAN_POINT('',(4.697418684386,7.811207326717));
#3899 = CARTESIAN_POINT('',(4.659794538887,7.766906492498));
#3900 = CARTESIAN_POINT('',(4.621751909462,7.728570699282));
#3901 = CARTESIAN_POINT('',(4.523790210196,7.646506114738));
#3902 = CARTESIAN_POINT('',(4.463253628742,7.611258408687));
#3903 = CARTESIAN_POINT('',(4.401675017508,7.591183142466));
#3904 = CARTESIAN_POINT('',(4.339039758644,7.58613242568));
#3905 = CARTESIAN_POINT('',(4.275317947562,7.595123283116));
#3906 = CARTESIAN_POINT('',(4.210462618966,7.616500408481));
#3907 = CARTESIAN_POINT('',(4.114008530524,7.662704457952));
#3908 = CARTESIAN_POINT('',(4.083366568132,7.679431436895));
#3909 = CARTESIAN_POINT('',(4.05245032514,7.698129943999));
#3910 = CARTESIAN_POINT('',(4.021245923022,7.718578435895));
#3911 = CARTESIAN_POINT('',(3.989737713248,7.740538999313));
#3912 = CARTESIAN_POINT('',(3.957907569506,7.763760132727));
#3913 = CARTESIAN_POINT('',(3.900559264668,7.806930631135));
#3914 = CARTESIAN_POINT('',(3.875175269366,7.826492066507));
#3915 = CARTESIAN_POINT('',(3.849571951782,7.846538130699));
#3916 = CARTESIAN_POINT('',(3.823739685209,7.866937317614));
#3917 = CARTESIAN_POINT('',(3.797669281596,7.88755290196));
#3918 = CARTESIAN_POINT('',(3.771351814675,7.908243522736));
#3919 = CARTESIAN_POINT('',(3.711556554775,7.954643086401));
#3920 = CARTESIAN_POINT('',(3.677936688202,7.980310914492));
#3921 = CARTESIAN_POINT('',(3.643901180859,8.00558363484));
#3922 = CARTESIAN_POINT('',(3.609439641158,8.030163158697));
#3923 = CARTESIAN_POINT('',(3.574548390665,8.053740076035));
#3924 = CARTESIAN_POINT('',(3.539231601271,8.076002066046));
#3925 = CARTESIAN_POINT('',(3.453666489331,8.12544677589));
#3926 = CARTESIAN_POINT('',(3.402994762127,8.15112077007));
#3927 = CARTESIAN_POINT('',(3.351588310713,8.172807905757));
#3928 = CARTESIAN_POINT('',(3.299568177868,8.189721251836));
#3929 = CARTESIAN_POINT('',(3.247081555565,8.201235933887));
#3930 = CARTESIAN_POINT('',(3.194325894806,8.206988531968));
#3931 = CARTESIAN_POINT('',(3.141592653841,8.206988531972));
#3932 = ( GEOMETRIC_REPRESENTATION_CONTEXT(2) 
PARAMETRIC_REPRESENTATION_CONTEXT() REPRESENTATION_CONTEXT('2D SPACE',''
  ) );
#3933 = PCURVE('',#3292,#3934);
#3934 = DEFINITIONAL_REPRESENTATION('',(#3935),#4010);
#3935 = B_SPLINE_CURVE_WITH_KNOTS('',7,(#3936,#3937,#3938,#3939,#3940,
    #3941,#3942,#3943,#3944,#3945,#3946,#3947,#3948,#3949,#3950,#3951,
    #3952,#3953,#3954,#3955,#3956,#3957,#3958,#3959,#3960,#3961,#3962,
    #3963,#3964,#3965,#3966,#3967,#3968,#3969,#3970,#3971,#3972,#3973,
    #3974,#3975,#3976,#3977,#3978,#3979,#3980,#3981,#3982,#3983,#3984,
    #3985,#3986,#3987,#3988,#3989,#3990,#3991,#3992,#3993,#3994,#3995,
    #3996,#3997,#3998,#3999,#4000,#4001,#4002,#4003,#4004,#4005,#4006,
    #4007,#4008,#4009),.UNSPECIFIED.,.F.,.F.,(8,6,6,6,6,6,6,6,6,6,6,6,8)
  ,(0.,5.962739231906E-02,9.856960124038E-02,0.152124426778,
    0.196392921089,0.33472568074,0.480154071394,0.575021186575,
    0.72172681175,0.789181750132,0.841963641614,0.90795128255,1.),
  .UNSPECIFIED.);
#3936 = CARTESIAN_POINT('',(-6.28318530718,-20.79949809054));
#3937 = CARTESIAN_POINT('',(-6.263916721376,-20.79949809059));
#3938 = CARTESIAN_POINT('',(-6.244641201311,-20.80783470035));
#3939 = CARTESIAN_POINT('',(-6.225497006903,-20.8245182168));
#3940 = CARTESIAN_POINT('',(-6.20659370307,-20.84923543814));
#3941 = CARTESIAN_POINT('',(-6.188018494209,-20.88146997176));
#3942 = CARTESIAN_POINT('',(-6.169840403021,-20.92059092014));
#3943 = CARTESIAN_POINT('',(-6.140534196601,-20.99550746457));
#3944 = CARTESIAN_POINT('',(-6.129143557017,-21.02776034741));
#3945 = CARTESIAN_POINT('',(-6.117950494857,-21.06249234815));
#3946 = CARTESIAN_POINT('',(-6.106961466962,-21.09952827608));
#3947 = CARTESIAN_POINT('',(-6.096179759024,-21.13869964353));
#3948 = CARTESIAN_POINT('',(-6.085605977522,-21.17985031431));
#3949 = CARTESIAN_POINT('',(-6.060980844565,-21.28196618377));
#3950 = CARTESIAN_POINT('',(-6.047115323708,-21.34456405808));
#3951 = CARTESIAN_POINT('',(-6.033635978246,-21.41027959848));
#3952 = CARTESIAN_POINT('',(-6.020534573857,-21.47879601021));
#3953 = CARTESIAN_POINT('',(-6.007800853456,-21.54983885914));
#3954 = CARTESIAN_POINT('',(-5.995422747919,-21.62317905037));
#3955 = CARTESIAN_POINT('',(-5.973437479044,-21.76100846819));
#3956 = CARTESIAN_POINT('',(-5.96372296108,-21.82482126646));
#3957 = CARTESIAN_POINT('',(-5.954235895127,-21.88996769642));
#3958 = CARTESIAN_POINT('',(-5.9449697162,-21.95635375666));
#3959 = CARTESIAN_POINT('',(-5.935918299307,-22.02389756486));
#3960 = CARTESIAN_POINT('',(-5.927075826658,-22.09252897291));
#3961 = CARTESIAN_POINT('',(-5.891440469584,-22.37986744599));
#3962 = CARTESIAN_POINT('',(-5.866446057482,-22.60745768518));
#3963 = CARTESIAN_POINT('',(-5.843256263913,-22.84332634524));
#3964 = CARTESIAN_POINT('',(-5.821781177075,-23.08635829768));
#3965 = CARTESIAN_POINT('',(-5.801963502817,-23.33573646963));
#3966 = CARTESIAN_POINT('',(-5.783781168429,-23.59096676656));
#3967 = CARTESIAN_POINT('',(-5.749857589855,-24.12618511737));
#3968 = CARTESIAN_POINT('',(-5.734303642928,-24.40654794042));
#3969 = CARTESIAN_POINT('',(-5.720596232211,-24.69263206698));
#3970 = CARTESIAN_POINT('',(-5.708812508722,-24.9840544164));
#3971 = CARTESIAN_POINT('',(-5.699068237227,-25.28034712181));
#3972 = CARTESIAN_POINT('',(-5.691510743754,-25.5809355419));
#3973 = CARTESIAN_POINT('',(-5.682905036268,-26.08348485966));
#3974 = CARTESIAN_POINT('',(-5.680507834104,-26.28336808942));
#3975 = CARTESIAN_POINT('',(-5.679156248586,-26.48447671378));
#3976 = CARTESIAN_POINT('',(-5.678897342268,-26.6864994886));
#3977 = CARTESIAN_POINT('',(-5.679776467835,-26.88906485278));
#3978 = CARTESIAN_POINT('',(-5.681833373105,-27.09173705222));
#3979 = CARTESIAN_POINT('',(-5.690146125078,-27.60681680008));
#3980 = CARTESIAN_POINT('',(-5.698084173842,-27.91879067019));
#3981 = CARTESIAN_POINT('',(-5.709022848109,-28.22786906135));
#3982 = CARTESIAN_POINT('',(-5.723012303807,-28.53199472816));
#3983 = CARTESIAN_POINT('',(-5.740037991554,-28.82912337445));
#3984 = CARTESIAN_POINT('',(-5.760038225655,-29.11720528242));
#3985 = CARTESIAN_POINT('',(-5.793461884745,-29.52147886471));
#3986 = CARTESIAN_POINT('',(-5.804603030795,-29.64647495153));
#3987 = CARTESIAN_POINT('',(-5.81635193636,-29.76894467208));
#3988 = CARTESIAN_POINT('',(-5.828702215473,-29.88869427368));
#3989 = CARTESIAN_POINT('',(-5.841647492972,-30.00552138963));
#3990 = CARTESIAN_POINT('',(-5.855181987254,-30.11921325816));
#3991 = CARTESIAN_POINT('',(-5.880348958876,-30.31587687001));
#3992 = CARTESIAN_POINT('',(-5.891754289263,-30.4001476694));
#3993 = CARTESIAN_POINT('',(-5.903514857363,-30.48224976134));
#3994 = CARTESIAN_POINT('',(-5.915628070507,-30.56206433706));
#3995 = CARTESIAN_POINT('',(-5.928090954636,-30.63946190117));
#3996 = CARTESIAN_POINT('',(-5.940900138747,-30.71430281544));
#3997 = CARTESIAN_POINT('',(-5.970494025683,-30.87662067148));
#3998 = CARTESIAN_POINT('',(-5.987470572793,-30.96256885737));
#3999 = CARTESIAN_POINT('',(-6.004974225045,-31.04399255442));
#4000 = CARTESIAN_POINT('',(-6.022993251719,-31.12055990398));
#4001 = CARTESIAN_POINT('',(-6.041510823698,-31.19190655909));
#4002 = CARTESIAN_POINT('',(-6.060503694661,-31.2576489926));
#4003 = CARTESIAN_POINT('',(-6.107052902704,-31.40075280086));
#4004 = CARTESIAN_POINT('',(-6.13504789867,-31.47250811029));
#4005 = CARTESIAN_POINT('',(-6.163807915909,-31.531485436));
#4006 = CARTESIAN_POINT('',(-6.193191053532,-31.57663603302));
#4007 = CARTESIAN_POINT('',(-6.223028215758,-31.60709225771));
#4008 = CARTESIAN_POINT('',(-6.25311318306,-31.62231070286));
#4009 = CARTESIAN_POINT('',(-6.28318530718,-31.62231070293));
#4010 = ( GEOMETRIC_REPRESENTATION_CONTEXT(2) 
PARAMETRIC_REPRESENTATION_CONTEXT() REPRESENTATION_CONTEXT('2D SPACE',''
  ) );
#4011 = ORIENTED_EDGE('',*,*,#4012,.T.);
#4012 = EDGE_CURVE('',#3775,#4013,#4015,.T.);
#4013 = VERTEX_POINT('',#4014);
#4014 = CARTESIAN_POINT('',(301.0841616994,-1.285879139105E-15,
    -14.1144912616));
#4015 = SEAM_CURVE('',#4016,(#4020,#4027),.PCURVE_S1.);
#4016 = LINE('',#4017,#4018);
#4017 = CARTESIAN_POINT('',(304.7689991294,-1.285879139105E-15,
    1.226176199224));
#4018 = VECTOR('',#4019,1.);
#4019 = DIRECTION('',(-0.233557371281,0.,-0.972343022971));
#4020 = PCURVE('',#1017,#4021);
#4021 = DEFINITIONAL_REPRESENTATION('',(#4022),#4026);
#4022 = LINE('',#4023,#4024);
#4023 = CARTESIAN_POINT('',(0.,-0.));
#4024 = VECTOR('',#4025,1.);
#4025 = DIRECTION('',(0.,1.));
#4026 = ( GEOMETRIC_REPRESENTATION_CONTEXT(2) 
PARAMETRIC_REPRESENTATION_CONTEXT() REPRESENTATION_CONTEXT('2D SPACE',''
  ) );
#4027 = PCURVE('',#1017,#4028);
#4028 = DEFINITIONAL_REPRESENTATION('',(#4029),#4033);
#4029 = LINE('',#4030,#4031);
#4030 = CARTESIAN_POINT('',(6.28318530718,-0.));
#4031 = VECTOR('',#4032,1.);
#4032 = DIRECTION('',(0.,1.));
#4033 = ( GEOMETRIC_REPRESENTATION_CONTEXT(2) 
PARAMETRIC_REPRESENTATION_CONTEXT() REPRESENTATION_CONTEXT('2D SPACE',''
  ) );
#4034 = ORIENTED_EDGE('',*,*,#4035,.F.);
#4035 = EDGE_CURVE('',#999,#4013,#4036,.T.);
#4036 = SURFACE_CURVE('',#4037,(#4042,#4049),.PCURVE_S1.);
#4037 = CIRCLE('',#4038,5.25);
#4038 = AXIS2_PLACEMENT_3D('',#4039,#4040,#4041);
#4039 = CARTESIAN_POINT('',(306.18896256999,0.,-15.34066746083));
#4040 = DIRECTION('',(-0.233557371281,0.,-0.972343022971));
#4041 = DIRECTION('',(-0.972343022971,0.,0.233557371281));
#4042 = PCURVE('',#1017,#4043);
#4043 = DEFINITIONAL_REPRESENTATION('',(#4044),#4048);
#4044 = LINE('',#4045,#4046);
#4045 = CARTESIAN_POINT('',(0.,15.777011917008));
#4046 = VECTOR('',#4047,1.);
#4047 = DIRECTION('',(1.,0.));
#4048 = ( GEOMETRIC_REPRESENTATION_CONTEXT(2) 
PARAMETRIC_REPRESENTATION_CONTEXT() REPRESENTATION_CONTEXT('2D SPACE',''
  ) );
#4049 = PCURVE('',#1053,#4050);
#4050 = DEFINITIONAL_REPRESENTATION('',(#4051),#4055);
#4051 = CIRCLE('',#4052,5.25);
#4052 = AXIS2_PLACEMENT_2D('',#4053,#4054);
#4053 = CARTESIAN_POINT('',(0.,0.));
#4054 = DIRECTION('',(1.,0.));
#4055 = ( GEOMETRIC_REPRESENTATION_CONTEXT(2) 
PARAMETRIC_REPRESENTATION_CONTEXT() REPRESENTATION_CONTEXT('2D SPACE',''
  ) );
#4056 = ORIENTED_EDGE('',*,*,#998,.T.);
#4057 = ORIENTED_EDGE('',*,*,#4058,.F.);
#4058 = EDGE_CURVE('',#4013,#1001,#4059,.T.);
#4059 = SURFACE_CURVE('',#4060,(#4065,#4072),.PCURVE_S1.);
#4060 = CIRCLE('',#4061,5.25);
#4061 = AXIS2_PLACEMENT_3D('',#4062,#4063,#4064);
#4062 = CARTESIAN_POINT('',(306.18896256999,0.,-15.34066746083));
#4063 = DIRECTION('',(-0.233557371281,0.,-0.972343022971));
#4064 = DIRECTION('',(-0.972343022971,0.,0.233557371281));
#4065 = PCURVE('',#1017,#4066);
#4066 = DEFINITIONAL_REPRESENTATION('',(#4067),#4071);
#4067 = LINE('',#4068,#4069);
#4068 = CARTESIAN_POINT('',(0.,15.777011917008));
#4069 = VECTOR('',#4070,1.);
#4070 = DIRECTION('',(1.,0.));
#4071 = ( GEOMETRIC_REPRESENTATION_CONTEXT(2) 
PARAMETRIC_REPRESENTATION_CONTEXT() REPRESENTATION_CONTEXT('2D SPACE',''
  ) );
#4072 = PCURVE('',#1053,#4073);
#4073 = DEFINITIONAL_REPRESENTATION('',(#4074),#4078);
#4074 = CIRCLE('',#4075,5.25);
#4075 = AXIS2_PLACEMENT_2D('',#4076,#4077);
#4076 = CARTESIAN_POINT('',(0.,0.));
#4077 = DIRECTION('',(1.,0.));
#4078 = ( GEOMETRIC_REPRESENTATION_CONTEXT(2) 
PARAMETRIC_REPRESENTATION_CONTEXT() REPRESENTATION_CONTEXT('2D SPACE',''
  ) );
#4079 = ORIENTED_EDGE('',*,*,#4012,.F.);
#4080 = ORIENTED_EDGE('',*,*,#4081,.F.);
#4081 = EDGE_CURVE('',#3777,#3775,#4082,.T.);
#4082 = SURFACE_CURVE('',#4083,(#4158,#4236),.PCURVE_S1.);
#4083 = B_SPLINE_CURVE_WITH_KNOTS('',7,(#4084,#4085,#4086,#4087,#4088,
    #4089,#4090,#4091,#4092,#4093,#4094,#4095,#4096,#4097,#4098,#4099,
    #4100,#4101,#4102,#4103,#4104,#4105,#4106,#4107,#4108,#4109,#4110,
    #4111,#4112,#4113,#4114,#4115,#4116,#4117,#4118,#4119,#4120,#4121,
    #4122,#4123,#4124,#4125,#4126,#4127,#4128,#4129,#4130,#4131,#4132,
    #4133,#4134,#4135,#4136,#4137,#4138,#4139,#4140,#4141,#4142,#4143,
    #4144,#4145,#4146,#4147,#4148,#4149,#4150,#4151,#4152,#4153,#4154,
    #4155,#4156,#4157),.UNSPECIFIED.,.F.,.F.,(8,6,6,6,6,6,6,6,6,6,6,6,8)
  ,(0.,9.204896689905E-02,0.158036579311,0.210818447784,0.278273353727,
    0.424978903678,0.518908845395,0.665271676573,0.803606632795,
    0.847874598977,0.901429535218,0.940371822075,1.),.UNSPECIFIED.);
#4084 = CARTESIAN_POINT('',(313.06179820293,3.214697847762E-16,
    -9.20618423789));
#4085 = CARTESIAN_POINT('',(313.06179820293,0.276850488654,
    -9.20618423789));
#4086 = CARTESIAN_POINT('',(313.04657965056,0.553819321336,
    -9.196612468034));
#4087 = CARTESIAN_POINT('',(313.01612321166,0.828115250715,
    -9.177454528429));
#4088 = CARTESIAN_POINT('',(312.97097230095,1.097448453138,
    -9.149214709931));
#4089 = CARTESIAN_POINT('',(312.91199457355,1.359953617043,
    -9.112744080619));
#4090 = CARTESIAN_POINT('',(312.84023878736,1.614135122516,
    -9.069103877194));
#4091 = CARTESIAN_POINT('',(312.69713424161,2.034253068092,
    -8.983878753668));
#4092 = CARTESIAN_POINT('',(312.63139161466,2.204887235263,
    -8.945192083142));
#4093 = CARTESIAN_POINT('',(312.56004477161,2.37041266836,
    -8.903806954897));
#4094 = CARTESIAN_POINT('',(312.48347723963,2.530609261073,
    -8.860136697072));
#4095 = CARTESIAN_POINT('',(312.40205336551,2.685339311673,
    -8.814587036946));
#4096 = CARTESIAN_POINT('',(312.31610500758,2.834531044715,
    -8.767544254675));
#4097 = CARTESIAN_POINT('',(312.15378685056,3.093058388123,
    -8.680835976684));
#4098 = CARTESIAN_POINT('',(312.07894580571,3.204389566726,
    -8.641579970146));
#4099 = CARTESIAN_POINT('',(312.00154811389,3.312151556361,
    -8.601787031166));
#4100 = CARTESIAN_POINT('',(311.92173341314,3.416345147855,
    -8.561636082735));
#4101 = CARTESIAN_POINT('',(311.83963119875,3.516979899547,
    -8.521298843963));
#4102 = CARTESIAN_POINT('',(311.75536027932,3.614072845825,
    -8.480939099367));
#4103 = CARTESIAN_POINT('',(311.55869640435,3.827234666729,
    -8.389301939879));
#4104 = CARTESIAN_POINT('',(311.4450043945,3.941068794758,
    -8.338111458185));
#4105 = CARTESIAN_POINT('',(311.32817714116,4.04919847153,
    -8.287464322364));
#4106 = CARTESIAN_POINT('',(311.20842740598,4.151671165823,
    -8.237670292984));
#4107 = CARTESIAN_POINT('',(311.08595755566,4.248534846166,
    -8.189022658937));
#4108 = CARTESIAN_POINT('',(310.96096134296,4.3398398936,-8.141795804455
    ));
#4109 = CARTESIAN_POINT('',(310.55668738274,4.6122471692,-7.99717092989)
  );
#4110 = CARTESIAN_POINT('',(310.26860523793,4.772871416255,
    -7.90598845257));
#4111 = CARTESIAN_POINT('',(309.97147637706,4.907918566146,
    -7.82537155912));
#4112 = CARTESIAN_POINT('',(309.66735052065,5.01793423784,
    -7.757514977632));
#4113 = CARTESIAN_POINT('',(309.358271967,5.103678863653,-7.703920676138
    ));
#4114 = CARTESIAN_POINT('',(309.04629796234,5.166094469057,
    -7.665234893925));
#4115 = CARTESIAN_POINT('',(308.53321617112,5.232052379339,
    -7.626064197259));
#4116 = CARTESIAN_POINT('',(308.33254975767,5.248702575763,
    -7.616839498305));
#4117 = CARTESIAN_POINT('',(308.13198311491,5.256551149067,
    -7.61365431319));
#4118 = CARTESIAN_POINT('',(307.9319399383,5.255917032559,
    -7.616359011772));
#4119 = CARTESIAN_POINT('',(307.73278221095,5.247117178493,
    -7.624712647352));
#4120 = CARTESIAN_POINT('',(307.53481385969,5.230446603826,
    -7.638414048518));
#4121 = CARTESIAN_POINT('',(307.03204929004,5.168329420938,
    -7.686297047183));
#4122 = CARTESIAN_POINT('',(306.72939064434,5.112024465935,
    -7.727633502014));
#4123 = CARTESIAN_POINT('',(306.43106722704,5.038227309296,
    -7.779889551854));
#4124 = CARTESIAN_POINT('',(306.13766821192,4.947654445842,
    -7.841659063356));
#4125 = CARTESIAN_POINT('',(305.8496720073,4.840714347178,
    -7.911552092562));
#4126 = CARTESIAN_POINT('',(305.56746894699,4.717495637971,
    -7.988264810273));
#4127 = CARTESIAN_POINT('',(305.03048289598,4.445273229039,
    -8.14840225344));
#4128 = CARTESIAN_POINT('',(304.77524808887,4.298158093528,
    -8.231167487086));
#4129 = CARTESIAN_POINT('',(304.52586554885,4.135798826283,
    -8.317887932976));
#4130 = CARTESIAN_POINT('',(304.28282938182,3.957522570053,
    -8.407558526335));
#4131 = CARTESIAN_POINT('',(304.04695668622,3.762347048177,
    -8.499084045189));
#4132 = CARTESIAN_POINT('',(303.81936262714,3.549018654928,
    -8.591262466676));
#4133 = CARTESIAN_POINT('',(303.53202141702,3.2405591683,-8.71190078943)
  );
#4134 = CARTESIAN_POINT('',(303.46339078499,3.163710692548,
    -8.741060559644));
#4135 = CARTESIAN_POINT('',(303.39584772249,3.084728024249,
    -8.770084473039));
#4136 = CARTESIAN_POINT('',(303.32946237454,3.003544843998,
    -8.798917773941));
#4137 = CARTESIAN_POINT('',(303.26431661978,2.920092373088,
    -8.827500078414));
#4138 = CARTESIAN_POINT('',(303.20050445517,2.834298461042,
    -8.855764919118));
#4139 = CARTESIAN_POINT('',(303.06267527826,2.639368947304,
    -8.917361421409));
#4140 = CARTESIAN_POINT('',(302.98933473157,2.529124731947,
    -8.950508032599));
#4141 = CARTESIAN_POINT('',(302.9182915165,2.415209883391,
    -8.982953580985));
#4142 = CARTESIAN_POINT('',(302.84977472642,2.297495670306,
    -9.014548553027));
#4143 = CARTESIAN_POINT('',(302.78405879387,2.175873100397,
    -9.045120414439));
#4144 = CARTESIAN_POINT('',(302.72146051216,2.050257247101,
    -9.074474560216));
#4145 = CARTESIAN_POINT('',(302.6193439134,1.826305631762,
    -9.122697708439));
#4146 = CARTESIAN_POINT('',(302.5781929283,1.729887629545,
    -9.142240168748));
#4147 = CARTESIAN_POINT('',(302.53902123712,1.631322533766,
    -9.160939349831));
#4148 = CARTESIAN_POINT('',(302.50198497568,1.530617682713,
    -9.178702676404));
#4149 = CARTESIAN_POINT('',(302.46725263159,1.427808122354,
    -9.195431376459));
#4150 = CARTESIAN_POINT('',(302.43499939589,1.322961939846,
    -9.211023564078));
#4151 = CARTESIAN_POINT('',(302.36008142989,1.052690351117,
    -9.247355703934));
#4152 = CARTESIAN_POINT('',(302.32095953839,0.88457294751,
    -9.266443828388));
#4153 = CARTESIAN_POINT('',(302.28872420622,0.712367013956,
    -9.282249790131));
#4154 = CARTESIAN_POINT('',(302.26400635889,0.536781978782,
    -9.294411436679));
#4155 = CARTESIAN_POINT('',(302.24732241422,0.358724732988,
    -9.302634561657));
#4156 = CARTESIAN_POINT('',(302.23898559059,0.179330083843,-9.3067433958
    ));
#4157 = CARTESIAN_POINT('',(302.23898559054,-2.279494702004E-15,
    -9.306743395814));
#4158 = PCURVE('',#1017,#4159);
#4159 = DEFINITIONAL_REPRESENTATION('',(#4160),#4235);
#4160 = B_SPLINE_CURVE_WITH_KNOTS('',7,(#4161,#4162,#4163,#4164,#4165,
    #4166,#4167,#4168,#4169,#4170,#4171,#4172,#4173,#4174,#4175,#4176,
    #4177,#4178,#4179,#4180,#4181,#4182,#4183,#4184,#4185,#4186,#4187,
    #4188,#4189,#4190,#4191,#4192,#4193,#4194,#4195,#4196,#4197,#4198,
    #4199,#4200,#4201,#4202,#4203,#4204,#4205,#4206,#4207,#4208,#4209,
    #4210,#4211,#4212,#4213,#4214,#4215,#4216,#4217,#4218,#4219,#4220,
    #4221,#4222,#4223,#4224,#4225,#4226,#4227,#4228,#4229,#4230,#4231,
    #4232,#4233,#4234),.UNSPECIFIED.,.F.,.F.,(8,6,6,6,6,6,6,6,6,6,6,6,8)
  ,(0.,9.204896689905E-02,0.158036579311,0.210818447784,0.278273353727,
    0.424978903678,0.518908845395,0.665271676573,0.803606632795,
    0.847874598977,0.901429535218,0.940371822075,1.),.UNSPECIFIED.);
#4161 = CARTESIAN_POINT('',(3.14159265359,8.206988531972));
#4162 = CARTESIAN_POINT('',(3.088859227179,8.206988531972));
#4163 = CARTESIAN_POINT('',(3.036103379846,8.201235893422));
#4164 = CARTESIAN_POINT('',(2.983616575691,8.189721130321));
#4165 = CARTESIAN_POINT('',(2.931596265253,8.172807667849));
#4166 = CARTESIAN_POINT('',(2.880189641174,8.151120388871));
#4167 = CARTESIAN_POINT('',(2.829517748946,8.125446234346));
#4168 = CARTESIAN_POINT('',(2.74395247752,8.076001301629));
#4169 = CARTESIAN_POINT('',(2.708635687685,8.053739262591));
#4170 = CARTESIAN_POINT('',(2.673744437245,8.030162303));
#4171 = CARTESIAN_POINT('',(2.639282897883,8.005582743986));
#4172 = CARTESIAN_POINT('',(2.605247391003,7.980309995765));
#4173 = CARTESIAN_POINT('',(2.571627524884,7.954642147185));
#4174 = CARTESIAN_POINT('',(2.511832265687,7.908242560112));
#4175 = CARTESIAN_POINT('',(2.485514799063,7.887551933745));
#4176 = CARTESIAN_POINT('',(2.459444395635,7.866936348609));
#4177 = CARTESIAN_POINT('',(2.433612129102,7.846537165731));
#4178 = CARTESIAN_POINT('',(2.408008811394,7.826491110415));
#4179 = CARTESIAN_POINT('',(2.382624815796,7.806929688766));
#4180 = CARTESIAN_POINT('',(2.325276511336,7.763759233756));
#4181 = CARTESIAN_POINT('',(2.293446368123,7.740538132995));
#4182 = CARTESIAN_POINT('',(2.26193815857,7.718577610031));
#4183 = CARTESIAN_POINT('',(2.230733756387,7.698129166337));
#4184 = CARTESIAN_POINT('',(2.199817513076,7.67943071509));
#4185 = CARTESIAN_POINT('',(2.169175550155,7.662703799497));
#4186 = CARTESIAN_POINT('',(2.072721461647,7.61649997519));
#4187 = CARTESIAN_POINT('',(2.007866132706,7.595123038006));
#4188 = CARTESIAN_POINT('',(1.944144321167,7.586132399804));
#4189 = CARTESIAN_POINT('',(1.881509062117,7.591183361792));
#4190 = CARTESIAN_POINT('',(1.819930451154,7.611258891174));
#4191 = CARTESIAN_POINT('',(1.75939387038,7.646506869185));
#4192 = CARTESIAN_POINT('',(1.661812192223,7.728253549987));
#4193 = CARTESIAN_POINT('',(1.624141159518,7.766151098351));
#4194 = CARTESIAN_POINT('',(1.586880454835,7.809897823675));
#4195 = CARTESIAN_POINT('',(1.550012221379,7.859249276944));
#4196 = CARTESIAN_POINT('',(1.513511557798,7.913886631486));
#4197 = CARTESIAN_POINT('',(1.477347311049,7.973446061033));
#4198 = CARTESIAN_POINT('',(1.385595285798,8.137429131965));
#4199 = CARTESIAN_POINT('',(1.330449055049,8.248310503099));
#4200 = CARTESIAN_POINT('',(1.27586587924,8.368796941704));
#4201 = CARTESIAN_POINT('',(1.221658958599,8.497383597953));
#4202 = CARTESIAN_POINT('',(1.167625239864,8.632607233745));
#4203 = CARTESIAN_POINT('',(1.113536683893,8.773108914519));
#4204 = CARTESIAN_POINT('',(1.007642975993,9.054234490587));
#4205 = CARTESIAN_POINT('',(0.955915486562,9.194322658675));
#4206 = CARTESIAN_POINT('',(0.903641691176,9.336889809675));
#4207 = CARTESIAN_POINT('',(0.850568394902,9.480843273792));
#4208 = CARTESIAN_POINT('',(0.796418090649,9.624927280213));
#4209 = CARTESIAN_POINT('',(0.74088191696,9.767712595372));
#4210 = CARTESIAN_POINT('',(0.665107370184,9.952125084503));
#4211 = CARTESIAN_POINT('',(0.646549805859,9.996507573627));
#4212 = CARTESIAN_POINT('',(0.627790283384,10.040503953443));
#4213 = CARTESIAN_POINT('',(0.608814637574,10.084044599762));
#4214 = CARTESIAN_POINT('',(0.589608380177,10.127051675329));
#4215 = CARTESIAN_POINT('',(0.5701563158,10.169438597406));
#4216 = CARTESIAN_POINT('',(0.526592169575,10.261522546892));
#4217 = CARTESIAN_POINT('',(0.502361332763,10.31088164831));
#4218 = CARTESIAN_POINT('',(0.47771869334,10.359022517469));
#4219 = CARTESIAN_POINT('',(0.452636707576,10.405746269477));
#4220 = CARTESIAN_POINT('',(0.427090804804,10.450821046075));
#4221 = CARTESIAN_POINT('',(0.401058950165,10.493983635041));
#4222 = CARTESIAN_POINT('',(0.355224379355,10.564723161131));
#4223 = CARTESIAN_POINT('',(0.335661954196,10.593336251969));
#4224 = CARTESIAN_POINT('',(0.315827603581,10.620667107452));
#4225 = CARTESIAN_POINT('',(0.295718432971,10.646589245975));
#4226 = CARTESIAN_POINT('',(0.275335621484,10.670967275739));
#4227 = CARTESIAN_POINT('',(0.254685061788,10.69366121153));
#4228 = CARTESIAN_POINT('',(0.201765242138,10.746486157429));
#4229 = CARTESIAN_POINT('',(0.169132189956,10.774183568203));
#4230 = CARTESIAN_POINT('',(0.135949496702,10.797081184265));
#4231 = CARTESIAN_POINT('',(0.102309336751,10.814679511881));
#4232 = CARTESIAN_POINT('',(6.832849884865E-02,10.826571868345));
#4233 = CARTESIAN_POINT('',(3.415811146381E-02,10.832514191164));
#4234 = CARTESIAN_POINT('',(2.556771175729E-10,10.832514191188));
#4235 = ( GEOMETRIC_REPRESENTATION_CONTEXT(2) 
PARAMETRIC_REPRESENTATION_CONTEXT() REPRESENTATION_CONTEXT('2D SPACE',''
  ) );
#4236 = PCURVE('',#3292,#4237);
#4237 = DEFINITIONAL_REPRESENTATION('',(#4238),#4313);
#4238 = B_SPLINE_CURVE_WITH_KNOTS('',7,(#4239,#4240,#4241,#4242,#4243,
    #4244,#4245,#4246,#4247,#4248,#4249,#4250,#4251,#4252,#4253,#4254,
    #4255,#4256,#4257,#4258,#4259,#4260,#4261,#4262,#4263,#4264,#4265,
    #4266,#4267,#4268,#4269,#4270,#4271,#4272,#4273,#4274,#4275,#4276,
    #4277,#4278,#4279,#4280,#4281,#4282,#4283,#4284,#4285,#4286,#4287,
    #4288,#4289,#4290,#4291,#4292,#4293,#4294,#4295,#4296,#4297,#4298,
    #4299,#4300,#4301,#4302,#4303,#4304,#4305,#4306,#4307,#4308,#4309,
    #4310,#4311,#4312),.UNSPECIFIED.,.F.,.F.,(8,6,6,6,6,6,6,6,6,6,6,6,8)
  ,(0.,9.204896689905E-02,0.158036579311,0.210818447784,0.278273353727,
    0.424978903678,0.518908845395,0.665271676573,0.803606632795,
    0.847874598977,0.901429535218,0.940371822075,1.),.UNSPECIFIED.);
#4239 = CARTESIAN_POINT('',(0.,-31.62231070293));
#4240 = CARTESIAN_POINT('',(-3.007222987292E-02,-31.62231070293));
#4241 = CARTESIAN_POINT('',(-6.015730306383E-02,-31.60709215056));
#4242 = CARTESIAN_POINT('',(-8.999456846033E-02,-31.57663571166));
#4243 = CARTESIAN_POINT('',(-0.119377804526,-31.53148480095));
#4244 = CARTESIAN_POINT('',(-0.14813791403,-31.47250707355));
#4245 = CARTESIAN_POINT('',(-0.176132995025,-31.40075128736));
#4246 = CARTESIAN_POINT('',(-0.222682274305,-31.25764674161));
#4247 = CARTESIAN_POINT('',(-0.241675138281,-31.19190411466));
#4248 = CARTESIAN_POINT('',(-0.260192702291,-31.12055727161));
#4249 = CARTESIAN_POINT('',(-0.278211720144,-31.04398973963));
#4250 = CARTESIAN_POINT('',(-0.29571536283,-30.96256586551));
#4251 = CARTESIAN_POINT('',(-0.312691899704,-30.87661750758));
#4252 = CARTESIAN_POINT('',(-0.342285767065,-30.71429935056));
#4253 = CARTESIAN_POINT('',(-0.355094942056,-30.63945830571));
#4254 = CARTESIAN_POINT('',(-0.367557816696,-30.56206061389));
#4255 = CARTESIAN_POINT('',(-0.379671019994,-30.48224591314));
#4256 = CARTESIAN_POINT('',(-0.391431577899,-30.40014369875));
#4257 = CARTESIAN_POINT('',(-0.402836897743,-30.31587277932));
#4258 = CARTESIAN_POINT('',(-0.428003843907,-30.11920890435));
#4259 = CARTESIAN_POINT('',(-0.44153832311,-30.0055168945));
#4260 = CARTESIAN_POINT('',(-0.454483584996,-29.88868964116));
#4261 = CARTESIAN_POINT('',(-0.46683384795,-29.76893990598));
#4262 = CARTESIAN_POINT('',(-0.478582736796,-29.64647005566));
#4263 = CARTESIAN_POINT('',(-0.489723865553,-29.52147384296));
#4264 = CARTESIAN_POINT('',(-0.523147467178,-29.11719988274));
#4265 = CARTESIAN_POINT('',(-0.543147659179,-28.82911773793));
#4266 = CARTESIAN_POINT('',(-0.560173302182,-28.53198887706));
#4267 = CARTESIAN_POINT('',(-0.574162710827,-28.22786302065));
#4268 = CARTESIAN_POINT('',(-0.585101336396,-27.918784467));
#4269 = CARTESIAN_POINT('',(-0.593039335654,-27.60681046234));
#4270 = CARTESIAN_POINT('',(-0.601319758975,-27.09372867112));
#4271 = CARTESIAN_POINT('',(-0.603368126155,-26.89306225767));
#4272 = CARTESIAN_POINT('',(-0.604261578895,-26.69249561491));
#4273 = CARTESIAN_POINT('',(-0.60403860028,-26.4924524383));
#4274 = CARTESIAN_POINT('',(-0.602743105135,-26.29329471095));
#4275 = CARTESIAN_POINT('',(-0.600420729343,-26.09532635969));
#4276 = CARTESIAN_POINT('',(-0.591965380608,-25.59256179004));
#4277 = CARTESIAN_POINT('',(-0.58443035127,-25.28990314434));
#4278 = CARTESIAN_POINT('',(-0.574676449682,-24.99157972704));
#4279 = CARTESIAN_POINT('',(-0.562854515996,-24.69818071192));
#4280 = CARTESIAN_POINT('',(-0.549083126682,-24.4101845073));
#4281 = CARTESIAN_POINT('',(-0.533441341524,-24.12798144699));
#4282 = CARTESIAN_POINT('',(-0.499406172611,-23.59099539598));
#4283 = CARTESIAN_POINT('',(-0.481223709678,-23.33576058887));
#4284 = CARTESIAN_POINT('',(-0.46140585742,-23.08637804885));
#4285 = CARTESIAN_POINT('',(-0.439930544455,-22.84334188182));
#4286 = CARTESIAN_POINT('',(-0.416740475817,-22.60746918622));
#4287 = CARTESIAN_POINT('',(-0.391745737526,-22.37987512714));
#4288 = CARTESIAN_POINT('',(-0.356110110539,-22.09253391702));
#4289 = CARTESIAN_POINT('',(-0.347267759673,-22.02390328499));
#4290 = CARTESIAN_POINT('',(-0.338216470013,-21.95636022249));
#4291 = CARTESIAN_POINT('',(-0.328950424008,-21.88997487454));
#4292 = CARTESIAN_POINT('',(-0.319463496912,-21.82482911978));
#4293 = CARTESIAN_POINT('',(-0.309749123997,-21.76101695517));
#4294 = CARTESIAN_POINT('',(-0.287764021493,-21.62318777826));
#4295 = CARTESIAN_POINT('',(-0.275385930652,-21.54984723157));
#4296 = CARTESIAN_POINT('',(-0.262652224755,-21.4788040165));
#4297 = CARTESIAN_POINT('',(-0.24955083458,-21.41028722642));
#4298 = CARTESIAN_POINT('',(-0.23607150288,-21.34457129387));
#4299 = CARTESIAN_POINT('',(-0.222205995074,-21.28197301216));
#4300 = CARTESIAN_POINT('',(-0.197580883474,-21.1798564134));
#4301 = CARTESIAN_POINT('',(-0.187007110818,-21.1387054283));
#4302 = CARTESIAN_POINT('',(-0.176225411022,-21.09953373712));
#4303 = CARTESIAN_POINT('',(-0.165236390377,-21.06249747568));
#4304 = CARTESIAN_POINT('',(-0.154043334353,-21.02776513159));
#4305 = CARTESIAN_POINT('',(-0.142652699525,-20.99551189589));
#4306 = CARTESIAN_POINT('',(-0.113346302789,-20.92059392989));
#4307 = CARTESIAN_POINT('',(-9.516800385515E-02,-20.88147203839));
#4308 = CARTESIAN_POINT('',(-7.659257377721E-02,-20.84923670622));
#4309 = CARTESIAN_POINT('',(-5.768903696047E-02,-20.82451885889));
#4310 = CARTESIAN_POINT('',(-3.854460043056E-02,-20.80783491422));
#4311 = CARTESIAN_POINT('',(-1.926883295433E-02,-20.79949809059));
#4312 = CARTESIAN_POINT('',(0.,-20.79949809054));
#4313 = ( GEOMETRIC_REPRESENTATION_CONTEXT(2) 
PARAMETRIC_REPRESENTATION_CONTEXT() REPRESENTATION_CONTEXT('2D SPACE',''
  ) );
#4314 = ADVANCED_FACE('',(#4315),#1053,.F.);
#4315 = FACE_BOUND('',#4316,.F.);
#4316 = EDGE_LOOP('',(#4317,#4318,#4319));
#4317 = ORIENTED_EDGE('',*,*,#4035,.T.);
#4318 = ORIENTED_EDGE('',*,*,#4058,.T.);
#4319 = ORIENTED_EDGE('',*,*,#1040,.T.);
#4320 = ADVANCED_FACE('',(#4321),#1085,.F.);
#4321 = FACE_BOUND('',#4322,.F.);
#4322 = EDGE_LOOP('',(#4323,#4429,#4450,#4451,#4473,#4474,#4475,#4579,
    #4830));
#4323 = ORIENTED_EDGE('',*,*,#4324,.F.);
#4324 = EDGE_CURVE('',#4325,#4327,#4329,.T.);
#4325 = VERTEX_POINT('',#4326);
#4326 = CARTESIAN_POINT('',(277.50456318415,-1.841447627889E-15,
    -9.536560983717));
#4327 = VERTEX_POINT('',#4328);
#4328 = CARTESIAN_POINT('',(281.4394875,-5.131108640167,-7.995106260882)
  );
#4329 = SURFACE_CURVE('',#4330,(#4361,#4395),.PCURVE_S1.);
#4330 = B_SPLINE_CURVE_WITH_KNOTS('',8,(#4331,#4332,#4333,#4334,#4335,
    #4336,#4337,#4338,#4339,#4340,#4341,#4342,#4343,#4344,#4345,#4346,
    #4347,#4348,#4349,#4350,#4351,#4352,#4353,#4354,#4355,#4356,#4357,
    #4358,#4359,#4360),.UNSPECIFIED.,.F.,.F.,(9,7,7,7,9),(0.,
    0.205868068224,0.304227375348,0.479859391219,1.),.UNSPECIFIED.);
#4331 = CARTESIAN_POINT('',(277.50456318415,-8.881784197001E-16,
    -9.536560983717));
#4332 = CARTESIAN_POINT('',(277.50456318426,-0.224585576212,
    -9.536560983691));
#4333 = CARTESIAN_POINT('',(277.51407742855,-0.449237098214,
    -9.530427987069));
#4334 = CARTESIAN_POINT('',(277.53311409164,-0.672646240868,
    -9.518155914917));
#4335 = CARTESIAN_POINT('',(277.56153670837,-0.893619933061,
    -9.499914618221));
#4336 = CARTESIAN_POINT('',(277.59909836092,-1.111072737908,
    -9.476023401087));
#4337 = CARTESIAN_POINT('',(277.64545987735,-1.324022854255,
    -9.446924800816));
#4338 = CARTESIAN_POINT('',(277.70019204172,-1.531591739482,
    -9.413158624847));
#4339 = CARTESIAN_POINT('',(277.79265629923,-1.829239374528,
    -9.357265529919));
#4340 = CARTESIAN_POINT('',(277.82434544847,-1.924084358554,
    -9.3382655536));
#4341 = CARTESIAN_POINT('',(277.85777546765,-2.017467143021,
    -9.318400587811));
#4342 = CARTESIAN_POINT('',(277.89289004798,-2.109322400285,
    -9.29773702513));
#4343 = CARTESIAN_POINT('',(277.92963085615,-2.199594103899,
    -9.276342547997));
#4344 = CARTESIAN_POINT('',(277.96793802292,-2.288234994787,
    -9.25428529818));
#4345 = CARTESIAN_POINT('',(278.00775063167,-2.375206047428,
    -9.231633046249));
#4346 = CARTESIAN_POINT('',(278.12267563466,-2.612735268323,
    -9.167060543742));
#4347 = CARTESIAN_POINT('',(278.20094636817,-2.759567143311,
    -9.123984846301));
#4348 = CARTESIAN_POINT('',(278.28347292843,-2.900802541129,
    -9.079602578409));
#4349 = CARTESIAN_POINT('',(278.36990757274,-3.036355730712,
    -9.034277601764));
#4350 = CARTESIAN_POINT('',(278.45990865334,-3.166211329888,
    -8.988349094646));
#4351 = CARTESIAN_POINT('',(278.55314749083,-3.290412491964,
    -8.942123933019));
#4352 = CARTESIAN_POINT('',(278.64931476263,-3.409050218833,
    -8.895872688149));
#4353 = CARTESIAN_POINT('',(279.040760686,-3.857510329001,
    -8.713469895173));
#4354 = CARTESIAN_POINT('',(279.35570339482,-4.144093465549,
    -8.579345235898));
#4355 = CARTESIAN_POINT('',(279.68658422621,-4.387285238624,
    -8.452924316779));
#4356 = CARTESIAN_POINT('',(280.0282170714,-4.59241234229,
    -8.337434022579));
#4357 = CARTESIAN_POINT('',(280.37649116722,-4.764943174789,
    -8.234100946465));
#4358 = CARTESIAN_POINT('',(280.72860630747,-4.909613176708,
    -8.14299143196));
#4359 = CARTESIAN_POINT('',(281.08301637487,-5.030549046515,
    -8.063579062392));
#4360 = CARTESIAN_POINT('',(281.4394875,-5.131108640167,-7.995106260883)
  );
#4361 = PCURVE('',#1085,#4362);
#4362 = DEFINITIONAL_REPRESENTATION('',(#4363),#4394);
#4363 = B_SPLINE_CURVE_WITH_KNOTS('',8,(#4364,#4365,#4366,#4367,#4368,
    #4369,#4370,#4371,#4372,#4373,#4374,#4375,#4376,#4377,#4378,#4379,
    #4380,#4381,#4382,#4383,#4384,#4385,#4386,#4387,#4388,#4389,#4390,
    #4391,#4392,#4393),.UNSPECIFIED.,.F.,.F.,(9,7,7,7,9),(0.,
    0.205868068224,0.304227375348,0.479859391219,1.),.UNSPECIFIED.);
#4364 = CARTESIAN_POINT('',(6.283185306791,8.771672651227));
#4365 = CARTESIAN_POINT('',(6.242351565662,8.771672651305));
#4366 = CARTESIAN_POINT('',(6.201505862325,8.775948521615));
#4367 = CARTESIAN_POINT('',(6.160782193135,8.78450347169));
#4368 = CARTESIAN_POINT('',(6.120293711979,8.797323138338));
#4369 = CARTESIAN_POINT('',(6.080141043126,8.814388403621));
#4370 = CARTESIAN_POINT('',(6.040418475464,8.835675263136));
#4371 = CARTESIAN_POINT('',(6.001218038119,8.861141744587));
#4372 = CARTESIAN_POINT('',(5.944195624406,8.904825067946));
#4373 = CARTESIAN_POINT('',(5.925896558388,8.919885360623));
#4374 = CARTESIAN_POINT('',(5.907742444113,8.935875552884));
#4375 = CARTESIAN_POINT('',(5.889740584395,8.952787600499));
#4376 = CARTESIAN_POINT('',(5.871897470715,8.970612540672));
#4377 = CARTESIAN_POINT('',(5.854218853781,8.989340415895));
#4378 = CARTESIAN_POINT('',(5.836709814085,9.008960197804));
#4379 = CARTESIAN_POINT('',(5.78842120075,9.066063983068));
#4380 = CARTESIAN_POINT('',(5.758023228217,9.105472409398));
#4381 = CARTESIAN_POINT('',(5.728204468269,9.14761758689));
#4382 = CARTESIAN_POINT('',(5.698981026344,9.192423363896));
#4383 = CARTESIAN_POINT('',(5.670362653942,9.239804423616));
#4384 = CARTESIAN_POINT('',(5.64235350261,9.28966754448));
#4385 = CARTESIAN_POINT('',(5.61495253788,9.341914537553));
#4386 = CARTESIAN_POINT('',(5.508787621984,9.557946321936));
#4387 = CARTESIAN_POINT('',(5.434941689615,9.739001544388));
#4388 = CARTESIAN_POINT('',(5.366064086684,9.937531179723));
#4389 = CARTESIAN_POINT('',(5.301745760144,10.151137943158));
#4390 = CARTESIAN_POINT('',(5.241521027427,10.377157922505));
#4391 = CARTESIAN_POINT('',(5.184933783323,10.613335520187));
#4392 = CARTESIAN_POINT('',(5.131501132803,10.858102175028));
#4393 = CARTESIAN_POINT('',(5.080722033929,11.110831840428));
#4394 = ( GEOMETRIC_REPRESENTATION_CONTEXT(2) 
PARAMETRIC_REPRESENTATION_CONTEXT() REPRESENTATION_CONTEXT('2D SPACE',''
  ) );
#4395 = PCURVE('',#1507,#4396);
#4396 = DEFINITIONAL_REPRESENTATION('',(#4397),#4428);
#4397 = B_SPLINE_CURVE_WITH_KNOTS('',8,(#4398,#4399,#4400,#4401,#4402,
    #4403,#4404,#4405,#4406,#4407,#4408,#4409,#4410,#4411,#4412,#4413,
    #4414,#4415,#4416,#4417,#4418,#4419,#4420,#4421,#4422,#4423,#4424,
    #4425,#4426,#4427),.UNSPECIFIED.,.F.,.F.,(9,7,7,7,9),(0.,
    0.205868068224,0.304227375348,0.479859391219,1.),.UNSPECIFIED.);
#4398 = CARTESIAN_POINT('',(-6.28318530718,-49.87823818415));
#4399 = CARTESIAN_POINT('',(-6.259635352789,-49.87823818427));
#4400 = CARTESIAN_POINT('',(-6.236078481974,-49.88775242855));
#4401 = CARTESIAN_POINT('',(-6.212631116384,-49.90678909164));
#4402 = CARTESIAN_POINT('',(-6.189397522197,-49.93521170837));
#4403 = CARTESIAN_POINT('',(-6.166472821285,-49.97277336092));
#4404 = CARTESIAN_POINT('',(-6.143944989636,-50.01913487735));
#4405 = CARTESIAN_POINT('',(-6.121895843036,-50.07386704172));
#4406 = CARTESIAN_POINT('',(-6.090131244037,-50.16633129923));
#4407 = CARTESIAN_POINT('',(-6.079986137079,-50.19802044847));
#4408 = CARTESIAN_POINT('',(-6.069972952441,-50.23145046765));
#4409 = CARTESIAN_POINT('',(-6.06009816704,-50.26656504798));
#4410 = CARTESIAN_POINT('',(-6.050367512622,-50.30330585615));
#4411 = CARTESIAN_POINT('',(-6.04078601696,-50.34161302292));
#4412 = CARTESIAN_POINT('',(-6.031358045063,-50.38142563167));
#4413 = CARTESIAN_POINT('',(-6.00553341581,-50.49635063466));
#4414 = CARTESIAN_POINT('',(-5.989481296681,-50.57462136817));
#4415 = CARTESIAN_POINT('',(-5.973951251756,-50.65714792843));
#4416 = CARTESIAN_POINT('',(-5.958956622142,-50.74358257274));
#4417 = CARTESIAN_POINT('',(-5.944504679304,-50.83358365334));
#4418 = CARTESIAN_POINT('',(-5.930597392851,-50.92682249083));
#4419 = CARTESIAN_POINT('',(-5.917232108084,-51.02298976263));
#4420 = CARTESIAN_POINT('',(-5.866405695998,-51.414435686));
#4421 = CARTESIAN_POINT('',(-5.833219066274,-51.72937839482));
#4422 = CARTESIAN_POINT('',(-5.804457908791,-52.06025922621));
#4423 = CARTESIAN_POINT('',(-5.779737543203,-52.40189207141));
#4424 = CARTESIAN_POINT('',(-5.758604776971,-52.75016616722));
#4425 = CARTESIAN_POINT('',(-5.740629198152,-53.10228130747));
#4426 = CARTESIAN_POINT('',(-5.72541093545,-53.45669137487));
#4427 = CARTESIAN_POINT('',(-5.712609539104,-53.8131625));
#4428 = ( GEOMETRIC_REPRESENTATION_CONTEXT(2) 
PARAMETRIC_REPRESENTATION_CONTEXT() REPRESENTATION_CONTEXT('2D SPACE',''
  ) );
#4429 = ORIENTED_EDGE('',*,*,#4430,.T.);
#4430 = EDGE_CURVE('',#4325,#1069,#4431,.T.);
#4431 = SEAM_CURVE('',#4432,(#4436,#4443),.PCURVE_S1.);
#4432 = LINE('',#4433,#4434);
#4433 = CARTESIAN_POINT('',(270.31922960006,-1.347111479062E-15,
    -4.505336243589));
#4434 = VECTOR('',#4435,1.);
#4435 = DIRECTION('',(0.819152044289,0.,-0.573576436351));
#4436 = PCURVE('',#1085,#4437);
#4437 = DEFINITIONAL_REPRESENTATION('',(#4438),#4442);
#4438 = LINE('',#4439,#4440);
#4439 = CARTESIAN_POINT('',(0.,-0.));
#4440 = VECTOR('',#4441,1.);
#4441 = DIRECTION('',(0.,1.));
#4442 = ( GEOMETRIC_REPRESENTATION_CONTEXT(2) 
PARAMETRIC_REPRESENTATION_CONTEXT() REPRESENTATION_CONTEXT('2D SPACE',''
  ) );
#4443 = PCURVE('',#1085,#4444);
#4444 = DEFINITIONAL_REPRESENTATION('',(#4445),#4449);
#4445 = LINE('',#4446,#4447);
#4446 = CARTESIAN_POINT('',(6.28318530718,-0.));
#4447 = VECTOR('',#4448,1.);
#4448 = DIRECTION('',(0.,1.));
#4449 = ( GEOMETRIC_REPRESENTATION_CONTEXT(2) 
PARAMETRIC_REPRESENTATION_CONTEXT() REPRESENTATION_CONTEXT('2D SPACE',''
  ) );
#4450 = ORIENTED_EDGE('',*,*,#1129,.T.);
#4451 = ORIENTED_EDGE('',*,*,#4452,.F.);
#4452 = EDGE_CURVE('',#1067,#1104,#4453,.T.);
#4453 = SURFACE_CURVE('',#4454,(#4459,#4466),.PCURVE_S1.);
#4454 = CIRCLE('',#4455,5.5);
#4455 = AXIS2_PLACEMENT_3D('',#4456,#4457,#4458);
#4456 = CARTESIAN_POINT('',(294.4795956075,0.,-14.70834640971));
#4457 = DIRECTION('',(0.819152044289,0.,-0.573576436351));
#4458 = DIRECTION('',(-0.573576436351,0.,-0.819152044289));
#4459 = PCURVE('',#1085,#4460);
#4460 = DEFINITIONAL_REPRESENTATION('',(#4461),#4465);
#4461 = LINE('',#4462,#4463);
#4462 = CARTESIAN_POINT('',(0.,25.643219416896));
#4463 = VECTOR('',#4464,1.);
#4464 = DIRECTION('',(1.,0.));
#4465 = ( GEOMETRIC_REPRESENTATION_CONTEXT(2) 
PARAMETRIC_REPRESENTATION_CONTEXT() REPRESENTATION_CONTEXT('2D SPACE',''
  ) );
#4466 = PCURVE('',#1118,#4467);
#4467 = DEFINITIONAL_REPRESENTATION('',(#4468),#4472);
#4468 = CIRCLE('',#4469,5.5);
#4469 = AXIS2_PLACEMENT_2D('',#4470,#4471);
#4470 = CARTESIAN_POINT('',(0.,0.));
#4471 = DIRECTION('',(1.,0.));
#4472 = ( GEOMETRIC_REPRESENTATION_CONTEXT(2) 
PARAMETRIC_REPRESENTATION_CONTEXT() REPRESENTATION_CONTEXT('2D SPACE',''
  ) );
#4473 = ORIENTED_EDGE('',*,*,#1066,.T.);
#4474 = ORIENTED_EDGE('',*,*,#4430,.F.);
#4475 = ORIENTED_EDGE('',*,*,#4476,.F.);
#4476 = EDGE_CURVE('',#4477,#4325,#4479,.T.);
#4477 = VERTEX_POINT('',#4478);
#4478 = CARTESIAN_POINT('',(281.4394875,5.131108640167,-7.995106260882)
  );
#4479 = SURFACE_CURVE('',#4480,(#4511,#4545),.PCURVE_S1.);
#4480 = B_SPLINE_CURVE_WITH_KNOTS('',8,(#4481,#4482,#4483,#4484,#4485,
    #4486,#4487,#4488,#4489,#4490,#4491,#4492,#4493,#4494,#4495,#4496,
    #4497,#4498,#4499,#4500,#4501,#4502,#4503,#4504,#4505,#4506,#4507,
    #4508,#4509,#4510),.UNSPECIFIED.,.F.,.F.,(9,7,7,7,9),(0.,
    0.518474416552,0.694331808577,0.794454937984,1.),.UNSPECIFIED.);
#4481 = CARTESIAN_POINT('',(281.4394875,5.131108640167,-7.995106260883)
  );
#4482 = CARTESIAN_POINT('',(281.08415718837,5.030870867202,
    -8.063359929018));
#4483 = CARTESIAN_POINT('',(280.73086961292,4.910385597844,
    -8.142484251272));
#4484 = CARTESIAN_POINT('',(280.37986289801,4.766327748666,
    -8.233228849488));
#4485 = CARTESIAN_POINT('',(280.03266656367,4.594614233806,
    -8.336115007172));
#4486 = CARTESIAN_POINT('',(279.69204541343,4.390559304114,
    -8.451080017406));
#4487 = CARTESIAN_POINT('',(279.36205450736,4.148754033053,
    -8.57692084423));
#4488 = CARTESIAN_POINT('',(279.04781173995,3.863916902419,
    -8.710469676818));
#4489 = CARTESIAN_POINT('',(278.6564916875,3.417811081369,
    -8.892436477788));
#4490 = CARTESIAN_POINT('',(278.56001482202,3.2993827525,-8.938745810783
    ));
#4491 = CARTESIAN_POINT('',(278.46645695883,3.175382364005,
    -8.985043651289));
#4492 = CARTESIAN_POINT('',(278.37612764598,3.045716461831,
    -9.031060070927));
#4493 = CARTESIAN_POINT('',(278.28935607497,2.910339243308,
    -9.07648856084));
#4494 = CARTESIAN_POINT('',(278.20648468934,2.769263291138,
    -9.120989956814));
#4495 = CARTESIAN_POINT('',(278.12786230838,2.622571441796,
    -9.164199993743));
#4496 = CARTESIAN_POINT('',(278.01169086125,2.383809042562,
    -9.229391269029));
#4497 = CARTESIAN_POINT('',(277.97103557047,2.295422836975,
    -9.252500542648));
#4498 = CARTESIAN_POINT('',(277.93193576749,2.205303602349,
    -9.274998192018));
#4499 = CARTESIAN_POINT('',(277.8944557583,2.113492006142,
    -9.296812759602));
#4500 = CARTESIAN_POINT('',(277.85865874764,2.020037536569,
    -9.317872354431));
#4501 = CARTESIAN_POINT('',(277.82460630533,1.924999086642,
    -9.338105557955));
#4502 = CARTESIAN_POINT('',(277.79235783271,1.828445538205,
    -9.357442329894));
#4503 = CARTESIAN_POINT('',(277.69958621162,1.529292092364,
    -9.413532412341));
#4504 = CARTESIAN_POINT('',(277.64502001336,1.322000785725,
    -9.44720088866));
#4505 = CARTESIAN_POINT('',(277.59880134594,1.10935196183,
    -9.476212320646));
#4506 = CARTESIAN_POINT('',(277.5613568918,0.892220886758,
    -9.500030024815));
#4507 = CARTESIAN_POINT('',(277.53302376867,0.671585335027,
    -9.518214143365));
#4508 = CARTESIAN_POINT('',(277.51404734184,0.448525955856,
    -9.530447379842));
#4509 = CARTESIAN_POINT('',(277.50456318425,0.224230227551,
    -9.536560983694));
#4510 = CARTESIAN_POINT('',(277.50456318415,0.,-9.536560983717));
#4511 = PCURVE('',#1085,#4512);
#4512 = DEFINITIONAL_REPRESENTATION('',(#4513),#4544);
#4513 = B_SPLINE_CURVE_WITH_KNOTS('',8,(#4514,#4515,#4516,#4517,#4518,
    #4519,#4520,#4521,#4522,#4523,#4524,#4525,#4526,#4527,#4528,#4529,
    #4530,#4531,#4532,#4533,#4534,#4535,#4536,#4537,#4538,#4539,#4540,
    #4541,#4542,#4543),.UNSPECIFIED.,.F.,.F.,(9,7,7,7,9),(0.,
    0.518474416552,0.694331808577,0.794454937984,1.),.UNSPECIFIED.);
#4514 = CARTESIAN_POINT('',(1.202463273558,11.110831841952));
#4515 = CARTESIAN_POINT('',(1.151846682902,10.858910986526));
#4516 = CARTESIAN_POINT('',(1.098592765123,10.614898593664));
#4517 = CARTESIAN_POINT('',(1.042206037776,10.379419688835));
#4518 = CARTESIAN_POINT('',(0.982208628824,10.154026177477));
#4519 = CARTESIAN_POINT('',(0.918148656247,9.9409468868));
#4520 = CARTESIAN_POINT('',(0.849564586274,9.742813494493));
#4521 = CARTESIAN_POINT('',(0.776049553376,9.562001352643));
#4522 = CARTESIAN_POINT('',(0.670263170933,9.345822600941));
#4523 = CARTESIAN_POINT('',(0.642866834883,9.293355321549));
#4524 = CARTESIAN_POINT('',(0.614860896042,9.243272557026));
#4525 = CARTESIAN_POINT('',(0.586244076715,9.195673049731));
#4526 = CARTESIAN_POINT('',(0.557020287363,9.150650651308));
#4527 = CARTESIAN_POINT('',(0.527199040287,9.108291338467));
#4528 = CARTESIAN_POINT('',(0.496796200575,9.06867191338));
#4529 = CARTESIAN_POINT('',(0.44820758185,9.010902014331));
#4530 = CARTESIAN_POINT('',(0.43039934135,8.990854084584));
#4531 = CARTESIAN_POINT('',(0.412415027853,8.971729522596));
#4532 = CARTESIAN_POINT('',(0.394259957577,8.953540018386));
#4533 = CARTESIAN_POINT('',(0.375940164714,8.936296111272));
#4534 = CARTESIAN_POINT('',(0.357462478244,8.92000727232));
#4535 = CARTESIAN_POINT('',(0.33883459874,8.904681986786));
#4536 = CARTESIAN_POINT('',(0.281532996334,8.860859873326));
#4537 = CARTESIAN_POINT('',(0.242389661354,8.835473305129));
#4538 = CARTESIAN_POINT('',(0.202726529813,8.814253463002));
#4539 = CARTESIAN_POINT('',(0.162635253947,8.79724203573));
#4540 = CARTESIAN_POINT('',(0.122209729887,8.784462881904));
#4541 = CARTESIAN_POINT('',(8.155014661155E-02,8.775934999257));
#4542 = CARTESIAN_POINT('',(4.076913262128E-02,8.771672651295));
#4543 = CARTESIAN_POINT('',(3.392634534931E-10,8.771672651226));
#4544 = ( GEOMETRIC_REPRESENTATION_CONTEXT(2) 
PARAMETRIC_REPRESENTATION_CONTEXT() REPRESENTATION_CONTEXT('2D SPACE',''
  ) );
#4545 = PCURVE('',#1507,#4546);
#4546 = DEFINITIONAL_REPRESENTATION('',(#4547),#4578);
#4547 = B_SPLINE_CURVE_WITH_KNOTS('',8,(#4548,#4549,#4550,#4551,#4552,
    #4553,#4554,#4555,#4556,#4557,#4558,#4559,#4560,#4561,#4562,#4563,
    #4564,#4565,#4566,#4567,#4568,#4569,#4570,#4571,#4572,#4573,#4574,
    #4575,#4576,#4577),.UNSPECIFIED.,.F.,.F.,(9,7,7,7,9),(0.,
    0.518474416552,0.694331808577,0.794454937984,1.),.UNSPECIFIED.);
#4548 = CARTESIAN_POINT('',(-0.570575768075,-53.8131625));
#4549 = CARTESIAN_POINT('',(-0.557815340014,-53.45783218837));
#4550 = CARTESIAN_POINT('',(-0.542653306913,-53.10454461292));
#4551 = CARTESIAN_POINT('',(-0.524752574191,-52.753537898));
#4552 = CARTESIAN_POINT('',(-0.50371748053,-52.40634156367));
#4553 = CARTESIAN_POINT('',(-0.479122018171,-52.06572041343));
#4554 = CARTESIAN_POINT('',(-0.450517502786,-51.73572950736));
#4555 = CARTESIAN_POINT('',(-0.417521593669,-51.42148673995));
#4556 = CARTESIAN_POINT('',(-0.366940994497,-51.0301666875));
#4557 = CARTESIAN_POINT('',(-0.353593871534,-50.93368982202));
#4558 = CARTESIAN_POINT('',(-0.339703566501,-50.84013195883));
#4559 = CARTESIAN_POINT('',(-0.325267207165,-50.74980264598));
#4560 = CARTESIAN_POINT('',(-0.310286538809,-50.66303107497));
#4561 = CARTESIAN_POINT('',(-0.294768605944,-50.58015968934));
#4562 = CARTESIAN_POINT('',(-0.278726522988,-50.50153730838));
#4563 = CARTESIAN_POINT('',(-0.252759881307,-50.38536586125));
#4564 = CARTESIAN_POINT('',(-0.24317614124,-50.34471057047));
#4565 = CARTESIAN_POINT('',(-0.233433011957,-50.30561076749));
#4566 = CARTESIAN_POINT('',(-0.22353505711,-50.2681307583));
#4567 = CARTESIAN_POINT('',(-0.213487550755,-50.23233374764));
#4568 = CARTESIAN_POINT('',(-0.203296522333,-50.19828130533));
#4569 = CARTESIAN_POINT('',(-0.192968801651,-50.16603283271));
#4570 = CARTESIAN_POINT('',(-0.161045187739,-50.07326121162));
#4571 = CARTESIAN_POINT('',(-0.139026407358,-50.01869501336));
#4572 = CARTESIAN_POINT('',(-0.116531076545,-49.97247634594));
#4573 = CARTESIAN_POINT('',(-9.364068718902E-02,-49.93503189181));
#4574 = CARTESIAN_POINT('',(-7.044284617931E-02,-49.90669876866));
#4575 = CARTESIAN_POINT('',(-4.70322550967E-02,-49.88772234183));
#4576 = CARTESIAN_POINT('',(-2.351269267128E-02,-49.87823818425));
#4577 = CARTESIAN_POINT('',(0.,-49.87823818415));
#4578 = ( GEOMETRIC_REPRESENTATION_CONTEXT(2) 
PARAMETRIC_REPRESENTATION_CONTEXT() REPRESENTATION_CONTEXT('2D SPACE',''
  ) );
#4579 = ORIENTED_EDGE('',*,*,#4580,.F.);
#4580 = EDGE_CURVE('',#4581,#4477,#4583,.T.);
#4581 = VERTEX_POINT('',#4582);
#4582 = CARTESIAN_POINT('',(296.4313291296,-2.292711408812E-15,
    -9.360704696276));
#4583 = SURFACE_CURVE('',#4584,(#4664,#4747),.PCURVE_S1.);
#4584 = B_SPLINE_CURVE_WITH_KNOTS('',8,(#4585,#4586,#4587,#4588,#4589,
    #4590,#4591,#4592,#4593,#4594,#4595,#4596,#4597,#4598,#4599,#4600,
    #4601,#4602,#4603,#4604,#4605,#4606,#4607,#4608,#4609,#4610,#4611,
    #4612,#4613,#4614,#4615,#4616,#4617,#4618,#4619,#4620,#4621,#4622,
    #4623,#4624,#4625,#4626,#4627,#4628,#4629,#4630,#4631,#4632,#4633,
    #4634,#4635,#4636,#4637,#4638,#4639,#4640,#4641,#4642,#4643,#4644,
    #4645,#4646,#4647,#4648,#4649,#4650,#4651,#4652,#4653,#4654,#4655,
    #4656,#4657,#4658,#4659,#4660,#4661,#4662,#4663),.UNSPECIFIED.,.F.,
  .F.,(9,7,7,7,7,7,7,7,7,7,7,9),(0.,2.34461334517E-02,4.135589927195E-02
    ,7.272570679037E-02,0.111979487342,0.176052844861,0.237775134993,
    0.381843847141,0.525936486819,0.734249462547,0.957200466717,1.),
  .UNSPECIFIED.);
#4585 = CARTESIAN_POINT('',(296.4313291296,3.367778697655E-16,
    -9.360704696276));
#4586 = CARTESIAN_POINT('',(296.43132912956,7.650104464944E-02,
    -9.360704696271));
#4587 = CARTESIAN_POINT('',(296.42822965781,0.153027865131,
    -9.360018978531));
#4588 = CARTESIAN_POINT('',(296.42202690889,0.229101301079,
    -9.358646684993));
#4589 = CARTESIAN_POINT('',(296.41282329683,0.304333049892,
    -9.356610909762));
#4590 = CARTESIAN_POINT('',(296.40079410938,0.378413066856,
    -9.353951233096));
#4591 = CARTESIAN_POINT('',(296.38615949504,0.451099085511,
    -9.350717407336));
#4592 = CARTESIAN_POINT('',(296.36916178298,0.522208258231,
    -9.346964194811));
#4593 = CARTESIAN_POINT('',(296.33544782032,0.644625430874,
    -9.339526248095));
#4594 = CARTESIAN_POINT('',(296.31960602257,0.696668234286,
    -9.336033105129));
#4595 = CARTESIAN_POINT('',(296.30262342275,0.747710033906,
    -9.332290707707));
#4596 = CARTESIAN_POINT('',(296.28459718294,0.797737384125,
    -9.328321041682));
#4597 = CARTESIAN_POINT('',(296.26561898305,0.846750775411,
    -9.324144860197));
#4598 = CARTESIAN_POINT('',(296.24577305672,0.894762722638,
    -9.319781244046));
#4599 = CARTESIAN_POINT('',(296.22513422734,0.941795853415,
    -9.315247162028));
#4600 = CARTESIAN_POINT('',(296.16633837812,1.068601318486,
    -9.302342044045));
#4601 = CARTESIAN_POINT('',(296.12669139286,1.146375228196,
    -9.293652376946));
#4602 = CARTESIAN_POINT('',(296.08516242513,1.221395832624,
    -9.284564757237));
#4603 = CARTESIAN_POINT('',(296.04203273093,1.293837265845,
    -9.275143194781));
#4604 = CARTESIAN_POINT('',(295.99753376652,1.363864862007,
    -9.265440399872));
#4605 = CARTESIAN_POINT('',(295.95185140601,1.431641968965,
    -9.255498770523));
#4606 = CARTESIAN_POINT('',(295.90512799522,1.497333402484,
    -9.245350949244));
#4607 = CARTESIAN_POINT('',(295.79781695959,1.640905123102,
    -9.222092525259));
#4608 = CARTESIAN_POINT('',(295.73672957609,1.717655400816,
    -9.208885523285));
#4609 = CARTESIAN_POINT('',(295.67442101181,1.791654778217,-9.1954499281
    ));
#4610 = CARTESIAN_POINT('',(295.61106774376,1.86314096345,
    -9.181826576267));
#4611 = CARTESIAN_POINT('',(295.54681110013,1.932313476927,
    -9.168048288559));
#4612 = CARTESIAN_POINT('',(295.48176348747,1.999348881881,
    -9.154141335143));
#4613 = CARTESIAN_POINT('',(295.41601155038,2.064408737245,
    -9.140126233586));
#4614 = CARTESIAN_POINT('',(295.24124023248,2.230852160573,
    -9.10298902512));
#4615 = CARTESIAN_POINT('',(295.13119097394,2.329154738332,
    -9.079720403187));
#4616 = CARTESIAN_POINT('',(295.01976393754,2.42317215835,
    -9.056283087189));
#4617 = CARTESIAN_POINT('',(294.90718061327,2.513356632352,
    -9.032731133253));
#4618 = CARTESIAN_POINT('',(294.7936128374,2.600071746243,-9.00910720596
    ));
#4619 = CARTESIAN_POINT('',(294.67919213284,2.683625108907,
    -8.985444885199));
#4620 = CARTESIAN_POINT('',(294.5640126172,2.76427878874,-8.961769564377
    ));
#4621 = CARTESIAN_POINT('',(294.33651130925,2.91739158097,
    -8.915298657454));
#4622 = CARTESIAN_POINT('',(294.22425697683,2.990031155262,
    -8.892506189117));
#4623 = CARTESIAN_POINT('',(294.11144245076,3.060384084114,
    -8.869741911934));
#4624 = CARTESIAN_POINT('',(293.9981252247,3.128614810533,
    -8.847022597396));
#4625 = CARTESIAN_POINT('',(293.88435298678,3.19486269447,
    -8.824362845898));
#4626 = CARTESIAN_POINT('',(293.77016514377,3.259249083152,
    -8.801775478981));
#4627 = CARTESIAN_POINT('',(293.65559373191,3.321881608046,
    -8.779271799576));
#4628 = CARTESIAN_POINT('',(293.27240050628,3.52517803808,
    -8.704553368439));
#4629 = CARTESIAN_POINT('',(293.00221531587,3.658448828293,
    -8.652761172766));
#4630 = CARTESIAN_POINT('',(292.73042470134,3.783887435361,
    -8.601610660294));
#4631 = CARTESIAN_POINT('',(292.45725545275,3.902320091828,
    -8.551209701386));
#4632 = CARTESIAN_POINT('',(292.18287639666,4.01437787119,
    -8.501656752706));
#4633 = CARTESIAN_POINT('',(291.9074093721,4.120567821444,
    -8.453044573625));
#4634 = CARTESIAN_POINT('',(291.63093157929,4.221290551788,
    -8.40546236683));
#4635 = CARTESIAN_POINT('',(291.0759853452,4.412480437064,
    -8.312528504124));
#4636 = CARTESIAN_POINT('',(290.79754355012,4.502936468035,
    -8.26718173958));
#4637 = CARTESIAN_POINT('',(290.51821586768,4.588569222151,
    -8.223051285516));
#4638 = CARTESIAN_POINT('',(290.23804847745,4.66962257573,
    -8.180232999638));
#4639 = CARTESIAN_POINT('',(289.95707600015,4.746280980906,
    -8.138827713125));
#4640 = CARTESIAN_POINT('',(289.67532267438,4.818682880189,
    -8.098942827735));
#4641 = CARTESIAN_POINT('',(289.39280269781,4.886927263546,
    -8.06069410895));
#4642 = CARTESIAN_POINT('',(288.69998099759,5.043808610586,
    -7.971459681859));
#4643 = CARTESIAN_POINT('',(288.28887994208,5.127971089324,
    -7.922399167986));
#4644 = CARTESIAN_POINT('',(287.87621333307,5.203748357706,
    -7.877403920088));
#4645 = CARTESIAN_POINT('',(287.46197777905,5.271146301777,
    -7.836904958212));
#4646 = CARTESIAN_POINT('',(287.04616974404,5.330014891718,
    -7.801394764981));
#4647 = CARTESIAN_POINT('',(286.628782661,5.380040725154,-7.771441215551
    ));
#4648 = CARTESIAN_POINT('',(286.20980114452,5.420706362185,
    -7.747707208451));
#4649 = CARTESIAN_POINT('',(285.33902752949,5.483870467874,
    -7.713069093941));
#4650 = CARTESIAN_POINT('',(284.88723953685,5.504873331242,
    -7.703193426209));
#4651 = CARTESIAN_POINT('',(284.43357764533,5.513286020855,
    -7.702286499514));
#4652 = CARTESIAN_POINT('',(283.97800579298,5.507743968966,
    -7.711471794122));
#4653 = CARTESIAN_POINT('',(283.52070165059,5.486406549277,
    -7.732071464171));
#4654 = CARTESIAN_POINT('',(283.06206504905,5.446732912309,
    -7.765604926666));
#4655 = CARTESIAN_POINT('',(282.60272206667,5.38530893387,
    -7.813781544249));
#4656 = CARTESIAN_POINT('',(282.05543140442,5.279916943613,
    -7.890767659383));
#4657 = CARTESIAN_POINT('',(281.96730534562,5.261950291667,
    -7.903769926708));
#4658 = CARTESIAN_POINT('',(281.87920426111,5.242954252526,
    -7.917387634143));
#4659 = CARTESIAN_POINT('',(281.79113855652,5.222890471538,
    -7.931632534085));
#4660 = CARTESIAN_POINT('',(281.70312004382,5.201718347362,
    -7.946516092247));
#4661 = CARTESIAN_POINT('',(281.61516197122,5.179394862358,
    -7.962049353753));
#4662 = CARTESIAN_POINT('',(281.52727905313,5.155874412979,
    -7.978242809225));
#4663 = CARTESIAN_POINT('',(281.4394875,5.131108640167,-7.995106260883)
  );
#4664 = PCURVE('',#1085,#4665);
#4665 = DEFINITIONAL_REPRESENTATION('',(#4666),#4746);
#4666 = B_SPLINE_CURVE_WITH_KNOTS('',8,(#4667,#4668,#4669,#4670,#4671,
    #4672,#4673,#4674,#4675,#4676,#4677,#4678,#4679,#4680,#4681,#4682,
    #4683,#4684,#4685,#4686,#4687,#4688,#4689,#4690,#4691,#4692,#4693,
    #4694,#4695,#4696,#4697,#4698,#4699,#4700,#4701,#4702,#4703,#4704,
    #4705,#4706,#4707,#4708,#4709,#4710,#4711,#4712,#4713,#4714,#4715,
    #4716,#4717,#4718,#4719,#4720,#4721,#4722,#4723,#4724,#4725,#4726,
    #4727,#4728,#4729,#4730,#4731,#4732,#4733,#4734,#4735,#4736,#4737,
    #4738,#4739,#4740,#4741,#4742,#4743,#4744,#4745),.UNSPECIFIED.,.F.,
  .F.,(9,7,7,7,7,7,7,7,7,7,7,9),(0.,2.34461334517E-02,4.135589927195E-02
    ,7.272570679037E-02,0.111979487342,0.176052844861,0.237775134993,
    0.381843847141,0.525936486819,0.734249462547,0.957200466717,1.),
  .UNSPECIFIED.);
#4667 = CARTESIAN_POINT('',(3.141592653367,24.174704644556));
#4668 = CARTESIAN_POINT('',(3.127683372521,24.174704644523));
#4669 = CARTESIAN_POINT('',(3.113769407988,24.171772394374));
#4670 = CARTESIAN_POINT('',(3.099933767818,24.16590428467));
#4671 = CARTESIAN_POINT('',(3.086242956672,24.157197454329));
#4672 = CARTESIAN_POINT('',(3.072749735706,24.145818192978));
#4673 = CARTESIAN_POINT('',(3.05949529265,24.131975372477));
#4674 = CARTESIAN_POINT('',(3.046510822086,24.115898907627));
#4675 = CARTESIAN_POINT('',(3.024123261412,24.084015815222));
#4676 = CARTESIAN_POINT('',(3.014594090592,24.069035389713));
#4677 = CARTESIAN_POINT('',(3.00523566573,24.052977507375));
#4678 = CARTESIAN_POINT('',(2.996049974347,24.035934369294));
#4679 = CARTESIAN_POINT('',(2.987036636022,24.01799297876));
#4680 = CARTESIAN_POINT('',(2.978193209201,23.999233280239));
#4681 = CARTESIAN_POINT('',(2.969515497999,23.979726298348));
#4682 = CARTESIAN_POINT('',(2.946078808791,23.924161486685));
#4683 = CARTESIAN_POINT('',(2.931657880945,23.886700389368));
#4684 = CARTESIAN_POINT('',(2.917699754444,23.84746940603));
#4685 = CARTESIAN_POINT('',(2.904173178907,23.806735642641));
#4686 = CARTESIAN_POINT('',(2.891048847858,23.76471893045));
#4687 = CARTESIAN_POINT('',(2.878297921467,23.721595847115));
#4688 = CARTESIAN_POINT('',(2.865891198757,23.677501718481));
#4689 = CARTESIAN_POINT('',(2.838667609625,23.576257180328));
#4690 = CARTESIAN_POINT('',(2.824037024561,23.518642100124));
#4691 = CARTESIAN_POINT('',(2.809854286727,23.459895571514));
#4692 = CARTESIAN_POINT('',(2.796077598393,23.400185578882));
#4693 = CARTESIAN_POINT('',(2.78267206746,23.339646716727));
#4694 = CARTESIAN_POINT('',(2.769606846122,23.278386131062));
#4695 = CARTESIAN_POINT('',(2.756853602198,23.216486565377));
#4696 = CARTESIAN_POINT('',(2.724036170436,23.052021255341));
#4697 = CARTESIAN_POINT('',(2.704455435127,22.948527846992));
#4698 = CARTESIAN_POINT('',(2.685534472197,22.843809070149));
#4699 = CARTESIAN_POINT('',(2.667194460162,22.738077364115));
#4700 = CARTESIAN_POINT('',(2.649372235672,22.631497960316));
#4701 = CARTESIAN_POINT('',(2.632014284168,22.524197856645));
#4702 = CARTESIAN_POINT('',(2.615074740398,22.416268714804));
#4703 = CARTESIAN_POINT('',(2.582557498398,22.20325593613));
#4704 = CARTESIAN_POINT('',(2.566955106743,22.098229347482));
#4705 = CARTESIAN_POINT('',(2.551670110682,21.99276004485));
#4706 = CARTESIAN_POINT('',(2.53667365895,21.886904743993));
#4707 = CARTESIAN_POINT('',(2.521941239285,21.78071088321));
#4708 = CARTESIAN_POINT('',(2.507451396038,21.674218096754));
#4709 = CARTESIAN_POINT('',(2.493184942134,21.567459110268));
#4710 = CARTESIAN_POINT('',(2.446305955016,21.210708864675));
#4711 = CARTESIAN_POINT('',(2.414614286746,20.95967933059));
#4712 = CARTESIAN_POINT('',(2.383829904936,20.70770276442));
#4713 = CARTESIAN_POINT('',(2.353800370201,20.455026813601));
#4714 = CARTESIAN_POINT('',(2.324405174687,20.201846245179));
#4715 = CARTESIAN_POINT('',(2.295542765926,19.948314068439));
#4716 = CARTESIAN_POINT('',(2.267126892991,19.694544686648));
#4717 = CARTESIAN_POINT('',(2.211026826099,19.186654670737));
#4718 = CARTESIAN_POINT('',(2.18334550145,18.932558669473));
#4719 = CARTESIAN_POINT('',(2.155959292844,18.6784346388));
#4720 = CARTESIAN_POINT('',(2.128803272208,18.424375388525));
#4721 = CARTESIAN_POINT('',(2.101819595072,18.170467112672));
#4722 = CARTESIAN_POINT('',(2.074954550678,17.916791269458));
#4723 = CARTESIAN_POINT('',(2.048156572435,17.663425889281));
#4724 = CARTESIAN_POINT('',(1.982657717062,17.044716812523));
#4725 = CARTESIAN_POINT('',(1.943977818634,16.679822587784));
#4726 = CARTESIAN_POINT('',(1.905181886245,16.315977677464));
#4727 = CARTESIAN_POINT('',(1.866122624796,15.953426526335));
#4728 = CARTESIAN_POINT('',(1.82665203804,15.592448714344));
#4729 = CARTESIAN_POINT('',(1.786612625025,15.233364581872));
#4730 = CARTESIAN_POINT('',(1.7458268062,14.876541748911));
#4731 = CARTESIAN_POINT('',(1.659409150838,14.143378155768));
#4732 = CARTESIAN_POINT('',(1.61366188391,13.767630647708));
#4733 = CARTESIAN_POINT('',(1.566565639367,13.395492390071));
#4734 = CARTESIAN_POINT('',(1.517819265678,13.027578244446));
#4735 = CARTESIAN_POINT('',(1.467083250054,12.664792106681));
#4736 = CARTESIAN_POINT('',(1.413943694869,12.308333000858));
#4737 = CARTESIAN_POINT('',(1.3578920966,11.95969423044));
#4738 = CARTESIAN_POINT('',(1.286722726137,11.55553738721));
#4739 = CARTESIAN_POINT('',(1.275127206561,11.490806540142));
#4740 = CARTESIAN_POINT('',(1.263393228089,11.426449152765));
#4741 = CARTESIAN_POINT('',(1.251515756674,11.362480489763));
#4742 = CARTESIAN_POINT('',(1.239489574245,11.298916803398));
#4743 = CARTESIAN_POINT('',(1.227309252693,11.2357752812));
#4744 = CARTESIAN_POINT('',(1.214969127865,11.173073993667));
#4745 = CARTESIAN_POINT('',(1.202463273558,11.110831841953));
#4746 = ( GEOMETRIC_REPRESENTATION_CONTEXT(2) 
PARAMETRIC_REPRESENTATION_CONTEXT() REPRESENTATION_CONTEXT('2D SPACE',''
  ) );
#4747 = PCURVE('',#3292,#4748);
#4748 = DEFINITIONAL_REPRESENTATION('',(#4749),#4829);
#4749 = B_SPLINE_CURVE_WITH_KNOTS('',8,(#4750,#4751,#4752,#4753,#4754,
    #4755,#4756,#4757,#4758,#4759,#4760,#4761,#4762,#4763,#4764,#4765,
    #4766,#4767,#4768,#4769,#4770,#4771,#4772,#4773,#4774,#4775,#4776,
    #4777,#4778,#4779,#4780,#4781,#4782,#4783,#4784,#4785,#4786,#4787,
    #4788,#4789,#4790,#4791,#4792,#4793,#4794,#4795,#4796,#4797,#4798,
    #4799,#4800,#4801,#4802,#4803,#4804,#4805,#4806,#4807,#4808,#4809,
    #4810,#4811,#4812,#4813,#4814,#4815,#4816,#4817,#4818,#4819,#4820,
    #4821,#4822,#4823,#4824,#4825,#4826,#4827,#4828),.UNSPECIFIED.,.F.,
  .F.,(9,7,7,7,7,7,7,7,7,7,7,9),(0.,2.34461334517E-02,4.135589927195E-02
    ,7.272570679037E-02,0.111979487342,0.176052844861,0.237775134993,
    0.381843847141,0.525936486819,0.734249462547,0.957200466717,1.),
  .UNSPECIFIED.);
#4750 = CARTESIAN_POINT('',(0.,-14.9918416296));
#4751 = CARTESIAN_POINT('',(-8.17257323371E-03,-14.99184162956));
#4752 = CARTESIAN_POINT('',(-1.634789970132E-02,-14.98874215781));
#4753 = CARTESIAN_POINT('',(-2.447552383014E-02,-14.98253940889));
#4754 = CARTESIAN_POINT('',(-3.251469408871E-02,-14.97333579683));
#4755 = CARTESIAN_POINT('',(-4.043292925821E-02,-14.96130660938));
#4756 = CARTESIAN_POINT('',(-4.820484972118E-02,-14.94667199504));
#4757 = CARTESIAN_POINT('',(-5.581127376772E-02,-14.92967428298));
#4758 = CARTESIAN_POINT('',(-6.891206432354E-02,-14.89596032032));
#4759 = CARTESIAN_POINT('',(-7.448360618903E-02,-14.88011852257));
#4760 = CARTESIAN_POINT('',(-7.995018575362E-02,-14.86313592275));
#4761 = CARTESIAN_POINT('',(-8.531043915023E-02,-14.84510968294));
#4762 = CARTESIAN_POINT('',(-9.056446069256E-02,-14.82613148305));
#4763 = CARTESIAN_POINT('',(-9.571360616107E-02,-14.80628555672));
#4764 = CARTESIAN_POINT('',(-0.100760296089,-14.78564672734));
#4765 = CARTESIAN_POINT('',(-0.114373641065,-14.72685087812));
#4766 = CARTESIAN_POINT('',(-0.122731140719,-14.68720389286));
#4767 = CARTESIAN_POINT('',(-0.130800922374,-14.64567492513));
#4768 = CARTESIAN_POINT('',(-0.13860144917,-14.60254523093));
#4769 = CARTESIAN_POINT('',(-0.146150182588,-14.55804626652));
#4770 = CARTESIAN_POINT('',(-0.153464354198,-14.51236390601));
#4771 = CARTESIAN_POINT('',(-0.16056136963,-14.46564049522));
#4772 = CARTESIAN_POINT('',(-0.176089818123,-14.35832945959));
#4773 = CARTESIAN_POINT('',(-0.184403584284,-14.29724207609));
#4774 = CARTESIAN_POINT('',(-0.192431651557,-14.23493351181));
#4775 = CARTESIAN_POINT('',(-0.200199034841,-14.17158024376));
#4776 = CARTESIAN_POINT('',(-0.207726679271,-14.10732360013));
#4777 = CARTESIAN_POINT('',(-0.215033103223,-14.04227598747));
#4778 = CARTESIAN_POINT('',(-0.22213526066,-13.97652405038));
#4779 = CARTESIAN_POINT('',(-0.240333200191,-13.80175273248));
#4780 = CARTESIAN_POINT('',(-0.25111060176,-13.69170347394));
#4781 = CARTESIAN_POINT('',(-0.261446301055,-13.58027643754));
#4782 = CARTESIAN_POINT('',(-0.271387491045,-13.46769311327));
#4783 = CARTESIAN_POINT('',(-0.280971986375,-13.3541253374));
#4784 = CARTESIAN_POINT('',(-0.290231718935,-13.23970463284));
#4785 = CARTESIAN_POINT('',(-0.29919386137,-13.1245251172));
#4786 = CARTESIAN_POINT('',(-0.316252545371,-12.89702380925));
#4787 = CARTESIAN_POINT('',(-0.324367486211,-12.78476947683));
#4788 = CARTESIAN_POINT('',(-0.332248047016,-12.67195495076));
#4789 = CARTESIAN_POINT('',(-0.339911146839,-12.5586377247));
#4790 = CARTESIAN_POINT('',(-0.347371059969,-12.44486548678));
#4791 = CARTESIAN_POINT('',(-0.354640168248,-12.33067764377));
#4792 = CARTESIAN_POINT('',(-0.361729418153,-12.21610623191));
#4793 = CARTESIAN_POINT('',(-0.384798575443,-11.83291300628));
#4794 = CARTESIAN_POINT('',(-0.400019631194,-11.56272781587));
#4795 = CARTESIAN_POINT('',(-0.414435256741,-11.29093720134));
#4796 = CARTESIAN_POINT('',(-0.428127510366,-11.01776795275));
#4797 = CARTESIAN_POINT('',(-0.441157857362,-10.74338889666));
#4798 = CARTESIAN_POINT('',(-0.453574675605,-10.4679218721));
#4799 = CARTESIAN_POINT('',(-0.465415073644,-10.19144407929));
#4800 = CARTESIAN_POINT('',(-0.488004369776,-9.636497845207));
#4801 = CARTESIAN_POINT('',(-0.498751974794,-9.358056050125));
#4802 = CARTESIAN_POINT('',(-0.508980400815,-9.078728367686));
#4803 = CARTESIAN_POINT('',(-0.518709848211,-8.798560977455));
#4804 = CARTESIAN_POINT('',(-0.527954018968,-8.517588500156));
#4805 = CARTESIAN_POINT('',(-0.536721491856,-8.235835174388));
#4806 = CARTESIAN_POINT('',(-0.545016369637,-7.953315197815));
#4807 = CARTESIAN_POINT('',(-0.564146120819,-7.26049349759));
#4808 = CARTESIAN_POINT('',(-0.574464478613,-6.849392442086));
#4809 = CARTESIAN_POINT('',(-0.583792858786,-6.436725833079));
#4810 = CARTESIAN_POINT('',(-0.592109983006,-6.02249027905));
#4811 = CARTESIAN_POINT('',(-0.599376072477,-5.606682244048));
#4812 = CARTESIAN_POINT('',(-0.60553189799,-5.189295161006));
#4813 = CARTESIAN_POINT('',(-0.610494515034,-4.770313644521));
#4814 = CARTESIAN_POINT('',(-0.618061699461,-3.899540029495));
#4815 = CARTESIAN_POINT('',(-0.620473901105,-3.447752036858));
#4816 = CARTESIAN_POINT('',(-0.621250803298,-2.994090145332));
#4817 = CARTESIAN_POINT('',(-0.620208776087,-2.53851829299));
#4818 = CARTESIAN_POINT('',(-0.617112165027,-2.08121415059));
#4819 = CARTESIAN_POINT('',(-0.611653221064,-1.622577549053));
#4820 = CARTESIAN_POINT('',(-0.603440534806,-1.163234566671));
#4821 = CARTESIAN_POINT('',(-0.589703017392,-0.615943904428));
#4822 = CARTESIAN_POINT('',(-0.587368721496,-0.527817845623));
#4823 = CARTESIAN_POINT('',(-0.584908731743,-0.439716761115));
#4824 = CARTESIAN_POINT('',(-0.58231902494,-0.351651056525));
#4825 = CARTESIAN_POINT('',(-0.579595390211,-0.263632543821));
#4826 = CARTESIAN_POINT('',(-0.576733418218,-0.175674471228));
#4827 = CARTESIAN_POINT('',(-0.573728490378,-8.779155313351E-02));
#4828 = CARTESIAN_POINT('',(-0.570575768075,0.));
#4829 = ( GEOMETRIC_REPRESENTATION_CONTEXT(2) 
PARAMETRIC_REPRESENTATION_CONTEXT() REPRESENTATION_CONTEXT('2D SPACE',''
  ) );
#4830 = ORIENTED_EDGE('',*,*,#4831,.F.);
#4831 = EDGE_CURVE('',#4327,#4581,#4832,.T.);
#4832 = SURFACE_CURVE('',#4833,(#4892,#4954),.PCURVE_S1.);
#4833 = B_SPLINE_CURVE_WITH_KNOTS('',8,(#4834,#4835,#4836,#4837,#4838,
    #4839,#4840,#4841,#4842,#4843,#4844,#4845,#4846,#4847,#4848,#4849,
    #4850,#4851,#4852,#4853,#4854,#4855,#4856,#4857,#4858,#4859,#4860,
    #4861,#4862,#4863,#4864,#4865,#4866,#4867,#4868,#4869,#4870,#4871,
    #4872,#4873,#4874,#4875,#4876,#4877,#4878,#4879,#4880,#4881,#4882,
    #4883,#4884,#4885,#4886,#4887,#4888,#4889,#4890,#4891),
  .UNSPECIFIED.,.F.,.F.,(9,7,7,7,7,7,7,7,9),(0.,0.155570289601,
    0.300481266397,0.473552149718,0.643541007486,0.815629230149,
    0.913644546403,0.965947027235,1.),.UNSPECIFIED.);
#4834 = CARTESIAN_POINT('',(281.4394875,-5.131108640167,-7.995106260883)
  );
#4835 = CARTESIAN_POINT('',(281.75864637151,-5.221142542302,
    -7.933800588425));
#4836 = CARTESIAN_POINT('',(282.07892820932,-5.294694249351,
    -7.881365960363));
#4837 = CARTESIAN_POINT('',(282.39968177505,-5.354138246358,
    -7.837299002818));
#4838 = CARTESIAN_POINT('',(282.72041570495,-5.401294965672,
    -7.801013642628));
#4839 = CARTESIAN_POINT('',(283.04077684259,-5.437621788602,
    -7.771912699246));
#4840 = CARTESIAN_POINT('',(283.3605400971,-5.464304631104,
    -7.749424116401));
#4841 = CARTESIAN_POINT('',(283.67960392862,-5.482301091862,
    -7.733017184614));
#4842 = CARTESIAN_POINT('',(284.29455242987,-5.501780186233,
    -7.712151228453));
#4843 = CARTESIAN_POINT('',(284.59044840583,-5.504307372526,
    -7.706953252068));
#4844 = CARTESIAN_POINT('',(284.88562673108,-5.500596638076,
    -7.706231402975));
#4845 = CARTESIAN_POINT('',(285.18005227684,-5.491143453257,
    -7.709634315316));
#4846 = CARTESIAN_POINT('',(285.473702277,-5.476342427512,
    -7.716844907043));
#4847 = CARTESIAN_POINT('',(285.76656698588,-5.456510501194,
    -7.727577438397));
#4848 = CARTESIAN_POINT('',(286.05865026138,-5.431900722408,
    -7.741574752759));
#4849 = CARTESIAN_POINT('',(286.69790077071,-5.367839332869,
    -7.778946195273));
#4850 = CARTESIAN_POINT('',(287.04471762629,-5.326435710027,
    -7.803612431221));
#4851 = CARTESIAN_POINT('',(287.3904394987,-5.278829117139,
    -7.832209024001));
#4852 = CARTESIAN_POINT('',(287.73507643801,-5.225241836225,
    -7.864390424132));
#4853 = CARTESIAN_POINT('',(288.07863275105,-5.165807124816,
    -7.899851928693));
#4854 = CARTESIAN_POINT('',(288.42110907938,-5.100581008099,
    -7.938322484158));
#4855 = CARTESIAN_POINT('',(288.76250348968,-5.029543792917,
    -7.979559279706));
#4856 = CARTESIAN_POINT('',(289.43705949832,-4.877009175001,
    -8.066349266986));
#4857 = CARTESIAN_POINT('',(289.77024063885,-4.795724942044,
    -8.111810069611));
#4858 = CARTESIAN_POINT('',(290.10235370665,-4.708640088711,
    -8.159519546286));
#4859 = CARTESIAN_POINT('',(290.43337536388,-4.615583648257,
    -8.209290987677));
#4860 = CARTESIAN_POINT('',(290.76326015636,-4.516302853,-8.260952685942
    ));
#4861 = CARTESIAN_POINT('',(291.09194022447,-4.410453646759,
    -8.314344164551));
#4862 = CARTESIAN_POINT('',(291.4193224018,-4.297569662329,
    -8.369312821345));
#4863 = CARTESIAN_POINT('',(292.07526379757,-4.054917688399,
    -8.482803456176));
#4864 = CARTESIAN_POINT('',(292.40365428027,-3.925006820718,
    -8.541337855665));
#4865 = CARTESIAN_POINT('',(292.73044412274,-3.78653982915,
    -8.601177739715));
#4866 = CARTESIAN_POINT('',(293.05547606423,-3.638591118387,
    -8.662175599309));
#4867 = CARTESIAN_POINT('',(293.37845403696,-3.480055028089,
    -8.724165934056));
#4868 = CARTESIAN_POINT('',(293.69887542035,-3.30930633706,
    -8.786944901064));
#4869 = CARTESIAN_POINT('',(294.01605964122,-3.124326912925,
    -8.850272618201));
#4870 = CARTESIAN_POINT('',(294.50700877422,-2.805398188683,
    -8.949988042388));
#4871 = CARTESIAN_POINT('',(294.68349257945,-2.683914844092,
    -8.986188351537));
#4872 = CARTESIAN_POINT('',(294.85829948002,-2.555850717849,
    -9.022380930768));
#4873 = CARTESIAN_POINT('',(295.03116826806,-2.420216014353,
    -9.058491578876));
#4874 = CARTESIAN_POINT('',(295.20161650525,-2.275937127601,
    -9.094398930758));
#4875 = CARTESIAN_POINT('',(295.36878939768,-2.121433809742,
    -9.129897837604));
#4876 = CARTESIAN_POINT('',(295.53156743169,-1.954913794092,
    -9.164720598727));
#4877 = CARTESIAN_POINT('',(295.77139081248,-1.675116679669,
    -9.216366388209));
#4878 = CARTESIAN_POINT('',(295.85278130419,-1.573500202736,
    -9.233959650685));
#4879 = CARTESIAN_POINT('',(295.93199230972,-1.466873346743,
    -9.251142881016));
#4880 = CARTESIAN_POINT('',(296.00861243793,-1.354527132723,
    -9.267820773381));
#4881 = CARTESIAN_POINT('',(296.08191296766,-1.235753215076,
    -9.283827587957));
#4882 = CARTESIAN_POINT('',(296.15085600711,-1.109853850692,
    -9.298927252193));
#4883 = CARTESIAN_POINT('',(296.21406216974,-0.976086711636,
    -9.31280540228));
#4884 = CARTESIAN_POINT('',(296.30585652071,-0.740550784749,
    -9.333000270655));
#4885 = CARTESIAN_POINT('',(296.33883872921,-0.643875805102,
    -9.340267966882));
#4886 = CARTESIAN_POINT('',(296.36796682447,-0.543419825024,
    -9.346695634506));
#4887 = CARTESIAN_POINT('',(296.39250321812,-0.439378194261,
    -9.352116768697));
#4888 = CARTESIAN_POINT('',(296.41167592089,-0.332160071223,
    -9.356356643046));
#4889 = CARTESIAN_POINT('',(296.42477790447,-0.222436381416,
    -9.35925532043));
#4890 = CARTESIAN_POINT('',(296.43132912951,-0.11122064797,
    -9.360704696264));
#4891 = CARTESIAN_POINT('',(296.4313291296,0.,-9.360704696276));
#4892 = PCURVE('',#1085,#4893);
#4893 = DEFINITIONAL_REPRESENTATION('',(#4894),#4953);
#4894 = B_SPLINE_CURVE_WITH_KNOTS('',8,(#4895,#4896,#4897,#4898,#4899,
    #4900,#4901,#4902,#4903,#4904,#4905,#4906,#4907,#4908,#4909,#4910,
    #4911,#4912,#4913,#4914,#4915,#4916,#4917,#4918,#4919,#4920,#4921,
    #4922,#4923,#4924,#4925,#4926,#4927,#4928,#4929,#4930,#4931,#4932,
    #4933,#4934,#4935,#4936,#4937,#4938,#4939,#4940,#4941,#4942,#4943,
    #4944,#4945,#4946,#4947,#4948,#4949,#4950,#4951,#4952),
  .UNSPECIFIED.,.F.,.F.,(9,7,7,7,7,7,7,7,9),(0.,0.155570289601,
    0.300481266397,0.473552149718,0.643541007486,0.815629230149,
    0.913644546403,0.965947027235,1.),.UNSPECIFIED.);
#4895 = CARTESIAN_POINT('',(5.080722033621,11.110831841954));
#4896 = CARTESIAN_POINT('',(5.035258043004,11.33710799487));
#4897 = CARTESIAN_POINT('',(4.991996385926,11.569392249958));
#4898 = CARTESIAN_POINT('',(4.950632068649,11.806862420566));
#4899 = CARTESIAN_POINT('',(4.910926662648,12.048779847329));
#4900 = CARTESIAN_POINT('',(4.872679248675,12.294512712735));
#4901 = CARTESIAN_POINT('',(4.835713755693,12.543548515154));
#4902 = CARTESIAN_POINT('',(4.799873441519,12.795499675531));
#4903 = CARTESIAN_POINT('',(4.732541620515,13.287267776692));
#4904 = CARTESIAN_POINT('',(4.700929046548,13.526670133526));
#4905 = CARTESIAN_POINT('',(4.670064553055,13.768052026447));
#4906 = CARTESIAN_POINT('',(4.639853939018,14.011183144484));
#4907 = CARTESIAN_POINT('',(4.61021496971,14.255862967928));
#4908 = CARTESIAN_POINT('',(4.581073720018,14.501919619996));
#4909 = CARTESIAN_POINT('',(4.552362080786,14.749208761916));
#4910 = CARTESIAN_POINT('',(4.490162490864,15.294287502265));
#4911 = CARTESIAN_POINT('',(4.45683294322,15.592531210215));
#4912 = CARTESIAN_POINT('',(4.423920393053,15.892132320538));
#4913 = CARTESIAN_POINT('',(4.391329115454,16.192900866709));
#4914 = CARTESIAN_POINT('',(4.358970830578,16.494665606282));
#4915 = CARTESIAN_POINT('',(4.326760842761,16.797271594861));
#4916 = CARTESIAN_POINT('',(4.294614541022,17.100577978207));
#4917 = CARTESIAN_POINT('',(4.230846865337,17.702922603281));
#4918 = CARTESIAN_POINT('',(4.199228095395,18.001923860834));
#4919 = CARTESIAN_POINT('',(4.167504407438,18.301339990865));
#4920 = CARTESIAN_POINT('',(4.135591199587,18.601044784078));
#4921 = CARTESIAN_POINT('',(4.103398444734,18.900902518998));
#4922 = CARTESIAN_POINT('',(4.070827295108,19.200765562747));
#4923 = CARTESIAN_POINT('',(4.037763520289,19.500470068839));
#4924 = CARTESIAN_POINT('',(3.969947566628,20.102881358005));
#4925 = CARTESIAN_POINT('',(3.935193197561,20.4054570455));
#4926 = CARTESIAN_POINT('',(3.899641057755,20.707470360453));
#4927 = CARTESIAN_POINT('',(3.863105921776,21.008707874718));
#4928 = CARTESIAN_POINT('',(3.825379260733,21.308832136632));
#4929 = CARTESIAN_POINT('',(3.786167002966,21.607314504039));
#4930 = CARTESIAN_POINT('',(3.745111175546,21.903459893299));
#4931 = CARTESIAN_POINT('',(3.67667372926,22.362816296898));
#4932 = CARTESIAN_POINT('',(3.65104704645,22.528147011049));
#4933 = CARTESIAN_POINT('',(3.624475788086,22.692099651624));
#4934 = CARTESIAN_POINT('',(3.596785238843,22.854417689607));
#4935 = CARTESIAN_POINT('',(3.567790356301,23.014636322468));
#4936 = CARTESIAN_POINT('',(3.537217690819,23.171937675535));
#4937 = CARTESIAN_POINT('',(3.504757307186,23.325251150092));
#4938 = CARTESIAN_POINT('',(3.451018042953,23.551325770612));
#4939 = CARTESIAN_POINT('',(3.431637087429,23.628088039077));
#4940 = CARTESIAN_POINT('',(3.41143727598,23.70282979221));
#4941 = CARTESIAN_POINT('',(3.390293072151,23.775159372931));
#4942 = CARTESIAN_POINT('',(3.368080704029,23.844384783371));
#4943 = CARTESIAN_POINT('',(3.34467805851,23.909520426683));
#4944 = CARTESIAN_POINT('',(3.319951981065,23.969256063883));
#4945 = CARTESIAN_POINT('',(3.276626959167,24.05603289477));
#4946 = CARTESIAN_POINT('',(3.258895478017,24.087218917575));
#4947 = CARTESIAN_POINT('',(3.240518835448,24.114766015088));
#4948 = CARTESIAN_POINT('',(3.221529998199,24.137974486895));
#4949 = CARTESIAN_POINT('',(3.201997998035,24.15611173756));
#4950 = CARTESIAN_POINT('',(3.182035629522,24.168506867309));
#4951 = CARTESIAN_POINT('',(3.161814589972,24.174704644467));
#4952 = CARTESIAN_POINT('',(3.141592653977,24.174704644549));
#4953 = ( GEOMETRIC_REPRESENTATION_CONTEXT(2) 
PARAMETRIC_REPRESENTATION_CONTEXT() REPRESENTATION_CONTEXT('2D SPACE',''
  ) );
#4954 = PCURVE('',#3292,#4955);
#4955 = DEFINITIONAL_REPRESENTATION('',(#4956),#5015);
#4956 = B_SPLINE_CURVE_WITH_KNOTS('',8,(#4957,#4958,#4959,#4960,#4961,
    #4962,#4963,#4964,#4965,#4966,#4967,#4968,#4969,#4970,#4971,#4972,
    #4973,#4974,#4975,#4976,#4977,#4978,#4979,#4980,#4981,#4982,#4983,
    #4984,#4985,#4986,#4987,#4988,#4989,#4990,#4991,#4992,#4993,#4994,
    #4995,#4996,#4997,#4998,#4999,#5000,#5001,#5002,#5003,#5004,#5005,
    #5006,#5007,#5008,#5009,#5010,#5011,#5012,#5013,#5014),
  .UNSPECIFIED.,.F.,.F.,(9,7,7,7,7,7,7,7,9),(0.,0.155570289601,
    0.300481266397,0.473552149718,0.643541007486,0.815629230149,
    0.913644546403,0.965947027235,1.),.UNSPECIFIED.);
#4957 = CARTESIAN_POINT('',(-5.712609539104,0.));
#4958 = CARTESIAN_POINT('',(-5.701148080043,-0.319158871513));
#4959 = CARTESIAN_POINT('',(-5.691642926453,-0.639440709329));
#4960 = CARTESIAN_POINT('',(-5.683855247916,-0.960194275051));
#4961 = CARTESIAN_POINT('',(-5.677593313292,-1.280928204955));
#4962 = CARTESIAN_POINT('',(-5.672696796949,-1.601289342594));
#4963 = CARTESIAN_POINT('',(-5.669030178175,-1.921052597108));
#4964 = CARTESIAN_POINT('',(-5.666480176659,-2.240116428622));
#4965 = CARTESIAN_POINT('',(-5.663528852791,-2.855064929879));
#4966 = CARTESIAN_POINT('',(-5.662992656369,-3.150960905839));
#4967 = CARTESIAN_POINT('',(-5.663266752067,-3.446139231081));
#4968 = CARTESIAN_POINT('',(-5.664287932441,-3.740564776844));
#4969 = CARTESIAN_POINT('',(-5.666003634628,-4.034214777006));
#4970 = CARTESIAN_POINT('',(-5.668369810008,-4.327079485888));
#4971 = CARTESIAN_POINT('',(-5.671349637044,-4.619162761389));
#4972 = CARTESIAN_POINT('',(-5.679168985133,-5.258413270719));
#4973 = CARTESIAN_POINT('',(-5.684257034236,-5.605230126292));
#4974 = CARTESIAN_POINT('',(-5.690125618774,-5.950951998708));
#4975 = CARTESIAN_POINT('',(-5.696735877723,-6.295588938011));
#4976 = CARTESIAN_POINT('',(-5.704059380264,-6.639145251055));
#4977 = CARTESIAN_POINT('',(-5.712076851214,-6.981621579384));
#4978 = CARTESIAN_POINT('',(-5.72077793651,-7.323015989687));
#4979 = CARTESIAN_POINT('',(-5.739378970575,-7.99757199832));
#4980 = CARTESIAN_POINT('',(-5.749254281043,-8.33075313886));
#4981 = CARTESIAN_POINT('',(-5.759787329109,-8.66286620665));
#4982 = CARTESIAN_POINT('',(-5.770985850008,-8.993887863888));
#4983 = CARTESIAN_POINT('',(-5.782866791623,-9.323772656362));
#4984 = CARTESIAN_POINT('',(-5.795457213194,-9.652452724478));
#4985 = CARTESIAN_POINT('',(-5.808797470833,-9.979834901801));
#4986 = CARTESIAN_POINT('',(-5.837275188684,-10.63577629757));
#4987 = CARTESIAN_POINT('',(-5.852427117452,-10.96416678027));
#4988 = CARTESIAN_POINT('',(-5.868471928115,-11.29095662273));
#4989 = CARTESIAN_POINT('',(-5.885498864128,-11.61598856424));
#4990 = CARTESIAN_POINT('',(-5.903615847841,-11.93896653695));
#4991 = CARTESIAN_POINT('',(-5.922985442761,-12.25938792035));
#4992 = CARTESIAN_POINT('',(-5.943811312784,-12.57657214122));
#4993 = CARTESIAN_POINT('',(-5.979431145275,-13.06752127422));
#4994 = CARTESIAN_POINT('',(-5.99294516873,-13.24400507945));
#4995 = CARTESIAN_POINT('',(-6.007134383948,-13.41881198001));
#4996 = CARTESIAN_POINT('',(-6.022101807181,-13.59168076808));
#4997 = CARTESIAN_POINT('',(-6.037958595953,-13.76212900524));
#4998 = CARTESIAN_POINT('',(-6.054869316602,-13.92930189768));
#4999 = CARTESIAN_POINT('',(-6.073020711002,-14.09207993169));
#5000 = CARTESIAN_POINT('',(-6.103392906224,-14.33190331248));
#5001 = CARTESIAN_POINT('',(-6.114401950761,-14.41329380419));
#5002 = CARTESIAN_POINT('',(-6.125931787202,-14.49250480972));
#5003 = CARTESIAN_POINT('',(-6.13805727104,-14.56912493793));
#5004 = CARTESIAN_POINT('',(-6.150852888371,-14.64242546766));
#5005 = CARTESIAN_POINT('',(-6.16439201615,-14.71136850711));
#5006 = CARTESIAN_POINT('',(-6.178753315997,-14.77457466974));
#5007 = CARTESIAN_POINT('',(-6.204003618816,-14.86636902071));
#5008 = CARTESIAN_POINT('',(-6.214358633495,-14.89935122921));
#5009 = CARTESIAN_POINT('',(-6.225110166314,-14.92847932447));
#5010 = CARTESIAN_POINT('',(-6.236237738471,-14.95301571812));
#5011 = CARTESIAN_POINT('',(-6.247698544695,-14.97218842089));
#5012 = CARTESIAN_POINT('',(-6.259422525636,-14.98529040447));
#5013 = CARTESIAN_POINT('',(-6.271303653866,-14.99184162951));
#5014 = CARTESIAN_POINT('',(-6.28318530718,-14.9918416296));
#5015 = ( GEOMETRIC_REPRESENTATION_CONTEXT(2) 
PARAMETRIC_REPRESENTATION_CONTEXT() REPRESENTATION_CONTEXT('2D SPACE',''
  ) );
#5016 = ADVANCED_FACE('',(#5017),#1118,.F.);
#5017 = FACE_BOUND('',#5018,.F.);
#5018 = EDGE_LOOP('',(#5019,#5020));
#5019 = ORIENTED_EDGE('',*,*,#1103,.T.);
#5020 = ORIENTED_EDGE('',*,*,#4452,.T.);
#5021 = ADVANCED_FACE('',(#5022,#5025),#1246,.F.);
#5022 = FACE_BOUND('',#5023,.F.);
#5023 = EDGE_LOOP('',(#5024));
#5024 = ORIENTED_EDGE('',*,*,#1231,.T.);
#5025 = FACE_BOUND('',#5026,.F.);
#5026 = EDGE_LOOP('',(#5027));
#5027 = ORIENTED_EDGE('',*,*,#1414,.F.);
#5028 = ADVANCED_FACE('',(#5029),#1299,.F.);
#5029 = FACE_BOUND('',#5030,.F.);
#5030 = EDGE_LOOP('',(#5031,#5052,#5053,#5054,#5055,#5078,#5099,#5100));
#5031 = ORIENTED_EDGE('',*,*,#5032,.T.);
#5032 = EDGE_CURVE('',#1528,#1263,#5033,.T.);
#5033 = SEAM_CURVE('',#5034,(#5038,#5045),.PCURVE_S1.);
#5034 = LINE('',#5035,#5036);
#5035 = CARTESIAN_POINT('',(442.878975,-1.959434878636E-15,-8.));
#5036 = VECTOR('',#5037,1.);
#5037 = DIRECTION('',(0.999956837672,2.275640166177E-18,
    9.291006058896E-03));
#5038 = PCURVE('',#1299,#5039);
#5039 = DEFINITIONAL_REPRESENTATION('',(#5040),#5044);
#5040 = LINE('',#5041,#5042);
#5041 = CARTESIAN_POINT('',(-6.28318530718,0.));
#5042 = VECTOR('',#5043,1.);
#5043 = DIRECTION('',(-0.,-1.));
#5044 = ( GEOMETRIC_REPRESENTATION_CONTEXT(2) 
PARAMETRIC_REPRESENTATION_CONTEXT() REPRESENTATION_CONTEXT('2D SPACE',''
  ) );
#5045 = PCURVE('',#1299,#5046);
#5046 = DEFINITIONAL_REPRESENTATION('',(#5047),#5051);
#5047 = LINE('',#5048,#5049);
#5048 = CARTESIAN_POINT('',(0.,-0.));
#5049 = VECTOR('',#5050,1.);
#5050 = DIRECTION('',(-0.,-1.));
#5051 = ( GEOMETRIC_REPRESENTATION_CONTEXT(2) 
PARAMETRIC_REPRESENTATION_CONTEXT() REPRESENTATION_CONTEXT('2D SPACE',''
  ) );
#5052 = ORIENTED_EDGE('',*,*,#1285,.F.);
#5053 = ORIENTED_EDGE('',*,*,#5032,.F.);
#5054 = ORIENTED_EDGE('',*,*,#1850,.T.);
#5055 = ORIENTED_EDGE('',*,*,#5056,.F.);
#5056 = EDGE_CURVE('',#5057,#1526,#5059,.T.);
#5057 = VERTEX_POINT('',#5058);
#5058 = CARTESIAN_POINT('',(442.878975,-1.959434878636E-15,-8.));
#5059 = SEAM_CURVE('',#5060,(#5064,#5071),.PCURVE_S1.);
#5060 = LINE('',#5061,#5062);
#5061 = CARTESIAN_POINT('',(442.878975,-1.959434878636E-15,-8.));
#5062 = VECTOR('',#5063,1.);
#5063 = DIRECTION('',(0.999956837672,2.275640166177E-18,
    9.291006058896E-03));
#5064 = PCURVE('',#1299,#5065);
#5065 = DEFINITIONAL_REPRESENTATION('',(#5066),#5070);
#5066 = LINE('',#5067,#5068);
#5067 = CARTESIAN_POINT('',(-6.28318530718,0.));
#5068 = VECTOR('',#5069,1.);
#5069 = DIRECTION('',(-0.,-1.));
#5070 = ( GEOMETRIC_REPRESENTATION_CONTEXT(2) 
PARAMETRIC_REPRESENTATION_CONTEXT() REPRESENTATION_CONTEXT('2D SPACE',''
  ) );
#5071 = PCURVE('',#1299,#5072);
#5072 = DEFINITIONAL_REPRESENTATION('',(#5073),#5077);
#5073 = LINE('',#5074,#5075);
#5074 = CARTESIAN_POINT('',(0.,-0.));
#5075 = VECTOR('',#5076,1.);
#5076 = DIRECTION('',(-0.,-1.));
#5077 = ( GEOMETRIC_REPRESENTATION_CONTEXT(2) 
PARAMETRIC_REPRESENTATION_CONTEXT() REPRESENTATION_CONTEXT('2D SPACE',''
  ) );
#5078 = ORIENTED_EDGE('',*,*,#5079,.T.);
#5079 = EDGE_CURVE('',#5057,#5057,#5080,.T.);
#5080 = SURFACE_CURVE('',#5081,(#5086,#5092),.PCURVE_S1.);
#5081 = CIRCLE('',#5082,8.);
#5082 = AXIS2_PLACEMENT_3D('',#5083,#5084,#5085);
#5083 = CARTESIAN_POINT('',(442.878975,0.,5.97446120354E-15));
#5084 = DIRECTION('',(1.,-0.,2.22044604925E-16));
#5085 = DIRECTION('',(2.22044604925E-16,0.,-1.));
#5086 = PCURVE('',#1299,#5087);
#5087 = DEFINITIONAL_REPRESENTATION('',(#5088),#5091);
#5088 = B_SPLINE_CURVE_WITH_KNOTS('',1,(#5089,#5090),.UNSPECIFIED.,.F.,
  .F.,(2,2),(0.,6.28318530718),.PIECEWISE_BEZIER_KNOTS.);
#5089 = CARTESIAN_POINT('',(0.,0.));
#5090 = CARTESIAN_POINT('',(-6.28318530718,0.));
#5091 = ( GEOMETRIC_REPRESENTATION_CONTEXT(2) 
PARAMETRIC_REPRESENTATION_CONTEXT() REPRESENTATION_CONTEXT('2D SPACE',''
  ) );
#5092 = PCURVE('',#2257,#5093);
#5093 = DEFINITIONAL_REPRESENTATION('',(#5094),#5098);
#5094 = LINE('',#5095,#5096);
#5095 = CARTESIAN_POINT('',(-0.,-53.8131625));
#5096 = VECTOR('',#5097,1.);
#5097 = DIRECTION('',(-1.,-0.));
#5098 = ( GEOMETRIC_REPRESENTATION_CONTEXT(2) 
PARAMETRIC_REPRESENTATION_CONTEXT() REPRESENTATION_CONTEXT('2D SPACE',''
  ) );
#5099 = ORIENTED_EDGE('',*,*,#5056,.T.);
#5100 = ORIENTED_EDGE('',*,*,#1525,.T.);
#5101 = ADVANCED_FACE('',(#5102),#1507,.F.);
#5102 = FACE_BOUND('',#5103,.F.);
#5103 = EDGE_LOOP('',(#5104,#5125,#5126,#5147,#5148,#5149));
#5104 = ORIENTED_EDGE('',*,*,#5105,.F.);
#5105 = EDGE_CURVE('',#4477,#4327,#5106,.T.);
#5106 = SURFACE_CURVE('',#5107,(#5112,#5119),.PCURVE_S1.);
#5107 = CIRCLE('',#5108,9.5);
#5108 = AXIS2_PLACEMENT_3D('',#5109,#5110,#5111);
#5109 = CARTESIAN_POINT('',(281.4394875,0.,5.97446120354E-15));
#5110 = DIRECTION('',(1.,-0.,2.22044604925E-16));
#5111 = DIRECTION('',(2.22044604925E-16,0.,-1.));
#5112 = PCURVE('',#1507,#5113);
#5113 = DEFINITIONAL_REPRESENTATION('',(#5114),#5118);
#5114 = LINE('',#5115,#5116);
#5115 = CARTESIAN_POINT('',(-0.,-53.8131625));
#5116 = VECTOR('',#5117,1.);
#5117 = DIRECTION('',(-1.,-0.));
#5118 = ( GEOMETRIC_REPRESENTATION_CONTEXT(2) 
PARAMETRIC_REPRESENTATION_CONTEXT() REPRESENTATION_CONTEXT('2D SPACE',''
  ) );
#5119 = PCURVE('',#3292,#5120);
#5120 = DEFINITIONAL_REPRESENTATION('',(#5121),#5124);
#5121 = B_SPLINE_CURVE_WITH_KNOTS('',1,(#5122,#5123),.UNSPECIFIED.,.F.,
  .F.,(2,2),(0.,6.28318530718),.PIECEWISE_BEZIER_KNOTS.);
#5122 = CARTESIAN_POINT('',(0.,0.));
#5123 = CARTESIAN_POINT('',(-6.28318530718,0.));
#5124 = ( GEOMETRIC_REPRESENTATION_CONTEXT(2) 
PARAMETRIC_REPRESENTATION_CONTEXT() REPRESENTATION_CONTEXT('2D SPACE',''
  ) );
#5125 = ORIENTED_EDGE('',*,*,#4476,.T.);
#5126 = ORIENTED_EDGE('',*,*,#5127,.F.);
#5127 = EDGE_CURVE('',#1470,#4325,#5128,.T.);
#5128 = SEAM_CURVE('',#5129,(#5133,#5140),.PCURVE_S1.);
#5129 = LINE('',#5130,#5131);
#5130 = CARTESIAN_POINT('',(227.626325,-2.449293598295E-15,-10.));
#5131 = VECTOR('',#5132,1.);
#5132 = DIRECTION('',(0.999956837672,2.275640166177E-18,
    9.291006058896E-03));
#5133 = PCURVE('',#1507,#5134);
#5134 = DEFINITIONAL_REPRESENTATION('',(#5135),#5139);
#5135 = LINE('',#5136,#5137);
#5136 = CARTESIAN_POINT('',(-6.28318530718,0.));
#5137 = VECTOR('',#5138,1.);
#5138 = DIRECTION('',(-0.,-1.));
#5139 = ( GEOMETRIC_REPRESENTATION_CONTEXT(2) 
PARAMETRIC_REPRESENTATION_CONTEXT() REPRESENTATION_CONTEXT('2D SPACE',''
  ) );
#5140 = PCURVE('',#1507,#5141);
#5141 = DEFINITIONAL_REPRESENTATION('',(#5142),#5146);
#5142 = LINE('',#5143,#5144);
#5143 = CARTESIAN_POINT('',(0.,-0.));
#5144 = VECTOR('',#5145,1.);
#5145 = DIRECTION('',(-0.,-1.));
#5146 = ( GEOMETRIC_REPRESENTATION_CONTEXT(2) 
PARAMETRIC_REPRESENTATION_CONTEXT() REPRESENTATION_CONTEXT('2D SPACE',''
  ) );
#5147 = ORIENTED_EDGE('',*,*,#1492,.T.);
#5148 = ORIENTED_EDGE('',*,*,#5127,.T.);
#5149 = ORIENTED_EDGE('',*,*,#4324,.T.);
#5150 = ADVANCED_FACE('',(#5151),#2257,.F.);
#5151 = FACE_BOUND('',#5152,.F.);
#5152 = EDGE_LOOP('',(#5153,#5154,#5175,#5176,#5197,#5198,#5199,#5200,
    #5201,#5202,#5225,#5246));
#5153 = ORIENTED_EDGE('',*,*,#2669,.T.);
#5154 = ORIENTED_EDGE('',*,*,#5155,.T.);
#5155 = EDGE_CURVE('',#2672,#2088,#5156,.T.);
#5156 = SEAM_CURVE('',#5157,(#5161,#5168),.PCURVE_S1.);
#5157 = LINE('',#5158,#5159);
#5158 = CARTESIAN_POINT('',(389.0658125,-2.081899558551E-15,-8.5));
#5159 = VECTOR('',#5160,1.);
#5160 = DIRECTION('',(0.999956837672,2.275640166177E-18,
    9.291006058896E-03));
#5161 = PCURVE('',#2257,#5162);
#5162 = DEFINITIONAL_REPRESENTATION('',(#5163),#5167);
#5163 = LINE('',#5164,#5165);
#5164 = CARTESIAN_POINT('',(0.,-0.));
#5165 = VECTOR('',#5166,1.);
#5166 = DIRECTION('',(-0.,-1.));
#5167 = ( GEOMETRIC_REPRESENTATION_CONTEXT(2) 
PARAMETRIC_REPRESENTATION_CONTEXT() REPRESENTATION_CONTEXT('2D SPACE',''
  ) );
#5168 = PCURVE('',#2257,#5169);
#5169 = DEFINITIONAL_REPRESENTATION('',(#5170),#5174);
#5170 = LINE('',#5171,#5172);
#5171 = CARTESIAN_POINT('',(-6.28318530718,0.));
#5172 = VECTOR('',#5173,1.);
#5173 = DIRECTION('',(-0.,-1.));
#5174 = ( GEOMETRIC_REPRESENTATION_CONTEXT(2) 
PARAMETRIC_REPRESENTATION_CONTEXT() REPRESENTATION_CONTEXT('2D SPACE',''
  ) );
#5175 = ORIENTED_EDGE('',*,*,#2087,.T.);
#5176 = ORIENTED_EDGE('',*,*,#5177,.T.);
#5177 = EDGE_CURVE('',#2090,#5057,#5178,.T.);
#5178 = SEAM_CURVE('',#5179,(#5183,#5190),.PCURVE_S1.);
#5179 = LINE('',#5180,#5181);
#5180 = CARTESIAN_POINT('',(389.0658125,-2.081899558551E-15,-8.5));
#5181 = VECTOR('',#5182,1.);
#5182 = DIRECTION('',(0.999956837672,2.275640166177E-18,
    9.291006058896E-03));
#5183 = PCURVE('',#2257,#5184);
#5184 = DEFINITIONAL_REPRESENTATION('',(#5185),#5189);
#5185 = LINE('',#5186,#5187);
#5186 = CARTESIAN_POINT('',(0.,-0.));
#5187 = VECTOR('',#5188,1.);
#5188 = DIRECTION('',(-0.,-1.));
#5189 = ( GEOMETRIC_REPRESENTATION_CONTEXT(2) 
PARAMETRIC_REPRESENTATION_CONTEXT() REPRESENTATION_CONTEXT('2D SPACE',''
  ) );
#5190 = PCURVE('',#2257,#5191);
#5191 = DEFINITIONAL_REPRESENTATION('',(#5192),#5196);
#5192 = LINE('',#5193,#5194);
#5193 = CARTESIAN_POINT('',(-6.28318530718,0.));
#5194 = VECTOR('',#5195,1.);
#5195 = DIRECTION('',(-0.,-1.));
#5196 = ( GEOMETRIC_REPRESENTATION_CONTEXT(2) 
PARAMETRIC_REPRESENTATION_CONTEXT() REPRESENTATION_CONTEXT('2D SPACE',''
  ) );
#5197 = ORIENTED_EDGE('',*,*,#5079,.F.);
#5198 = ORIENTED_EDGE('',*,*,#5177,.F.);
#5199 = ORIENTED_EDGE('',*,*,#2391,.T.);
#5200 = ORIENTED_EDGE('',*,*,#5155,.F.);
#5201 = ORIENTED_EDGE('',*,*,#2947,.T.);
#5202 = ORIENTED_EDGE('',*,*,#5203,.F.);
#5203 = EDGE_CURVE('',#5204,#2670,#5206,.T.);
#5204 = VERTEX_POINT('',#5205);
#5205 = CARTESIAN_POINT('',(389.0658125,-2.081899558551E-15,-8.5));
#5206 = SEAM_CURVE('',#5207,(#5211,#5218),.PCURVE_S1.);
#5207 = LINE('',#5208,#5209);
#5208 = CARTESIAN_POINT('',(389.0658125,-2.081899558551E-15,-8.5));
#5209 = VECTOR('',#5210,1.);
#5210 = DIRECTION('',(0.999956837672,2.275640166177E-18,
    9.291006058896E-03));
#5211 = PCURVE('',#2257,#5212);
#5212 = DEFINITIONAL_REPRESENTATION('',(#5213),#5217);
#5213 = LINE('',#5214,#5215);
#5214 = CARTESIAN_POINT('',(-6.28318530718,0.));
#5215 = VECTOR('',#5216,1.);
#5216 = DIRECTION('',(-0.,-1.));
#5217 = ( GEOMETRIC_REPRESENTATION_CONTEXT(2) 
PARAMETRIC_REPRESENTATION_CONTEXT() REPRESENTATION_CONTEXT('2D SPACE',''
  ) );
#5218 = PCURVE('',#2257,#5219);
#5219 = DEFINITIONAL_REPRESENTATION('',(#5220),#5224);
#5220 = LINE('',#5221,#5222);
#5221 = CARTESIAN_POINT('',(0.,-0.));
#5222 = VECTOR('',#5223,1.);
#5223 = DIRECTION('',(-0.,-1.));
#5224 = ( GEOMETRIC_REPRESENTATION_CONTEXT(2) 
PARAMETRIC_REPRESENTATION_CONTEXT() REPRESENTATION_CONTEXT('2D SPACE',''
  ) );
#5225 = ORIENTED_EDGE('',*,*,#5226,.T.);
#5226 = EDGE_CURVE('',#5204,#5204,#5227,.T.);
#5227 = SURFACE_CURVE('',#5228,(#5233,#5239),.PCURVE_S1.);
#5228 = CIRCLE('',#5229,8.5);
#5229 = AXIS2_PLACEMENT_3D('',#5230,#5231,#5232);
#5230 = CARTESIAN_POINT('',(389.0658125,0.,5.97446120354E-15));
#5231 = DIRECTION('',(1.,-0.,2.22044604925E-16));
#5232 = DIRECTION('',(2.22044604925E-16,0.,-1.));
#5233 = PCURVE('',#2257,#5234);
#5234 = DEFINITIONAL_REPRESENTATION('',(#5235),#5238);
#5235 = B_SPLINE_CURVE_WITH_KNOTS('',1,(#5236,#5237),.UNSPECIFIED.,.F.,
  .F.,(2,2),(0.,6.28318530718),.PIECEWISE_BEZIER_KNOTS.);
#5236 = CARTESIAN_POINT('',(0.,0.));
#5237 = CARTESIAN_POINT('',(-6.28318530718,0.));
#5238 = ( GEOMETRIC_REPRESENTATION_CONTEXT(2) 
PARAMETRIC_REPRESENTATION_CONTEXT() REPRESENTATION_CONTEXT('2D SPACE',''
  ) );
#5239 = PCURVE('',#3596,#5240);
#5240 = DEFINITIONAL_REPRESENTATION('',(#5241),#5245);
#5241 = LINE('',#5242,#5243);
#5242 = CARTESIAN_POINT('',(-0.,-53.8131625));
#5243 = VECTOR('',#5244,1.);
#5244 = DIRECTION('',(-1.,-0.));
#5245 = ( GEOMETRIC_REPRESENTATION_CONTEXT(2) 
PARAMETRIC_REPRESENTATION_CONTEXT() REPRESENTATION_CONTEXT('2D SPACE',''
  ) );
#5246 = ORIENTED_EDGE('',*,*,#5203,.T.);
#5247 = ADVANCED_FACE('',(#5248),#3292,.F.);
#5248 = FACE_BOUND('',#5249,.F.);
#5249 = EDGE_LOOP('',(#5250,#5251,#5252,#5273,#5274,#5295,#5296,#5317,
    #5318,#5319,#5320,#5321));
#5250 = ORIENTED_EDGE('',*,*,#5105,.T.);
#5251 = ORIENTED_EDGE('',*,*,#4831,.T.);
#5252 = ORIENTED_EDGE('',*,*,#5253,.T.);
#5253 = EDGE_CURVE('',#4581,#3775,#5254,.T.);
#5254 = SEAM_CURVE('',#5255,(#5259,#5266),.PCURVE_S1.);
#5255 = LINE('',#5256,#5257);
#5256 = CARTESIAN_POINT('',(281.4394875,-2.32682891838E-15,-9.5));
#5257 = VECTOR('',#5258,1.);
#5258 = DIRECTION('',(0.999956837672,2.275640166177E-18,
    9.291006058896E-03));
#5259 = PCURVE('',#3292,#5260);
#5260 = DEFINITIONAL_REPRESENTATION('',(#5261),#5265);
#5261 = LINE('',#5262,#5263);
#5262 = CARTESIAN_POINT('',(0.,-0.));
#5263 = VECTOR('',#5264,1.);
#5264 = DIRECTION('',(-0.,-1.));
#5265 = ( GEOMETRIC_REPRESENTATION_CONTEXT(2) 
PARAMETRIC_REPRESENTATION_CONTEXT() REPRESENTATION_CONTEXT('2D SPACE',''
  ) );
#5266 = PCURVE('',#3292,#5267);
#5267 = DEFINITIONAL_REPRESENTATION('',(#5268),#5272);
#5268 = LINE('',#5269,#5270);
#5269 = CARTESIAN_POINT('',(-6.28318530718,0.));
#5270 = VECTOR('',#5271,1.);
#5271 = DIRECTION('',(-0.,-1.));
#5272 = ( GEOMETRIC_REPRESENTATION_CONTEXT(2) 
PARAMETRIC_REPRESENTATION_CONTEXT() REPRESENTATION_CONTEXT('2D SPACE',''
  ) );
#5273 = ORIENTED_EDGE('',*,*,#3774,.T.);
#5274 = ORIENTED_EDGE('',*,*,#5275,.T.);
#5275 = EDGE_CURVE('',#3777,#3205,#5276,.T.);
#5276 = SEAM_CURVE('',#5277,(#5281,#5288),.PCURVE_S1.);
#5277 = LINE('',#5278,#5279);
#5278 = CARTESIAN_POINT('',(281.4394875,-2.32682891838E-15,-9.5));
#5279 = VECTOR('',#5280,1.);
#5280 = DIRECTION('',(0.999956837672,2.275640166177E-18,
    9.291006058896E-03));
#5281 = PCURVE('',#3292,#5282);
#5282 = DEFINITIONAL_REPRESENTATION('',(#5283),#5287);
#5283 = LINE('',#5284,#5285);
#5284 = CARTESIAN_POINT('',(0.,-0.));
#5285 = VECTOR('',#5286,1.);
#5286 = DIRECTION('',(-0.,-1.));
#5287 = ( GEOMETRIC_REPRESENTATION_CONTEXT(2) 
PARAMETRIC_REPRESENTATION_CONTEXT() REPRESENTATION_CONTEXT('2D SPACE',''
  ) );
#5288 = PCURVE('',#3292,#5289);
#5289 = DEFINITIONAL_REPRESENTATION('',(#5290),#5294);
#5290 = LINE('',#5291,#5292);
#5291 = CARTESIAN_POINT('',(-6.28318530718,0.));
#5292 = VECTOR('',#5293,1.);
#5293 = DIRECTION('',(-0.,-1.));
#5294 = ( GEOMETRIC_REPRESENTATION_CONTEXT(2) 
PARAMETRIC_REPRESENTATION_CONTEXT() REPRESENTATION_CONTEXT('2D SPACE',''
  ) );
#5295 = ORIENTED_EDGE('',*,*,#3204,.T.);
#5296 = ORIENTED_EDGE('',*,*,#5297,.F.);
#5297 = EDGE_CURVE('',#3409,#3207,#5298,.T.);
#5298 = SURFACE_CURVE('',#5299,(#5304,#5311),.PCURVE_S1.);
#5299 = CIRCLE('',#5300,9.);
#5300 = AXIS2_PLACEMENT_3D('',#5301,#5302,#5303);
#5301 = CARTESIAN_POINT('',(335.25265,0.,5.97446120354E-15));
#5302 = DIRECTION('',(1.,-0.,2.22044604925E-16));
#5303 = DIRECTION('',(2.22044604925E-16,0.,-1.));
#5304 = PCURVE('',#3292,#5305);
#5305 = DEFINITIONAL_REPRESENTATION('',(#5306),#5310);
#5306 = LINE('',#5307,#5308);
#5307 = CARTESIAN_POINT('',(-0.,-53.8131625));
#5308 = VECTOR('',#5309,1.);
#5309 = DIRECTION('',(-1.,-0.));
#5310 = ( GEOMETRIC_REPRESENTATION_CONTEXT(2) 
PARAMETRIC_REPRESENTATION_CONTEXT() REPRESENTATION_CONTEXT('2D SPACE',''
  ) );
#5311 = PCURVE('',#3596,#5312);
#5312 = DEFINITIONAL_REPRESENTATION('',(#5313),#5316);
#5313 = B_SPLINE_CURVE_WITH_KNOTS('',1,(#5314,#5315),.UNSPECIFIED.,.F.,
  .F.,(2,2),(0.,6.28318530718),.PIECEWISE_BEZIER_KNOTS.);
#5314 = CARTESIAN_POINT('',(0.,0.));
#5315 = CARTESIAN_POINT('',(-6.28318530718,0.));
#5316 = ( GEOMETRIC_REPRESENTATION_CONTEXT(2) 
PARAMETRIC_REPRESENTATION_CONTEXT() REPRESENTATION_CONTEXT('2D SPACE',''
  ) );
#5317 = ORIENTED_EDGE('',*,*,#3408,.T.);
#5318 = ORIENTED_EDGE('',*,*,#5275,.F.);
#5319 = ORIENTED_EDGE('',*,*,#4081,.T.);
#5320 = ORIENTED_EDGE('',*,*,#5253,.F.);
#5321 = ORIENTED_EDGE('',*,*,#4580,.T.);
#5322 = ADVANCED_FACE('',(#5323),#3596,.F.);
#5323 = FACE_BOUND('',#5324,.F.);
#5324 = EDGE_LOOP('',(#5325,#5346,#5347,#5348,#5349,#5350));
#5325 = ORIENTED_EDGE('',*,*,#5326,.T.);
#5326 = EDGE_CURVE('',#3513,#5204,#5327,.T.);
#5327 = SEAM_CURVE('',#5328,(#5332,#5339),.PCURVE_S1.);
#5328 = LINE('',#5329,#5330);
#5329 = CARTESIAN_POINT('',(335.25265,-2.204364238465E-15,-9.));
#5330 = VECTOR('',#5331,1.);
#5331 = DIRECTION('',(0.999956837672,2.275640166177E-18,
    9.291006058896E-03));
#5332 = PCURVE('',#3596,#5333);
#5333 = DEFINITIONAL_REPRESENTATION('',(#5334),#5338);
#5334 = LINE('',#5335,#5336);
#5335 = CARTESIAN_POINT('',(-6.28318530718,0.));
#5336 = VECTOR('',#5337,1.);
#5337 = DIRECTION('',(-0.,-1.));
#5338 = ( GEOMETRIC_REPRESENTATION_CONTEXT(2) 
PARAMETRIC_REPRESENTATION_CONTEXT() REPRESENTATION_CONTEXT('2D SPACE',''
  ) );
#5339 = PCURVE('',#3596,#5340);
#5340 = DEFINITIONAL_REPRESENTATION('',(#5341),#5345);
#5341 = LINE('',#5342,#5343);
#5342 = CARTESIAN_POINT('',(0.,-0.));
#5343 = VECTOR('',#5344,1.);
#5344 = DIRECTION('',(-0.,-1.));
#5345 = ( GEOMETRIC_REPRESENTATION_CONTEXT(2) 
PARAMETRIC_REPRESENTATION_CONTEXT() REPRESENTATION_CONTEXT('2D SPACE',''
  ) );
#5346 = ORIENTED_EDGE('',*,*,#5226,.F.);
#5347 = ORIENTED_EDGE('',*,*,#5326,.F.);
#5348 = ORIENTED_EDGE('',*,*,#3512,.T.);
#5349 = ORIENTED_EDGE('',*,*,#5297,.T.);
#5350 = ORIENTED_EDGE('',*,*,#3642,.T.);
#5351 = ( GEOMETRIC_REPRESENTATION_CONTEXT(3) 
GLOBAL_UNCERTAINTY_ASSIGNED_CONTEXT((#5355)) 
GLOBAL_UNIT_ASSIGNED_CONTEXT((#5352,#5353,#5354)) REPRESENTATION_CONTEXT
('Context #1','3D Context with UNIT and UNCERTAINTY') );
#5352 = ( LENGTH_UNIT() NAMED_UNIT(*) SI_UNIT(.MILLI.,.METRE.) );
#5353 = ( NAMED_UNIT(*) PLANE_ANGLE_UNIT() SI_UNIT($,.RADIAN.) );
#5354 = ( NAMED_UNIT(*) SI_UNIT($,.STERADIAN.) SOLID_ANGLE_UNIT() );
#5355 = UNCERTAINTY_MEASURE_WITH_UNIT(LENGTH_MEASURE(1.E-07),#5352,
  'distance_accuracy_value','confusion accuracy');
#5356 = PRODUCT_RELATED_PRODUCT_CATEGORY('part',$,(#7));
ENDSEC;
END-ISO-10303-21;
