ISO-10303-21;
HEADER;
FILE_DESCRIPTION(('Open CASCADE Model'),'2;1');
FILE_NAME('m2d_air_preview','2026-07-05T09:02:59',('Author'),(
    'Open CASCADE'),'Open CASCADE STEP processor 7.9','build123d',
  'Unknown');
FILE_SCHEMA(('AUTOMOTIVE_DESIGN { 1 0 10303 214 1 1 1 1 }'));
ENDSEC;
DATA;
#1 = APPLICATION_PROTOCOL_DEFINITION('international standard',
  'automotive_design',2000,#2);
#2 = APPLICATION_CONTEXT(
  'core data for automotive mechanical design processes');
#3 = SHAPE_DEFINITION_REPRESENTATION(#4,#10);
#4 = PRODUCT_DEFINITION_SHAPE('','',#5);
#5 = PRODUCT_DEFINITION('design','',#6,#9);
#6 = PRODUCT_DEFINITION_FORMATION('','',#7);
#7 = PRODUCT('m2d_air_preview','m2d_air_preview','',(#8));
#8 = PRODUCT_CONTEXT('',#2,'mechanical');
#9 = PRODUCT_DEFINITION_CONTEXT('part definition',#2,'design');
#10 = ADVANCED_BREP_SHAPE_REPRESENTATION('',(#11,#15),#4112);
#11 = AXIS2_PLACEMENT_3D('',#12,#13,#14);
#12 = CARTESIAN_POINT('',(0.,0.,0.));
#13 = DIRECTION('',(0.,0.,1.));
#14 = DIRECTION('',(1.,0.,-0.));
#15 = MANIFOLD_SOLID_BREP('',#16);
#16 = CLOSED_SHELL('',(#17,#104,#158,#162,#216,#483,#1710,#1768,#1824,
    #2128,#2184,#2188,#2192,#2196,#3308,#3364,#3420,#3985,#3989,#3993,
    #4049,#4104,#4108));
#17 = ADVANCED_FACE('',(#18),#31,.T.);
#18 = FACE_BOUND('',#19,.T.);
#19 = EDGE_LOOP('',(#20,#53,#76,#103));
#20 = ORIENTED_EDGE('',*,*,#21,.F.);
#21 = EDGE_CURVE('',#22,#22,#24,.T.);
#22 = VERTEX_POINT('',#23);
#23 = CARTESIAN_POINT('',(120.,-2.694222958124E-15,-11.));
#24 = SURFACE_CURVE('',#25,(#30,#42),.PCURVE_S1.);
#25 = CIRCLE('',#26,11.);
#26 = AXIS2_PLACEMENT_3D('',#27,#28,#29);
#27 = CARTESIAN_POINT('',(120.,0.,1.33226762955E-14));
#28 = DIRECTION('',(1.,-0.,2.22044604925E-16));
#29 = DIRECTION('',(2.22044604925E-16,0.,-1.));
#30 = PCURVE('',#31,#36);
#31 = CYLINDRICAL_SURFACE('',#32,11.);
#32 = AXIS2_PLACEMENT_3D('',#33,#34,#35);
#33 = CARTESIAN_POINT('',(0.,0.,-1.33226762955E-14));
#34 = DIRECTION('',(1.,0.,2.22044604925E-16));
#35 = DIRECTION('',(2.22044604925E-16,0.,-1.));
#36 = DEFINITIONAL_REPRESENTATION('',(#37),#41);
#37 = LINE('',#38,#39);
#38 = CARTESIAN_POINT('',(0.,120.));
#39 = VECTOR('',#40,1.);
#40 = DIRECTION('',(1.,0.));
#41 = ( GEOMETRIC_REPRESENTATION_CONTEXT(2) 
PARAMETRIC_REPRESENTATION_CONTEXT() REPRESENTATION_CONTEXT('2D SPACE',''
  ) );
#42 = PCURVE('',#43,#48);
#43 = CONICAL_SURFACE('',#44,11.,9.291139735022E-03);
#44 = AXIS2_PLACEMENT_3D('',#45,#46,#47);
#45 = CARTESIAN_POINT('',(120.,0.,-5.97446120354E-15));
#46 = DIRECTION('',(-1.,-0.,-2.22044604925E-16));
#47 = DIRECTION('',(2.22044604925E-16,0.,-1.));
#48 = DEFINITIONAL_REPRESENTATION('',(#49),#52);
#49 = B_SPLINE_CURVE_WITH_KNOTS('',1,(#50,#51),.UNSPECIFIED.,.F.,.F.,(2,
    2),(0.,6.28318530718),.PIECEWISE_BEZIER_KNOTS.);
#50 = CARTESIAN_POINT('',(0.,0.));
#51 = CARTESIAN_POINT('',(-6.28318530718,0.));
#52 = ( GEOMETRIC_REPRESENTATION_CONTEXT(2) 
PARAMETRIC_REPRESENTATION_CONTEXT() REPRESENTATION_CONTEXT('2D SPACE',''
  ) );
#53 = ORIENTED_EDGE('',*,*,#54,.F.);
#54 = EDGE_CURVE('',#55,#22,#57,.T.);
#55 = VERTEX_POINT('',#56);
#56 = CARTESIAN_POINT('',(2.442490654175E-15,-2.694222958124E-15,-11.));
#57 = SEAM_CURVE('',#58,(#62,#69),.PCURVE_S1.);
#58 = LINE('',#59,#60);
#59 = CARTESIAN_POINT('',(2.442490654175E-15,-2.694222958124E-15,-11.));
#60 = VECTOR('',#61,1.);
#61 = DIRECTION('',(1.,0.,2.22044604925E-16));
#62 = PCURVE('',#31,#63);
#63 = DEFINITIONAL_REPRESENTATION('',(#64),#68);
#64 = LINE('',#65,#66);
#65 = CARTESIAN_POINT('',(6.28318530718,-0.));
#66 = VECTOR('',#67,1.);
#67 = DIRECTION('',(0.,1.));
#68 = ( GEOMETRIC_REPRESENTATION_CONTEXT(2) 
PARAMETRIC_REPRESENTATION_CONTEXT() REPRESENTATION_CONTEXT('2D SPACE',''
  ) );
#69 = PCURVE('',#31,#70);
#70 = DEFINITIONAL_REPRESENTATION('',(#71),#75);
#71 = LINE('',#72,#73);
#72 = CARTESIAN_POINT('',(0.,-0.));
#73 = VECTOR('',#74,1.);
#74 = DIRECTION('',(0.,1.));
#75 = ( GEOMETRIC_REPRESENTATION_CONTEXT(2) 
PARAMETRIC_REPRESENTATION_CONTEXT() REPRESENTATION_CONTEXT('2D SPACE',''
  ) );
#76 = ORIENTED_EDGE('',*,*,#77,.T.);
#77 = EDGE_CURVE('',#55,#55,#78,.T.);
#78 = SURFACE_CURVE('',#79,(#84,#91),.PCURVE_S1.);
#79 = CIRCLE('',#80,11.);
#80 = AXIS2_PLACEMENT_3D('',#81,#82,#83);
#81 = CARTESIAN_POINT('',(0.,0.,-1.33226762955E-14));
#82 = DIRECTION('',(1.,-0.,2.22044604925E-16));
#83 = DIRECTION('',(2.22044604925E-16,0.,-1.));
#84 = PCURVE('',#31,#85);
#85 = DEFINITIONAL_REPRESENTATION('',(#86),#90);
#86 = LINE('',#87,#88);
#87 = CARTESIAN_POINT('',(0.,0.));
#88 = VECTOR('',#89,1.);
#89 = DIRECTION('',(1.,0.));
#90 = ( GEOMETRIC_REPRESENTATION_CONTEXT(2) 
PARAMETRIC_REPRESENTATION_CONTEXT() REPRESENTATION_CONTEXT('2D SPACE',''
  ) );
#91 = PCURVE('',#92,#97);
#92 = PLANE('',#93);
#93 = AXIS2_PLACEMENT_3D('',#94,#95,#96);
#94 = CARTESIAN_POINT('',(0.,0.,-1.33226762955E-14));
#95 = DIRECTION('',(1.,0.,2.22044604925E-16));
#96 = DIRECTION('',(2.22044604925E-16,0.,-1.));
#97 = DEFINITIONAL_REPRESENTATION('',(#98),#102);
#98 = CIRCLE('',#99,11.);
#99 = AXIS2_PLACEMENT_2D('',#100,#101);
#100 = CARTESIAN_POINT('',(0.,0.));
#101 = DIRECTION('',(1.,0.));
#102 = ( GEOMETRIC_REPRESENTATION_CONTEXT(2) 
PARAMETRIC_REPRESENTATION_CONTEXT() REPRESENTATION_CONTEXT('2D SPACE',''
  ) );
#103 = ORIENTED_EDGE('',*,*,#54,.T.);
#104 = ADVANCED_FACE('',(#105),#43,.T.);
#105 = FACE_BOUND('',#106,.T.);
#106 = EDGE_LOOP('',(#107,#135,#156,#157));
#107 = ORIENTED_EDGE('',*,*,#108,.F.);
#108 = EDGE_CURVE('',#109,#109,#111,.T.);
#109 = VERTEX_POINT('',#110);
#110 = CARTESIAN_POINT('',(173.8131625,-2.571758278209E-15,-10.5));
#111 = SURFACE_CURVE('',#112,(#117,#124),.PCURVE_S1.);
#112 = CIRCLE('',#113,10.5);
#113 = AXIS2_PLACEMENT_3D('',#114,#115,#116);
#114 = CARTESIAN_POINT('',(173.8131625,0.,5.97446120354E-15));
#115 = DIRECTION('',(1.,-0.,2.22044604925E-16));
#116 = DIRECTION('',(2.22044604925E-16,0.,-1.));
#117 = PCURVE('',#43,#118);
#118 = DEFINITIONAL_REPRESENTATION('',(#119),#123);
#119 = LINE('',#120,#121);
#120 = CARTESIAN_POINT('',(-0.,-53.8131625));
#121 = VECTOR('',#122,1.);
#122 = DIRECTION('',(-1.,-0.));
#123 = ( GEOMETRIC_REPRESENTATION_CONTEXT(2) 
PARAMETRIC_REPRESENTATION_CONTEXT() REPRESENTATION_CONTEXT('2D SPACE',''
  ) );
#124 = PCURVE('',#125,#130);
#125 = CONICAL_SURFACE('',#126,10.5,9.291139735022E-03);
#126 = AXIS2_PLACEMENT_3D('',#127,#128,#129);
#127 = CARTESIAN_POINT('',(173.8131625,0.,-5.97446120354E-15));
#128 = DIRECTION('',(-1.,-0.,-2.22044604925E-16));
#129 = DIRECTION('',(2.22044604925E-16,0.,-1.));
#130 = DEFINITIONAL_REPRESENTATION('',(#131),#134);
#131 = B_SPLINE_CURVE_WITH_KNOTS('',1,(#132,#133),.UNSPECIFIED.,.F.,.F.,
  (2,2),(0.,6.28318530718),.PIECEWISE_BEZIER_KNOTS.);
#132 = CARTESIAN_POINT('',(0.,0.));
#133 = CARTESIAN_POINT('',(-6.28318530718,0.));
#134 = ( GEOMETRIC_REPRESENTATION_CONTEXT(2) 
PARAMETRIC_REPRESENTATION_CONTEXT() REPRESENTATION_CONTEXT('2D SPACE',''
  ) );
#135 = ORIENTED_EDGE('',*,*,#136,.F.);
#136 = EDGE_CURVE('',#22,#109,#137,.T.);
#137 = SEAM_CURVE('',#138,(#142,#149),.PCURVE_S1.);
#138 = LINE('',#139,#140);
#139 = CARTESIAN_POINT('',(120.,-2.694222958124E-15,-11.));
#140 = VECTOR('',#141,1.);
#141 = DIRECTION('',(0.999956837672,2.275640166177E-18,
    9.291006058896E-03));
#142 = PCURVE('',#43,#143);
#143 = DEFINITIONAL_REPRESENTATION('',(#144),#148);
#144 = LINE('',#145,#146);
#145 = CARTESIAN_POINT('',(-6.28318530718,0.));
#146 = VECTOR('',#147,1.);
#147 = DIRECTION('',(-0.,-1.));
#148 = ( GEOMETRIC_REPRESENTATION_CONTEXT(2) 
PARAMETRIC_REPRESENTATION_CONTEXT() REPRESENTATION_CONTEXT('2D SPACE',''
  ) );
#149 = PCURVE('',#43,#150);
#150 = DEFINITIONAL_REPRESENTATION('',(#151),#155);
#151 = LINE('',#152,#153);
#152 = CARTESIAN_POINT('',(0.,-0.));
#153 = VECTOR('',#154,1.);
#154 = DIRECTION('',(-0.,-1.));
#155 = ( GEOMETRIC_REPRESENTATION_CONTEXT(2) 
PARAMETRIC_REPRESENTATION_CONTEXT() REPRESENTATION_CONTEXT('2D SPACE',''
  ) );
#156 = ORIENTED_EDGE('',*,*,#21,.T.);
#157 = ORIENTED_EDGE('',*,*,#136,.T.);
#158 = ADVANCED_FACE('',(#159),#92,.F.);
#159 = FACE_BOUND('',#160,.T.);
#160 = EDGE_LOOP('',(#161));
#161 = ORIENTED_EDGE('',*,*,#77,.F.);
#162 = ADVANCED_FACE('',(#163),#125,.T.);
#163 = FACE_BOUND('',#164,.T.);
#164 = EDGE_LOOP('',(#165,#193,#214,#215));
#165 = ORIENTED_EDGE('',*,*,#166,.F.);
#166 = EDGE_CURVE('',#167,#167,#169,.T.);
#167 = VERTEX_POINT('',#168);
#168 = CARTESIAN_POINT('',(227.626325,-2.449293598295E-15,-10.));
#169 = SURFACE_CURVE('',#170,(#175,#182),.PCURVE_S1.);
#170 = CIRCLE('',#171,10.);
#171 = AXIS2_PLACEMENT_3D('',#172,#173,#174);
#172 = CARTESIAN_POINT('',(227.626325,0.,5.97446120354E-15));
#173 = DIRECTION('',(1.,-0.,2.22044604925E-16));
#174 = DIRECTION('',(2.22044604925E-16,0.,-1.));
#175 = PCURVE('',#125,#176);
#176 = DEFINITIONAL_REPRESENTATION('',(#177),#181);
#177 = LINE('',#178,#179);
#178 = CARTESIAN_POINT('',(-0.,-53.8131625));
#179 = VECTOR('',#180,1.);
#180 = DIRECTION('',(-1.,-0.));
#181 = ( GEOMETRIC_REPRESENTATION_CONTEXT(2) 
PARAMETRIC_REPRESENTATION_CONTEXT() REPRESENTATION_CONTEXT('2D SPACE',''
  ) );
#182 = PCURVE('',#183,#188);
#183 = CONICAL_SURFACE('',#184,10.,9.291139735022E-03);
#184 = AXIS2_PLACEMENT_3D('',#185,#186,#187);
#185 = CARTESIAN_POINT('',(227.626325,0.,-5.97446120354E-15));
#186 = DIRECTION('',(-1.,-0.,-2.22044604925E-16));
#187 = DIRECTION('',(2.22044604925E-16,0.,-1.));
#188 = DEFINITIONAL_REPRESENTATION('',(#189),#192);
#189 = B_SPLINE_CURVE_WITH_KNOTS('',1,(#190,#191),.UNSPECIFIED.,.F.,.F.,
  (2,2),(0.,6.28318530718),.PIECEWISE_BEZIER_KNOTS.);
#190 = CARTESIAN_POINT('',(0.,0.));
#191 = CARTESIAN_POINT('',(-6.28318530718,0.));
#192 = ( GEOMETRIC_REPRESENTATION_CONTEXT(2) 
PARAMETRIC_REPRESENTATION_CONTEXT() REPRESENTATION_CONTEXT('2D SPACE',''
  ) );
#193 = ORIENTED_EDGE('',*,*,#194,.F.);
#194 = EDGE_CURVE('',#109,#167,#195,.T.);
#195 = SEAM_CURVE('',#196,(#200,#207),.PCURVE_S1.);
#196 = LINE('',#197,#198);
#197 = CARTESIAN_POINT('',(173.8131625,-2.571758278209E-15,-10.5));
#198 = VECTOR('',#199,1.);
#199 = DIRECTION('',(0.999956837672,2.275640166177E-18,
    9.291006058896E-03));
#200 = PCURVE('',#125,#201);
#201 = DEFINITIONAL_REPRESENTATION('',(#202),#206);
#202 = LINE('',#203,#204);
#203 = CARTESIAN_POINT('',(-6.28318530718,0.));
#204 = VECTOR('',#205,1.);
#205 = DIRECTION('',(-0.,-1.));
#206 = ( GEOMETRIC_REPRESENTATION_CONTEXT(2) 
PARAMETRIC_REPRESENTATION_CONTEXT() REPRESENTATION_CONTEXT('2D SPACE',''
  ) );
#207 = PCURVE('',#125,#208);
#208 = DEFINITIONAL_REPRESENTATION('',(#209),#213);
#209 = LINE('',#210,#211);
#210 = CARTESIAN_POINT('',(0.,-0.));
#211 = VECTOR('',#212,1.);
#212 = DIRECTION('',(-0.,-1.));
#213 = ( GEOMETRIC_REPRESENTATION_CONTEXT(2) 
PARAMETRIC_REPRESENTATION_CONTEXT() REPRESENTATION_CONTEXT('2D SPACE',''
  ) );
#214 = ORIENTED_EDGE('',*,*,#108,.T.);
#215 = ORIENTED_EDGE('',*,*,#194,.T.);
#216 = ADVANCED_FACE('',(#217),#183,.T.);
#217 = FACE_BOUND('',#218,.T.);
#218 = EDGE_LOOP('',(#219,#249,#358,#379,#380,#381));
#219 = ORIENTED_EDGE('',*,*,#220,.F.);
#220 = EDGE_CURVE('',#221,#223,#225,.T.);
#221 = VERTEX_POINT('',#222);
#222 = CARTESIAN_POINT('',(281.4394875,5.131108640167,-7.995106260882));
#223 = VERTEX_POINT('',#224);
#224 = CARTESIAN_POINT('',(281.4394875,-5.131108640167,-7.995106260882)
  );
#225 = SURFACE_CURVE('',#226,(#231,#238),.PCURVE_S1.);
#226 = CIRCLE('',#227,9.5);
#227 = AXIS2_PLACEMENT_3D('',#228,#229,#230);
#228 = CARTESIAN_POINT('',(281.4394875,0.,5.97446120354E-15));
#229 = DIRECTION('',(1.,-0.,2.22044604925E-16));
#230 = DIRECTION('',(2.22044604925E-16,0.,-1.));
#231 = PCURVE('',#183,#232);
#232 = DEFINITIONAL_REPRESENTATION('',(#233),#237);
#233 = LINE('',#234,#235);
#234 = CARTESIAN_POINT('',(-0.,-53.8131625));
#235 = VECTOR('',#236,1.);
#236 = DIRECTION('',(-1.,-0.));
#237 = ( GEOMETRIC_REPRESENTATION_CONTEXT(2) 
PARAMETRIC_REPRESENTATION_CONTEXT() REPRESENTATION_CONTEXT('2D SPACE',''
  ) );
#238 = PCURVE('',#239,#244);
#239 = CONICAL_SURFACE('',#240,9.5,9.291139735022E-03);
#240 = AXIS2_PLACEMENT_3D('',#241,#242,#243);
#241 = CARTESIAN_POINT('',(281.4394875,0.,-5.97446120354E-15));
#242 = DIRECTION('',(-1.,-0.,-2.22044604925E-16));
#243 = DIRECTION('',(2.22044604925E-16,0.,-1.));
#244 = DEFINITIONAL_REPRESENTATION('',(#245),#248);
#245 = B_SPLINE_CURVE_WITH_KNOTS('',1,(#246,#247),.UNSPECIFIED.,.F.,.F.,
  (2,2),(0.,6.28318530718),.PIECEWISE_BEZIER_KNOTS.);
#246 = CARTESIAN_POINT('',(0.,0.));
#247 = CARTESIAN_POINT('',(-6.28318530718,0.));
#248 = ( GEOMETRIC_REPRESENTATION_CONTEXT(2) 
PARAMETRIC_REPRESENTATION_CONTEXT() REPRESENTATION_CONTEXT('2D SPACE',''
  ) );
#249 = ORIENTED_EDGE('',*,*,#250,.T.);
#250 = EDGE_CURVE('',#221,#251,#253,.T.);
#251 = VERTEX_POINT('',#252);
#252 = CARTESIAN_POINT('',(277.50456318415,-1.841447627889E-15,
    -9.536560983717));
#253 = SURFACE_CURVE('',#254,(#285,#319),.PCURVE_S1.);
#254 = B_SPLINE_CURVE_WITH_KNOTS('',8,(#255,#256,#257,#258,#259,#260,
    #261,#262,#263,#264,#265,#266,#267,#268,#269,#270,#271,#272,#273,
    #274,#275,#276,#277,#278,#279,#280,#281,#282,#283,#284),
  .UNSPECIFIED.,.F.,.F.,(9,7,7,7,9),(0.,0.518474416552,0.694331808577,
    0.794454937984,1.),.UNSPECIFIED.);
#255 = CARTESIAN_POINT('',(281.4394875,5.131108640167,-7.995106260883));
#256 = CARTESIAN_POINT('',(281.08415718837,5.030870867202,
    -8.063359929018));
#257 = CARTESIAN_POINT('',(280.73086961292,4.910385597844,
    -8.142484251272));
#258 = CARTESIAN_POINT('',(280.37986289801,4.766327748666,
    -8.233228849488));
#259 = CARTESIAN_POINT('',(280.03266656367,4.594614233806,
    -8.336115007172));
#260 = CARTESIAN_POINT('',(279.69204541343,4.390559304114,
    -8.451080017406));
#261 = CARTESIAN_POINT('',(279.36205450736,4.148754033053,-8.57692084423
    ));
#262 = CARTESIAN_POINT('',(279.04781173995,3.863916902419,
    -8.710469676818));
#263 = CARTESIAN_POINT('',(278.6564916875,3.417811081369,-8.892436477788
    ));
#264 = CARTESIAN_POINT('',(278.56001482202,3.2993827525,-8.938745810783)
  );
#265 = CARTESIAN_POINT('',(278.46645695883,3.175382364005,
    -8.985043651289));
#266 = CARTESIAN_POINT('',(278.37612764598,3.045716461831,
    -9.031060070927));
#267 = CARTESIAN_POINT('',(278.28935607497,2.910339243308,-9.07648856084
    ));
#268 = CARTESIAN_POINT('',(278.20648468934,2.769263291138,
    -9.120989956814));
#269 = CARTESIAN_POINT('',(278.12786230838,2.622571441796,
    -9.164199993743));
#270 = CARTESIAN_POINT('',(278.01169086125,2.383809042562,
    -9.229391269029));
#271 = CARTESIAN_POINT('',(277.97103557047,2.295422836975,
    -9.252500542648));
#272 = CARTESIAN_POINT('',(277.93193576749,2.205303602349,
    -9.274998192018));
#273 = CARTESIAN_POINT('',(277.8944557583,2.113492006142,-9.296812759602
    ));
#274 = CARTESIAN_POINT('',(277.85865874764,2.020037536569,
    -9.317872354431));
#275 = CARTESIAN_POINT('',(277.82460630533,1.924999086642,
    -9.338105557955));
#276 = CARTESIAN_POINT('',(277.79235783271,1.828445538205,
    -9.357442329894));
#277 = CARTESIAN_POINT('',(277.69958621162,1.529292092364,
    -9.413532412341));
#278 = CARTESIAN_POINT('',(277.64502001336,1.322000785725,-9.44720088866
    ));
#279 = CARTESIAN_POINT('',(277.59880134594,1.10935196183,-9.476212320646
    ));
#280 = CARTESIAN_POINT('',(277.5613568918,0.892220886758,-9.500030024815
    ));
#281 = CARTESIAN_POINT('',(277.53302376867,0.671585335027,
    -9.518214143365));
#282 = CARTESIAN_POINT('',(277.51404734184,0.448525955856,
    -9.530447379842));
#283 = CARTESIAN_POINT('',(277.50456318425,0.224230227551,
    -9.536560983694));
#284 = CARTESIAN_POINT('',(277.50456318415,0.,-9.536560983717));
#285 = PCURVE('',#183,#286);
#286 = DEFINITIONAL_REPRESENTATION('',(#287),#318);
#287 = B_SPLINE_CURVE_WITH_KNOTS('',8,(#288,#289,#290,#291,#292,#293,
    #294,#295,#296,#297,#298,#299,#300,#301,#302,#303,#304,#305,#306,
    #307,#308,#309,#310,#311,#312,#313,#314,#315,#316,#317),
  .UNSPECIFIED.,.F.,.F.,(9,7,7,7,9),(0.,0.518474416552,0.694331808577,
    0.794454937984,1.),.UNSPECIFIED.);
#288 = CARTESIAN_POINT('',(-0.570575768075,-53.8131625));
#289 = CARTESIAN_POINT('',(-0.557815340014,-53.45783218837));
#290 = CARTESIAN_POINT('',(-0.542653306913,-53.10454461292));
#291 = CARTESIAN_POINT('',(-0.524752574191,-52.753537898));
#292 = CARTESIAN_POINT('',(-0.50371748053,-52.40634156367));
#293 = CARTESIAN_POINT('',(-0.479122018171,-52.06572041343));
#294 = CARTESIAN_POINT('',(-0.450517502786,-51.73572950736));
#295 = CARTESIAN_POINT('',(-0.417521593669,-51.42148673995));
#296 = CARTESIAN_POINT('',(-0.366940994497,-51.0301666875));
#297 = CARTESIAN_POINT('',(-0.353593871534,-50.93368982202));
#298 = CARTESIAN_POINT('',(-0.339703566501,-50.84013195883));
#299 = CARTESIAN_POINT('',(-0.325267207165,-50.74980264598));
#300 = CARTESIAN_POINT('',(-0.310286538809,-50.66303107497));
#301 = CARTESIAN_POINT('',(-0.294768605944,-50.58015968934));
#302 = CARTESIAN_POINT('',(-0.278726522988,-50.50153730838));
#303 = CARTESIAN_POINT('',(-0.252759881307,-50.38536586125));
#304 = CARTESIAN_POINT('',(-0.24317614124,-50.34471057047));
#305 = CARTESIAN_POINT('',(-0.233433011957,-50.30561076749));
#306 = CARTESIAN_POINT('',(-0.22353505711,-50.2681307583));
#307 = CARTESIAN_POINT('',(-0.213487550755,-50.23233374764));
#308 = CARTESIAN_POINT('',(-0.203296522333,-50.19828130533));
#309 = CARTESIAN_POINT('',(-0.192968801651,-50.16603283271));
#310 = CARTESIAN_POINT('',(-0.161045187739,-50.07326121162));
#311 = CARTESIAN_POINT('',(-0.139026407358,-50.01869501336));
#312 = CARTESIAN_POINT('',(-0.116531076545,-49.97247634594));
#313 = CARTESIAN_POINT('',(-9.364068718902E-02,-49.93503189181));
#314 = CARTESIAN_POINT('',(-7.044284617931E-02,-49.90669876866));
#315 = CARTESIAN_POINT('',(-4.70322550967E-02,-49.88772234183));
#316 = CARTESIAN_POINT('',(-2.351269267128E-02,-49.87823818425));
#317 = CARTESIAN_POINT('',(0.,-49.87823818415));
#318 = ( GEOMETRIC_REPRESENTATION_CONTEXT(2) 
PARAMETRIC_REPRESENTATION_CONTEXT() REPRESENTATION_CONTEXT('2D SPACE',''
  ) );
#319 = PCURVE('',#320,#325);
#320 = CYLINDRICAL_SURFACE('',#321,5.5);
#321 = AXIS2_PLACEMENT_3D('',#322,#323,#324);
#322 = CARTESIAN_POINT('',(273.4739,0.,-8.881784197001E-16));
#323 = DIRECTION('',(0.819152044289,0.,-0.573576436351));
#324 = DIRECTION('',(-0.573576436351,0.,-0.819152044289));
#325 = DEFINITIONAL_REPRESENTATION('',(#326),#357);
#326 = B_SPLINE_CURVE_WITH_KNOTS('',8,(#327,#328,#329,#330,#331,#332,
    #333,#334,#335,#336,#337,#338,#339,#340,#341,#342,#343,#344,#345,
    #346,#347,#348,#349,#350,#351,#352,#353,#354,#355,#356),
  .UNSPECIFIED.,.F.,.F.,(9,7,7,7,9),(0.,0.518474416552,0.694331808577,
    0.794454937984,1.),.UNSPECIFIED.);
#327 = CARTESIAN_POINT('',(1.202463273558,11.110831841952));
#328 = CARTESIAN_POINT('',(1.151846682902,10.858910986526));
#329 = CARTESIAN_POINT('',(1.098592765123,10.614898593664));
#330 = CARTESIAN_POINT('',(1.042206037776,10.379419688835));
#331 = CARTESIAN_POINT('',(0.982208628824,10.154026177477));
#332 = CARTESIAN_POINT('',(0.918148656247,9.9409468868));
#333 = CARTESIAN_POINT('',(0.849564586274,9.742813494493));
#334 = CARTESIAN_POINT('',(0.776049553376,9.562001352643));
#335 = CARTESIAN_POINT('',(0.670263170933,9.345822600941));
#336 = CARTESIAN_POINT('',(0.642866834883,9.293355321549));
#337 = CARTESIAN_POINT('',(0.614860896042,9.243272557026));
#338 = CARTESIAN_POINT('',(0.586244076715,9.195673049731));
#339 = CARTESIAN_POINT('',(0.557020287363,9.150650651308));
#340 = CARTESIAN_POINT('',(0.527199040287,9.108291338467));
#341 = CARTESIAN_POINT('',(0.496796200575,9.06867191338));
#342 = CARTESIAN_POINT('',(0.44820758185,9.010902014331));
#343 = CARTESIAN_POINT('',(0.43039934135,8.990854084584));
#344 = CARTESIAN_POINT('',(0.412415027853,8.971729522596));
#345 = CARTESIAN_POINT('',(0.394259957577,8.953540018386));
#346 = CARTESIAN_POINT('',(0.375940164714,8.936296111272));
#347 = CARTESIAN_POINT('',(0.357462478244,8.92000727232));
#348 = CARTESIAN_POINT('',(0.33883459874,8.904681986786));
#349 = CARTESIAN_POINT('',(0.281532996334,8.860859873326));
#350 = CARTESIAN_POINT('',(0.242389661354,8.835473305129));
#351 = CARTESIAN_POINT('',(0.202726529813,8.814253463002));
#352 = CARTESIAN_POINT('',(0.162635253947,8.79724203573));
#353 = CARTESIAN_POINT('',(0.122209729887,8.784462881904));
#354 = CARTESIAN_POINT('',(8.155014661155E-02,8.775934999257));
#355 = CARTESIAN_POINT('',(4.076913262128E-02,8.771672651295));
#356 = CARTESIAN_POINT('',(3.392634534931E-10,8.771672651226));
#357 = ( GEOMETRIC_REPRESENTATION_CONTEXT(2) 
PARAMETRIC_REPRESENTATION_CONTEXT() REPRESENTATION_CONTEXT('2D SPACE',''
  ) );
#358 = ORIENTED_EDGE('',*,*,#359,.F.);
#359 = EDGE_CURVE('',#167,#251,#360,.T.);
#360 = SEAM_CURVE('',#361,(#365,#372),.PCURVE_S1.);
#361 = LINE('',#362,#363);
#362 = CARTESIAN_POINT('',(227.626325,-2.449293598295E-15,-10.));
#363 = VECTOR('',#364,1.);
#364 = DIRECTION('',(0.999956837672,2.275640166177E-18,
    9.291006058896E-03));
#365 = PCURVE('',#183,#366);
#366 = DEFINITIONAL_REPRESENTATION('',(#367),#371);
#367 = LINE('',#368,#369);
#368 = CARTESIAN_POINT('',(-6.28318530718,0.));
#369 = VECTOR('',#370,1.);
#370 = DIRECTION('',(-0.,-1.));
#371 = ( GEOMETRIC_REPRESENTATION_CONTEXT(2) 
PARAMETRIC_REPRESENTATION_CONTEXT() REPRESENTATION_CONTEXT('2D SPACE',''
  ) );
#372 = PCURVE('',#183,#373);
#373 = DEFINITIONAL_REPRESENTATION('',(#374),#378);
#374 = LINE('',#375,#376);
#375 = CARTESIAN_POINT('',(0.,-0.));
#376 = VECTOR('',#377,1.);
#377 = DIRECTION('',(-0.,-1.));
#378 = ( GEOMETRIC_REPRESENTATION_CONTEXT(2) 
PARAMETRIC_REPRESENTATION_CONTEXT() REPRESENTATION_CONTEXT('2D SPACE',''
  ) );
#379 = ORIENTED_EDGE('',*,*,#166,.T.);
#380 = ORIENTED_EDGE('',*,*,#359,.T.);
#381 = ORIENTED_EDGE('',*,*,#382,.T.);
#382 = EDGE_CURVE('',#251,#223,#383,.T.);
#383 = SURFACE_CURVE('',#384,(#415,#449),.PCURVE_S1.);
#384 = B_SPLINE_CURVE_WITH_KNOTS('',8,(#385,#386,#387,#388,#389,#390,
    #391,#392,#393,#394,#395,#396,#397,#398,#399,#400,#401,#402,#403,
    #404,#405,#406,#407,#408,#409,#410,#411,#412,#413,#414),
  .UNSPECIFIED.,.F.,.F.,(9,7,7,7,9),(0.,0.205868068224,0.304227375348,
    0.479859391219,1.),.UNSPECIFIED.);
#385 = CARTESIAN_POINT('',(277.50456318415,-8.881784197001E-16,
    -9.536560983717));
#386 = CARTESIAN_POINT('',(277.50456318426,-0.224585576212,
    -9.536560983691));
#387 = CARTESIAN_POINT('',(277.51407742855,-0.449237098214,
    -9.530427987069));
#388 = CARTESIAN_POINT('',(277.53311409164,-0.672646240868,
    -9.518155914917));
#389 = CARTESIAN_POINT('',(277.56153670837,-0.893619933061,
    -9.499914618221));
#390 = CARTESIAN_POINT('',(277.59909836092,-1.111072737908,
    -9.476023401087));
#391 = CARTESIAN_POINT('',(277.64545987735,-1.324022854255,
    -9.446924800816));
#392 = CARTESIAN_POINT('',(277.70019204172,-1.531591739482,
    -9.413158624847));
#393 = CARTESIAN_POINT('',(277.79265629923,-1.829239374528,
    -9.357265529919));
#394 = CARTESIAN_POINT('',(277.82434544847,-1.924084358554,-9.3382655536
    ));
#395 = CARTESIAN_POINT('',(277.85777546765,-2.017467143021,
    -9.318400587811));
#396 = CARTESIAN_POINT('',(277.89289004798,-2.109322400285,
    -9.29773702513));
#397 = CARTESIAN_POINT('',(277.92963085615,-2.199594103899,
    -9.276342547997));
#398 = CARTESIAN_POINT('',(277.96793802292,-2.288234994787,
    -9.25428529818));
#399 = CARTESIAN_POINT('',(278.00775063167,-2.375206047428,
    -9.231633046249));
#400 = CARTESIAN_POINT('',(278.12267563466,-2.612735268323,
    -9.167060543742));
#401 = CARTESIAN_POINT('',(278.20094636817,-2.759567143311,
    -9.123984846301));
#402 = CARTESIAN_POINT('',(278.28347292843,-2.900802541129,
    -9.079602578409));
#403 = CARTESIAN_POINT('',(278.36990757274,-3.036355730712,
    -9.034277601764));
#404 = CARTESIAN_POINT('',(278.45990865334,-3.166211329888,
    -8.988349094646));
#405 = CARTESIAN_POINT('',(278.55314749083,-3.290412491964,
    -8.942123933019));
#406 = CARTESIAN_POINT('',(278.64931476263,-3.409050218833,
    -8.895872688149));
#407 = CARTESIAN_POINT('',(279.040760686,-3.857510329001,-8.713469895173
    ));
#408 = CARTESIAN_POINT('',(279.35570339482,-4.144093465549,
    -8.579345235898));
#409 = CARTESIAN_POINT('',(279.68658422621,-4.387285238624,
    -8.452924316779));
#410 = CARTESIAN_POINT('',(280.0282170714,-4.59241234229,-8.337434022579
    ));
#411 = CARTESIAN_POINT('',(280.37649116722,-4.764943174789,
    -8.234100946465));
#412 = CARTESIAN_POINT('',(280.72860630747,-4.909613176708,
    -8.14299143196));
#413 = CARTESIAN_POINT('',(281.08301637487,-5.030549046515,
    -8.063579062392));
#414 = CARTESIAN_POINT('',(281.4394875,-5.131108640167,-7.995106260883)
  );
#415 = PCURVE('',#183,#416);
#416 = DEFINITIONAL_REPRESENTATION('',(#417),#448);
#417 = B_SPLINE_CURVE_WITH_KNOTS('',8,(#418,#419,#420,#421,#422,#423,
    #424,#425,#426,#427,#428,#429,#430,#431,#432,#433,#434,#435,#436,
    #437,#438,#439,#440,#441,#442,#443,#444,#445,#446,#447),
  .UNSPECIFIED.,.F.,.F.,(9,7,7,7,9),(0.,0.205868068224,0.304227375348,
    0.479859391219,1.),.UNSPECIFIED.);
#418 = CARTESIAN_POINT('',(-6.28318530718,-49.87823818415));
#419 = CARTESIAN_POINT('',(-6.259635352789,-49.87823818427));
#420 = CARTESIAN_POINT('',(-6.236078481974,-49.88775242855));
#421 = CARTESIAN_POINT('',(-6.212631116384,-49.90678909164));
#422 = CARTESIAN_POINT('',(-6.189397522197,-49.93521170837));
#423 = CARTESIAN_POINT('',(-6.166472821285,-49.97277336092));
#424 = CARTESIAN_POINT('',(-6.143944989636,-50.01913487735));
#425 = CARTESIAN_POINT('',(-6.121895843036,-50.07386704172));
#426 = CARTESIAN_POINT('',(-6.090131244037,-50.16633129923));
#427 = CARTESIAN_POINT('',(-6.079986137079,-50.19802044847));
#428 = CARTESIAN_POINT('',(-6.069972952441,-50.23145046765));
#429 = CARTESIAN_POINT('',(-6.06009816704,-50.26656504798));
#430 = CARTESIAN_POINT('',(-6.050367512622,-50.30330585615));
#431 = CARTESIAN_POINT('',(-6.04078601696,-50.34161302292));
#432 = CARTESIAN_POINT('',(-6.031358045063,-50.38142563167));
#433 = CARTESIAN_POINT('',(-6.00553341581,-50.49635063466));
#434 = CARTESIAN_POINT('',(-5.989481296681,-50.57462136817));
#435 = CARTESIAN_POINT('',(-5.973951251756,-50.65714792843));
#436 = CARTESIAN_POINT('',(-5.958956622142,-50.74358257274));
#437 = CARTESIAN_POINT('',(-5.944504679304,-50.83358365334));
#438 = CARTESIAN_POINT('',(-5.930597392851,-50.92682249083));
#439 = CARTESIAN_POINT('',(-5.917232108084,-51.02298976263));
#440 = CARTESIAN_POINT('',(-5.866405695998,-51.414435686));
#441 = CARTESIAN_POINT('',(-5.833219066274,-51.72937839482));
#442 = CARTESIAN_POINT('',(-5.804457908791,-52.06025922621));
#443 = CARTESIAN_POINT('',(-5.779737543203,-52.40189207141));
#444 = CARTESIAN_POINT('',(-5.758604776971,-52.75016616722));
#445 = CARTESIAN_POINT('',(-5.740629198152,-53.10228130747));
#446 = CARTESIAN_POINT('',(-5.72541093545,-53.45669137487));
#447 = CARTESIAN_POINT('',(-5.712609539104,-53.8131625));
#448 = ( GEOMETRIC_REPRESENTATION_CONTEXT(2) 
PARAMETRIC_REPRESENTATION_CONTEXT() REPRESENTATION_CONTEXT('2D SPACE',''
  ) );
#449 = PCURVE('',#320,#450);
#450 = DEFINITIONAL_REPRESENTATION('',(#451),#482);
#451 = B_SPLINE_CURVE_WITH_KNOTS('',8,(#452,#453,#454,#455,#456,#457,
    #458,#459,#460,#461,#462,#463,#464,#465,#466,#467,#468,#469,#470,
    #471,#472,#473,#474,#475,#476,#477,#478,#479,#480,#481),
  .UNSPECIFIED.,.F.,.F.,(9,7,7,7,9),(0.,0.205868068224,0.304227375348,
    0.479859391219,1.),.UNSPECIFIED.);
#452 = CARTESIAN_POINT('',(6.283185306791,8.771672651227));
#453 = CARTESIAN_POINT('',(6.242351565662,8.771672651305));
#454 = CARTESIAN_POINT('',(6.201505862325,8.775948521615));
#455 = CARTESIAN_POINT('',(6.160782193135,8.78450347169));
#456 = CARTESIAN_POINT('',(6.120293711979,8.797323138338));
#457 = CARTESIAN_POINT('',(6.080141043126,8.814388403621));
#458 = CARTESIAN_POINT('',(6.040418475464,8.835675263136));
#459 = CARTESIAN_POINT('',(6.001218038119,8.861141744587));
#460 = CARTESIAN_POINT('',(5.944195624406,8.904825067946));
#461 = CARTESIAN_POINT('',(5.925896558388,8.919885360623));
#462 = CARTESIAN_POINT('',(5.907742444113,8.935875552884));
#463 = CARTESIAN_POINT('',(5.889740584395,8.952787600499));
#464 = CARTESIAN_POINT('',(5.871897470715,8.970612540672));
#465 = CARTESIAN_POINT('',(5.854218853781,8.989340415895));
#466 = CARTESIAN_POINT('',(5.836709814085,9.008960197804));
#467 = CARTESIAN_POINT('',(5.78842120075,9.066063983068));
#468 = CARTESIAN_POINT('',(5.758023228217,9.105472409398));
#469 = CARTESIAN_POINT('',(5.728204468269,9.14761758689));
#470 = CARTESIAN_POINT('',(5.698981026344,9.192423363896));
#471 = CARTESIAN_POINT('',(5.670362653942,9.239804423616));
#472 = CARTESIAN_POINT('',(5.64235350261,9.28966754448));
#473 = CARTESIAN_POINT('',(5.61495253788,9.341914537553));
#474 = CARTESIAN_POINT('',(5.508787621984,9.557946321936));
#475 = CARTESIAN_POINT('',(5.434941689615,9.739001544388));
#476 = CARTESIAN_POINT('',(5.366064086684,9.937531179723));
#477 = CARTESIAN_POINT('',(5.301745760144,10.151137943158));
#478 = CARTESIAN_POINT('',(5.241521027427,10.377157922505));
#479 = CARTESIAN_POINT('',(5.184933783323,10.613335520187));
#480 = CARTESIAN_POINT('',(5.131501132803,10.858102175028));
#481 = CARTESIAN_POINT('',(5.080722033929,11.110831840428));
#482 = ( GEOMETRIC_REPRESENTATION_CONTEXT(2) 
PARAMETRIC_REPRESENTATION_CONTEXT() REPRESENTATION_CONTEXT('2D SPACE',''
  ) );
#483 = ADVANCED_FACE('',(#484),#239,.T.);
#484 = FACE_BOUND('',#485,.T.);
#485 = EDGE_LOOP('',(#486,#487,#675,#698,#939,#962,#1095,#1123,#1225,
    #1226,#1460,#1461));
#486 = ORIENTED_EDGE('',*,*,#220,.T.);
#487 = ORIENTED_EDGE('',*,*,#488,.T.);
#488 = EDGE_CURVE('',#223,#489,#491,.T.);
#489 = VERTEX_POINT('',#490);
#490 = CARTESIAN_POINT('',(296.4313291296,-2.292711408812E-15,
    -9.360704696276));
#491 = SURFACE_CURVE('',#492,(#551,#613),.PCURVE_S1.);
#492 = B_SPLINE_CURVE_WITH_KNOTS('',8,(#493,#494,#495,#496,#497,#498,
    #499,#500,#501,#502,#503,#504,#505,#506,#507,#508,#509,#510,#511,
    #512,#513,#514,#515,#516,#517,#518,#519,#520,#521,#522,#523,#524,
    #525,#526,#527,#528,#529,#530,#531,#532,#533,#534,#535,#536,#537,
    #538,#539,#540,#541,#542,#543,#544,#545,#546,#547,#548,#549,#550),
  .UNSPECIFIED.,.F.,.F.,(9,7,7,7,7,7,7,7,9),(0.,0.155570289601,
    0.300481266397,0.473552149718,0.643541007486,0.815629230149,
    0.913644546403,0.965947027235,1.),.UNSPECIFIED.);
#493 = CARTESIAN_POINT('',(281.4394875,-5.131108640167,-7.995106260883)
  );
#494 = CARTESIAN_POINT('',(281.75864637151,-5.221142542302,
    -7.933800588425));
#495 = CARTESIAN_POINT('',(282.07892820932,-5.294694249351,
    -7.881365960363));
#496 = CARTESIAN_POINT('',(282.39968177505,-5.354138246358,
    -7.837299002818));
#497 = CARTESIAN_POINT('',(282.72041570495,-5.401294965672,
    -7.801013642628));
#498 = CARTESIAN_POINT('',(283.04077684259,-5.437621788602,
    -7.771912699246));
#499 = CARTESIAN_POINT('',(283.3605400971,-5.464304631104,
    -7.749424116401));
#500 = CARTESIAN_POINT('',(283.67960392862,-5.482301091862,
    -7.733017184614));
#501 = CARTESIAN_POINT('',(284.29455242987,-5.501780186233,
    -7.712151228453));
#502 = CARTESIAN_POINT('',(284.59044840583,-5.504307372526,
    -7.706953252068));
#503 = CARTESIAN_POINT('',(284.88562673108,-5.500596638076,
    -7.706231402975));
#504 = CARTESIAN_POINT('',(285.18005227684,-5.491143453257,
    -7.709634315316));
#505 = CARTESIAN_POINT('',(285.473702277,-5.476342427512,-7.716844907043
    ));
#506 = CARTESIAN_POINT('',(285.76656698588,-5.456510501194,
    -7.727577438397));
#507 = CARTESIAN_POINT('',(286.05865026138,-5.431900722408,
    -7.741574752759));
#508 = CARTESIAN_POINT('',(286.69790077071,-5.367839332869,
    -7.778946195273));
#509 = CARTESIAN_POINT('',(287.04471762629,-5.326435710027,
    -7.803612431221));
#510 = CARTESIAN_POINT('',(287.3904394987,-5.278829117139,
    -7.832209024001));
#511 = CARTESIAN_POINT('',(287.73507643801,-5.225241836225,
    -7.864390424132));
#512 = CARTESIAN_POINT('',(288.07863275105,-5.165807124816,
    -7.899851928693));
#513 = CARTESIAN_POINT('',(288.42110907938,-5.100581008099,
    -7.938322484158));
#514 = CARTESIAN_POINT('',(288.76250348968,-5.029543792917,
    -7.979559279706));
#515 = CARTESIAN_POINT('',(289.43705949832,-4.877009175001,
    -8.066349266986));
#516 = CARTESIAN_POINT('',(289.77024063885,-4.795724942044,
    -8.111810069611));
#517 = CARTESIAN_POINT('',(290.10235370665,-4.708640088711,
    -8.159519546286));
#518 = CARTESIAN_POINT('',(290.43337536388,-4.615583648257,
    -8.209290987677));
#519 = CARTESIAN_POINT('',(290.76326015636,-4.516302853,-8.260952685942)
  );
#520 = CARTESIAN_POINT('',(291.09194022447,-4.410453646759,
    -8.314344164551));
#521 = CARTESIAN_POINT('',(291.4193224018,-4.297569662329,
    -8.369312821345));
#522 = CARTESIAN_POINT('',(292.07526379757,-4.054917688399,
    -8.482803456176));
#523 = CARTESIAN_POINT('',(292.40365428027,-3.925006820718,
    -8.541337855665));
#524 = CARTESIAN_POINT('',(292.73044412274,-3.78653982915,
    -8.601177739715));
#525 = CARTESIAN_POINT('',(293.05547606423,-3.638591118387,
    -8.662175599309));
#526 = CARTESIAN_POINT('',(293.37845403696,-3.480055028089,
    -8.724165934056));
#527 = CARTESIAN_POINT('',(293.69887542035,-3.30930633706,
    -8.786944901064));
#528 = CARTESIAN_POINT('',(294.01605964122,-3.124326912925,
    -8.850272618201));
#529 = CARTESIAN_POINT('',(294.50700877422,-2.805398188683,
    -8.949988042388));
#530 = CARTESIAN_POINT('',(294.68349257945,-2.683914844092,
    -8.986188351537));
#531 = CARTESIAN_POINT('',(294.85829948002,-2.555850717849,
    -9.022380930768));
#532 = CARTESIAN_POINT('',(295.03116826806,-2.420216014353,
    -9.058491578876));
#533 = CARTESIAN_POINT('',(295.20161650525,-2.275937127601,
    -9.094398930758));
#534 = CARTESIAN_POINT('',(295.36878939768,-2.121433809742,
    -9.129897837604));
#535 = CARTESIAN_POINT('',(295.53156743169,-1.954913794092,
    -9.164720598727));
#536 = CARTESIAN_POINT('',(295.77139081248,-1.675116679669,
    -9.216366388209));
#537 = CARTESIAN_POINT('',(295.85278130419,-1.573500202736,
    -9.233959650685));
#538 = CARTESIAN_POINT('',(295.93199230972,-1.466873346743,
    -9.251142881016));
#539 = CARTESIAN_POINT('',(296.00861243793,-1.354527132723,
    -9.267820773381));
#540 = CARTESIAN_POINT('',(296.08191296766,-1.235753215076,
    -9.283827587957));
#541 = CARTESIAN_POINT('',(296.15085600711,-1.109853850692,
    -9.298927252193));
#542 = CARTESIAN_POINT('',(296.21406216974,-0.976086711636,
    -9.31280540228));
#543 = CARTESIAN_POINT('',(296.30585652071,-0.740550784749,
    -9.333000270655));
#544 = CARTESIAN_POINT('',(296.33883872921,-0.643875805102,
    -9.340267966882));
#545 = CARTESIAN_POINT('',(296.36796682447,-0.543419825024,
    -9.346695634506));
#546 = CARTESIAN_POINT('',(296.39250321812,-0.439378194261,
    -9.352116768697));
#547 = CARTESIAN_POINT('',(296.41167592089,-0.332160071223,
    -9.356356643046));
#548 = CARTESIAN_POINT('',(296.42477790447,-0.222436381416,
    -9.35925532043));
#549 = CARTESIAN_POINT('',(296.43132912951,-0.11122064797,
    -9.360704696264));
#550 = CARTESIAN_POINT('',(296.4313291296,0.,-9.360704696276));
#551 = PCURVE('',#239,#552);
#552 = DEFINITIONAL_REPRESENTATION('',(#553),#612);
#553 = B_SPLINE_CURVE_WITH_KNOTS('',8,(#554,#555,#556,#557,#558,#559,
    #560,#561,#562,#563,#564,#565,#566,#567,#568,#569,#570,#571,#572,
    #573,#574,#575,#576,#577,#578,#579,#580,#581,#582,#583,#584,#585,
    #586,#587,#588,#589,#590,#591,#592,#593,#594,#595,#596,#597,#598,
    #599,#600,#601,#602,#603,#604,#605,#606,#607,#608,#609,#610,#611),
  .UNSPECIFIED.,.F.,.F.,(9,7,7,7,7,7,7,7,9),(0.,0.155570289601,
    0.300481266397,0.473552149718,0.643541007486,0.815629230149,
    0.913644546403,0.965947027235,1.),.UNSPECIFIED.);
#554 = CARTESIAN_POINT('',(-5.712609539104,0.));
#555 = CARTESIAN_POINT('',(-5.701148080043,-0.319158871513));
#556 = CARTESIAN_POINT('',(-5.691642926453,-0.639440709329));
#557 = CARTESIAN_POINT('',(-5.683855247916,-0.960194275051));
#558 = CARTESIAN_POINT('',(-5.677593313292,-1.280928204955));
#559 = CARTESIAN_POINT('',(-5.672696796949,-1.601289342594));
#560 = CARTESIAN_POINT('',(-5.669030178175,-1.921052597108));
#561 = CARTESIAN_POINT('',(-5.666480176659,-2.240116428622));
#562 = CARTESIAN_POINT('',(-5.663528852791,-2.855064929879));
#563 = CARTESIAN_POINT('',(-5.662992656369,-3.150960905839));
#564 = CARTESIAN_POINT('',(-5.663266752067,-3.446139231081));
#565 = CARTESIAN_POINT('',(-5.664287932441,-3.740564776844));
#566 = CARTESIAN_POINT('',(-5.666003634628,-4.034214777006));
#567 = CARTESIAN_POINT('',(-5.668369810008,-4.327079485888));
#568 = CARTESIAN_POINT('',(-5.671349637044,-4.619162761389));
#569 = CARTESIAN_POINT('',(-5.679168985133,-5.258413270719));
#570 = CARTESIAN_POINT('',(-5.684257034236,-5.605230126292));
#571 = CARTESIAN_POINT('',(-5.690125618774,-5.950951998708));
#572 = CARTESIAN_POINT('',(-5.696735877723,-6.295588938011));
#573 = CARTESIAN_POINT('',(-5.704059380264,-6.639145251055));
#574 = CARTESIAN_POINT('',(-5.712076851214,-6.981621579384));
#575 = CARTESIAN_POINT('',(-5.72077793651,-7.323015989687));
#576 = CARTESIAN_POINT('',(-5.739378970575,-7.99757199832));
#577 = CARTESIAN_POINT('',(-5.749254281043,-8.33075313886));
#578 = CARTESIAN_POINT('',(-5.759787329109,-8.66286620665));
#579 = CARTESIAN_POINT('',(-5.770985850008,-8.993887863888));
#580 = CARTESIAN_POINT('',(-5.782866791623,-9.323772656362));
#581 = CARTESIAN_POINT('',(-5.795457213194,-9.652452724478));
#582 = CARTESIAN_POINT('',(-5.808797470833,-9.979834901801));
#583 = CARTESIAN_POINT('',(-5.837275188684,-10.63577629757));
#584 = CARTESIAN_POINT('',(-5.852427117452,-10.96416678027));
#585 = CARTESIAN_POINT('',(-5.868471928115,-11.29095662273));
#586 = CARTESIAN_POINT('',(-5.885498864128,-11.61598856424));
#587 = CARTESIAN_POINT('',(-5.903615847841,-11.93896653695));
#588 = CARTESIAN_POINT('',(-5.922985442761,-12.25938792035));
#589 = CARTESIAN_POINT('',(-5.943811312784,-12.57657214122));
#590 = CARTESIAN_POINT('',(-5.979431145275,-13.06752127422));
#591 = CARTESIAN_POINT('',(-5.99294516873,-13.24400507945));
#592 = CARTESIAN_POINT('',(-6.007134383948,-13.41881198001));
#593 = CARTESIAN_POINT('',(-6.022101807181,-13.59168076808));
#594 = CARTESIAN_POINT('',(-6.037958595953,-13.76212900524));
#595 = CARTESIAN_POINT('',(-6.054869316602,-13.92930189768));
#596 = CARTESIAN_POINT('',(-6.073020711002,-14.09207993169));
#597 = CARTESIAN_POINT('',(-6.103392906224,-14.33190331248));
#598 = CARTESIAN_POINT('',(-6.114401950761,-14.41329380419));
#599 = CARTESIAN_POINT('',(-6.125931787202,-14.49250480972));
#600 = CARTESIAN_POINT('',(-6.13805727104,-14.56912493793));
#601 = CARTESIAN_POINT('',(-6.150852888371,-14.64242546766));
#602 = CARTESIAN_POINT('',(-6.16439201615,-14.71136850711));
#603 = CARTESIAN_POINT('',(-6.178753315997,-14.77457466974));
#604 = CARTESIAN_POINT('',(-6.204003618816,-14.86636902071));
#605 = CARTESIAN_POINT('',(-6.214358633495,-14.89935122921));
#606 = CARTESIAN_POINT('',(-6.225110166314,-14.92847932447));
#607 = CARTESIAN_POINT('',(-6.236237738471,-14.95301571812));
#608 = CARTESIAN_POINT('',(-6.247698544695,-14.97218842089));
#609 = CARTESIAN_POINT('',(-6.259422525636,-14.98529040447));
#610 = CARTESIAN_POINT('',(-6.271303653866,-14.99184162951));
#611 = CARTESIAN_POINT('',(-6.28318530718,-14.9918416296));
#612 = ( GEOMETRIC_REPRESENTATION_CONTEXT(2) 
PARAMETRIC_REPRESENTATION_CONTEXT() REPRESENTATION_CONTEXT('2D SPACE',''
  ) );
#613 = PCURVE('',#320,#614);
#614 = DEFINITIONAL_REPRESENTATION('',(#615),#674);
#615 = B_SPLINE_CURVE_WITH_KNOTS('',8,(#616,#617,#618,#619,#620,#621,
    #622,#623,#624,#625,#626,#627,#628,#629,#630,#631,#632,#633,#634,
    #635,#636,#637,#638,#639,#640,#641,#642,#643,#644,#645,#646,#647,
    #648,#649,#650,#651,#652,#653,#654,#655,#656,#657,#658,#659,#660,
    #661,#662,#663,#664,#665,#666,#667,#668,#669,#670,#671,#672,#673),
  .UNSPECIFIED.,.F.,.F.,(9,7,7,7,7,7,7,7,9),(0.,0.155570289601,
    0.300481266397,0.473552149718,0.643541007486,0.815629230149,
    0.913644546403,0.965947027235,1.),.UNSPECIFIED.);
#616 = CARTESIAN_POINT('',(5.080722033621,11.110831841954));
#617 = CARTESIAN_POINT('',(5.035258043004,11.33710799487));
#618 = CARTESIAN_POINT('',(4.991996385926,11.569392249958));
#619 = CARTESIAN_POINT('',(4.950632068649,11.806862420566));
#620 = CARTESIAN_POINT('',(4.910926662648,12.048779847329));
#621 = CARTESIAN_POINT('',(4.872679248675,12.294512712735));
#622 = CARTESIAN_POINT('',(4.835713755693,12.543548515154));
#623 = CARTESIAN_POINT('',(4.799873441519,12.795499675531));
#624 = CARTESIAN_POINT('',(4.732541620515,13.287267776692));
#625 = CARTESIAN_POINT('',(4.700929046548,13.526670133526));
#626 = CARTESIAN_POINT('',(4.670064553055,13.768052026447));
#627 = CARTESIAN_POINT('',(4.639853939018,14.011183144484));
#628 = CARTESIAN_POINT('',(4.61021496971,14.255862967928));
#629 = CARTESIAN_POINT('',(4.581073720018,14.501919619996));
#630 = CARTESIAN_POINT('',(4.552362080786,14.749208761916));
#631 = CARTESIAN_POINT('',(4.490162490864,15.294287502265));
#632 = CARTESIAN_POINT('',(4.45683294322,15.592531210215));
#633 = CARTESIAN_POINT('',(4.423920393053,15.892132320538));
#634 = CARTESIAN_POINT('',(4.391329115454,16.192900866709));
#635 = CARTESIAN_POINT('',(4.358970830578,16.494665606282));
#636 = CARTESIAN_POINT('',(4.326760842761,16.797271594861));
#637 = CARTESIAN_POINT('',(4.294614541022,17.100577978207));
#638 = CARTESIAN_POINT('',(4.230846865337,17.702922603281));
#639 = CARTESIAN_POINT('',(4.199228095395,18.001923860834));
#640 = CARTESIAN_POINT('',(4.167504407438,18.301339990865));
#641 = CARTESIAN_POINT('',(4.135591199587,18.601044784078));
#642 = CARTESIAN_POINT('',(4.103398444734,18.900902518998));
#643 = CARTESIAN_POINT('',(4.070827295108,19.200765562747));
#644 = CARTESIAN_POINT('',(4.037763520289,19.500470068839));
#645 = CARTESIAN_POINT('',(3.969947566628,20.102881358005));
#646 = CARTESIAN_POINT('',(3.935193197561,20.4054570455));
#647 = CARTESIAN_POINT('',(3.899641057755,20.707470360453));
#648 = CARTESIAN_POINT('',(3.863105921776,21.008707874718));
#649 = CARTESIAN_POINT('',(3.825379260733,21.308832136632));
#650 = CARTESIAN_POINT('',(3.786167002966,21.607314504039));
#651 = CARTESIAN_POINT('',(3.745111175546,21.903459893299));
#652 = CARTESIAN_POINT('',(3.67667372926,22.362816296898));
#653 = CARTESIAN_POINT('',(3.65104704645,22.528147011049));
#654 = CARTESIAN_POINT('',(3.624475788086,22.692099651624));
#655 = CARTESIAN_POINT('',(3.596785238843,22.854417689607));
#656 = CARTESIAN_POINT('',(3.567790356301,23.014636322468));
#657 = CARTESIAN_POINT('',(3.537217690819,23.171937675535));
#658 = CARTESIAN_POINT('',(3.504757307186,23.325251150092));
#659 = CARTESIAN_POINT('',(3.451018042953,23.551325770612));
#660 = CARTESIAN_POINT('',(3.431637087429,23.628088039077));
#661 = CARTESIAN_POINT('',(3.41143727598,23.70282979221));
#662 = CARTESIAN_POINT('',(3.390293072151,23.775159372931));
#663 = CARTESIAN_POINT('',(3.368080704029,23.844384783371));
#664 = CARTESIAN_POINT('',(3.34467805851,23.909520426683));
#665 = CARTESIAN_POINT('',(3.319951981065,23.969256063883));
#666 = CARTESIAN_POINT('',(3.276626959167,24.05603289477));
#667 = CARTESIAN_POINT('',(3.258895478017,24.087218917575));
#668 = CARTESIAN_POINT('',(3.240518835448,24.114766015088));
#669 = CARTESIAN_POINT('',(3.221529998199,24.137974486895));
#670 = CARTESIAN_POINT('',(3.201997998035,24.15611173756));
#671 = CARTESIAN_POINT('',(3.182035629522,24.168506867309));
#672 = CARTESIAN_POINT('',(3.161814589972,24.174704644467));
#673 = CARTESIAN_POINT('',(3.141592653977,24.174704644549));
#674 = ( GEOMETRIC_REPRESENTATION_CONTEXT(2) 
PARAMETRIC_REPRESENTATION_CONTEXT() REPRESENTATION_CONTEXT('2D SPACE',''
  ) );
#675 = ORIENTED_EDGE('',*,*,#676,.T.);
#676 = EDGE_CURVE('',#489,#677,#679,.T.);
#677 = VERTEX_POINT('',#678);
#678 = CARTESIAN_POINT('',(302.23898559054,-1.782686920569E-15,
    -9.306743395814));
#679 = SEAM_CURVE('',#680,(#684,#691),.PCURVE_S1.);
#680 = LINE('',#681,#682);
#681 = CARTESIAN_POINT('',(281.4394875,-2.32682891838E-15,-9.5));
#682 = VECTOR('',#683,1.);
#683 = DIRECTION('',(0.999956837672,2.275640166177E-18,
    9.291006058896E-03));
#684 = PCURVE('',#239,#685);
#685 = DEFINITIONAL_REPRESENTATION('',(#686),#690);
#686 = LINE('',#687,#688);
#687 = CARTESIAN_POINT('',(0.,-0.));
#688 = VECTOR('',#689,1.);
#689 = DIRECTION('',(-0.,-1.));
#690 = ( GEOMETRIC_REPRESENTATION_CONTEXT(2) 
PARAMETRIC_REPRESENTATION_CONTEXT() REPRESENTATION_CONTEXT('2D SPACE',''
  ) );
#691 = PCURVE('',#239,#692);
#692 = DEFINITIONAL_REPRESENTATION('',(#693),#697);
#693 = LINE('',#694,#695);
#694 = CARTESIAN_POINT('',(-6.28318530718,0.));
#695 = VECTOR('',#696,1.);
#696 = DIRECTION('',(-0.,-1.));
#697 = ( GEOMETRIC_REPRESENTATION_CONTEXT(2) 
PARAMETRIC_REPRESENTATION_CONTEXT() REPRESENTATION_CONTEXT('2D SPACE',''
  ) );
#698 = ORIENTED_EDGE('',*,*,#699,.T.);
#699 = EDGE_CURVE('',#677,#700,#702,.T.);
#700 = VERTEX_POINT('',#701);
#701 = CARTESIAN_POINT('',(313.06179820294,-2.254864811859E-15,
    -9.20618423789));
#702 = SURFACE_CURVE('',#703,(#778,#856),.PCURVE_S1.);
#703 = B_SPLINE_CURVE_WITH_KNOTS('',7,(#704,#705,#706,#707,#708,#709,
    #710,#711,#712,#713,#714,#715,#716,#717,#718,#719,#720,#721,#722,
    #723,#724,#725,#726,#727,#728,#729,#730,#731,#732,#733,#734,#735,
    #736,#737,#738,#739,#740,#741,#742,#743,#744,#745,#746,#747,#748,
    #749,#750,#751,#752,#753,#754,#755,#756,#757,#758,#759,#760,#761,
    #762,#763,#764,#765,#766,#767,#768,#769,#770,#771,#772,#773,#774,
    #775,#776,#777),.UNSPECIFIED.,.F.,.F.,(8,6,6,6,6,6,6,6,6,6,6,6,8),(
    0.,5.962739231906E-02,9.856960124038E-02,0.152124426778,
    0.196392921089,0.33472568074,0.480154071394,0.575021186575,
    0.72172681175,0.789181750132,0.841963641614,0.90795128255,1.),
  .UNSPECIFIED.);
#704 = CARTESIAN_POINT('',(302.23898559054,-8.881784197001E-16,
    -9.306743395814));
#705 = CARTESIAN_POINT('',(302.23898559059,-0.179327783678,-9.3067433958
    ));
#706 = CARTESIAN_POINT('',(302.24732220035,-0.358720130221,
    -9.30263466706));
#707 = CARTESIAN_POINT('',(302.2640057168,-0.536775127083,-9.29441175316
    ));
#708 = CARTESIAN_POINT('',(302.28872293814,-0.712358007226,
    -9.28225041405));
#709 = CARTESIAN_POINT('',(302.32095747176,-0.884561907262,
    -9.266444841706));
#710 = CARTESIAN_POINT('',(302.36007842014,-1.052677416231,
    -9.247357172443));
#711 = CARTESIAN_POINT('',(302.43499496457,-1.322947309877,
    -9.211025707273));
#712 = CARTESIAN_POINT('',(302.46724784741,-1.427793561936,
    -9.195433683196));
#713 = CARTESIAN_POINT('',(302.50197984815,-1.530603206208,
    -9.178705140166));
#714 = CARTESIAN_POINT('',(302.53901577608,-1.631308152837,
    -9.160941963847));
#715 = CARTESIAN_POINT('',(302.57818714353,-1.729873353537,
    -9.142242926203));
#716 = CARTESIAN_POINT('',(302.61933781431,-1.826291468047,
    -9.122700602632));
#717 = CARTESIAN_POINT('',(302.72145368377,-2.050243355094,
    -9.074477765598));
#718 = CARTESIAN_POINT('',(302.78405155808,-2.175859373456,
    -9.045123788624));
#719 = CARTESIAN_POINT('',(302.84976709848,-2.297482115859,
    -9.014552084323));
#720 = CARTESIAN_POINT('',(302.91828351021,-2.415196506086,
    -8.982957258305));
#721 = CARTESIAN_POINT('',(302.98932635914,-2.52911153458,
    -8.950511845521));
#722 = CARTESIAN_POINT('',(303.06266655037,-2.639355931524,
    -8.917365360132));
#723 = CARTESIAN_POINT('',(303.20049596819,-2.834287013506,
    -8.855768680427));
#724 = CARTESIAN_POINT('',(303.26430876646,-2.920082244101,
    -8.827503528556));
#725 = CARTESIAN_POINT('',(303.32945519642,-3.003535969378,
    -8.798920898954));
#726 = CARTESIAN_POINT('',(303.39584125666,-3.084720342604,
    -8.770087261888));
#727 = CARTESIAN_POINT('',(303.46338506486,-3.163704145174,
    -8.741063003864));
#728 = CARTESIAN_POINT('',(303.53201647291,-3.240553699134,
    -8.711902882789));
#729 = CARTESIAN_POINT('',(303.81935494599,-3.549010914492,
    -8.591265636534));
#730 = CARTESIAN_POINT('',(304.04694518518,-3.762336620786,
    -8.499088648737));
#731 = CARTESIAN_POINT('',(304.28281384524,-3.957509962344,
    -8.40756450459));
#732 = CARTESIAN_POINT('',(304.52584579768,-4.135784504514,
    -8.317895177409));
#733 = CARTESIAN_POINT('',(304.77522396963,-4.298142494114,-8.231175842)
  );
#734 = CARTESIAN_POINT('',(305.03045426656,-4.445256777207,
    -8.148411518363));
#735 = CARTESIAN_POINT('',(305.56567261737,-4.716587035061,
    -7.988799738807));
#736 = CARTESIAN_POINT('',(305.84603544042,-4.839127371958,
    -7.912540200509));
#737 = CARTESIAN_POINT('',(306.13211956698,-4.945593054725,
    -7.843006025366));
#738 = CARTESIAN_POINT('',(306.4235419164,-5.035900597867,
    -7.781475667566));
#739 = CARTESIAN_POINT('',(306.71983462181,-5.109653766946,
    -7.729311287759));
#740 = CARTESIAN_POINT('',(307.0204230419,-5.166155764595,
    -7.687891690151));
#741 = CARTESIAN_POINT('',(307.52297235966,-5.229437620994,
    -7.639241664365));
#742 = CARTESIAN_POINT('',(307.72285558942,-5.246670490048,
    -7.625134604978));
#743 = CARTESIAN_POINT('',(307.92396421378,-5.255886803368,
    -7.616470289418));
#744 = CARTESIAN_POINT('',(308.1259869886,-5.256783319884,
    -7.613560790167));
#745 = CARTESIAN_POINT('',(308.32855235278,-5.249033549673,
    -7.616656199587));
#746 = CARTESIAN_POINT('',(308.53122455222,-5.232308661562,
    -7.625911979393));
#747 = CARTESIAN_POINT('',(309.04630430008,-5.16609326032,
    -7.665235640347));
#748 = CARTESIAN_POINT('',(309.35827817019,-5.103677270924,
    -7.703921669938));
#749 = CARTESIAN_POINT('',(309.66735656135,-5.017932260189,
    -7.757516203046));
#750 = CARTESIAN_POINT('',(309.97148222816,-4.907916206069,
    -7.825372991172));
#751 = CARTESIAN_POINT('',(310.26861087445,-4.772868679501,
    -7.905990058547));
#752 = CARTESIAN_POINT('',(310.55669278242,-4.612244063959,
    -7.997172672511));
#753 = CARTESIAN_POINT('',(310.96096636471,-4.339836264693,
    -8.141797687869));
#754 = CARTESIAN_POINT('',(311.08596245153,-4.248531056282,
    -8.189024577264));
#755 = CARTESIAN_POINT('',(311.20843217208,-4.151667217096,
    -8.237672237584));
#756 = CARTESIAN_POINT('',(311.32818177368,-4.049194366141,
    -8.287466284453));
#757 = CARTESIAN_POINT('',(311.44500888963,-3.941064534951,
    -8.338113428877));
#758 = CARTESIAN_POINT('',(311.55870075816,-3.827230254857,
    -8.389303910207));
#759 = CARTESIAN_POINT('',(311.75536437001,-3.614068171614,
    -8.480941051126));
#760 = CARTESIAN_POINT('',(311.8396351694,-3.516975114415,
    -8.521300781003));
#761 = CARTESIAN_POINT('',(311.92173726134,-3.416340253786,
    -8.561637999489));
#762 = CARTESIAN_POINT('',(312.00155183706,-3.312146555493,
    -8.601788922042));
#763 = CARTESIAN_POINT('',(312.07894940117,-3.204384461418,
    -8.641581829533));
#764 = CARTESIAN_POINT('',(312.15379031544,-3.093053181041,
    -8.680837798955));
#765 = CARTESIAN_POINT('',(312.31610817148,-2.834525616056,
    -8.767545980576));
#766 = CARTESIAN_POINT('',(312.40205635737,-2.685333764935,
    -8.814588700453));
#767 = CARTESIAN_POINT('',(312.48348005442,-2.530603601922,
    -8.860138289379));
#768 = CARTESIAN_POINT('',(312.56004740398,-2.370406903583,
    -8.903808467229));
#769 = CARTESIAN_POINT('',(312.63139405909,-2.204881373039,
    -8.945193506877));
#770 = CARTESIAN_POINT('',(312.69713649261,-2.034247118306,
    -8.983880080519));
#771 = CARTESIAN_POINT('',(312.84024030086,-1.614129760608,
    -9.069104797683));
#772 = CARTESIAN_POINT('',(312.91199561029,-1.359949002949,
    -9.112744721685));
#773 = CARTESIAN_POINT('',(312.970972936,-1.097444665159,-9.149215107146
    ));
#774 = CARTESIAN_POINT('',(313.01612353302,-0.828112356628,
    -9.177454730593));
#775 = CARTESIAN_POINT('',(313.04657975771,-0.553817372913,
    -9.196612535385));
#776 = CARTESIAN_POINT('',(313.06179820287,-0.276849515067,
    -9.206184237871));
#777 = CARTESIAN_POINT('',(313.06179820293,0.,-9.20618423789));
#778 = PCURVE('',#239,#779);
#779 = DEFINITIONAL_REPRESENTATION('',(#780),#855);
#780 = B_SPLINE_CURVE_WITH_KNOTS('',7,(#781,#782,#783,#784,#785,#786,
    #787,#788,#789,#790,#791,#792,#793,#794,#795,#796,#797,#798,#799,
    #800,#801,#802,#803,#804,#805,#806,#807,#808,#809,#810,#811,#812,
    #813,#814,#815,#816,#817,#818,#819,#820,#821,#822,#823,#824,#825,
    #826,#827,#828,#829,#830,#831,#832,#833,#834,#835,#836,#837,#838,
    #839,#840,#841,#842,#843,#844,#845,#846,#847,#848,#849,#850,#851,
    #852,#853,#854),.UNSPECIFIED.,.F.,.F.,(8,6,6,6,6,6,6,6,6,6,6,6,8),(
    0.,5.962739231906E-02,9.856960124038E-02,0.152124426778,
    0.196392921089,0.33472568074,0.480154071394,0.575021186575,
    0.72172681175,0.789181750132,0.841963641614,0.90795128255,1.),
  .UNSPECIFIED.);
#781 = CARTESIAN_POINT('',(-6.28318530718,-20.79949809054));
#782 = CARTESIAN_POINT('',(-6.263916721376,-20.79949809059));
#783 = CARTESIAN_POINT('',(-6.244641201311,-20.80783470035));
#784 = CARTESIAN_POINT('',(-6.225497006903,-20.8245182168));
#785 = CARTESIAN_POINT('',(-6.20659370307,-20.84923543814));
#786 = CARTESIAN_POINT('',(-6.188018494209,-20.88146997176));
#787 = CARTESIAN_POINT('',(-6.169840403021,-20.92059092014));
#788 = CARTESIAN_POINT('',(-6.140534196601,-20.99550746457));
#789 = CARTESIAN_POINT('',(-6.129143557017,-21.02776034741));
#790 = CARTESIAN_POINT('',(-6.117950494857,-21.06249234815));
#791 = CARTESIAN_POINT('',(-6.106961466962,-21.09952827608));
#792 = CARTESIAN_POINT('',(-6.096179759024,-21.13869964353));
#793 = CARTESIAN_POINT('',(-6.085605977522,-21.17985031431));
#794 = CARTESIAN_POINT('',(-6.060980844565,-21.28196618377));
#795 = CARTESIAN_POINT('',(-6.047115323708,-21.34456405808));
#796 = CARTESIAN_POINT('',(-6.033635978246,-21.41027959848));
#797 = CARTESIAN_POINT('',(-6.020534573857,-21.47879601021));
#798 = CARTESIAN_POINT('',(-6.007800853456,-21.54983885914));
#799 = CARTESIAN_POINT('',(-5.995422747919,-21.62317905037));
#800 = CARTESIAN_POINT('',(-5.973437479044,-21.76100846819));
#801 = CARTESIAN_POINT('',(-5.96372296108,-21.82482126646));
#802 = CARTESIAN_POINT('',(-5.954235895127,-21.88996769642));
#803 = CARTESIAN_POINT('',(-5.9449697162,-21.95635375666));
#804 = CARTESIAN_POINT('',(-5.935918299307,-22.02389756486));
#805 = CARTESIAN_POINT('',(-5.927075826658,-22.09252897291));
#806 = CARTESIAN_POINT('',(-5.891440469584,-22.37986744599));
#807 = CARTESIAN_POINT('',(-5.866446057482,-22.60745768518));
#808 = CARTESIAN_POINT('',(-5.843256263913,-22.84332634524));
#809 = CARTESIAN_POINT('',(-5.821781177075,-23.08635829768));
#810 = CARTESIAN_POINT('',(-5.801963502817,-23.33573646963));
#811 = CARTESIAN_POINT('',(-5.783781168429,-23.59096676656));
#812 = CARTESIAN_POINT('',(-5.749857589855,-24.12618511737));
#813 = CARTESIAN_POINT('',(-5.734303642928,-24.40654794042));
#814 = CARTESIAN_POINT('',(-5.720596232211,-24.69263206698));
#815 = CARTESIAN_POINT('',(-5.708812508722,-24.9840544164));
#816 = CARTESIAN_POINT('',(-5.699068237227,-25.28034712181));
#817 = CARTESIAN_POINT('',(-5.691510743754,-25.5809355419));
#818 = CARTESIAN_POINT('',(-5.682905036268,-26.08348485966));
#819 = CARTESIAN_POINT('',(-5.680507834104,-26.28336808942));
#820 = CARTESIAN_POINT('',(-5.679156248586,-26.48447671378));
#821 = CARTESIAN_POINT('',(-5.678897342268,-26.6864994886));
#822 = CARTESIAN_POINT('',(-5.679776467835,-26.88906485278));
#823 = CARTESIAN_POINT('',(-5.681833373105,-27.09173705222));
#824 = CARTESIAN_POINT('',(-5.690146125078,-27.60681680008));
#825 = CARTESIAN_POINT('',(-5.698084173842,-27.91879067019));
#826 = CARTESIAN_POINT('',(-5.709022848109,-28.22786906135));
#827 = CARTESIAN_POINT('',(-5.723012303807,-28.53199472816));
#828 = CARTESIAN_POINT('',(-5.740037991554,-28.82912337445));
#829 = CARTESIAN_POINT('',(-5.760038225655,-29.11720528242));
#830 = CARTESIAN_POINT('',(-5.793461884745,-29.52147886471));
#831 = CARTESIAN_POINT('',(-5.804603030795,-29.64647495153));
#832 = CARTESIAN_POINT('',(-5.81635193636,-29.76894467208));
#833 = CARTESIAN_POINT('',(-5.828702215473,-29.88869427368));
#834 = CARTESIAN_POINT('',(-5.841647492972,-30.00552138963));
#835 = CARTESIAN_POINT('',(-5.855181987254,-30.11921325816));
#836 = CARTESIAN_POINT('',(-5.880348958876,-30.31587687001));
#837 = CARTESIAN_POINT('',(-5.891754289263,-30.4001476694));
#838 = CARTESIAN_POINT('',(-5.903514857363,-30.48224976134));
#839 = CARTESIAN_POINT('',(-5.915628070507,-30.56206433706));
#840 = CARTESIAN_POINT('',(-5.928090954636,-30.63946190117));
#841 = CARTESIAN_POINT('',(-5.940900138747,-30.71430281544));
#842 = CARTESIAN_POINT('',(-5.970494025683,-30.87662067148));
#843 = CARTESIAN_POINT('',(-5.987470572793,-30.96256885737));
#844 = CARTESIAN_POINT('',(-6.004974225045,-31.04399255442));
#845 = CARTESIAN_POINT('',(-6.022993251719,-31.12055990398));
#846 = CARTESIAN_POINT('',(-6.041510823698,-31.19190655909));
#847 = CARTESIAN_POINT('',(-6.060503694661,-31.2576489926));
#848 = CARTESIAN_POINT('',(-6.107052902704,-31.40075280086));
#849 = CARTESIAN_POINT('',(-6.13504789867,-31.47250811029));
#850 = CARTESIAN_POINT('',(-6.163807915909,-31.531485436));
#851 = CARTESIAN_POINT('',(-6.193191053532,-31.57663603302));
#852 = CARTESIAN_POINT('',(-6.223028215758,-31.60709225771));
#853 = CARTESIAN_POINT('',(-6.25311318306,-31.62231070286));
#854 = CARTESIAN_POINT('',(-6.28318530718,-31.62231070293));
#855 = ( GEOMETRIC_REPRESENTATION_CONTEXT(2) 
PARAMETRIC_REPRESENTATION_CONTEXT() REPRESENTATION_CONTEXT('2D SPACE',''
  ) );
#856 = PCURVE('',#857,#862);
#857 = CYLINDRICAL_SURFACE('',#858,5.25);
#858 = AXIS2_PLACEMENT_3D('',#859,#860,#861);
#859 = CARTESIAN_POINT('',(309.8738,0.,-8.881784197001E-16));
#860 = DIRECTION('',(-0.233557371281,0.,-0.972343022971));
#861 = DIRECTION('',(-0.972343022971,0.,0.233557371281));
#862 = DEFINITIONAL_REPRESENTATION('',(#863),#938);
#863 = B_SPLINE_CURVE_WITH_KNOTS('',7,(#864,#865,#866,#867,#868,#869,
    #870,#871,#872,#873,#874,#875,#876,#877,#878,#879,#880,#881,#882,
    #883,#884,#885,#886,#887,#888,#889,#890,#891,#892,#893,#894,#895,
    #896,#897,#898,#899,#900,#901,#902,#903,#904,#905,#906,#907,#908,
    #909,#910,#911,#912,#913,#914,#915,#916,#917,#918,#919,#920,#921,
    #922,#923,#924,#925,#926,#927,#928,#929,#930,#931,#932,#933,#934,
    #935,#936,#937),.UNSPECIFIED.,.F.,.F.,(8,6,6,6,6,6,6,6,6,6,6,6,8),(
    0.,5.962739231906E-02,9.856960124038E-02,0.152124426778,
    0.196392921089,0.33472568074,0.480154071394,0.575021186575,
    0.72172681175,0.789181750132,0.841963641614,0.90795128255,1.),
  .UNSPECIFIED.);
#864 = CARTESIAN_POINT('',(6.283185306924,10.832514191188));
#865 = CARTESIAN_POINT('',(6.249027633843,10.832514191164));
#866 = CARTESIAN_POINT('',(6.214857685046,10.826572020784));
#867 = CARTESIAN_POINT('',(6.180877278024,10.814679969576));
#868 = CARTESIAN_POINT('',(6.147237536072,10.797082087099));
#869 = CARTESIAN_POINT('',(6.114055244588,10.774185036172));
#870 = CARTESIAN_POINT('',(6.081422575807,10.746488288273));
#871 = CARTESIAN_POINT('',(6.028503124286,10.693664330419));
#872 = CARTESIAN_POINT('',(6.007852566623,10.67097063606));
#873 = CARTESIAN_POINT('',(5.987469755575,10.646592839169));
#874 = CARTESIAN_POINT('',(5.967360584227,10.620670924638));
#875 = CARTESIAN_POINT('',(5.947526232049,10.59334028424));
#876 = CARTESIAN_POINT('',(5.927963804804,10.564727399767));
#877 = CARTESIAN_POINT('',(5.882129230176,10.493988346591));
#878 = CARTESIAN_POINT('',(5.856097373495,10.450826016915));
#879 = CARTESIAN_POINT('',(5.830551468712,10.405751484669));
#880 = CARTESIAN_POINT('',(5.805469481394,10.359027963014));
#881 = CARTESIAN_POINT('',(5.780826841163,10.310887311222));
#882 = CARTESIAN_POINT('',(5.756596004475,10.261528415145));
#883 = CARTESIAN_POINT('',(5.713031584449,10.169444236886));
#884 = CARTESIAN_POINT('',(5.693579253171,10.12705686425));
#885 = CARTESIAN_POINT('',(5.67437273631,10.084049314849));
#886 = CARTESIAN_POINT('',(5.655396837885,10.040508175302));
#887 = CARTESIAN_POINT('',(5.63663706909,9.996511286226));
#888 = CARTESIAN_POINT('',(5.618079264188,9.952128274697));
#889 = CARTESIAN_POINT('',(5.542305342737,9.767717471553));
#890 = CARTESIAN_POINT('',(5.48676997658,9.624934442595));
#891 = CARTESIAN_POINT('',(5.432620449476,9.48085271539));
#892 = CARTESIAN_POINT('',(5.379547911549,9.336901466781));
#893 = CARTESIAN_POINT('',(5.327274866666,9.194336415744));
#894 = CARTESIAN_POINT('',(5.275548129486,9.054250185882));
#895 = CARTESIAN_POINT('',(5.170002699302,8.774048594571));
#896 = CARTESIAN_POINT('',(5.116257030768,8.634417360616));
#897 = CARTESIAN_POINT('',(5.062567467286,8.499989233992));
#898 = CARTESIAN_POINT('',(5.008709950609,8.37209678202));
#899 = CARTESIAN_POINT('',(4.954484886745,8.252173765863));
#900 = CARTESIAN_POINT('',(4.899708537777,8.141695067882));
#901 = CARTESIAN_POINT('',(4.808000989133,7.977016457146));
#902 = CARTESIAN_POINT('',(4.771492850419,7.91661535467));
#903 = CARTESIAN_POINT('',(4.734642849535,7.86122026624));
#904 = CARTESIAN_POINT('',(4.697418684386,7.811207326717));
#905 = CARTESIAN_POINT('',(4.659794538887,7.766906492498));
#906 = CARTESIAN_POINT('',(4.621751909462,7.728570699282));
#907 = CARTESIAN_POINT('',(4.523790210196,7.646506114738));
#908 = CARTESIAN_POINT('',(4.463253628742,7.611258408687));
#909 = CARTESIAN_POINT('',(4.401675017508,7.591183142466));
#910 = CARTESIAN_POINT('',(4.339039758644,7.58613242568));
#911 = CARTESIAN_POINT('',(4.275317947562,7.595123283116));
#912 = CARTESIAN_POINT('',(4.210462618966,7.616500408481));
#913 = CARTESIAN_POINT('',(4.114008530524,7.662704457952));
#914 = CARTESIAN_POINT('',(4.083366568132,7.679431436895));
#915 = CARTESIAN_POINT('',(4.05245032514,7.698129943999));
#916 = CARTESIAN_POINT('',(4.021245923022,7.718578435895));
#917 = CARTESIAN_POINT('',(3.989737713248,7.740538999313));
#918 = CARTESIAN_POINT('',(3.957907569506,7.763760132727));
#919 = CARTESIAN_POINT('',(3.900559264668,7.806930631135));
#920 = CARTESIAN_POINT('',(3.875175269366,7.826492066507));
#921 = CARTESIAN_POINT('',(3.849571951782,7.846538130699));
#922 = CARTESIAN_POINT('',(3.823739685209,7.866937317614));
#923 = CARTESIAN_POINT('',(3.797669281596,7.88755290196));
#924 = CARTESIAN_POINT('',(3.771351814675,7.908243522736));
#925 = CARTESIAN_POINT('',(3.711556554775,7.954643086401));
#926 = CARTESIAN_POINT('',(3.677936688202,7.980310914492));
#927 = CARTESIAN_POINT('',(3.643901180859,8.00558363484));
#928 = CARTESIAN_POINT('',(3.609439641158,8.030163158697));
#929 = CARTESIAN_POINT('',(3.574548390665,8.053740076035));
#930 = CARTESIAN_POINT('',(3.539231601271,8.076002066046));
#931 = CARTESIAN_POINT('',(3.453666489331,8.12544677589));
#932 = CARTESIAN_POINT('',(3.402994762127,8.15112077007));
#933 = CARTESIAN_POINT('',(3.351588310713,8.172807905757));
#934 = CARTESIAN_POINT('',(3.299568177868,8.189721251836));
#935 = CARTESIAN_POINT('',(3.247081555565,8.201235933887));
#936 = CARTESIAN_POINT('',(3.194325894806,8.206988531968));
#937 = CARTESIAN_POINT('',(3.141592653841,8.206988531972));
#938 = ( GEOMETRIC_REPRESENTATION_CONTEXT(2) 
PARAMETRIC_REPRESENTATION_CONTEXT() REPRESENTATION_CONTEXT('2D SPACE',''
  ) );
#939 = ORIENTED_EDGE('',*,*,#940,.T.);
#940 = EDGE_CURVE('',#700,#941,#943,.T.);
#941 = VERTEX_POINT('',#942);
#942 = CARTESIAN_POINT('',(331.41154384889,-1.718876195175E-15,
    -9.035689280955));
#943 = SEAM_CURVE('',#944,(#948,#955),.PCURVE_S1.);
#944 = LINE('',#945,#946);
#945 = CARTESIAN_POINT('',(281.4394875,-2.32682891838E-15,-9.5));
#946 = VECTOR('',#947,1.);
#947 = DIRECTION('',(0.999956837672,2.275640166177E-18,
    9.291006058896E-03));
#948 = PCURVE('',#239,#949);
#949 = DEFINITIONAL_REPRESENTATION('',(#950),#954);
#950 = LINE('',#951,#952);
#951 = CARTESIAN_POINT('',(0.,-0.));
#952 = VECTOR('',#953,1.);
#953 = DIRECTION('',(-0.,-1.));
#954 = ( GEOMETRIC_REPRESENTATION_CONTEXT(2) 
PARAMETRIC_REPRESENTATION_CONTEXT() REPRESENTATION_CONTEXT('2D SPACE',''
  ) );
#955 = PCURVE('',#239,#956);
#956 = DEFINITIONAL_REPRESENTATION('',(#957),#961);
#957 = LINE('',#958,#959);
#958 = CARTESIAN_POINT('',(-6.28318530718,0.));
#959 = VECTOR('',#960,1.);
#960 = DIRECTION('',(-0.,-1.));
#961 = ( GEOMETRIC_REPRESENTATION_CONTEXT(2) 
PARAMETRIC_REPRESENTATION_CONTEXT() REPRESENTATION_CONTEXT('2D SPACE',''
  ) );
#962 = ORIENTED_EDGE('',*,*,#963,.T.);
#963 = EDGE_CURVE('',#941,#964,#966,.T.);
#964 = VERTEX_POINT('',#965);
#965 = CARTESIAN_POINT('',(335.25265,-4.493937259854,-7.797725816191));
#966 = SURFACE_CURVE('',#967,(#1006,#1048),.PCURVE_S1.);
#967 = B_SPLINE_CURVE_WITH_KNOTS('',7,(#968,#969,#970,#971,#972,#973,
    #974,#975,#976,#977,#978,#979,#980,#981,#982,#983,#984,#985,#986,
    #987,#988,#989,#990,#991,#992,#993,#994,#995,#996,#997,#998,#999,
    #1000,#1001,#1002,#1003,#1004,#1005),.UNSPECIFIED.,.F.,.F.,(8,6,6,6,
    6,6,8),(0.,0.122590076986,0.20894732868,0.341019111107,
    0.636524982771,0.930315312523,1.),.UNSPECIFIED.);
#968 = CARTESIAN_POINT('',(331.41154384889,-8.881784197001E-16,
    -9.035689280955));
#969 = CARTESIAN_POINT('',(331.41154384893,-0.141800756784,
    -9.035689280946));
#970 = CARTESIAN_POINT('',(331.41827610367,-0.283656228679,
    -9.033030526704));
#971 = CARTESIAN_POINT('',(331.43174982636,-0.424375020901,
    -9.027709175558));
#972 = CARTESIAN_POINT('',(331.4516693722,-0.563020813085,
    -9.019850760071));
#973 = CARTESIAN_POINT('',(331.4775550112,-0.69887023201,-9.009660625064
    ));
#974 = CARTESIAN_POINT('',(331.50883353842,-0.831380603681,
    -8.997385007287));
#975 = CARTESIAN_POINT('',(331.57030444929,-1.050890178457,
    -8.973348580773));
#976 = CARTESIAN_POINT('',(331.59809762614,-1.139807318561,
    -8.962503213402));
#977 = CARTESIAN_POINT('',(331.62808419076,-1.226834790863,
    -8.95083033407));
#978 = CARTESIAN_POINT('',(331.66007470188,-1.311928906855,
    -8.938411821752));
#979 = CARTESIAN_POINT('',(331.69389072122,-1.395080362476,
    -8.925325097228));
#980 = CARTESIAN_POINT('',(331.72937119619,-1.476308096822,
    -8.91164046439));
#981 = CARTESIAN_POINT('',(331.82297705239,-1.677000721669,
    -8.875667798879));
#982 = CARTESIAN_POINT('',(331.88313082753,-1.793911593086,
    -8.852666525809));
#983 = CARTESIAN_POINT('',(331.94635416497,-1.906561811362,
    -8.828629657413));
#984 = CARTESIAN_POINT('',(332.01223350192,-2.01514062781,
    -8.803741263838));
#985 = CARTESIAN_POINT('',(332.08042749331,-2.119850621009,
    -8.778155214716));
#986 = CARTESIAN_POINT('',(332.15066678921,-2.220907818998,-8.7519959336
    ));
#987 = CARTESIAN_POINT('',(332.38404593837,-2.536994396843,
    -8.665760310708));
#988 = CARTESIAN_POINT('',(332.55438777144,-2.738038546881,
    -8.603845422925));
#989 = CARTESIAN_POINT('',(332.73159117888,-2.924381275494,
    -8.540675824983));
#990 = CARTESIAN_POINT('',(332.91424406591,-3.097583165509,
    -8.476986010403));
#991 = CARTESIAN_POINT('',(333.10132181391,-3.259022928977,
    -8.413346485155));
#992 = CARTESIAN_POINT('',(333.29223646175,-3.409808939337,
    -8.350162407767));
#993 = CARTESIAN_POINT('',(333.68019611652,-3.691219809521,
    -8.225668797665));
#994 = CARTESIAN_POINT('',(333.87702036123,-3.821826523251,
    -8.164407875482));
#995 = CARTESIAN_POINT('',(334.0768579989,-3.943597705981,
    -8.104302042425));
#996 = CARTESIAN_POINT('',(334.27941998689,-4.057110204596,
    -8.045671880696));
#997 = CARTESIAN_POINT('',(334.48449706363,-4.162782028028,
    -7.98882314323));
#998 = CARTESIAN_POINT('',(334.69194942548,-4.260926609615,
    -7.934059022127));
#999 = CARTESIAN_POINT('',(334.95146720846,-4.373284461606,
    -7.869268095646));
#1000 = CARTESIAN_POINT('',(335.00135008422,-4.394412664474,
    -7.856981588825));
#1001 = CARTESIAN_POINT('',(335.05136026078,-4.415130565032,
    -7.844834404373));
#1002 = CARTESIAN_POINT('',(335.10149647199,-4.435440329122,
    -7.83283084525));
#1003 = CARTESIAN_POINT('',(335.15175754156,-4.455343775842,
    -7.8209752722));
#1004 = CARTESIAN_POINT('',(335.20214238308,-4.474842377548,
    -7.809272103745));
#1005 = CARTESIAN_POINT('',(335.25265,-4.493937259853,-7.797725816192));
#1006 = PCURVE('',#239,#1007);
#1007 = DEFINITIONAL_REPRESENTATION('',(#1008),#1047);
#1008 = B_SPLINE_CURVE_WITH_KNOTS('',7,(#1009,#1010,#1011,#1012,#1013,
    #1014,#1015,#1016,#1017,#1018,#1019,#1020,#1021,#1022,#1023,#1024,
    #1025,#1026,#1027,#1028,#1029,#1030,#1031,#1032,#1033,#1034,#1035,
    #1036,#1037,#1038,#1039,#1040,#1041,#1042,#1043,#1044,#1045,#1046),
  .UNSPECIFIED.,.F.,.F.,(8,6,6,6,6,6,8),(0.,0.122590076986,0.20894732868
    ,0.341019111107,0.636524982771,0.930315312523,1.),.UNSPECIFIED.);
#1009 = CARTESIAN_POINT('',(-6.28318530718,-49.97205634889));
#1010 = CARTESIAN_POINT('',(-6.267491899364,-49.97205634893));
#1011 = CARTESIAN_POINT('',(-6.251792438391,-49.97878860367));
#1012 = CARTESIAN_POINT('',(-6.236211997256,-49.99226232636));
#1013 = CARTESIAN_POINT('',(-6.220847434198,-50.0121818722));
#1014 = CARTESIAN_POINT('',(-6.205773321257,-50.0380675112));
#1015 = CARTESIAN_POINT('',(-6.191045996222,-50.06934603842));
#1016 = CARTESIAN_POINT('',(-6.166603898407,-50.13081694929));
#1017 = CARTESIAN_POINT('',(-6.156689435837,-50.15861012614));
#1018 = CARTESIAN_POINT('',(-6.146970825248,-50.18859669076));
#1019 = CARTESIAN_POINT('',(-6.137452388687,-50.22058720188));
#1020 = CARTESIAN_POINT('',(-6.128134901544,-50.25440322122));
#1021 = CARTESIAN_POINT('',(-6.119016198824,-50.28988369619));
#1022 = CARTESIAN_POINT('',(-6.096443087313,-50.38348955239));
#1023 = CARTESIAN_POINT('',(-6.083252545164,-50.44364332753));
#1024 = CARTESIAN_POINT('',(-6.070500826761,-50.50686666497));
#1025 = CARTESIAN_POINT('',(-6.058167841883,-50.57274600192));
#1026 = CARTESIAN_POINT('',(-6.04623244156,-50.64093999331));
#1027 = CARTESIAN_POINT('',(-6.034672121342,-50.71117928921));
#1028 = CARTESIAN_POINT('',(-5.998382101672,-50.94455843837));
#1029 = CARTESIAN_POINT('',(-5.975089437433,-51.11490027144));
#1030 = CARTESIAN_POINT('',(-5.953299736292,-51.29210367888));
#1031 = CARTESIAN_POINT('',(-5.932857745069,-51.47475656591));
#1032 = CARTESIAN_POINT('',(-5.91362826512,-51.66183431391));
#1033 = CARTESIAN_POINT('',(-5.895504478121,-51.85274896175));
#1034 = CARTESIAN_POINT('',(-5.861378082508,-52.24070861652));
#1035 = CARTESIAN_POINT('',(-5.845379547249,-52.43753286123));
#1036 = CARTESIAN_POINT('',(-5.830316892674,-52.6373704989));
#1037 = CARTESIAN_POINT('',(-5.816142051752,-52.83993248689));
#1038 = CARTESIAN_POINT('',(-5.802824979978,-53.04500956363));
#1039 = CARTESIAN_POINT('',(-5.79034774305,-53.25246192548));
#1040 = CARTESIAN_POINT('',(-5.775944314846,-53.51197970846));
#1041 = CARTESIAN_POINT('',(-5.773229979572,-53.56186258422));
#1042 = CARTESIAN_POINT('',(-5.770562663138,-53.61187276078));
#1043 = CARTESIAN_POINT('',(-5.767942365419,-53.66200897199));
#1044 = CARTESIAN_POINT('',(-5.765369127869,-53.71227004156));
#1045 = CARTESIAN_POINT('',(-5.762843033524,-53.76265488308));
#1046 = CARTESIAN_POINT('',(-5.760364206998,-53.8131625));
#1047 = ( GEOMETRIC_REPRESENTATION_CONTEXT(2) 
PARAMETRIC_REPRESENTATION_CONTEXT() REPRESENTATION_CONTEXT('2D SPACE',''
  ) );
#1048 = PCURVE('',#1049,#1054);
#1049 = CYLINDRICAL_SURFACE('',#1050,5.);
#1050 = AXIS2_PLACEMENT_3D('',#1051,#1052,#1053);
#1051 = CARTESIAN_POINT('',(341.89,0.,0.));
#1052 = DIRECTION('',(-0.470151019765,0.,-0.882585983694));
#1053 = DIRECTION('',(-0.882585983694,0.,0.470151019765));
#1054 = DEFINITIONAL_REPRESENTATION('',(#1055),#1094);
#1055 = B_SPLINE_CURVE_WITH_KNOTS('',7,(#1056,#1057,#1058,#1059,#1060,
    #1061,#1062,#1063,#1064,#1065,#1066,#1067,#1068,#1069,#1070,#1071,
    #1072,#1073,#1074,#1075,#1076,#1077,#1078,#1079,#1080,#1081,#1082,
    #1083,#1084,#1085,#1086,#1087,#1088,#1089,#1090,#1091,#1092,#1093),
  .UNSPECIFIED.,.F.,.F.,(8,6,6,6,6,6,8),(0.,0.122590076986,0.20894732868
    ,0.341019111107,0.636524982771,0.930315312523,1.),.UNSPECIFIED.);
#1056 = CARTESIAN_POINT('',(6.283185306957,12.901229557397));
#1057 = CARTESIAN_POINT('',(6.2548251556,12.90122955737));
#1058 = CARTESIAN_POINT('',(6.226454076452,12.895717801714));
#1059 = CARTESIAN_POINT('',(6.19827301058,12.884686567311));
#1060 = CARTESIAN_POINT('',(6.170432022113,12.868385645157));
#1061 = CARTESIAN_POINT('',(6.143044777815,12.847221815259));
#1062 = CARTESIAN_POINT('',(6.116197372075,12.821681895595));
#1063 = CARTESIAN_POINT('',(6.071462875113,12.771567071023));
#1064 = CARTESIAN_POINT('',(6.053264162506,12.748928111355));
#1065 = CARTESIAN_POINT('',(6.035366577661,12.724527577736));
#1066 = CARTESIAN_POINT('',(6.017774849687,12.698526801398));
#1067 = CARTESIAN_POINT('',(6.000488078939,12.671078005785));
#1068 = CARTESIAN_POINT('',(5.983500597358,12.642318959158));
#1069 = CARTESIAN_POINT('',(5.941265841326,12.566561100036));
#1070 = CARTESIAN_POINT('',(5.916413447094,12.517979140093));
#1071 = CARTESIAN_POINT('',(5.892205472368,12.467040020382));
#1072 = CARTESIAN_POINT('',(5.868602510642,12.414100635608));
#1073 = CARTESIAN_POINT('',(5.845564396654,12.359457272683));
#1074 = CARTESIAN_POINT('',(5.823048680392,12.303346381228));
#1075 = CARTESIAN_POINT('',(5.751696333692,12.117512584202));
#1076 = CARTESIAN_POINT('',(5.704828467501,11.982780985535));
#1077 = CARTESIAN_POINT('',(5.659863381475,11.84371602108));
#1078 = CARTESIAN_POINT('',(5.616497184334,11.701629842329));
#1079 = CARTESIAN_POINT('',(5.574457975146,11.557507695339));
#1080 = CARTESIAN_POINT('',(5.533513272523,11.411983597875));
#1081 = CARTESIAN_POINT('',(5.453568740781,11.119707655222));
#1082 = CARTESIAN_POINT('',(5.414595932727,10.973102504586));
#1083 = CARTESIAN_POINT('',(5.376309185242,10.826100069654));
#1084 = CARTESIAN_POINT('',(5.338558395255,10.679119185473));
#1085 = CARTESIAN_POINT('',(5.301215501879,10.532528089833));
#1086 = CARTESIAN_POINT('',(5.264160069453,10.386660104662));
#1087 = CARTESIAN_POINT('',(5.218526580214,10.207463990767));
#1088 = CARTESIAN_POINT('',(5.209787655511,10.173167607147));
#1089 = CARTESIAN_POINT('',(5.201057090071,10.138934336901));
#1090 = CARTESIAN_POINT('',(5.19233342897,10.10476857304));
#1091 = CARTESIAN_POINT('',(5.183615237683,10.070674717322));
#1092 = CARTESIAN_POINT('',(5.174901102089,10.036657180256));
#1093 = CARTESIAN_POINT('',(5.166189628469,10.002720381101));
#1094 = ( GEOMETRIC_REPRESENTATION_CONTEXT(2) 
PARAMETRIC_REPRESENTATION_CONTEXT() REPRESENTATION_CONTEXT('2D SPACE',''
  ) );
#1095 = ORIENTED_EDGE('',*,*,#1096,.F.);
#1096 = EDGE_CURVE('',#1097,#964,#1099,.T.);
#1097 = VERTEX_POINT('',#1098);
#1098 = CARTESIAN_POINT('',(335.25265,4.493937259854,-7.797725816192));
#1099 = SURFACE_CURVE('',#1100,(#1105,#1112),.PCURVE_S1.);
#1100 = CIRCLE('',#1101,9.);
#1101 = AXIS2_PLACEMENT_3D('',#1102,#1103,#1104);
#1102 = CARTESIAN_POINT('',(335.25265,0.,5.97446120354E-15));
#1103 = DIRECTION('',(1.,-0.,2.22044604925E-16));
#1104 = DIRECTION('',(2.22044604925E-16,0.,-1.));
#1105 = PCURVE('',#239,#1106);
#1106 = DEFINITIONAL_REPRESENTATION('',(#1107),#1111);
#1107 = LINE('',#1108,#1109);
#1108 = CARTESIAN_POINT('',(-0.,-53.8131625));
#1109 = VECTOR('',#1110,1.);
#1110 = DIRECTION('',(-1.,-0.));
#1111 = ( GEOMETRIC_REPRESENTATION_CONTEXT(2) 
PARAMETRIC_REPRESENTATION_CONTEXT() REPRESENTATION_CONTEXT('2D SPACE',''
  ) );
#1112 = PCURVE('',#1113,#1118);
#1113 = CONICAL_SURFACE('',#1114,9.,9.291139735022E-03);
#1114 = AXIS2_PLACEMENT_3D('',#1115,#1116,#1117);
#1115 = CARTESIAN_POINT('',(335.25265,0.,-5.97446120354E-15));
#1116 = DIRECTION('',(-1.,-0.,-2.22044604925E-16));
#1117 = DIRECTION('',(2.22044604925E-16,0.,-1.));
#1118 = DEFINITIONAL_REPRESENTATION('',(#1119),#1122);
#1119 = B_SPLINE_CURVE_WITH_KNOTS('',1,(#1120,#1121),.UNSPECIFIED.,.F.,
  .F.,(2,2),(0.,6.28318530718),.PIECEWISE_BEZIER_KNOTS.);
#1120 = CARTESIAN_POINT('',(0.,0.));
#1121 = CARTESIAN_POINT('',(-6.28318530718,0.));
#1122 = ( GEOMETRIC_REPRESENTATION_CONTEXT(2) 
PARAMETRIC_REPRESENTATION_CONTEXT() REPRESENTATION_CONTEXT('2D SPACE',''
  ) );
#1123 = ORIENTED_EDGE('',*,*,#1124,.T.);
#1124 = EDGE_CURVE('',#1097,#941,#1125,.T.);
#1125 = SURFACE_CURVE('',#1126,(#1157,#1191),.PCURVE_S1.);
#1126 = B_SPLINE_CURVE_WITH_KNOTS('',8,(#1127,#1128,#1129,#1130,#1131,
    #1132,#1133,#1134,#1135,#1136,#1137,#1138,#1139,#1140,#1141,#1142,
    #1143,#1144,#1145,#1146,#1147,#1148,#1149,#1150,#1151,#1152,#1153,
    #1154,#1155,#1156),.UNSPECIFIED.,.F.,.F.,(9,7,7,7,9),(0.,
    0.345736620472,0.694832153556,0.844971081578,1.),.UNSPECIFIED.);
#1127 = CARTESIAN_POINT('',(335.25265,4.493937259853,-7.797725816192));
#1128 = CARTESIAN_POINT('',(335.03335123971,4.411029289265,
    -7.847858582321));
#1129 = CARTESIAN_POINT('',(334.81635419401,4.32067897512,
    -7.900880702092));
#1130 = CARTESIAN_POINT('',(334.60169103656,4.222786286579,
    -7.956458075391));
#1131 = CARTESIAN_POINT('',(334.38945196339,4.117157116797,
    -8.014273397638));
#1132 = CARTESIAN_POINT('',(334.17978458863,4.003494266088,
    -8.074015436712));
#1133 = CARTESIAN_POINT('',(333.97289351596,3.881390215434,
    -8.135372115141));
#1134 = CARTESIAN_POINT('',(333.76904802965,3.750285699508,
    -8.198022622555));
#1135 = CARTESIAN_POINT('',(333.36621632517,3.467061332389,
    -8.325842844519));
#1136 = CARTESIAN_POINT('',(333.16763700187,3.314988007986,
    -8.39092306881));
#1137 = CARTESIAN_POINT('',(332.97290150701,3.152134072507,
    -8.456605367333));
#1138 = CARTESIAN_POINT('',(332.78248239332,2.97733839599,
    -8.522517580018));
#1139 = CARTESIAN_POINT('',(332.59724445306,2.789345327516,
    -8.588150371863));
#1140 = CARTESIAN_POINT('',(332.41855739966,2.586553570774,
    -8.652790810823));
#1141 = CARTESIAN_POINT('',(332.24822159013,2.367163257005,
    -8.715537027666));
#1142 = CARTESIAN_POINT('',(332.02053320612,2.024992837626,
    -8.800687862279));
#1143 = CARTESIAN_POINT('',(331.95418422456,1.918515334673,
    -8.825677855207));
#1144 = CARTESIAN_POINT('',(331.89018142754,1.808225024913,
    -8.849944859813));
#1145 = CARTESIAN_POINT('',(331.82882777094,1.693915033356,
    -8.87335182893));
#1146 = CARTESIAN_POINT('',(331.77050591676,1.575414219515,
    -8.895728984415));
#1147 = CARTESIAN_POINT('',(331.71567247186,1.452594867361,
    -8.916875393769));
#1148 = CARTESIAN_POINT('',(331.66484916892,1.32538451316,
    -8.936562670379));
#1149 = CARTESIAN_POINT('',(331.57086684361,1.057893042765,
    -8.973104467821));
#1150 = CARTESIAN_POINT('',(331.52796991113,0.917204975406,
    -8.989861864774));
#1151 = CARTESIAN_POINT('',(331.49065701669,0.771952232852,
    -9.004498087474));
#1152 = CARTESIAN_POINT('',(331.45969035851,0.622552060717,
    -9.016685282612));
#1153 = CARTESIAN_POINT('',(331.43580637003,0.469629182596,
    -9.026106990743));
#1154 = CARTESIAN_POINT('',(331.41962849109,0.31405471345,
    -9.032496510553));
#1155 = CARTESIAN_POINT('',(331.41154384893,0.156999230262,
    -9.035689280945));
#1156 = CARTESIAN_POINT('',(331.41154384889,0.,-9.035689280955));
#1157 = PCURVE('',#239,#1158);
#1158 = DEFINITIONAL_REPRESENTATION('',(#1159),#1190);
#1159 = B_SPLINE_CURVE_WITH_KNOTS('',8,(#1160,#1161,#1162,#1163,#1164,
    #1165,#1166,#1167,#1168,#1169,#1170,#1171,#1172,#1173,#1174,#1175,
    #1176,#1177,#1178,#1179,#1180,#1181,#1182,#1183,#1184,#1185,#1186,
    #1187,#1188,#1189),.UNSPECIFIED.,.F.,.F.,(9,7,7,7,9),(0.,
    0.345736620472,0.694832153556,0.844971081578,1.),.UNSPECIFIED.);
#1160 = CARTESIAN_POINT('',(-0.522821100181,-53.8131625));
#1161 = CARTESIAN_POINT('',(-0.512058296128,-53.59386373971));
#1162 = CARTESIAN_POINT('',(-0.500424299667,-53.37686669401));
#1163 = CARTESIAN_POINT('',(-0.487926788711,-53.16220353656));
#1164 = CARTESIAN_POINT('',(-0.474562175994,-52.94996446339));
#1165 = CARTESIAN_POINT('',(-0.460314778362,-52.74029708863));
#1166 = CARTESIAN_POINT('',(-0.445156098764,-52.53340601596));
#1167 = CARTESIAN_POINT('',(-0.42904030026,-52.32956052965));
#1168 = CARTESIAN_POINT('',(-0.394577002174,-51.92672882517));
#1169 = CARTESIAN_POINT('',(-0.376238350142,-51.72814950187));
#1170 = CARTESIAN_POINT('',(-0.356778205179,-51.53341400702));
#1171 = CARTESIAN_POINT('',(-0.336083574721,-51.34299489332));
#1172 = CARTESIAN_POINT('',(-0.314033137049,-51.15775695306));
#1173 = CARTESIAN_POINT('',(-0.290468218806,-50.97906989966));
#1174 = CARTESIAN_POINT('',(-0.265207331612,-50.80873409013));
#1175 = CARTESIAN_POINT('',(-0.226157090963,-50.58104570612));
#1176 = CARTESIAN_POINT('',(-0.214046570955,-50.51469672456));
#1177 = CARTESIAN_POINT('',(-0.201543964178,-50.45069392754));
#1178 = CARTESIAN_POINT('',(-0.18862746591,-50.38934027094));
#1179 = CARTESIAN_POINT('',(-0.175279073642,-50.33101841676));
#1180 = CARTESIAN_POINT('',(-0.161485149128,-50.27618497186));
#1181 = CARTESIAN_POINT('',(-0.147237405676,-50.22536166892));
#1182 = CARTESIAN_POINT('',(-0.117352359572,-50.13137934361));
#1183 = CARTESIAN_POINT('',(-0.101671947005,-50.08848241113));
#1184 = CARTESIAN_POINT('',(-8.55178190339E-02,-50.05116951669));
#1185 = CARTESIAN_POINT('',(-6.8933547563E-02,-50.02020285851));
#1186 = CARTESIAN_POINT('',(-5.198350576115E-02,-49.99631887003));
#1187 = CARTESIAN_POINT('',(-3.475712694976E-02,-49.98014099109));
#1188 = CARTESIAN_POINT('',(-1.73754569663E-02,-49.97205634893));
#1189 = CARTESIAN_POINT('',(0.,-49.97205634889));
#1190 = ( GEOMETRIC_REPRESENTATION_CONTEXT(2) 
PARAMETRIC_REPRESENTATION_CONTEXT() REPRESENTATION_CONTEXT('2D SPACE',''
  ) );
#1191 = PCURVE('',#1049,#1192);
#1192 = DEFINITIONAL_REPRESENTATION('',(#1193),#1224);
#1193 = B_SPLINE_CURVE_WITH_KNOTS('',8,(#1194,#1195,#1196,#1197,#1198,
    #1199,#1200,#1201,#1202,#1203,#1204,#1205,#1206,#1207,#1208,#1209,
    #1210,#1211,#1212,#1213,#1214,#1215,#1216,#1217,#1218,#1219,#1220,
    #1221,#1222,#1223),.UNSPECIFIED.,.F.,.F.,(9,7,7,7,9),(0.,
    0.345736620472,0.694832153556,0.844971081578,1.),.UNSPECIFIED.);
#1194 = CARTESIAN_POINT('',(1.116995678711,10.002720381102));
#1195 = CARTESIAN_POINT('',(1.079171376518,10.150070393594));
#1196 = CARTESIAN_POINT('',(1.041303928561,10.298888355647));
#1197 = CARTESIAN_POINT('',(1.003278870028,10.448864268718));
#1198 = CARTESIAN_POINT('',(0.964983686105,10.599675678458));
#1199 = CARTESIAN_POINT('',(0.926300192541,10.750978494834));
#1200 = CARTESIAN_POINT('',(0.887099561454,10.902401088019));
#1201 = CARTESIAN_POINT('',(0.84723199659,11.053533711001));
#1202 = CARTESIAN_POINT('',(0.765378436699,11.355737783994));
#1203 = CARTESIAN_POINT('',(0.723444570651,11.506538949121));
#1204 = CARTESIAN_POINT('',(0.680443755942,11.656064316666));
#1205 = CARTESIAN_POINT('',(0.636124751598,11.80376325222));
#1206 = CARTESIAN_POINT('',(0.590238198026,11.948779640886));
#1207 = CARTESIAN_POINT('',(0.54247447526,12.089840286668));
#1208 = CARTESIAN_POINT('',(0.492483195785,12.225302772736));
#1209 = CARTESIAN_POINT('',(0.416858832594,12.407503631795));
#1210 = CARTESIAN_POINT('',(0.393603851374,12.460753490627));
#1211 = CARTESIAN_POINT('',(0.369788179104,12.512262189046));
#1212 = CARTESIAN_POINT('',(0.345370383299,12.561766336125));
#1213 = CARTESIAN_POINT('',(0.320315617608,12.608936179129));
#1214 = CARTESIAN_POINT('',(0.294595597656,12.653379703671));
#1215 = CARTESIAN_POINT('',(0.268189387127,12.694650045767));
#1216 = CARTESIAN_POINT('',(0.213097817145,12.771087210093));
#1217 = CARTESIAN_POINT('',(0.184342374034,12.806045090318));
#1218 = CARTESIAN_POINT('',(0.154854420105,12.836505510695));
#1219 = CARTESIAN_POINT('',(0.124699253626,12.861820764225));
#1220 = CARTESIAN_POINT('',(9.397312268186E-02,12.88136531331));
#1221 = CARTESIAN_POINT('',(6.281087437319E-02,12.894610660219));
#1222 = CARTESIAN_POINT('',(3.139984628485E-02,12.901229557366));
#1223 = CARTESIAN_POINT('',(2.32428989126E-10,12.901229557397));
#1224 = ( GEOMETRIC_REPRESENTATION_CONTEXT(2) 
PARAMETRIC_REPRESENTATION_CONTEXT() REPRESENTATION_CONTEXT('2D SPACE',''
  ) );
#1225 = ORIENTED_EDGE('',*,*,#940,.F.);
#1226 = ORIENTED_EDGE('',*,*,#1227,.T.);
#1227 = EDGE_CURVE('',#700,#677,#1228,.T.);
#1228 = SURFACE_CURVE('',#1229,(#1304,#1382),.PCURVE_S1.);
#1229 = B_SPLINE_CURVE_WITH_KNOTS('',7,(#1230,#1231,#1232,#1233,#1234,
    #1235,#1236,#1237,#1238,#1239,#1240,#1241,#1242,#1243,#1244,#1245,
    #1246,#1247,#1248,#1249,#1250,#1251,#1252,#1253,#1254,#1255,#1256,
    #1257,#1258,#1259,#1260,#1261,#1262,#1263,#1264,#1265,#1266,#1267,
    #1268,#1269,#1270,#1271,#1272,#1273,#1274,#1275,#1276,#1277,#1278,
    #1279,#1280,#1281,#1282,#1283,#1284,#1285,#1286,#1287,#1288,#1289,
    #1290,#1291,#1292,#1293,#1294,#1295,#1296,#1297,#1298,#1299,#1300,
    #1301,#1302,#1303),.UNSPECIFIED.,.F.,.F.,(8,6,6,6,6,6,6,6,6,6,6,6,8)
  ,(0.,9.204896689905E-02,0.158036579311,0.210818447784,0.278273353727,
    0.424978903678,0.518908845395,0.665271676573,0.803606632795,
    0.847874598977,0.901429535218,0.940371822075,1.),.UNSPECIFIED.);
#1230 = CARTESIAN_POINT('',(313.06179820293,3.214697847762E-16,
    -9.20618423789));
#1231 = CARTESIAN_POINT('',(313.06179820293,0.276850488654,
    -9.20618423789));
#1232 = CARTESIAN_POINT('',(313.04657965056,0.553819321336,
    -9.196612468034));
#1233 = CARTESIAN_POINT('',(313.01612321166,0.828115250715,
    -9.177454528429));
#1234 = CARTESIAN_POINT('',(312.97097230095,1.097448453138,
    -9.149214709931));
#1235 = CARTESIAN_POINT('',(312.91199457355,1.359953617043,
    -9.112744080619));
#1236 = CARTESIAN_POINT('',(312.84023878736,1.614135122516,
    -9.069103877194));
#1237 = CARTESIAN_POINT('',(312.69713424161,2.034253068092,
    -8.983878753668));
#1238 = CARTESIAN_POINT('',(312.63139161466,2.204887235263,
    -8.945192083142));
#1239 = CARTESIAN_POINT('',(312.56004477161,2.37041266836,
    -8.903806954897));
#1240 = CARTESIAN_POINT('',(312.48347723963,2.530609261073,
    -8.860136697072));
#1241 = CARTESIAN_POINT('',(312.40205336551,2.685339311673,
    -8.814587036946));
#1242 = CARTESIAN_POINT('',(312.31610500758,2.834531044715,
    -8.767544254675));
#1243 = CARTESIAN_POINT('',(312.15378685056,3.093058388123,
    -8.680835976684));
#1244 = CARTESIAN_POINT('',(312.07894580571,3.204389566726,
    -8.641579970146));
#1245 = CARTESIAN_POINT('',(312.00154811389,3.312151556361,
    -8.601787031166));
#1246 = CARTESIAN_POINT('',(311.92173341314,3.416345147855,
    -8.561636082735));
#1247 = CARTESIAN_POINT('',(311.83963119875,3.516979899547,
    -8.521298843963));
#1248 = CARTESIAN_POINT('',(311.75536027932,3.614072845825,
    -8.480939099367));
#1249 = CARTESIAN_POINT('',(311.55869640435,3.827234666729,
    -8.389301939879));
#1250 = CARTESIAN_POINT('',(311.4450043945,3.941068794758,
    -8.338111458185));
#1251 = CARTESIAN_POINT('',(311.32817714116,4.04919847153,
    -8.287464322364));
#1252 = CARTESIAN_POINT('',(311.20842740598,4.151671165823,
    -8.237670292984));
#1253 = CARTESIAN_POINT('',(311.08595755566,4.248534846166,
    -8.189022658937));
#1254 = CARTESIAN_POINT('',(310.96096134296,4.3398398936,-8.141795804455
    ));
#1255 = CARTESIAN_POINT('',(310.55668738274,4.6122471692,-7.99717092989)
  );
#1256 = CARTESIAN_POINT('',(310.26860523793,4.772871416255,
    -7.90598845257));
#1257 = CARTESIAN_POINT('',(309.97147637706,4.907918566146,
    -7.82537155912));
#1258 = CARTESIAN_POINT('',(309.66735052065,5.01793423784,
    -7.757514977632));
#1259 = CARTESIAN_POINT('',(309.358271967,5.103678863653,-7.703920676138
    ));
#1260 = CARTESIAN_POINT('',(309.04629796234,5.166094469057,
    -7.665234893925));
#1261 = CARTESIAN_POINT('',(308.53321617112,5.232052379339,
    -7.626064197259));
#1262 = CARTESIAN_POINT('',(308.33254975767,5.248702575763,
    -7.616839498305));
#1263 = CARTESIAN_POINT('',(308.13198311491,5.256551149067,
    -7.61365431319));
#1264 = CARTESIAN_POINT('',(307.9319399383,5.255917032559,
    -7.616359011772));
#1265 = CARTESIAN_POINT('',(307.73278221095,5.247117178493,
    -7.624712647352));
#1266 = CARTESIAN_POINT('',(307.53481385969,5.230446603826,
    -7.638414048518));
#1267 = CARTESIAN_POINT('',(307.03204929004,5.168329420938,
    -7.686297047183));
#1268 = CARTESIAN_POINT('',(306.72939064434,5.112024465935,
    -7.727633502014));
#1269 = CARTESIAN_POINT('',(306.43106722704,5.038227309296,
    -7.779889551854));
#1270 = CARTESIAN_POINT('',(306.13766821192,4.947654445842,
    -7.841659063356));
#1271 = CARTESIAN_POINT('',(305.8496720073,4.840714347178,
    -7.911552092562));
#1272 = CARTESIAN_POINT('',(305.56746894699,4.717495637971,
    -7.988264810273));
#1273 = CARTESIAN_POINT('',(305.03048289598,4.445273229039,
    -8.14840225344));
#1274 = CARTESIAN_POINT('',(304.77524808887,4.298158093528,
    -8.231167487086));
#1275 = CARTESIAN_POINT('',(304.52586554885,4.135798826283,
    -8.317887932976));
#1276 = CARTESIAN_POINT('',(304.28282938182,3.957522570053,
    -8.407558526335));
#1277 = CARTESIAN_POINT('',(304.04695668622,3.762347048177,
    -8.499084045189));
#1278 = CARTESIAN_POINT('',(303.81936262714,3.549018654928,
    -8.591262466676));
#1279 = CARTESIAN_POINT('',(303.53202141702,3.2405591683,-8.71190078943)
  );
#1280 = CARTESIAN_POINT('',(303.46339078499,3.163710692548,
    -8.741060559644));
#1281 = CARTESIAN_POINT('',(303.39584772249,3.084728024249,
    -8.770084473039));
#1282 = CARTESIAN_POINT('',(303.32946237454,3.003544843998,
    -8.798917773941));
#1283 = CARTESIAN_POINT('',(303.26431661978,2.920092373088,
    -8.827500078414));
#1284 = CARTESIAN_POINT('',(303.20050445517,2.834298461042,
    -8.855764919118));
#1285 = CARTESIAN_POINT('',(303.06267527826,2.639368947304,
    -8.917361421409));
#1286 = CARTESIAN_POINT('',(302.98933473157,2.529124731947,
    -8.950508032599));
#1287 = CARTESIAN_POINT('',(302.9182915165,2.415209883391,
    -8.982953580985));
#1288 = CARTESIAN_POINT('',(302.84977472642,2.297495670306,
    -9.014548553027));
#1289 = CARTESIAN_POINT('',(302.78405879387,2.175873100397,
    -9.045120414439));
#1290 = CARTESIAN_POINT('',(302.72146051216,2.050257247101,
    -9.074474560216));
#1291 = CARTESIAN_POINT('',(302.6193439134,1.826305631762,
    -9.122697708439));
#1292 = CARTESIAN_POINT('',(302.5781929283,1.729887629545,
    -9.142240168748));
#1293 = CARTESIAN_POINT('',(302.53902123712,1.631322533766,
    -9.160939349831));
#1294 = CARTESIAN_POINT('',(302.50198497568,1.530617682713,
    -9.178702676404));
#1295 = CARTESIAN_POINT('',(302.46725263159,1.427808122354,
    -9.195431376459));
#1296 = CARTESIAN_POINT('',(302.43499939589,1.322961939846,
    -9.211023564078));
#1297 = CARTESIAN_POINT('',(302.36008142989,1.052690351117,
    -9.247355703934));
#1298 = CARTESIAN_POINT('',(302.32095953839,0.88457294751,
    -9.266443828388));
#1299 = CARTESIAN_POINT('',(302.28872420622,0.712367013956,
    -9.282249790131));
#1300 = CARTESIAN_POINT('',(302.26400635889,0.536781978782,
    -9.294411436679));
#1301 = CARTESIAN_POINT('',(302.24732241422,0.358724732988,
    -9.302634561657));
#1302 = CARTESIAN_POINT('',(302.23898559059,0.179330083843,-9.3067433958
    ));
#1303 = CARTESIAN_POINT('',(302.23898559054,-2.279494702004E-15,
    -9.306743395814));
#1304 = PCURVE('',#239,#1305);
#1305 = DEFINITIONAL_REPRESENTATION('',(#1306),#1381);
#1306 = B_SPLINE_CURVE_WITH_KNOTS('',7,(#1307,#1308,#1309,#1310,#1311,
    #1312,#1313,#1314,#1315,#1316,#1317,#1318,#1319,#1320,#1321,#1322,
    #1323,#1324,#1325,#1326,#1327,#1328,#1329,#1330,#1331,#1332,#1333,
    #1334,#1335,#1336,#1337,#1338,#1339,#1340,#1341,#1342,#1343,#1344,
    #1345,#1346,#1347,#1348,#1349,#1350,#1351,#1352,#1353,#1354,#1355,
    #1356,#1357,#1358,#1359,#1360,#1361,#1362,#1363,#1364,#1365,#1366,
    #1367,#1368,#1369,#1370,#1371,#1372,#1373,#1374,#1375,#1376,#1377,
    #1378,#1379,#1380),.UNSPECIFIED.,.F.,.F.,(8,6,6,6,6,6,6,6,6,6,6,6,8)
  ,(0.,9.204896689905E-02,0.158036579311,0.210818447784,0.278273353727,
    0.424978903678,0.518908845395,0.665271676573,0.803606632795,
    0.847874598977,0.901429535218,0.940371822075,1.),.UNSPECIFIED.);
#1307 = CARTESIAN_POINT('',(0.,-31.62231070293));
#1308 = CARTESIAN_POINT('',(-3.007222987292E-02,-31.62231070293));
#1309 = CARTESIAN_POINT('',(-6.015730306383E-02,-31.60709215056));
#1310 = CARTESIAN_POINT('',(-8.999456846033E-02,-31.57663571166));
#1311 = CARTESIAN_POINT('',(-0.119377804526,-31.53148480095));
#1312 = CARTESIAN_POINT('',(-0.14813791403,-31.47250707355));
#1313 = CARTESIAN_POINT('',(-0.176132995025,-31.40075128736));
#1314 = CARTESIAN_POINT('',(-0.222682274305,-31.25764674161));
#1315 = CARTESIAN_POINT('',(-0.241675138281,-31.19190411466));
#1316 = CARTESIAN_POINT('',(-0.260192702291,-31.12055727161));
#1317 = CARTESIAN_POINT('',(-0.278211720144,-31.04398973963));
#1318 = CARTESIAN_POINT('',(-0.29571536283,-30.96256586551));
#1319 = CARTESIAN_POINT('',(-0.312691899704,-30.87661750758));
#1320 = CARTESIAN_POINT('',(-0.342285767065,-30.71429935056));
#1321 = CARTESIAN_POINT('',(-0.355094942056,-30.63945830571));
#1322 = CARTESIAN_POINT('',(-0.367557816696,-30.56206061389));
#1323 = CARTESIAN_POINT('',(-0.379671019994,-30.48224591314));
#1324 = CARTESIAN_POINT('',(-0.391431577899,-30.40014369875));
#1325 = CARTESIAN_POINT('',(-0.402836897743,-30.31587277932));
#1326 = CARTESIAN_POINT('',(-0.428003843907,-30.11920890435));
#1327 = CARTESIAN_POINT('',(-0.44153832311,-30.0055168945));
#1328 = CARTESIAN_POINT('',(-0.454483584996,-29.88868964116));
#1329 = CARTESIAN_POINT('',(-0.46683384795,-29.76893990598));
#1330 = CARTESIAN_POINT('',(-0.478582736796,-29.64647005566));
#1331 = CARTESIAN_POINT('',(-0.489723865553,-29.52147384296));
#1332 = CARTESIAN_POINT('',(-0.523147467178,-29.11719988274));
#1333 = CARTESIAN_POINT('',(-0.543147659179,-28.82911773793));
#1334 = CARTESIAN_POINT('',(-0.560173302182,-28.53198887706));
#1335 = CARTESIAN_POINT('',(-0.574162710827,-28.22786302065));
#1336 = CARTESIAN_POINT('',(-0.585101336396,-27.918784467));
#1337 = CARTESIAN_POINT('',(-0.593039335654,-27.60681046234));
#1338 = CARTESIAN_POINT('',(-0.601319758975,-27.09372867112));
#1339 = CARTESIAN_POINT('',(-0.603368126155,-26.89306225767));
#1340 = CARTESIAN_POINT('',(-0.604261578895,-26.69249561491));
#1341 = CARTESIAN_POINT('',(-0.60403860028,-26.4924524383));
#1342 = CARTESIAN_POINT('',(-0.602743105135,-26.29329471095));
#1343 = CARTESIAN_POINT('',(-0.600420729343,-26.09532635969));
#1344 = CARTESIAN_POINT('',(-0.591965380608,-25.59256179004));
#1345 = CARTESIAN_POINT('',(-0.58443035127,-25.28990314434));
#1346 = CARTESIAN_POINT('',(-0.574676449682,-24.99157972704));
#1347 = CARTESIAN_POINT('',(-0.562854515996,-24.69818071192));
#1348 = CARTESIAN_POINT('',(-0.549083126682,-24.4101845073));
#1349 = CARTESIAN_POINT('',(-0.533441341524,-24.12798144699));
#1350 = CARTESIAN_POINT('',(-0.499406172611,-23.59099539598));
#1351 = CARTESIAN_POINT('',(-0.481223709678,-23.33576058887));
#1352 = CARTESIAN_POINT('',(-0.46140585742,-23.08637804885));
#1353 = CARTESIAN_POINT('',(-0.439930544455,-22.84334188182));
#1354 = CARTESIAN_POINT('',(-0.416740475817,-22.60746918622));
#1355 = CARTESIAN_POINT('',(-0.391745737526,-22.37987512714));
#1356 = CARTESIAN_POINT('',(-0.356110110539,-22.09253391702));
#1357 = CARTESIAN_POINT('',(-0.347267759673,-22.02390328499));
#1358 = CARTESIAN_POINT('',(-0.338216470013,-21.95636022249));
#1359 = CARTESIAN_POINT('',(-0.328950424008,-21.88997487454));
#1360 = CARTESIAN_POINT('',(-0.319463496912,-21.82482911978));
#1361 = CARTESIAN_POINT('',(-0.309749123997,-21.76101695517));
#1362 = CARTESIAN_POINT('',(-0.287764021493,-21.62318777826));
#1363 = CARTESIAN_POINT('',(-0.275385930652,-21.54984723157));
#1364 = CARTESIAN_POINT('',(-0.262652224755,-21.4788040165));
#1365 = CARTESIAN_POINT('',(-0.24955083458,-21.41028722642));
#1366 = CARTESIAN_POINT('',(-0.23607150288,-21.34457129387));
#1367 = CARTESIAN_POINT('',(-0.222205995074,-21.28197301216));
#1368 = CARTESIAN_POINT('',(-0.197580883474,-21.1798564134));
#1369 = CARTESIAN_POINT('',(-0.187007110818,-21.1387054283));
#1370 = CARTESIAN_POINT('',(-0.176225411022,-21.09953373712));
#1371 = CARTESIAN_POINT('',(-0.165236390377,-21.06249747568));
#1372 = CARTESIAN_POINT('',(-0.154043334353,-21.02776513159));
#1373 = CARTESIAN_POINT('',(-0.142652699525,-20.99551189589));
#1374 = CARTESIAN_POINT('',(-0.113346302789,-20.92059392989));
#1375 = CARTESIAN_POINT('',(-9.516800385515E-02,-20.88147203839));
#1376 = CARTESIAN_POINT('',(-7.659257377721E-02,-20.84923670622));
#1377 = CARTESIAN_POINT('',(-5.768903696047E-02,-20.82451885889));
#1378 = CARTESIAN_POINT('',(-3.854460043056E-02,-20.80783491422));
#1379 = CARTESIAN_POINT('',(-1.926883295433E-02,-20.79949809059));
#1380 = CARTESIAN_POINT('',(0.,-20.79949809054));
#1381 = ( GEOMETRIC_REPRESENTATION_CONTEXT(2) 
PARAMETRIC_REPRESENTATION_CONTEXT() REPRESENTATION_CONTEXT('2D SPACE',''
  ) );
#1382 = PCURVE('',#857,#1383);
#1383 = DEFINITIONAL_REPRESENTATION('',(#1384),#1459);
#1384 = B_SPLINE_CURVE_WITH_KNOTS('',7,(#1385,#1386,#1387,#1388,#1389,
    #1390,#1391,#1392,#1393,#1394,#1395,#1396,#1397,#1398,#1399,#1400,
    #1401,#1402,#1403,#1404,#1405,#1406,#1407,#1408,#1409,#1410,#1411,
    #1412,#1413,#1414,#1415,#1416,#1417,#1418,#1419,#1420,#1421,#1422,
    #1423,#1424,#1425,#1426,#1427,#1428,#1429,#1430,#1431,#1432,#1433,
    #1434,#1435,#1436,#1437,#1438,#1439,#1440,#1441,#1442,#1443,#1444,
    #1445,#1446,#1447,#1448,#1449,#1450,#1451,#1452,#1453,#1454,#1455,
    #1456,#1457,#1458),.UNSPECIFIED.,.F.,.F.,(8,6,6,6,6,6,6,6,6,6,6,6,8)
  ,(0.,9.204896689905E-02,0.158036579311,0.210818447784,0.278273353727,
    0.424978903678,0.518908845395,0.665271676573,0.803606632795,
    0.847874598977,0.901429535218,0.940371822075,1.),.UNSPECIFIED.);
#1385 = CARTESIAN_POINT('',(3.14159265359,8.206988531972));
#1386 = CARTESIAN_POINT('',(3.088859227179,8.206988531972));
#1387 = CARTESIAN_POINT('',(3.036103379846,8.201235893422));
#1388 = CARTESIAN_POINT('',(2.983616575691,8.189721130321));
#1389 = CARTESIAN_POINT('',(2.931596265253,8.172807667849));
#1390 = CARTESIAN_POINT('',(2.880189641174,8.151120388871));
#1391 = CARTESIAN_POINT('',(2.829517748946,8.125446234346));
#1392 = CARTESIAN_POINT('',(2.74395247752,8.076001301629));
#1393 = CARTESIAN_POINT('',(2.708635687685,8.053739262591));
#1394 = CARTESIAN_POINT('',(2.673744437245,8.030162303));
#1395 = CARTESIAN_POINT('',(2.639282897883,8.005582743986));
#1396 = CARTESIAN_POINT('',(2.605247391003,7.980309995765));
#1397 = CARTESIAN_POINT('',(2.571627524884,7.954642147185));
#1398 = CARTESIAN_POINT('',(2.511832265687,7.908242560112));
#1399 = CARTESIAN_POINT('',(2.485514799063,7.887551933745));
#1400 = CARTESIAN_POINT('',(2.459444395635,7.866936348609));
#1401 = CARTESIAN_POINT('',(2.433612129102,7.846537165731));
#1402 = CARTESIAN_POINT('',(2.408008811394,7.826491110415));
#1403 = CARTESIAN_POINT('',(2.382624815796,7.806929688766));
#1404 = CARTESIAN_POINT('',(2.325276511336,7.763759233756));
#1405 = CARTESIAN_POINT('',(2.293446368123,7.740538132995));
#1406 = CARTESIAN_POINT('',(2.26193815857,7.718577610031));
#1407 = CARTESIAN_POINT('',(2.230733756387,7.698129166337));
#1408 = CARTESIAN_POINT('',(2.199817513076,7.67943071509));
#1409 = CARTESIAN_POINT('',(2.169175550155,7.662703799497));
#1410 = CARTESIAN_POINT('',(2.072721461647,7.61649997519));
#1411 = CARTESIAN_POINT('',(2.007866132706,7.595123038006));
#1412 = CARTESIAN_POINT('',(1.944144321167,7.586132399804));
#1413 = CARTESIAN_POINT('',(1.881509062117,7.591183361792));
#1414 = CARTESIAN_POINT('',(1.819930451154,7.611258891174));
#1415 = CARTESIAN_POINT('',(1.75939387038,7.646506869185));
#1416 = CARTESIAN_POINT('',(1.661812192223,7.728253549987));
#1417 = CARTESIAN_POINT('',(1.624141159518,7.766151098351));
#1418 = CARTESIAN_POINT('',(1.586880454835,7.809897823675));
#1419 = CARTESIAN_POINT('',(1.550012221379,7.859249276944));
#1420 = CARTESIAN_POINT('',(1.513511557798,7.913886631486));
#1421 = CARTESIAN_POINT('',(1.477347311049,7.973446061033));
#1422 = CARTESIAN_POINT('',(1.385595285798,8.137429131965));
#1423 = CARTESIAN_POINT('',(1.330449055049,8.248310503099));
#1424 = CARTESIAN_POINT('',(1.27586587924,8.368796941704));
#1425 = CARTESIAN_POINT('',(1.221658958599,8.497383597953));
#1426 = CARTESIAN_POINT('',(1.167625239864,8.632607233745));
#1427 = CARTESIAN_POINT('',(1.113536683893,8.773108914519));
#1428 = CARTESIAN_POINT('',(1.007642975993,9.054234490587));
#1429 = CARTESIAN_POINT('',(0.955915486562,9.194322658675));
#1430 = CARTESIAN_POINT('',(0.903641691176,9.336889809675));
#1431 = CARTESIAN_POINT('',(0.850568394902,9.480843273792));
#1432 = CARTESIAN_POINT('',(0.796418090649,9.624927280213));
#1433 = CARTESIAN_POINT('',(0.74088191696,9.767712595372));
#1434 = CARTESIAN_POINT('',(0.665107370184,9.952125084503));
#1435 = CARTESIAN_POINT('',(0.646549805859,9.996507573627));
#1436 = CARTESIAN_POINT('',(0.627790283384,10.040503953443));
#1437 = CARTESIAN_POINT('',(0.608814637574,10.084044599762));
#1438 = CARTESIAN_POINT('',(0.589608380177,10.127051675329));
#1439 = CARTESIAN_POINT('',(0.5701563158,10.169438597406));
#1440 = CARTESIAN_POINT('',(0.526592169575,10.261522546892));
#1441 = CARTESIAN_POINT('',(0.502361332763,10.31088164831));
#1442 = CARTESIAN_POINT('',(0.47771869334,10.359022517469));
#1443 = CARTESIAN_POINT('',(0.452636707576,10.405746269477));
#1444 = CARTESIAN_POINT('',(0.427090804804,10.450821046075));
#1445 = CARTESIAN_POINT('',(0.401058950165,10.493983635041));
#1446 = CARTESIAN_POINT('',(0.355224379355,10.564723161131));
#1447 = CARTESIAN_POINT('',(0.335661954196,10.593336251969));
#1448 = CARTESIAN_POINT('',(0.315827603581,10.620667107452));
#1449 = CARTESIAN_POINT('',(0.295718432971,10.646589245975));
#1450 = CARTESIAN_POINT('',(0.275335621484,10.670967275739));
#1451 = CARTESIAN_POINT('',(0.254685061788,10.69366121153));
#1452 = CARTESIAN_POINT('',(0.201765242138,10.746486157429));
#1453 = CARTESIAN_POINT('',(0.169132189956,10.774183568203));
#1454 = CARTESIAN_POINT('',(0.135949496702,10.797081184265));
#1455 = CARTESIAN_POINT('',(0.102309336751,10.814679511881));
#1456 = CARTESIAN_POINT('',(6.832849884865E-02,10.826571868345));
#1457 = CARTESIAN_POINT('',(3.415811146381E-02,10.832514191164));
#1458 = CARTESIAN_POINT('',(2.556771175729E-10,10.832514191188));
#1459 = ( GEOMETRIC_REPRESENTATION_CONTEXT(2) 
PARAMETRIC_REPRESENTATION_CONTEXT() REPRESENTATION_CONTEXT('2D SPACE',''
  ) );
#1460 = ORIENTED_EDGE('',*,*,#676,.F.);
#1461 = ORIENTED_EDGE('',*,*,#1462,.T.);
#1462 = EDGE_CURVE('',#489,#221,#1463,.T.);
#1463 = SURFACE_CURVE('',#1464,(#1544,#1627),.PCURVE_S1.);
#1464 = B_SPLINE_CURVE_WITH_KNOTS('',8,(#1465,#1466,#1467,#1468,#1469,
    #1470,#1471,#1472,#1473,#1474,#1475,#1476,#1477,#1478,#1479,#1480,
    #1481,#1482,#1483,#1484,#1485,#1486,#1487,#1488,#1489,#1490,#1491,
    #1492,#1493,#1494,#1495,#1496,#1497,#1498,#1499,#1500,#1501,#1502,
    #1503,#1504,#1505,#1506,#1507,#1508,#1509,#1510,#1511,#1512,#1513,
    #1514,#1515,#1516,#1517,#1518,#1519,#1520,#1521,#1522,#1523,#1524,
    #1525,#1526,#1527,#1528,#1529,#1530,#1531,#1532,#1533,#1534,#1535,
    #1536,#1537,#1538,#1539,#1540,#1541,#1542,#1543),.UNSPECIFIED.,.F.,
  .F.,(9,7,7,7,7,7,7,7,7,7,7,9),(0.,2.34461334517E-02,4.135589927195E-02
    ,7.272570679037E-02,0.111979487342,0.176052844861,0.237775134993,
    0.381843847141,0.525936486819,0.734249462547,0.957200466717,1.),
  .UNSPECIFIED.);
#1465 = CARTESIAN_POINT('',(296.4313291296,3.367778697655E-16,
    -9.360704696276));
#1466 = CARTESIAN_POINT('',(296.43132912956,7.650104464944E-02,
    -9.360704696271));
#1467 = CARTESIAN_POINT('',(296.42822965781,0.153027865131,
    -9.360018978531));
#1468 = CARTESIAN_POINT('',(296.42202690889,0.229101301079,
    -9.358646684993));
#1469 = CARTESIAN_POINT('',(296.41282329683,0.304333049892,
    -9.356610909762));
#1470 = CARTESIAN_POINT('',(296.40079410938,0.378413066856,
    -9.353951233096));
#1471 = CARTESIAN_POINT('',(296.38615949504,0.451099085511,
    -9.350717407336));
#1472 = CARTESIAN_POINT('',(296.36916178298,0.522208258231,
    -9.346964194811));
#1473 = CARTESIAN_POINT('',(296.33544782032,0.644625430874,
    -9.339526248095));
#1474 = CARTESIAN_POINT('',(296.31960602257,0.696668234286,
    -9.336033105129));
#1475 = CARTESIAN_POINT('',(296.30262342275,0.747710033906,
    -9.332290707707));
#1476 = CARTESIAN_POINT('',(296.28459718294,0.797737384125,
    -9.328321041682));
#1477 = CARTESIAN_POINT('',(296.26561898305,0.846750775411,
    -9.324144860197));
#1478 = CARTESIAN_POINT('',(296.24577305672,0.894762722638,
    -9.319781244046));
#1479 = CARTESIAN_POINT('',(296.22513422734,0.941795853415,
    -9.315247162028));
#1480 = CARTESIAN_POINT('',(296.16633837812,1.068601318486,
    -9.302342044045));
#1481 = CARTESIAN_POINT('',(296.12669139286,1.146375228196,
    -9.293652376946));
#1482 = CARTESIAN_POINT('',(296.08516242513,1.221395832624,
    -9.284564757237));
#1483 = CARTESIAN_POINT('',(296.04203273093,1.293837265845,
    -9.275143194781));
#1484 = CARTESIAN_POINT('',(295.99753376652,1.363864862007,
    -9.265440399872));
#1485 = CARTESIAN_POINT('',(295.95185140601,1.431641968965,
    -9.255498770523));
#1486 = CARTESIAN_POINT('',(295.90512799522,1.497333402484,
    -9.245350949244));
#1487 = CARTESIAN_POINT('',(295.79781695959,1.640905123102,
    -9.222092525259));
#1488 = CARTESIAN_POINT('',(295.73672957609,1.717655400816,
    -9.208885523285));
#1489 = CARTESIAN_POINT('',(295.67442101181,1.791654778217,-9.1954499281
    ));
#1490 = CARTESIAN_POINT('',(295.61106774376,1.86314096345,
    -9.181826576267));
#1491 = CARTESIAN_POINT('',(295.54681110013,1.932313476927,
    -9.168048288559));
#1492 = CARTESIAN_POINT('',(295.48176348747,1.999348881881,
    -9.154141335143));
#1493 = CARTESIAN_POINT('',(295.41601155038,2.064408737245,
    -9.140126233586));
#1494 = CARTESIAN_POINT('',(295.24124023248,2.230852160573,
    -9.10298902512));
#1495 = CARTESIAN_POINT('',(295.13119097394,2.329154738332,
    -9.079720403187));
#1496 = CARTESIAN_POINT('',(295.01976393754,2.42317215835,
    -9.056283087189));
#1497 = CARTESIAN_POINT('',(294.90718061327,2.513356632352,
    -9.032731133253));
#1498 = CARTESIAN_POINT('',(294.7936128374,2.600071746243,-9.00910720596
    ));
#1499 = CARTESIAN_POINT('',(294.67919213284,2.683625108907,
    -8.985444885199));
#1500 = CARTESIAN_POINT('',(294.5640126172,2.76427878874,-8.961769564377
    ));
#1501 = CARTESIAN_POINT('',(294.33651130925,2.91739158097,
    -8.915298657454));
#1502 = CARTESIAN_POINT('',(294.22425697683,2.990031155262,
    -8.892506189117));
#1503 = CARTESIAN_POINT('',(294.11144245076,3.060384084114,
    -8.869741911934));
#1504 = CARTESIAN_POINT('',(293.9981252247,3.128614810533,
    -8.847022597396));
#1505 = CARTESIAN_POINT('',(293.88435298678,3.19486269447,
    -8.824362845898));
#1506 = CARTESIAN_POINT('',(293.77016514377,3.259249083152,
    -8.801775478981));
#1507 = CARTESIAN_POINT('',(293.65559373191,3.321881608046,
    -8.779271799576));
#1508 = CARTESIAN_POINT('',(293.27240050628,3.52517803808,
    -8.704553368439));
#1509 = CARTESIAN_POINT('',(293.00221531587,3.658448828293,
    -8.652761172766));
#1510 = CARTESIAN_POINT('',(292.73042470134,3.783887435361,
    -8.601610660294));
#1511 = CARTESIAN_POINT('',(292.45725545275,3.902320091828,
    -8.551209701386));
#1512 = CARTESIAN_POINT('',(292.18287639666,4.01437787119,
    -8.501656752706));
#1513 = CARTESIAN_POINT('',(291.9074093721,4.120567821444,
    -8.453044573625));
#1514 = CARTESIAN_POINT('',(291.63093157929,4.221290551788,
    -8.40546236683));
#1515 = CARTESIAN_POINT('',(291.0759853452,4.412480437064,
    -8.312528504124));
#1516 = CARTESIAN_POINT('',(290.79754355012,4.502936468035,
    -8.26718173958));
#1517 = CARTESIAN_POINT('',(290.51821586768,4.588569222151,
    -8.223051285516));
#1518 = CARTESIAN_POINT('',(290.23804847745,4.66962257573,
    -8.180232999638));
#1519 = CARTESIAN_POINT('',(289.95707600015,4.746280980906,
    -8.138827713125));
#1520 = CARTESIAN_POINT('',(289.67532267438,4.818682880189,
    -8.098942827735));
#1521 = CARTESIAN_POINT('',(289.39280269781,4.886927263546,
    -8.06069410895));
#1522 = CARTESIAN_POINT('',(288.69998099759,5.043808610586,
    -7.971459681859));
#1523 = CARTESIAN_POINT('',(288.28887994208,5.127971089324,
    -7.922399167986));
#1524 = CARTESIAN_POINT('',(287.87621333307,5.203748357706,
    -7.877403920088));
#1525 = CARTESIAN_POINT('',(287.46197777905,5.271146301777,
    -7.836904958212));
#1526 = CARTESIAN_POINT('',(287.04616974404,5.330014891718,
    -7.801394764981));
#1527 = CARTESIAN_POINT('',(286.628782661,5.380040725154,-7.771441215551
    ));
#1528 = CARTESIAN_POINT('',(286.20980114452,5.420706362185,
    -7.747707208451));
#1529 = CARTESIAN_POINT('',(285.33902752949,5.483870467874,
    -7.713069093941));
#1530 = CARTESIAN_POINT('',(284.88723953685,5.504873331242,
    -7.703193426209));
#1531 = CARTESIAN_POINT('',(284.43357764533,5.513286020855,
    -7.702286499514));
#1532 = CARTESIAN_POINT('',(283.97800579298,5.507743968966,
    -7.711471794122));
#1533 = CARTESIAN_POINT('',(283.52070165059,5.486406549277,
    -7.732071464171));
#1534 = CARTESIAN_POINT('',(283.06206504905,5.446732912309,
    -7.765604926666));
#1535 = CARTESIAN_POINT('',(282.60272206667,5.38530893387,
    -7.813781544249));
#1536 = CARTESIAN_POINT('',(282.05543140442,5.279916943613,
    -7.890767659383));
#1537 = CARTESIAN_POINT('',(281.96730534562,5.261950291667,
    -7.903769926708));
#1538 = CARTESIAN_POINT('',(281.87920426111,5.242954252526,
    -7.917387634143));
#1539 = CARTESIAN_POINT('',(281.79113855652,5.222890471538,
    -7.931632534085));
#1540 = CARTESIAN_POINT('',(281.70312004382,5.201718347362,
    -7.946516092247));
#1541 = CARTESIAN_POINT('',(281.61516197122,5.179394862358,
    -7.962049353753));
#1542 = CARTESIAN_POINT('',(281.52727905313,5.155874412979,
    -7.978242809225));
#1543 = CARTESIAN_POINT('',(281.4394875,5.131108640167,-7.995106260883)
  );
#1544 = PCURVE('',#239,#1545);
#1545 = DEFINITIONAL_REPRESENTATION('',(#1546),#1626);
#1546 = B_SPLINE_CURVE_WITH_KNOTS('',8,(#1547,#1548,#1549,#1550,#1551,
    #1552,#1553,#1554,#1555,#1556,#1557,#1558,#1559,#1560,#1561,#1562,
    #1563,#1564,#1565,#1566,#1567,#1568,#1569,#1570,#1571,#1572,#1573,
    #1574,#1575,#1576,#1577,#1578,#1579,#1580,#1581,#1582,#1583,#1584,
    #1585,#1586,#1587,#1588,#1589,#1590,#1591,#1592,#1593,#1594,#1595,
    #1596,#1597,#1598,#1599,#1600,#1601,#1602,#1603,#1604,#1605,#1606,
    #1607,#1608,#1609,#1610,#1611,#1612,#1613,#1614,#1615,#1616,#1617,
    #1618,#1619,#1620,#1621,#1622,#1623,#1624,#1625),.UNSPECIFIED.,.F.,
  .F.,(9,7,7,7,7,7,7,7,7,7,7,9),(0.,2.34461334517E-02,4.135589927195E-02
    ,7.272570679037E-02,0.111979487342,0.176052844861,0.237775134993,
    0.381843847141,0.525936486819,0.734249462547,0.957200466717,1.),
  .UNSPECIFIED.);
#1547 = CARTESIAN_POINT('',(0.,-14.9918416296));
#1548 = CARTESIAN_POINT('',(-8.17257323371E-03,-14.99184162956));
#1549 = CARTESIAN_POINT('',(-1.634789970132E-02,-14.98874215781));
#1550 = CARTESIAN_POINT('',(-2.447552383014E-02,-14.98253940889));
#1551 = CARTESIAN_POINT('',(-3.251469408871E-02,-14.97333579683));
#1552 = CARTESIAN_POINT('',(-4.043292925821E-02,-14.96130660938));
#1553 = CARTESIAN_POINT('',(-4.820484972118E-02,-14.94667199504));
#1554 = CARTESIAN_POINT('',(-5.581127376772E-02,-14.92967428298));
#1555 = CARTESIAN_POINT('',(-6.891206432354E-02,-14.89596032032));
#1556 = CARTESIAN_POINT('',(-7.448360618903E-02,-14.88011852257));
#1557 = CARTESIAN_POINT('',(-7.995018575362E-02,-14.86313592275));
#1558 = CARTESIAN_POINT('',(-8.531043915023E-02,-14.84510968294));
#1559 = CARTESIAN_POINT('',(-9.056446069256E-02,-14.82613148305));
#1560 = CARTESIAN_POINT('',(-9.571360616107E-02,-14.80628555672));
#1561 = CARTESIAN_POINT('',(-0.100760296089,-14.78564672734));
#1562 = CARTESIAN_POINT('',(-0.114373641065,-14.72685087812));
#1563 = CARTESIAN_POINT('',(-0.122731140719,-14.68720389286));
#1564 = CARTESIAN_POINT('',(-0.130800922374,-14.64567492513));
#1565 = CARTESIAN_POINT('',(-0.13860144917,-14.60254523093));
#1566 = CARTESIAN_POINT('',(-0.146150182588,-14.55804626652));
#1567 = CARTESIAN_POINT('',(-0.153464354198,-14.51236390601));
#1568 = CARTESIAN_POINT('',(-0.16056136963,-14.46564049522));
#1569 = CARTESIAN_POINT('',(-0.176089818123,-14.35832945959));
#1570 = CARTESIAN_POINT('',(-0.184403584284,-14.29724207609));
#1571 = CARTESIAN_POINT('',(-0.192431651557,-14.23493351181));
#1572 = CARTESIAN_POINT('',(-0.200199034841,-14.17158024376));
#1573 = CARTESIAN_POINT('',(-0.207726679271,-14.10732360013));
#1574 = CARTESIAN_POINT('',(-0.215033103223,-14.04227598747));
#1575 = CARTESIAN_POINT('',(-0.22213526066,-13.97652405038));
#1576 = CARTESIAN_POINT('',(-0.240333200191,-13.80175273248));
#1577 = CARTESIAN_POINT('',(-0.25111060176,-13.69170347394));
#1578 = CARTESIAN_POINT('',(-0.261446301055,-13.58027643754));
#1579 = CARTESIAN_POINT('',(-0.271387491045,-13.46769311327));
#1580 = CARTESIAN_POINT('',(-0.280971986375,-13.3541253374));
#1581 = CARTESIAN_POINT('',(-0.290231718935,-13.23970463284));
#1582 = CARTESIAN_POINT('',(-0.29919386137,-13.1245251172));
#1583 = CARTESIAN_POINT('',(-0.316252545371,-12.89702380925));
#1584 = CARTESIAN_POINT('',(-0.324367486211,-12.78476947683));
#1585 = CARTESIAN_POINT('',(-0.332248047016,-12.67195495076));
#1586 = CARTESIAN_POINT('',(-0.339911146839,-12.5586377247));
#1587 = CARTESIAN_POINT('',(-0.347371059969,-12.44486548678));
#1588 = CARTESIAN_POINT('',(-0.354640168248,-12.33067764377));
#1589 = CARTESIAN_POINT('',(-0.361729418153,-12.21610623191));
#1590 = CARTESIAN_POINT('',(-0.384798575443,-11.83291300628));
#1591 = CARTESIAN_POINT('',(-0.400019631194,-11.56272781587));
#1592 = CARTESIAN_POINT('',(-0.414435256741,-11.29093720134));
#1593 = CARTESIAN_POINT('',(-0.428127510366,-11.01776795275));
#1594 = CARTESIAN_POINT('',(-0.441157857362,-10.74338889666));
#1595 = CARTESIAN_POINT('',(-0.453574675605,-10.4679218721));
#1596 = CARTESIAN_POINT('',(-0.465415073644,-10.19144407929));
#1597 = CARTESIAN_POINT('',(-0.488004369776,-9.636497845207));
#1598 = CARTESIAN_POINT('',(-0.498751974794,-9.358056050125));
#1599 = CARTESIAN_POINT('',(-0.508980400815,-9.078728367686));
#1600 = CARTESIAN_POINT('',(-0.518709848211,-8.798560977455));
#1601 = CARTESIAN_POINT('',(-0.527954018968,-8.517588500156));
#1602 = CARTESIAN_POINT('',(-0.536721491856,-8.235835174388));
#1603 = CARTESIAN_POINT('',(-0.545016369637,-7.953315197815));
#1604 = CARTESIAN_POINT('',(-0.564146120819,-7.26049349759));
#1605 = CARTESIAN_POINT('',(-0.574464478613,-6.849392442086));
#1606 = CARTESIAN_POINT('',(-0.583792858786,-6.436725833079));
#1607 = CARTESIAN_POINT('',(-0.592109983006,-6.02249027905));
#1608 = CARTESIAN_POINT('',(-0.599376072477,-5.606682244048));
#1609 = CARTESIAN_POINT('',(-0.60553189799,-5.189295161006));
#1610 = CARTESIAN_POINT('',(-0.610494515034,-4.770313644521));
#1611 = CARTESIAN_POINT('',(-0.618061699461,-3.899540029495));
#1612 = CARTESIAN_POINT('',(-0.620473901105,-3.447752036858));
#1613 = CARTESIAN_POINT('',(-0.621250803298,-2.994090145332));
#1614 = CARTESIAN_POINT('',(-0.620208776087,-2.53851829299));
#1615 = CARTESIAN_POINT('',(-0.617112165027,-2.08121415059));
#1616 = CARTESIAN_POINT('',(-0.611653221064,-1.622577549053));
#1617 = CARTESIAN_POINT('',(-0.603440534806,-1.163234566671));
#1618 = CARTESIAN_POINT('',(-0.589703017392,-0.615943904428));
#1619 = CARTESIAN_POINT('',(-0.587368721496,-0.527817845623));
#1620 = CARTESIAN_POINT('',(-0.584908731743,-0.439716761115));
#1621 = CARTESIAN_POINT('',(-0.58231902494,-0.351651056525));
#1622 = CARTESIAN_POINT('',(-0.579595390211,-0.263632543821));
#1623 = CARTESIAN_POINT('',(-0.576733418218,-0.175674471228));
#1624 = CARTESIAN_POINT('',(-0.573728490378,-8.779155313351E-02));
#1625 = CARTESIAN_POINT('',(-0.570575768075,0.));
#1626 = ( GEOMETRIC_REPRESENTATION_CONTEXT(2) 
PARAMETRIC_REPRESENTATION_CONTEXT() REPRESENTATION_CONTEXT('2D SPACE',''
  ) );
#1627 = PCURVE('',#320,#1628);
#1628 = DEFINITIONAL_REPRESENTATION('',(#1629),#1709);
#1629 = B_SPLINE_CURVE_WITH_KNOTS('',8,(#1630,#1631,#1632,#1633,#1634,
    #1635,#1636,#1637,#1638,#1639,#1640,#1641,#1642,#1643,#1644,#1645,
    #1646,#1647,#1648,#1649,#1650,#1651,#1652,#1653,#1654,#1655,#1656,
    #1657,#1658,#1659,#1660,#1661,#1662,#1663,#1664,#1665,#1666,#1667,
    #1668,#1669,#1670,#1671,#1672,#1673,#1674,#1675,#1676,#1677,#1678,
    #1679,#1680,#1681,#1682,#1683,#1684,#1685,#1686,#1687,#1688,#1689,
    #1690,#1691,#1692,#1693,#1694,#1695,#1696,#1697,#1698,#1699,#1700,
    #1701,#1702,#1703,#1704,#1705,#1706,#1707,#1708),.UNSPECIFIED.,.F.,
  .F.,(9,7,7,7,7,7,7,7,7,7,7,9),(0.,2.34461334517E-02,4.135589927195E-02
    ,7.272570679037E-02,0.111979487342,0.176052844861,0.237775134993,
    0.381843847141,0.525936486819,0.734249462547,0.957200466717,1.),
  .UNSPECIFIED.);
#1630 = CARTESIAN_POINT('',(3.141592653367,24.174704644556));
#1631 = CARTESIAN_POINT('',(3.127683372521,24.174704644523));
#1632 = CARTESIAN_POINT('',(3.113769407988,24.171772394374));
#1633 = CARTESIAN_POINT('',(3.099933767818,24.16590428467));
#1634 = CARTESIAN_POINT('',(3.086242956672,24.157197454329));
#1635 = CARTESIAN_POINT('',(3.072749735706,24.145818192978));
#1636 = CARTESIAN_POINT('',(3.05949529265,24.131975372477));
#1637 = CARTESIAN_POINT('',(3.046510822086,24.115898907627));
#1638 = CARTESIAN_POINT('',(3.024123261412,24.084015815222));
#1639 = CARTESIAN_POINT('',(3.014594090592,24.069035389713));
#1640 = CARTESIAN_POINT('',(3.00523566573,24.052977507375));
#1641 = CARTESIAN_POINT('',(2.996049974347,24.035934369294));
#1642 = CARTESIAN_POINT('',(2.987036636022,24.01799297876));
#1643 = CARTESIAN_POINT('',(2.978193209201,23.999233280239));
#1644 = CARTESIAN_POINT('',(2.969515497999,23.979726298348));
#1645 = CARTESIAN_POINT('',(2.946078808791,23.924161486685));
#1646 = CARTESIAN_POINT('',(2.931657880945,23.886700389368));
#1647 = CARTESIAN_POINT('',(2.917699754444,23.84746940603));
#1648 = CARTESIAN_POINT('',(2.904173178907,23.806735642641));
#1649 = CARTESIAN_POINT('',(2.891048847858,23.76471893045));
#1650 = CARTESIAN_POINT('',(2.878297921467,23.721595847115));
#1651 = CARTESIAN_POINT('',(2.865891198757,23.677501718481));
#1652 = CARTESIAN_POINT('',(2.838667609625,23.576257180328));
#1653 = CARTESIAN_POINT('',(2.824037024561,23.518642100124));
#1654 = CARTESIAN_POINT('',(2.809854286727,23.459895571514));
#1655 = CARTESIAN_POINT('',(2.796077598393,23.400185578882));
#1656 = CARTESIAN_POINT('',(2.78267206746,23.339646716727));
#1657 = CARTESIAN_POINT('',(2.769606846122,23.278386131062));
#1658 = CARTESIAN_POINT('',(2.756853602198,23.216486565377));
#1659 = CARTESIAN_POINT('',(2.724036170436,23.052021255341));
#1660 = CARTESIAN_POINT('',(2.704455435127,22.948527846992));
#1661 = CARTESIAN_POINT('',(2.685534472197,22.843809070149));
#1662 = CARTESIAN_POINT('',(2.667194460162,22.738077364115));
#1663 = CARTESIAN_POINT('',(2.649372235672,22.631497960316));
#1664 = CARTESIAN_POINT('',(2.632014284168,22.524197856645));
#1665 = CARTESIAN_POINT('',(2.615074740398,22.416268714804));
#1666 = CARTESIAN_POINT('',(2.582557498398,22.20325593613));
#1667 = CARTESIAN_POINT('',(2.566955106743,22.098229347482));
#1668 = CARTESIAN_POINT('',(2.551670110682,21.99276004485));
#1669 = CARTESIAN_POINT('',(2.53667365895,21.886904743993));
#1670 = CARTESIAN_POINT('',(2.521941239285,21.78071088321));
#1671 = CARTESIAN_POINT('',(2.507451396038,21.674218096754));
#1672 = CARTESIAN_POINT('',(2.493184942134,21.567459110268));
#1673 = CARTESIAN_POINT('',(2.446305955016,21.210708864675));
#1674 = CARTESIAN_POINT('',(2.414614286746,20.95967933059));
#1675 = CARTESIAN_POINT('',(2.383829904936,20.70770276442));
#1676 = CARTESIAN_POINT('',(2.353800370201,20.455026813601));
#1677 = CARTESIAN_POINT('',(2.324405174687,20.201846245179));
#1678 = CARTESIAN_POINT('',(2.295542765926,19.948314068439));
#1679 = CARTESIAN_POINT('',(2.267126892991,19.694544686648));
#1680 = CARTESIAN_POINT('',(2.211026826099,19.186654670737));
#1681 = CARTESIAN_POINT('',(2.18334550145,18.932558669473));
#1682 = CARTESIAN_POINT('',(2.155959292844,18.6784346388));
#1683 = CARTESIAN_POINT('',(2.128803272208,18.424375388525));
#1684 = CARTESIAN_POINT('',(2.101819595072,18.170467112672));
#1685 = CARTESIAN_POINT('',(2.074954550678,17.916791269458));
#1686 = CARTESIAN_POINT('',(2.048156572435,17.663425889281));
#1687 = CARTESIAN_POINT('',(1.982657717062,17.044716812523));
#1688 = CARTESIAN_POINT('',(1.943977818634,16.679822587784));
#1689 = CARTESIAN_POINT('',(1.905181886245,16.315977677464));
#1690 = CARTESIAN_POINT('',(1.866122624796,15.953426526335));
#1691 = CARTESIAN_POINT('',(1.82665203804,15.592448714344));
#1692 = CARTESIAN_POINT('',(1.786612625025,15.233364581872));
#1693 = CARTESIAN_POINT('',(1.7458268062,14.876541748911));
#1694 = CARTESIAN_POINT('',(1.659409150838,14.143378155768));
#1695 = CARTESIAN_POINT('',(1.61366188391,13.767630647708));
#1696 = CARTESIAN_POINT('',(1.566565639367,13.395492390071));
#1697 = CARTESIAN_POINT('',(1.517819265678,13.027578244446));
#1698 = CARTESIAN_POINT('',(1.467083250054,12.664792106681));
#1699 = CARTESIAN_POINT('',(1.413943694869,12.308333000858));
#1700 = CARTESIAN_POINT('',(1.3578920966,11.95969423044));
#1701 = CARTESIAN_POINT('',(1.286722726137,11.55553738721));
#1702 = CARTESIAN_POINT('',(1.275127206561,11.490806540142));
#1703 = CARTESIAN_POINT('',(1.263393228089,11.426449152765));
#1704 = CARTESIAN_POINT('',(1.251515756674,11.362480489763));
#1705 = CARTESIAN_POINT('',(1.239489574245,11.298916803398));
#1706 = CARTESIAN_POINT('',(1.227309252693,11.2357752812));
#1707 = CARTESIAN_POINT('',(1.214969127865,11.173073993667));
#1708 = CARTESIAN_POINT('',(1.202463273558,11.110831841953));
#1709 = ( GEOMETRIC_REPRESENTATION_CONTEXT(2) 
PARAMETRIC_REPRESENTATION_CONTEXT() REPRESENTATION_CONTEXT('2D SPACE',''
  ) );
#1710 = ADVANCED_FACE('',(#1711),#320,.T.);
#1711 = FACE_BOUND('',#1712,.T.);
#1712 = EDGE_LOOP('',(#1713,#1736,#1763,#1764,#1765,#1766,#1767));
#1713 = ORIENTED_EDGE('',*,*,#1714,.T.);
#1714 = EDGE_CURVE('',#251,#1715,#1717,.T.);
#1715 = VERTEX_POINT('',#1716);
#1716 = CARTESIAN_POINT('',(291.32492520757,-1.347111479062E-15,
    -19.2136826533));
#1717 = SEAM_CURVE('',#1718,(#1722,#1729),.PCURVE_S1.);
#1718 = LINE('',#1719,#1720);
#1719 = CARTESIAN_POINT('',(270.31922960006,-1.347111479062E-15,
    -4.505336243589));
#1720 = VECTOR('',#1721,1.);
#1721 = DIRECTION('',(0.819152044289,0.,-0.573576436351));
#1722 = PCURVE('',#320,#1723);
#1723 = DEFINITIONAL_REPRESENTATION('',(#1724),#1728);
#1724 = LINE('',#1725,#1726);
#1725 = CARTESIAN_POINT('',(6.28318530718,-0.));
#1726 = VECTOR('',#1727,1.);
#1727 = DIRECTION('',(0.,1.));
#1728 = ( GEOMETRIC_REPRESENTATION_CONTEXT(2) 
PARAMETRIC_REPRESENTATION_CONTEXT() REPRESENTATION_CONTEXT('2D SPACE',''
  ) );
#1729 = PCURVE('',#320,#1730);
#1730 = DEFINITIONAL_REPRESENTATION('',(#1731),#1735);
#1731 = LINE('',#1732,#1733);
#1732 = CARTESIAN_POINT('',(0.,-0.));
#1733 = VECTOR('',#1734,1.);
#1734 = DIRECTION('',(0.,1.));
#1735 = ( GEOMETRIC_REPRESENTATION_CONTEXT(2) 
PARAMETRIC_REPRESENTATION_CONTEXT() REPRESENTATION_CONTEXT('2D SPACE',''
  ) );
#1736 = ORIENTED_EDGE('',*,*,#1737,.F.);
#1737 = EDGE_CURVE('',#1715,#1715,#1738,.T.);
#1738 = SURFACE_CURVE('',#1739,(#1744,#1751),.PCURVE_S1.);
#1739 = CIRCLE('',#1740,5.5);
#1740 = AXIS2_PLACEMENT_3D('',#1741,#1742,#1743);
#1741 = CARTESIAN_POINT('',(294.4795956075,0.,-14.70834640971));
#1742 = DIRECTION('',(0.819152044289,0.,-0.573576436351));
#1743 = DIRECTION('',(-0.573576436351,0.,-0.819152044289));
#1744 = PCURVE('',#320,#1745);
#1745 = DEFINITIONAL_REPRESENTATION('',(#1746),#1750);
#1746 = LINE('',#1747,#1748);
#1747 = CARTESIAN_POINT('',(0.,25.643219416896));
#1748 = VECTOR('',#1749,1.);
#1749 = DIRECTION('',(1.,0.));
#1750 = ( GEOMETRIC_REPRESENTATION_CONTEXT(2) 
PARAMETRIC_REPRESENTATION_CONTEXT() REPRESENTATION_CONTEXT('2D SPACE',''
  ) );
#1751 = PCURVE('',#1752,#1757);
#1752 = PLANE('',#1753);
#1753 = AXIS2_PLACEMENT_3D('',#1754,#1755,#1756);
#1754 = CARTESIAN_POINT('',(294.4795956075,0.,-14.70834640971));
#1755 = DIRECTION('',(0.819152044289,0.,-0.573576436351));
#1756 = DIRECTION('',(-0.573576436351,0.,-0.819152044289));
#1757 = DEFINITIONAL_REPRESENTATION('',(#1758),#1762);
#1758 = CIRCLE('',#1759,5.5);
#1759 = AXIS2_PLACEMENT_2D('',#1760,#1761);
#1760 = CARTESIAN_POINT('',(0.,0.));
#1761 = DIRECTION('',(1.,0.));
#1762 = ( GEOMETRIC_REPRESENTATION_CONTEXT(2) 
PARAMETRIC_REPRESENTATION_CONTEXT() REPRESENTATION_CONTEXT('2D SPACE',''
  ) );
#1763 = ORIENTED_EDGE('',*,*,#1714,.F.);
#1764 = ORIENTED_EDGE('',*,*,#250,.F.);
#1765 = ORIENTED_EDGE('',*,*,#1462,.F.);
#1766 = ORIENTED_EDGE('',*,*,#488,.F.);
#1767 = ORIENTED_EDGE('',*,*,#382,.F.);
#1768 = ADVANCED_FACE('',(#1769),#857,.T.);
#1769 = FACE_BOUND('',#1770,.T.);
#1770 = EDGE_LOOP('',(#1771,#1794,#1821,#1822,#1823));
#1771 = ORIENTED_EDGE('',*,*,#1772,.T.);
#1772 = EDGE_CURVE('',#677,#1773,#1775,.T.);
#1773 = VERTEX_POINT('',#1774);
#1774 = CARTESIAN_POINT('',(301.0841616994,-1.285879139105E-15,
    -14.1144912616));
#1775 = SEAM_CURVE('',#1776,(#1780,#1787),.PCURVE_S1.);
#1776 = LINE('',#1777,#1778);
#1777 = CARTESIAN_POINT('',(304.7689991294,-1.285879139105E-15,
    1.226176199224));
#1778 = VECTOR('',#1779,1.);
#1779 = DIRECTION('',(-0.233557371281,0.,-0.972343022971));
#1780 = PCURVE('',#857,#1781);
#1781 = DEFINITIONAL_REPRESENTATION('',(#1782),#1786);
#1782 = LINE('',#1783,#1784);
#1783 = CARTESIAN_POINT('',(6.28318530718,-0.));
#1784 = VECTOR('',#1785,1.);
#1785 = DIRECTION('',(0.,1.));
#1786 = ( GEOMETRIC_REPRESENTATION_CONTEXT(2) 
PARAMETRIC_REPRESENTATION_CONTEXT() REPRESENTATION_CONTEXT('2D SPACE',''
  ) );
#1787 = PCURVE('',#857,#1788);
#1788 = DEFINITIONAL_REPRESENTATION('',(#1789),#1793);
#1789 = LINE('',#1790,#1791);
#1790 = CARTESIAN_POINT('',(0.,-0.));
#1791 = VECTOR('',#1792,1.);
#1792 = DIRECTION('',(0.,1.));
#1793 = ( GEOMETRIC_REPRESENTATION_CONTEXT(2) 
PARAMETRIC_REPRESENTATION_CONTEXT() REPRESENTATION_CONTEXT('2D SPACE',''
  ) );
#1794 = ORIENTED_EDGE('',*,*,#1795,.F.);
#1795 = EDGE_CURVE('',#1773,#1773,#1796,.T.);
#1796 = SURFACE_CURVE('',#1797,(#1802,#1809),.PCURVE_S1.);
#1797 = CIRCLE('',#1798,5.25);
#1798 = AXIS2_PLACEMENT_3D('',#1799,#1800,#1801);
#1799 = CARTESIAN_POINT('',(306.18896256999,0.,-15.34066746083));
#1800 = DIRECTION('',(-0.233557371281,0.,-0.972343022971));
#1801 = DIRECTION('',(-0.972343022971,0.,0.233557371281));
#1802 = PCURVE('',#857,#1803);
#1803 = DEFINITIONAL_REPRESENTATION('',(#1804),#1808);
#1804 = LINE('',#1805,#1806);
#1805 = CARTESIAN_POINT('',(0.,15.777011917008));
#1806 = VECTOR('',#1807,1.);
#1807 = DIRECTION('',(1.,0.));
#1808 = ( GEOMETRIC_REPRESENTATION_CONTEXT(2) 
PARAMETRIC_REPRESENTATION_CONTEXT() REPRESENTATION_CONTEXT('2D SPACE',''
  ) );
#1809 = PCURVE('',#1810,#1815);
#1810 = PLANE('',#1811);
#1811 = AXIS2_PLACEMENT_3D('',#1812,#1813,#1814);
#1812 = CARTESIAN_POINT('',(306.18896256999,0.,-15.34066746083));
#1813 = DIRECTION('',(-0.233557371281,0.,-0.972343022971));
#1814 = DIRECTION('',(-0.972343022971,0.,0.233557371281));
#1815 = DEFINITIONAL_REPRESENTATION('',(#1816),#1820);
#1816 = CIRCLE('',#1817,5.25);
#1817 = AXIS2_PLACEMENT_2D('',#1818,#1819);
#1818 = CARTESIAN_POINT('',(0.,0.));
#1819 = DIRECTION('',(1.,0.));
#1820 = ( GEOMETRIC_REPRESENTATION_CONTEXT(2) 
PARAMETRIC_REPRESENTATION_CONTEXT() REPRESENTATION_CONTEXT('2D SPACE',''
  ) );
#1821 = ORIENTED_EDGE('',*,*,#1772,.F.);
#1822 = ORIENTED_EDGE('',*,*,#1227,.F.);
#1823 = ORIENTED_EDGE('',*,*,#699,.F.);
#1824 = ADVANCED_FACE('',(#1825),#1049,.T.);
#1825 = FACE_BOUND('',#1826,.T.);
#1826 = EDGE_LOOP('',(#1827,#1850,#1877,#1878,#1879,#2004,#2127));
#1827 = ORIENTED_EDGE('',*,*,#1828,.T.);
#1828 = EDGE_CURVE('',#941,#1829,#1831,.T.);
#1829 = VERTEX_POINT('',#1830);
#1830 = CARTESIAN_POINT('',(328.53537235305,-1.224646799147E-15,
    -14.43495152267));
#1831 = SEAM_CURVE('',#1832,(#1836,#1843),.PCURVE_S1.);
#1832 = LINE('',#1833,#1834);
#1833 = CARTESIAN_POINT('',(337.47707008152,-1.224646799147E-15,
    2.350755098827));
#1834 = VECTOR('',#1835,1.);
#1835 = DIRECTION('',(-0.470151019765,0.,-0.882585983694));
#1836 = PCURVE('',#1049,#1837);
#1837 = DEFINITIONAL_REPRESENTATION('',(#1838),#1842);
#1838 = LINE('',#1839,#1840);
#1839 = CARTESIAN_POINT('',(6.28318530718,-0.));
#1840 = VECTOR('',#1841,1.);
#1841 = DIRECTION('',(0.,1.));
#1842 = ( GEOMETRIC_REPRESENTATION_CONTEXT(2) 
PARAMETRIC_REPRESENTATION_CONTEXT() REPRESENTATION_CONTEXT('2D SPACE',''
  ) );
#1843 = PCURVE('',#1049,#1844);
#1844 = DEFINITIONAL_REPRESENTATION('',(#1845),#1849);
#1845 = LINE('',#1846,#1847);
#1846 = CARTESIAN_POINT('',(0.,-0.));
#1847 = VECTOR('',#1848,1.);
#1848 = DIRECTION('',(0.,1.));
#1849 = ( GEOMETRIC_REPRESENTATION_CONTEXT(2) 
PARAMETRIC_REPRESENTATION_CONTEXT() REPRESENTATION_CONTEXT('2D SPACE',''
  ) );
#1850 = ORIENTED_EDGE('',*,*,#1851,.F.);
#1851 = EDGE_CURVE('',#1829,#1829,#1852,.T.);
#1852 = SURFACE_CURVE('',#1853,(#1858,#1865),.PCURVE_S1.);
#1853 = CIRCLE('',#1854,5.);
#1854 = AXIS2_PLACEMENT_3D('',#1855,#1856,#1857);
#1855 = CARTESIAN_POINT('',(332.94830227152,0.,-16.78570662149));
#1856 = DIRECTION('',(-0.470151019765,0.,-0.882585983694));
#1857 = DIRECTION('',(-0.882585983694,0.,0.470151019765));
#1858 = PCURVE('',#1049,#1859);
#1859 = DEFINITIONAL_REPRESENTATION('',(#1860),#1864);
#1860 = LINE('',#1861,#1862);
#1861 = CARTESIAN_POINT('',(0.,19.018777696012));
#1862 = VECTOR('',#1863,1.);
#1863 = DIRECTION('',(1.,0.));
#1864 = ( GEOMETRIC_REPRESENTATION_CONTEXT(2) 
PARAMETRIC_REPRESENTATION_CONTEXT() REPRESENTATION_CONTEXT('2D SPACE',''
  ) );
#1865 = PCURVE('',#1866,#1871);
#1866 = PLANE('',#1867);
#1867 = AXIS2_PLACEMENT_3D('',#1868,#1869,#1870);
#1868 = CARTESIAN_POINT('',(332.94830227152,0.,-16.78570662149));
#1869 = DIRECTION('',(-0.470151019765,0.,-0.882585983694));
#1870 = DIRECTION('',(-0.882585983694,0.,0.470151019765));
#1871 = DEFINITIONAL_REPRESENTATION('',(#1872),#1876);
#1872 = CIRCLE('',#1873,5.);
#1873 = AXIS2_PLACEMENT_2D('',#1874,#1875);
#1874 = CARTESIAN_POINT('',(0.,0.));
#1875 = DIRECTION('',(1.,0.));
#1876 = ( GEOMETRIC_REPRESENTATION_CONTEXT(2) 
PARAMETRIC_REPRESENTATION_CONTEXT() REPRESENTATION_CONTEXT('2D SPACE',''
  ) );
#1877 = ORIENTED_EDGE('',*,*,#1828,.F.);
#1878 = ORIENTED_EDGE('',*,*,#1124,.F.);
#1879 = ORIENTED_EDGE('',*,*,#1880,.F.);
#1880 = EDGE_CURVE('',#1881,#1097,#1883,.T.);
#1881 = VERTEX_POINT('',#1882);
#1882 = CARTESIAN_POINT('',(342.79824320642,-2.187192442312E-15,
    -8.929890821726));
#1883 = SURFACE_CURVE('',#1884,(#1922,#1963),.PCURVE_S1.);
#1884 = B_SPLINE_CURVE_WITH_KNOTS('',8,(#1885,#1886,#1887,#1888,#1889,
    #1890,#1891,#1892,#1893,#1894,#1895,#1896,#1897,#1898,#1899,#1900,
    #1901,#1902,#1903,#1904,#1905,#1906,#1907,#1908,#1909,#1910,#1911,
    #1912,#1913,#1914,#1915,#1916,#1917,#1918,#1919,#1920,#1921),
  .UNSPECIFIED.,.F.,.F.,(9,7,7,7,7,9),(0.,0.12625342942,0.20003544483,
    0.409496912511,0.628390680056,1.),.UNSPECIFIED.);
#1885 = CARTESIAN_POINT('',(342.79824320642,3.061616997868E-16,
    -8.929890821726));
#1886 = CARTESIAN_POINT('',(342.79824320634,0.216894918964,
    -8.929890821706));
#1887 = CARTESIAN_POINT('',(342.78922229225,0.433839594059,
    -8.923953934923));
#1888 = CARTESIAN_POINT('',(342.7711741345,0.649701772869,
    -8.912075550287));
#1889 = CARTESIAN_POINT('',(342.74421792504,0.863449859539,
    -8.894403393493));
#1890 = CARTESIAN_POINT('',(342.70856683126,1.074145302002,
    -8.871214097449));
#1891 = CARTESIAN_POINT('',(342.66450765618,1.280937179147,
    -8.842891250012));
#1892 = CARTESIAN_POINT('',(342.61239170498,1.483058987928,
    -8.809904919005));
#1893 = CARTESIAN_POINT('',(342.51771635662,1.794818463391,
    -8.751104390857));
#1894 = CARTESIAN_POINT('',(342.48018036757,1.908002621521,
    -8.728002909079));
#1895 = CARTESIAN_POINT('',(342.44010593142,2.019258056071,
    -8.703591789526));
#1896 = CARTESIAN_POINT('',(342.39757321215,2.128478079172,
    -8.677979827253));
#1897 = CARTESIAN_POINT('',(342.35266455489,2.23557030538,-8.65127951884
    ));
#1898 = CARTESIAN_POINT('',(342.30546354374,2.340455593216,
    -8.623605549189));
#1899 = CARTESIAN_POINT('',(342.25605405958,2.443066986716,
    -8.595073278312));
#1900 = CARTESIAN_POINT('',(342.05821622626,2.828040606838,
    -8.482684773062));
#1901 = CARTESIAN_POINT('',(341.89483408903,3.093860924803,
    -8.393605990897));
#1902 = CARTESIAN_POINT('',(341.7162300569,3.339695835925,
    -8.301151778048));
#1903 = CARTESIAN_POINT('',(341.52424479692,3.56498822625,
    -8.207886451287));
#1904 = CARTESIAN_POINT('',(341.32067174495,3.769629228485,
    -8.116184305119));
#1905 = CARTESIAN_POINT('',(341.10724597224,3.953882972094,
    -8.028094239955));
#1906 = CARTESIAN_POINT('',(340.8856284546,4.118317423027,
    -7.945255170401));
#1907 = CARTESIAN_POINT('',(340.41881543822,4.415658445547,
    -7.789075632167));
#1908 = CARTESIAN_POINT('',(340.17304312697,4.546789412482,
    -7.71634277326));
#1909 = CARTESIAN_POINT('',(339.92182120605,4.658002989297,
    -7.652076838606));
#1910 = CARTESIAN_POINT('',(339.66674887317,4.750482246792,
    -7.59715049156));
#1911 = CARTESIAN_POINT('',(339.40922423036,4.825539051141,
    -7.551926594365));
#1912 = CARTESIAN_POINT('',(339.15042914397,4.884499935076,
    -7.51636400391));
#1913 = CARTESIAN_POINT('',(338.89132002618,4.928627814373,
    -7.490156288939));
#1914 = CARTESIAN_POINT('',(338.19343801505,5.010753740184,
    -7.443438674355));
#1915 = CARTESIAN_POINT('',(337.75603474683,5.022926008609,
    -7.439700279321));
#1916 = CARTESIAN_POINT('',(337.32265327427,5.001545771337,
    -7.459142435552));
#1917 = CARTESIAN_POINT('',(336.89481884495,4.950751754342,
    -7.498505525346));
#1918 = CARTESIAN_POINT('',(336.47353975839,4.873422994601,
    -7.554607576782));
#1919 = CARTESIAN_POINT('',(336.05938284433,4.771296425254,
    -7.624657155142));
#1920 = CARTESIAN_POINT('',(335.6524908199,4.64510086363,-7.706320254786
    ));
#1921 = CARTESIAN_POINT('',(335.25265,4.493937259853,-7.797725816192));
#1922 = PCURVE('',#1049,#1923);
#1923 = DEFINITIONAL_REPRESENTATION('',(#1924),#1962);
#1924 = B_SPLINE_CURVE_WITH_KNOTS('',8,(#1925,#1926,#1927,#1928,#1929,
    #1930,#1931,#1932,#1933,#1934,#1935,#1936,#1937,#1938,#1939,#1940,
    #1941,#1942,#1943,#1944,#1945,#1946,#1947,#1948,#1949,#1950,#1951,
    #1952,#1953,#1954,#1955,#1956,#1957,#1958,#1959,#1960,#1961),
  .UNSPECIFIED.,.F.,.F.,(9,7,7,7,7,9),(0.,0.12625342942,0.20003544483,
    0.409496912511,0.628390680056,1.),.UNSPECIFIED.);
#1925 = CARTESIAN_POINT('',(3.141592653256,7.454385005482));
#1926 = CARTESIAN_POINT('',(3.098213669463,7.454385005498));
#1927 = CARTESIAN_POINT('',(3.054824773808,7.453386384395));
#1928 = CARTESIAN_POINT('',(3.011527847911,7.451388048379));
#1929 = CARTESIAN_POINT('',(2.968404913452,7.448464339858));
#1930 = CARTESIAN_POINT('',(2.925525483948,7.444759190294));
#1931 = CARTESIAN_POINT('',(2.882952215611,7.440476308223));
#1932 = CARTESIAN_POINT('',(2.840744857248,7.435865402425));
#1933 = CARTESIAN_POINT('',(2.77454505096,7.428480592024));
#1934 = CARTESIAN_POINT('',(2.750268196127,7.425739131536));
#1935 = CARTESIAN_POINT('',(2.72614053633,7.423035256596));
#1936 = CARTESIAN_POINT('',(2.702169288767,7.420427299016));
#1937 = CARTESIAN_POINT('',(2.678360453291,7.417975832056));
#1938 = CARTESIAN_POINT('',(2.654718979466,7.415742777855));
#1939 = CARTESIAN_POINT('',(2.631248933621,7.413790514859));
#1940 = CARTESIAN_POINT('',(2.541820192316,7.407611654483));
#1941 = CARTESIAN_POINT('',(2.477117405552,7.405806248329));
#1942 = CARTESIAN_POINT('',(2.413886906752,7.408178323775));
#1943 = CARTESIAN_POINT('',(2.352152216893,7.416125719372));
#1944 = CARTESIAN_POINT('',(2.291929844507,7.430900768468));
#1945 = CARTESIAN_POINT('',(2.233229684302,7.453496056334));
#1946 = CARTESIAN_POINT('',(2.176050780171,7.48457715656));
#1947 = CARTESIAN_POINT('',(2.062199202109,7.566207900865));
#1948 = CARTESIAN_POINT('',(2.005673907344,7.617565001805));
#1949 = CARTESIAN_POINT('',(1.950787755509,7.678957030958));
#1950 = CARTESIAN_POINT('',(1.897499709375,7.750402324338));
#1951 = CARTESIAN_POINT('',(1.845747772769,7.831563819979));
#1952 = CARTESIAN_POINT('',(1.795452460135,7.921849549873));
#1953 = CARTESIAN_POINT('',(1.746518550042,8.020539403935));
#1954 = CARTESIAN_POINT('',(1.617884537188,8.307417031322));
#1955 = CARTESIAN_POINT('',(1.540647777595,8.509763171882));
#1956 = CARTESIAN_POINT('',(1.466326039754,8.730677273024));
#1957 = CARTESIAN_POINT('',(1.394277275315,8.966565410029));
#1958 = CARTESIAN_POINT('',(1.323916515495,9.214145045288));
#1959 = CARTESIAN_POINT('',(1.25467649274,9.470686147831));
#1960 = CARTESIAN_POINT('',(1.185959589228,9.734061543106));
#1961 = CARTESIAN_POINT('',(1.116995679082,10.002720379656));
#1962 = ( GEOMETRIC_REPRESENTATION_CONTEXT(2) 
PARAMETRIC_REPRESENTATION_CONTEXT() REPRESENTATION_CONTEXT('2D SPACE',''
  ) );
#1963 = PCURVE('',#1113,#1964);
#1964 = DEFINITIONAL_REPRESENTATION('',(#1965),#2003);
#1965 = B_SPLINE_CURVE_WITH_KNOTS('',8,(#1966,#1967,#1968,#1969,#1970,
    #1971,#1972,#1973,#1974,#1975,#1976,#1977,#1978,#1979,#1980,#1981,
    #1982,#1983,#1984,#1985,#1986,#1987,#1988,#1989,#1990,#1991,#1992,
    #1993,#1994,#1995,#1996,#1997,#1998,#1999,#2000,#2001,#2002),
  .UNSPECIFIED.,.F.,.F.,(9,7,7,7,7,9),(0.,0.12625342942,0.20003544483,
    0.409496912511,0.628390680056,1.),.UNSPECIFIED.);
#1966 = CARTESIAN_POINT('',(0.,-7.54559320642));
#1967 = CARTESIAN_POINT('',(-2.428864174194E-02,-7.545593206346));
#1968 = CARTESIAN_POINT('',(-4.858285541249E-02,-7.536572292261));
#1969 = CARTESIAN_POINT('',(-7.277676947224E-02,-7.518524134507));
#1970 = CARTESIAN_POINT('',(-9.67758267367E-02,-7.491567925043));
#1971 = CARTESIAN_POINT('',(-0.120493949859,-7.455916831264));
#1972 = CARTESIAN_POINT('',(-0.143851486796,-7.411857656184));
#1973 = CARTESIAN_POINT('',(-0.166773936263,-7.359741704983));
#1974 = CARTESIAN_POINT('',(-0.202292163271,-7.265066356628));
#1975 = CARTESIAN_POINT('',(-0.215222878782,-7.227530367573));
#1976 = CARTESIAN_POINT('',(-0.227971323209,-7.18745593142));
#1977 = CARTESIAN_POINT('',(-0.240526411843,-7.144923212152));
#1978 = CARTESIAN_POINT('',(-0.252878156168,-7.100014554895));
#1979 = CARTESIAN_POINT('',(-0.265017568279,-7.052813543746));
#1980 = CARTESIAN_POINT('',(-0.276936565286,-7.003404059587));
#1981 = CARTESIAN_POINT('',(-0.321818599291,-6.805566226262));
#1982 = CARTESIAN_POINT('',(-0.353163195653,-6.642184089034));
#1983 = CARTESIAN_POINT('',(-0.382514130481,-6.463580056903));
#1984 = CARTESIAN_POINT('',(-0.409759341775,-6.27159479692));
#1985 = CARTESIAN_POINT('',(-0.43481678885,-6.068021744955));
#1986 = CARTESIAN_POINT('',(-0.457637855179,-5.854595972248));
#1987 = CARTESIAN_POINT('',(-0.478211424803,-5.632978454608));
#1988 = CARTESIAN_POINT('',(-0.515735761943,-5.166165438229));
#1989 = CARTESIAN_POINT('',(-0.532478829631,-4.920393126977));
#1990 = CARTESIAN_POINT('',(-0.546816287194,-4.669171206058));
#1991 = CARTESIAN_POINT('',(-0.558819263903,-4.414098873174));
#1992 = CARTESIAN_POINT('',(-0.568594488398,-4.156574230361));
#1993 = CARTESIAN_POINT('',(-0.576271538038,-3.897779143979));
#1994 = CARTESIAN_POINT('',(-0.581989385273,-3.638670026188));
#1995 = CARTESIAN_POINT('',(-0.592499516173,-2.940788015054));
#1996 = CARTESIAN_POINT('',(-0.593853987197,-2.503384746838));
#1997 = CARTESIAN_POINT('',(-0.590665253244,-2.070003274274));
#1998 = CARTESIAN_POINT('',(-0.583524134464,-1.642168844958));
#1999 = CARTESIAN_POINT('',(-0.572904718112,-1.220889758392));
#2000 = CARTESIAN_POINT('',(-0.55914245351,-0.806732844334));
#2001 = CARTESIAN_POINT('',(-0.542444596401,-0.399840819905));
#2002 = CARTESIAN_POINT('',(-0.522821100181,0.));
#2003 = ( GEOMETRIC_REPRESENTATION_CONTEXT(2) 
PARAMETRIC_REPRESENTATION_CONTEXT() REPRESENTATION_CONTEXT('2D SPACE',''
  ) );
#2004 = ORIENTED_EDGE('',*,*,#2005,.F.);
#2005 = EDGE_CURVE('',#964,#1881,#2006,.T.);
#2006 = SURFACE_CURVE('',#2007,(#2045,#2086),.PCURVE_S1.);
#2007 = B_SPLINE_CURVE_WITH_KNOTS('',8,(#2008,#2009,#2010,#2011,#2012,
    #2013,#2014,#2015,#2016,#2017,#2018,#2019,#2020,#2021,#2022,#2023,
    #2024,#2025,#2026,#2027,#2028,#2029,#2030,#2031,#2032,#2033,#2034,
    #2035,#2036,#2037,#2038,#2039,#2040,#2041,#2042,#2043,#2044),
  .UNSPECIFIED.,.F.,.F.,(9,7,7,7,7,9),(0.,0.372800187267,0.59036386399,
    0.799847097126,0.873634416549,1.),.UNSPECIFIED.);
#2008 = CARTESIAN_POINT('',(335.25265,-4.493937259853,-7.797725816192));
#2009 = CARTESIAN_POINT('',(335.65377313022,-4.645585653305,
    -7.706027112329));
#2010 = CARTESIAN_POINT('',(336.06198834935,-4.772103933004,
    -7.624134472722));
#2011 = CARTESIAN_POINT('',(336.47751593958,-4.874402592393,
    -7.553935514406));
#2012 = CARTESIAN_POINT('',(336.90021304024,-4.951740624304,
    -7.497787950774));
#2013 = CARTESIAN_POINT('',(337.32950483638,-5.002356919283,
    -7.458513416456));
#2014 = CARTESIAN_POINT('',(337.76436682807,-5.023332741014,
    -7.439329477429));
#2015 = CARTESIAN_POINT('',(338.20324763414,-5.010472498998,
    -7.443528180983));
#2016 = CARTESIAN_POINT('',(338.90100607547,-4.926960550831,
    -7.491147291982));
#2017 = CARTESIAN_POINT('',(339.15853017386,-4.882628485505,
    -7.51749326268));
#2018 = CARTESIAN_POINT('',(339.41571947318,-4.823609814468,
    -7.553088708791));
#2019 = CARTESIAN_POINT('',(339.67163024536,-4.748663064313,
    -7.598229026619));
#2020 = CARTESIAN_POINT('',(339.92509856957,-4.656485911756,
    -7.652948559476));
#2021 = CARTESIAN_POINT('',(340.17474945453,-4.545791620704,
    -7.716886293859));
#2022 = CARTESIAN_POINT('',(340.41901169299,-4.41542007226,
    -7.789183653345));
#2023 = CARTESIAN_POINT('',(340.8844630457,-4.119168326514,
    -7.944824690434));
#2024 = CARTESIAN_POINT('',(341.10614063775,-3.954806657735,
    -8.027647822626));
#2025 = CARTESIAN_POINT('',(341.31963112967,-3.770623834583,
    -8.11572921778));
#2026 = CARTESIAN_POINT('',(341.52327325687,-3.566050849609,
    -8.207430750934));
#2027 = CARTESIAN_POINT('',(341.71533162486,-3.340822416935,
    -8.300703982633));
#2028 = CARTESIAN_POINT('',(341.89401245232,-3.095046167608,
    -8.393174699709));
#2029 = CARTESIAN_POINT('',(342.05747468718,-2.829277895879,
    -8.482278275182));
#2030 = CARTESIAN_POINT('',(342.25542295104,-2.444366885622,
    -8.594709601956));
#2031 = CARTESIAN_POINT('',(342.30486046426,-2.341773304874,
    -8.623253322098));
#2032 = CARTESIAN_POINT('',(342.35208997488,-2.236904879329,
    -8.650939709385));
#2033 = CARTESIAN_POINT('',(342.39702758373,-2.129828482657,
    -8.67765337592));
#2034 = CARTESIAN_POINT('',(342.43958968313,-2.020623171718,
    -8.703279600371));
#2035 = CARTESIAN_POINT('',(342.47969389837,-1.909381245257,
    -8.727705840669));
#2036 = CARTESIAN_POINT('',(342.51726002923,-1.796209302606,
    -8.75082324672));
#2037 = CARTESIAN_POINT('',(342.61206678736,-1.484318573974,
    -8.809699271157));
#2038 = CARTESIAN_POINT('',(342.66427220813,-1.282041738186,
    -8.842739899368));
#2039 = CARTESIAN_POINT('',(342.70840804889,-1.075083212998,
    -8.87111081902));
#2040 = CARTESIAN_POINT('',(342.74412186814,-0.86421114591,
    -8.894340419583));
#2041 = CARTESIAN_POINT('',(342.77112589872,-0.650278433574,
    -8.912043803537));
#2042 = CARTESIAN_POINT('',(342.78920622217,-0.434225954244,
    -8.923943359218));
#2043 = CARTESIAN_POINT('',(342.79824320634,-0.217088013036,
    -8.929890821704));
#2044 = CARTESIAN_POINT('',(342.79824320642,0.,-8.929890821726));
#2045 = PCURVE('',#1049,#2046);
#2046 = DEFINITIONAL_REPRESENTATION('',(#2047),#2085);
#2047 = B_SPLINE_CURVE_WITH_KNOTS('',8,(#2048,#2049,#2050,#2051,#2052,
    #2053,#2054,#2055,#2056,#2057,#2058,#2059,#2060,#2061,#2062,#2063,
    #2064,#2065,#2066,#2067,#2068,#2069,#2070,#2071,#2072,#2073,#2074,
    #2075,#2076,#2077,#2078,#2079,#2080,#2081,#2082,#2083,#2084),
  .UNSPECIFIED.,.F.,.F.,(9,7,7,7,7,9),(0.,0.372800187267,0.59036386399,
    0.799847097126,0.873634416549,1.),.UNSPECIFIED.);
#2048 = CARTESIAN_POINT('',(5.166189628469,10.002720381101));
#2049 = CARTESIAN_POINT('',(5.097004547466,9.733199941621));
#2050 = CARTESIAN_POINT('',(5.028068816592,9.468999844183));
#2051 = CARTESIAN_POINT('',(4.958604064712,9.211682507207));
#2052 = CARTESIAN_POINT('',(4.888007092829,8.963395981615));
#2053 = CARTESIAN_POINT('',(4.815705416126,8.726900852365));
#2054 = CARTESIAN_POINT('',(4.741108464725,8.505518567824));
#2055 = CARTESIAN_POINT('',(4.663568021249,8.302884026196));
#2056 = CARTESIAN_POINT('',(4.534835895325,8.01686014338));
#2057 = CARTESIAN_POINT('',(4.486155933118,7.919037510374));
#2058 = CARTESIAN_POINT('',(4.436128453354,7.829535740844));
#2059 = CARTESIAN_POINT('',(4.384660261832,7.74905924215));
#2060 = CARTESIAN_POINT('',(4.331673606099,7.678185543779));
#2061 = CARTESIAN_POINT('',(4.27710788301,7.617242473827));
#2062 = CARTESIAN_POINT('',(4.220923003153,7.566210969465));
#2063 = CARTESIAN_POINT('',(4.107433354371,7.48474513916));
#2064 = CARTESIAN_POINT('',(4.050255340623,7.453621728795));
#2065 = CARTESIAN_POINT('',(3.991555764888,7.430988361098));
#2066 = CARTESIAN_POINT('',(3.931333649564,7.416180295172));
#2067 = CARTESIAN_POINT('',(3.86959886435,7.408205504559));
#2068 = CARTESIAN_POINT('',(3.806367887774,7.405811890108));
#2069 = CARTESIAN_POINT('',(3.741664194442,7.407601520503));
#2070 = CARTESIAN_POINT('',(3.652234266507,7.413766255532));
#2071 = CARTESIAN_POINT('',(3.628764407127,7.415715445595));
#2072 = CARTESIAN_POINT('',(3.605123057568,7.417946060373));
#2073 = CARTESIAN_POINT('',(3.581314277766,7.420395705404));
#2074 = CARTESIAN_POINT('',(3.557343010476,7.423002437484));
#2075 = CARTESIAN_POINT('',(3.533215248174,7.425705657112));
#2076 = CARTESIAN_POINT('',(3.508938199941,7.42844700094));
#2077 = CARTESIAN_POINT('',(3.442703487841,7.435836660867));
#2078 = CARTESIAN_POINT('',(3.400460498335,7.440453424408));
#2079 = CARTESIAN_POINT('',(3.357850704424,7.444742689895));
#2080 = CARTESIAN_POINT('',(3.314933982212,7.448453921219));
#2081 = CARTESIAN_POINT('',(3.271773124305,7.451382707243));
#2082 = CARTESIAN_POINT('',(3.228437805125,7.453384605793));
#2083 = CARTESIAN_POINT('',(3.185010256561,7.454385005499));
#2084 = CARTESIAN_POINT('',(3.141592653953,7.454385005481));
#2085 = ( GEOMETRIC_REPRESENTATION_CONTEXT(2) 
PARAMETRIC_REPRESENTATION_CONTEXT() REPRESENTATION_CONTEXT('2D SPACE',''
  ) );
#2086 = PCURVE('',#1113,#2087);
#2087 = DEFINITIONAL_REPRESENTATION('',(#2088),#2126);
#2088 = B_SPLINE_CURVE_WITH_KNOTS('',8,(#2089,#2090,#2091,#2092,#2093,
    #2094,#2095,#2096,#2097,#2098,#2099,#2100,#2101,#2102,#2103,#2104,
    #2105,#2106,#2107,#2108,#2109,#2110,#2111,#2112,#2113,#2114,#2115,
    #2116,#2117,#2118,#2119,#2120,#2121,#2122,#2123,#2124,#2125),
  .UNSPECIFIED.,.F.,.F.,(9,7,7,7,7,9),(0.,0.372800187267,0.59036386399,
    0.799847097126,0.873634416549,1.),.UNSPECIFIED.);
#2089 = CARTESIAN_POINT('',(-5.760364206998,0.));
#2090 = CARTESIAN_POINT('',(-5.740677777189,-0.401123130228));
#2091 = CARTESIAN_POINT('',(-5.723935998847,-0.809338349355));
#2092 = CARTESIAN_POINT('',(-5.710148571122,-1.22486593958));
#2093 = CARTESIAN_POINT('',(-5.699525364851,-1.647563040248));
#2094 = CARTESIAN_POINT('',(-5.692405986205,-2.076854836378));
#2095 = CARTESIAN_POINT('',(-5.689270598922,-2.511716828071));
#2096 = CARTESIAN_POINT('',(-5.69071728315,-2.950597634148));
#2097 = CARTESIAN_POINT('',(-5.701412009576,-3.648356075476));
#2098 = CARTESIAN_POINT('',(-5.707157478934,-3.905880173863));
#2099 = CARTESIAN_POINT('',(-5.714842068799,-4.163069473189));
#2100 = CARTESIAN_POINT('',(-5.724602055325,-4.418980245368));
#2101 = CARTESIAN_POINT('',(-5.736564331497,-4.672448569576));
#2102 = CARTESIAN_POINT('',(-5.750833349667,-4.922099454532));
#2103 = CARTESIAN_POINT('',(-5.767478761391,-5.166361692993));
#2104 = CARTESIAN_POINT('',(-5.804867328567,-5.631813045702));
#2105 = CARTESIAN_POINT('',(-5.825432811285,-5.853490637756));
#2106 = CARTESIAN_POINT('',(-5.848246291054,-6.066981129671));
#2107 = CARTESIAN_POINT('',(-5.873296759131,-6.270623256872));
#2108 = CARTESIAN_POINT('',(-5.900535691224,-6.462681624862));
#2109 = CARTESIAN_POINT('',(-5.929881122887,-6.641362452325));
#2110 = CARTESIAN_POINT('',(-5.961221061533,-6.804824687188));
#2111 = CARTESIAN_POINT('',(-6.006097681535,-7.00277295104));
#2112 = CARTESIAN_POINT('',(-6.018015093736,-7.052210464264));
#2113 = CARTESIAN_POINT('',(-6.03015302874,-7.099439974882));
#2114 = CARTESIAN_POINT('',(-6.042503409163,-7.144377583731));
#2115 = CARTESIAN_POINT('',(-6.055057252778,-7.18693968313));
#2116 = CARTESIAN_POINT('',(-6.067804576972,-7.227043898373));
#2117 = CARTESIAN_POINT('',(-6.080734303226,-7.264610029231));
#2118 = CARTESIAN_POINT('',(-6.116268520983,-7.359416787364));
#2119 = CARTESIAN_POINT('',(-6.139209057367,-7.411622208132));
#2120 = CARTESIAN_POINT('',(-6.162585775505,-7.455758048889));
#2121 = CARTESIAN_POINT('',(-6.186324005034,-7.491471868139));
#2122 = CARTESIAN_POINT('',(-6.210343905314,-7.518475898729));
#2123 = CARTESIAN_POINT('',(-6.234559185825,-7.536556222177));
#2124 = CARTESIAN_POINT('',(-6.258875042097,-7.545593206339));
#2125 = CARTESIAN_POINT('',(-6.28318530718,-7.54559320642));
#2126 = ( GEOMETRIC_REPRESENTATION_CONTEXT(2) 
PARAMETRIC_REPRESENTATION_CONTEXT() REPRESENTATION_CONTEXT('2D SPACE',''
  ) );
#2127 = ORIENTED_EDGE('',*,*,#963,.F.);
#2128 = ADVANCED_FACE('',(#2129),#1113,.T.);
#2129 = FACE_BOUND('',#2130,.T.);
#2130 = EDGE_LOOP('',(#2131,#2154,#2180,#2181,#2182,#2183));
#2131 = ORIENTED_EDGE('',*,*,#2132,.T.);
#2132 = EDGE_CURVE('',#1881,#2133,#2135,.T.);
#2133 = VERTEX_POINT('',#2134);
#2134 = CARTESIAN_POINT('',(389.0658125,-2.081899558551E-15,-8.5));
#2135 = SEAM_CURVE('',#2136,(#2140,#2147),.PCURVE_S1.);
#2136 = LINE('',#2137,#2138);
#2137 = CARTESIAN_POINT('',(335.25265,-2.204364238465E-15,-9.));
#2138 = VECTOR('',#2139,1.);
#2139 = DIRECTION('',(0.999956837672,2.275640166177E-18,
    9.291006058896E-03));
#2140 = PCURVE('',#1113,#2141);
#2141 = DEFINITIONAL_REPRESENTATION('',(#2142),#2146);
#2142 = LINE('',#2143,#2144);
#2143 = CARTESIAN_POINT('',(-6.28318530718,0.));
#2144 = VECTOR('',#2145,1.);
#2145 = DIRECTION('',(-0.,-1.));
#2146 = ( GEOMETRIC_REPRESENTATION_CONTEXT(2) 
PARAMETRIC_REPRESENTATION_CONTEXT() REPRESENTATION_CONTEXT('2D SPACE',''
  ) );
#2147 = PCURVE('',#1113,#2148);
#2148 = DEFINITIONAL_REPRESENTATION('',(#2149),#2153);
#2149 = LINE('',#2150,#2151);
#2150 = CARTESIAN_POINT('',(0.,-0.));
#2151 = VECTOR('',#2152,1.);
#2152 = DIRECTION('',(-0.,-1.));
#2153 = ( GEOMETRIC_REPRESENTATION_CONTEXT(2) 
PARAMETRIC_REPRESENTATION_CONTEXT() REPRESENTATION_CONTEXT('2D SPACE',''
  ) );
#2154 = ORIENTED_EDGE('',*,*,#2155,.F.);
#2155 = EDGE_CURVE('',#2133,#2133,#2156,.T.);
#2156 = SURFACE_CURVE('',#2157,(#2162,#2169),.PCURVE_S1.);
#2157 = CIRCLE('',#2158,8.5);
#2158 = AXIS2_PLACEMENT_3D('',#2159,#2160,#2161);
#2159 = CARTESIAN_POINT('',(389.0658125,0.,5.97446120354E-15));
#2160 = DIRECTION('',(1.,-0.,2.22044604925E-16));
#2161 = DIRECTION('',(2.22044604925E-16,0.,-1.));
#2162 = PCURVE('',#1113,#2163);
#2163 = DEFINITIONAL_REPRESENTATION('',(#2164),#2168);
#2164 = LINE('',#2165,#2166);
#2165 = CARTESIAN_POINT('',(-0.,-53.8131625));
#2166 = VECTOR('',#2167,1.);
#2167 = DIRECTION('',(-1.,-0.));
#2168 = ( GEOMETRIC_REPRESENTATION_CONTEXT(2) 
PARAMETRIC_REPRESENTATION_CONTEXT() REPRESENTATION_CONTEXT('2D SPACE',''
  ) );
#2169 = PCURVE('',#2170,#2175);
#2170 = CONICAL_SURFACE('',#2171,8.5,9.291139735022E-03);
#2171 = AXIS2_PLACEMENT_3D('',#2172,#2173,#2174);
#2172 = CARTESIAN_POINT('',(389.0658125,0.,-5.97446120354E-15));
#2173 = DIRECTION('',(-1.,-0.,-2.22044604925E-16));
#2174 = DIRECTION('',(2.22044604925E-16,0.,-1.));
#2175 = DEFINITIONAL_REPRESENTATION('',(#2176),#2179);
#2176 = B_SPLINE_CURVE_WITH_KNOTS('',1,(#2177,#2178),.UNSPECIFIED.,.F.,
  .F.,(2,2),(0.,6.28318530718),.PIECEWISE_BEZIER_KNOTS.);
#2177 = CARTESIAN_POINT('',(0.,0.));
#2178 = CARTESIAN_POINT('',(-6.28318530718,0.));
#2179 = ( GEOMETRIC_REPRESENTATION_CONTEXT(2) 
PARAMETRIC_REPRESENTATION_CONTEXT() REPRESENTATION_CONTEXT('2D SPACE',''
  ) );
#2180 = ORIENTED_EDGE('',*,*,#2132,.F.);
#2181 = ORIENTED_EDGE('',*,*,#1880,.T.);
#2182 = ORIENTED_EDGE('',*,*,#1096,.T.);
#2183 = ORIENTED_EDGE('',*,*,#2005,.T.);
#2184 = ADVANCED_FACE('',(#2185),#1752,.T.);
#2185 = FACE_BOUND('',#2186,.T.);
#2186 = EDGE_LOOP('',(#2187));
#2187 = ORIENTED_EDGE('',*,*,#1737,.T.);
#2188 = ADVANCED_FACE('',(#2189),#1810,.T.);
#2189 = FACE_BOUND('',#2190,.T.);
#2190 = EDGE_LOOP('',(#2191));
#2191 = ORIENTED_EDGE('',*,*,#1795,.T.);
#2192 = ADVANCED_FACE('',(#2193),#1866,.T.);
#2193 = FACE_BOUND('',#2194,.T.);
#2194 = EDGE_LOOP('',(#2195));
#2195 = ORIENTED_EDGE('',*,*,#1851,.T.);
#2196 = ADVANCED_FACE('',(#2197),#2170,.T.);
#2197 = FACE_BOUND('',#2198,.T.);
#2198 = EDGE_LOOP('',(#2199,#2436,#2459,#2715,#2738,#2764,#2765,#3035,
    #3036,#3285,#3306,#3307));
#2199 = ORIENTED_EDGE('',*,*,#2200,.T.);
#2200 = EDGE_CURVE('',#2201,#2203,#2205,.T.);
#2201 = VERTEX_POINT('',#2202);
#2202 = CARTESIAN_POINT('',(393.0844371924,-1.6487005096E-15,
    -8.46266132201));
#2203 = VERTEX_POINT('',#2204);
#2204 = CARTESIAN_POINT('',(404.91439185537,-2.045832338047E-15,
    -8.35274439729));
#2205 = SURFACE_CURVE('',#2206,(#2279,#2355),.PCURVE_S1.);
#2206 = B_SPLINE_CURVE_WITH_KNOTS('',8,(#2207,#2208,#2209,#2210,#2211,
    #2212,#2213,#2214,#2215,#2216,#2217,#2218,#2219,#2220,#2221,#2222,
    #2223,#2224,#2225,#2226,#2227,#2228,#2229,#2230,#2231,#2232,#2233,
    #2234,#2235,#2236,#2237,#2238,#2239,#2240,#2241,#2242,#2243,#2244,
    #2245,#2246,#2247,#2248,#2249,#2250,#2251,#2252,#2253,#2254,#2255,
    #2256,#2257,#2258,#2259,#2260,#2261,#2262,#2263,#2264,#2265,#2266,
    #2267,#2268,#2269,#2270,#2271,#2272,#2273,#2274,#2275,#2276,#2277,
    #2278),.UNSPECIFIED.,.F.,.F.,(9,7,7,7,7,7,7,7,7,7,9),(0.,
    8.543351863824E-02,0.139561523656,0.278894366173,0.393657284199,
    0.637643437203,0.735541987189,0.833263252478,0.87939041127,
    0.945277236185,1.),.UNSPECIFIED.);
#2207 = CARTESIAN_POINT('',(393.0844371924,-8.881784197001E-16,
    -8.46266132201));
#2208 = CARTESIAN_POINT('',(393.08443719245,-0.241995635449,
    -8.462661321994));
#2209 = CARTESIAN_POINT('',(393.09520023202,-0.484060267709,
    -8.454652590773));
#2210 = CARTESIAN_POINT('',(393.11673540247,-0.724673821597,
    -8.438627685703));
#2211 = CARTESIAN_POINT('',(393.14888807279,-0.962460910871,
    -8.414815076426));
#2212 = CARTESIAN_POINT('',(393.19138676309,-1.196178624495,
    -8.383639853193));
#2213 = CARTESIAN_POINT('',(393.24387096488,-1.424708418361,
    -8.345688080656));
#2214 = CARTESIAN_POINT('',(393.30589990779,-1.647052112478,
    -8.301674797145));
#2215 = CARTESIAN_POINT('',(393.4219524936,-1.998726592257,
    -8.221206610575));
#2216 = CARTESIAN_POINT('',(393.47059244765,-2.132320259134,
    -8.187883735556));
#2217 = CARTESIAN_POINT('',(393.52273917512,-2.262914787256,
    -8.152646551439));
#2218 = CARTESIAN_POINT('',(393.57826465311,-2.390340815029,
    -8.115704804874));
#2219 = CARTESIAN_POINT('',(393.63703713715,-2.514455758411,
    -8.077274998003));
#2220 = CARTESIAN_POINT('',(393.69892250246,-2.635141743078,
    -8.037576914412));
#2221 = CARTESIAN_POINT('',(393.76378558518,-2.752303536595,
    -7.996830145064));
#2222 = CARTESIAN_POINT('',(394.00577581225,-3.158192934948,
    -7.848219250035));
#2223 = CARTESIAN_POINT('',(394.19888520865,-3.42665326563,
    -7.735677737633));
#2224 = CARTESIAN_POINT('',(394.40852337549,-3.670010274632,
    -7.621306838727));
#2225 = CARTESIAN_POINT('',(394.63237593289,-3.887885076076,
    -7.508660315925));
#2226 = CARTESIAN_POINT('',(394.86814327679,-4.080584685454,
    -7.400873960516));
#2227 = CARTESIAN_POINT('',(395.11355366912,-4.24896139491,
    -7.300432232794));
#2228 = CARTESIAN_POINT('',(395.36639352903,-4.394273369804,
    -7.209056760282));
#2229 = CARTESIAN_POINT('',(395.8372595408,-4.619937701406,
    -7.060837279386));
#2230 = CARTESIAN_POINT('',(396.05360618263,-4.707247651824,
    -7.000731438531));
#2231 = CARTESIAN_POINT('',(396.27257825766,-4.780820495834,
    -6.948013528055));
#2232 = CARTESIAN_POINT('',(396.49325580755,-4.84163523931,
    -6.902913452556));
#2233 = CARTESIAN_POINT('',(396.71486074571,-4.890680878525,
    -6.865394367831));
#2234 = CARTESIAN_POINT('',(396.93675974041,-4.928900274284,
    -6.835231752025));
#2235 = CARTESIAN_POINT('',(397.1584642784,-4.957158651511,
    -6.812092014368));
#2236 = CARTESIAN_POINT('',(397.84983029607,-5.016754470652,
    -6.760489703443));
#2237 = CARTESIAN_POINT('',(398.31668314177,-5.015652107205,
    -6.75544042709));
#2238 = CARTESIAN_POINT('',(398.77835177578,-4.980693804606,
    -6.776375694212));
#2239 = CARTESIAN_POINT('',(399.2336353016,-4.91662421871,-6.81884923795
    ));
#2240 = CARTESIAN_POINT('',(399.68178584385,-4.82655149949,
    -6.878980980465));
#2241 = CARTESIAN_POINT('',(400.12248976911,-4.712142969216,
    -6.953555238558));
#2242 = CARTESIAN_POINT('',(400.55587212972,-4.573905700654,
    -7.0400211568));
#2243 = CARTESIAN_POINT('',(401.15358065453,-4.344779959757,
    -7.175095049252));
#2244 = CARTESIAN_POINT('',(401.32351631766,-4.275145476739,
    -7.215345214762));
#2245 = CARTESIAN_POINT('',(401.49221768245,-4.201422803225,
    -7.257025087795));
#2246 = CARTESIAN_POINT('',(401.65965139374,-4.123513999917,
    -7.299999384485));
#2247 = CARTESIAN_POINT('',(401.82576795797,-4.041287523068,
    -7.34413751029));
#2248 = CARTESIAN_POINT('',(401.99050124419,-3.954572689674,
    -7.389311388103));
#2249 = CARTESIAN_POINT('',(402.15376663025,-3.863148046119,
    -7.435393243385));
#2250 = CARTESIAN_POINT('',(402.47685615094,-3.670473849593,
    -7.529028590201));
#2251 = CARTESIAN_POINT('',(402.63664770089,-3.569265235277,
    -7.576568165825));
#2252 = CARTESIAN_POINT('',(402.79475638715,-3.462794756577,
    -7.624750566284));
#2253 = CARTESIAN_POINT('',(402.95104463773,-3.350711574093,
    -7.673442146298));
#2254 = CARTESIAN_POINT('',(403.10530827354,-3.232596798214,
    -7.722490905415));
#2255 = CARTESIAN_POINT('',(403.25727413468,-3.107952028176,
    -7.771722633131));
#2256 = CARTESIAN_POINT('',(403.40658786577,-2.976155510508,
    -7.820934212748));
#2257 = CARTESIAN_POINT('',(403.6217857301,-2.770350170827,
    -7.892982127247));
#2258 = CARTESIAN_POINT('',(403.69008691889,-2.702578979149,
    -7.916022701021));
#2259 = CARTESIAN_POINT('',(403.75763319099,-2.632941877343,
    -7.93897449047));
#2260 = CARTESIAN_POINT('',(403.82436223814,-2.56134362427,
    -7.961806904881));
#2261 = CARTESIAN_POINT('',(403.89019888443,-2.487682272062,
    -7.984484585013));
#2262 = CARTESIAN_POINT('',(403.95505419066,-2.411846897468,
    -8.006966902019));
#2263 = CARTESIAN_POINT('',(404.01882389871,-2.333713823398,
    -8.029207244762));
#2264 = CARTESIAN_POINT('',(404.17074859111,-2.138053693314,
    -8.082497545338));
#2265 = CARTESIAN_POINT('',(404.25756239845,-2.018098471489,
    -8.113210255636));
#2266 = CARTESIAN_POINT('',(404.34157147962,-1.892762420928,
    -8.143167943683));
#2267 = CARTESIAN_POINT('',(404.42232577137,-1.761568842201,
    -8.172179094503));
#2268 = CARTESIAN_POINT('',(404.49918718194,-1.624084351787,
    -8.19998029435));
#2269 = CARTESIAN_POINT('',(404.57133283893,-1.479923434312,
    -8.226234902717));
#2270 = CARTESIAN_POINT('',(404.63775570878,-1.328750775933,
    -8.250533062902));
#2271 = CARTESIAN_POINT('',(404.74668644324,-1.038663511443,
    -8.290549017411));
#2272 = CARTESIAN_POINT('',(404.79137448064,-0.901918732973,
    -8.307035963905));
#2273 = CARTESIAN_POINT('',(404.83050741905,-0.760199825753,
    -8.321528212568));
#2274 = CARTESIAN_POINT('',(404.86319293829,-0.613875921001,
    -8.333670971086));
#2275 = CARTESIAN_POINT('',(404.88854268383,-0.463569044678,
    -8.343109477667));
#2276 = CARTESIAN_POINT('',(404.90577809172,-0.310203680358,
    -8.349533769893));
#2277 = CARTESIAN_POINT('',(404.91439185538,-0.155082323318,
    -8.35274439729));
#2278 = CARTESIAN_POINT('',(404.91439185538,-8.881784197001E-15,
    -8.35274439729));
#2279 = PCURVE('',#2170,#2280);
#2280 = DEFINITIONAL_REPRESENTATION('',(#2281),#2354);
#2281 = B_SPLINE_CURVE_WITH_KNOTS('',8,(#2282,#2283,#2284,#2285,#2286,
    #2287,#2288,#2289,#2290,#2291,#2292,#2293,#2294,#2295,#2296,#2297,
    #2298,#2299,#2300,#2301,#2302,#2303,#2304,#2305,#2306,#2307,#2308,
    #2309,#2310,#2311,#2312,#2313,#2314,#2315,#2316,#2317,#2318,#2319,
    #2320,#2321,#2322,#2323,#2324,#2325,#2326,#2327,#2328,#2329,#2330,
    #2331,#2332,#2333,#2334,#2335,#2336,#2337,#2338,#2339,#2340,#2341,
    #2342,#2343,#2344,#2345,#2346,#2347,#2348,#2349,#2350,#2351,#2352,
    #2353),.UNSPECIFIED.,.F.,.F.,(9,7,7,7,7,7,7,7,7,7,9),(0.,
    8.543351863824E-02,0.139561523656,0.278894366173,0.393657284199,
    0.637643437203,0.735541987189,0.833263252478,0.87939041127,
    0.945277236185,1.),.UNSPECIFIED.);
#2282 = CARTESIAN_POINT('',(-6.28318530718,-4.018624692406));
#2283 = CARTESIAN_POINT('',(-6.254589617687,-4.018624692461));
#2284 = CARTESIAN_POINT('',(-6.225985777229,-4.029387732024));
#2285 = CARTESIAN_POINT('',(-6.197516414121,-4.050922902477));
#2286 = CARTESIAN_POINT('',(-6.169306999082,-4.083075572791));
#2287 = CARTESIAN_POINT('',(-6.141471168988,-4.125574263098));
#2288 = CARTESIAN_POINT('',(-6.114114490413,-4.178058464879));
#2289 = CARTESIAN_POINT('',(-6.087336662975,-4.240087407796));
#2290 = CARTESIAN_POINT('',(-6.044693167498,-4.356139993609));
#2291 = CARTESIAN_POINT('',(-6.028420275387,-4.40477994765));
#2292 = CARTESIAN_POINT('',(-6.012434377044,-4.456926675127));
#2293 = CARTESIAN_POINT('',(-5.99675436176,-4.512452153117));
#2294 = CARTESIAN_POINT('',(-5.981397277264,-4.571224637158));
#2295 = CARTESIAN_POINT('',(-5.966378489784,-4.633110002469));
#2296 = CARTESIAN_POINT('',(-5.951711844112,-4.697973085185));
#2297 = CARTESIAN_POINT('',(-5.900594478968,-4.939963312256));
#2298 = CARTESIAN_POINT('',(-5.866197591635,-5.133072708658));
#2299 = CARTESIAN_POINT('',(-5.83442709179,-5.342710875498));
#2300 = CARTESIAN_POINT('',(-5.805433884388,-5.566563432895));
#2301 = CARTESIAN_POINT('',(-5.779316190485,-5.802330776791));
#2302 = CARTESIAN_POINT('',(-5.756109712589,-6.047741169121));
#2303 = CARTESIAN_POINT('',(-5.735780831645,-6.300581029032));
#2304 = CARTESIAN_POINT('',(-5.703792393775,-6.771447040804));
#2305 = CARTESIAN_POINT('',(-5.691233219907,-6.987793682639));
#2306 = CARTESIAN_POINT('',(-5.680506794667,-7.20676575766));
#2307 = CARTESIAN_POINT('',(-5.671531872962,-7.427443307554));
#2308 = CARTESIAN_POINT('',(-5.66421088075,-7.649048245716));
#2309 = CARTESIAN_POINT('',(-5.658438739764,-7.870947240411));
#2310 = CARTESIAN_POINT('',(-5.654110422704,-8.092651778407));
#2311 = CARTESIAN_POINT('',(-5.644782156073,-8.784017796079));
#2312 = CARTESIAN_POINT('',(-5.644526032714,-9.250870641778));
#2313 = CARTESIAN_POINT('',(-5.649340585074,-9.712539275785));
#2314 = CARTESIAN_POINT('',(-5.658470637966,-10.16782280159));
#2315 = CARTESIAN_POINT('',(-5.671346773441,-10.61597334385));
#2316 = CARTESIAN_POINT('',(-5.6875950634,-11.05667726911));
#2317 = CARTESIAN_POINT('',(-5.707006083398,-11.49005962972));
#2318 = CARTESIAN_POINT('',(-5.73870352353,-12.08776815453));
#2319 = CARTESIAN_POINT('',(-5.748290576027,-12.25770381766));
#2320 = CARTESIAN_POINT('',(-5.758387158052,-12.42640518245));
#2321 = CARTESIAN_POINT('',(-5.768996747173,-12.59383889374));
#2322 = CARTESIAN_POINT('',(-5.780127158158,-12.75995545797));
#2323 = CARTESIAN_POINT('',(-5.791791160867,-12.92468874419));
#2324 = CARTESIAN_POINT('',(-5.804007829882,-13.08795413025));
#2325 = CARTESIAN_POINT('',(-5.829578248131,-13.41104365094));
#2326 = CARTESIAN_POINT('',(-5.842926865895,-13.57083520089));
#2327 = CARTESIAN_POINT('',(-5.856879783306,-13.72894388715));
#2328 = CARTESIAN_POINT('',(-5.87147189965,-13.88523213773));
#2329 = CARTESIAN_POINT('',(-5.886746086561,-14.03949577354));
#2330 = CARTESIAN_POINT('',(-5.902754587744,-14.19146163468));
#2331 = CARTESIAN_POINT('',(-5.919564340849,-14.34077536577));
#2332 = CARTESIAN_POINT('',(-5.945629214486,-14.5559732301));
#2333 = CARTESIAN_POINT('',(-5.954186029373,-14.62427441889));
#2334 = CARTESIAN_POINT('',(-5.96295147166,-14.69182069099));
#2335 = CARTESIAN_POINT('',(-5.971936117312,-14.75854973814));
#2336 = CARTESIAN_POINT('',(-5.981151315523,-14.82438638443));
#2337 = CARTESIAN_POINT('',(-5.990609476866,-14.88924169066));
#2338 = CARTESIAN_POINT('',(-6.000324546386,-14.95301139871));
#2339 = CARTESIAN_POINT('',(-6.024579423786,-15.10493609111));
#2340 = CARTESIAN_POINT('',(-6.039389700623,-15.19174989845));
#2341 = CARTESIAN_POINT('',(-6.05480314459,-15.27575897962));
#2342 = CARTESIAN_POINT('',(-6.070874382656,-15.35651327137));
#2343 = CARTESIAN_POINT('',(-6.087652711429,-15.43337468194));
#2344 = CARTESIAN_POINT('',(-6.105182247001,-15.50552033893));
#2345 = CARTESIAN_POINT('',(-6.123502529564,-15.57194320878));
#2346 = CARTESIAN_POINT('',(-6.158552301916,-15.68087394324));
#2347 = CARTESIAN_POINT('',(-6.175036638017,-15.72556198064));
#2348 = CARTESIAN_POINT('',(-6.192084945535,-15.76469491905));
#2349 = CARTESIAN_POINT('',(-6.209655200187,-15.79738043829));
#2350 = CARTESIAN_POINT('',(-6.227677257182,-15.82273018383));
#2351 = CARTESIAN_POINT('',(-6.246047371756,-15.83996559172));
#2352 = CARTESIAN_POINT('',(-6.264618676149,-15.84857935538));
#2353 = CARTESIAN_POINT('',(-6.28318530718,-15.84857935538));
#2354 = ( GEOMETRIC_REPRESENTATION_CONTEXT(2) 
PARAMETRIC_REPRESENTATION_CONTEXT() REPRESENTATION_CONTEXT('2D SPACE',''
  ) );
#2355 = PCURVE('',#2356,#2361);
#2356 = CYLINDRICAL_SURFACE('',#2357,5.);
#2357 = AXIS2_PLACEMENT_3D('',#2358,#2359,#2360);
#2358 = CARTESIAN_POINT('',(393.5746,0.,0.));
#2359 = DIRECTION('',(0.542161454716,0.,-0.840274334381));
#2360 = DIRECTION('',(-0.840274334381,0.,-0.542161454716));
#2361 = DEFINITIONAL_REPRESENTATION('',(#2362),#2435);
#2362 = B_SPLINE_CURVE_WITH_KNOTS('',8,(#2363,#2364,#2365,#2366,#2367,
    #2368,#2369,#2370,#2371,#2372,#2373,#2374,#2375,#2376,#2377,#2378,
    #2379,#2380,#2381,#2382,#2383,#2384,#2385,#2386,#2387,#2388,#2389,
    #2390,#2391,#2392,#2393,#2394,#2395,#2396,#2397,#2398,#2399,#2400,
    #2401,#2402,#2403,#2404,#2405,#2406,#2407,#2408,#2409,#2410,#2411,
    #2412,#2413,#2414,#2415,#2416,#2417,#2418,#2419,#2420,#2421,#2422,
    #2423,#2424,#2425,#2426,#2427,#2428,#2429,#2430,#2431,#2432,#2433,
    #2434),.UNSPECIFIED.,.F.,.F.,(9,7,7,7,7,7,7,7,7,7,9),(0.,
    8.543351863824E-02,0.139561523656,0.278894366173,0.393657284199,
    0.637643437203,0.735541987189,0.833263252478,0.87939041127,
    0.945277236185,1.),.UNSPECIFIED.);
#2363 = CARTESIAN_POINT('',(6.283185306964,6.845209728635));
#2364 = CARTESIAN_POINT('',(6.234786179874,6.845209728649));
#2365 = CARTESIAN_POINT('',(6.186373327314,6.844315502543));
#2366 = CARTESIAN_POINT('',(6.138077655944,6.842525725441));
#2367 = CARTESIAN_POINT('',(6.090001698738,6.83994853954));
#2368 = CARTESIAN_POINT('',(6.042231130481,6.836793951349));
#2369 = CARTESIAN_POINT('',(5.994843519442,6.833358962131));
#2370 = CARTESIAN_POINT('',(5.947914315223,6.83000543155));
#2371 = CARTESIAN_POINT('',(5.872126131982,6.825309318389));
#2372 = CARTESIAN_POINT('',(5.842939527847,6.823679670003));
#2373 = CARTESIAN_POINT('',(5.813973997735,6.822342714202));
#2374 = CARTESIAN_POINT('',(5.785241146917,6.821405286616));
#2375 = CARTESIAN_POINT('',(5.756750771942,6.820977881672));
#2376 = CARTESIAN_POINT('',(5.728511184011,6.821172460589));
#2377 = CARTESIAN_POINT('',(5.700529532351,6.82210025938));
#2378 = CARTESIAN_POINT('',(5.601463760118,6.828424112014));
#2379 = CARTESIAN_POINT('',(5.531870973509,6.838554838863));
#2380 = CARTESIAN_POINT('',(5.464132912723,6.856109641409));
#2381 = CARTESIAN_POINT('',(5.39831680989,6.882819887602));
#2382 = CARTESIAN_POINT('',(5.334475959182,6.920073745696));
#2383 = CARTESIAN_POINT('',(5.272648687047,6.968727195099));
#2384 = CARTESIAN_POINT('',(5.212851258266,7.029026757015));
#2385 = CARTESIAN_POINT('',(5.107491842905,7.159767133281));
#2386 = CARTESIAN_POINT('',(5.061269194413,7.226556547924));
#2387 = CARTESIAN_POINT('',(5.016384396408,7.300977259524));
#2388 = CARTESIAN_POINT('',(4.97279128444,7.382723685078));
#2389 = CARTESIAN_POINT('',(4.930428610513,7.47134301678));
#2390 = CARTESIAN_POINT('',(4.889223763358,7.566303226625));
#2391 = CARTESIAN_POINT('',(4.849094729808,7.667059153804));
#2392 = CARTESIAN_POINT('',(4.726730060973,7.998531062221));
#2393 = CARTESIAN_POINT('',(4.648122676065,8.247397902858));
#2394 = CARTESIAN_POINT('',(4.572968979842,8.515288208712));
#2395 = CARTESIAN_POINT('',(4.50042295006,8.79781481607));
#2396 = CARTESIAN_POINT('',(4.42974896246,9.09131192591));
#2397 = CARTESIAN_POINT('',(4.360264279781,9.392907442209));
#2398 = CARTESIAN_POINT('',(4.291265905934,9.700525745182));
#2399 = CARTESIAN_POINT('',(4.193993947594,10.138079393563));
#2400 = CARTESIAN_POINT('',(4.166091840636,10.264033140924));
#2401 = CARTESIAN_POINT('',(4.138091388002,10.390519045844));
#2402 = CARTESIAN_POINT('',(4.109941833219,10.517405348872));
#2403 = CARTESIAN_POINT('',(4.081590619689,10.644555481264));
#2404 = CARTESIAN_POINT('',(4.052981395864,10.771825969473));
#2405 = CARTESIAN_POINT('',(4.024051094916,10.899063568962));
#2406 = CARTESIAN_POINT('',(3.965454187583,11.152909632222));
#2407 = CARTESIAN_POINT('',(3.935795953677,11.279488736659));
#2408 = CARTESIAN_POINT('',(3.905672926586,11.405695606479));
#2409 = CARTESIAN_POINT('',(3.875003228329,11.531343356756));
#2410 = CARTESIAN_POINT('',(3.843695918889,11.656193567375));
#2411 = CARTESIAN_POINT('',(3.811647516654,11.779951756953));
#2412 = CARTESIAN_POINT('',(3.778732354625,11.902255133915));
#2413 = CARTESIAN_POINT('',(3.728751251199,12.079467134496));
#2414 = CARTESIAN_POINT('',(3.712494813809,12.13585780916));
#2415 = CARTESIAN_POINT('',(3.695991290153,12.191764593905));
#2416 = CARTESIAN_POINT('',(3.679222008639,12.247128002998));
#2417 = CARTESIAN_POINT('',(3.662167205276,12.301877567506));
#2418 = CARTESIAN_POINT('',(3.644805458365,12.355930928633));
#2419 = CARTESIAN_POINT('',(3.627112819438,12.409192395513));
#2420 = CARTESIAN_POINT('',(3.583277809378,12.536338579593));
#2421 = CARTESIAN_POINT('',(3.556786977707,12.609212781873));
#2422 = CARTESIAN_POINT('',(3.529484889309,12.679931943915));
#2423 = CARTESIAN_POINT('',(3.501278903197,12.74809113365));
#2424 = CARTESIAN_POINT('',(3.472086101245,12.813123062514));
#2425 = CARTESIAN_POINT('',(3.441830563656,12.874298730428));
#2426 = CARTESIAN_POINT('',(3.410439812193,12.930727770549));
#2427 = CARTESIAN_POINT('',(3.350764768618,13.023410195544));
#2428 = CARTESIAN_POINT('',(3.322836132996,13.061491884902));
#2429 = CARTESIAN_POINT('',(3.294077964913,13.094885720316));
#2430 = CARTESIAN_POINT('',(3.264549801647,13.122809797307));
#2431 = CARTESIAN_POINT('',(3.234351939375,13.144484387058));
#2432 = CARTESIAN_POINT('',(3.203633386471,13.159226928751));
#2433 = CARTESIAN_POINT('',(3.172609118253,13.166594787183));
#2434 = CARTESIAN_POINT('',(3.14159265359,13.166594787183));
#2435 = ( GEOMETRIC_REPRESENTATION_CONTEXT(2) 
PARAMETRIC_REPRESENTATION_CONTEXT() REPRESENTATION_CONTEXT('2D SPACE',''
  ) );
#2436 = ORIENTED_EDGE('',*,*,#2437,.T.);
#2437 = EDGE_CURVE('',#2203,#2438,#2440,.T.);
#2438 = VERTEX_POINT('',#2439);
#2439 = CARTESIAN_POINT('',(411.039692709,-1.658885947417E-15,
    -8.295831733463));
#2440 = SEAM_CURVE('',#2441,(#2445,#2452),.PCURVE_S1.);
#2441 = LINE('',#2442,#2443);
#2442 = CARTESIAN_POINT('',(389.0658125,-2.081899558551E-15,-8.5));
#2443 = VECTOR('',#2444,1.);
#2444 = DIRECTION('',(0.999956837672,2.275640166177E-18,
    9.291006058896E-03));
#2445 = PCURVE('',#2170,#2446);
#2446 = DEFINITIONAL_REPRESENTATION('',(#2447),#2451);
#2447 = LINE('',#2448,#2449);
#2448 = CARTESIAN_POINT('',(0.,-0.));
#2449 = VECTOR('',#2450,1.);
#2450 = DIRECTION('',(-0.,-1.));
#2451 = ( GEOMETRIC_REPRESENTATION_CONTEXT(2) 
PARAMETRIC_REPRESENTATION_CONTEXT() REPRESENTATION_CONTEXT('2D SPACE',''
  ) );
#2452 = PCURVE('',#2170,#2453);
#2453 = DEFINITIONAL_REPRESENTATION('',(#2454),#2458);
#2454 = LINE('',#2455,#2456);
#2455 = CARTESIAN_POINT('',(-6.28318530718,0.));
#2456 = VECTOR('',#2457,1.);
#2457 = DIRECTION('',(-0.,-1.));
#2458 = ( GEOMETRIC_REPRESENTATION_CONTEXT(2) 
PARAMETRIC_REPRESENTATION_CONTEXT() REPRESENTATION_CONTEXT('2D SPACE',''
  ) );
#2459 = ORIENTED_EDGE('',*,*,#2460,.T.);
#2460 = EDGE_CURVE('',#2438,#2461,#2463,.T.);
#2461 = VERTEX_POINT('',#2462);
#2462 = CARTESIAN_POINT('',(422.88072447242,-2.004945665141E-15,
    -8.185811886893));
#2463 = SURFACE_CURVE('',#2464,(#2544,#2627),.PCURVE_S1.);
#2464 = B_SPLINE_CURVE_WITH_KNOTS('',8,(#2465,#2466,#2467,#2468,#2469,
    #2470,#2471,#2472,#2473,#2474,#2475,#2476,#2477,#2478,#2479,#2480,
    #2481,#2482,#2483,#2484,#2485,#2486,#2487,#2488,#2489,#2490,#2491,
    #2492,#2493,#2494,#2495,#2496,#2497,#2498,#2499,#2500,#2501,#2502,
    #2503,#2504,#2505,#2506,#2507,#2508,#2509,#2510,#2511,#2512,#2513,
    #2514,#2515,#2516,#2517,#2518,#2519,#2520,#2521,#2522,#2523,#2524,
    #2525,#2526,#2527,#2528,#2529,#2530,#2531,#2532,#2533,#2534,#2535,
    #2536,#2537,#2538,#2539,#2540,#2541,#2542,#2543),.UNSPECIFIED.,.F.,
  .F.,(9,7,7,7,7,7,7,7,7,7,7,9),(0.,7.761402344887E-02,0.12378941864,
    0.190091174435,0.318031567331,0.432303290139,0.648870784571,
    0.745399097248,0.83821395849,0.885035606749,0.942958568356,1.),
  .UNSPECIFIED.);
#2465 = CARTESIAN_POINT('',(411.039692709,-8.881784197001E-16,
    -8.295831733463));
#2466 = CARTESIAN_POINT('',(411.03969270907,-0.222651640262,
    -8.295831733437));
#2467 = CARTESIAN_POINT('',(411.04823871353,-0.445350999985,
    -8.288922854358));
#2468 = CARTESIAN_POINT('',(411.06533637956,-0.666999305654,
    -8.275100165994));
#2469 = CARTESIAN_POINT('',(411.09088030516,-0.88659537469,
    -8.254515660768));
#2470 = CARTESIAN_POINT('',(411.12468258882,-1.103228310727,
    -8.227452952881));
#2471 = CARTESIAN_POINT('',(411.16649188259,-1.31607204988,
    -8.194305032896));
#2472 = CARTESIAN_POINT('',(411.21600293853,-1.52438175804,
    -8.155555077774));
#2473 = CARTESIAN_POINT('',(411.3066809808,-1.848329769673,
    -8.08570522574));
#2474 = CARTESIAN_POINT('',(411.34311037063,-1.967348648817,
    -8.05785980444));
#2475 = CARTESIAN_POINT('',(411.3820752561,-2.084423567965,
    -8.028336952144));
#2476 = CARTESIAN_POINT('',(411.42350372348,-2.199444890333,
    -7.997255664993));
#2477 = CARTESIAN_POINT('',(411.46732248658,-2.312317365657,
    -7.964739518399));
#2478 = CARTESIAN_POINT('',(411.51345786617,-2.422959004869,
    -7.930915149862));
#2479 = CARTESIAN_POINT('',(411.56183676933,-2.531299954773,
    -7.895910741778));
#2480 = CARTESIAN_POINT('',(411.68497206998,-2.789456661366,
    -7.808082519507));
#2481 = CARTESIAN_POINT('',(411.76203166882,-2.936761265465,
    -7.754143998247));
#2482 = CARTESIAN_POINT('',(411.84335764012,-3.079031245553,
    -7.69841658003));
#2483 = CARTESIAN_POINT('',(411.92874444583,-3.216138453868,
    -7.641281024714));
#2484 = CARTESIAN_POINT('',(412.01799053497,-3.347987528269,
    -7.583116593943));
#2485 = CARTESIAN_POINT('',(412.11089904346,-3.47451288617,
    -7.524296432638));
#2486 = CARTESIAN_POINT('',(412.20727849388,-3.595675718458,
    -7.465182950484));
#2487 = CARTESIAN_POINT('',(412.49926388378,-3.934888132734,
    -7.292157484814));
#2488 = CARTESIAN_POINT('',(412.70385564756,-4.138335089878,
    -7.178369993458));
#2489 = CARTESIAN_POINT('',(412.91931086833,-4.321586686766,
    -7.067305460338));
#2490 = CARTESIAN_POINT('',(413.14421529974,-4.484746436176,
    -6.961338489229));
#2491 = CARTESIAN_POINT('',(413.37713131966,-4.628214425401,
    -6.862547556521));
#2492 = CARTESIAN_POINT('',(413.61657974498,-4.752652032834,
    -6.77257581859));
#2493 = CARTESIAN_POINT('',(413.86103342846,-4.858935360614,
    -6.692540222252));
#2494 = CARTESIAN_POINT('',(414.33035275525,-5.027737254953,
    -6.560984635003));
#2495 = CARTESIAN_POINT('',(414.55457434757,-5.093737642701,
    -6.507316556016));
#2496 = CARTESIAN_POINT('',(414.78059043522,-5.14686152102,
    -6.46246047678));
#2497 = CARTESIAN_POINT('',(415.00752746095,-5.187994180661,
    -6.426484056819));
#2498 = CARTESIAN_POINT('',(415.23465207134,-5.21803764811,
    -6.399174965005));
#2499 = CARTESIAN_POINT('',(415.4613700719,-5.237850825695,
    -6.380134117144));
#2500 = CARTESIAN_POINT('',(415.68722349665,-5.248218420444,
    -6.368865196857));
#2501 = CARTESIAN_POINT('',(416.33767398313,-5.252883789101,
    -6.357182954043));
#2502 = CARTESIAN_POINT('',(416.75863450041,-5.224483444751,
    -6.375528475475));
#2503 = CARTESIAN_POINT('',(417.17371156359,-5.16947455425,
    -6.416068616812));
#2504 = CARTESIAN_POINT('',(417.5822296096,-5.09094534454,
    -6.474937359371));
#2505 = CARTESIAN_POINT('',(417.98377216633,-4.990861346442,
    -6.548805191484));
#2506 = CARTESIAN_POINT('',(418.37818163115,-4.870233227045,
    -6.634909601913));
#2507 = CARTESIAN_POINT('',(418.76556738865,-4.729209630268,
    -6.731038776777));
#2508 = CARTESIAN_POINT('',(419.31593538281,-4.494043872449,
    -6.881995530017));
#2509 = CARTESIAN_POINT('',(419.48418179345,-4.417286321392,
    -6.930154042454));
#2510 = CARTESIAN_POINT('',(419.65098006922,-4.336192650377,
    -6.979760712619));
#2511 = CARTESIAN_POINT('',(419.81629417431,-4.250645874198,
    -7.030653628036));
#2512 = CARTESIAN_POINT('',(419.98006789546,-4.160493652037,
    -7.082676082765));
#2513 = CARTESIAN_POINT('',(420.14222442154,-4.065542232495,
    -7.135673670316));
#2514 = CARTESIAN_POINT('',(420.3026641989,-3.96554354353,
    -7.189491316095));
#2515 = CARTESIAN_POINT('',(420.61375669219,-3.75886083048,
    -7.29635337404));
#2516 = CARTESIAN_POINT('',(420.76451079032,-3.652606987066,
    -7.349334931059));
#2517 = CARTESIAN_POINT('',(420.91343875749,-3.541112806107,
    -7.402782139194));
#2518 = CARTESIAN_POINT('',(421.06039310429,-3.424036081083,
    -7.456546560489));
#2519 = CARTESIAN_POINT('',(421.20515942987,-3.300977532618,
    -7.510457832496));
#2520 = CARTESIAN_POINT('',(421.34745419145,-3.171470630639,
    -7.564319644357));
#2521 = CARTESIAN_POINT('',(421.48691378975,-3.034945577395,
    -7.61790293398));
#2522 = CARTESIAN_POINT('',(421.69174746695,-2.817836929449,
    -7.697682115221));
#2523 = CARTESIAN_POINT('',(421.75957767405,-2.743068211706,
    -7.724287552497));
#2524 = CARTESIAN_POINT('',(421.82649438271,-2.666232772985,
    -7.750712041529));
#2525 = CARTESIAN_POINT('',(421.89242150681,-2.587229145339,
    -7.776913758827));
#2526 = CARTESIAN_POINT('',(421.95726745305,-2.505950729426,
    -7.802844276416));
#2527 = CARTESIAN_POINT('',(422.02092428731,-2.422283842464,
    -7.828447993948));
#2528 = CARTESIAN_POINT('',(422.08326622256,-2.336104384073,
    -7.853661337749));
#2529 = CARTESIAN_POINT('',(422.21946343869,-2.137380151951,
    -7.909030380544));
#2530 = CARTESIAN_POINT('',(422.29250622908,-2.023483998782,
    -7.938925204193));
#2531 = CARTESIAN_POINT('',(422.36303713199,-1.905277683925,
    -7.967973601195));
#2532 = CARTESIAN_POINT('',(422.43071212141,-1.782489179066,
    -7.996008836956));
#2533 = CARTESIAN_POINT('',(422.4950847007,-1.654885141553,
    -8.022819085066));
#2534 = CARTESIAN_POINT('',(422.55561155217,-1.522278743135,
    -8.048148820925));
#2535 = CARTESIAN_POINT('',(422.61166094834,-1.384541590035,
    -8.07170256275));
#2536 = CARTESIAN_POINT('',(422.7126128175,-1.100873007445,
    -8.114272933938));
#2537 = CARTESIAN_POINT('',(422.75771558996,-0.954976026711,
    -8.133371580996));
#2538 = CARTESIAN_POINT('',(422.79703936998,-0.804146240829,
    -8.150083737693));
#2539 = CARTESIAN_POINT('',(422.82974528083,-0.648804260178,
    -8.164024916092));
#2540 = CARTESIAN_POINT('',(422.85501794923,-0.489605941509,
    -8.17482015109));
#2541 = CARTESIAN_POINT('',(422.87215905788,-0.327484999113,
    -8.182149467761));
#2542 = CARTESIAN_POINT('',(422.88072447242,-0.163715049929,
    -8.185811886893));
#2543 = CARTESIAN_POINT('',(422.88072447242,-1.7763568394E-15,
    -8.185811886893));
#2544 = PCURVE('',#2170,#2545);
#2545 = DEFINITIONAL_REPRESENTATION('',(#2546),#2626);
#2546 = B_SPLINE_CURVE_WITH_KNOTS('',8,(#2547,#2548,#2549,#2550,#2551,
    #2552,#2553,#2554,#2555,#2556,#2557,#2558,#2559,#2560,#2561,#2562,
    #2563,#2564,#2565,#2566,#2567,#2568,#2569,#2570,#2571,#2572,#2573,
    #2574,#2575,#2576,#2577,#2578,#2579,#2580,#2581,#2582,#2583,#2584,
    #2585,#2586,#2587,#2588,#2589,#2590,#2591,#2592,#2593,#2594,#2595,
    #2596,#2597,#2598,#2599,#2600,#2601,#2602,#2603,#2604,#2605,#2606,
    #2607,#2608,#2609,#2610,#2611,#2612,#2613,#2614,#2615,#2616,#2617,
    #2618,#2619,#2620,#2621,#2622,#2623,#2624,#2625),.UNSPECIFIED.,.F.,
  .F.,(9,7,7,7,7,7,7,7,7,7,7,9),(0.,7.761402344887E-02,0.12378941864,
    0.190091174435,0.318031567331,0.432303290139,0.648870784571,
    0.745399097248,0.83821395849,0.885035606749,0.942958568356,1.),
  .UNSPECIFIED.);
#2547 = CARTESIAN_POINT('',(-6.28318530718,-21.973880209));
#2548 = CARTESIAN_POINT('',(-6.256346329797,-21.97388020908));
#2549 = CARTESIAN_POINT('',(-6.229501602816,-21.98242621353));
#2550 = CARTESIAN_POINT('',(-6.202753075611,-21.99952387956));
#2551 = CARTESIAN_POINT('',(-6.176190912236,-22.02506780516));
#2552 = CARTESIAN_POINT('',(-6.149896793134,-22.05887008882));
#2553 = CARTESIAN_POINT('',(-6.123946390915,-22.10067938259));
#2554 = CARTESIAN_POINT('',(-6.098411020211,-22.15019043853));
#2555 = CARTESIAN_POINT('',(-6.0584537866,-22.2408684808));
#2556 = CARTESIAN_POINT('',(-6.043717355129,-22.27729787063));
#2557 = CARTESIAN_POINT('',(-6.029161547013,-22.3162627561));
#2558 = CARTESIAN_POINT('',(-6.014797598727,-22.35769122348));
#2559 = CARTESIAN_POINT('',(-6.000635720856,-22.40150998658));
#2560 = CARTESIAN_POINT('',(-5.986685215559,-22.44764536617));
#2561 = CARTESIAN_POINT('',(-5.972954594028,-22.49602426933));
#2562 = CARTESIAN_POINT('',(-5.940063316666,-22.61915956998));
#2563 = CARTESIAN_POINT('',(-5.921145210072,-22.69621916882));
#2564 = CARTESIAN_POINT('',(-5.902719194017,-22.77754514012));
#2565 = CARTESIAN_POINT('',(-5.884805589202,-22.86293194583));
#2566 = CARTESIAN_POINT('',(-5.867423245631,-22.95217803497));
#2567 = CARTESIAN_POINT('',(-5.850589571055,-23.04508654346));
#2568 = CARTESIAN_POINT('',(-5.834320559419,-23.14146599388));
#2569 = CARTESIAN_POINT('',(-5.788354826009,-23.43345138378));
#2570 = CARTESIAN_POINT('',(-5.760229816243,-23.63804314756));
#2571 = CARTESIAN_POINT('',(-5.734374566866,-23.85349836833));
#2572 = CARTESIAN_POINT('',(-5.710890238257,-24.07840279974));
#2573 = CARTESIAN_POINT('',(-5.689851973398,-24.31131881966));
#2574 = CARTESIAN_POINT('',(-5.671296289505,-24.55076724498));
#2575 = CARTESIAN_POINT('',(-5.655211825534,-24.79522092846));
#2576 = CARTESIAN_POINT('',(-5.629330730906,-25.26454025525));
#2577 = CARTESIAN_POINT('',(-5.619042962412,-25.48876184757));
#2578 = CARTESIAN_POINT('',(-5.610632914258,-25.71477793522));
#2579 = CARTESIAN_POINT('',(-5.604022500475,-25.94171496095));
#2580 = CARTESIAN_POINT('',(-5.599112413624,-26.16883957134));
#2581 = CARTESIAN_POINT('',(-5.595793316514,-26.3955575719));
#2582 = CARTESIAN_POINT('',(-5.593955111833,-26.62141099665));
#2583 = CARTESIAN_POINT('',(-5.592617934062,-27.27186148313));
#2584 = CARTESIAN_POINT('',(-5.596687292751,-27.69282200041));
#2585 = CARTESIAN_POINT('',(-5.604964883984,-28.10789906359));
#2586 = CARTESIAN_POINT('',(-5.616870533934,-28.51641710961));
#2587 = CARTESIAN_POINT('',(-5.631968506072,-28.91795966633));
#2588 = CARTESIAN_POINT('',(-5.649966348207,-29.31236913115));
#2589 = CARTESIAN_POINT('',(-5.670703883044,-29.69975488865));
#2590 = CARTESIAN_POINT('',(-5.704692119932,-30.25012288281));
#2591 = CARTESIAN_POINT('',(-5.715715158071,-30.41836929345));
#2592 = CARTESIAN_POINT('',(-5.727281342083,-30.58516756922));
#2593 = CARTESIAN_POINT('',(-5.739394444073,-30.75048167431));
#2594 = CARTESIAN_POINT('',(-5.752063053569,-30.91425539546));
#2595 = CARTESIAN_POINT('',(-5.765301246622,-31.07641192154));
#2596 = CARTESIAN_POINT('',(-5.779130102522,-31.2368516989));
#2597 = CARTESIAN_POINT('',(-5.807474142443,-31.54794419219));
#2598 = CARTESIAN_POINT('',(-5.82193902758,-31.69869829032));
#2599 = CARTESIAN_POINT('',(-5.83700387568,-31.84762625749));
#2600 = CARTESIAN_POINT('',(-5.852702722871,-31.99458060429));
#2601 = CARTESIAN_POINT('',(-5.869076421709,-32.13934692987));
#2602 = CARTESIAN_POINT('',(-5.886173953605,-32.28164169145));
#2603 = CARTESIAN_POINT('',(-5.904056963202,-32.42110128975));
#2604 = CARTESIAN_POINT('',(-5.932272251285,-32.62593496695));
#2605 = CARTESIAN_POINT('',(-5.941953434847,-32.69376517405));
#2606 = CARTESIAN_POINT('',(-5.951865760205,-32.76068188271));
#2607 = CARTESIAN_POINT('',(-5.962020587817,-32.82660900681));
#2608 = CARTESIAN_POINT('',(-5.972429879786,-32.89145495305));
#2609 = CARTESIAN_POINT('',(-5.98310646988,-32.95511178731));
#2610 = CARTESIAN_POINT('',(-5.994064509587,-33.01745372256));
#2611 = CARTESIAN_POINT('',(-6.019244345069,-33.15365093869));
#2612 = CARTESIAN_POINT('',(-6.033616969136,-33.22669372908));
#2613 = CARTESIAN_POINT('',(-6.048474026687,-33.29722463199));
#2614 = CARTESIAN_POINT('',(-6.063847062252,-33.36489962141));
#2615 = CARTESIAN_POINT('',(-6.079763038365,-33.4292722007));
#2616 = CARTESIAN_POINT('',(-6.096243841486,-33.48979905217));
#2617 = CARTESIAN_POINT('',(-6.1133053561,-33.54584844834));
#2618 = CARTESIAN_POINT('',(-6.148338230953,-33.6468003175));
#2619 = CARTESIAN_POINT('',(-6.166306878522,-33.69190308996));
#2620 = CARTESIAN_POINT('',(-6.18483681717,-33.73122686998));
#2621 = CARTESIAN_POINT('',(-6.203880010622,-33.76393278083));
#2622 = CARTESIAN_POINT('',(-6.223362365364,-33.78920544923));
#2623 = CARTESIAN_POINT('',(-6.243178890409,-33.80634655788));
#2624 = CARTESIAN_POINT('',(-6.263185452285,-33.81491197242));
#2625 = CARTESIAN_POINT('',(-6.28318530718,-33.81491197242));
#2626 = ( GEOMETRIC_REPRESENTATION_CONTEXT(2) 
PARAMETRIC_REPRESENTATION_CONTEXT() REPRESENTATION_CONTEXT('2D SPACE',''
  ) );
#2627 = PCURVE('',#2628,#2633);
#2628 = CYLINDRICAL_SURFACE('',#2629,5.25);
#2629 = AXIS2_PLACEMENT_3D('',#2630,#2631,#2632);
#2630 = CARTESIAN_POINT('',(412.5656,0.,0.));
#2631 = DIRECTION('',(0.470546856061,0.,-0.882375008854));
#2632 = DIRECTION('',(-0.882375008854,0.,-0.470546856061));
#2633 = DEFINITIONAL_REPRESENTATION('',(#2634),#2714);
#2634 = B_SPLINE_CURVE_WITH_KNOTS('',8,(#2635,#2636,#2637,#2638,#2639,
    #2640,#2641,#2642,#2643,#2644,#2645,#2646,#2647,#2648,#2649,#2650,
    #2651,#2652,#2653,#2654,#2655,#2656,#2657,#2658,#2659,#2660,#2661,
    #2662,#2663,#2664,#2665,#2666,#2667,#2668,#2669,#2670,#2671,#2672,
    #2673,#2674,#2675,#2676,#2677,#2678,#2679,#2680,#2681,#2682,#2683,
    #2684,#2685,#2686,#2687,#2688,#2689,#2690,#2691,#2692,#2693,#2694,
    #2695,#2696,#2697,#2698,#2699,#2700,#2701,#2702,#2703,#2704,#2705,
    #2706,#2707,#2708,#2709,#2710,#2711,#2712,#2713),.UNSPECIFIED.,.F.,
  .F.,(9,7,7,7,7,7,7,7,7,7,7,9),(0.,7.761402344887E-02,0.12378941864,
    0.190091174435,0.318031567331,0.432303290139,0.648870784571,
    0.745399097248,0.83821395849,0.885035606749,0.942958568356,1.),
  .UNSPECIFIED.);
#2635 = CARTESIAN_POINT('',(6.283185306825,6.602023720848));
#2636 = CARTESIAN_POINT('',(6.240775470585,6.602023720861));
#2637 = CARTESIAN_POINT('',(6.198356579188,6.599948794154));
#2638 = CARTESIAN_POINT('',(6.156021530269,6.595797252383));
#2639 = CARTESIAN_POINT('',(6.113844865523,6.589653613282));
#2640 = CARTESIAN_POINT('',(6.071889267955,6.581679714474));
#2641 = CARTESIAN_POINT('',(6.030210551282,6.572104050023));
#2642 = CARTESIAN_POINT('',(5.988861141491,6.561209329741));
#2643 = CARTESIAN_POINT('',(5.923518053679,6.542243833638));
#2644 = CARTESIAN_POINT('',(5.899274350922,6.534815464624));
#2645 = CARTESIAN_POINT('',(5.875168518412,6.527100041922));
#2646 = CARTESIAN_POINT('',(5.851206726873,6.519168725974));
#2647 = CARTESIAN_POINT('',(5.827393902724,6.511096072051));
#2648 = CARTESIAN_POINT('',(5.80373388917,6.50295915238));
#2649 = CARTESIAN_POINT('',(5.780229607306,6.494836678273));
#2650 = CARTESIAN_POINT('',(5.72336089113,6.475280178458));
#2651 = CARTESIAN_POINT('',(5.690165410071,6.463946327245));
#2652 = CARTESIAN_POINT('',(5.657300910791,6.453041526214));
#2653 = CARTESIAN_POINT('',(5.624770375962,6.442805033061));
#2654 = CARTESIAN_POINT('',(5.592575792043,6.433476659608));
#2655 = CARTESIAN_POINT('',(5.560718307158,6.425293025828));
#2656 = CARTESIAN_POINT('',(5.529198388971,6.418483813871));
#2657 = CARTESIAN_POINT('',(5.437844283027,6.4032032743));
#2658 = CARTESIAN_POINT('',(5.378917507131,6.399070046834));
#2659 = CARTESIAN_POINT('',(5.321261226595,6.402451255194));
#2660 = CARTESIAN_POINT('',(5.264905616583,6.414776721236));
#2661 = CARTESIAN_POINT('',(5.209884408603,6.43720397201));
#2662 = CARTESIAN_POINT('',(5.156232174572,6.47048686268));
#2663 = CARTESIAN_POINT('',(5.103982107321,6.514892364868));
#2664 = CARTESIAN_POINT('',(5.007779770519,6.619647736116));
#2665 = CARTESIAN_POINT('',(4.96352642345,6.677799129771));
#2666 = CARTESIAN_POINT('',(4.92041040589,6.744570405922));
#2667 = CARTESIAN_POINT('',(4.878407064587,6.819610216019));
#2668 = CARTESIAN_POINT('',(4.837472106857,6.902386127241));
#2669 = CARTESIAN_POINT('',(4.797547218357,6.992266401319));
#2670 = CARTESIAN_POINT('',(4.758563052446,7.088597606629));
#2671 = CARTESIAN_POINT('',(4.648190275726,7.384356918957));
#2672 = CARTESIAN_POINT('',(4.579128851814,7.598626196526));
#2673 = CARTESIAN_POINT('',(4.512511906875,7.8297110112));
#2674 = CARTESIAN_POINT('',(4.447738402268,8.073882200632));
#2675 = CARTESIAN_POINT('',(4.384277120991,8.328005917289));
#2676 = CARTESIAN_POINT('',(4.321617227996,8.589570430875));
#2677 = CARTESIAN_POINT('',(4.259226089441,8.856675562674));
#2678 = CARTESIAN_POINT('',(4.168435648263,9.248849958477));
#2679 = CARTESIAN_POINT('',(4.140380515042,9.370511645887));
#2680 = CARTESIAN_POINT('',(4.11220914388,9.49276973617));
#2681 = CARTESIAN_POINT('',(4.083868989066,9.615464405277));
#2682 = CARTESIAN_POINT('',(4.055305850478,9.738430928819));
#2683 = CARTESIAN_POINT('',(4.026461730819,9.861496919143));
#2684 = CARTESIAN_POINT('',(3.997271710343,9.984478697637));
#2685 = CARTESIAN_POINT('',(3.939187138711,10.225154701622));
#2686 = CARTESIAN_POINT('',(3.910331446989,10.342841170383));
#2687 = CARTESIAN_POINT('',(3.881020360305,10.460079237867));
#2688 = CARTESIAN_POINT('',(3.851179157858,10.576668525453));
#2689 = CARTESIAN_POINT('',(3.820726204995,10.692357823932));
#2690 = CARTESIAN_POINT('',(3.789569833123,10.806840493345));
#2691 = CARTESIAN_POINT('',(3.757600526986,10.919743324528));
#2692 = CARTESIAN_POINT('',(3.708061158104,11.086522323105));
#2693 = CARTESIAN_POINT('',(3.691208595015,11.141915586751));
#2694 = CARTESIAN_POINT('',(3.674096043498,11.196719342373));
#2695 = CARTESIAN_POINT('',(3.656704494298,11.250860883881));
#2696 = CARTESIAN_POINT('',(3.639014187386,11.304254380701));
#2697 = CARTESIAN_POINT('',(3.621004084414,11.356799984414));
#2698 = CARTESIAN_POINT('',(3.602651072481,11.408382410506));
#2699 = CARTESIAN_POINT('',(3.560767738437,11.521325841986));
#2700 = CARTESIAN_POINT('',(3.537053233696,11.582074342643));
#2701 = CARTESIAN_POINT('',(3.512726049689,11.640894016826));
#2702 = CARTESIAN_POINT('',(3.48773501669,11.697475861733));
#2703 = CARTESIAN_POINT('',(3.462036043955,11.751422869447));
#2704 = CARTESIAN_POINT('',(3.435591738454,11.802253915016));
#2705 = CARTESIAN_POINT('',(3.408371728927,11.849411015322));
#2706 = CARTESIAN_POINT('',(3.352762068251,11.934476631622));
#2707 = CARTESIAN_POINT('',(3.324372570365,11.972551768271));
#2708 = CARTESIAN_POINT('',(3.29521727445,12.005801838738));
#2709 = CARTESIAN_POINT('',(3.265359377583,12.033492849677));
#2710 = CARTESIAN_POINT('',(3.23489714206,12.054910269915));
#2711 = CARTESIAN_POINT('',(3.203970746489,12.069443170563));
#2712 = CARTESIAN_POINT('',(3.172776472624,12.076705226556));
#2713 = CARTESIAN_POINT('',(3.14159265359,12.076705226556));
#2714 = ( GEOMETRIC_REPRESENTATION_CONTEXT(2) 
PARAMETRIC_REPRESENTATION_CONTEXT() REPRESENTATION_CONTEXT('2D SPACE',''
  ) );
#2715 = ORIENTED_EDGE('',*,*,#2716,.T.);
#2716 = EDGE_CURVE('',#2461,#2717,#2719,.T.);
#2717 = VERTEX_POINT('',#2718);
#2718 = CARTESIAN_POINT('',(442.878975,-1.959434878636E-15,-8.));
#2719 = SEAM_CURVE('',#2720,(#2724,#2731),.PCURVE_S1.);
#2720 = LINE('',#2721,#2722);
#2721 = CARTESIAN_POINT('',(389.0658125,-2.081899558551E-15,-8.5));
#2722 = VECTOR('',#2723,1.);
#2723 = DIRECTION('',(0.999956837672,2.275640166177E-18,
    9.291006058896E-03));
#2724 = PCURVE('',#2170,#2725);
#2725 = DEFINITIONAL_REPRESENTATION('',(#2726),#2730);
#2726 = LINE('',#2727,#2728);
#2727 = CARTESIAN_POINT('',(0.,-0.));
#2728 = VECTOR('',#2729,1.);
#2729 = DIRECTION('',(-0.,-1.));
#2730 = ( GEOMETRIC_REPRESENTATION_CONTEXT(2) 
PARAMETRIC_REPRESENTATION_CONTEXT() REPRESENTATION_CONTEXT('2D SPACE',''
  ) );
#2731 = PCURVE('',#2170,#2732);
#2732 = DEFINITIONAL_REPRESENTATION('',(#2733),#2737);
#2733 = LINE('',#2734,#2735);
#2734 = CARTESIAN_POINT('',(-6.28318530718,0.));
#2735 = VECTOR('',#2736,1.);
#2736 = DIRECTION('',(-0.,-1.));
#2737 = ( GEOMETRIC_REPRESENTATION_CONTEXT(2) 
PARAMETRIC_REPRESENTATION_CONTEXT() REPRESENTATION_CONTEXT('2D SPACE',''
  ) );
#2738 = ORIENTED_EDGE('',*,*,#2739,.F.);
#2739 = EDGE_CURVE('',#2717,#2717,#2740,.T.);
#2740 = SURFACE_CURVE('',#2741,(#2746,#2753),.PCURVE_S1.);
#2741 = CIRCLE('',#2742,8.);
#2742 = AXIS2_PLACEMENT_3D('',#2743,#2744,#2745);
#2743 = CARTESIAN_POINT('',(442.878975,0.,5.97446120354E-15));
#2744 = DIRECTION('',(1.,-0.,2.22044604925E-16));
#2745 = DIRECTION('',(2.22044604925E-16,0.,-1.));
#2746 = PCURVE('',#2170,#2747);
#2747 = DEFINITIONAL_REPRESENTATION('',(#2748),#2752);
#2748 = LINE('',#2749,#2750);
#2749 = CARTESIAN_POINT('',(-0.,-53.8131625));
#2750 = VECTOR('',#2751,1.);
#2751 = DIRECTION('',(-1.,-0.));
#2752 = ( GEOMETRIC_REPRESENTATION_CONTEXT(2) 
PARAMETRIC_REPRESENTATION_CONTEXT() REPRESENTATION_CONTEXT('2D SPACE',''
  ) );
#2753 = PCURVE('',#2754,#2759);
#2754 = CONICAL_SURFACE('',#2755,8.,9.291139735022E-03);
#2755 = AXIS2_PLACEMENT_3D('',#2756,#2757,#2758);
#2756 = CARTESIAN_POINT('',(442.878975,0.,-5.97446120354E-15));
#2757 = DIRECTION('',(-1.,-0.,-2.22044604925E-16));
#2758 = DIRECTION('',(2.22044604925E-16,0.,-1.));
#2759 = DEFINITIONAL_REPRESENTATION('',(#2760),#2763);
#2760 = B_SPLINE_CURVE_WITH_KNOTS('',1,(#2761,#2762),.UNSPECIFIED.,.F.,
  .F.,(2,2),(0.,6.28318530718),.PIECEWISE_BEZIER_KNOTS.);
#2761 = CARTESIAN_POINT('',(0.,0.));
#2762 = CARTESIAN_POINT('',(-6.28318530718,0.));
#2763 = ( GEOMETRIC_REPRESENTATION_CONTEXT(2) 
PARAMETRIC_REPRESENTATION_CONTEXT() REPRESENTATION_CONTEXT('2D SPACE',''
  ) );
#2764 = ORIENTED_EDGE('',*,*,#2716,.F.);
#2765 = ORIENTED_EDGE('',*,*,#2766,.T.);
#2766 = EDGE_CURVE('',#2461,#2438,#2767,.T.);
#2767 = SURFACE_CURVE('',#2768,(#2855,#2945),.PCURVE_S1.);
#2768 = B_SPLINE_CURVE_WITH_KNOTS('',8,(#2769,#2770,#2771,#2772,#2773,
    #2774,#2775,#2776,#2777,#2778,#2779,#2780,#2781,#2782,#2783,#2784,
    #2785,#2786,#2787,#2788,#2789,#2790,#2791,#2792,#2793,#2794,#2795,
    #2796,#2797,#2798,#2799,#2800,#2801,#2802,#2803,#2804,#2805,#2806,
    #2807,#2808,#2809,#2810,#2811,#2812,#2813,#2814,#2815,#2816,#2817,
    #2818,#2819,#2820,#2821,#2822,#2823,#2824,#2825,#2826,#2827,#2828,
    #2829,#2830,#2831,#2832,#2833,#2834,#2835,#2836,#2837,#2838,#2839,
    #2840,#2841,#2842,#2843,#2844,#2845,#2846,#2847,#2848,#2849,#2850,
    #2851,#2852,#2853,#2854),.UNSPECIFIED.,.F.,.F.,(9,7,7,7,7,7,7,7,7,7,
    7,7,9),(0.,4.373339730361E-02,7.446917675009E-02,0.122134667501,
    0.168948758906,0.258572212123,0.351145964391,0.566769188306,
    0.681974079232,0.809911703925,0.876211981953,0.922386332014,1.),
  .UNSPECIFIED.);
#2769 = CARTESIAN_POINT('',(422.88072447242,3.214697847762E-16,
    -8.185811886893));
#2770 = CARTESIAN_POINT('',(422.88072447242,0.125430127444,
    -8.185811886893));
#2771 = CARTESIAN_POINT('',(422.8756966724,0.250901666401,
    -8.183662105648));
#2772 = CARTESIAN_POINT('',(422.86563532159,0.37566421141,
    -8.179359969007));
#2773 = CARTESIAN_POINT('',(422.85068725358,0.499096603697,
    -8.172972200944));
#2774 = CARTESIAN_POINT('',(422.83110652271,0.62069083158,
    -8.164614794457));
#2775 = CARTESIAN_POINT('',(422.8072165214,0.740038453656,
    -8.154435897049));
#2776 = CARTESIAN_POINT('',(422.77937957882,0.856819544799,
    -8.142601610783));
#2777 = CARTESIAN_POINT('',(422.72590226576,1.050895392015,
    -8.119925602769));
#2778 = CARTESIAN_POINT('',(422.70205883638,1.129642347906,
    -8.109830362919));
#2779 = CARTESIAN_POINT('',(422.67656407251,1.206983210762,
    -8.099054388774));
#2780 = CARTESIAN_POINT('',(422.64953595779,1.282886365792,
    -8.087652097887));
#2781 = CARTESIAN_POINT('',(422.62108777878,1.357338115874,
    -8.075675869043));
#2782 = CARTESIAN_POINT('',(422.59132576425,1.430340392147,
    -8.063174987369));
#2783 = CARTESIAN_POINT('',(422.5603467245,1.501908464614,
    -8.050194589425));
#2784 = CARTESIAN_POINT('',(422.47843743555,1.680874085936,
    -8.015962707722));
#2785 = CARTESIAN_POINT('',(422.4259295294,1.786267107157,
    -7.994098939298));
#2786 = CARTESIAN_POINT('',(422.37102564998,1.888365591599,
    -7.971331065206));
#2787 = CARTESIAN_POINT('',(422.31400152105,1.987293712948,
    -7.947789543275));
#2788 = CARTESIAN_POINT('',(422.25509509097,2.083182142571,
    -7.923587845886));
#2789 = CARTESIAN_POINT('',(422.19450671133,2.176168248718,
    -7.898822778882));
#2790 = CARTESIAN_POINT('',(422.13239931554,2.26639629573,
    -7.873574800468));
#2791 = CARTESIAN_POINT('',(422.006532127,2.440073901274,-7.822700333188
    ));
#2792 = CARTESIAN_POINT('',(421.94283489634,2.523597268597,
    -7.797094057834));
#2793 = CARTESIAN_POINT('',(421.87793501635,2.604720884792,
    -7.771154247895));
#2794 = CARTESIAN_POINT('',(421.81194308997,2.683562928644,
    -7.74493778931));
#2795 = CARTESIAN_POINT('',(421.74495416092,2.760231036079,
    -7.718494651258));
#2796 = CARTESIAN_POINT('',(421.67704907214,2.834825452238,
    -7.691868611679));
#2797 = CARTESIAN_POINT('',(421.60829523393,2.907440917678,
    -7.665097777197));
#2798 = CARTESIAN_POINT('',(421.40559948514,3.113569715933,
    -7.586748844274));
#2799 = CARTESIAN_POINT('',(421.26957228111,3.242015663993,
    -7.534884660001));
#2800 = CARTESIAN_POINT('',(421.13104619918,3.364143329064,
    -7.48285193812));
#2801 = CARTESIAN_POINT('',(420.99031770361,3.480436569267,
    -7.430844467209));
#2802 = CARTESIAN_POINT('',(420.8476200947,3.591293807231,-7.37903080776
    ));
#2803 = CARTESIAN_POINT('',(420.70313173601,3.697056173734,
    -7.32755954598));
#2804 = CARTESIAN_POINT('',(420.55697810916,3.798016740204,
    -7.276562614234));
#2805 = CARTESIAN_POINT('',(420.25662770572,3.994022535487,
    -7.174098328769));
#2806 = CARTESIAN_POINT('',(420.10235508625,4.088743732391,
    -7.122681181599));
#2807 = CARTESIAN_POINT('',(419.94652223096,4.178868095207,
    -7.072047616815));
#2808 = CARTESIAN_POINT('',(419.78921301208,4.264607223858,
    -7.022334135662));
#2809 = CARTESIAN_POINT('',(419.63049267271,4.346127723598,
    -6.973677144528));
#2810 = CARTESIAN_POINT('',(419.4704094435,4.423561238275,
    -6.926215318756));
#2811 = CARTESIAN_POINT('',(419.30899486562,4.497009294808,
    -6.880091935912));
#2812 = CARTESIAN_POINT('',(418.76722656623,4.728501099785,
    -6.731493689373));
#2813 = CARTESIAN_POINT('',(418.38154382752,4.86900955404,
    -6.635743765897));
#2814 = CARTESIAN_POINT('',(417.98889910517,4.989292510746,
    -6.549924798028));
#2815 = CARTESIAN_POINT('',(417.58918709431,5.089208563826,
    -6.476218774468));
#2816 = CARTESIAN_POINT('',(417.18256182371,5.167768594054,
    -6.417347324755));
#2817 = CARTESIAN_POINT('',(416.76942864136,5.223045802778,
    -6.37658826655));
#2818 = CARTESIAN_POINT('',(416.3504440685,5.252012663755,
    -6.357747450428));
#2819 = CARTESIAN_POINT('',(415.70019750499,5.248800577478,
    -6.368228871681));
#2820 = CARTESIAN_POINT('',(415.47253749733,5.238816197569,
    -6.379204775427));
#2821 = CARTESIAN_POINT('',(415.24398030483,5.219263561532,
    -6.398059618466));
#2822 = CARTESIAN_POINT('',(415.01499067781,5.189341146143,
    -6.425305214624));
#2823 = CARTESIAN_POINT('',(414.7861737721,5.148169984553,
    -6.461355125177));
#2824 = CARTESIAN_POINT('',(414.55827831048,5.094825437742,
    -6.506431642128));
#2825 = CARTESIAN_POINT('',(414.33219781866,5.028399055438,
    -6.560468584182));
#2826 = CARTESIAN_POINT('',(413.86106363277,4.858948245858,
    -6.692530488031));
#2827 = CARTESIAN_POINT('',(413.61660883501,4.752666598679,
    -6.772565202313));
#2828 = CARTESIAN_POINT('',(413.3771591807,4.628230667281,
    -6.862536201576));
#2829 = CARTESIAN_POINT('',(413.14424182781,4.484764325891,
    -6.961326572058));
#2830 = CARTESIAN_POINT('',(412.91933597292,4.321606171395,
    -7.067293181058));
#2831 = CARTESIAN_POINT('',(412.70387925299,4.138356093314,
    -7.178357563329));
#2832 = CARTESIAN_POINT('',(412.49928592937,3.934910560162,
    -7.292145113824));
#2833 = CARTESIAN_POINT('',(412.207298166,3.59570022216,-7.465170934133)
  );
#2834 = CARTESIAN_POINT('',(412.1109179307,3.474538126023,
    -7.524284566023));
#2835 = CARTESIAN_POINT('',(412.01800862071,3.348013479509,
    -7.583104930781));
#2836 = CARTESIAN_POINT('',(411.92876171411,3.216165089037,
    -7.641269618054));
#2837 = CARTESIAN_POINT('',(411.8433740754,3.0790585342,-7.698405481898)
  );
#2838 = CARTESIAN_POINT('',(411.76204725592,2.936789173742,
    -7.754133259269));
#2839 = CARTESIAN_POINT('',(411.68498679407,2.789485151531,
    -7.808072188515));
#2840 = CARTESIAN_POINT('',(411.56185002248,2.53132939703,
    -7.895901169562));
#2841 = CARTESIAN_POINT('',(411.51347051731,2.42298884075,
    -7.930905905119));
#2842 = CARTESIAN_POINT('',(411.46733452739,2.312347574684,
    -7.964730623836));
#2843 = CARTESIAN_POINT('',(411.42351514579,2.199475450282,
    -7.997247142554));
#2844 = CARTESIAN_POINT('',(411.38208605202,2.084454454788,
    -8.028328822843));
#2845 = CARTESIAN_POINT('',(411.34312053271,1.967379836561,
    -8.057852088169));
#2846 = CARTESIAN_POINT('',(411.30669050215,1.848361230401,
    -8.085697941071));
#2847 = CARTESIAN_POINT('',(411.21600969917,1.524410203166,
    -8.155549786515));
#2848 = CARTESIAN_POINT('',(411.16649677597,1.31609696095,
    -8.194301153261));
#2849 = CARTESIAN_POINT('',(411.12468588602,1.103249440658,
    -8.227450313096));
#2850 = CARTESIAN_POINT('',(411.09088229869,0.886612511478,
    -8.254514054282));
#2851 = CARTESIAN_POINT('',(411.06533738034,0.667012279306,
    -8.275099356903));
#2852 = CARTESIAN_POINT('',(411.04823904696,0.445359689927,
    -8.288922584811));
#2853 = CARTESIAN_POINT('',(411.03969270907,0.222655983452,
    -8.295831733437));
#2854 = CARTESIAN_POINT('',(411.039692709,0.,-8.295831733463));
#2855 = PCURVE('',#2170,#2856);
#2856 = DEFINITIONAL_REPRESENTATION('',(#2857),#2944);
#2857 = B_SPLINE_CURVE_WITH_KNOTS('',8,(#2858,#2859,#2860,#2861,#2862,
    #2863,#2864,#2865,#2866,#2867,#2868,#2869,#2870,#2871,#2872,#2873,
    #2874,#2875,#2876,#2877,#2878,#2879,#2880,#2881,#2882,#2883,#2884,
    #2885,#2886,#2887,#2888,#2889,#2890,#2891,#2892,#2893,#2894,#2895,
    #2896,#2897,#2898,#2899,#2900,#2901,#2902,#2903,#2904,#2905,#2906,
    #2907,#2908,#2909,#2910,#2911,#2912,#2913,#2914,#2915,#2916,#2917,
    #2918,#2919,#2920,#2921,#2922,#2923,#2924,#2925,#2926,#2927,#2928,
    #2929,#2930,#2931,#2932,#2933,#2934,#2935,#2936,#2937,#2938,#2939,
    #2940,#2941,#2942,#2943),.UNSPECIFIED.,.F.,.F.,(9,7,7,7,7,7,7,7,7,7,
    7,7,9),(0.,4.373339730361E-02,7.446917675009E-02,0.122134667501,
    0.168948758906,0.258572212123,0.351145964391,0.566769188306,
    0.681974079232,0.809911703925,0.876211981953,0.922386332014,1.),
  .UNSPECIFIED.);
#2858 = CARTESIAN_POINT('',(0.,-33.81491197242));
#2859 = CARTESIAN_POINT('',(-1.532286951829E-02,-33.81491197242));
#2860 = CARTESIAN_POINT('',(-3.065079586523E-02,-33.8098841724));
#2861 = CARTESIAN_POINT('',(-4.589724930826E-02,-33.79982282159));
#2862 = CARTESIAN_POINT('',(-6.099147973371E-02,-33.78487475358));
#2863 = CARTESIAN_POINT('',(-7.587597754074E-02,-33.76529402271));
#2864 = CARTESIAN_POINT('',(-9.050447904876E-02,-33.7414040214));
#2865 = CARTESIAN_POINT('',(-0.104840516418,-33.71356707882));
#2866 = CARTESIAN_POINT('',(-0.128706937118,-33.66008976576));
#2867 = CARTESIAN_POINT('',(-0.138403208159,-33.63624633638));
#2868 = CARTESIAN_POINT('',(-0.147939638766,-33.61075157251));
#2869 = CARTESIAN_POINT('',(-0.157312813194,-33.58372345779));
#2870 = CARTESIAN_POINT('',(-0.166521339557,-33.55527527878));
#2871 = CARTESIAN_POINT('',(-0.175565603001,-33.52551326425));
#2872 = CARTESIAN_POINT('',(-0.184447518865,-33.4945342245));
#2873 = CARTESIAN_POINT('',(-0.206697678896,-33.41262493555));
#2874 = CARTESIAN_POINT('',(-0.219839036656,-33.3601170294));
#2875 = CARTESIAN_POINT('',(-0.232608696757,-33.30521314998));
#2876 = CARTESIAN_POINT('',(-0.245021326188,-33.24818902105));
#2877 = CARTESIAN_POINT('',(-0.257092080335,-33.18928259097));
#2878 = CARTESIAN_POINT('',(-0.268836762008,-33.12869421133));
#2879 = CARTESIAN_POINT('',(-0.280271980473,-33.06658681554));
#2880 = CARTESIAN_POINT('',(-0.302359598721,-32.940719627));
#2881 = CARTESIAN_POINT('',(-0.313019978083,-32.87702239634));
#2882 = CARTESIAN_POINT('',(-0.323411753021,-32.81212251635));
#2883 = CARTESIAN_POINT('',(-0.333548333478,-32.74613058997));
#2884 = CARTESIAN_POINT('',(-0.34344181105,-32.67914166092));
#2885 = CARTESIAN_POINT('',(-0.353103374748,-32.61123657214));
#2886 = CARTESIAN_POINT('',(-0.362543566357,-32.54248273393));
#2887 = CARTESIAN_POINT('',(-0.389440511426,-32.33978698514));
#2888 = CARTESIAN_POINT('',(-0.406329634406,-32.20375978112));
#2889 = CARTESIAN_POINT('',(-0.422510732628,-32.06523369918));
#2890 = CARTESIAN_POINT('',(-0.438035783186,-31.92450520361));
#2891 = CARTESIAN_POINT('',(-0.452946285902,-31.7818075947));
#2892 = CARTESIAN_POINT('',(-0.467276789872,-31.63731923601));
#2893 = CARTESIAN_POINT('',(-0.481056064153,-31.49116560916));
#2894 = CARTESIAN_POINT('',(-0.507997320839,-31.19081520572));
#2895 = CARTESIAN_POINT('',(-0.521121314629,-31.03654258625));
#2896 = CARTESIAN_POINT('',(-0.53370584532,-30.88070973096));
#2897 = CARTESIAN_POINT('',(-0.545768577818,-30.72340051208));
#2898 = CARTESIAN_POINT('',(-0.55732135907,-30.56468017271));
#2899 = CARTESIAN_POINT('',(-0.568371393788,-30.4045969435));
#2900 = CARTESIAN_POINT('',(-0.57892177893,-30.24318236562));
#2901 = CARTESIAN_POINT('',(-0.612379014994,-29.70141406623));
#2902 = CARTESIAN_POINT('',(-0.633039015024,-29.31573132752));
#2903 = CARTESIAN_POINT('',(-0.650982742996,-28.92308660518));
#2904 = CARTESIAN_POINT('',(-0.666052806252,-28.5233745943));
#2905 = CARTESIAN_POINT('',(-0.677961793442,-28.11674932372));
#2906 = CARTESIAN_POINT('',(-0.68628165751,-27.70361614135));
#2907 = CARTESIAN_POINT('',(-0.690442411991,-27.2846315685));
#2908 = CARTESIAN_POINT('',(-0.689333689681,-26.63438500499));
#2909 = CARTESIAN_POINT('',(-0.687553835469,-26.40672499733));
#2910 = CARTESIAN_POINT('',(-0.68427332762,-26.17816780483));
#2911 = CARTESIAN_POINT('',(-0.679379334563,-25.94917817781));
#2912 = CARTESIAN_POINT('',(-0.672759577514,-25.7203612721));
#2913 = CARTESIAN_POINT('',(-0.664311932838,-25.49246581048));
#2914 = CARTESIAN_POINT('',(-0.653956065982,-25.26638531866));
#2915 = CARTESIAN_POINT('',(-0.627975433993,-24.79525113277));
#2916 = CARTESIAN_POINT('',(-0.611891195948,-24.55079633501));
#2917 = CARTESIAN_POINT('',(-0.593335727794,-24.3113466807));
#2918 = CARTESIAN_POINT('',(-0.572297664509,-24.07842932781));
#2919 = CARTESIAN_POINT('',(-0.548813520229,-23.85352347292));
#2920 = CARTESIAN_POINT('',(-0.522958436102,-23.63806675299));
#2921 = CARTESIAN_POINT('',(-0.494833571999,-23.43347342937));
#2922 = CARTESIAN_POINT('',(-0.448868041375,-23.141485666));
#2923 = CARTESIAN_POINT('',(-0.432599101283,-23.0451054307));
#2924 = CARTESIAN_POINT('',(-0.415765493799,-22.95219612071));
#2925 = CARTESIAN_POINT('',(-0.398383212827,-22.86294921411));
#2926 = CARTESIAN_POINT('',(-0.380469666066,-22.7775615754));
#2927 = CARTESIAN_POINT('',(-0.362043703432,-22.69623475592));
#2928 = CARTESIAN_POINT('',(-0.343125645486,-22.61917429407));
#2929 = CARTESIAN_POINT('',(-0.310234446865,-22.49603752248));
#2930 = CARTESIAN_POINT('',(-0.296503858154,-22.44765801731));
#2931 = CARTESIAN_POINT('',(-0.282553383334,-22.40152202739));
#2932 = CARTESIAN_POINT('',(-0.268391533499,-22.35770264579));
#2933 = CARTESIAN_POINT('',(-0.254027610702,-22.31627355202));
#2934 = CARTESIAN_POINT('',(-0.239471825411,-22.27730803271));
#2935 = CARTESIAN_POINT('',(-0.224735413971,-22.24087800215));
#2936 = CARTESIAN_POINT('',(-0.184777773874,-22.15019719917));
#2937 = CARTESIAN_POINT('',(-0.15924195348,-22.10068427597));
#2938 = CARTESIAN_POINT('',(-0.133291078723,-22.05887338602));
#2939 = CARTESIAN_POINT('',(-0.106996467797,-22.02506979869));
#2940 = CARTESIAN_POINT('',(-8.043379722996E-02,-21.99952488034));
#2941 = CARTESIAN_POINT('',(-5.368475187004E-02,-21.98242654695));
#2942 = CARTESIAN_POINT('',(-2.683950092111E-02,-21.97388020908));
#2943 = CARTESIAN_POINT('',(0.,-21.973880209));
#2944 = ( GEOMETRIC_REPRESENTATION_CONTEXT(2) 
PARAMETRIC_REPRESENTATION_CONTEXT() REPRESENTATION_CONTEXT('2D SPACE',''
  ) );
#2945 = PCURVE('',#2628,#2946);
#2946 = DEFINITIONAL_REPRESENTATION('',(#2947),#3034);
#2947 = B_SPLINE_CURVE_WITH_KNOTS('',8,(#2948,#2949,#2950,#2951,#2952,
    #2953,#2954,#2955,#2956,#2957,#2958,#2959,#2960,#2961,#2962,#2963,
    #2964,#2965,#2966,#2967,#2968,#2969,#2970,#2971,#2972,#2973,#2974,
    #2975,#2976,#2977,#2978,#2979,#2980,#2981,#2982,#2983,#2984,#2985,
    #2986,#2987,#2988,#2989,#2990,#2991,#2992,#2993,#2994,#2995,#2996,
    #2997,#2998,#2999,#3000,#3001,#3002,#3003,#3004,#3005,#3006,#3007,
    #3008,#3009,#3010,#3011,#3012,#3013,#3014,#3015,#3016,#3017,#3018,
    #3019,#3020,#3021,#3022,#3023,#3024,#3025,#3026,#3027,#3028,#3029,
    #3030,#3031,#3032,#3033),.UNSPECIFIED.,.F.,.F.,(9,7,7,7,7,7,7,7,7,7,
    7,7,9),(0.,4.373339730361E-02,7.446917675009E-02,0.122134667501,
    0.168948758906,0.258572212123,0.351145964391,0.566769188306,
    0.681974079232,0.809911703925,0.876211981953,0.922386332014,1.),
  .UNSPECIFIED.);
#2948 = CARTESIAN_POINT('',(3.14159265359,12.076705226556));
#2949 = CARTESIAN_POINT('',(3.117701200743,12.076705226556));
#2950 = CARTESIAN_POINT('',(3.093801869605,12.072442497822));
#2951 = CARTESIAN_POINT('',(3.070016770059,12.063912062971));
#2952 = CARTESIAN_POINT('',(3.046443452079,12.051241889667));
#2953 = CARTESIAN_POINT('',(3.023160022941,12.034653871692));
#2954 = CARTESIAN_POINT('',(3.000228949404,12.014430901996));
#2955 = CARTESIAN_POINT('',(2.977699544837,11.990890037733));
#2956 = CARTESIAN_POINT('',(2.940084032072,11.945717713431));
#2957 = CARTESIAN_POINT('',(2.924769579643,11.925590475346));
#2958 = CARTESIAN_POINT('',(2.909672572941,11.904085544077));
#2959 = CARTESIAN_POINT('',(2.894796670497,11.881306453147));
#2960 = CARTESIAN_POINT('',(2.880142713797,11.857352726923));
#2961 = CARTESIAN_POINT('',(2.865709040627,11.832317838978));
#2962 = CARTESIAN_POINT('',(2.851491798407,11.806287170466));
#2963 = CARTESIAN_POINT('',(2.815763711629,11.737539655151));
#2964 = CARTESIAN_POINT('',(2.794554167956,11.693540182137));
#2965 = CARTESIAN_POINT('',(2.773831463502,11.647615531187));
#2966 = CARTESIAN_POINT('',(2.753570830589,11.600010555976));
#2967 = CARTESIAN_POINT('',(2.733747329309,11.550937347553));
#2968 = CARTESIAN_POINT('',(2.714335279948,11.500575599782));
#2969 = CARTESIAN_POINT('',(2.695307695416,11.449072974778));
#2970 = CARTESIAN_POINT('',(2.658297250223,11.344956206414));
#2971 = CARTESIAN_POINT('',(2.64030574207,11.292389337344));
#2972 = CARTESIAN_POINT('',(2.622636184852,11.23896226283));
#2973 = CARTESIAN_POINT('',(2.605266588007,11.184777221471));
#2974 = CARTESIAN_POINT('',(2.588176998565,11.129923027345));
#2975 = CARTESIAN_POINT('',(2.571348768814,11.0744763494));
#2976 = CARTESIAN_POINT('',(2.554764067834,11.01850253167));
#2977 = CARTESIAN_POINT('',(2.507088163393,10.853991543962));
#2978 = CARTESIAN_POINT('',(2.476607568559,10.744220710711));
#2979 = CARTESIAN_POINT('',(2.446841626531,10.633125324942));
#2980 = CARTESIAN_POINT('',(2.417696443987,10.521015881187));
#2981 = CARTESIAN_POINT('',(2.389092695965,10.408150891733));
#2982 = CARTESIAN_POINT('',(2.360959537206,10.294745393744));
#2983 = CARTESIAN_POINT('',(2.333231926714,10.18097484603));
#2984 = CARTESIAN_POINT('',(2.277560803372,9.949233983179));
#2985 = CARTESIAN_POINT('',(2.249645883008,9.83127228142));
#2986 = CARTESIAN_POINT('',(2.222037092106,9.713267829118));
#2987 = CARTESIAN_POINT('',(2.19467799386,9.595380537371));
#2988 = CARTESIAN_POINT('',(2.167517769561,9.477761467707));
#2989 = CARTESIAN_POINT('',(2.14050875957,9.360555678559));
#2990 = CARTESIAN_POINT('',(2.113604740344,9.243904436071));
#2991 = CARTESIAN_POINT('',(2.024232895181,8.857857686972));
#2992 = CARTESIAN_POINT('',(1.962109574836,8.591888547261));
#2993 = CARTESIAN_POINT('',(1.899722749784,8.331406295078));
#2994 = CARTESIAN_POINT('',(1.836546550665,8.078286711841));
#2995 = CARTESIAN_POINT('',(1.772076618272,7.835003773211));
#2996 = CARTESIAN_POINT('',(1.705788587202,7.60464047877));
#2997 = CARTESIAN_POINT('',(1.637089546705,7.390863939982));
#2998 = CARTESIAN_POINT('',(1.526860550236,7.094141008027));
#2999 = CARTESIAN_POINT('',(1.487603696246,6.99670117034));
#3000 = CARTESIAN_POINT('',(1.447393650519,6.905791344271));
#3001 = CARTESIAN_POINT('',(1.406158993791,6.822081828355));
#3002 = CARTESIAN_POINT('',(1.363839584475,6.746222292904));
#3003 = CARTESIAN_POINT('',(1.320389632355,6.678761191972));
#3004 = CARTESIAN_POINT('',(1.27578353038,6.620060574552));
#3005 = CARTESIAN_POINT('',(1.179209626993,6.51489798818));
#3006 = CARTESIAN_POINT('',(1.126959583602,6.470491183367));
#3007 = CARTESIAN_POINT('',(1.073307363976,6.43720706262));
#3008 = CARTESIAN_POINT('',(1.018286160276,6.414778688522));
#3009 = CARTESIAN_POINT('',(0.961930544372,6.402452233147));
#3010 = CARTESIAN_POINT('',(0.904274248379,6.399070186256));
#3011 = CARTESIAN_POINT('',(0.845347448776,6.403202731932));
#3012 = CARTESIAN_POINT('',(0.753993318062,6.418482467599));
#3013 = CARTESIAN_POINT('',(0.722473403408,6.425291442351));
#3014 = CARTESIAN_POINT('',(0.690615920739,6.433474878513));
#3015 = CARTESIAN_POINT('',(0.65842133774,6.442803093645));
#3016 = CARTESIAN_POINT('',(0.625890802486,6.453039467073));
#3017 = CARTESIAN_POINT('',(0.593026301304,6.463944185901));
#3018 = CARTESIAN_POINT('',(0.559830816634,6.47527799102));
#3019 = CARTESIAN_POINT('',(0.502962098912,6.494834468212));
#3020 = CARTESIAN_POINT('',(0.479457820292,6.502956948007));
#3021 = CARTESIAN_POINT('',(0.455797808969,6.511093889477));
#3022 = CARTESIAN_POINT('',(0.431984985894,6.519166580718));
#3023 = CARTESIAN_POINT('',(0.408023194117,6.527097948818));
#3024 = CARTESIAN_POINT('',(0.383917359881,6.534813437716));
#3025 = CARTESIAN_POINT('',(0.359673653719,6.542241886068));
#3026 = CARTESIAN_POINT('',(0.294329812027,6.561207842067));
#3027 = CARTESIAN_POINT('',(0.252979633942,6.572102929295));
#3028 = CARTESIAN_POINT('',(0.211300131496,6.581678936681));
#3029 = CARTESIAN_POINT('',(0.169343733038,6.589653133808));
#3030 = CARTESIAN_POINT('',(0.127166254892,6.595797009374));
#3031 = CARTESIAN_POINT('',(8.483038321324E-02,6.599948713205));
#3032 = CARTESIAN_POINT('',(4.241066386934E-02,6.602023720861));
#3033 = CARTESIAN_POINT('',(3.547470142706E-10,6.602023720848));
#3034 = ( GEOMETRIC_REPRESENTATION_CONTEXT(2) 
PARAMETRIC_REPRESENTATION_CONTEXT() REPRESENTATION_CONTEXT('2D SPACE',''
  ) );
#3035 = ORIENTED_EDGE('',*,*,#2437,.F.);
#3036 = ORIENTED_EDGE('',*,*,#3037,.T.);
#3037 = EDGE_CURVE('',#2203,#2201,#3038,.T.);
#3038 = SURFACE_CURVE('',#3039,(#3119,#3202),.PCURVE_S1.);
#3039 = B_SPLINE_CURVE_WITH_KNOTS('',8,(#3040,#3041,#3042,#3043,#3044,
    #3045,#3046,#3047,#3048,#3049,#3050,#3051,#3052,#3053,#3054,#3055,
    #3056,#3057,#3058,#3059,#3060,#3061,#3062,#3063,#3064,#3065,#3066,
    #3067,#3068,#3069,#3070,#3071,#3072,#3073,#3074,#3075,#3076,#3077,
    #3078,#3079,#3080,#3081,#3082,#3083,#3084,#3085,#3086,#3087,#3088,
    #3089,#3090,#3091,#3092,#3093,#3094,#3095,#3096,#3097,#3098,#3099,
    #3100,#3101,#3102,#3103,#3104,#3105,#3106,#3107,#3108,#3109,#3110,
    #3111,#3112,#3113,#3114,#3115,#3116,#3117,#3118),.UNSPECIFIED.,.F.,
  .F.,(9,7,7,7,7,7,7,7,7,7,7,9),(0.,3.994391024462E-02,
    6.845571226372E-02,0.114274002544,0.201401960567,0.299371438434,
    0.362385923375,0.606482920155,0.721116013418,0.86044340942,
    0.914569275315,1.),.UNSPECIFIED.);
#3040 = CARTESIAN_POINT('',(404.91439185538,3.061616997868E-16,
    -8.35274439729));
#3041 = CARTESIAN_POINT('',(404.91439185538,0.113085140969,
    -8.35274439729));
#3042 = CARTESIAN_POINT('',(404.90981168065,0.226207798148,
    -8.351037229763));
#3043 = CARTESIAN_POINT('',(404.90064602058,0.338685902906,
    -8.347620822583));
#3044 = CARTESIAN_POINT('',(404.88703175651,0.449956916565,
    -8.342549210398));
#3045 = CARTESIAN_POINT('',(404.86920529861,0.559562678623,
    -8.335916124507));
#3046 = CARTESIAN_POINT('',(404.84746689159,0.667136647852,
    -8.327840965547));
#3047 = CARTESIAN_POINT('',(404.82215188905,0.772393536288,
    -8.318457158982));
#3048 = CARTESIAN_POINT('',(404.77323519509,0.948448025231,
    -8.300369301186));
#3049 = CARTESIAN_POINT('',(404.7512082131,1.020516081333,-8.29223618894
    ));
#3050 = CARTESIAN_POINT('',(404.72764419724,1.091278915924,
    -8.283549949491));
#3051 = CARTESIAN_POINT('',(404.70265673947,1.160709101157,
    -8.274356015844));
#3052 = CARTESIAN_POINT('',(404.67635459134,1.228796169459,
    -8.264697973341));
#3053 = CARTESIAN_POINT('',(404.64883937821,1.295544413178,
    -8.254616671835));
#3054 = CARTESIAN_POINT('',(404.62020331346,1.360970684233,
    -8.244149337856));
#3055 = CARTESIAN_POINT('',(404.54283711955,1.528161134685,
    -8.215939967144));
#3056 = CARTESIAN_POINT('',(404.49247524576,1.62784701954,
    -8.197644105343));
#3057 = CARTESIAN_POINT('',(404.43977127757,1.724294897353,
    -8.178575604616));
#3058 = CARTESIAN_POINT('',(404.38501264417,1.817642787635,
    -8.158851997685));
#3059 = CARTESIAN_POINT('',(404.32844491887,1.908032635739,
    -8.138574349812));
#3060 = CARTESIAN_POINT('',(404.27027252017,1.995611268211,
    -8.11782776186));
#3061 = CARTESIAN_POINT('',(404.21065941284,2.080531348143,
    -8.096681873345));
#3062 = CARTESIAN_POINT('',(404.03386621105,2.319683885744,
    -8.034325063966));
#3063 = CARTESIAN_POINT('',(403.9133388091,2.467246735266,
    -7.992246883977));
#3064 = CARTESIAN_POINT('',(403.7890233429,2.606740009874,
    -7.949340147368));
#3065 = CARTESIAN_POINT('',(403.66156835058,2.738938531012,
    -7.90589836105));
#3066 = CARTESIAN_POINT('',(403.53147116353,2.864480107575,
    -7.862155175457));
#3067 = CARTESIAN_POINT('',(403.3991007617,2.983925174849,
    -7.818295348898));
#3068 = CARTESIAN_POINT('',(403.2646994189,3.097764342954,
    -7.774458973454));
#3069 = CARTESIAN_POINT('',(402.97513007102,3.328658420253,
    -7.681604812409));
#3070 = CARTESIAN_POINT('',(402.81955611603,3.444273608708,-7.6326521764
    ));
#3071 = CARTESIAN_POINT('',(402.66194448052,3.553877735609,
    -7.584069277924));
#3072 = CARTESIAN_POINT('',(402.50250646449,3.657911958926,
    -7.536012255026));
#3073 = CARTESIAN_POINT('',(402.34140570915,3.756724745082,
    -7.488623198004));
#3074 = CARTESIAN_POINT('',(402.1787658887,3.850603979602,
    -7.442034825565));
#3075 = CARTESIAN_POINT('',(402.01467377447,3.939792289825,
    -7.396374055094));
#3076 = CARTESIAN_POINT('',(401.74272970468,4.078960750453,
    -7.323071344651));
#3077 = CARTESIAN_POINT('',(401.63570855137,4.131572648123,
    -7.294815180081));
#3078 = CARTESIAN_POINT('',(401.52813198916,4.182371707713,
    -7.267030081021));
#3079 = CARTESIAN_POINT('',(401.42001531076,4.231400268741,
    -7.239750547215));
#3080 = CARTESIAN_POINT('',(401.31137139748,4.278693267231,
    -7.213011686849));
#3081 = CARTESIAN_POINT('',(401.20221079304,4.324278927727,
    -7.18684943296));
#3082 = CARTESIAN_POINT('',(401.09254177729,4.368179455303,
    -7.161300759847));
#3083 = CARTESIAN_POINT('',(400.55560360075,4.574005397186,
    -7.039961806051));
#3084 = CARTESIAN_POINT('',(400.12200381877,4.712295276472,
    -6.953459652873));
#3085 = CARTESIAN_POINT('',(399.68107508347,4.826733770909,
    -6.87886205437));
#3086 = CARTESIAN_POINT('',(399.23269169545,4.916812061609,
    -6.818723866349));
#3087 = CARTESIAN_POINT('',(398.77716806533,4.98085892484,
    -6.776266324825));
#3088 = CARTESIAN_POINT('',(398.31525428332,5.015759139511,
    -6.755376528976));
#3089 = CARTESIAN_POINT('',(397.84815501394,5.016757340523,
    -6.760508613643));
#3090 = CARTESIAN_POINT('',(397.15678479454,4.956944272571,
    -6.812267527169));
#3091 = CARTESIAN_POINT('',(396.93532089081,4.928652105571,
    -6.835427571067));
#3092 = CARTESIAN_POINT('',(396.71366555974,4.890415972659,
    -6.865596979371));
#3093 = CARTESIAN_POINT('',(396.49230629904,4.841373127858,
    -6.903107787164));
#3094 = CARTESIAN_POINT('',(396.27187484494,4.780583625721,
    -6.948183190831));
#3095 = CARTESIAN_POINT('',(396.05314709344,4.707061720174,
    -7.000859345135));
#3096 = CARTESIAN_POINT('',(395.83704021368,4.619831745894,
    -7.060906730532));
#3097 = CARTESIAN_POINT('',(395.36640551393,4.394280137129,
    -7.209052487882));
#3098 = CARTESIAN_POINT('',(395.11356506628,4.248968938336,
    -7.300427686912));
#3099 = CARTESIAN_POINT('',(394.86815402777,4.080592998209,
    -7.40086921859));
#3100 = CARTESIAN_POINT('',(394.63238598308,3.887894135911,
    -7.508655471623));
#3101 = CARTESIAN_POINT('',(394.40853267629,3.670020041563,
    -7.62130199704));
#3102 = CARTESIAN_POINT('',(394.19889371887,3.426663681382,
    -7.735673007679));
#3103 = CARTESIAN_POINT('',(394.00578349892,3.15820392406,
    -7.848214737267));
#3104 = CARTESIAN_POINT('',(393.76379212446,2.752315244416,
    -7.996826048456));
#3105 = CARTESIAN_POINT('',(393.69892873557,2.635153676367,
    -8.037572936532));
#3106 = CARTESIAN_POINT('',(393.63704305827,2.514467905223,
    -8.07727115375));
#3107 = CARTESIAN_POINT('',(393.57827025674,2.390353162217,
    -8.115701108731));
#3108 = CARTESIAN_POINT('',(393.52274445616,2.262927320437,
    -8.15264301732));
#3109 = CARTESIAN_POINT('',(393.47059740142,2.13233296266,
    -8.187880376635));
#3110 = CARTESIAN_POINT('',(393.42195711596,1.998739449191,
    -8.221203439125));
#3111 = CARTESIAN_POINT('',(393.30590318224,1.647063850378,
    -8.301672473707));
#3112 = CARTESIAN_POINT('',(393.24387333965,1.424718758696,
    -8.345686363442));
#3113 = CARTESIAN_POINT('',(393.19138836578,1.196187437678,
    -8.383638677542));
#3114 = CARTESIAN_POINT('',(393.14888904293,0.962468085074,
    -8.414814357923));
#3115 = CARTESIAN_POINT('',(393.11673588981,0.724679266724,
    -8.438627323054));
#3116 = CARTESIAN_POINT('',(393.09520039437,0.484063919578,
    -8.454652469977));
#3117 = CARTESIAN_POINT('',(393.08443719245,0.241997460379,
    -8.462661321994));
#3118 = CARTESIAN_POINT('',(393.0844371924,0.,-8.46266132201));
#3119 = PCURVE('',#2170,#3120);
#3120 = DEFINITIONAL_REPRESENTATION('',(#3121),#3201);
#3121 = B_SPLINE_CURVE_WITH_KNOTS('',8,(#3122,#3123,#3124,#3125,#3126,
    #3127,#3128,#3129,#3130,#3131,#3132,#3133,#3134,#3135,#3136,#3137,
    #3138,#3139,#3140,#3141,#3142,#3143,#3144,#3145,#3146,#3147,#3148,
    #3149,#3150,#3151,#3152,#3153,#3154,#3155,#3156,#3157,#3158,#3159,
    #3160,#3161,#3162,#3163,#3164,#3165,#3166,#3167,#3168,#3169,#3170,
    #3171,#3172,#3173,#3174,#3175,#3176,#3177,#3178,#3179,#3180,#3181,
    #3182,#3183,#3184,#3185,#3186,#3187,#3188,#3189,#3190,#3191,#3192,
    #3193,#3194,#3195,#3196,#3197,#3198,#3199,#3200),.UNSPECIFIED.,.F.,
  .F.,(9,7,7,7,7,7,7,7,7,7,7,9),(0.,3.994391024462E-02,
    6.845571226372E-02,0.114274002544,0.201401960567,0.299371438434,
    0.362385923375,0.606482920155,0.721116013418,0.86044340942,
    0.914569275315,1.),.UNSPECIFIED.);
#3122 = CARTESIAN_POINT('',(0.,-15.84857935538));
#3123 = CARTESIAN_POINT('',(-1.35386808922E-02,-15.84857935538));
#3124 = CARTESIAN_POINT('',(-2.708185177213E-02,-15.84399918065));
#3125 = CARTESIAN_POINT('',(-4.055136678969E-02,-15.83483352058));
#3126 = CARTESIAN_POINT('',(-5.388338343821E-02,-15.82121925651));
#3127 = CARTESIAN_POINT('',(-6.702614935127E-02,-15.80339279861));
#3128 = CARTESIAN_POINT('',(-7.993824257539E-02,-15.78165439159));
#3129 = CARTESIAN_POINT('',(-9.258726531863E-02,-15.75633938905));
#3130 = CARTESIAN_POINT('',(-0.11377274123,-15.70742269509));
#3131 = CARTESIAN_POINT('',(-0.122453714586,-15.6853957131));
#3132 = CARTESIAN_POINT('',(-0.130986784346,-15.66183169724));
#3133 = CARTESIAN_POINT('',(-0.139368973642,-15.63684423947));
#3134 = CARTESIAN_POINT('',(-0.147599216927,-15.61054209134));
#3135 = CARTESIAN_POINT('',(-0.15567812128,-15.58302687821));
#3136 = CARTESIAN_POINT('',(-0.1636077277,-15.55439081346));
#3137 = CARTESIAN_POINT('',(-0.183899380816,-15.47702461955));
#3138 = CARTESIAN_POINT('',(-0.196026728888,-15.42666274576));
#3139 = CARTESIAN_POINT('',(-0.207789391911,-15.37395877757));
#3140 = CARTESIAN_POINT('',(-0.219203452246,-15.31920014417));
#3141 = CARTESIAN_POINT('',(-0.230285226113,-15.26263241887));
#3142 = CARTESIAN_POINT('',(-0.241051490384,-15.20446002017));
#3143 = CARTESIAN_POINT('',(-0.25151970937,-15.14484691285));
#3144 = CARTESIAN_POINT('',(-0.281082789712,-14.96805371105));
#3145 = CARTESIAN_POINT('',(-0.299429716172,-14.8475263091));
#3146 = CARTESIAN_POINT('',(-0.316875360349,-14.7232108429));
#3147 = CARTESIAN_POINT('',(-0.333506608587,-14.59575585058));
#3148 = CARTESIAN_POINT('',(-0.349393859651,-14.46565866353));
#3149 = CARTESIAN_POINT('',(-0.364598518749,-14.3332882617));
#3150 = CARTESIAN_POINT('',(-0.37917411988,-14.1988869189));
#3151 = CARTESIAN_POINT('',(-0.408907749593,-13.90931757102));
#3152 = CARTESIAN_POINT('',(-0.423902620992,-13.75374361603));
#3153 = CARTESIAN_POINT('',(-0.438217276435,-13.59613198052));
#3154 = CARTESIAN_POINT('',(-0.451897250786,-13.43669396449));
#3155 = CARTESIAN_POINT('',(-0.464976967864,-13.27559320915));
#3156 = CARTESIAN_POINT('',(-0.477483572821,-13.1129533887));
#3157 = CARTESIAN_POINT('',(-0.489438736797,-12.94886127447));
#3158 = CARTESIAN_POINT('',(-0.508203643239,-12.67691720468));
#3159 = CARTESIAN_POINT('',(-0.515326829964,-12.56989605137));
#3160 = CARTESIAN_POINT('',(-0.522232004513,-12.46231948916));
#3161 = CARTESIAN_POINT('',(-0.52892216158,-12.35420281076));
#3162 = CARTESIAN_POINT('',(-0.535399358265,-12.24555889748));
#3163 = CARTESIAN_POINT('',(-0.541664792282,-12.13639829304));
#3164 = CARTESIAN_POINT('',(-0.547718880159,-12.02672927729));
#3165 = CARTESIAN_POINT('',(-0.576193049249,-11.48979110075));
#3166 = CARTESIAN_POINT('',(-0.595611649759,-11.05619131877));
#3167 = CARTESIAN_POINT('',(-0.611864427195,-10.61526258346));
#3168 = CARTESIAN_POINT('',(-0.624741518649,-10.16687919546));
#3169 = CARTESIAN_POINT('',(-0.633868245575,-9.711355565331));
#3170 = CARTESIAN_POINT('',(-0.63867400059,-9.249441783326));
#3171 = CARTESIAN_POINT('',(-0.638402072717,-8.782342513948));
#3172 = CARTESIAN_POINT('',(-0.629042050674,-8.090972294545));
#3173 = CARTESIAN_POINT('',(-0.624709089849,-7.869508390817));
#3174 = CARTESIAN_POINT('',(-0.618934886915,-7.647853059748));
#3175 = CARTESIAN_POINT('',(-0.611614755687,-7.426493799042));
#3176 = CARTESIAN_POINT('',(-0.602643982969,-7.206062344949));
#3177 = CARTESIAN_POINT('',(-0.591925348176,-6.98733459344));
#3178 = CARTESIAN_POINT('',(-0.579377903367,-6.77122771368));
#3179 = CARTESIAN_POINT('',(-0.547405423394,-6.300593013939));
#3180 = CARTESIAN_POINT('',(-0.527076637217,-6.047752566282));
#3181 = CARTESIAN_POINT('',(-0.503870249045,-5.802341527777));
#3182 = CARTESIAN_POINT('',(-0.477752637728,-5.566573483087));
#3183 = CARTESIAN_POINT('',(-0.448759503952,-5.342720176293));
#3184 = CARTESIAN_POINT('',(-0.416989067443,-5.133081218873));
#3185 = CARTESIAN_POINT('',(-0.382592232335,-4.939970998926));
#3186 = CARTESIAN_POINT('',(-0.331474929708,-4.697979624469));
#3187 = CARTESIAN_POINT('',(-0.316808304495,-4.633116235577));
#3188 = CARTESIAN_POINT('',(-0.301789535947,-4.571230558272));
#3189 = CARTESIAN_POINT('',(-0.286432468789,-4.512457756749));
#3190 = CARTESIAN_POINT('',(-0.270752469184,-4.456931956165));
#3191 = CARTESIAN_POINT('',(-0.25476658479,-4.404784901425));
#3192 = CARTESIAN_POINT('',(-0.238493704823,-4.356144615969));
#3193 = CARTESIAN_POINT('',(-0.195850057849,-4.240090682244));
#3194 = CARTESIAN_POINT('',(-0.16907205458,-4.178060839658));
#3195 = CARTESIAN_POINT('',(-0.141715187845,-4.125575865781));
#3196 = CARTESIAN_POINT('',(-0.113879159196,-4.083076542935));
#3197 = CARTESIAN_POINT('',(-8.566953732523E-02,-4.050923389818));
#3198 = CARTESIAN_POINT('',(-5.719996147773E-02,-4.02938789437));
#3199 = CARTESIAN_POINT('',(-2.859590513798E-02,-4.018624692461));
#3200 = CARTESIAN_POINT('',(0.,-4.018624692406));
#3201 = ( GEOMETRIC_REPRESENTATION_CONTEXT(2) 
PARAMETRIC_REPRESENTATION_CONTEXT() REPRESENTATION_CONTEXT('2D SPACE',''
  ) );
#3202 = PCURVE('',#2356,#3203);
#3203 = DEFINITIONAL_REPRESENTATION('',(#3204),#3284);
#3204 = B_SPLINE_CURVE_WITH_KNOTS('',8,(#3205,#3206,#3207,#3208,#3209,
    #3210,#3211,#3212,#3213,#3214,#3215,#3216,#3217,#3218,#3219,#3220,
    #3221,#3222,#3223,#3224,#3225,#3226,#3227,#3228,#3229,#3230,#3231,
    #3232,#3233,#3234,#3235,#3236,#3237,#3238,#3239,#3240,#3241,#3242,
    #3243,#3244,#3245,#3246,#3247,#3248,#3249,#3250,#3251,#3252,#3253,
    #3254,#3255,#3256,#3257,#3258,#3259,#3260,#3261,#3262,#3263,#3264,
    #3265,#3266,#3267,#3268,#3269,#3270,#3271,#3272,#3273,#3274,#3275,
    #3276,#3277,#3278,#3279,#3280,#3281,#3282,#3283),.UNSPECIFIED.,.F.,
  .F.,(9,7,7,7,7,7,7,7,7,7,7,9),(0.,3.994391024462E-02,
    6.845571226372E-02,0.114274002544,0.201401960567,0.299371438434,
    0.362385923375,0.606482920155,0.721116013418,0.86044340942,
    0.914569275315,1.),.UNSPECIFIED.);
#3205 = CARTESIAN_POINT('',(3.14159265359,13.166594787183));
#3206 = CARTESIAN_POINT('',(3.118975625396,13.166594787183));
#3207 = CARTESIAN_POINT('',(3.096351102335,13.16267710393));
#3208 = CARTESIAN_POINT('',(3.073837830634,13.154837117067));
#3209 = CARTESIAN_POINT('',(3.051530701795,13.1431944423));
#3210 = CARTESIAN_POINT('',(3.029505569027,13.127956012122));
#3211 = CARTESIAN_POINT('',(3.007822848956,13.10938493693));
#3212 = CARTESIAN_POINT('',(2.986529908632,13.08777514651));
#3213 = CARTESIAN_POINT('',(2.950766978537,13.046055637879));
#3214 = CARTESIAN_POINT('',(2.936082320371,13.027279411803));
#3215 = CARTESIAN_POINT('',(2.921614909078,13.007205086615));
#3216 = CARTESIAN_POINT('',(2.90736821222,12.985932423686));
#3217 = CARTESIAN_POINT('',(2.89334284449,12.963557007558));
#3218 = CARTESIAN_POINT('',(2.879536893061,12.940168260665));
#3219 = CARTESIAN_POINT('',(2.865946242933,12.915847458053));
#3220 = CARTESIAN_POINT('',(2.831061170235,12.850198879618));
#3221 = CARTESIAN_POINT('',(2.810104090617,12.807521069767));
#3222 = CARTESIAN_POINT('',(2.789664346263,12.762924237946));
#3223 = CARTESIAN_POINT('',(2.769713627056,12.716662976919));
#3224 = CARTESIAN_POINT('',(2.750223890398,12.668955349612));
#3225 = CARTESIAN_POINT('',(2.731166621686,12.619983691927));
#3226 = CARTESIAN_POINT('',(2.712512094791,12.56989541554));
#3227 = CARTESIAN_POINT('',(2.659460841716,12.421648129577));
#3228 = CARTESIAN_POINT('',(2.62606410676,12.320945603319));
#3229 = CARTESIAN_POINT('',(2.593822007061,12.217493119776));
#3230 = CARTESIAN_POINT('',(2.562584980537,12.111888917649));
#3231 = CARTESIAN_POINT('',(2.532230633456,12.004598961303));
#3232 = CARTESIAN_POINT('',(2.50264992877,11.895978545118));
#3233 = CARTESIAN_POINT('',(2.473743769574,11.786276736391));
#3234 = CARTESIAN_POINT('',(2.413560146316,11.551260429138));
#3235 = CARTESIAN_POINT('',(2.382455326308,11.425780583744));
#3236 = CARTESIAN_POINT('',(2.351978551622,11.299506667479));
#3237 = CARTESIAN_POINT('',(2.322034140189,11.172684437844));
#3238 = CARTESIAN_POINT('',(2.292542130579,11.045522009623));
#3239 = CARTESIAN_POINT('',(2.263431257506,10.918197954336));
#3240 = CARTESIAN_POINT('',(2.234634982849,10.790865961462));
#3241 = CARTESIAN_POINT('',(2.187730673126,10.581833982756));
#3242 = CARTESIAN_POINT('',(2.169476228953,10.500068308717));
#3243 = CARTESIAN_POINT('',(2.151311275602,10.418397337638));
#3244 = CARTESIAN_POINT('',(2.133220856253,10.336858349884));
#3245 = CARTESIAN_POINT('',(2.115190805853,10.25548782972));
#3246 = CARTESIAN_POINT('',(2.097207525637,10.174321687146));
#3247 = CARTESIAN_POINT('',(2.079257757639,10.093395479736));
#3248 = CARTESIAN_POINT('',(1.99187587835,9.700330288213));
#3249 = CARTESIAN_POINT('',(1.92284373181,9.392563660465));
#3250 = CARTESIAN_POINT('',(1.853324279836,9.090826648477));
#3251 = CARTESIAN_POINT('',(1.782613494575,8.797197882659));
#3252 = CARTESIAN_POINT('',(1.710027638337,8.514554546243));
#3253 = CARTESIAN_POINT('',(1.634829948273,8.246569538936));
#3254 = CARTESIAN_POINT('',(1.556173065681,7.99763867858));
#3255 = CARTESIAN_POINT('',(1.433786554704,7.666296081293));
#3256 = CARTESIAN_POINT('',(1.393694323699,7.565687679551));
#3257 = CARTESIAN_POINT('',(1.35252817727,7.470865282294));
#3258 = CARTESIAN_POINT('',(1.310206402034,7.382372192545));
#3259 = CARTESIAN_POINT('',(1.266656660088,7.300738459542));
#3260 = CARTESIAN_POINT('',(1.221817943335,7.226415124093));
#3261 = CARTESIAN_POINT('',(1.175644275924,7.159706580584));
#3262 = CARTESIAN_POINT('',(1.070336867274,7.029029664781));
#3263 = CARTESIAN_POINT('',(1.010539453209,6.968729554412));
#3264 = CARTESIAN_POINT('',(0.948712191019,6.920075589948));
#3265 = CARTESIAN_POINT('',(0.884871344637,6.882821265886));
#3266 = CARTESIAN_POINT('',(0.819055239911,6.856110615597));
#3267 = CARTESIAN_POINT('',(0.751317170678,6.838555478314));
#3268 = CARTESIAN_POINT('',(0.681724368919,6.828424487467));
#3269 = CARTESIAN_POINT('',(0.582658578086,6.822100362453));
#3270 = CARTESIAN_POINT('',(0.554676928965,6.82117249743));
#3271 = CARTESIAN_POINT('',(0.52643734268,6.820977861645));
#3272 = CARTESIAN_POINT('',(0.4979469684,6.821405218916));
#3273 = CARTESIAN_POINT('',(0.469214117258,6.822342607747));
#3274 = CARTESIAN_POINT('',(0.440248585726,6.823679533334));
#3275 = CARTESIAN_POINT('',(0.411061978984,6.825309159567));
#3276 = CARTESIAN_POINT('',(0.335273469419,6.830005254504));
#3277 = CARTESIAN_POINT('',(0.288343931892,6.833358806714));
#3278 = CARTESIAN_POINT('',(0.240955978069,6.836793832393));
#3279 = CARTESIAN_POINT('',(0.193185058932,6.839948461775));
#3280 = CARTESIAN_POINT('',(0.145108744175,6.842525684934));
#3281 = CARTESIAN_POINT('',(9.681271023536E-02,6.844315489059));
#3282 = CARTESIAN_POINT('',(4.839949229217E-02,6.845209728649));
#3283 = CARTESIAN_POINT('',(2.163643453534E-10,6.845209728635));
#3284 = ( GEOMETRIC_REPRESENTATION_CONTEXT(2) 
PARAMETRIC_REPRESENTATION_CONTEXT() REPRESENTATION_CONTEXT('2D SPACE',''
  ) );
#3285 = ORIENTED_EDGE('',*,*,#3286,.F.);
#3286 = EDGE_CURVE('',#2133,#2201,#3287,.T.);
#3287 = SEAM_CURVE('',#3288,(#3292,#3299),.PCURVE_S1.);
#3288 = LINE('',#3289,#3290);
#3289 = CARTESIAN_POINT('',(389.0658125,-2.081899558551E-15,-8.5));
#3290 = VECTOR('',#3291,1.);
#3291 = DIRECTION('',(0.999956837672,2.275640166177E-18,
    9.291006058896E-03));
#3292 = PCURVE('',#2170,#3293);
#3293 = DEFINITIONAL_REPRESENTATION('',(#3294),#3298);
#3294 = LINE('',#3295,#3296);
#3295 = CARTESIAN_POINT('',(-6.28318530718,0.));
#3296 = VECTOR('',#3297,1.);
#3297 = DIRECTION('',(-0.,-1.));
#3298 = ( GEOMETRIC_REPRESENTATION_CONTEXT(2) 
PARAMETRIC_REPRESENTATION_CONTEXT() REPRESENTATION_CONTEXT('2D SPACE',''
  ) );
#3299 = PCURVE('',#2170,#3300);
#3300 = DEFINITIONAL_REPRESENTATION('',(#3301),#3305);
#3301 = LINE('',#3302,#3303);
#3302 = CARTESIAN_POINT('',(0.,-0.));
#3303 = VECTOR('',#3304,1.);
#3304 = DIRECTION('',(-0.,-1.));
#3305 = ( GEOMETRIC_REPRESENTATION_CONTEXT(2) 
PARAMETRIC_REPRESENTATION_CONTEXT() REPRESENTATION_CONTEXT('2D SPACE',''
  ) );
#3306 = ORIENTED_EDGE('',*,*,#2155,.T.);
#3307 = ORIENTED_EDGE('',*,*,#3286,.T.);
#3308 = ADVANCED_FACE('',(#3309),#2356,.T.);
#3309 = FACE_BOUND('',#3310,.T.);
#3310 = EDGE_LOOP('',(#3311,#3334,#3361,#3362,#3363));
#3311 = ORIENTED_EDGE('',*,*,#3312,.T.);
#3312 = EDGE_CURVE('',#2201,#3313,#3315,.T.);
#3313 = VERTEX_POINT('',#3314);
#3314 = CARTESIAN_POINT('',(402.7833225007,-1.224646799147E-15,
    -23.49457538705));
#3315 = SEAM_CURVE('',#3316,(#3320,#3327),.PCURVE_S1.);
#3316 = LINE('',#3317,#3318);
#3317 = CARTESIAN_POINT('',(389.37322832809,-1.224646799147E-15,
    -2.710807273581));
#3318 = VECTOR('',#3319,1.);
#3319 = DIRECTION('',(0.542161454716,0.,-0.840274334381));
#3320 = PCURVE('',#2356,#3321);
#3321 = DEFINITIONAL_REPRESENTATION('',(#3322),#3326);
#3322 = LINE('',#3323,#3324);
#3323 = CARTESIAN_POINT('',(6.28318530718,-0.));
#3324 = VECTOR('',#3325,1.);
#3325 = DIRECTION('',(0.,1.));
#3326 = ( GEOMETRIC_REPRESENTATION_CONTEXT(2) 
PARAMETRIC_REPRESENTATION_CONTEXT() REPRESENTATION_CONTEXT('2D SPACE',''
  ) );
#3327 = PCURVE('',#2356,#3328);
#3328 = DEFINITIONAL_REPRESENTATION('',(#3329),#3333);
#3329 = LINE('',#3330,#3331);
#3330 = CARTESIAN_POINT('',(0.,-0.));
#3331 = VECTOR('',#3332,1.);
#3332 = DIRECTION('',(0.,1.));
#3333 = ( GEOMETRIC_REPRESENTATION_CONTEXT(2) 
PARAMETRIC_REPRESENTATION_CONTEXT() REPRESENTATION_CONTEXT('2D SPACE',''
  ) );
#3334 = ORIENTED_EDGE('',*,*,#3335,.F.);
#3335 = EDGE_CURVE('',#3313,#3313,#3336,.T.);
#3336 = SURFACE_CURVE('',#3337,(#3342,#3349),.PCURVE_S1.);
#3337 = CIRCLE('',#3338,5.);
#3338 = AXIS2_PLACEMENT_3D('',#3339,#3340,#3341);
#3339 = CARTESIAN_POINT('',(406.98469417261,0.,-20.78376811347));
#3340 = DIRECTION('',(0.542161454716,0.,-0.840274334381));
#3341 = DIRECTION('',(-0.840274334381,0.,-0.542161454716));
#3342 = PCURVE('',#2356,#3343);
#3343 = DEFINITIONAL_REPRESENTATION('',(#3344),#3348);
#3344 = LINE('',#3345,#3346);
#3345 = CARTESIAN_POINT('',(0.,24.734503081988));
#3346 = VECTOR('',#3347,1.);
#3347 = DIRECTION('',(1.,0.));
#3348 = ( GEOMETRIC_REPRESENTATION_CONTEXT(2) 
PARAMETRIC_REPRESENTATION_CONTEXT() REPRESENTATION_CONTEXT('2D SPACE',''
  ) );
#3349 = PCURVE('',#3350,#3355);
#3350 = PLANE('',#3351);
#3351 = AXIS2_PLACEMENT_3D('',#3352,#3353,#3354);
#3352 = CARTESIAN_POINT('',(406.98469417261,0.,-20.78376811347));
#3353 = DIRECTION('',(0.542161454716,0.,-0.840274334381));
#3354 = DIRECTION('',(-0.840274334381,0.,-0.542161454716));
#3355 = DEFINITIONAL_REPRESENTATION('',(#3356),#3360);
#3356 = CIRCLE('',#3357,5.);
#3357 = AXIS2_PLACEMENT_2D('',#3358,#3359);
#3358 = CARTESIAN_POINT('',(0.,0.));
#3359 = DIRECTION('',(1.,0.));
#3360 = ( GEOMETRIC_REPRESENTATION_CONTEXT(2) 
PARAMETRIC_REPRESENTATION_CONTEXT() REPRESENTATION_CONTEXT('2D SPACE',''
  ) );
#3361 = ORIENTED_EDGE('',*,*,#3312,.F.);
#3362 = ORIENTED_EDGE('',*,*,#3037,.F.);
#3363 = ORIENTED_EDGE('',*,*,#2200,.F.);
#3364 = ADVANCED_FACE('',(#3365),#2628,.T.);
#3365 = FACE_BOUND('',#3366,.T.);
#3366 = EDGE_LOOP('',(#3367,#3390,#3417,#3418,#3419));
#3367 = ORIENTED_EDGE('',*,*,#3368,.T.);
#3368 = EDGE_CURVE('',#2438,#3369,#3371,.T.);
#3369 = VERTEX_POINT('',#3370);
#3370 = CARTESIAN_POINT('',(419.51067509602,-1.285879139105E-15,
    -24.18071771765));
#3371 = SEAM_CURVE('',#3372,(#3376,#3383),.PCURVE_S1.);
#3372 = LINE('',#3373,#3374);
#3373 = CARTESIAN_POINT('',(407.93313120351,-1.285879139105E-15,
    -2.470370994322));
#3374 = VECTOR('',#3375,1.);
#3375 = DIRECTION('',(0.470546856061,0.,-0.882375008854));
#3376 = PCURVE('',#2628,#3377);
#3377 = DEFINITIONAL_REPRESENTATION('',(#3378),#3382);
#3378 = LINE('',#3379,#3380);
#3379 = CARTESIAN_POINT('',(6.28318530718,-0.));
#3380 = VECTOR('',#3381,1.);
#3381 = DIRECTION('',(0.,1.));
#3382 = ( GEOMETRIC_REPRESENTATION_CONTEXT(2) 
PARAMETRIC_REPRESENTATION_CONTEXT() REPRESENTATION_CONTEXT('2D SPACE',''
  ) );
#3383 = PCURVE('',#2628,#3384);
#3384 = DEFINITIONAL_REPRESENTATION('',(#3385),#3389);
#3385 = LINE('',#3386,#3387);
#3386 = CARTESIAN_POINT('',(0.,-0.));
#3387 = VECTOR('',#3388,1.);
#3388 = DIRECTION('',(0.,1.));
#3389 = ( GEOMETRIC_REPRESENTATION_CONTEXT(2) 
PARAMETRIC_REPRESENTATION_CONTEXT() REPRESENTATION_CONTEXT('2D SPACE',''
  ) );
#3390 = ORIENTED_EDGE('',*,*,#3391,.F.);
#3391 = EDGE_CURVE('',#3369,#3369,#3392,.T.);
#3392 = SURFACE_CURVE('',#3393,(#3398,#3405),.PCURVE_S1.);
#3393 = CIRCLE('',#3394,5.25);
#3394 = AXIS2_PLACEMENT_3D('',#3395,#3396,#3397);
#3395 = CARTESIAN_POINT('',(424.14314389251,0.,-21.71034672333));
#3396 = DIRECTION('',(0.470546856061,0.,-0.882375008854));
#3397 = DIRECTION('',(-0.882375008854,0.,-0.470546856061));
#3398 = PCURVE('',#2628,#3399);
#3399 = DEFINITIONAL_REPRESENTATION('',(#3400),#3404);
#3400 = LINE('',#3401,#3402);
#3401 = CARTESIAN_POINT('',(0.,24.60444426177));
#3402 = VECTOR('',#3403,1.);
#3403 = DIRECTION('',(1.,0.));
#3404 = ( GEOMETRIC_REPRESENTATION_CONTEXT(2) 
PARAMETRIC_REPRESENTATION_CONTEXT() REPRESENTATION_CONTEXT('2D SPACE',''
  ) );
#3405 = PCURVE('',#3406,#3411);
#3406 = PLANE('',#3407);
#3407 = AXIS2_PLACEMENT_3D('',#3408,#3409,#3410);
#3408 = CARTESIAN_POINT('',(424.14314389251,0.,-21.71034672333));
#3409 = DIRECTION('',(0.470546856061,0.,-0.882375008854));
#3410 = DIRECTION('',(-0.882375008854,0.,-0.470546856061));
#3411 = DEFINITIONAL_REPRESENTATION('',(#3412),#3416);
#3412 = CIRCLE('',#3413,5.25);
#3413 = AXIS2_PLACEMENT_2D('',#3414,#3415);
#3414 = CARTESIAN_POINT('',(0.,0.));
#3415 = DIRECTION('',(1.,0.));
#3416 = ( GEOMETRIC_REPRESENTATION_CONTEXT(2) 
PARAMETRIC_REPRESENTATION_CONTEXT() REPRESENTATION_CONTEXT('2D SPACE',''
  ) );
#3417 = ORIENTED_EDGE('',*,*,#3368,.F.);
#3418 = ORIENTED_EDGE('',*,*,#2766,.F.);
#3419 = ORIENTED_EDGE('',*,*,#2460,.F.);
#3420 = ADVANCED_FACE('',(#3421),#2754,.T.);
#3421 = FACE_BOUND('',#3422,.T.);
#3422 = EDGE_LOOP('',(#3423,#3448,#3474,#3475,#3710,#3731,#3732,#3733));
#3423 = ORIENTED_EDGE('',*,*,#3424,.T.);
#3424 = EDGE_CURVE('',#3425,#3427,#3429,.T.);
#3425 = VERTEX_POINT('',#3426);
#3426 = CARTESIAN_POINT('',(463.4573817154,-1.91260380842E-15,
    -7.808797645786));
#3427 = VERTEX_POINT('',#3428);
#3428 = CARTESIAN_POINT('',(496.6921375,-1.836970198721E-15,-7.5));
#3429 = SEAM_CURVE('',#3430,(#3434,#3441),.PCURVE_S1.);
#3430 = LINE('',#3431,#3432);
#3431 = CARTESIAN_POINT('',(442.878975,-1.959434878636E-15,-8.));
#3432 = VECTOR('',#3433,1.);
#3433 = DIRECTION('',(0.999956837672,2.275640166177E-18,
    9.291006058896E-03));
#3434 = PCURVE('',#2754,#3435);
#3435 = DEFINITIONAL_REPRESENTATION('',(#3436),#3440);
#3436 = LINE('',#3437,#3438);
#3437 = CARTESIAN_POINT('',(-6.28318530718,0.));
#3438 = VECTOR('',#3439,1.);
#3439 = DIRECTION('',(-0.,-1.));
#3440 = ( GEOMETRIC_REPRESENTATION_CONTEXT(2) 
PARAMETRIC_REPRESENTATION_CONTEXT() REPRESENTATION_CONTEXT('2D SPACE',''
  ) );
#3441 = PCURVE('',#2754,#3442);
#3442 = DEFINITIONAL_REPRESENTATION('',(#3443),#3447);
#3443 = LINE('',#3444,#3445);
#3444 = CARTESIAN_POINT('',(0.,-0.));
#3445 = VECTOR('',#3446,1.);
#3446 = DIRECTION('',(-0.,-1.));
#3447 = ( GEOMETRIC_REPRESENTATION_CONTEXT(2) 
PARAMETRIC_REPRESENTATION_CONTEXT() REPRESENTATION_CONTEXT('2D SPACE',''
  ) );
#3448 = ORIENTED_EDGE('',*,*,#3449,.F.);
#3449 = EDGE_CURVE('',#3427,#3427,#3450,.T.);
#3450 = SURFACE_CURVE('',#3451,(#3456,#3463),.PCURVE_S1.);
#3451 = CIRCLE('',#3452,7.5);
#3452 = AXIS2_PLACEMENT_3D('',#3453,#3454,#3455);
#3453 = CARTESIAN_POINT('',(496.6921375,0.,5.97446120354E-15));
#3454 = DIRECTION('',(1.,-0.,2.22044604925E-16));
#3455 = DIRECTION('',(2.22044604925E-16,0.,-1.));
#3456 = PCURVE('',#2754,#3457);
#3457 = DEFINITIONAL_REPRESENTATION('',(#3458),#3462);
#3458 = LINE('',#3459,#3460);
#3459 = CARTESIAN_POINT('',(-0.,-53.8131625));
#3460 = VECTOR('',#3461,1.);
#3461 = DIRECTION('',(-1.,-0.));
#3462 = ( GEOMETRIC_REPRESENTATION_CONTEXT(2) 
PARAMETRIC_REPRESENTATION_CONTEXT() REPRESENTATION_CONTEXT('2D SPACE',''
  ) );
#3463 = PCURVE('',#3464,#3469);
#3464 = CONICAL_SURFACE('',#3465,7.5,9.291139735022E-03);
#3465 = AXIS2_PLACEMENT_3D('',#3466,#3467,#3468);
#3466 = CARTESIAN_POINT('',(496.6921375,0.,-5.97446120354E-15));
#3467 = DIRECTION('',(-1.,-0.,-2.22044604925E-16));
#3468 = DIRECTION('',(2.22044604925E-16,0.,-1.));
#3469 = DEFINITIONAL_REPRESENTATION('',(#3470),#3473);
#3470 = B_SPLINE_CURVE_WITH_KNOTS('',1,(#3471,#3472),.UNSPECIFIED.,.F.,
  .F.,(2,2),(0.,6.28318530718),.PIECEWISE_BEZIER_KNOTS.);
#3471 = CARTESIAN_POINT('',(0.,0.));
#3472 = CARTESIAN_POINT('',(-6.28318530718,0.));
#3473 = ( GEOMETRIC_REPRESENTATION_CONTEXT(2) 
PARAMETRIC_REPRESENTATION_CONTEXT() REPRESENTATION_CONTEXT('2D SPACE',''
  ) );
#3474 = ORIENTED_EDGE('',*,*,#3424,.F.);
#3475 = ORIENTED_EDGE('',*,*,#3476,.T.);
#3476 = EDGE_CURVE('',#3425,#3477,#3479,.T.);
#3477 = VERTEX_POINT('',#3478);
#3478 = CARTESIAN_POINT('',(448.56393106246,-1.646804442464E-15,
    -7.947178758891));
#3479 = SURFACE_CURVE('',#3480,(#3553,#3629),.PCURVE_S1.);
#3480 = B_SPLINE_CURVE_WITH_KNOTS('',8,(#3481,#3482,#3483,#3484,#3485,
    #3486,#3487,#3488,#3489,#3490,#3491,#3492,#3493,#3494,#3495,#3496,
    #3497,#3498,#3499,#3500,#3501,#3502,#3503,#3504,#3505,#3506,#3507,
    #3508,#3509,#3510,#3511,#3512,#3513,#3514,#3515,#3516,#3517,#3518,
    #3519,#3520,#3521,#3522,#3523,#3524,#3525,#3526,#3527,#3528,#3529,
    #3530,#3531,#3532,#3533,#3534,#3535,#3536,#3537,#3538,#3539,#3540,
    #3541,#3542,#3543,#3544,#3545,#3546,#3547,#3548,#3549,#3550,#3551,
    #3552),.UNSPECIFIED.,.F.,.F.,(9,7,7,7,7,7,7,7,7,7,9),(0.,
    0.105789303568,0.200874864776,0.283730878645,0.473196941826,
    0.619164317838,0.739476441602,0.86271640423,0.941600570147,
    0.968648026009,1.),.UNSPECIFIED.);
#3481 = CARTESIAN_POINT('',(463.45738171541,3.367778697655E-16,
    -7.808797645786));
#3482 = CARTESIAN_POINT('',(463.45738171541,0.376501529038,
    -7.808797645786));
#3483 = CARTESIAN_POINT('',(463.43624463772,0.753233132227,
    -7.788247732548));
#3484 = CARTESIAN_POINT('',(463.39392874626,1.125741015439,
    -7.747103767346));
#3485 = CARTESIAN_POINT('',(463.33085639132,1.49014903886,
    -7.686389462925));
#3486 = CARTESIAN_POINT('',(463.24766608941,1.843061882843,
    -7.607917964864));
#3487 = CARTESIAN_POINT('',(463.14514522089,2.181532381465,
    -7.514149686686));
#3488 = CARTESIAN_POINT('',(463.02428254354,2.503071621137,
    -7.408078116552));
#3489 = CARTESIAN_POINT('',(462.76242987874,3.077671281033,
    -7.189632519911));
#3490 = CARTESIAN_POINT('',(462.62459014413,3.334640501194,
    -7.078878453954));
#3491 = CARTESIAN_POINT('',(462.47370109566,3.575211800945,
    -6.963119988925));
#3492 = CARTESIAN_POINT('',(462.31069784742,3.798466278191,
    -6.84484728968));
#3493 = CARTESIAN_POINT('',(462.13660759559,4.003890342923,
    -6.726569664421));
#3494 = CARTESIAN_POINT('',(461.95258514104,4.191358241694,
    -6.61065195354));
#3495 = CARTESIAN_POINT('',(461.7599493852,4.361110954248,
    -6.499153069541));
#3496 = CARTESIAN_POINT('',(461.38611130925,4.646651008973,
    -6.301825444272));
#3497 = CARTESIAN_POINT('',(461.20657863576,4.766606654501,
    -6.214515212098));
#3498 = CARTESIAN_POINT('',(461.02252963538,4.873933763833,
    -6.132847387139));
#3499 = CARTESIAN_POINT('',(460.83487059296,4.969268185904,
    -6.057590036692));
#3500 = CARTESIAN_POINT('',(460.6444462114,5.053392862879,
    -5.989190689497));
#3501 = CARTESIAN_POINT('',(460.45201867763,5.12715112923,
    -5.927819193466));
#3502 = CARTESIAN_POINT('',(460.25825098059,5.191387020535,
    -5.87343783256));
#3503 = CARTESIAN_POINT('',(459.61880784347,5.373877524011,
    -5.717078286991));
#3504 = CARTESIAN_POINT('',(459.17095089767,5.454961978274,
    -5.644170474446));
#3505 = CARTESIAN_POINT('',(458.72405121675,5.501044141411,
    -5.603979399032));
#3506 = CARTESIAN_POINT('',(458.28053448169,5.519782445677,
    -5.591073185956));
#3507 = CARTESIAN_POINT('',(457.84180849879,5.5163066388,-5.600485579518
    ));
#3508 = CARTESIAN_POINT('',(457.40833331764,5.494227662788,
    -5.628161829837));
#3509 = CARTESIAN_POINT('',(456.97963004573,5.455903322462,
    -5.670977237282));
#3510 = CARTESIAN_POINT('',(456.22657996849,5.361471376126,
    -5.769682916993));
#3511 = CARTESIAN_POINT('',(455.90145244462,5.31153944853,
    -5.820238211234));
#3512 = CARTESIAN_POINT('',(455.57872968118,5.25344706906,
    -5.877275618026));
#3513 = CARTESIAN_POINT('',(455.25830200627,5.187591130722,
    -5.939894126387));
#3514 = CARTESIAN_POINT('',(454.94008947925,5.114181172992,
    -6.007350252683));
#3515 = CARTESIAN_POINT('',(454.62402774514,5.03327718362,
    -6.079021047406));
#3516 = CARTESIAN_POINT('',(454.31006129348,4.944790159448,
    -6.15438098553));
#3517 = CARTESIAN_POINT('',(453.74104155161,4.769069168212,
    -6.297767693305));
#3518 = CARTESIAN_POINT('',(453.48537079333,4.684359718805,
    -6.364745697279));
#3519 = CARTESIAN_POINT('',(453.23110727619,4.594200202292,
    -6.433661738778));
#3520 = CARTESIAN_POINT('',(452.97826524535,4.498382590923,
    -6.50428878583));
#3521 = CARTESIAN_POINT('',(452.7268897307,4.396631744673,
    -6.576418968694));
#3522 = CARTESIAN_POINT('',(452.47705662336,4.288590572891,
    -6.649856525414));
#3523 = CARTESIAN_POINT('',(452.22887646553,4.173785453246,
    -6.724411556582));
#3524 = CARTESIAN_POINT('',(451.73013182918,3.926384252031,
    -6.877214528829));
#3525 = CARTESIAN_POINT('',(451.47980905061,3.793497728536,
    -6.955461335698));
#3526 = CARTESIAN_POINT('',(451.23155574616,3.652168732131,
    -7.034471441149));
#3527 = CARTESIAN_POINT('',(450.98558029194,3.501481369143,
    -7.114043568936));
#3528 = CARTESIAN_POINT('',(450.74226664213,3.340361695186,
    -7.193929658137));
#3529 = CARTESIAN_POINT('',(450.50223945527,3.167327561798,
    -7.273804116836));
#3530 = CARTESIAN_POINT('',(450.26634317935,2.980551305117,
    -7.353266019223));
#3531 = CARTESIAN_POINT('',(449.88846043232,2.646162675958,
    -7.481949521665));
#3532 = CARTESIAN_POINT('',(449.74360922681,2.508981480319,
    -7.531633236883));
#3533 = CARTESIAN_POINT('',(449.60140466457,2.364028561533,
    -7.580736261996));
#3534 = CARTESIAN_POINT('',(449.46229586938,2.210123593599,
    -7.629072683867));
#3535 = CARTESIAN_POINT('',(449.3271188657,2.046061376989,
    -7.676319506162));
#3536 = CARTESIAN_POINT('',(449.19725698572,1.870306224995,
    -7.721953326922));
#3537 = CARTESIAN_POINT('',(449.07452560865,1.681208435118,
    -7.765287200716));
#3538 = CARTESIAN_POINT('',(448.92321191379,1.405067629776,
    -7.818922305567));
#3539 = CARTESIAN_POINT('',(448.88579519694,1.332682828018,
    -7.832205116384));
#3540 = CARTESIAN_POINT('',(448.84972151369,1.258316488363,
    -7.845029444986));
#3541 = CARTESIAN_POINT('',(448.81514789839,1.181883299394,-7.857337031)
  );
#3542 = CARTESIAN_POINT('',(448.78226243228,1.10331767258,
    -7.869058296172));
#3543 = CARTESIAN_POINT('',(448.75128125606,1.022577384765,
    -7.880113377092));
#3544 = CARTESIAN_POINT('',(448.72244366467,0.939649427027,
    -7.890413922845));
#3545 = CARTESIAN_POINT('',(448.66535931849,0.755924667503,
    -7.910821606381));
#3546 = CARTESIAN_POINT('',(448.63791268886,0.654306864299,
    -7.920645746116));
#3547 = CARTESIAN_POINT('',(448.6141160644,0.549875046627,-7.92917256558
    ));
#3548 = CARTESIAN_POINT('',(448.59442891035,0.44290747084,
    -7.936232974981));
#3549 = CARTESIAN_POINT('',(448.57928598435,0.333804300083,
    -7.941666987294));
#3550 = CARTESIAN_POINT('',(448.56904722924,0.223108564142,
    -7.945342297379));
#3551 = CARTESIAN_POINT('',(448.56393106251,0.111534032416,
    -7.94717875888));
#3552 = CARTESIAN_POINT('',(448.56393106246,0.,-7.947178758891));
#3553 = PCURVE('',#2754,#3554);
#3554 = DEFINITIONAL_REPRESENTATION('',(#3555),#3628);
#3555 = B_SPLINE_CURVE_WITH_KNOTS('',8,(#3556,#3557,#3558,#3559,#3560,
    #3561,#3562,#3563,#3564,#3565,#3566,#3567,#3568,#3569,#3570,#3571,
    #3572,#3573,#3574,#3575,#3576,#3577,#3578,#3579,#3580,#3581,#3582,
    #3583,#3584,#3585,#3586,#3587,#3588,#3589,#3590,#3591,#3592,#3593,
    #3594,#3595,#3596,#3597,#3598,#3599,#3600,#3601,#3602,#3603,#3604,
    #3605,#3606,#3607,#3608,#3609,#3610,#3611,#3612,#3613,#3614,#3615,
    #3616,#3617,#3618,#3619,#3620,#3621,#3622,#3623,#3624,#3625,#3626,
    #3627),.UNSPECIFIED.,.F.,.F.,(9,7,7,7,7,7,7,7,7,7,9),(0.,
    0.105789303568,0.200874864776,0.283730878645,0.473196941826,
    0.619164317838,0.739476441602,0.86271640423,0.941600570147,
    0.968648026009,1.),.UNSPECIFIED.);
#3556 = CARTESIAN_POINT('',(0.,-20.57840671541));
#3557 = CARTESIAN_POINT('',(-4.82150448912E-02,-20.57840671541));
#3558 = CARTESIAN_POINT('',(-9.64595251084E-02,-20.55726963772));
#3559 = CARTESIAN_POINT('',(-0.144329203568,-20.51495374626));
#3560 = CARTESIAN_POINT('',(-0.191494030307,-20.45188139132));
#3561 = CARTESIAN_POINT('',(-0.237656869275,-20.36869108942));
#3562 = CARTESIAN_POINT('',(-0.282529567215,-20.26617022089));
#3563 = CARTESIAN_POINT('',(-0.325823718685,-20.14530754354));
#3564 = CARTESIAN_POINT('',(-0.404491387984,-19.88345487874));
#3565 = CARTESIAN_POINT('',(-0.440260357903,-19.74561514413));
#3566 = CARTESIAN_POINT('',(-0.474365208686,-19.59472609566));
#3567 = CARTESIAN_POINT('',(-0.506633684289,-19.43172284742));
#3568 = CARTESIAN_POINT('',(-0.536911018241,-19.25763259559));
#3569 = CARTESIAN_POINT('',(-0.565068537137,-19.07361014104));
#3570 = CARTESIAN_POINT('',(-0.591016807589,-18.8809743852));
#3571 = CARTESIAN_POINT('',(-0.635363030217,-18.50713630925));
#3572 = CARTESIAN_POINT('',(-0.6543083296,-18.32760363576));
#3573 = CARTESIAN_POINT('',(-0.671524222462,-18.14355463538));
#3574 = CARTESIAN_POINT('',(-0.687025672822,-17.95589559296));
#3575 = CARTESIAN_POINT('',(-0.700860801967,-17.7654712114));
#3576 = CARTESIAN_POINT('',(-0.713101948377,-17.57304367763));
#3577 = CARTESIAN_POINT('',(-0.723836581261,-17.37927598059));
#3578 = CARTESIAN_POINT('',(-0.75447829142,-16.73983284347));
#3579 = CARTESIAN_POINT('',(-0.768360532727,-16.29197589767));
#3580 = CARTESIAN_POINT('',(-0.776136921263,-15.84507621676));
#3581 = CARTESIAN_POINT('',(-0.778982179619,-15.40155948168));
#3582 = CARTESIAN_POINT('',(-0.777822178931,-14.9628334988));
#3583 = CARTESIAN_POINT('',(-0.77335065185,-14.52935831763));
#3584 = CARTESIAN_POINT('',(-0.766066748046,-14.10065504573));
#3585 = CARTESIAN_POINT('',(-0.748738647819,-13.34760496849));
#3586 = CARTESIAN_POINT('',(-0.739725524289,-13.02247744462));
#3587 = CARTESIAN_POINT('',(-0.729401644101,-12.69975468118));
#3588 = CARTESIAN_POINT('',(-0.717882243253,-12.37932700627));
#3589 = CARTESIAN_POINT('',(-0.705249539387,-12.06111447925));
#3590 = CARTESIAN_POINT('',(-0.691559172419,-11.74505274514));
#3591 = CARTESIAN_POINT('',(-0.676841794894,-11.43108629348));
#3592 = CARTESIAN_POINT('',(-0.648128870029,-10.86206655161));
#3593 = CARTESIAN_POINT('',(-0.634462958305,-10.60639579333));
#3594 = CARTESIAN_POINT('',(-0.620108036781,-10.35213227619));
#3595 = CARTESIAN_POINT('',(-0.605056779075,-10.09929024535));
#3596 = CARTESIAN_POINT('',(-0.589291957834,-9.847914730705));
#3597 = CARTESIAN_POINT('',(-0.572784974255,-9.598081623361));
#3598 = CARTESIAN_POINT('',(-0.555491848996,-9.349901465536));
#3599 = CARTESIAN_POINT('',(-0.518759930586,-8.851156829189));
#3600 = CARTESIAN_POINT('',(-0.499290256064,-8.600834050617));
#3601 = CARTESIAN_POINT('',(-0.478858696575,-8.352580746168));
#3602 = CARTESIAN_POINT('',(-0.457365818269,-8.106605291937));
#3603 = CARTESIAN_POINT('',(-0.434693702213,-7.863291642138));
#3604 = CARTESIAN_POINT('',(-0.410674567159,-7.62326445527));
#3605 = CARTESIAN_POINT('',(-0.385098344925,-7.38736817935));
#3606 = CARTESIAN_POINT('',(-0.339938255737,-7.009485432328));
#3607 = CARTESIAN_POINT('',(-0.321555620949,-6.864634226814));
#3608 = CARTESIAN_POINT('',(-0.302279967667,-6.722429664572));
#3609 = CARTESIAN_POINT('',(-0.281968807906,-6.583320869386));
#3610 = CARTESIAN_POINT('',(-0.260479147832,-6.44814386571));
#3611 = CARTESIAN_POINT('',(-0.23762740146,-6.318281985719));
#3612 = CARTESIAN_POINT('',(-0.213215002096,-6.195550608656));
#3613 = CARTESIAN_POINT('',(-0.177802586417,-6.044236913795));
#3614 = CARTESIAN_POINT('',(-0.168539022981,-6.006820196947));
#3615 = CARTESIAN_POINT('',(-0.159040861827,-5.970746513695));
#3616 = CARTESIAN_POINT('',(-0.149297539122,-5.936172898393));
#3617 = CARTESIAN_POINT('',(-0.139300883907,-5.903287432286));
#3618 = CARTESIAN_POINT('',(-0.129045485524,-5.872306256063));
#3619 = CARTESIAN_POINT('',(-0.11852933635,-5.843468664675));
#3620 = CARTESIAN_POINT('',(-9.526542156755E-02,-5.786384318499));
#3621 = CARTESIAN_POINT('',(-8.241902998404E-02,-5.758937688867));
#3622 = CARTESIAN_POINT('',(-6.923600587512E-02,-5.73514106441));
#3623 = CARTESIAN_POINT('',(-5.574961677734E-02,-5.715453910356));
#3624 = CARTESIAN_POINT('',(-4.200742329037E-02,-5.700310984355));
#3625 = CARTESIAN_POINT('',(-2.807392820733E-02,-5.690072229244));
#3626 = CARTESIAN_POINT('',(-1.403441847728E-02,-5.684956062516));
#3627 = CARTESIAN_POINT('',(0.,-5.684956062464));
#3628 = ( GEOMETRIC_REPRESENTATION_CONTEXT(2) 
PARAMETRIC_REPRESENTATION_CONTEXT() REPRESENTATION_CONTEXT('2D SPACE',''
  ) );
#3629 = PCURVE('',#3630,#3635);
#3630 = CYLINDRICAL_SURFACE('',#3631,5.5);
#3631 = AXIS2_PLACEMENT_3D('',#3632,#3633,#3634);
#3632 = CARTESIAN_POINT('',(463.0692,0.,1.7763568394E-15));
#3633 = DIRECTION('',(-0.667310165512,0.,-0.744779929243));
#3634 = DIRECTION('',(-0.744779929243,0.,0.667310165512));
#3635 = DEFINITIONAL_REPRESENTATION('',(#3636),#3709);
#3636 = B_SPLINE_CURVE_WITH_KNOTS('',8,(#3637,#3638,#3639,#3640,#3641,
    #3642,#3643,#3644,#3645,#3646,#3647,#3648,#3649,#3650,#3651,#3652,
    #3653,#3654,#3655,#3656,#3657,#3658,#3659,#3660,#3661,#3662,#3663,
    #3664,#3665,#3666,#3667,#3668,#3669,#3670,#3671,#3672,#3673,#3674,
    #3675,#3676,#3677,#3678,#3679,#3680,#3681,#3682,#3683,#3684,#3685,
    #3686,#3687,#3688,#3689,#3690,#3691,#3692,#3693,#3694,#3695,#3696,
    #3697,#3698,#3699,#3700,#3701,#3702,#3703,#3704,#3705,#3706,#3707,
    #3708),.UNSPECIFIED.,.F.,.F.,(9,7,7,7,7,7,7,7,7,7,9),(0.,
    0.105789303568,0.200874864776,0.283730878645,0.473196941826,
    0.619164317838,0.739476441602,0.86271640423,0.941600570147,
    0.968648026009,1.),.UNSPECIFIED.);
#3637 = CARTESIAN_POINT('',(3.14159265359,5.556798153344));
#3638 = CARTESIAN_POINT('',(3.073137830128,5.556798153344));
#3639 = CARTESIAN_POINT('',(3.004641244202,5.555597977226));
#3640 = CARTESIAN_POINT('',(2.936423421676,5.55319260227));
#3641 = CARTESIAN_POINT('',(2.868699080228,5.55006263053));
#3642 = CARTESIAN_POINT('',(2.801644847803,5.547132367893));
#3643 = CARTESIAN_POINT('',(2.735430094909,5.545708854047));
#3644 = CARTESIAN_POINT('',(2.670233008882,5.547361770778));
#3645 = CARTESIAN_POINT('',(2.548767436319,5.559404819852));
#3646 = CARTESIAN_POINT('',(2.49220548203,5.568899270563));
#3647 = CARTESIAN_POINT('',(2.436707010922,5.583374485076));
#3648 = CARTESIAN_POINT('',(2.382384573144,5.604061077067));
#3649 = CARTESIAN_POINT('',(2.329347617955,5.632142470456));
#3650 = CARTESIAN_POINT('',(2.277704416872,5.668609340555));
#3651 = CARTESIAN_POINT('',(2.227558757159,5.714115007733));
#3652 = CARTESIAN_POINT('',(2.136700605722,5.816615301284));
#3653 = CARTESIAN_POINT('',(2.095593090361,5.871392370804));
#3654 = CARTESIAN_POINT('',(2.05574205416,5.933385582815));
#3655 = CARTESIAN_POINT('',(2.01717085956,6.002562205333));
#3656 = CARTESIAN_POINT('',(1.979876467478,6.078691869946));
#3657 = CARTESIAN_POINT('',(1.943835149436,6.161392460883));
#3658 = CARTESIAN_POINT('',(1.909007052377,6.250193468736));
#3659 = CARTESIAN_POINT('',(1.798354381433,6.560446923119));
#3660 = CARTESIAN_POINT('',(1.727639235473,6.805006140277));
#3661 = CARTESIAN_POINT('',(1.662047852021,7.073293334007));
#3662 = CARTESIAN_POINT('',(1.600626688384,7.359644271446));
#3663 = CARTESIAN_POINT('',(1.542588247374,7.659420741499));
#3664 = CARTESIAN_POINT('',(1.487264319949,7.969295852148));
#3665 = CARTESIAN_POINT('',(1.434037033435,8.287261959606));
#3666 = CARTESIAN_POINT('',(1.342415862331,8.863293940436));
#3667 = CARTESIAN_POINT('',(1.303492707413,9.117907410671));
#3668 = CARTESIAN_POINT('',(1.265287398126,9.37574390715));
#3669 = CARTESIAN_POINT('',(1.227613966684,9.63620556016));
#3670 = CARTESIAN_POINT('',(1.190309534215,9.898791983201));
#3671 = CARTESIAN_POINT('',(1.153223373034,10.163082160721));
#3672 = CARTESIAN_POINT('',(1.116208847459,10.428721734931));
#3673 = CARTESIAN_POINT('',(1.048535655005,10.915225935128));
#3674 = CARTESIAN_POINT('',(1.017907763492,11.135721504214));
#3675 = CARTESIAN_POINT('',(0.987143953091,11.356721418433));
#3676 = CARTESIAN_POINT('',(0.9561592164,11.578047082983));
#3677 = CARTESIAN_POINT('',(0.924866013374,11.799513631763));
#3678 = CARTESIAN_POINT('',(0.893169471326,12.020924622273));
#3679 = CARTESIAN_POINT('',(0.860959876515,12.242064855306));
#3680 = CARTESIAN_POINT('',(0.794445441034,12.688686807994));
#3681 = CARTESIAN_POINT('',(0.760128810452,12.914006394076));
#3682 = CARTESIAN_POINT('',(0.724990917844,13.138513488513));
#3683 = CARTESIAN_POINT('',(0.688853196641,13.361919133273));
#3684 = CARTESIAN_POINT('',(0.651518612873,13.583782361074));
#3685 = CARTESIAN_POINT('',(0.612724301727,13.803443836557));
#3686 = CARTESIAN_POINT('',(0.57215081313,14.020041449526));
#3687 = CARTESIAN_POINT('',(0.501718271976,14.368047337828));
#3688 = CARTESIAN_POINT('',(0.473328750807,14.501711453658));
#3689 = CARTESIAN_POINT('',(0.443833480261,14.633176951197));
#3690 = CARTESIAN_POINT('',(0.413024983759,14.762005661192));
#3691 = CARTESIAN_POINT('',(0.380699023759,14.88739913486));
#3692 = CARTESIAN_POINT('',(0.346593718269,15.008044441285));
#3693 = CARTESIAN_POINT('',(0.310424467642,15.122218536285));
#3694 = CARTESIAN_POINT('',(0.258306358606,15.263138052642));
#3695 = CARTESIAN_POINT('',(0.244700999076,15.297999379056));
#3696 = CARTESIAN_POINT('',(0.230778838721,15.331623017146));
#3697 = CARTESIAN_POINT('',(0.216524490425,15.363860785136));
#3698 = CARTESIAN_POINT('',(0.201925918013,15.394535354012));
#3699 = CARTESIAN_POINT('',(0.18697484913,15.423443010231));
#3700 = CARTESIAN_POINT('',(0.171667588988,15.450358267851));
#3701 = CARTESIAN_POINT('',(0.137852425358,15.503650465445));
#3702 = CARTESIAN_POINT('',(0.119208578271,15.529282702507));
#3703 = CARTESIAN_POINT('',(0.1001024733,15.551513035904));
#3704 = CARTESIAN_POINT('',(8.057950366617E-02,15.569908925147));
#3705 = CARTESIAN_POINT('',(6.070441932413E-02,15.584061096915));
#3706 = CARTESIAN_POINT('',(4.056517958609E-02,15.593630819471));
#3707 = CARTESIAN_POINT('',(2.027891525441E-02,15.598412649196));
#3708 = CARTESIAN_POINT('',(2.696751808213E-10,15.598412649238));
#3709 = ( GEOMETRIC_REPRESENTATION_CONTEXT(2) 
PARAMETRIC_REPRESENTATION_CONTEXT() REPRESENTATION_CONTEXT('2D SPACE',''
  ) );
#3710 = ORIENTED_EDGE('',*,*,#3711,.F.);
#3711 = EDGE_CURVE('',#2717,#3477,#3712,.T.);
#3712 = SEAM_CURVE('',#3713,(#3717,#3724),.PCURVE_S1.);
#3713 = LINE('',#3714,#3715);
#3714 = CARTESIAN_POINT('',(442.878975,-1.959434878636E-15,-8.));
#3715 = VECTOR('',#3716,1.);
#3716 = DIRECTION('',(0.999956837672,2.275640166177E-18,
    9.291006058896E-03));
#3717 = PCURVE('',#2754,#3718);
#3718 = DEFINITIONAL_REPRESENTATION('',(#3719),#3723);
#3719 = LINE('',#3720,#3721);
#3720 = CARTESIAN_POINT('',(-6.28318530718,0.));
#3721 = VECTOR('',#3722,1.);
#3722 = DIRECTION('',(-0.,-1.));
#3723 = ( GEOMETRIC_REPRESENTATION_CONTEXT(2) 
PARAMETRIC_REPRESENTATION_CONTEXT() REPRESENTATION_CONTEXT('2D SPACE',''
  ) );
#3724 = PCURVE('',#2754,#3725);
#3725 = DEFINITIONAL_REPRESENTATION('',(#3726),#3730);
#3726 = LINE('',#3727,#3728);
#3727 = CARTESIAN_POINT('',(0.,-0.));
#3728 = VECTOR('',#3729,1.);
#3729 = DIRECTION('',(-0.,-1.));
#3730 = ( GEOMETRIC_REPRESENTATION_CONTEXT(2) 
PARAMETRIC_REPRESENTATION_CONTEXT() REPRESENTATION_CONTEXT('2D SPACE',''
  ) );
#3731 = ORIENTED_EDGE('',*,*,#2739,.T.);
#3732 = ORIENTED_EDGE('',*,*,#3711,.T.);
#3733 = ORIENTED_EDGE('',*,*,#3734,.T.);
#3734 = EDGE_CURVE('',#3477,#3425,#3735,.T.);
#3735 = SURFACE_CURVE('',#3736,(#3817,#3901),.PCURVE_S1.);
#3736 = B_SPLINE_CURVE_WITH_KNOTS('',7,(#3737,#3738,#3739,#3740,#3741,
    #3742,#3743,#3744,#3745,#3746,#3747,#3748,#3749,#3750,#3751,#3752,
    #3753,#3754,#3755,#3756,#3757,#3758,#3759,#3760,#3761,#3762,#3763,
    #3764,#3765,#3766,#3767,#3768,#3769,#3770,#3771,#3772,#3773,#3774,
    #3775,#3776,#3777,#3778,#3779,#3780,#3781,#3782,#3783,#3784,#3785,
    #3786,#3787,#3788,#3789,#3790,#3791,#3792,#3793,#3794,#3795,#3796,
    #3797,#3798,#3799,#3800,#3801,#3802,#3803,#3804,#3805,#3806,#3807,
    #3808,#3809,#3810,#3811,#3812,#3813,#3814,#3815,#3816),
  .UNSPECIFIED.,.F.,.F.,(8,6,6,6,6,6,6,6,6,6,6,6,6,8),(0.,
    2.758123532681E-02,4.785707208182E-02,8.294763930367E-02,
    0.131091920905,0.18429363009,0.282639689211,0.380778905057,
    0.513352545673,0.657589171123,0.760258825063,0.854655947564,
    0.91824623754,1.),.UNSPECIFIED.);
#3737 = CARTESIAN_POINT('',(448.56393106246,-8.881784197001E-16,
    -7.947178758891));
#3738 = CARTESIAN_POINT('',(448.56393106251,-0.112143381216,
    -7.947178758881));
#3739 = CARTESIAN_POINT('',(448.56921098567,-0.224331275482,
    -7.945283508844));
#3740 = CARTESIAN_POINT('',(448.57977853612,-0.335572836581,
    -7.941490186209));
#3741 = CARTESIAN_POINT('',(448.59537438332,-0.445108340724,
    -7.935893932473));
#3742 = CARTESIAN_POINT('',(448.61558346006,-0.552367180537,
    -7.928647378003));
#3743 = CARTESIAN_POINT('',(448.63991893269,-0.656936358148,
    -7.919929709284));
#3744 = CARTESIAN_POINT('',(448.68843305667,-0.833231137626,
    -7.902570705809));
#3745 = CARTESIAN_POINT('',(448.71095705137,-0.90635893981,
    -7.894516781498));
#3746 = CARTESIAN_POINT('',(448.73526871132,-0.977863906002,
    -7.88583060817));
#3747 = CARTESIAN_POINT('',(448.76119303592,-1.047723535108,
    -7.87657669557));
#3748 = CARTESIAN_POINT('',(448.78856794641,-1.115946048873,
    -7.866814846925));
#3749 = CARTESIAN_POINT('',(448.81725009211,-1.182564637909,
    -7.856598045177));
#3750 = CARTESIAN_POINT('',(448.89881642931,-1.360240642935,
    -7.827577400115));
#3751 = CARTESIAN_POINT('',(448.95404580712,-1.468148412225,
    -7.807962970451));
#3752 = CARTESIAN_POINT('',(449.01220039788,-1.571676247806,
    -7.787352784797));
#3753 = CARTESIAN_POINT('',(449.07278989918,-1.671118405848,
    -7.765929213494));
#3754 = CARTESIAN_POINT('',(449.1354277248,-1.766764912419,
    -7.743836387047));
#3755 = CARTESIAN_POINT('',(449.19982421548,-1.858912667558,
    -7.721183012793));
#3756 = CARTESIAN_POINT('',(449.35628901359,-2.069907439936,
    -7.666294611488));
#3757 = CARTESIAN_POINT('',(449.44967767289,-2.185852383711,
    -7.633651867322));
#3758 = CARTESIAN_POINT('',(449.54540294038,-2.296430426761,
    -7.600324127636));
#3759 = CARTESIAN_POINT('',(449.64305801301,-2.402177320197,
    -7.566467753612));
#3760 = CARTESIAN_POINT('',(449.74233869438,-2.503534954981,
    -7.532201265375));
#3761 = CARTESIAN_POINT('',(449.84302362515,-2.600901435069,
    -7.497613241436));
#3762 = CARTESIAN_POINT('',(450.05763778919,-2.798204808597,
    -7.424251504807));
#3763 = CARTESIAN_POINT('',(450.17181200854,-2.897305971725,
    -7.385431826151));
#3764 = CARTESIAN_POINT('',(450.28727685136,-2.992386667944,
    -7.346395988381));
#3765 = CARTESIAN_POINT('',(450.40386132904,-3.083794996875,
    -7.307217712303));
#3766 = CARTESIAN_POINT('',(450.52143253956,-3.17181789806,
    -7.26795709443));
#3767 = CARTESIAN_POINT('',(450.63988894337,-3.256705179931,
    -7.228663454458));
#3768 = CARTESIAN_POINT('',(450.97963703988,-3.490196970376,
    -7.116751700804));
#3769 = CARTESIAN_POINT('',(451.20285041305,-3.631715889626,
    -7.044164209506));
#3770 = CARTESIAN_POINT('',(451.42832877503,-3.764599310335,
    -6.971869128185));
#3771 = CARTESIAN_POINT('',(451.65575103202,-3.889741652697,
    -6.900073640926));
#3772 = CARTESIAN_POINT('',(451.8848864463,-4.007853045718,
    -6.828961335641));
#3773 = CARTESIAN_POINT('',(452.11559056397,-4.119487679242,
    -6.758697639023));
#3774 = CARTESIAN_POINT('',(452.57951176037,-4.330489160255,
    -6.620329288928));
#3775 = CARTESIAN_POINT('',(452.81269209254,-4.429867433816,
    -6.552229496327));
#3776 = CARTESIAN_POINT('',(453.04724157315,-4.52367396048,
    -6.485305671741));
#3777 = CARTESIAN_POINT('',(453.2830951195,-4.61222925372,
    -6.419727716571));
#3778 = CARTESIAN_POINT('',(453.5202127643,-4.695773557959,
    -6.355676048632));
#3779 = CARTESIAN_POINT('',(453.75857873811,-4.774486065431,
    -6.293347993563));
#3780 = CARTESIAN_POINT('',(454.32190784887,-4.948446945781,
    -6.151396489234));
#3781 = CARTESIAN_POINT('',(454.64787190847,-5.039795088674,
    -6.073387687123));
#3782 = CARTESIAN_POINT('',(454.976144165,-5.122831974275,
    -5.999478618135));
#3783 = CARTESIAN_POINT('',(455.3067866779,-5.197631522849,
    -5.930315548809));
#3784 = CARTESIAN_POINT('',(455.63987847324,-5.264083160285,
    -5.866674546317));
#3785 = CARTESIAN_POINT('',(455.97553431093,-5.321856849394,
    -5.809514692136));
#3786 = CARTESIAN_POINT('',(456.68211549884,-5.422980851151,
    -5.706257702843));
#3787 = CARTESIAN_POINT('',(457.05327942842,-5.464576792145,
    -5.661615694234));
#3788 = CARTESIAN_POINT('',(457.42794765204,-5.494286265584,
    -5.627647544629));
#3789 = CARTESIAN_POINT('',(457.80630539947,-5.510737303525,
    -5.606352420299));
#3790 = CARTESIAN_POINT('',(458.188211817,-5.511856131625,
    -5.600241369566));
#3791 = CARTESIAN_POINT('',(458.57323132515,-5.494637723897,
    -5.612472487863));
#3792 = CARTESIAN_POINT('',(459.23626303122,-5.425502345401,
    -5.670688957833));
#3793 = CARTESIAN_POINT('',(459.51298392453,-5.385030745455,
    -5.705916976768));
#3794 = CARTESIAN_POINT('',(459.79031706021,-5.331127974543,
    -5.753374576333));
#3795 = CARTESIAN_POINT('',(460.06736522292,-5.261689850625,
    -5.814257588735));
#3796 = CARTESIAN_POINT('',(460.34273326638,-5.174244754509,
    -5.889554048052));
#3797 = CARTESIAN_POINT('',(460.61451515562,-5.066015046488,
    -5.97946529948));
#3798 = CARTESIAN_POINT('',(461.12475934283,-4.813738945336,
    -6.178012329633));
#3799 = CARTESIAN_POINT('',(461.36420956466,-4.673247412349,
    -6.28458263777));
#3800 = CARTESIAN_POINT('',(461.59647476,-4.511398117764,-6.401637493147
    ));
#3801 = CARTESIAN_POINT('',(461.81932880705,-4.326770349187,
    -6.527299247765));
#3802 = CARTESIAN_POINT('',(462.03067199517,-4.118509642324,
    -6.658655605931));
#3803 = CARTESIAN_POINT('',(462.22855146493,-3.886582155221,
    -6.792080916484));
#3804 = CARTESIAN_POINT('',(462.53421603144,-3.46054847628,
    -7.012362206409));
#3805 = CARTESIAN_POINT('',(462.65036710406,-3.278747193213,
    -7.100233479264));
#3806 = CARTESIAN_POINT('',(462.75912967264,-3.086869737905,
    -7.186157178686));
#3807 = CARTESIAN_POINT('',(462.86005743552,-2.885306848144,
    -7.268951675596));
#3808 = CARTESIAN_POINT('',(462.95274619175,-2.67459383011,
    -7.347459405872));
#3809 = CARTESIAN_POINT('',(463.03682481312,-2.455417375334,
    -7.420591574644));
#3810 = CARTESIAN_POINT('',(463.20855096949,-1.937064186691,
    -7.573215679184));
#3811 = CARTESIAN_POINT('',(463.29040140455,-1.632789477662,
    -7.64859634834));
#3812 = CARTESIAN_POINT('',(463.35671446219,-1.317770022025,
    -7.711354170216));
#3813 = CARTESIAN_POINT('',(463.40691620674,-0.994275232948,
    -7.759732689849));
#3814 = CARTESIAN_POINT('',(463.44056579743,-0.664859980153,
    -7.792448315415));
#3815 = CARTESIAN_POINT('',(463.45738171541,-0.332373958095,
    -7.808797645786));
#3816 = CARTESIAN_POINT('',(463.45738171541,-9.769962616701E-15,
    -7.808797645786));
#3817 = PCURVE('',#2754,#3818);
#3818 = DEFINITIONAL_REPRESENTATION('',(#3819),#3900);
#3819 = B_SPLINE_CURVE_WITH_KNOTS('',7,(#3820,#3821,#3822,#3823,#3824,
    #3825,#3826,#3827,#3828,#3829,#3830,#3831,#3832,#3833,#3834,#3835,
    #3836,#3837,#3838,#3839,#3840,#3841,#3842,#3843,#3844,#3845,#3846,
    #3847,#3848,#3849,#3850,#3851,#3852,#3853,#3854,#3855,#3856,#3857,
    #3858,#3859,#3860,#3861,#3862,#3863,#3864,#3865,#3866,#3867,#3868,
    #3869,#3870,#3871,#3872,#3873,#3874,#3875,#3876,#3877,#3878,#3879,
    #3880,#3881,#3882,#3883,#3884,#3885,#3886,#3887,#3888,#3889,#3890,
    #3891,#3892,#3893,#3894,#3895,#3896,#3897,#3898,#3899),
  .UNSPECIFIED.,.F.,.F.,(8,6,6,6,6,6,6,6,6,6,6,6,6,8),(0.,
    2.758123532681E-02,4.785707208182E-02,8.294763930367E-02,
    0.131091920905,0.18429363009,0.282639689211,0.380778905057,
    0.513352545673,0.657589171123,0.760258825063,0.854655947564,
    0.91824623754,1.),.UNSPECIFIED.);
#3820 = CARTESIAN_POINT('',(-6.28318530718,-5.684956062464));
#3821 = CARTESIAN_POINT('',(-6.269074213845,-5.684956062515));
#3822 = CARTESIAN_POINT('',(-6.254957521563,-5.690235985678));
#3823 = CARTESIAN_POINT('',(-6.240954942462,-5.700803536123));
#3824 = CARTESIAN_POINT('',(-6.227157125552,-5.716399383324));
#3825 = CARTESIAN_POINT('',(-6.213631912231,-5.736608460068));
#3826 = CARTESIAN_POINT('',(-6.200428639018,-5.760943932694));
#3827 = CARTESIAN_POINT('',(-6.178135405782,-5.809458056675));
#3828 = CARTESIAN_POINT('',(-6.168877301804,-5.83198205137));
#3829 = CARTESIAN_POINT('',(-6.159812912481,-5.856293711327));
#3830 = CARTESIAN_POINT('',(-6.150944661341,-5.882218035925));
#3831 = CARTESIAN_POINT('',(-6.142271313089,-5.909592946419));
#3832 = CARTESIAN_POINT('',(-6.133788628149,-5.93827509212));
#3833 = CARTESIAN_POINT('',(-6.111127948268,-6.019841429317));
#3834 = CARTESIAN_POINT('',(-6.097324111344,-6.075070807125));
#3835 = CARTESIAN_POINT('',(-6.084038097098,-6.133225397883));
#3836 = CARTESIAN_POINT('',(-6.071233744198,-6.193814899181));
#3837 = CARTESIAN_POINT('',(-6.058875785364,-6.256452724801));
#3838 = CARTESIAN_POINT('',(-6.046928070091,-6.32084921548));
#3839 = CARTESIAN_POINT('',(-6.019472859553,-6.477314013591));
#3840 = CARTESIAN_POINT('',(-6.004305226205,-6.57070267289));
#3841 = CARTESIAN_POINT('',(-5.989761312279,-6.666427940387));
#3842 = CARTESIAN_POINT('',(-5.97577668308,-6.764083013018));
#3843 = CARTESIAN_POINT('',(-5.962298596063,-6.863363694381));
#3844 = CARTESIAN_POINT('',(-5.949279468995,-6.964048625159));
#3845 = CARTESIAN_POINT('',(-5.922750341019,-7.178662789194));
#3846 = CARTESIAN_POINT('',(-5.90933665716,-7.292837008541));
#3847 = CARTESIAN_POINT('',(-5.896381813281,-7.408301851361));
#3848 = CARTESIAN_POINT('',(-5.883844887795,-7.524886329041));
#3849 = CARTESIAN_POINT('',(-5.871692478133,-7.642457539569));
#3850 = CARTESIAN_POINT('',(-5.859895650126,-7.760913943372));
#3851 = CARTESIAN_POINT('',(-5.827233376303,-8.100662039884));
#3852 = CARTESIAN_POINT('',(-5.807171235215,-8.323875413052));
#3853 = CARTESIAN_POINT('',(-5.788085327468,-8.549353775034));
#3854 = CARTESIAN_POINT('',(-5.769876968201,-8.776776032027));
#3855 = CARTESIAN_POINT('',(-5.752470307474,-9.005911446308));
#3856 = CARTESIAN_POINT('',(-5.735808852922,-9.236615563974));
#3857 = CARTESIAN_POINT('',(-5.703922282272,-9.700536760375));
#3858 = CARTESIAN_POINT('',(-5.688696316738,-9.933717092543));
#3859 = CARTESIAN_POINT('',(-5.674129107943,-10.16826657315));
#3860 = CARTESIAN_POINT('',(-5.660194485972,-10.4041201195));
#3861 = CARTESIAN_POINT('',(-5.646877295524,-10.6412377643));
#3862 = CARTESIAN_POINT('',(-5.634171348526,-10.87960373811));
#3863 = CARTESIAN_POINT('',(-5.605745942469,-11.44293284887));
#3864 = CARTESIAN_POINT('',(-5.590535301135,-11.76889690847));
#3865 = CARTESIAN_POINT('',(-5.57645419754,-12.097169165));
#3866 = CARTESIAN_POINT('',(-5.563544344392,-12.4278116779));
#3867 = CARTESIAN_POINT('',(-5.551879448702,-12.76090347324));
#3868 = CARTESIAN_POINT('',(-5.541572200794,-13.09655931093));
#3869 = CARTESIAN_POINT('',(-5.523238899755,-13.80314049884));
#3870 = CARTESIAN_POINT('',(-5.515500261723,-14.17430442842));
#3871 = CARTESIAN_POINT('',(-5.509782041646,-14.54897265204));
#3872 = CARTESIAN_POINT('',(-5.506389193858,-14.92733039947));
#3873 = CARTESIAN_POINT('',(-5.505739752603,-15.309236817));
#3874 = CARTESIAN_POINT('',(-5.508392519614,-15.69425632515));
#3875 = CARTESIAN_POINT('',(-5.51987849184,-16.35728803122));
#3876 = CARTESIAN_POINT('',(-5.526707605996,-16.63400892453));
#3877 = CARTESIAN_POINT('',(-5.535856130368,-16.91134206021));
#3878 = CARTESIAN_POINT('',(-5.54762718102,-17.18839022293));
#3879 = CARTESIAN_POINT('',(-5.562341752273,-17.46375826637));
#3880 = CARTESIAN_POINT('',(-5.580288419515,-17.73554015562));
#3881 = CARTESIAN_POINT('',(-5.621270371904,-18.24578434283));
#3882 = CARTESIAN_POINT('',(-5.643784637567,-18.48523456466));
#3883 = CARTESIAN_POINT('',(-5.669288393692,-18.71749976));
#3884 = CARTESIAN_POINT('',(-5.697802953234,-18.94035380705));
#3885 = CARTESIAN_POINT('',(-5.729238634657,-19.15169699517));
#3886 = CARTESIAN_POINT('',(-5.763416486055,-19.34957646493));
#3887 = CARTESIAN_POINT('',(-5.824758607753,-19.65524103144));
#3888 = CARTESIAN_POINT('',(-5.850579364728,-19.77139210406));
#3889 = CARTESIAN_POINT('',(-5.877458530212,-19.88015467264));
#3890 = CARTESIAN_POINT('',(-5.90531585365,-19.98108243552));
#3891 = CARTESIAN_POINT('',(-5.934066466296,-20.07377119175));
#3892 = CARTESIAN_POINT('',(-5.963621261623,-20.15784981312));
#3893 = CARTESIAN_POINT('',(-6.03279083726,-20.32957596949));
#3894 = CARTESIAN_POINT('',(-6.07288503999,-20.41142640455));
#3895 = CARTESIAN_POINT('',(-6.113940956053,-20.47773946219));
#3896 = CARTESIAN_POINT('',(-6.155735330552,-20.52794120674));
#3897 = CARTESIAN_POINT('',(-6.198042890231,-20.56159079743));
#3898 = CARTESIAN_POINT('',(-6.240621269389,-20.57840671541));
#3899 = CARTESIAN_POINT('',(-6.28318530718,-20.57840671541));
#3900 = ( GEOMETRIC_REPRESENTATION_CONTEXT(2) 
PARAMETRIC_REPRESENTATION_CONTEXT() REPRESENTATION_CONTEXT('2D SPACE',''
  ) );
#3901 = PCURVE('',#3630,#3902);
#3902 = DEFINITIONAL_REPRESENTATION('',(#3903),#3984);
#3903 = B_SPLINE_CURVE_WITH_KNOTS('',7,(#3904,#3905,#3906,#3907,#3908,
    #3909,#3910,#3911,#3912,#3913,#3914,#3915,#3916,#3917,#3918,#3919,
    #3920,#3921,#3922,#3923,#3924,#3925,#3926,#3927,#3928,#3929,#3930,
    #3931,#3932,#3933,#3934,#3935,#3936,#3937,#3938,#3939,#3940,#3941,
    #3942,#3943,#3944,#3945,#3946,#3947,#3948,#3949,#3950,#3951,#3952,
    #3953,#3954,#3955,#3956,#3957,#3958,#3959,#3960,#3961,#3962,#3963,
    #3964,#3965,#3966,#3967,#3968,#3969,#3970,#3971,#3972,#3973,#3974,
    #3975,#3976,#3977,#3978,#3979,#3980,#3981,#3982,#3983),
  .UNSPECIFIED.,.F.,.F.,(8,6,6,6,6,6,6,6,6,6,6,6,6,8),(0.,
    2.758123532681E-02,4.785707208182E-02,8.294763930367E-02,
    0.131091920905,0.18429363009,0.282639689211,0.380778905057,
    0.513352545673,0.657589171123,0.760258825063,0.854655947564,
    0.91824623754,1.),.UNSPECIFIED.);
#3904 = CARTESIAN_POINT('',(6.283185306916,15.598412649238));
#3905 = CARTESIAN_POINT('',(6.26279560124,15.598412649197));
#3906 = CARTESIAN_POINT('',(6.24239780948,15.59347775862));
#3907 = CARTESIAN_POINT('',(6.222158203429,15.583600734209));
#3908 = CARTESIAN_POINT('',(6.202201098059,15.569025489367));
#3909 = CARTESIAN_POINT('',(6.182619064351,15.550142678705));
#3910 = CARTESIAN_POINT('',(6.163479568592,15.527410625743));
#3911 = CARTESIAN_POINT('',(6.13111670934,15.48210802026));
#3912 = CARTESIAN_POINT('',(6.11766192234,15.461079128453));
#3913 = CARTESIAN_POINT('',(6.1044723413,15.438386423067));
#3914 = CARTESIAN_POINT('',(6.091550740668,15.414194729357));
#3915 = CARTESIAN_POINT('',(6.078894863791,15.388656744361));
#3916 = CARTESIAN_POINT('',(6.066498281524,15.361907588084));
#3917 = CARTESIAN_POINT('',(6.033328878141,15.285863548132));
#3918 = CARTESIAN_POINT('',(6.013064050944,15.234399989349));
#3919 = CARTESIAN_POINT('',(5.993497210002,15.180242787152));
#3920 = CARTESIAN_POINT('',(5.974575976558,15.123854951093));
#3921 = CARTESIAN_POINT('',(5.95624973801,15.065601799593));
#3922 = CARTESIAN_POINT('',(5.938466577196,15.005757588266));
#3923 = CARTESIAN_POINT('',(5.897445121961,14.860467258301));
#3924 = CARTESIAN_POINT('',(5.874654453777,14.773836395917));
#3925 = CARTESIAN_POINT('',(5.852671981155,14.685136120215));
#3926 = CARTESIAN_POINT('',(5.83140505908,14.594754349684));
#3927 = CARTESIAN_POINT('',(5.810777783117,14.502982349087));
#3928 = CARTESIAN_POINT('',(5.790721170188,14.410033805243));
#3929 = CARTESIAN_POINT('',(5.749570703058,14.212181242904));
#3930 = CARTESIAN_POINT('',(5.728595763696,14.107079508172));
#3931 = CARTESIAN_POINT('',(5.70816886866,14.000955536306));
#3932 = CARTESIAN_POINT('',(5.68822953606,13.893978335525));
#3933 = CARTESIAN_POINT('',(5.668727747238,13.786281351366));
#3934 = CARTESIAN_POINT('',(5.649619420223,13.67796907454));
#3935 = CARTESIAN_POINT('',(5.59619769567,13.367902088056));
#3936 = CARTESIAN_POINT('',(5.562747834588,13.164887828429));
#3937 = CARTESIAN_POINT('',(5.53026998747,12.960579899826));
#3938 = CARTESIAN_POINT('',(5.498599187945,12.755346877948));
#3939 = CARTESIAN_POINT('',(5.467598780304,12.549479469023));
#3940 = CARTESIAN_POINT('',(5.437154152042,12.343197275082));
#3941 = CARTESIAN_POINT('',(5.377230216452,11.930563974734));
#3942 = CARTESIAN_POINT('',(5.347752948345,11.724241009966));
#3943 = CARTESIAN_POINT('',(5.318628478248,11.517880235901));
#3944 = CARTESIAN_POINT('',(5.28977241391,11.311651622038));
#3945 = CARTESIAN_POINT('',(5.261108608699,11.105716210525));
#3946 = CARTESIAN_POINT('',(5.232563919416,10.900231488645));
#3947 = CARTESIAN_POINT('',(5.165567616736,10.41859361515));
#3948 = CARTESIAN_POINT('',(5.127158495356,10.142975094474));
#3949 = CARTESIAN_POINT('',(5.088655988962,9.868869689466));
#3950 = CARTESIAN_POINT('',(5.049884771997,9.596717313575));
#3951 = CARTESIAN_POINT('',(5.010663485569,9.327043231165));
#3952 = CARTESIAN_POINT('',(4.970786412977,9.060485166407));
#3953 = CARTESIAN_POINT('',(4.885624684918,8.512072623778));
#3954 = CARTESIAN_POINT('',(4.840204954384,8.231142688482));
#3955 = CARTESIAN_POINT('',(4.793380739078,7.955823978105));
#3956 = CARTESIAN_POINT('',(4.744773660765,7.687481825854));
#3957 = CARTESIAN_POINT('',(4.693946841765,7.42808040323));
#3958 = CARTESIAN_POINT('',(4.640368601258,7.180262462939));
#3959 = CARTESIAN_POINT('',(4.542708776655,6.781173123808));
#3960 = CARTESIAN_POINT('',(4.500362630274,6.622751580143));
#3961 = CARTESIAN_POINT('',(4.456039414173,6.473029827116));
#3962 = CARTESIAN_POINT('',(4.409513723704,6.33349721747));
#3963 = CARTESIAN_POINT('',(4.360581240126,6.205820614459));
#3964 = CARTESIAN_POINT('',(4.309083699859,6.09142189244));
#3965 = CARTESIAN_POINT('',(4.205222402556,5.89880460249));
#3966 = CARTESIAN_POINT('',(4.153248942702,5.818388461884));
#3967 = CARTESIAN_POINT('',(4.099091057405,5.750575642845));
#3968 = CARTESIAN_POINT('',(4.042827421245,5.695453224534));
#3969 = CARTESIAN_POINT('',(3.984586611496,5.65225334583));
#3970 = CARTESIAN_POINT('',(3.924535056594,5.619578857463));
#3971 = CARTESIAN_POINT('',(3.821383654968,5.579666868522));
#3972 = CARTESIAN_POINT('',(3.779134404213,5.567602837408));
#3973 = CARTESIAN_POINT('',(3.73620921063,5.559018716544));
#3974 = CARTESIAN_POINT('',(3.692660718152,5.553332273938));
#3975 = CARTESIAN_POINT('',(3.648539920544,5.549951106477));
#3976 = CARTESIAN_POINT('',(3.603898927944,5.548311959217));
#3977 = CARTESIAN_POINT('',(3.500810557626,5.547388719168));
#3978 = CARTESIAN_POINT('',(3.442036173323,5.548911101244));
#3979 = CARTESIAN_POINT('',(3.382629696456,5.55140048991));
#3980 = CARTESIAN_POINT('',(3.322730830874,5.553931705871));
#3981 = CARTESIAN_POINT('',(3.262476139132,5.555842933236));
#3982 = CARTESIAN_POINT('',(3.202024282334,5.556798153344));
#3983 = CARTESIAN_POINT('',(3.14159265359,5.556798153344));
#3984 = ( GEOMETRIC_REPRESENTATION_CONTEXT(2) 
PARAMETRIC_REPRESENTATION_CONTEXT() REPRESENTATION_CONTEXT('2D SPACE',''
  ) );
#3985 = ADVANCED_FACE('',(#3986),#3350,.T.);
#3986 = FACE_BOUND('',#3987,.T.);
#3987 = EDGE_LOOP('',(#3988));
#3988 = ORIENTED_EDGE('',*,*,#3335,.T.);
#3989 = ADVANCED_FACE('',(#3990),#3406,.T.);
#3990 = FACE_BOUND('',#3991,.T.);
#3991 = EDGE_LOOP('',(#3992));
#3992 = ORIENTED_EDGE('',*,*,#3391,.T.);
#3993 = ADVANCED_FACE('',(#3994),#3630,.T.);
#3994 = FACE_BOUND('',#3995,.T.);
#3995 = EDGE_LOOP('',(#3996,#4019,#4046,#4047,#4048));
#3996 = ORIENTED_EDGE('',*,*,#3997,.T.);
#3997 = EDGE_CURVE('',#3477,#3998,#4000,.T.);
#3998 = VERTEX_POINT('',#3999);
#3999 = CARTESIAN_POINT('',(438.62206108257,-1.347111479062E-15,
    -19.04322614861));
#4000 = SEAM_CURVE('',#4001,(#4005,#4012),.PCURVE_S1.);
#4001 = LINE('',#4002,#4003);
#4002 = CARTESIAN_POINT('',(458.97291038916,-1.347111479062E-15,
    3.670205910319));
#4003 = VECTOR('',#4004,1.);
#4004 = DIRECTION('',(-0.667310165512,0.,-0.744779929243));
#4005 = PCURVE('',#3630,#4006);
#4006 = DEFINITIONAL_REPRESENTATION('',(#4007),#4011);
#4007 = LINE('',#4008,#4009);
#4008 = CARTESIAN_POINT('',(6.28318530718,-0.));
#4009 = VECTOR('',#4010,1.);
#4010 = DIRECTION('',(0.,1.));
#4011 = ( GEOMETRIC_REPRESENTATION_CONTEXT(2) 
PARAMETRIC_REPRESENTATION_CONTEXT() REPRESENTATION_CONTEXT('2D SPACE',''
  ) );
#4012 = PCURVE('',#3630,#4013);
#4013 = DEFINITIONAL_REPRESENTATION('',(#4014),#4018);
#4014 = LINE('',#4015,#4016);
#4015 = CARTESIAN_POINT('',(0.,-0.));
#4016 = VECTOR('',#4017,1.);
#4017 = DIRECTION('',(0.,1.));
#4018 = ( GEOMETRIC_REPRESENTATION_CONTEXT(2) 
PARAMETRIC_REPRESENTATION_CONTEXT() REPRESENTATION_CONTEXT('2D SPACE',''
  ) );
#4019 = ORIENTED_EDGE('',*,*,#4020,.F.);
#4020 = EDGE_CURVE('',#3998,#3998,#4021,.T.);
#4021 = SURFACE_CURVE('',#4022,(#4027,#4034),.PCURVE_S1.);
#4022 = CIRCLE('',#4023,5.5);
#4023 = AXIS2_PLACEMENT_3D('',#4024,#4025,#4026);
#4024 = CARTESIAN_POINT('',(442.71835069341,0.,-22.71343205893));
#4025 = DIRECTION('',(-0.667310165512,0.,-0.744779929243));
#4026 = DIRECTION('',(-0.744779929243,0.,0.667310165512));
#4027 = PCURVE('',#3630,#4028);
#4028 = DEFINITIONAL_REPRESENTATION('',(#4029),#4033);
#4029 = LINE('',#4030,#4031);
#4030 = CARTESIAN_POINT('',(0.,30.496836940821));
#4031 = VECTOR('',#4032,1.);
#4032 = DIRECTION('',(1.,0.));
#4033 = ( GEOMETRIC_REPRESENTATION_CONTEXT(2) 
PARAMETRIC_REPRESENTATION_CONTEXT() REPRESENTATION_CONTEXT('2D SPACE',''
  ) );
#4034 = PCURVE('',#4035,#4040);
#4035 = PLANE('',#4036);
#4036 = AXIS2_PLACEMENT_3D('',#4037,#4038,#4039);
#4037 = CARTESIAN_POINT('',(442.71835069341,0.,-22.71343205893));
#4038 = DIRECTION('',(-0.667310165512,0.,-0.744779929243));
#4039 = DIRECTION('',(-0.744779929243,0.,0.667310165512));
#4040 = DEFINITIONAL_REPRESENTATION('',(#4041),#4045);
#4041 = CIRCLE('',#4042,5.5);
#4042 = AXIS2_PLACEMENT_2D('',#4043,#4044);
#4043 = CARTESIAN_POINT('',(0.,0.));
#4044 = DIRECTION('',(1.,0.));
#4045 = ( GEOMETRIC_REPRESENTATION_CONTEXT(2) 
PARAMETRIC_REPRESENTATION_CONTEXT() REPRESENTATION_CONTEXT('2D SPACE',''
  ) );
#4046 = ORIENTED_EDGE('',*,*,#3997,.F.);
#4047 = ORIENTED_EDGE('',*,*,#3476,.F.);
#4048 = ORIENTED_EDGE('',*,*,#3734,.F.);
#4049 = ADVANCED_FACE('',(#4050),#3464,.T.);
#4050 = FACE_BOUND('',#4051,.T.);
#4051 = EDGE_LOOP('',(#4052,#4081,#4102,#4103));
#4052 = ORIENTED_EDGE('',*,*,#4053,.F.);
#4053 = EDGE_CURVE('',#4054,#4054,#4056,.T.);
#4054 = VERTEX_POINT('',#4055);
#4055 = CARTESIAN_POINT('',(550.5053,-1.714505518806E-15,-7.));
#4056 = SURFACE_CURVE('',#4057,(#4062,#4069),.PCURVE_S1.);
#4057 = CIRCLE('',#4058,7.);
#4058 = AXIS2_PLACEMENT_3D('',#4059,#4060,#4061);
#4059 = CARTESIAN_POINT('',(550.5053,0.,5.97446120354E-15));
#4060 = DIRECTION('',(1.,-0.,2.22044604925E-16));
#4061 = DIRECTION('',(2.22044604925E-16,0.,-1.));
#4062 = PCURVE('',#3464,#4063);
#4063 = DEFINITIONAL_REPRESENTATION('',(#4064),#4068);
#4064 = LINE('',#4065,#4066);
#4065 = CARTESIAN_POINT('',(-0.,-53.8131625));
#4066 = VECTOR('',#4067,1.);
#4067 = DIRECTION('',(-1.,-0.));
#4068 = ( GEOMETRIC_REPRESENTATION_CONTEXT(2) 
PARAMETRIC_REPRESENTATION_CONTEXT() REPRESENTATION_CONTEXT('2D SPACE',''
  ) );
#4069 = PCURVE('',#4070,#4075);
#4070 = PLANE('',#4071);
#4071 = AXIS2_PLACEMENT_3D('',#4072,#4073,#4074);
#4072 = CARTESIAN_POINT('',(550.5053,0.,5.97446120354E-15));
#4073 = DIRECTION('',(1.,0.,2.22044604925E-16));
#4074 = DIRECTION('',(2.22044604925E-16,0.,-1.));
#4075 = DEFINITIONAL_REPRESENTATION('',(#4076),#4080);
#4076 = CIRCLE('',#4077,7.);
#4077 = AXIS2_PLACEMENT_2D('',#4078,#4079);
#4078 = CARTESIAN_POINT('',(0.,0.));
#4079 = DIRECTION('',(1.,0.));
#4080 = ( GEOMETRIC_REPRESENTATION_CONTEXT(2) 
PARAMETRIC_REPRESENTATION_CONTEXT() REPRESENTATION_CONTEXT('2D SPACE',''
  ) );
#4081 = ORIENTED_EDGE('',*,*,#4082,.F.);
#4082 = EDGE_CURVE('',#3427,#4054,#4083,.T.);
#4083 = SEAM_CURVE('',#4084,(#4088,#4095),.PCURVE_S1.);
#4084 = LINE('',#4085,#4086);
#4085 = CARTESIAN_POINT('',(496.6921375,-1.836970198721E-15,-7.5));
#4086 = VECTOR('',#4087,1.);
#4087 = DIRECTION('',(0.999956837672,2.275640166177E-18,
    9.291006058896E-03));
#4088 = PCURVE('',#3464,#4089);
#4089 = DEFINITIONAL_REPRESENTATION('',(#4090),#4094);
#4090 = LINE('',#4091,#4092);
#4091 = CARTESIAN_POINT('',(-6.28318530718,0.));
#4092 = VECTOR('',#4093,1.);
#4093 = DIRECTION('',(-0.,-1.));
#4094 = ( GEOMETRIC_REPRESENTATION_CONTEXT(2) 
PARAMETRIC_REPRESENTATION_CONTEXT() REPRESENTATION_CONTEXT('2D SPACE',''
  ) );
#4095 = PCURVE('',#3464,#4096);
#4096 = DEFINITIONAL_REPRESENTATION('',(#4097),#4101);
#4097 = LINE('',#4098,#4099);
#4098 = CARTESIAN_POINT('',(0.,-0.));
#4099 = VECTOR('',#4100,1.);
#4100 = DIRECTION('',(-0.,-1.));
#4101 = ( GEOMETRIC_REPRESENTATION_CONTEXT(2) 
PARAMETRIC_REPRESENTATION_CONTEXT() REPRESENTATION_CONTEXT('2D SPACE',''
  ) );
#4102 = ORIENTED_EDGE('',*,*,#3449,.T.);
#4103 = ORIENTED_EDGE('',*,*,#4082,.T.);
#4104 = ADVANCED_FACE('',(#4105),#4035,.T.);
#4105 = FACE_BOUND('',#4106,.T.);
#4106 = EDGE_LOOP('',(#4107));
#4107 = ORIENTED_EDGE('',*,*,#4020,.T.);
#4108 = ADVANCED_FACE('',(#4109),#4070,.T.);
#4109 = FACE_BOUND('',#4110,.T.);
#4110 = EDGE_LOOP('',(#4111));
#4111 = ORIENTED_EDGE('',*,*,#4053,.T.);
#4112 = ( GEOMETRIC_REPRESENTATION_CONTEXT(3) 
GLOBAL_UNCERTAINTY_ASSIGNED_CONTEXT((#4116)) 
GLOBAL_UNIT_ASSIGNED_CONTEXT((#4113,#4114,#4115)) REPRESENTATION_CONTEXT
('Context #1','3D Context with UNIT and UNCERTAINTY') );
#4113 = ( LENGTH_UNIT() NAMED_UNIT(*) SI_UNIT(.MILLI.,.METRE.) );
#4114 = ( NAMED_UNIT(*) PLANE_ANGLE_UNIT() SI_UNIT($,.RADIAN.) );
#4115 = ( NAMED_UNIT(*) SI_UNIT($,.STERADIAN.) SOLID_ANGLE_UNIT() );
#4116 = UNCERTAINTY_MEASURE_WITH_UNIT(LENGTH_MEASURE(1.E-07),#4113,
  'distance_accuracy_value','confusion accuracy');
#4117 = PRODUCT_RELATED_PRODUCT_CATEGORY('part',$,(#7));
ENDSEC;
END-ISO-10303-21;
