ISO-10303-21;
HEADER;
FILE_DESCRIPTION(('Open CASCADE Model'),'2;1');
FILE_NAME('right_shell_print','2026-07-03T13:00:36',('Author'),(
    'Open CASCADE'),'Open CASCADE STEP processor 7.9','build123d',
  'Unknown');
FILE_SCHEMA(('AUTOMOTIVE_DESIGN { 1 0 10303 214 1 1 1 1 }'));
ENDSEC;
DATA;
#1 = APPLICATION_PROTOCOL_DEFINITION('international standard',
  'automotive_design',2000,#2);
#2 = APPLICATION_CONTEXT(
  'core data for automotive mechanical design processes');
#3 = SHAPE_DEFINITION_REPRESENTATION(#4,#10);
#4 = PRODUCT_DEFINITION_SHAPE('','',#5);
#5 = PRODUCT_DEFINITION('design','',#6,#9);
#6 = PRODUCT_DEFINITION_FORMATION('','',#7);
#7 = PRODUCT('right_shell_print','right_shell_print','',(#8));
#8 = PRODUCT_CONTEXT('',#2,'mechanical');
#9 = PRODUCT_DEFINITION_CONTEXT('part definition',#2,'design');
#10 = SHAPE_REPRESENTATION('',(#11,#15),#19);
#11 = AXIS2_PLACEMENT_3D('',#12,#13,#14);
#12 = CARTESIAN_POINT('',(0.,0.,0.));
#13 = DIRECTION('',(0.,0.,1.));
#14 = DIRECTION('',(1.,0.,-0.));
#15 = AXIS2_PLACEMENT_3D('',#16,#17,#18);
#16 = CARTESIAN_POINT('',(0.,0.,15.));
#17 = DIRECTION('',(0.,-1.,1.110223024625E-16));
#18 = DIRECTION('',(1.,0.,0.));
#19 = ( GEOMETRIC_REPRESENTATION_CONTEXT(3) 
GLOBAL_UNCERTAINTY_ASSIGNED_CONTEXT((#23)) GLOBAL_UNIT_ASSIGNED_CONTEXT(
(#20,#21,#22)) REPRESENTATION_CONTEXT('Context #1',
  '3D Context with UNIT and UNCERTAINTY') );
#20 = ( LENGTH_UNIT() NAMED_UNIT(*) SI_UNIT(.MILLI.,.METRE.) );
#21 = ( NAMED_UNIT(*) PLANE_ANGLE_UNIT() SI_UNIT($,.RADIAN.) );
#22 = ( NAMED_UNIT(*) SI_UNIT($,.STERADIAN.) SOLID_ANGLE_UNIT() );
#23 = UNCERTAINTY_MEASURE_WITH_UNIT(LENGTH_MEASURE(1.E-07),#20,
  'distance_accuracy_value','confusion accuracy');
#24 = PRODUCT_RELATED_PRODUCT_CATEGORY('part',$,(#7));
#25 = SHAPE_DEFINITION_REPRESENTATION(#26,#32);
#26 = PRODUCT_DEFINITION_SHAPE('','',#27);
#27 = PRODUCT_DEFINITION('design','',#28,#31);
#28 = PRODUCT_DEFINITION_FORMATION('','',#29);
#29 = PRODUCT('right_shell_print','right_shell_print','',(#30));
#30 = PRODUCT_CONTEXT('',#2,'mechanical');
#31 = PRODUCT_DEFINITION_CONTEXT('part definition',#2,'design');
#32 = ADVANCED_BREP_SHAPE_REPRESENTATION('',(#11,#33),#3920);
#33 = MANIFOLD_SOLID_BREP('',#34);
#34 = CLOSED_SHELL('',(#35,#255,#453,#556,#605,#652,#866,#1077,#1585,
    #1610,#1920,#1948,#1953,#2096,#2123,#2148,#2175,#2247,#2297,#2679,
    #2706,#2826,#2938,#2989,#3101,#3128,#3243,#3268,#3293,#3320,#3350,
    #3405,#3432,#3439,#3486,#3568,#3595,#3642,#3694,#3701,#3756,#3811,
    #3818,#3858,#3898,#3905,#3912,#3916));
#35 = ADVANCED_FACE('',(#36),#50,.T.);
#36 = FACE_BOUND('',#37,.T.);
#37 = EDGE_LOOP('',(#38,#73,#99,#127,#153,#179,#205,#231));
#38 = ORIENTED_EDGE('',*,*,#39,.T.);
#39 = EDGE_CURVE('',#40,#42,#44,.T.);
#40 = VERTEX_POINT('',#41);
#41 = CARTESIAN_POINT('',(215.,-3.208574613766E-15,1.2));
#42 = VERTEX_POINT('',#43);
#43 = CARTESIAN_POINT('',(235.4,-3.208574613766E-15,1.2));
#44 = SURFACE_CURVE('',#45,(#49,#61),.PCURVE_S1.);
#45 = LINE('',#46,#47);
#46 = CARTESIAN_POINT('',(215.,-3.208574613766E-15,1.2));
#47 = VECTOR('',#48,1.);
#48 = DIRECTION('',(1.,0.,2.22044604925E-16));
#49 = PCURVE('',#50,#55);
#50 = PLANE('',#51);
#51 = AXIS2_PLACEMENT_3D('',#52,#53,#54);
#52 = CARTESIAN_POINT('',(-500.,0.,-500.));
#53 = DIRECTION('',(-0.,1.,0.));
#54 = DIRECTION('',(0.,0.,1.));
#55 = DEFINITIONAL_REPRESENTATION('',(#56),#60);
#56 = LINE('',#57,#58);
#57 = CARTESIAN_POINT('',(501.2,715.));
#58 = VECTOR('',#59,1.);
#59 = DIRECTION('',(2.22044604925E-16,1.));
#60 = ( GEOMETRIC_REPRESENTATION_CONTEXT(2) 
PARAMETRIC_REPRESENTATION_CONTEXT() REPRESENTATION_CONTEXT('2D SPACE',''
  ) );
#61 = PCURVE('',#62,#67);
#62 = CYLINDRICAL_SURFACE('',#63,13.1);
#63 = AXIS2_PLACEMENT_3D('',#64,#65,#66);
#64 = CARTESIAN_POINT('',(215.,0.,14.3));
#65 = DIRECTION('',(1.,0.,2.22044604925E-16));
#66 = DIRECTION('',(2.22044604925E-16,0.,-1.));
#67 = DEFINITIONAL_REPRESENTATION('',(#68),#72);
#68 = LINE('',#69,#70);
#69 = CARTESIAN_POINT('',(6.28318530718,-0.));
#70 = VECTOR('',#71,1.);
#71 = DIRECTION('',(0.,1.));
#72 = ( GEOMETRIC_REPRESENTATION_CONTEXT(2) 
PARAMETRIC_REPRESENTATION_CONTEXT() REPRESENTATION_CONTEXT('2D SPACE',''
  ) );
#73 = ORIENTED_EDGE('',*,*,#74,.F.);
#74 = EDGE_CURVE('',#75,#42,#77,.T.);
#75 = VERTEX_POINT('',#76);
#76 = CARTESIAN_POINT('',(235.4,-2.694222958124E-15,3.3));
#77 = SURFACE_CURVE('',#78,(#82,#88),.PCURVE_S1.);
#78 = LINE('',#79,#80);
#79 = CARTESIAN_POINT('',(235.4,0.,-242.85));
#80 = VECTOR('',#81,1.);
#81 = DIRECTION('',(2.22044604925E-16,0.,-1.));
#82 = PCURVE('',#50,#83);
#83 = DEFINITIONAL_REPRESENTATION('',(#84),#87);
#84 = B_SPLINE_CURVE_WITH_KNOTS('',1,(#85,#86),.UNSPECIFIED.,.F.,.F.,(2,
    2),(-270.25,-244.05),.PIECEWISE_BEZIER_KNOTS.);
#85 = CARTESIAN_POINT('',(527.4,735.4));
#86 = CARTESIAN_POINT('',(501.2,735.4));
#87 = ( GEOMETRIC_REPRESENTATION_CONTEXT(2) 
PARAMETRIC_REPRESENTATION_CONTEXT() REPRESENTATION_CONTEXT('2D SPACE',''
  ) );
#88 = PCURVE('',#89,#94);
#89 = PLANE('',#90);
#90 = AXIS2_PLACEMENT_3D('',#91,#92,#93);
#91 = CARTESIAN_POINT('',(235.4,0.,14.3));
#92 = DIRECTION('',(1.,0.,2.22044604925E-16));
#93 = DIRECTION('',(2.22044604925E-16,0.,-1.));
#94 = DEFINITIONAL_REPRESENTATION('',(#95),#98);
#95 = B_SPLINE_CURVE_WITH_KNOTS('',1,(#96,#97),.UNSPECIFIED.,.F.,.F.,(2,
    2),(-270.25,-244.05),.PIECEWISE_BEZIER_KNOTS.);
#96 = CARTESIAN_POINT('',(-13.1,0.));
#97 = CARTESIAN_POINT('',(13.1,0.));
#98 = ( GEOMETRIC_REPRESENTATION_CONTEXT(2) 
PARAMETRIC_REPRESENTATION_CONTEXT() REPRESENTATION_CONTEXT('2D SPACE',''
  ) );
#99 = ORIENTED_EDGE('',*,*,#100,.T.);
#100 = EDGE_CURVE('',#75,#101,#103,.T.);
#101 = VERTEX_POINT('',#102);
#102 = CARTESIAN_POINT('',(262.56513925461,-2.694222958124E-15,3.3));
#103 = SURFACE_CURVE('',#104,(#108,#115),.PCURVE_S1.);
#104 = LINE('',#105,#106);
#105 = CARTESIAN_POINT('',(84.,-2.694222958124E-15,3.3));
#106 = VECTOR('',#107,1.);
#107 = DIRECTION('',(1.,0.,2.22044604925E-16));
#108 = PCURVE('',#50,#109);
#109 = DEFINITIONAL_REPRESENTATION('',(#110),#114);
#110 = LINE('',#111,#112);
#111 = CARTESIAN_POINT('',(503.3,584.));
#112 = VECTOR('',#113,1.);
#113 = DIRECTION('',(2.22044604925E-16,1.));
#114 = ( GEOMETRIC_REPRESENTATION_CONTEXT(2) 
PARAMETRIC_REPRESENTATION_CONTEXT() REPRESENTATION_CONTEXT('2D SPACE',''
  ) );
#115 = PCURVE('',#116,#121);
#116 = CYLINDRICAL_SURFACE('',#117,11.);
#117 = AXIS2_PLACEMENT_3D('',#118,#119,#120);
#118 = CARTESIAN_POINT('',(84.,0.,14.3));
#119 = DIRECTION('',(1.,0.,2.22044604925E-16));
#120 = DIRECTION('',(2.22044604925E-16,0.,-1.));
#121 = DEFINITIONAL_REPRESENTATION('',(#122),#126);
#122 = LINE('',#123,#124);
#123 = CARTESIAN_POINT('',(6.28318530718,-0.));
#124 = VECTOR('',#125,1.);
#125 = DIRECTION('',(0.,1.));
#126 = ( GEOMETRIC_REPRESENTATION_CONTEXT(2) 
PARAMETRIC_REPRESENTATION_CONTEXT() REPRESENTATION_CONTEXT('2D SPACE',''
  ) );
#127 = ORIENTED_EDGE('',*,*,#128,.F.);
#128 = EDGE_CURVE('',#129,#101,#131,.T.);
#129 = VERTEX_POINT('',#130);
#130 = CARTESIAN_POINT('',(262.56513925461,7.347880794884E-16,0.));
#131 = SURFACE_CURVE('',#132,(#136,#142),.PCURVE_S1.);
#132 = LINE('',#133,#134);
#133 = CARTESIAN_POINT('',(262.56513925461,0.,-3.5));
#134 = VECTOR('',#135,1.);
#135 = DIRECTION('',(0.,0.,1.));
#136 = PCURVE('',#50,#137);
#137 = DEFINITIONAL_REPRESENTATION('',(#138),#141);
#138 = B_SPLINE_CURVE_WITH_KNOTS('',1,(#139,#140),.UNSPECIFIED.,.F.,.F.,
  (2,2),(3.4999994,8.580456142707),.PIECEWISE_BEZIER_KNOTS.);
#139 = CARTESIAN_POINT('',(499.9999994,762.56513925461));
#140 = CARTESIAN_POINT('',(505.0804561427,762.56513925461));
#141 = ( GEOMETRIC_REPRESENTATION_CONTEXT(2) 
PARAMETRIC_REPRESENTATION_CONTEXT() REPRESENTATION_CONTEXT('2D SPACE',''
  ) );
#142 = PCURVE('',#143,#148);
#143 = CYLINDRICAL_SURFACE('',#144,6.);
#144 = AXIS2_PLACEMENT_3D('',#145,#146,#147);
#145 = CARTESIAN_POINT('',(268.56513925461,0.,-3.5));
#146 = DIRECTION('',(0.,0.,1.));
#147 = DIRECTION('',(1.,0.,-0.));
#148 = DEFINITIONAL_REPRESENTATION('',(#149),#152);
#149 = B_SPLINE_CURVE_WITH_KNOTS('',1,(#150,#151),.UNSPECIFIED.,.F.,.F.,
  (2,2),(3.4999994,8.580456142707),.PIECEWISE_BEZIER_KNOTS.);
#150 = CARTESIAN_POINT('',(3.14159265359,3.4999994));
#151 = CARTESIAN_POINT('',(3.14159265359,8.580456142707));
#152 = ( GEOMETRIC_REPRESENTATION_CONTEXT(2) 
PARAMETRIC_REPRESENTATION_CONTEXT() REPRESENTATION_CONTEXT('2D SPACE',''
  ) );
#153 = ORIENTED_EDGE('',*,*,#154,.F.);
#154 = EDGE_CURVE('',#155,#129,#157,.T.);
#155 = VERTEX_POINT('',#156);
#156 = CARTESIAN_POINT('',(237.,0.,0.));
#157 = SURFACE_CURVE('',#158,(#162,#168),.PCURVE_S1.);
#158 = LINE('',#159,#160);
#159 = CARTESIAN_POINT('',(-222.,0.,0.));
#160 = VECTOR('',#161,1.);
#161 = DIRECTION('',(1.,0.,-0.));
#162 = PCURVE('',#50,#163);
#163 = DEFINITIONAL_REPRESENTATION('',(#164),#167);
#164 = B_SPLINE_CURVE_WITH_KNOTS('',1,(#165,#166),.UNSPECIFIED.,.F.,.F.,
  (2,2),(459.,566.4),.PIECEWISE_BEZIER_KNOTS.);
#165 = CARTESIAN_POINT('',(500.,737.));
#166 = CARTESIAN_POINT('',(500.,844.4));
#167 = ( GEOMETRIC_REPRESENTATION_CONTEXT(2) 
PARAMETRIC_REPRESENTATION_CONTEXT() REPRESENTATION_CONTEXT('2D SPACE',''
  ) );
#168 = PCURVE('',#169,#174);
#169 = PLANE('',#170);
#170 = AXIS2_PLACEMENT_3D('',#171,#172,#173);
#171 = CARTESIAN_POINT('',(56.,-15.,0.));
#172 = DIRECTION('',(0.,0.,1.));
#173 = DIRECTION('',(1.,0.,-0.));
#174 = DEFINITIONAL_REPRESENTATION('',(#175),#178);
#175 = B_SPLINE_CURVE_WITH_KNOTS('',1,(#176,#177),.UNSPECIFIED.,.F.,.F.,
  (2,2),(459.,566.4),.PIECEWISE_BEZIER_KNOTS.);
#176 = CARTESIAN_POINT('',(181.,15.));
#177 = CARTESIAN_POINT('',(288.4,15.));
#178 = ( GEOMETRIC_REPRESENTATION_CONTEXT(2) 
PARAMETRIC_REPRESENTATION_CONTEXT() REPRESENTATION_CONTEXT('2D SPACE',''
  ) );
#179 = ORIENTED_EDGE('',*,*,#180,.T.);
#180 = EDGE_CURVE('',#155,#181,#183,.T.);
#181 = VERTEX_POINT('',#182);
#182 = CARTESIAN_POINT('',(237.,0.,-1.));
#183 = SURFACE_CURVE('',#184,(#188,#194),.PCURVE_S1.);
#184 = LINE('',#185,#186);
#185 = CARTESIAN_POINT('',(237.,0.,-250.5));
#186 = VECTOR('',#187,1.);
#187 = DIRECTION('',(-0.,0.,-1.));
#188 = PCURVE('',#50,#189);
#189 = DEFINITIONAL_REPRESENTATION('',(#190),#193);
#190 = B_SPLINE_CURVE_WITH_KNOTS('',1,(#191,#192),.UNSPECIFIED.,.F.,.F.,
  (2,2),(-250.5,-249.5),.PIECEWISE_BEZIER_KNOTS.);
#191 = CARTESIAN_POINT('',(500.,737.));
#192 = CARTESIAN_POINT('',(499.,737.));
#193 = ( GEOMETRIC_REPRESENTATION_CONTEXT(2) 
PARAMETRIC_REPRESENTATION_CONTEXT() REPRESENTATION_CONTEXT('2D SPACE',''
  ) );
#194 = PCURVE('',#195,#200);
#195 = PLANE('',#196);
#196 = AXIS2_PLACEMENT_3D('',#197,#198,#199);
#197 = CARTESIAN_POINT('',(237.,-15.,-1.));
#198 = DIRECTION('',(1.,0.,-0.));
#199 = DIRECTION('',(0.,0.,1.));
#200 = DEFINITIONAL_REPRESENTATION('',(#201),#204);
#201 = B_SPLINE_CURVE_WITH_KNOTS('',1,(#202,#203),.UNSPECIFIED.,.F.,.F.,
  (2,2),(-250.5,-249.5),.PIECEWISE_BEZIER_KNOTS.);
#202 = CARTESIAN_POINT('',(1.,-15.));
#203 = CARTESIAN_POINT('',(0.,-15.));
#204 = ( GEOMETRIC_REPRESENTATION_CONTEXT(2) 
PARAMETRIC_REPRESENTATION_CONTEXT() REPRESENTATION_CONTEXT('2D SPACE',''
  ) );
#205 = ORIENTED_EDGE('',*,*,#206,.F.);
#206 = EDGE_CURVE('',#207,#181,#209,.T.);
#207 = VERTEX_POINT('',#208);
#208 = CARTESIAN_POINT('',(215.,0.,-1.));
#209 = SURFACE_CURVE('',#210,(#214,#220),.PCURVE_S1.);
#210 = LINE('',#211,#212);
#211 = CARTESIAN_POINT('',(-142.5,0.,-1.));
#212 = VECTOR('',#213,1.);
#213 = DIRECTION('',(1.,0.,-0.));
#214 = PCURVE('',#50,#215);
#215 = DEFINITIONAL_REPRESENTATION('',(#216),#219);
#216 = B_SPLINE_CURVE_WITH_KNOTS('',1,(#217,#218),.UNSPECIFIED.,.F.,.F.,
  (2,2),(357.5,379.5),.PIECEWISE_BEZIER_KNOTS.);
#217 = CARTESIAN_POINT('',(499.,715.));
#218 = CARTESIAN_POINT('',(499.,737.));
#219 = ( GEOMETRIC_REPRESENTATION_CONTEXT(2) 
PARAMETRIC_REPRESENTATION_CONTEXT() REPRESENTATION_CONTEXT('2D SPACE',''
  ) );
#220 = PCURVE('',#221,#226);
#221 = PLANE('',#222);
#222 = AXIS2_PLACEMENT_3D('',#223,#224,#225);
#223 = CARTESIAN_POINT('',(215.,-15.,-1.));
#224 = DIRECTION('',(0.,0.,1.));
#225 = DIRECTION('',(1.,0.,-0.));
#226 = DEFINITIONAL_REPRESENTATION('',(#227),#230);
#227 = B_SPLINE_CURVE_WITH_KNOTS('',1,(#228,#229),.UNSPECIFIED.,.F.,.F.,
  (2,2),(357.5,379.5),.PIECEWISE_BEZIER_KNOTS.);
#228 = CARTESIAN_POINT('',(0.,15.));
#229 = CARTESIAN_POINT('',(22.,15.));
#230 = ( GEOMETRIC_REPRESENTATION_CONTEXT(2) 
PARAMETRIC_REPRESENTATION_CONTEXT() REPRESENTATION_CONTEXT('2D SPACE',''
  ) );
#231 = ORIENTED_EDGE('',*,*,#232,.F.);
#232 = EDGE_CURVE('',#40,#207,#233,.T.);
#233 = SURFACE_CURVE('',#234,(#238,#244),.PCURVE_S1.);
#234 = LINE('',#235,#236);
#235 = CARTESIAN_POINT('',(215.,0.,-500.));
#236 = VECTOR('',#237,1.);
#237 = DIRECTION('',(-0.,0.,-1.));
#238 = PCURVE('',#50,#239);
#239 = DEFINITIONAL_REPRESENTATION('',(#240),#243);
#240 = B_SPLINE_CURVE_WITH_KNOTS('',1,(#241,#242),.UNSPECIFIED.,.F.,.F.,
  (2,2),(-531.,-499.),.PIECEWISE_BEZIER_KNOTS.);
#241 = CARTESIAN_POINT('',(531.,715.));
#242 = CARTESIAN_POINT('',(499.,715.));
#243 = ( GEOMETRIC_REPRESENTATION_CONTEXT(2) 
PARAMETRIC_REPRESENTATION_CONTEXT() REPRESENTATION_CONTEXT('2D SPACE',''
  ) );
#244 = PCURVE('',#245,#250);
#245 = PLANE('',#246);
#246 = AXIS2_PLACEMENT_3D('',#247,#248,#249);
#247 = CARTESIAN_POINT('',(215.,-500.,-500.));
#248 = DIRECTION('',(1.,0.,-0.));
#249 = DIRECTION('',(0.,0.,1.));
#250 = DEFINITIONAL_REPRESENTATION('',(#251),#254);
#251 = B_SPLINE_CURVE_WITH_KNOTS('',1,(#252,#253),.UNSPECIFIED.,.F.,.F.,
  (2,2),(-531.,-499.),.PIECEWISE_BEZIER_KNOTS.);
#252 = CARTESIAN_POINT('',(531.,-500.));
#253 = CARTESIAN_POINT('',(499.,-500.));
#254 = ( GEOMETRIC_REPRESENTATION_CONTEXT(2) 
PARAMETRIC_REPRESENTATION_CONTEXT() REPRESENTATION_CONTEXT('2D SPACE',''
  ) );
#255 = ADVANCED_FACE('',(#256),#62,.F.);
#256 = FACE_BOUND('',#257,.F.);
#257 = EDGE_LOOP('',(#258,#259,#283,#309,#349,#375,#410,#431));
#258 = ORIENTED_EDGE('',*,*,#39,.T.);
#259 = ORIENTED_EDGE('',*,*,#260,.F.);
#260 = EDGE_CURVE('',#261,#42,#263,.T.);
#261 = VERTEX_POINT('',#262);
#262 = CARTESIAN_POINT('',(235.4,1.604287306883E-15,27.4));
#263 = SURFACE_CURVE('',#264,(#269,#276),.PCURVE_S1.);
#264 = CIRCLE('',#265,13.1);
#265 = AXIS2_PLACEMENT_3D('',#266,#267,#268);
#266 = CARTESIAN_POINT('',(235.4,0.,14.3));
#267 = DIRECTION('',(1.,-0.,2.22044604925E-16));
#268 = DIRECTION('',(2.22044604925E-16,0.,-1.));
#269 = PCURVE('',#62,#270);
#270 = DEFINITIONAL_REPRESENTATION('',(#271),#275);
#271 = LINE('',#272,#273);
#272 = CARTESIAN_POINT('',(0.,20.4));
#273 = VECTOR('',#274,1.);
#274 = DIRECTION('',(1.,0.));
#275 = ( GEOMETRIC_REPRESENTATION_CONTEXT(2) 
PARAMETRIC_REPRESENTATION_CONTEXT() REPRESENTATION_CONTEXT('2D SPACE',''
  ) );
#276 = PCURVE('',#89,#277);
#277 = DEFINITIONAL_REPRESENTATION('',(#278),#282);
#278 = CIRCLE('',#279,13.1);
#279 = AXIS2_PLACEMENT_2D('',#280,#281);
#280 = CARTESIAN_POINT('',(0.,0.));
#281 = DIRECTION('',(1.,0.));
#282 = ( GEOMETRIC_REPRESENTATION_CONTEXT(2) 
PARAMETRIC_REPRESENTATION_CONTEXT() REPRESENTATION_CONTEXT('2D SPACE',''
  ) );
#283 = ORIENTED_EDGE('',*,*,#284,.F.);
#284 = EDGE_CURVE('',#285,#261,#287,.T.);
#285 = VERTEX_POINT('',#286);
#286 = CARTESIAN_POINT('',(231.23389626792,-2.22044604925E-17,27.4));
#287 = SURFACE_CURVE('',#288,(#292,#298),.PCURVE_S1.);
#288 = LINE('',#289,#290);
#289 = CARTESIAN_POINT('',(215.,0.,27.4));
#290 = VECTOR('',#291,1.);
#291 = DIRECTION('',(1.,0.,2.22044604925E-16));
#292 = PCURVE('',#62,#293);
#293 = DEFINITIONAL_REPRESENTATION('',(#294),#297);
#294 = B_SPLINE_CURVE_WITH_KNOTS('',1,(#295,#296),.UNSPECIFIED.,.F.,.F.,
  (2,2),(-5.999999928008E-07,20.4000006),.PIECEWISE_BEZIER_KNOTS.);
#295 = CARTESIAN_POINT('',(3.14159265359,-5.99999989892E-07));
#296 = CARTESIAN_POINT('',(3.14159265359,20.4000006));
#297 = ( GEOMETRIC_REPRESENTATION_CONTEXT(2) 
PARAMETRIC_REPRESENTATION_CONTEXT() REPRESENTATION_CONTEXT('2D SPACE',''
  ) );
#298 = PCURVE('',#299,#304);
#299 = PLANE('',#300);
#300 = AXIS2_PLACEMENT_3D('',#301,#302,#303);
#301 = CARTESIAN_POINT('',(-500.,0.,-500.));
#302 = DIRECTION('',(-0.,1.,0.));
#303 = DIRECTION('',(0.,0.,1.));
#304 = DEFINITIONAL_REPRESENTATION('',(#305),#308);
#305 = B_SPLINE_CURVE_WITH_KNOTS('',1,(#306,#307),.UNSPECIFIED.,.F.,.F.,
  (2,2),(-5.999999928008E-07,20.4000006),.PIECEWISE_BEZIER_KNOTS.);
#306 = CARTESIAN_POINT('',(527.4,714.9999994));
#307 = CARTESIAN_POINT('',(527.4,735.4000006));
#308 = ( GEOMETRIC_REPRESENTATION_CONTEXT(2) 
PARAMETRIC_REPRESENTATION_CONTEXT() REPRESENTATION_CONTEXT('2D SPACE',''
  ) );
#309 = ORIENTED_EDGE('',*,*,#310,.F.);
#310 = EDGE_CURVE('',#311,#285,#313,.T.);
#311 = VERTEX_POINT('',#312);
#312 = CARTESIAN_POINT('',(231.18889119371,-2.2,27.213945950019));
#313 = SURFACE_CURVE('',#314,(#322,#333),.PCURVE_S1.);
#314 = B_SPLINE_CURVE_WITH_KNOTS('',6,(#315,#316,#317,#318,#319,#320,
    #321),.UNSPECIFIED.,.F.,.F.,(7,7),(0.,1.),.PIECEWISE_BEZIER_KNOTS.);
#315 = CARTESIAN_POINT('',(231.18889116052,-2.2000006,27.213945847803));
#316 = CARTESIAN_POINT('',(231.2089693895,-1.837043384414,
    27.275778699007));
#317 = CARTESIAN_POINT('',(231.2208571836,-1.471098853623,
    27.325523590698));
#318 = CARTESIAN_POINT('',(231.22785878486,-1.104049920595,
    27.362743411309));
#319 = CARTESIAN_POINT('',(231.23187951253,-0.736522947676,
    27.387560431283));
#320 = CARTESIAN_POINT('',(231.23389626792,-0.368511151719,27.4));
#321 = CARTESIAN_POINT('',(231.23389626792,1.7763568394E-15,27.4));
#322 = PCURVE('',#62,#323);
#323 = DEFINITIONAL_REPRESENTATION('',(#324),#332);
#324 = B_SPLINE_CURVE_WITH_KNOTS('',6,(#325,#326,#327,#328,#329,#330,
    #331),.UNSPECIFIED.,.F.,.F.,(7,7),(0.,1.),.PIECEWISE_BEZIER_KNOTS.);
#325 = CARTESIAN_POINT('',(3.310331232209,16.188891160524));
#326 = CARTESIAN_POINT('',(3.282225398418,16.208969389501));
#327 = CARTESIAN_POINT('',(3.25404975253,16.220857183605));
#328 = CARTESIAN_POINT('',(3.225911457176,16.227858784864));
#329 = CARTESIAN_POINT('',(3.197815747928,16.231879512532));
#330 = CARTESIAN_POINT('',(3.169723275858,16.233896267925));
#331 = CARTESIAN_POINT('',(3.14159265359,16.233896267925));
#332 = ( GEOMETRIC_REPRESENTATION_CONTEXT(2) 
PARAMETRIC_REPRESENTATION_CONTEXT() REPRESENTATION_CONTEXT('2D SPACE',''
  ) );
#333 = PCURVE('',#334,#339);
#334 = CYLINDRICAL_SURFACE('',#335,1.25);
#335 = AXIS2_PLACEMENT_3D('',#336,#337,#338);
#336 = CARTESIAN_POINT('',(230.,0.,27.6));
#337 = DIRECTION('',(0.,-1.,2.22044604925E-16));
#338 = DIRECTION('',(1.,0.,0.));
#339 = DEFINITIONAL_REPRESENTATION('',(#340),#348);
#340 = B_SPLINE_CURVE_WITH_KNOTS('',6,(#341,#342,#343,#344,#345,#346,
    #347),.UNSPECIFIED.,.F.,.F.,(7,7),(2.755145670705E-07,1.),
  .PIECEWISE_BEZIER_KNOTS.);
#341 = CARTESIAN_POINT('',(5.969208732577,2.2));
#342 = CARTESIAN_POINT('',(6.021217543681,1.837042880299));
#343 = CARTESIAN_POINT('',(6.06200609441,1.471098449113));
#344 = CARTESIAN_POINT('',(6.092303887779,1.104049616817));
#345 = CARTESIAN_POINT('',(6.112412074469,0.73652274489));
#346 = CARTESIAN_POINT('',(6.122494654228,0.368511050189));
#347 = CARTESIAN_POINT('',(6.122494654228,-1.648696227868E-15));
#348 = ( GEOMETRIC_REPRESENTATION_CONTEXT(2) 
PARAMETRIC_REPRESENTATION_CONTEXT() REPRESENTATION_CONTEXT('2D SPACE',''
  ) );
#349 = ORIENTED_EDGE('',*,*,#350,.F.);
#350 = EDGE_CURVE('',#351,#311,#353,.T.);
#351 = VERTEX_POINT('',#352);
#352 = CARTESIAN_POINT('',(228.81110880628,-2.2,27.213945950019));
#353 = SURFACE_CURVE('',#354,(#358,#364),.PCURVE_S1.);
#354 = LINE('',#355,#356);
#355 = CARTESIAN_POINT('',(215.,-2.2,27.213945950019));
#356 = VECTOR('',#357,1.);
#357 = DIRECTION('',(1.,0.,2.22044604925E-16));
#358 = PCURVE('',#62,#359);
#359 = DEFINITIONAL_REPRESENTATION('',(#360),#363);
#360 = B_SPLINE_CURVE_WITH_KNOTS('',1,(#361,#362),.UNSPECIFIED.,.F.,.F.,
  (2,2),(13.5,16.5),.PIECEWISE_BEZIER_KNOTS.);
#361 = CARTESIAN_POINT('',(3.310331185748,13.5));
#362 = CARTESIAN_POINT('',(3.310331185748,16.5));
#363 = ( GEOMETRIC_REPRESENTATION_CONTEXT(2) 
PARAMETRIC_REPRESENTATION_CONTEXT() REPRESENTATION_CONTEXT('2D SPACE',''
  ) );
#364 = PCURVE('',#365,#370);
#365 = PLANE('',#366);
#366 = AXIS2_PLACEMENT_3D('',#367,#368,#369);
#367 = CARTESIAN_POINT('',(230.,-2.2,27.6));
#368 = DIRECTION('',(0.,-1.,2.22044604925E-16));
#369 = DIRECTION('',(1.,0.,0.));
#370 = DEFINITIONAL_REPRESENTATION('',(#371),#374);
#371 = B_SPLINE_CURVE_WITH_KNOTS('',1,(#372,#373),.UNSPECIFIED.,.F.,.F.,
  (2,2),(13.5,16.5),.PIECEWISE_BEZIER_KNOTS.);
#372 = CARTESIAN_POINT('',(-1.5,-0.386054049981));
#373 = CARTESIAN_POINT('',(1.5,-0.386054049981));
#374 = ( GEOMETRIC_REPRESENTATION_CONTEXT(2) 
PARAMETRIC_REPRESENTATION_CONTEXT() REPRESENTATION_CONTEXT('2D SPACE',''
  ) );
#375 = ORIENTED_EDGE('',*,*,#376,.F.);
#376 = EDGE_CURVE('',#377,#351,#379,.T.);
#377 = VERTEX_POINT('',#378);
#378 = CARTESIAN_POINT('',(228.76610373207,-2.22044604925E-17,27.4));
#379 = SURFACE_CURVE('',#380,(#388,#399),.PCURVE_S1.);
#380 = B_SPLINE_CURVE_WITH_KNOTS('',6,(#381,#382,#383,#384,#385,#386,
    #387),.UNSPECIFIED.,.F.,.F.,(7,7),(0.,1.),.PIECEWISE_BEZIER_KNOTS.);
#381 = CARTESIAN_POINT('',(228.76610373207,1.7763568394E-15,27.4));
#382 = CARTESIAN_POINT('',(228.76610373207,-0.36850590393,27.4));
#383 = CARTESIAN_POINT('',(228.76812040768,-0.73651583233,
    27.387560783754));
#384 = CARTESIAN_POINT('',(228.77214117805,-1.104047072745,
    27.362744047001));
#385 = CARTESIAN_POINT('',(228.77914267093,-1.471103674335,
    27.325523393739));
#386 = CARTESIAN_POINT('',(228.79103111014,-1.837052416581,
    27.275777160301));
#387 = CARTESIAN_POINT('',(228.81110883947,-2.2000006,27.213945847803));
#388 = PCURVE('',#62,#389);
#389 = DEFINITIONAL_REPRESENTATION('',(#390),#398);
#390 = B_SPLINE_CURVE_WITH_KNOTS('',6,(#391,#392,#393,#394,#395,#396,
    #397),.UNSPECIFIED.,.F.,.F.,(7,7),(0.,1.),.PIECEWISE_BEZIER_KNOTS.);
#391 = CARTESIAN_POINT('',(3.14159265359,13.766103732075));
#392 = CARTESIAN_POINT('',(3.169722875264,13.766103732075));
#393 = CARTESIAN_POINT('',(3.197815205237,13.768120407688));
#394 = CARTESIAN_POINT('',(3.225911237175,13.772141178052));
#395 = CARTESIAN_POINT('',(3.254050118207,13.779142670936));
#396 = CARTESIAN_POINT('',(3.28222609783,13.791031110145));
#397 = CARTESIAN_POINT('',(3.310331232209,13.811108839476));
#398 = ( GEOMETRIC_REPRESENTATION_CONTEXT(2) 
PARAMETRIC_REPRESENTATION_CONTEXT() REPRESENTATION_CONTEXT('2D SPACE',''
  ) );
#399 = PCURVE('',#334,#400);
#400 = DEFINITIONAL_REPRESENTATION('',(#401),#409);
#401 = B_SPLINE_CURVE_WITH_KNOTS('',6,(#402,#403,#404,#405,#406,#407,
    #408),.UNSPECIFIED.,.F.,.F.,(7,7),(0.,0.999999724479),
  .PIECEWISE_BEZIER_KNOTS.);
#402 = CARTESIAN_POINT('',(9.585468613721,-1.648696227868E-15));
#403 = CARTESIAN_POINT('',(9.585468613721,0.368505802399));
#404 = CARTESIAN_POINT('',(9.595550885082,0.736515629541));
#405 = CARTESIAN_POINT('',(9.615658913527,1.104046768957));
#406 = CARTESIAN_POINT('',(9.645957274864,1.471103269807));
#407 = CARTESIAN_POINT('',(9.686747018501,1.837051912447));
#408 = CARTESIAN_POINT('',(9.738754535372,2.2));
#409 = ( GEOMETRIC_REPRESENTATION_CONTEXT(2) 
PARAMETRIC_REPRESENTATION_CONTEXT() REPRESENTATION_CONTEXT('2D SPACE',''
  ) );
#410 = ORIENTED_EDGE('',*,*,#411,.F.);
#411 = EDGE_CURVE('',#412,#377,#414,.T.);
#412 = VERTEX_POINT('',#413);
#413 = CARTESIAN_POINT('',(215.,1.604287306883E-15,27.4));
#414 = SURFACE_CURVE('',#415,(#419,#425),.PCURVE_S1.);
#415 = LINE('',#416,#417);
#416 = CARTESIAN_POINT('',(215.,0.,27.4));
#417 = VECTOR('',#418,1.);
#418 = DIRECTION('',(1.,0.,2.22044604925E-16));
#419 = PCURVE('',#62,#420);
#420 = DEFINITIONAL_REPRESENTATION('',(#421),#424);
#421 = B_SPLINE_CURVE_WITH_KNOTS('',1,(#422,#423),.UNSPECIFIED.,.F.,.F.,
  (2,2),(-5.999999928008E-07,20.4000006),.PIECEWISE_BEZIER_KNOTS.);
#422 = CARTESIAN_POINT('',(3.14159265359,-5.99999989892E-07));
#423 = CARTESIAN_POINT('',(3.14159265359,20.4000006));
#424 = ( GEOMETRIC_REPRESENTATION_CONTEXT(2) 
PARAMETRIC_REPRESENTATION_CONTEXT() REPRESENTATION_CONTEXT('2D SPACE',''
  ) );
#425 = PCURVE('',#299,#426);
#426 = DEFINITIONAL_REPRESENTATION('',(#427),#430);
#427 = B_SPLINE_CURVE_WITH_KNOTS('',1,(#428,#429),.UNSPECIFIED.,.F.,.F.,
  (2,2),(-5.999999928008E-07,20.4000006),.PIECEWISE_BEZIER_KNOTS.);
#428 = CARTESIAN_POINT('',(527.4,714.9999994));
#429 = CARTESIAN_POINT('',(527.4,735.4000006));
#430 = ( GEOMETRIC_REPRESENTATION_CONTEXT(2) 
PARAMETRIC_REPRESENTATION_CONTEXT() REPRESENTATION_CONTEXT('2D SPACE',''
  ) );
#431 = ORIENTED_EDGE('',*,*,#432,.T.);
#432 = EDGE_CURVE('',#412,#40,#433,.T.);
#433 = SURFACE_CURVE('',#434,(#439,#446),.PCURVE_S1.);
#434 = CIRCLE('',#435,13.1);
#435 = AXIS2_PLACEMENT_3D('',#436,#437,#438);
#436 = CARTESIAN_POINT('',(215.,0.,14.3));
#437 = DIRECTION('',(1.,-0.,2.22044604925E-16));
#438 = DIRECTION('',(2.22044604925E-16,0.,-1.));
#439 = PCURVE('',#62,#440);
#440 = DEFINITIONAL_REPRESENTATION('',(#441),#445);
#441 = LINE('',#442,#443);
#442 = CARTESIAN_POINT('',(0.,0.));
#443 = VECTOR('',#444,1.);
#444 = DIRECTION('',(1.,0.));
#445 = ( GEOMETRIC_REPRESENTATION_CONTEXT(2) 
PARAMETRIC_REPRESENTATION_CONTEXT() REPRESENTATION_CONTEXT('2D SPACE',''
  ) );
#446 = PCURVE('',#245,#447);
#447 = DEFINITIONAL_REPRESENTATION('',(#448),#452);
#448 = CIRCLE('',#449,13.1);
#449 = AXIS2_PLACEMENT_2D('',#450,#451);
#450 = CARTESIAN_POINT('',(514.3,-500.));
#451 = DIRECTION('',(-1.,0.));
#452 = ( GEOMETRIC_REPRESENTATION_CONTEXT(2) 
PARAMETRIC_REPRESENTATION_CONTEXT() REPRESENTATION_CONTEXT('2D SPACE',''
  ) );
#453 = ADVANCED_FACE('',(#454),#245,.F.);
#454 = FACE_BOUND('',#455,.F.);
#455 = EDGE_LOOP('',(#456,#477,#505,#533,#554,#555));
#456 = ORIENTED_EDGE('',*,*,#457,.F.);
#457 = EDGE_CURVE('',#458,#412,#460,.T.);
#458 = VERTEX_POINT('',#459);
#459 = CARTESIAN_POINT('',(215.,0.,31.));
#460 = SURFACE_CURVE('',#461,(#465,#471),.PCURVE_S1.);
#461 = LINE('',#462,#463);
#462 = CARTESIAN_POINT('',(215.,0.,-500.));
#463 = VECTOR('',#464,1.);
#464 = DIRECTION('',(-0.,0.,-1.));
#465 = PCURVE('',#245,#466);
#466 = DEFINITIONAL_REPRESENTATION('',(#467),#470);
#467 = B_SPLINE_CURVE_WITH_KNOTS('',1,(#468,#469),.UNSPECIFIED.,.F.,.F.,
  (2,2),(-531.,-499.),.PIECEWISE_BEZIER_KNOTS.);
#468 = CARTESIAN_POINT('',(531.,-500.));
#469 = CARTESIAN_POINT('',(499.,-500.));
#470 = ( GEOMETRIC_REPRESENTATION_CONTEXT(2) 
PARAMETRIC_REPRESENTATION_CONTEXT() REPRESENTATION_CONTEXT('2D SPACE',''
  ) );
#471 = PCURVE('',#299,#472);
#472 = DEFINITIONAL_REPRESENTATION('',(#473),#476);
#473 = B_SPLINE_CURVE_WITH_KNOTS('',1,(#474,#475),.UNSPECIFIED.,.F.,.F.,
  (2,2),(-531.,-499.),.PIECEWISE_BEZIER_KNOTS.);
#474 = CARTESIAN_POINT('',(531.,715.));
#475 = CARTESIAN_POINT('',(499.,715.));
#476 = ( GEOMETRIC_REPRESENTATION_CONTEXT(2) 
PARAMETRIC_REPRESENTATION_CONTEXT() REPRESENTATION_CONTEXT('2D SPACE',''
  ) );
#477 = ORIENTED_EDGE('',*,*,#478,.F.);
#478 = EDGE_CURVE('',#479,#458,#481,.T.);
#479 = VERTEX_POINT('',#480);
#480 = CARTESIAN_POINT('',(215.,-15.,31.));
#481 = SURFACE_CURVE('',#482,(#486,#493),.PCURVE_S1.);
#482 = LINE('',#483,#484);
#483 = CARTESIAN_POINT('',(215.,-15.,31.));
#484 = VECTOR('',#485,1.);
#485 = DIRECTION('',(-0.,1.,0.));
#486 = PCURVE('',#245,#487);
#487 = DEFINITIONAL_REPRESENTATION('',(#488),#492);
#488 = LINE('',#489,#490);
#489 = CARTESIAN_POINT('',(531.,-485.));
#490 = VECTOR('',#491,1.);
#491 = DIRECTION('',(0.,-1.));
#492 = ( GEOMETRIC_REPRESENTATION_CONTEXT(2) 
PARAMETRIC_REPRESENTATION_CONTEXT() REPRESENTATION_CONTEXT('2D SPACE',''
  ) );
#493 = PCURVE('',#494,#499);
#494 = PLANE('',#495);
#495 = AXIS2_PLACEMENT_3D('',#496,#497,#498);
#496 = CARTESIAN_POINT('',(215.,-15.,31.));
#497 = DIRECTION('',(0.,0.,1.));
#498 = DIRECTION('',(1.,0.,-0.));
#499 = DEFINITIONAL_REPRESENTATION('',(#500),#504);
#500 = LINE('',#501,#502);
#501 = CARTESIAN_POINT('',(0.,0.));
#502 = VECTOR('',#503,1.);
#503 = DIRECTION('',(0.,1.));
#504 = ( GEOMETRIC_REPRESENTATION_CONTEXT(2) 
PARAMETRIC_REPRESENTATION_CONTEXT() REPRESENTATION_CONTEXT('2D SPACE',''
  ) );
#505 = ORIENTED_EDGE('',*,*,#506,.F.);
#506 = EDGE_CURVE('',#507,#479,#509,.T.);
#507 = VERTEX_POINT('',#508);
#508 = CARTESIAN_POINT('',(215.,-15.,-1.));
#509 = SURFACE_CURVE('',#510,(#514,#521),.PCURVE_S1.);
#510 = LINE('',#511,#512);
#511 = CARTESIAN_POINT('',(215.,-15.,-1.));
#512 = VECTOR('',#513,1.);
#513 = DIRECTION('',(0.,0.,1.));
#514 = PCURVE('',#245,#515);
#515 = DEFINITIONAL_REPRESENTATION('',(#516),#520);
#516 = LINE('',#517,#518);
#517 = CARTESIAN_POINT('',(499.,-485.));
#518 = VECTOR('',#519,1.);
#519 = DIRECTION('',(1.,0.));
#520 = ( GEOMETRIC_REPRESENTATION_CONTEXT(2) 
PARAMETRIC_REPRESENTATION_CONTEXT() REPRESENTATION_CONTEXT('2D SPACE',''
  ) );
#521 = PCURVE('',#522,#527);
#522 = PLANE('',#523);
#523 = AXIS2_PLACEMENT_3D('',#524,#525,#526);
#524 = CARTESIAN_POINT('',(56.,-15.,0.));
#525 = DIRECTION('',(-0.,1.,0.));
#526 = DIRECTION('',(0.,0.,1.));
#527 = DEFINITIONAL_REPRESENTATION('',(#528),#532);
#528 = LINE('',#529,#530);
#529 = CARTESIAN_POINT('',(-1.,159.));
#530 = VECTOR('',#531,1.);
#531 = DIRECTION('',(1.,0.));
#532 = ( GEOMETRIC_REPRESENTATION_CONTEXT(2) 
PARAMETRIC_REPRESENTATION_CONTEXT() REPRESENTATION_CONTEXT('2D SPACE',''
  ) );
#533 = ORIENTED_EDGE('',*,*,#534,.T.);
#534 = EDGE_CURVE('',#507,#207,#535,.T.);
#535 = SURFACE_CURVE('',#536,(#540,#547),.PCURVE_S1.);
#536 = LINE('',#537,#538);
#537 = CARTESIAN_POINT('',(215.,-15.,-1.));
#538 = VECTOR('',#539,1.);
#539 = DIRECTION('',(-0.,1.,0.));
#540 = PCURVE('',#245,#541);
#541 = DEFINITIONAL_REPRESENTATION('',(#542),#546);
#542 = LINE('',#543,#544);
#543 = CARTESIAN_POINT('',(499.,-485.));
#544 = VECTOR('',#545,1.);
#545 = DIRECTION('',(0.,-1.));
#546 = ( GEOMETRIC_REPRESENTATION_CONTEXT(2) 
PARAMETRIC_REPRESENTATION_CONTEXT() REPRESENTATION_CONTEXT('2D SPACE',''
  ) );
#547 = PCURVE('',#221,#548);
#548 = DEFINITIONAL_REPRESENTATION('',(#549),#553);
#549 = LINE('',#550,#551);
#550 = CARTESIAN_POINT('',(0.,0.));
#551 = VECTOR('',#552,1.);
#552 = DIRECTION('',(0.,1.));
#553 = ( GEOMETRIC_REPRESENTATION_CONTEXT(2) 
PARAMETRIC_REPRESENTATION_CONTEXT() REPRESENTATION_CONTEXT('2D SPACE',''
  ) );
#554 = ORIENTED_EDGE('',*,*,#232,.F.);
#555 = ORIENTED_EDGE('',*,*,#432,.F.);
#556 = ADVANCED_FACE('',(#557),#221,.F.);
#557 = FACE_BOUND('',#558,.F.);
#558 = EDGE_LOOP('',(#559,#560,#583,#604));
#559 = ORIENTED_EDGE('',*,*,#534,.F.);
#560 = ORIENTED_EDGE('',*,*,#561,.T.);
#561 = EDGE_CURVE('',#507,#562,#564,.T.);
#562 = VERTEX_POINT('',#563);
#563 = CARTESIAN_POINT('',(237.,-15.,-1.));
#564 = SURFACE_CURVE('',#565,(#569,#576),.PCURVE_S1.);
#565 = LINE('',#566,#567);
#566 = CARTESIAN_POINT('',(215.,-15.,-1.));
#567 = VECTOR('',#568,1.);
#568 = DIRECTION('',(1.,0.,-0.));
#569 = PCURVE('',#221,#570);
#570 = DEFINITIONAL_REPRESENTATION('',(#571),#575);
#571 = LINE('',#572,#573);
#572 = CARTESIAN_POINT('',(0.,0.));
#573 = VECTOR('',#574,1.);
#574 = DIRECTION('',(1.,0.));
#575 = ( GEOMETRIC_REPRESENTATION_CONTEXT(2) 
PARAMETRIC_REPRESENTATION_CONTEXT() REPRESENTATION_CONTEXT('2D SPACE',''
  ) );
#576 = PCURVE('',#522,#577);
#577 = DEFINITIONAL_REPRESENTATION('',(#578),#582);
#578 = LINE('',#579,#580);
#579 = CARTESIAN_POINT('',(-1.,159.));
#580 = VECTOR('',#581,1.);
#581 = DIRECTION('',(0.,1.));
#582 = ( GEOMETRIC_REPRESENTATION_CONTEXT(2) 
PARAMETRIC_REPRESENTATION_CONTEXT() REPRESENTATION_CONTEXT('2D SPACE',''
  ) );
#583 = ORIENTED_EDGE('',*,*,#584,.T.);
#584 = EDGE_CURVE('',#562,#181,#585,.T.);
#585 = SURFACE_CURVE('',#586,(#590,#597),.PCURVE_S1.);
#586 = LINE('',#587,#588);
#587 = CARTESIAN_POINT('',(237.,-15.,-1.));
#588 = VECTOR('',#589,1.);
#589 = DIRECTION('',(-0.,1.,0.));
#590 = PCURVE('',#221,#591);
#591 = DEFINITIONAL_REPRESENTATION('',(#592),#596);
#592 = LINE('',#593,#594);
#593 = CARTESIAN_POINT('',(22.,0.));
#594 = VECTOR('',#595,1.);
#595 = DIRECTION('',(0.,1.));
#596 = ( GEOMETRIC_REPRESENTATION_CONTEXT(2) 
PARAMETRIC_REPRESENTATION_CONTEXT() REPRESENTATION_CONTEXT('2D SPACE',''
  ) );
#597 = PCURVE('',#195,#598);
#598 = DEFINITIONAL_REPRESENTATION('',(#599),#603);
#599 = LINE('',#600,#601);
#600 = CARTESIAN_POINT('',(0.,0.));
#601 = VECTOR('',#602,1.);
#602 = DIRECTION('',(0.,-1.));
#603 = ( GEOMETRIC_REPRESENTATION_CONTEXT(2) 
PARAMETRIC_REPRESENTATION_CONTEXT() REPRESENTATION_CONTEXT('2D SPACE',''
  ) );
#604 = ORIENTED_EDGE('',*,*,#206,.F.);
#605 = ADVANCED_FACE('',(#606),#195,.T.);
#606 = FACE_BOUND('',#607,.T.);
#607 = EDGE_LOOP('',(#608,#631,#632,#633));
#608 = ORIENTED_EDGE('',*,*,#609,.F.);
#609 = EDGE_CURVE('',#562,#610,#612,.T.);
#610 = VERTEX_POINT('',#611);
#611 = CARTESIAN_POINT('',(237.,-15.,0.));
#612 = SURFACE_CURVE('',#613,(#617,#624),.PCURVE_S1.);
#613 = LINE('',#614,#615);
#614 = CARTESIAN_POINT('',(237.,-15.,-1.));
#615 = VECTOR('',#616,1.);
#616 = DIRECTION('',(0.,0.,1.));
#617 = PCURVE('',#195,#618);
#618 = DEFINITIONAL_REPRESENTATION('',(#619),#623);
#619 = LINE('',#620,#621);
#620 = CARTESIAN_POINT('',(0.,0.));
#621 = VECTOR('',#622,1.);
#622 = DIRECTION('',(1.,0.));
#623 = ( GEOMETRIC_REPRESENTATION_CONTEXT(2) 
PARAMETRIC_REPRESENTATION_CONTEXT() REPRESENTATION_CONTEXT('2D SPACE',''
  ) );
#624 = PCURVE('',#522,#625);
#625 = DEFINITIONAL_REPRESENTATION('',(#626),#630);
#626 = LINE('',#627,#628);
#627 = CARTESIAN_POINT('',(-1.,181.));
#628 = VECTOR('',#629,1.);
#629 = DIRECTION('',(1.,0.));
#630 = ( GEOMETRIC_REPRESENTATION_CONTEXT(2) 
PARAMETRIC_REPRESENTATION_CONTEXT() REPRESENTATION_CONTEXT('2D SPACE',''
  ) );
#631 = ORIENTED_EDGE('',*,*,#584,.T.);
#632 = ORIENTED_EDGE('',*,*,#180,.F.);
#633 = ORIENTED_EDGE('',*,*,#634,.F.);
#634 = EDGE_CURVE('',#610,#155,#635,.T.);
#635 = SURFACE_CURVE('',#636,(#640,#646),.PCURVE_S1.);
#636 = LINE('',#637,#638);
#637 = CARTESIAN_POINT('',(237.,-15.,0.));
#638 = VECTOR('',#639,1.);
#639 = DIRECTION('',(-0.,1.,0.));
#640 = PCURVE('',#195,#641);
#641 = DEFINITIONAL_REPRESENTATION('',(#642),#645);
#642 = B_SPLINE_CURVE_WITH_KNOTS('',1,(#643,#644),.UNSPECIFIED.,.F.,.F.,
  (2,2),(0.,30.),.PIECEWISE_BEZIER_KNOTS.);
#643 = CARTESIAN_POINT('',(1.,0.));
#644 = CARTESIAN_POINT('',(1.,-30.));
#645 = ( GEOMETRIC_REPRESENTATION_CONTEXT(2) 
PARAMETRIC_REPRESENTATION_CONTEXT() REPRESENTATION_CONTEXT('2D SPACE',''
  ) );
#646 = PCURVE('',#169,#647);
#647 = DEFINITIONAL_REPRESENTATION('',(#648),#651);
#648 = B_SPLINE_CURVE_WITH_KNOTS('',1,(#649,#650),.UNSPECIFIED.,.F.,.F.,
  (2,2),(0.,30.),.PIECEWISE_BEZIER_KNOTS.);
#649 = CARTESIAN_POINT('',(181.,0.));
#650 = CARTESIAN_POINT('',(181.,30.));
#651 = ( GEOMETRIC_REPRESENTATION_CONTEXT(2) 
PARAMETRIC_REPRESENTATION_CONTEXT() REPRESENTATION_CONTEXT('2D SPACE',''
  ) );
#652 = ADVANCED_FACE('',(#653),#169,.F.);
#653 = FACE_BOUND('',#654,.F.);
#654 = EDGE_LOOP('',(#655,#656,#679,#707,#733,#762,#788,#817,#843,#865)
  );
#655 = ORIENTED_EDGE('',*,*,#634,.F.);
#656 = ORIENTED_EDGE('',*,*,#657,.T.);
#657 = EDGE_CURVE('',#610,#658,#660,.T.);
#658 = VERTEX_POINT('',#659);
#659 = CARTESIAN_POINT('',(344.4,-15.,0.));
#660 = SURFACE_CURVE('',#661,(#665,#672),.PCURVE_S1.);
#661 = LINE('',#662,#663);
#662 = CARTESIAN_POINT('',(56.,-15.,0.));
#663 = VECTOR('',#664,1.);
#664 = DIRECTION('',(1.,0.,0.));
#665 = PCURVE('',#169,#666);
#666 = DEFINITIONAL_REPRESENTATION('',(#667),#671);
#667 = LINE('',#668,#669);
#668 = CARTESIAN_POINT('',(0.,0.));
#669 = VECTOR('',#670,1.);
#670 = DIRECTION('',(1.,0.));
#671 = ( GEOMETRIC_REPRESENTATION_CONTEXT(2) 
PARAMETRIC_REPRESENTATION_CONTEXT() REPRESENTATION_CONTEXT('2D SPACE',''
  ) );
#672 = PCURVE('',#522,#673);
#673 = DEFINITIONAL_REPRESENTATION('',(#674),#678);
#674 = LINE('',#675,#676);
#675 = CARTESIAN_POINT('',(0.,0.));
#676 = VECTOR('',#677,1.);
#677 = DIRECTION('',(0.,1.));
#678 = ( GEOMETRIC_REPRESENTATION_CONTEXT(2) 
PARAMETRIC_REPRESENTATION_CONTEXT() REPRESENTATION_CONTEXT('2D SPACE',''
  ) );
#679 = ORIENTED_EDGE('',*,*,#680,.T.);
#680 = EDGE_CURVE('',#658,#681,#683,.T.);
#681 = VERTEX_POINT('',#682);
#682 = CARTESIAN_POINT('',(344.4,0.,0.));
#683 = SURFACE_CURVE('',#684,(#688,#695),.PCURVE_S1.);
#684 = LINE('',#685,#686);
#685 = CARTESIAN_POINT('',(344.4,-15.,0.));
#686 = VECTOR('',#687,1.);
#687 = DIRECTION('',(-0.,1.,0.));
#688 = PCURVE('',#169,#689);
#689 = DEFINITIONAL_REPRESENTATION('',(#690),#694);
#690 = LINE('',#691,#692);
#691 = CARTESIAN_POINT('',(288.4,0.));
#692 = VECTOR('',#693,1.);
#693 = DIRECTION('',(0.,1.));
#694 = ( GEOMETRIC_REPRESENTATION_CONTEXT(2) 
PARAMETRIC_REPRESENTATION_CONTEXT() REPRESENTATION_CONTEXT('2D SPACE',''
  ) );
#695 = PCURVE('',#696,#701);
#696 = PLANE('',#697);
#697 = AXIS2_PLACEMENT_3D('',#698,#699,#700);
#698 = CARTESIAN_POINT('',(344.4,-15.,0.));
#699 = DIRECTION('',(1.,0.,-0.));
#700 = DIRECTION('',(0.,0.,1.));
#701 = DEFINITIONAL_REPRESENTATION('',(#702),#706);
#702 = LINE('',#703,#704);
#703 = CARTESIAN_POINT('',(0.,0.));
#704 = VECTOR('',#705,1.);
#705 = DIRECTION('',(0.,-1.));
#706 = ( GEOMETRIC_REPRESENTATION_CONTEXT(2) 
PARAMETRIC_REPRESENTATION_CONTEXT() REPRESENTATION_CONTEXT('2D SPACE',''
  ) );
#707 = ORIENTED_EDGE('',*,*,#708,.F.);
#708 = EDGE_CURVE('',#709,#681,#711,.T.);
#709 = VERTEX_POINT('',#710);
#710 = CARTESIAN_POINT('',(326.9,-1.959434878636E-15,0.));
#711 = SURFACE_CURVE('',#712,(#716,#722),.PCURVE_S1.);
#712 = LINE('',#713,#714);
#713 = CARTESIAN_POINT('',(-222.,0.,0.));
#714 = VECTOR('',#715,1.);
#715 = DIRECTION('',(1.,0.,-0.));
#716 = PCURVE('',#169,#717);
#717 = DEFINITIONAL_REPRESENTATION('',(#718),#721);
#718 = B_SPLINE_CURVE_WITH_KNOTS('',1,(#719,#720),.UNSPECIFIED.,.F.,.F.,
  (2,2),(459.,566.4),.PIECEWISE_BEZIER_KNOTS.);
#719 = CARTESIAN_POINT('',(181.,15.));
#720 = CARTESIAN_POINT('',(288.4,15.));
#721 = ( GEOMETRIC_REPRESENTATION_CONTEXT(2) 
PARAMETRIC_REPRESENTATION_CONTEXT() REPRESENTATION_CONTEXT('2D SPACE',''
  ) );
#722 = PCURVE('',#723,#728);
#723 = PLANE('',#724);
#724 = AXIS2_PLACEMENT_3D('',#725,#726,#727);
#725 = CARTESIAN_POINT('',(-500.,0.,-500.));
#726 = DIRECTION('',(-0.,1.,0.));
#727 = DIRECTION('',(0.,0.,1.));
#728 = DEFINITIONAL_REPRESENTATION('',(#729),#732);
#729 = B_SPLINE_CURVE_WITH_KNOTS('',1,(#730,#731),.UNSPECIFIED.,.F.,.F.,
  (2,2),(459.,566.4),.PIECEWISE_BEZIER_KNOTS.);
#730 = CARTESIAN_POINT('',(500.,737.));
#731 = CARTESIAN_POINT('',(500.,844.4));
#732 = ( GEOMETRIC_REPRESENTATION_CONTEXT(2) 
PARAMETRIC_REPRESENTATION_CONTEXT() REPRESENTATION_CONTEXT('2D SPACE',''
  ) );
#733 = ORIENTED_EDGE('',*,*,#734,.F.);
#734 = EDGE_CURVE('',#735,#709,#737,.T.);
#735 = VERTEX_POINT('',#736);
#736 = CARTESIAN_POINT('',(310.9,9.797174393179E-16,0.));
#737 = SURFACE_CURVE('',#738,(#743,#750),.PCURVE_S1.);
#738 = CIRCLE('',#739,8.);
#739 = AXIS2_PLACEMENT_3D('',#740,#741,#742);
#740 = CARTESIAN_POINT('',(318.9,0.,0.));
#741 = DIRECTION('',(0.,0.,1.));
#742 = DIRECTION('',(1.,0.,-0.));
#743 = PCURVE('',#169,#744);
#744 = DEFINITIONAL_REPRESENTATION('',(#745),#749);
#745 = CIRCLE('',#746,8.);
#746 = AXIS2_PLACEMENT_2D('',#747,#748);
#747 = CARTESIAN_POINT('',(262.9,15.));
#748 = DIRECTION('',(1.,0.));
#749 = ( GEOMETRIC_REPRESENTATION_CONTEXT(2) 
PARAMETRIC_REPRESENTATION_CONTEXT() REPRESENTATION_CONTEXT('2D SPACE',''
  ) );
#750 = PCURVE('',#751,#756);
#751 = CYLINDRICAL_SURFACE('',#752,8.);
#752 = AXIS2_PLACEMENT_3D('',#753,#754,#755);
#753 = CARTESIAN_POINT('',(318.9,0.,-1.2));
#754 = DIRECTION('',(0.,0.,1.));
#755 = DIRECTION('',(1.,0.,-0.));
#756 = DEFINITIONAL_REPRESENTATION('',(#757),#761);
#757 = LINE('',#758,#759);
#758 = CARTESIAN_POINT('',(0.,1.2));
#759 = VECTOR('',#760,1.);
#760 = DIRECTION('',(1.,0.));
#761 = ( GEOMETRIC_REPRESENTATION_CONTEXT(2) 
PARAMETRIC_REPRESENTATION_CONTEXT() REPRESENTATION_CONTEXT('2D SPACE',''
  ) );
#762 = ORIENTED_EDGE('',*,*,#763,.F.);
#763 = EDGE_CURVE('',#764,#735,#766,.T.);
#764 = VERTEX_POINT('',#765);
#765 = CARTESIAN_POINT('',(297.03399836738,-1.530808498934E-15,0.));
#766 = SURFACE_CURVE('',#767,(#771,#777),.PCURVE_S1.);
#767 = LINE('',#768,#769);
#768 = CARTESIAN_POINT('',(-222.,0.,0.));
#769 = VECTOR('',#770,1.);
#770 = DIRECTION('',(1.,0.,-0.));
#771 = PCURVE('',#169,#772);
#772 = DEFINITIONAL_REPRESENTATION('',(#773),#776);
#773 = B_SPLINE_CURVE_WITH_KNOTS('',1,(#774,#775),.UNSPECIFIED.,.F.,.F.,
  (2,2),(459.,566.4),.PIECEWISE_BEZIER_KNOTS.);
#774 = CARTESIAN_POINT('',(181.,15.));
#775 = CARTESIAN_POINT('',(288.4,15.));
#776 = ( GEOMETRIC_REPRESENTATION_CONTEXT(2) 
PARAMETRIC_REPRESENTATION_CONTEXT() REPRESENTATION_CONTEXT('2D SPACE',''
  ) );
#777 = PCURVE('',#778,#783);
#778 = PLANE('',#779);
#779 = AXIS2_PLACEMENT_3D('',#780,#781,#782);
#780 = CARTESIAN_POINT('',(-500.,0.,-500.));
#781 = DIRECTION('',(-0.,1.,0.));
#782 = DIRECTION('',(0.,0.,1.));
#783 = DEFINITIONAL_REPRESENTATION('',(#784),#787);
#784 = B_SPLINE_CURVE_WITH_KNOTS('',1,(#785,#786),.UNSPECIFIED.,.F.,.F.,
  (2,2),(459.,566.4),.PIECEWISE_BEZIER_KNOTS.);
#785 = CARTESIAN_POINT('',(500.,737.));
#786 = CARTESIAN_POINT('',(500.,844.4));
#787 = ( GEOMETRIC_REPRESENTATION_CONTEXT(2) 
PARAMETRIC_REPRESENTATION_CONTEXT() REPRESENTATION_CONTEXT('2D SPACE',''
  ) );
#788 = ORIENTED_EDGE('',*,*,#789,.F.);
#789 = EDGE_CURVE('',#790,#764,#792,.T.);
#790 = VERTEX_POINT('',#791);
#791 = CARTESIAN_POINT('',(284.53399836738,7.654042494671E-16,0.));
#792 = SURFACE_CURVE('',#793,(#798,#805),.PCURVE_S1.);
#793 = CIRCLE('',#794,6.25);
#794 = AXIS2_PLACEMENT_3D('',#795,#796,#797);
#795 = CARTESIAN_POINT('',(290.78399836738,0.,0.));
#796 = DIRECTION('',(0.,0.,1.));
#797 = DIRECTION('',(1.,0.,-0.));
#798 = PCURVE('',#169,#799);
#799 = DEFINITIONAL_REPRESENTATION('',(#800),#804);
#800 = CIRCLE('',#801,6.25);
#801 = AXIS2_PLACEMENT_2D('',#802,#803);
#802 = CARTESIAN_POINT('',(234.78399836738,15.));
#803 = DIRECTION('',(1.,0.));
#804 = ( GEOMETRIC_REPRESENTATION_CONTEXT(2) 
PARAMETRIC_REPRESENTATION_CONTEXT() REPRESENTATION_CONTEXT('2D SPACE',''
  ) );
#805 = PCURVE('',#806,#811);
#806 = CYLINDRICAL_SURFACE('',#807,6.25);
#807 = AXIS2_PLACEMENT_3D('',#808,#809,#810);
#808 = CARTESIAN_POINT('',(290.78399836738,0.,-3.5));
#809 = DIRECTION('',(0.,0.,1.));
#810 = DIRECTION('',(1.,0.,-0.));
#811 = DEFINITIONAL_REPRESENTATION('',(#812),#816);
#812 = LINE('',#813,#814);
#813 = CARTESIAN_POINT('',(0.,3.5));
#814 = VECTOR('',#815,1.);
#815 = DIRECTION('',(1.,0.));
#816 = ( GEOMETRIC_REPRESENTATION_CONTEXT(2) 
PARAMETRIC_REPRESENTATION_CONTEXT() REPRESENTATION_CONTEXT('2D SPACE',''
  ) );
#817 = ORIENTED_EDGE('',*,*,#818,.F.);
#818 = EDGE_CURVE('',#819,#790,#821,.T.);
#819 = VERTEX_POINT('',#820);
#820 = CARTESIAN_POINT('',(274.56513925461,-1.469576158977E-15,0.));
#821 = SURFACE_CURVE('',#822,(#826,#832),.PCURVE_S1.);
#822 = LINE('',#823,#824);
#823 = CARTESIAN_POINT('',(-222.,0.,0.));
#824 = VECTOR('',#825,1.);
#825 = DIRECTION('',(1.,0.,-0.));
#826 = PCURVE('',#169,#827);
#827 = DEFINITIONAL_REPRESENTATION('',(#828),#831);
#828 = B_SPLINE_CURVE_WITH_KNOTS('',1,(#829,#830),.UNSPECIFIED.,.F.,.F.,
  (2,2),(459.,566.4),.PIECEWISE_BEZIER_KNOTS.);
#829 = CARTESIAN_POINT('',(181.,15.));
#830 = CARTESIAN_POINT('',(288.4,15.));
#831 = ( GEOMETRIC_REPRESENTATION_CONTEXT(2) 
PARAMETRIC_REPRESENTATION_CONTEXT() REPRESENTATION_CONTEXT('2D SPACE',''
  ) );
#832 = PCURVE('',#833,#838);
#833 = PLANE('',#834);
#834 = AXIS2_PLACEMENT_3D('',#835,#836,#837);
#835 = CARTESIAN_POINT('',(-500.,0.,-500.));
#836 = DIRECTION('',(-0.,1.,0.));
#837 = DIRECTION('',(0.,0.,1.));
#838 = DEFINITIONAL_REPRESENTATION('',(#839),#842);
#839 = B_SPLINE_CURVE_WITH_KNOTS('',1,(#840,#841),.UNSPECIFIED.,.F.,.F.,
  (2,2),(459.,566.4),.PIECEWISE_BEZIER_KNOTS.);
#840 = CARTESIAN_POINT('',(500.,737.));
#841 = CARTESIAN_POINT('',(500.,844.4));
#842 = ( GEOMETRIC_REPRESENTATION_CONTEXT(2) 
PARAMETRIC_REPRESENTATION_CONTEXT() REPRESENTATION_CONTEXT('2D SPACE',''
  ) );
#843 = ORIENTED_EDGE('',*,*,#844,.F.);
#844 = EDGE_CURVE('',#129,#819,#845,.T.);
#845 = SURFACE_CURVE('',#846,(#851,#858),.PCURVE_S1.);
#846 = CIRCLE('',#847,6.);
#847 = AXIS2_PLACEMENT_3D('',#848,#849,#850);
#848 = CARTESIAN_POINT('',(268.56513925461,0.,0.));
#849 = DIRECTION('',(0.,0.,1.));
#850 = DIRECTION('',(1.,0.,-0.));
#851 = PCURVE('',#169,#852);
#852 = DEFINITIONAL_REPRESENTATION('',(#853),#857);
#853 = CIRCLE('',#854,6.);
#854 = AXIS2_PLACEMENT_2D('',#855,#856);
#855 = CARTESIAN_POINT('',(212.56513925461,15.));
#856 = DIRECTION('',(1.,0.));
#857 = ( GEOMETRIC_REPRESENTATION_CONTEXT(2) 
PARAMETRIC_REPRESENTATION_CONTEXT() REPRESENTATION_CONTEXT('2D SPACE',''
  ) );
#858 = PCURVE('',#143,#859);
#859 = DEFINITIONAL_REPRESENTATION('',(#860),#864);
#860 = LINE('',#861,#862);
#861 = CARTESIAN_POINT('',(0.,3.5));
#862 = VECTOR('',#863,1.);
#863 = DIRECTION('',(1.,0.));
#864 = ( GEOMETRIC_REPRESENTATION_CONTEXT(2) 
PARAMETRIC_REPRESENTATION_CONTEXT() REPRESENTATION_CONTEXT('2D SPACE',''
  ) );
#865 = ORIENTED_EDGE('',*,*,#154,.F.);
#866 = ADVANCED_FACE('',(#867),#143,.F.);
#867 = FACE_BOUND('',#868,.F.);
#868 = EDGE_LOOP('',(#869,#892,#1075,#1076));
#869 = ORIENTED_EDGE('',*,*,#870,.T.);
#870 = EDGE_CURVE('',#819,#871,#873,.T.);
#871 = VERTEX_POINT('',#872);
#872 = CARTESIAN_POINT('',(274.56513925461,-2.081899558551E-15,3.3));
#873 = SURFACE_CURVE('',#874,(#878,#885),.PCURVE_S1.);
#874 = LINE('',#875,#876);
#875 = CARTESIAN_POINT('',(274.56513925461,-1.469576158977E-15,-3.5));
#876 = VECTOR('',#877,1.);
#877 = DIRECTION('',(0.,0.,1.));
#878 = PCURVE('',#143,#879);
#879 = DEFINITIONAL_REPRESENTATION('',(#880),#884);
#880 = LINE('',#881,#882);
#881 = CARTESIAN_POINT('',(6.28318530718,-0.));
#882 = VECTOR('',#883,1.);
#883 = DIRECTION('',(0.,1.));
#884 = ( GEOMETRIC_REPRESENTATION_CONTEXT(2) 
PARAMETRIC_REPRESENTATION_CONTEXT() REPRESENTATION_CONTEXT('2D SPACE',''
  ) );
#885 = PCURVE('',#833,#886);
#886 = DEFINITIONAL_REPRESENTATION('',(#887),#891);
#887 = LINE('',#888,#889);
#888 = CARTESIAN_POINT('',(496.5,774.56513925461));
#889 = VECTOR('',#890,1.);
#890 = DIRECTION('',(1.,0.));
#891 = ( GEOMETRIC_REPRESENTATION_CONTEXT(2) 
PARAMETRIC_REPRESENTATION_CONTEXT() REPRESENTATION_CONTEXT('2D SPACE',''
  ) );
#892 = ORIENTED_EDGE('',*,*,#893,.F.);
#893 = EDGE_CURVE('',#101,#871,#894,.T.);
#894 = SURFACE_CURVE('',#895,(#953,#1014),.PCURVE_S1.);
#895 = B_SPLINE_CURVE_WITH_KNOTS('',6,(#896,#897,#898,#899,#900,#901,
    #902,#903,#904,#905,#906,#907,#908,#909,#910,#911,#912,#913,#914,
    #915,#916,#917,#918,#919,#920,#921,#922,#923,#924,#925,#926,#927,
    #928,#929,#930,#931,#932,#933,#934,#935,#936,#937,#938,#939,#940,
    #941,#942,#943,#944,#945,#946,#947,#948,#949,#950,#951,#952),
  .UNSPECIFIED.,.F.,.F.,(7,5,5,5,5,5,5,5,5,5,5,7),(0.,0.111943728087,
    0.163457157599,0.233604558857,0.317034634377,0.405518338347,
    0.499773575912,0.593900130696,0.681961812124,0.836245378837,
    0.928869834829,1.),.UNSPECIFIED.);
#896 = CARTESIAN_POINT('',(262.56513925461,0.,3.3));
#897 = CARTESIAN_POINT('',(262.56513925461,-0.440623594657,3.3));
#898 = CARTESIAN_POINT('',(262.60396950167,-0.87725084295,3.321180282057
    ));
#899 = CARTESIAN_POINT('',(262.68030661112,-1.303124901217,
    3.362817939234));
#900 = CARTESIAN_POINT('',(262.79077347709,-1.711714377137,
    3.422352603189));
#901 = CARTESIAN_POINT('',(262.92994625589,-2.09707393673,3.49553508777)
  );
#902 = CARTESIAN_POINT('',(263.16365158643,-2.618464303631,
    3.614867398005));
#903 = CARTESIAN_POINT('',(263.24209159887,-2.777607629015,
    3.654470903308));
#904 = CARTESIAN_POINT('',(263.32491564983,-2.931588210387,3.69574750072
    ));
#905 = CARTESIAN_POINT('',(263.41175288691,-3.080432481131,
    3.738391610335));
#906 = CARTESIAN_POINT('',(263.50226469924,-3.224183072659,
    3.782116691689));
#907 = CARTESIAN_POINT('',(263.72398214907,-3.551791237885,
    3.887308793715));
#908 = CARTESIAN_POINT('',(263.8580951297,-3.731392964176,3.949486869848
    ));
#909 = CARTESIAN_POINT('',(263.9978002536,-3.901965167346,4.01256137835)
  );
#910 = CARTESIAN_POINT('',(264.14253241746,-4.063767462326,
    4.075972394553));
#911 = CARTESIAN_POINT('',(264.29184515613,-4.217057643825,4.13922321696
    ));
#912 = CARTESIAN_POINT('',(264.62805677237,-4.534588839033,
    4.276387300664));
#913 = CARTESIAN_POINT('',(264.81674313492,-4.695428952384,4.35006111444
    ));
#914 = CARTESIAN_POINT('',(265.01082071296,-4.844933898258,
    4.422110570045));
#915 = CARTESIAN_POINT('',(265.2097907957,-4.983389263642,4.491833440726
    ));
#916 = CARTESIAN_POINT('',(265.41327528498,-5.111025315138,
    4.558588638912));
#917 = CARTESIAN_POINT('',(265.84127818825,-5.352055674877,
    4.688788772707));
#918 = CARTESIAN_POINT('',(266.06635652377,-5.464137604491,
    4.751798346814));
#919 = CARTESIAN_POINT('',(266.29565253801,-5.564293182708,
    4.810015313289));
#920 = CARTESIAN_POINT('',(266.52866002815,-5.652555376222,
    4.862726124231));
#921 = CARTESIAN_POINT('',(266.76493360292,-5.72892719331,4.909305675317
    ));
#922 = CARTESIAN_POINT('',(267.25884038122,-5.862012830762,
    4.991760296027));
#923 = CARTESIAN_POINT('',(267.51685123991,-5.917116309174,
    5.026737066419));
#924 = CARTESIAN_POINT('',(267.77726810173,-5.958526839623,
    5.053465163347));
#925 = CARTESIAN_POINT('',(268.03929542818,-5.986169516194,
    5.071454784518));
#926 = CARTESIAN_POINT('',(268.30217053326,-6.,5.080455542707));
#927 = CARTESIAN_POINT('',(268.82774895562,-6.,5.080455542707));
#928 = CARTESIAN_POINT('',(269.09026563163,-5.986207254604,
    5.071479344334));
#929 = CARTESIAN_POINT('',(269.35193798432,-5.958639914927,
    5.053538751829));
#930 = CARTESIAN_POINT('',(269.6120062548,-5.917342111867,5.026882809607
    ));
#931 = CARTESIAN_POINT('',(269.86967804811,-5.862388436838,
    4.991998721357));
#932 = CARTESIAN_POINT('',(270.3621385135,-5.729882691572,4.909892363224
    ));
#933 = CARTESIAN_POINT('',(270.59732350061,-5.654017441261,
    4.863611453726));
#934 = CARTESIAN_POINT('',(270.82927854078,-5.566374204416,
    4.811251389391));
#935 = CARTESIAN_POINT('',(271.05756397502,-5.466950641872,
    4.753427723334));
#936 = CARTESIAN_POINT('',(271.28168065655,-5.355715283563,
    4.690843034544));
#937 = CARTESIAN_POINT('',(271.88543517086,-5.016959475755,4.50764432135
    ));
#938 = CARTESIAN_POINT('',(272.25486612908,-4.765131955001,
    4.378910380545));
#939 = CARTESIAN_POINT('',(272.60814475565,-4.476046777644,
    4.241773672637));
#940 = CARTESIAN_POINT('',(272.94271102321,-4.147545091827,
    4.100287342287));
#941 = CARTESIAN_POINT('',(273.2540905195,-3.776899166371,3.959538035202
    ));
#942 = CARTESIAN_POINT('',(273.70352273683,-3.11248527974,3.746282206202
    ));
#943 = CARTESIAN_POINT('',(273.86157875701,-2.846502045238,
    3.668760941458));
#944 = CARTESIAN_POINT('',(274.00691753567,-2.56379320869,3.59542943583)
  );
#945 = CARTESIAN_POINT('',(274.13723944671,-2.264555690638,
    3.528155916793));
#946 = CARTESIAN_POINT('',(274.25007428124,-1.949221157469,
    3.468918630471));
#947 = CARTESIAN_POINT('',(274.41386193965,-1.364551842962,
    3.381945102869));
#948 = CARTESIAN_POINT('',(274.47310815971,-1.101489761772,
    3.350083704838));
#949 = CARTESIAN_POINT('',(274.5187511492,-0.831342112055,3.325302605451
    ));
#950 = CARTESIAN_POINT('',(274.54963937986,-0.556240602221,3.30845447629
    ));
#951 = CARTESIAN_POINT('',(274.56513925461,-0.278386745394,3.3));
#952 = CARTESIAN_POINT('',(274.56513925461,-1.7763568394E-15,3.3));
#953 = PCURVE('',#143,#954);
#954 = DEFINITIONAL_REPRESENTATION('',(#955),#1013);
#955 = B_SPLINE_CURVE_WITH_KNOTS('',6,(#956,#957,#958,#959,#960,#961,
    #962,#963,#964,#965,#966,#967,#968,#969,#970,#971,#972,#973,#974,
    #975,#976,#977,#978,#979,#980,#981,#982,#983,#984,#985,#986,#987,
    #988,#989,#990,#991,#992,#993,#994,#995,#996,#997,#998,#999,#1000,
    #1001,#1002,#1003,#1004,#1005,#1006,#1007,#1008,#1009,#1010,#1011,
    #1012),.UNSPECIFIED.,.F.,.F.,(7,5,5,5,5,5,5,5,5,5,5,7),(0.,
    0.111943728087,0.163457157599,0.233604558857,0.317034634377,
    0.405518338347,0.499773575912,0.593900130696,0.681961812124,
    0.836245378837,0.928869834829,1.),.UNSPECIFIED.);
#956 = CARTESIAN_POINT('',(3.14159265359,6.8));
#957 = CARTESIAN_POINT('',(3.215029919366,6.8));
#958 = CARTESIAN_POINT('',(3.287801082217,6.821180282057));
#959 = CARTESIAN_POINT('',(3.359493247923,6.862817939234));
#960 = CARTESIAN_POINT('',(3.429664547119,6.922352603189));
#961 = CARTESIAN_POINT('',(3.497760286212,6.99553508777));
#962 = CARTESIAN_POINT('',(3.592988972399,7.114867398005));
#963 = CARTESIAN_POINT('',(3.62253996335,7.154470903308));
#964 = CARTESIAN_POINT('',(3.65165325326,7.19574750072));
#965 = CARTESIAN_POINT('',(3.680348859478,7.238391610335));
#966 = CARTESIAN_POINT('',(3.708645463642,7.282116691689));
#967 = CARTESIAN_POINT('',(3.774575927323,7.387308793715));
#968 = CARTESIAN_POINT('',(3.811893967513,7.449486869848));
#969 = CARTESIAN_POINT('',(3.848586831756,7.51256137835));
#970 = CARTESIAN_POINT('',(3.884718686064,7.575972394553));
#971 = CARTESIAN_POINT('',(3.920352808794,7.63922321696));
#972 = CARTESIAN_POINT('',(3.997428585148,7.776387300664));
#973 = CARTESIAN_POINT('',(4.038697647826,7.85006111444));
#974 = CARTESIAN_POINT('',(4.079454759061,7.922110570045));
#975 = CARTESIAN_POINT('',(4.119785771129,7.991833440726));
#976 = CARTESIAN_POINT('',(4.159774527615,8.058588638912));
#977 = CARTESIAN_POINT('',(4.241641988172,8.188788772707));
#978 = CARTESIAN_POINT('',(4.283494626405,8.251798346814));
#979 = CARTESIAN_POINT('',(4.325119110798,8.310015313289));
#980 = CARTESIAN_POINT('',(4.366570148237,8.362726124231));
#981 = CARTESIAN_POINT('',(4.407904607089,8.409305675317));
#982 = CARTESIAN_POINT('',(4.49315842625,8.491760296027));
#983 = CARTESIAN_POINT('',(4.537068735839,8.526737066419));
#984 = CARTESIAN_POINT('',(4.580925558038,8.553465163347));
#985 = CARTESIAN_POINT('',(4.624748348522,8.571454784518));
#986 = CARTESIAN_POINT('',(4.668560860161,8.580455542707));
#987 = CARTESIAN_POINT('',(4.756157263887,8.580455542707));
#988 = CARTESIAN_POINT('',(4.799910037397,8.571479344334));
#989 = CARTESIAN_POINT('',(4.843673045513,8.553538751829));
#990 = CARTESIAN_POINT('',(4.88746991515,8.526882809607));
#991 = CARTESIAN_POINT('',(4.931320000228,8.491998721357));
#992 = CARTESIAN_POINT('',(5.016315928643,8.409892363224));
#993 = CARTESIAN_POINT('',(5.057452511871,8.363611453726));
#994 = CARTESIAN_POINT('',(5.098704075577,8.311251389391));
#995 = CARTESIAN_POINT('',(5.140126533561,8.253427723334));
#996 = CARTESIAN_POINT('',(5.181773652381,8.190843034544));
#997 = CARTESIAN_POINT('',(5.297156470628,8.00764432135));
#998 = CARTESIAN_POINT('',(5.371391196332,7.878910380545));
#999 = CARTESIAN_POINT('',(5.447028437258,7.741773672637));
#1000 = CARTESIAN_POINT('',(5.524667854823,7.600287342287));
#1001 = CARTESIAN_POINT('',(5.604912780647,7.459538035202));
#1002 = CARTESIAN_POINT('',(5.738603461235,7.246282206202));
#1003 = CARTESIAN_POINT('',(5.790081850232,7.168760941458));
#1004 = CARTESIAN_POINT('',(5.842908604289,7.09542943583));
#1005 = CARTESIAN_POINT('',(5.897129302653,7.028155916793));
#1006 = CARTESIAN_POINT('',(5.952809731414,6.968918630471));
#1007 = CARTESIAN_POINT('',(6.054005993473,6.881945102869));
#1008 = CARTESIAN_POINT('',(6.098888007467,6.850083704838));
#1009 = CARTESIAN_POINT('',(6.144448484488,6.825302605451));
#1010 = CARTESIAN_POINT('',(6.190478543341,6.80845447629));
#1011 = CARTESIAN_POINT('',(6.236787516281,6.8));
#1012 = CARTESIAN_POINT('',(6.28318530718,6.8));
#1013 = ( GEOMETRIC_REPRESENTATION_CONTEXT(2) 
PARAMETRIC_REPRESENTATION_CONTEXT() REPRESENTATION_CONTEXT('2D SPACE',''
  ) );
#1014 = PCURVE('',#116,#1015);
#1015 = DEFINITIONAL_REPRESENTATION('',(#1016),#1074);
#1016 = B_SPLINE_CURVE_WITH_KNOTS('',6,(#1017,#1018,#1019,#1020,#1021,
    #1022,#1023,#1024,#1025,#1026,#1027,#1028,#1029,#1030,#1031,#1032,
    #1033,#1034,#1035,#1036,#1037,#1038,#1039,#1040,#1041,#1042,#1043,
    #1044,#1045,#1046,#1047,#1048,#1049,#1050,#1051,#1052,#1053,#1054,
    #1055,#1056,#1057,#1058,#1059,#1060,#1061,#1062,#1063,#1064,#1065,
    #1066,#1067,#1068,#1069,#1070,#1071,#1072,#1073),.UNSPECIFIED.,.F.,
  .F.,(7,5,5,5,5,5,5,5,5,5,5,7),(0.,0.111943728087,0.163457157599,
    0.233604558857,0.317034634377,0.405518338347,0.499773575912,
    0.593900130696,0.681961812124,0.836245378837,0.928869834829,1.),
  .UNSPECIFIED.);
#1017 = CARTESIAN_POINT('',(6.28318530718,178.56513925461));
#1018 = CARTESIAN_POINT('',(6.243128616756,178.56513925461));
#1019 = CARTESIAN_POINT('',(6.203435165998,178.60396950167));
#1020 = CARTESIAN_POINT('',(6.164603970034,178.68030661112));
#1021 = CARTESIAN_POINT('',(6.127122026572,178.79077347709));
#1022 = CARTESIAN_POINT('',(6.091487993156,178.92994625589));
#1023 = CARTESIAN_POINT('',(6.042863260905,179.16365158643));
#1024 = CARTESIAN_POINT('',(6.027957100294,179.24209159887));
#1025 = CARTESIAN_POINT('',(6.013468039905,179.32491564983));
#1026 = CARTESIAN_POINT('',(5.999395221368,179.41175288691));
#1027 = CARTESIAN_POINT('',(5.985737434368,179.50226469924));
#1028 = CARTESIAN_POINT('',(5.954457243894,179.72398214907));
#1029 = CARTESIAN_POINT('',(5.937183441547,179.8580951297));
#1030 = CARTESIAN_POINT('',(5.920655762987,179.9978002536));
#1031 = CARTESIAN_POINT('',(5.904861112023,180.14253241746));
#1032 = CARTESIAN_POINT('',(5.889787984103,180.29184515613));
#1033 = CARTESIAN_POINT('',(5.858343418451,180.62805677237));
#1034 = CARTESIAN_POINT('',(5.842264432493,180.81674313492));
#1035 = CARTESIAN_POINT('',(5.827181066784,181.01082071296));
#1036 = CARTESIAN_POINT('',(5.813090969183,181.2097907957));
#1037 = CARTESIAN_POINT('',(5.79999770509,181.41327528498));
#1038 = CARTESIAN_POINT('',(5.775093307862,181.84127818825));
#1039 = CARTESIAN_POINT('',(5.763405963779,182.06635652377));
#1040 = CARTESIAN_POINT('',(5.752875851599,182.29565253801));
#1041 = CARTESIAN_POINT('',(5.74353067836,182.52866002815));
#1042 = CARTESIAN_POINT('',(5.73539855434,182.76493360292));
#1043 = CARTESIAN_POINT('',(5.721165967075,183.25884038122));
#1044 = CARTESIAN_POINT('',(5.715232966769,183.51685123991));
#1045 = CARTESIAN_POINT('',(5.710752362547,183.77726810173));
#1046 = CARTESIAN_POINT('',(5.707754087224,184.03929542818));
#1047 = CARTESIAN_POINT('',(5.706253961943,184.30217053326));
#1048 = CARTESIAN_POINT('',(5.706253961943,184.82774895562));
#1049 = CARTESIAN_POINT('',(5.707749993932,185.09026563163));
#1050 = CARTESIAN_POINT('',(5.71074009776,185.35193798432));
#1051 = CARTESIAN_POINT('',(5.71520853499,185.6120062548));
#1052 = CARTESIAN_POINT('',(5.721125524983,185.86967804811));
#1053 = CARTESIAN_POINT('',(5.735296624247,186.3621385135));
#1054 = CARTESIAN_POINT('',(5.743375299371,186.59732350061));
#1055 = CARTESIAN_POINT('',(5.752655826582,186.82927854078));
#1056 = CARTESIAN_POINT('',(5.763110466813,187.05756397502));
#1057 = CARTESIAN_POINT('',(5.774711833725,187.28168065655));
#1058 = CARTESIAN_POINT('',(5.809722725282,187.88543517086));
#1059 = CARTESIAN_POINT('',(5.8354271324,188.25486612908));
#1060 = CARTESIAN_POINT('',(5.864493981393,188.60814475565));
#1061 = CARTESIAN_POINT('',(5.896971796272,188.94271102321));
#1062 = CARTESIAN_POINT('',(5.932965242361,189.2540905195));
#1063 = CARTESIAN_POINT('',(5.996401542248,189.70352273683));
#1064 = CARTESIAN_POINT('',(6.021578720968,189.86157875701));
#1065 = CARTESIAN_POINT('',(6.048111533493,190.00691753567));
#1066 = CARTESIAN_POINT('',(6.075969283788,190.13723944671));
#1067 = CARTESIAN_POINT('',(6.105116415002,190.25007428124));
#1068 = CARTESIAN_POINT('',(6.158853039464,190.41386193965));
#1069 = CARTESIAN_POINT('',(6.182933674643,190.47310815971));
#1070 = CARTESIAN_POINT('',(6.207579595439,190.5187511492));
#1071 = CARTESIAN_POINT('',(6.232617974364,190.54963937986));
#1072 = CARTESIAN_POINT('',(6.257877421235,190.56513925461));
#1073 = CARTESIAN_POINT('',(6.28318530718,190.56513925461));
#1074 = ( GEOMETRIC_REPRESENTATION_CONTEXT(2) 
PARAMETRIC_REPRESENTATION_CONTEXT() REPRESENTATION_CONTEXT('2D SPACE',''
  ) );
#1075 = ORIENTED_EDGE('',*,*,#128,.F.);
#1076 = ORIENTED_EDGE('',*,*,#844,.T.);
#1077 = ADVANCED_FACE('',(#1078),#116,.F.);
#1078 = FACE_BOUND('',#1079,.F.);
#1079 = EDGE_LOOP('',(#1080,#1104,#1105,#1106,#1129,#1314,#1337,#1470,
    #1511,#1566));
#1080 = ORIENTED_EDGE('',*,*,#1081,.T.);
#1081 = EDGE_CURVE('',#1082,#75,#1084,.T.);
#1082 = VERTEX_POINT('',#1083);
#1083 = CARTESIAN_POINT('',(235.4,1.347111479062E-15,25.3));
#1084 = SURFACE_CURVE('',#1085,(#1090,#1097),.PCURVE_S1.);
#1085 = CIRCLE('',#1086,11.);
#1086 = AXIS2_PLACEMENT_3D('',#1087,#1088,#1089);
#1087 = CARTESIAN_POINT('',(235.4,0.,14.3));
#1088 = DIRECTION('',(1.,0.,2.22044604925E-16));
#1089 = DIRECTION('',(2.22044604925E-16,0.,-1.));
#1090 = PCURVE('',#116,#1091);
#1091 = DEFINITIONAL_REPRESENTATION('',(#1092),#1096);
#1092 = LINE('',#1093,#1094);
#1093 = CARTESIAN_POINT('',(0.,151.4));
#1094 = VECTOR('',#1095,1.);
#1095 = DIRECTION('',(1.,0.));
#1096 = ( GEOMETRIC_REPRESENTATION_CONTEXT(2) 
PARAMETRIC_REPRESENTATION_CONTEXT() REPRESENTATION_CONTEXT('2D SPACE',''
  ) );
#1097 = PCURVE('',#89,#1098);
#1098 = DEFINITIONAL_REPRESENTATION('',(#1099),#1103);
#1099 = CIRCLE('',#1100,11.);
#1100 = AXIS2_PLACEMENT_2D('',#1101,#1102);
#1101 = CARTESIAN_POINT('',(-1.7763568394E-15,0.));
#1102 = DIRECTION('',(1.,0.));
#1103 = ( GEOMETRIC_REPRESENTATION_CONTEXT(2) 
PARAMETRIC_REPRESENTATION_CONTEXT() REPRESENTATION_CONTEXT('2D SPACE',''
  ) );
#1104 = ORIENTED_EDGE('',*,*,#100,.T.);
#1105 = ORIENTED_EDGE('',*,*,#893,.T.);
#1106 = ORIENTED_EDGE('',*,*,#1107,.T.);
#1107 = EDGE_CURVE('',#871,#1108,#1110,.T.);
#1108 = VERTEX_POINT('',#1109);
#1109 = CARTESIAN_POINT('',(284.53399836738,-2.694222958124E-15,3.3));
#1110 = SURFACE_CURVE('',#1111,(#1115,#1122),.PCURVE_S1.);
#1111 = LINE('',#1112,#1113);
#1112 = CARTESIAN_POINT('',(84.,-2.694222958124E-15,3.3));
#1113 = VECTOR('',#1114,1.);
#1114 = DIRECTION('',(1.,0.,2.22044604925E-16));
#1115 = PCURVE('',#116,#1116);
#1116 = DEFINITIONAL_REPRESENTATION('',(#1117),#1121);
#1117 = LINE('',#1118,#1119);
#1118 = CARTESIAN_POINT('',(6.28318530718,-0.));
#1119 = VECTOR('',#1120,1.);
#1120 = DIRECTION('',(0.,1.));
#1121 = ( GEOMETRIC_REPRESENTATION_CONTEXT(2) 
PARAMETRIC_REPRESENTATION_CONTEXT() REPRESENTATION_CONTEXT('2D SPACE',''
  ) );
#1122 = PCURVE('',#833,#1123);
#1123 = DEFINITIONAL_REPRESENTATION('',(#1124),#1128);
#1124 = LINE('',#1125,#1126);
#1125 = CARTESIAN_POINT('',(503.3,584.));
#1126 = VECTOR('',#1127,1.);
#1127 = DIRECTION('',(2.22044604925E-16,1.));
#1128 = ( GEOMETRIC_REPRESENTATION_CONTEXT(2) 
PARAMETRIC_REPRESENTATION_CONTEXT() REPRESENTATION_CONTEXT('2D SPACE',''
  ) );
#1129 = ORIENTED_EDGE('',*,*,#1130,.T.);
#1130 = EDGE_CURVE('',#1108,#1131,#1133,.T.);
#1131 = VERTEX_POINT('',#1132);
#1132 = CARTESIAN_POINT('',(297.03399836738,-2.112515728529E-15,3.3));
#1133 = SURFACE_CURVE('',#1134,(#1192,#1253),.PCURVE_S1.);
#1134 = B_SPLINE_CURVE_WITH_KNOTS('',6,(#1135,#1136,#1137,#1138,#1139,
    #1140,#1141,#1142,#1143,#1144,#1145,#1146,#1147,#1148,#1149,#1150,
    #1151,#1152,#1153,#1154,#1155,#1156,#1157,#1158,#1159,#1160,#1161,
    #1162,#1163,#1164,#1165,#1166,#1167,#1168,#1169,#1170,#1171,#1172,
    #1173,#1174,#1175,#1176,#1177,#1178,#1179,#1180,#1181,#1182,#1183,
    #1184,#1185,#1186,#1187,#1188,#1189,#1190,#1191),.UNSPECIFIED.,.F.,
  .F.,(7,5,5,5,5,5,5,5,5,5,5,7),(0.,0.109884461992,0.16175785966,
    0.200236127531,0.308811642497,0.401773196644,0.499924949712,
    0.597546654497,0.689994862572,0.838084150982,0.890420787772,1.),
  .UNSPECIFIED.);
#1135 = CARTESIAN_POINT('',(284.53399836738,0.,3.3));
#1136 = CARTESIAN_POINT('',(284.53399836738,-0.451723798148,3.3));
#1137 = CARTESIAN_POINT('',(284.57317724625,-0.899311725341,
    3.322260932071));
#1138 = CARTESIAN_POINT('',(284.6501870215,-1.335976611365,
    3.366015452465));
#1139 = CARTESIAN_POINT('',(284.76162939157,-1.755152840426,
    3.428629102002));
#1140 = CARTESIAN_POINT('',(284.90205904973,-2.150842334434,
    3.505739645424));
#1141 = CARTESIAN_POINT('',(285.13989343423,-2.691174735451,
    3.632794952927));
#1142 = CARTESIAN_POINT('',(285.22125431877,-2.858935713766,
    3.675793554685));
#1143 = CARTESIAN_POINT('',(285.3072669985,-3.021196460723,3.72068661621
    ));
#1144 = CARTESIAN_POINT('',(285.39752969824,-3.177990793979,
    3.767134843061));
#1145 = CARTESIAN_POINT('',(285.49167705746,-3.329370313935,
    3.814820746938));
#1146 = CARTESIAN_POINT('',(285.66185209189,-3.583727650685,
    3.899522541894));
#1147 = CARTESIAN_POINT('',(285.73629345024,-3.689128494144,
    3.936120118766));
#1148 = CARTESIAN_POINT('',(285.81258251866,-3.791651374014,
    3.973129849368));
#1149 = CARTESIAN_POINT('',(285.89061176642,-3.891342964403,
    4.010445775092));
#1150 = CARTESIAN_POINT('',(285.97028695406,-3.988251687086,
    4.047969257142));
#1151 = CARTESIAN_POINT('',(286.28076547488,-4.348167593106,
    4.191818329022));
#1152 = CARTESIAN_POINT('',(286.5225700874,-4.592270594538,
    4.299001451176));
#1153 = CARTESIAN_POINT('',(286.77501432812,-4.815664197867,
    4.405041560472));
#1154 = CARTESIAN_POINT('',(287.03677519886,-5.019215862774,
    4.508159404478));
#1155 = CARTESIAN_POINT('',(287.30699152736,-5.203627296384,
    4.606790618733));
#1156 = CARTESIAN_POINT('',(287.82325553259,-5.511201061029,
    4.778808565598));
#1157 = CARTESIAN_POINT('',(288.06719056944,-5.639358335009,
    4.85378611566));
#1158 = CARTESIAN_POINT('',(288.31625242767,-5.753868834437,
    4.923360440705));
#1159 = CARTESIAN_POINT('',(288.56985241341,-5.854774797659,
    4.986580093724));
#1160 = CARTESIAN_POINT('',(288.82748588204,-5.942072656808,
    5.042597274611));
#1161 = CARTESIAN_POINT('',(289.36456012193,-6.093424271076,
    5.14146295021));
#1162 = CARTESIAN_POINT('',(289.64442270862,-6.155909613053,
    5.183402769386));
#1163 = CARTESIAN_POINT('',(289.92725512812,-6.202904647656,
    5.215549027261));
#1164 = CARTESIAN_POINT('',(290.21207868552,-6.234291512422,
    5.237220422147));
#1165 = CARTESIAN_POINT('',(290.49796464715,-6.25,5.248066504884));
#1166 = CARTESIAN_POINT('',(291.06848742155,-6.25,5.248066504884));
#1167 = CARTESIAN_POINT('',(291.35283245382,-6.234460713832,
    5.237337248855));
#1168 = CARTESIAN_POINT('',(291.6361321699,-6.203411334771,
    5.215898875024));
#1169 = CARTESIAN_POINT('',(291.91747159487,-6.156920775006,
    5.184094466635));
#1170 = CARTESIAN_POINT('',(292.19588706318,-6.095104972173,
    5.142591219359));
#1171 = CARTESIAN_POINT('',(292.73023434664,-5.945377859258,
    5.044728451846));
#1172 = CARTESIAN_POINT('',(292.98658112439,-5.859022114949,
    4.989271988793));
#1173 = CARTESIAN_POINT('',(293.23895484829,-5.759205485321,
    4.926668852425));
#1174 = CARTESIAN_POINT('',(293.48685745556,-5.645933490395,
    4.857751107554));
#1175 = CARTESIAN_POINT('',(293.72970917405,-5.519167719499,
    4.783453060577));
#1176 = CARTESIAN_POINT('',(294.34670783859,-5.154068351265,
    4.578787044811));
#1177 = CARTESIAN_POINT('',(294.71159303033,-4.894690086545,
    4.44168915266));
#1178 = CARTESIAN_POINT('',(295.06048536245,-4.599562104848,
    4.297164246845));
#1179 = CARTESIAN_POINT('',(295.3910639875,-4.266530679477,
    4.149145382265));
#1180 = CARTESIAN_POINT('',(295.69917946407,-3.892912888319,
    4.00252349556));
#1181 = CARTESIAN_POINT('',(296.07653195718,-3.329109896964,
    3.814719495459));
#1182 = CARTESIAN_POINT('',(296.1714566729,-3.176449227223,
    3.766636692978));
#1183 = CARTESIAN_POINT('',(296.26243045976,-3.018282079177,
    3.71981337866));
#1184 = CARTESIAN_POINT('',(296.34907807109,-2.85455638633,3.67457544232
    ));
#1185 = CARTESIAN_POINT('',(296.4309867954,-2.685238551566,3.63127122534
    ));
#1186 = CARTESIAN_POINT('',(296.66833452788,-2.144067626122,
    3.504423127577));
#1187 = CARTESIAN_POINT('',(296.80789037515,-1.749416296822,
    3.42777353331));
#1188 = CARTESIAN_POINT('',(296.91860412941,-1.331481602343,
    3.365564088276));
#1189 = CARTESIAN_POINT('',(296.995092004,-0.896220942203,3.322106092808
    ));
#1190 = CARTESIAN_POINT('',(297.03399836738,-0.450150077087,3.3));
#1191 = CARTESIAN_POINT('',(297.03399836738,-1.7763568394E-15,3.3));
#1192 = PCURVE('',#116,#1193);
#1193 = DEFINITIONAL_REPRESENTATION('',(#1194),#1252);
#1194 = B_SPLINE_CURVE_WITH_KNOTS('',6,(#1195,#1196,#1197,#1198,#1199,
    #1200,#1201,#1202,#1203,#1204,#1205,#1206,#1207,#1208,#1209,#1210,
    #1211,#1212,#1213,#1214,#1215,#1216,#1217,#1218,#1219,#1220,#1221,
    #1222,#1223,#1224,#1225,#1226,#1227,#1228,#1229,#1230,#1231,#1232,
    #1233,#1234,#1235,#1236,#1237,#1238,#1239,#1240,#1241,#1242,#1243,
    #1244,#1245,#1246,#1247,#1248,#1249,#1250,#1251),.UNSPECIFIED.,.F.,
  .F.,(7,5,5,5,5,5,5,5,5,5,5,7),(0.,0.109884461992,0.16175785966,
    0.200236127531,0.308811642497,0.401773196644,0.499924949712,
    0.597546654497,0.689994862572,0.838084150982,0.890420787772,1.),
  .UNSPECIFIED.);
#1195 = CARTESIAN_POINT('',(6.28318530718,200.53399836738));
#1196 = CARTESIAN_POINT('',(6.242119507348,200.53399836738));
#1197 = CARTESIAN_POINT('',(6.201429628951,200.57317724625));
#1198 = CARTESIAN_POINT('',(6.161608489501,200.6501870215));
#1199 = CARTESIAN_POINT('',(6.123138137931,200.76162939157));
#1200 = CARTESIAN_POINT('',(6.086516762605,200.90205904973));
#1201 = CARTESIAN_POINT('',(6.036055898565,201.13989343423));
#1202 = CARTESIAN_POINT('',(6.0203150532,201.22125431877));
#1203 = CARTESIAN_POINT('',(6.005013905777,201.3072669985));
#1204 = CARTESIAN_POINT('',(5.99015097163,201.39752969824));
#1205 = CARTESIAN_POINT('',(5.975724462644,201.49167705746));
#1206 = CARTESIAN_POINT('',(5.951352678249,201.66185209189));
#1207 = CARTESIAN_POINT('',(5.941210411448,201.73629345024));
#1208 = CARTESIAN_POINT('',(5.931302555438,201.81258251866));
#1209 = CARTESIAN_POINT('',(5.921626543344,201.89061176642));
#1210 = CARTESIAN_POINT('',(5.912179830685,201.97028695406));
#1211 = CARTESIAN_POINT('',(5.876943671702,202.28076547488));
#1212 = CARTESIAN_POINT('',(5.852721006931,202.5225700874));
#1213 = CARTESIAN_POINT('',(5.830253797107,202.77501432812));
#1214 = CARTESIAN_POINT('',(5.809518035345,203.03677519886));
#1215 = CARTESIAN_POINT('',(5.790509591439,203.30699152736));
#1216 = CARTESIAN_POINT('',(5.758472449417,203.82325553259));
#1217 = CARTESIAN_POINT('',(5.744976926172,204.06719056944));
#1218 = CARTESIAN_POINT('',(5.732798156606,204.31625242767));
#1219 = CARTESIAN_POINT('',(5.721974203623,204.56985241341));
#1220 = CARTESIAN_POINT('',(5.712544991924,204.82748588204));
#1221 = CARTESIAN_POINT('',(5.696110364865,205.36456012193));
#1222 = CARTESIAN_POINT('',(5.68926950727,205.64442270862));
#1223 = CARTESIAN_POINT('',(5.684093418546,205.92725512812));
#1224 = CARTESIAN_POINT('',(5.680625985543,206.21207868552));
#1225 = CARTESIAN_POINT('',(5.678890614387,206.49796464715));
#1226 = CARTESIAN_POINT('',(5.678890614387,207.06848742155));
#1227 = CARTESIAN_POINT('',(5.680607293351,207.35283245382));
#1228 = CARTESIAN_POINT('',(5.6840374426,207.6361321699));
#1229 = CARTESIAN_POINT('',(5.689158135464,207.91747159487));
#1230 = CARTESIAN_POINT('',(5.695926352795,208.19588706318));
#1231 = CARTESIAN_POINT('',(5.712187478575,208.73023434664));
#1232 = CARTESIAN_POINT('',(5.721517089132,208.98658112439));
#1233 = CARTESIAN_POINT('',(5.732227397824,209.23895484829));
#1234 = CARTESIAN_POINT('',(5.744279018597,209.48685745556));
#1235 = CARTESIAN_POINT('',(5.757634243561,209.72970917405));
#1236 = CARTESIAN_POINT('',(5.795684419948,210.34670783859));
#1237 = CARTESIAN_POINT('',(5.822347394189,210.71159303033));
#1238 = CARTESIAN_POINT('',(5.852198435704,211.06048536245));
#1239 = CARTESIAN_POINT('',(5.885289265981,211.3910639875));
#1240 = CARTESIAN_POINT('',(5.921726256711,211.69917946407));
#1241 = CARTESIAN_POINT('',(5.975749832489,212.07653195718));
#1242 = CARTESIAN_POINT('',(5.990298222437,212.1714566729));
#1243 = CARTESIAN_POINT('',(6.005290415717,212.26243045976));
#1244 = CARTESIAN_POINT('',(6.02072817025,212.34907807109));
#1245 = CARTESIAN_POINT('',(6.036612927172,212.4309867954));
#1246 = CARTESIAN_POINT('',(6.08714369764,212.66833452788));
#1247 = CARTESIAN_POINT('',(6.123664608439,212.80789037515));
#1248 = CARTESIAN_POINT('',(6.162018423419,212.91860412941));
#1249 = CARTESIAN_POINT('',(6.201710609287,212.995092004));
#1250 = CARTESIAN_POINT('',(6.242262572899,213.03399836738));
#1251 = CARTESIAN_POINT('',(6.28318530718,213.03399836738));
#1252 = ( GEOMETRIC_REPRESENTATION_CONTEXT(2) 
PARAMETRIC_REPRESENTATION_CONTEXT() REPRESENTATION_CONTEXT('2D SPACE',''
  ) );
#1253 = PCURVE('',#806,#1254);
#1254 = DEFINITIONAL_REPRESENTATION('',(#1255),#1313);
#1255 = B_SPLINE_CURVE_WITH_KNOTS('',6,(#1256,#1257,#1258,#1259,#1260,
    #1261,#1262,#1263,#1264,#1265,#1266,#1267,#1268,#1269,#1270,#1271,
    #1272,#1273,#1274,#1275,#1276,#1277,#1278,#1279,#1280,#1281,#1282,
    #1283,#1284,#1285,#1286,#1287,#1288,#1289,#1290,#1291,#1292,#1293,
    #1294,#1295,#1296,#1297,#1298,#1299,#1300,#1301,#1302,#1303,#1304,
    #1305,#1306,#1307,#1308,#1309,#1310,#1311,#1312),.UNSPECIFIED.,.F.,
  .F.,(7,5,5,5,5,5,5,5,5,5,5,7),(0.,0.109884461992,0.16175785966,
    0.200236127531,0.308811642497,0.401773196644,0.499924949712,
    0.597546654497,0.689994862572,0.838084150982,0.890420787772,1.),
  .UNSPECIFIED.);
#1256 = CARTESIAN_POINT('',(3.14159265359,6.8));
#1257 = CARTESIAN_POINT('',(3.213868461293,6.8));
#1258 = CARTESIAN_POINT('',(3.285482488689,6.822260932071));
#1259 = CARTESIAN_POINT('',(3.356028710399,6.866015452465));
#1260 = CARTESIAN_POINT('',(3.42507259688,6.928629102002));
#1261 = CARTESIAN_POINT('',(3.492069804551,7.005739645424));
#1262 = CARTESIAN_POINT('',(3.586527318968,7.132794952927));
#1263 = CARTESIAN_POINT('',(3.616338888755,7.175793554685));
#1264 = CARTESIAN_POINT('',(3.645694836511,7.22068661621));
#1265 = CARTESIAN_POINT('',(3.674616418432,7.267134843061));
#1266 = CARTESIAN_POINT('',(3.703123520925,7.314820746938));
#1267 = CARTESIAN_POINT('',(3.752089062337,7.399522541894));
#1268 = CARTESIAN_POINT('',(3.77272864427,7.436120118766));
#1269 = CARTESIAN_POINT('',(3.793166085193,7.473129849368));
#1270 = CARTESIAN_POINT('',(3.813412817189,7.510445775092));
#1271 = CARTESIAN_POINT('',(3.833480361653,7.547969257142));
#1272 = CARTESIAN_POINT('',(3.909532785055,7.691818329022));
#1273 = CARTESIAN_POINT('',(3.964377488481,7.799001451176));
#1274 = CARTESIAN_POINT('',(4.018142747932,7.905041560472));
#1275 = CARTESIAN_POINT('',(4.071042906928,8.008159404478));
#1276 = CARTESIAN_POINT('',(4.123286895693,8.106790618733));
#1277 = CARTESIAN_POINT('',(4.219437463456,8.278808565598));
#1278 = CARTESIAN_POINT('',(4.263462445662,8.35378611566));
#1279 = CARTESIAN_POINT('',(4.307231672319,8.423360440705));
#1280 = CARTESIAN_POINT('',(4.350813086399,8.486580093724));
#1281 = CARTESIAN_POINT('',(4.394277732426,8.542597274611));
#1282 = CARTESIAN_POINT('',(4.483556592675,8.64146295021));
#1283 = CARTESIAN_POINT('',(4.529367703963,8.683402769386));
#1284 = CARTESIAN_POINT('',(4.575137485054,8.715549027261));
#1285 = CARTESIAN_POINT('',(4.620881841686,8.737220422147));
#1286 = CARTESIAN_POINT('',(4.666623585148,8.748066504884));
#1287 = CARTESIAN_POINT('',(4.757907229051,8.748066504884));
#1288 = CARTESIAN_POINT('',(4.803402424168,8.737337248855));
#1289 = CARTESIAN_POINT('',(4.848900184316,8.715898875024));
#1290 = CARTESIAN_POINT('',(4.894422781852,8.684094466635));
#1291 = CARTESIAN_POINT('',(4.939985732917,8.642591219359));
#1292 = CARTESIAN_POINT('',(5.02877423346,8.544728451846));
#1293 = CARTESIAN_POINT('',(5.071996565534,8.489271988793));
#1294 = CARTESIAN_POINT('',(5.115332804242,8.426668852425));
#1295 = CARTESIAN_POINT('',(5.158852399091,8.357751107554));
#1296 = CARTESIAN_POINT('',(5.202621672691,8.283453060577));
#1297 = CARTESIAN_POINT('',(5.317330057121,8.078787044811));
#1298 = CARTESIAN_POINT('',(5.388708794096,7.94168915266));
#1299 = CARTESIAN_POINT('',(5.461430870043,7.797164246845));
#1300 = CARTESIAN_POINT('',(5.536059650781,7.649145382265));
#1301 = CARTESIAN_POINT('',(5.613158986501,7.50252349556));
#1302 = CARTESIAN_POINT('',(5.721707957745,7.314719495459));
#1303 = CARTESIAN_POINT('',(5.750454419373,7.266636692978));
#1304 = CARTESIAN_POINT('',(5.779622475112,7.21981337866));
#1305 = CARTESIAN_POINT('',(5.80923237206,7.17457544232));
#1306 = CARTESIAN_POINT('',(5.839305784463,7.13127122534));
#1307 = CARTESIAN_POINT('',(5.933854808077,7.004423127577));
#1308 = CARTESIAN_POINT('',(6.000650233459,6.92777353331));
#1309 = CARTESIAN_POINT('',(6.069475531516,6.865564088276));
#1310 = CARTESIAN_POINT('',(6.139789997358,6.822106092808));
#1311 = CARTESIAN_POINT('',(6.211161294846,6.8));
#1312 = CARTESIAN_POINT('',(6.28318530718,6.8));
#1313 = ( GEOMETRIC_REPRESENTATION_CONTEXT(2) 
PARAMETRIC_REPRESENTATION_CONTEXT() REPRESENTATION_CONTEXT('2D SPACE',''
  ) );
#1314 = ORIENTED_EDGE('',*,*,#1315,.T.);
#1315 = EDGE_CURVE('',#1131,#1316,#1318,.T.);
#1316 = VERTEX_POINT('',#1317);
#1317 = CARTESIAN_POINT('',(315.3,-2.694222958124E-15,3.3));
#1318 = SURFACE_CURVE('',#1319,(#1323,#1330),.PCURVE_S1.);
#1319 = LINE('',#1320,#1321);
#1320 = CARTESIAN_POINT('',(84.,-2.694222958124E-15,3.3));
#1321 = VECTOR('',#1322,1.);
#1322 = DIRECTION('',(1.,0.,2.22044604925E-16));
#1323 = PCURVE('',#116,#1324);
#1324 = DEFINITIONAL_REPRESENTATION('',(#1325),#1329);
#1325 = LINE('',#1326,#1327);
#1326 = CARTESIAN_POINT('',(6.28318530718,-0.));
#1327 = VECTOR('',#1328,1.);
#1328 = DIRECTION('',(0.,1.));
#1329 = ( GEOMETRIC_REPRESENTATION_CONTEXT(2) 
PARAMETRIC_REPRESENTATION_CONTEXT() REPRESENTATION_CONTEXT('2D SPACE',''
  ) );
#1330 = PCURVE('',#778,#1331);
#1331 = DEFINITIONAL_REPRESENTATION('',(#1332),#1336);
#1332 = LINE('',#1333,#1334);
#1333 = CARTESIAN_POINT('',(503.3,584.));
#1334 = VECTOR('',#1335,1.);
#1335 = DIRECTION('',(2.22044604925E-16,1.));
#1336 = ( GEOMETRIC_REPRESENTATION_CONTEXT(2) 
PARAMETRIC_REPRESENTATION_CONTEXT() REPRESENTATION_CONTEXT('2D SPACE',''
  ) );
#1337 = ORIENTED_EDGE('',*,*,#1338,.T.);
#1338 = EDGE_CURVE('',#1316,#1339,#1341,.T.);
#1339 = VERTEX_POINT('',#1340);
#1340 = CARTESIAN_POINT('',(320.39833333333,-3.273377036368,
    3.798333333333));
#1341 = SURFACE_CURVE('',#1342,(#1381,#1423),.PCURVE_S1.);
#1342 = B_SPLINE_CURVE_WITH_KNOTS('',7,(#1343,#1344,#1345,#1346,#1347,
    #1348,#1349,#1350,#1351,#1352,#1353,#1354,#1355,#1356,#1357,#1358,
    #1359,#1360,#1361,#1362,#1363,#1364,#1365,#1366,#1367,#1368,#1369,
    #1370,#1371,#1372,#1373,#1374,#1375,#1376,#1377,#1378,#1379,#1380),
  .UNSPECIFIED.,.F.,.F.,(8,6,6,6,6,6,8),(0.,0.13688877724,0.319954263673
    ,0.500000004519,0.680045745365,0.863111228171,1.),.UNSPECIFIED.);
#1343 = CARTESIAN_POINT('',(315.3,-8.881784197001E-16,3.3));
#1344 = CARTESIAN_POINT('',(315.3,-0.270106009664,3.3));
#1345 = CARTESIAN_POINT('',(315.32364379837,-0.53802116292,
    3.307737580274));
#1346 = CARTESIAN_POINT('',(315.37023973419,-0.800302389561,
    3.322988458419));
#1347 = CARTESIAN_POINT('',(315.43827848417,-1.053631367878,
    3.344968223801));
#1348 = CARTESIAN_POINT('',(315.52544732571,-1.294956864469,
    3.372399540727));
#1349 = CARTESIAN_POINT('',(315.62861450058,-1.521633875309,
    3.403678653437));
#1350 = CARTESIAN_POINT('',(315.89780289254,-2.012299522416,
    3.481891655289));
#1351 = CARTESIAN_POINT('',(316.07504507631,-2.266283924982,
    3.53105706511));
#1352 = CARTESIAN_POINT('',(316.27042314085,-2.493780291841,
    3.581851810841));
#1353 = CARTESIAN_POINT('',(316.48006455467,-2.695584661186,
    3.631971295503));
#1354 = CARTESIAN_POINT('',(316.70100892516,-2.872666913921,
    3.67964623947));
#1355 = CARTESIAN_POINT('',(316.93101783472,-3.025961823371,
    3.723514601342));
#1356 = CARTESIAN_POINT('',(317.40194663906,-3.284322212595,
    3.800899513181));
#1357 = CARTESIAN_POINT('',(317.64273283218,-3.390201530224,
    3.834592804091));
#1358 = CARTESIAN_POINT('',(317.88895980883,-3.474369578942,
    3.862556624838));
#1359 = CARTESIAN_POINT('',(318.13908996968,-3.537230861702,
    3.88403107111));
#1360 = CARTESIAN_POINT('',(318.39178882386,-3.579063707796,
    3.898519606666));
#1361 = CARTESIAN_POINT('',(318.64582946242,-3.6,3.905770831851));
#1362 = CARTESIAN_POINT('',(319.15417053757,-3.6,3.905770831851));
#1363 = CARTESIAN_POINT('',(319.40821117613,-3.579063707796,
    3.898519606666));
#1364 = CARTESIAN_POINT('',(319.66091003031,-3.537230861702,
    3.88403107111));
#1365 = CARTESIAN_POINT('',(319.91104019116,-3.474369578942,
    3.862556624838));
#1366 = CARTESIAN_POINT('',(320.15726716781,-3.390201530224,
    3.834592804091));
#1367 = CARTESIAN_POINT('',(320.39805336094,-3.284322212595,
    3.800899513181));
#1368 = CARTESIAN_POINT('',(320.86898216057,-3.025961825952,
    3.723514602115));
#1369 = CARTESIAN_POINT('',(321.09899108643,-2.87266690892,
    3.679646237655));
#1370 = CARTESIAN_POINT('',(321.31993543595,-2.695584660109,
    3.631971296475));
#1371 = CARTESIAN_POINT('',(321.52957685766,-2.493780304077,
    3.581851812241));
#1372 = CARTESIAN_POINT('',(321.72495493012,-2.26628391136,
    3.531057063015));
#1373 = CARTESIAN_POINT('',(321.90219710448,-2.012299527842,
    3.481891656154));
#1374 = CARTESIAN_POINT('',(322.17138549936,-1.521633875389,
    3.40367865345));
#1375 = CARTESIAN_POINT('',(322.27455267429,-1.294956864477,
    3.372399540725));
#1376 = CARTESIAN_POINT('',(322.36172151585,-1.05363136781,
    3.344968223792));
#1377 = CARTESIAN_POINT('',(322.42976026581,-0.800302389492,
    3.322988458416));
#1378 = CARTESIAN_POINT('',(322.4763562016,-0.538021162931,3.30773758028
    ));
#1379 = CARTESIAN_POINT('',(322.5,-0.270106009754,3.3));
#1380 = CARTESIAN_POINT('',(322.5,-1.7763568394E-15,3.3));
#1381 = PCURVE('',#116,#1382);
#1382 = DEFINITIONAL_REPRESENTATION('',(#1383),#1422);
#1383 = B_SPLINE_CURVE_WITH_KNOTS('',7,(#1384,#1385,#1386,#1387,#1388,
    #1389,#1390,#1391,#1392,#1393,#1394,#1395,#1396,#1397,#1398,#1399,
    #1400,#1401,#1402,#1403,#1404,#1405,#1406,#1407,#1408,#1409,#1410,
    #1411,#1412,#1413,#1414,#1415,#1416,#1417,#1418,#1419,#1420,#1421),
  .UNSPECIFIED.,.F.,.F.,(8,6,6,6,6,6,8),(0.,0.13688877724,0.319954263673
    ,0.500000004519,0.680045745365,0.863111228171,1.),.UNSPECIFIED.);
#1384 = CARTESIAN_POINT('',(6.28318530718,231.3));
#1385 = CARTESIAN_POINT('',(6.258630215392,231.3));
#1386 = CARTESIAN_POINT('',(6.234274266867,231.32364379837));
#1387 = CARTESIAN_POINT('',(6.210406433139,231.37023973419));
#1388 = CARTESIAN_POINT('',(6.187305580492,231.43827848417));
#1389 = CARTESIAN_POINT('',(6.165236152573,231.52544732571));
#1390 = CARTESIAN_POINT('',(6.144438425985,231.62861450058));
#1391 = CARTESIAN_POINT('',(6.099269317574,231.89780289254));
#1392 = CARTESIAN_POINT('',(6.075764119467,232.07504507631));
#1393 = CARTESIAN_POINT('',(6.054585361158,232.27042314085));
#1394 = CARTESIAN_POINT('',(6.035689469253,232.48006455467));
#1395 = CARTESIAN_POINT('',(6.019021354115,232.70100892516));
#1396 = CARTESIAN_POINT('',(6.004527145129,232.93101783472));
#1397 = CARTESIAN_POINT('',(5.980008891632,233.40194663906));
#1398 = CARTESIAN_POINT('',(5.969909354814,233.64273283218));
#1399 = CARTESIAN_POINT('',(5.961847107446,233.88895980883));
#1400 = CARTESIAN_POINT('',(5.955808233769,234.13908996968));
#1401 = CARTESIAN_POINT('',(5.951783622882,234.39178882386));
#1402 = CARTESIAN_POINT('',(5.949769396971,234.64582946242));
#1403 = CARTESIAN_POINT('',(5.949769396971,235.15417053757));
#1404 = CARTESIAN_POINT('',(5.951783622882,235.40821117613));
#1405 = CARTESIAN_POINT('',(5.955808233769,235.66091003031));
#1406 = CARTESIAN_POINT('',(5.961847107446,235.91104019116));
#1407 = CARTESIAN_POINT('',(5.969909354814,236.15726716781));
#1408 = CARTESIAN_POINT('',(5.980008891632,236.39805336093));
#1409 = CARTESIAN_POINT('',(6.004527144884,236.86898216057));
#1410 = CARTESIAN_POINT('',(6.019021354596,237.09899108643));
#1411 = CARTESIAN_POINT('',(6.03568946933,237.31993543595));
#1412 = CARTESIAN_POINT('',(6.054585360043,237.52957685766));
#1413 = CARTESIAN_POINT('',(6.07576412072,237.72495493012));
#1414 = CARTESIAN_POINT('',(6.099269317075,237.90219710448));
#1415 = CARTESIAN_POINT('',(6.144438425977,238.17138549936));
#1416 = CARTESIAN_POINT('',(6.165236152572,238.27455267429));
#1417 = CARTESIAN_POINT('',(6.187305580498,238.36172151585));
#1418 = CARTESIAN_POINT('',(6.210406433145,238.42976026581));
#1419 = CARTESIAN_POINT('',(6.234274266866,238.4763562016));
#1420 = CARTESIAN_POINT('',(6.258630215384,238.5));
#1421 = CARTESIAN_POINT('',(6.28318530718,238.5));
#1422 = ( GEOMETRIC_REPRESENTATION_CONTEXT(2) 
PARAMETRIC_REPRESENTATION_CONTEXT() REPRESENTATION_CONTEXT('2D SPACE',''
  ) );
#1423 = PCURVE('',#1424,#1429);
#1424 = CYLINDRICAL_SURFACE('',#1425,3.6);
#1425 = AXIS2_PLACEMENT_3D('',#1426,#1427,#1428);
#1426 = CARTESIAN_POINT('',(318.9,0.,-3.5));
#1427 = DIRECTION('',(0.,0.,1.));
#1428 = DIRECTION('',(1.,0.,-0.));
#1429 = DEFINITIONAL_REPRESENTATION('',(#1430),#1469);
#1430 = B_SPLINE_CURVE_WITH_KNOTS('',7,(#1431,#1432,#1433,#1434,#1435,
    #1436,#1437,#1438,#1439,#1440,#1441,#1442,#1443,#1444,#1445,#1446,
    #1447,#1448,#1449,#1450,#1451,#1452,#1453,#1454,#1455,#1456,#1457,
    #1458,#1459,#1460,#1461,#1462,#1463,#1464,#1465,#1466,#1467,#1468),
  .UNSPECIFIED.,.F.,.F.,(8,6,6,6,6,6,8),(0.,0.13688877724,0.319954263673
    ,0.500000004519,0.680045745365,0.863111228171,1.),.UNSPECIFIED.);
#1431 = CARTESIAN_POINT('',(3.14159265359,6.8));
#1432 = CARTESIAN_POINT('',(3.216622100719,6.8));
#1433 = CARTESIAN_POINT('',(3.291042911404,6.807737580274));
#1434 = CARTESIAN_POINT('',(3.364588957205,6.822988458419));
#1435 = CARTESIAN_POINT('',(3.43697681931,6.844968223801));
#1436 = CARTESIAN_POINT('',(3.507875257176,6.872399540727));
#1437 = CARTESIAN_POINT('',(3.576862993219,6.903678653437));
#1438 = CARTESIAN_POINT('',(3.732323074935,6.981891655289));
#1439 = CARTESIAN_POINT('',(3.817858243445,7.03105706511));
#1440 = CARTESIAN_POINT('',(3.900514819455,7.081851810841));
#1441 = CARTESIAN_POINT('',(3.980723509972,7.131971295503));
#1442 = CARTESIAN_POINT('',(4.058886380817,7.17964623947));
#1443 = CARTESIAN_POINT('',(4.135383016662,7.223514601342));
#1444 = CARTESIAN_POINT('',(4.284589774536,7.300899513181));
#1445 = CARTESIAN_POINT('',(4.357376154303,7.334592804091));
#1446 = CARTESIAN_POINT('',(4.429247496988,7.362556624838));
#1447 = CARTESIAN_POINT('',(4.500450613914,7.38403107111));
#1448 = CARTESIAN_POINT('',(4.571219053527,7.398519606666));
#1449 = CARTESIAN_POINT('',(4.641786053281,7.405770831851));
#1450 = CARTESIAN_POINT('',(4.782991907489,7.405770831851));
#1451 = CARTESIAN_POINT('',(4.853558907242,7.398519606666));
#1452 = CARTESIAN_POINT('',(4.924327346855,7.38403107111));
#1453 = CARTESIAN_POINT('',(4.995530463782,7.362556624838));
#1454 = CARTESIAN_POINT('',(5.067401806466,7.334592804091));
#1455 = CARTESIAN_POINT('',(5.140188186234,7.300899513181));
#1456 = CARTESIAN_POINT('',(5.289394942617,7.223514602115));
#1457 = CARTESIAN_POINT('',(5.365891583323,7.179646237655));
#1458 = CARTESIAN_POINT('',(5.444054449127,7.131971296475));
#1459 = CARTESIAN_POINT('',(5.524263138521,7.081851812241));
#1460 = CARTESIAN_POINT('',(5.606919721409,7.031057063015));
#1461 = CARTESIAN_POINT('',(5.692454884115,6.981891656154));
#1462 = CARTESIAN_POINT('',(5.847914967525,6.90367865345));
#1463 = CARTESIAN_POINT('',(5.916902703593,6.872399540725));
#1464 = CARTESIAN_POINT('',(5.98780114148,6.844968223792));
#1465 = CARTESIAN_POINT('',(6.060189003583,6.822988458416));
#1466 = CARTESIAN_POINT('',(6.133735049363,6.80773758028));
#1467 = CARTESIAN_POINT('',(6.208155860026,6.8));
#1468 = CARTESIAN_POINT('',(6.28318530718,6.8));
#1469 = ( GEOMETRIC_REPRESENTATION_CONTEXT(2) 
PARAMETRIC_REPRESENTATION_CONTEXT() REPRESENTATION_CONTEXT('2D SPACE',''
  ) );
#1470 = ORIENTED_EDGE('',*,*,#1471,.F.);
#1471 = EDGE_CURVE('',#1472,#1339,#1474,.T.);
#1472 = VERTEX_POINT('',#1473);
#1473 = CARTESIAN_POINT('',(330.9,-11.,14.3));
#1474 = SURFACE_CURVE('',#1475,(#1480,#1493),.PCURVE_S1.);
#1475 = ELLIPSE('',#1476,15.556349186104,11.);
#1476 = AXIS2_PLACEMENT_3D('',#1477,#1478,#1479);
#1477 = CARTESIAN_POINT('',(330.9,0.,14.3));
#1478 = DIRECTION('',(0.707106781187,0.,-0.707106781187));
#1479 = DIRECTION('',(0.707106781187,0.,0.707106781187));
#1480 = PCURVE('',#116,#1481);
#1481 = DEFINITIONAL_REPRESENTATION('',(#1482),#1492);
#1482 = B_SPLINE_CURVE_WITH_KNOTS('',8,(#1483,#1484,#1485,#1486,#1487,
    #1488,#1489,#1490,#1491),.UNSPECIFIED.,.F.,.F.,(9,9),(1.570796326795
    ,3.14159265359),.PIECEWISE_BEZIER_KNOTS.);
#1483 = CARTESIAN_POINT('',(4.712388980385,246.9));
#1484 = CARTESIAN_POINT('',(4.908738521234,244.74015505065));
#1485 = CARTESIAN_POINT('',(5.105088062078,242.58030958828));
#1486 = CARTESIAN_POINT('',(5.301437602946,240.54735412704));
#1487 = CARTESIAN_POINT('',(5.497787143748,238.76815374312));
#1488 = CARTESIAN_POINT('',(5.69413668464,237.35400149028));
#1489 = CARTESIAN_POINT('',(5.890486225476,236.38466853552));
#1490 = CARTESIAN_POINT('',(6.08683576633,235.9));
#1491 = CARTESIAN_POINT('',(6.28318530718,235.9));
#1492 = ( GEOMETRIC_REPRESENTATION_CONTEXT(2) 
PARAMETRIC_REPRESENTATION_CONTEXT() REPRESENTATION_CONTEXT('2D SPACE',''
  ) );
#1493 = PCURVE('',#1494,#1499);
#1494 = CYLINDRICAL_SURFACE('',#1495,11.);
#1495 = AXIS2_PLACEMENT_3D('',#1496,#1497,#1498);
#1496 = CARTESIAN_POINT('',(330.9,0.,3.3));
#1497 = DIRECTION('',(0.,0.,1.));
#1498 = DIRECTION('',(1.,0.,-0.));
#1499 = DEFINITIONAL_REPRESENTATION('',(#1500),#1510);
#1500 = B_SPLINE_CURVE_WITH_KNOTS('',8,(#1501,#1502,#1503,#1504,#1505,
    #1506,#1507,#1508,#1509),.UNSPECIFIED.,.F.,.F.,(9,9),(1.570796326795
    ,3.14159265359),.PIECEWISE_BEZIER_KNOTS.);
#1501 = CARTESIAN_POINT('',(4.712388980385,11.));
#1502 = CARTESIAN_POINT('',(4.516039439535,8.840155050657));
#1503 = CARTESIAN_POINT('',(4.319689898685,6.680309588499));
#1504 = CARTESIAN_POINT('',(4.123340357828,4.647354126681));
#1505 = CARTESIAN_POINT('',(3.926990816984,2.868153743639));
#1506 = CARTESIAN_POINT('',(3.730641276132,1.454001490263));
#1507 = CARTESIAN_POINT('',(3.534291735287,0.484668535847));
#1508 = CARTESIAN_POINT('',(3.337942194439,-2.542168403366E-14));
#1509 = CARTESIAN_POINT('',(3.14159265359,-2.6645352591E-14));
#1510 = ( GEOMETRIC_REPRESENTATION_CONTEXT(2) 
PARAMETRIC_REPRESENTATION_CONTEXT() REPRESENTATION_CONTEXT('2D SPACE',''
  ) );
#1511 = ORIENTED_EDGE('',*,*,#1512,.F.);
#1512 = EDGE_CURVE('',#1513,#1472,#1515,.T.);
#1513 = VERTEX_POINT('',#1514);
#1514 = CARTESIAN_POINT('',(319.9,1.347111479062E-15,25.3));
#1515 = SURFACE_CURVE('',#1516,(#1521,#1541),.PCURVE_S1.);
#1516 = ELLIPSE('',#1517,15.556349186104,11.);
#1517 = AXIS2_PLACEMENT_3D('',#1518,#1519,#1520);
#1518 = CARTESIAN_POINT('',(330.9,0.,14.3));
#1519 = DIRECTION('',(0.707106781187,0.,0.707106781187));
#1520 = DIRECTION('',(0.707106781187,0.,-0.707106781187));
#1521 = PCURVE('',#116,#1522);
#1522 = DEFINITIONAL_REPRESENTATION('',(#1523),#1540);
#1523 = B_SPLINE_CURVE_WITH_KNOTS('',8,(#1524,#1525,#1526,#1527,#1528,
    #1529,#1530,#1531,#1532,#1533,#1534,#1535,#1536,#1537,#1538,#1539),
  .UNSPECIFIED.,.F.,.F.,(9,7,9),(1.570796326795,3.14159265359,
    4.712388980385),.UNSPECIFIED.);
#1524 = CARTESIAN_POINT('',(1.570796326795,246.9));
#1525 = CARTESIAN_POINT('',(1.767145867644,244.74015505065));
#1526 = CARTESIAN_POINT('',(1.96349540849,242.58030958828));
#1527 = CARTESIAN_POINT('',(2.159844949341,240.54735412704));
#1528 = CARTESIAN_POINT('',(2.356194490172,238.76815374312));
#1529 = CARTESIAN_POINT('',(2.552544031039,237.35400149028));
#1530 = CARTESIAN_POINT('',(2.748893571889,236.38466853552));
#1531 = CARTESIAN_POINT('',(2.94524311274,235.9));
#1532 = CARTESIAN_POINT('',(3.337942194439,235.9));
#1533 = CARTESIAN_POINT('',(3.534291735282,236.38466853558));
#1534 = CARTESIAN_POINT('',(3.730641276155,237.35400149098));
#1535 = CARTESIAN_POINT('',(3.926990816966,238.76815374242));
#1536 = CARTESIAN_POINT('',(4.12334035785,240.54735412716));
#1537 = CARTESIAN_POINT('',(4.319689898678,242.58030958799));
#1538 = CARTESIAN_POINT('',(4.516039439535,244.74015505065));
#1539 = CARTESIAN_POINT('',(4.712388980385,246.9));
#1540 = ( GEOMETRIC_REPRESENTATION_CONTEXT(2) 
PARAMETRIC_REPRESENTATION_CONTEXT() REPRESENTATION_CONTEXT('2D SPACE',''
  ) );
#1541 = PCURVE('',#1542,#1547);
#1542 = CYLINDRICAL_SURFACE('',#1543,11.);
#1543 = AXIS2_PLACEMENT_3D('',#1544,#1545,#1546);
#1544 = CARTESIAN_POINT('',(330.9,0.,3.3));
#1545 = DIRECTION('',(0.,0.,1.));
#1546 = DIRECTION('',(1.,0.,-0.));
#1547 = DEFINITIONAL_REPRESENTATION('',(#1548),#1565);
#1548 = B_SPLINE_CURVE_WITH_KNOTS('',8,(#1549,#1550,#1551,#1552,#1553,
    #1554,#1555,#1556,#1557,#1558,#1559,#1560,#1561,#1562,#1563,#1564),
  .UNSPECIFIED.,.F.,.F.,(9,7,9),(1.570796326795,3.14159265359,
    4.712388980385),.UNSPECIFIED.);
#1549 = CARTESIAN_POINT('',(1.570796326795,11.));
#1550 = CARTESIAN_POINT('',(1.767145867644,13.159844949343));
#1551 = CARTESIAN_POINT('',(1.963495408495,15.319690411499));
#1552 = CARTESIAN_POINT('',(2.159844949331,17.352645873303));
#1553 = CARTESIAN_POINT('',(2.356194490201,19.13184625635));
#1554 = CARTESIAN_POINT('',(2.552544031028,20.545998509711));
#1555 = CARTESIAN_POINT('',(2.748893571894,21.515331464157));
#1556 = CARTESIAN_POINT('',(2.94524311274,22.));
#1557 = CARTESIAN_POINT('',(3.337942194439,22.));
#1558 = CARTESIAN_POINT('',(3.534291735285,21.515331464136));
#1559 = CARTESIAN_POINT('',(3.730641276145,20.545998509726));
#1560 = CARTESIAN_POINT('',(3.926990816984,19.131846256263));
#1561 = CARTESIAN_POINT('',(4.123340357841,17.352645873325));
#1562 = CARTESIAN_POINT('',(4.319689898684,15.319690411477));
#1563 = CARTESIAN_POINT('',(4.516039439535,13.159844949343));
#1564 = CARTESIAN_POINT('',(4.712388980385,11.));
#1565 = ( GEOMETRIC_REPRESENTATION_CONTEXT(2) 
PARAMETRIC_REPRESENTATION_CONTEXT() REPRESENTATION_CONTEXT('2D SPACE',''
  ) );
#1566 = ORIENTED_EDGE('',*,*,#1567,.F.);
#1567 = EDGE_CURVE('',#1082,#1513,#1568,.T.);
#1568 = SURFACE_CURVE('',#1569,(#1573,#1579),.PCURVE_S1.);
#1569 = LINE('',#1570,#1571);
#1570 = CARTESIAN_POINT('',(84.,0.,25.3));
#1571 = VECTOR('',#1572,1.);
#1572 = DIRECTION('',(1.,0.,2.22044604925E-16));
#1573 = PCURVE('',#116,#1574);
#1574 = DEFINITIONAL_REPRESENTATION('',(#1575),#1578);
#1575 = B_SPLINE_CURVE_WITH_KNOTS('',1,(#1576,#1577),.UNSPECIFIED.,.F.,
  .F.,(2,2),(151.3999994,246.9000006),.PIECEWISE_BEZIER_KNOTS.);
#1576 = CARTESIAN_POINT('',(3.14159265359,151.3999994));
#1577 = CARTESIAN_POINT('',(3.14159265359,246.9000006));
#1578 = ( GEOMETRIC_REPRESENTATION_CONTEXT(2) 
PARAMETRIC_REPRESENTATION_CONTEXT() REPRESENTATION_CONTEXT('2D SPACE',''
  ) );
#1579 = PCURVE('',#299,#1580);
#1580 = DEFINITIONAL_REPRESENTATION('',(#1581),#1584);
#1581 = B_SPLINE_CURVE_WITH_KNOTS('',1,(#1582,#1583),.UNSPECIFIED.,.F.,
  .F.,(2,2),(151.3999994,246.9000006),.PIECEWISE_BEZIER_KNOTS.);
#1582 = CARTESIAN_POINT('',(525.3,735.3999994));
#1583 = CARTESIAN_POINT('',(525.3,830.9000006));
#1584 = ( GEOMETRIC_REPRESENTATION_CONTEXT(2) 
PARAMETRIC_REPRESENTATION_CONTEXT() REPRESENTATION_CONTEXT('2D SPACE',''
  ) );
#1585 = ADVANCED_FACE('',(#1586),#89,.F.);
#1586 = FACE_BOUND('',#1587,.F.);
#1587 = EDGE_LOOP('',(#1588,#1589,#1590,#1591));
#1588 = ORIENTED_EDGE('',*,*,#260,.T.);
#1589 = ORIENTED_EDGE('',*,*,#74,.F.);
#1590 = ORIENTED_EDGE('',*,*,#1081,.F.);
#1591 = ORIENTED_EDGE('',*,*,#1592,.F.);
#1592 = EDGE_CURVE('',#261,#1082,#1593,.T.);
#1593 = SURFACE_CURVE('',#1594,(#1598,#1604),.PCURVE_S1.);
#1594 = LINE('',#1595,#1596);
#1595 = CARTESIAN_POINT('',(235.4,0.,-242.85));
#1596 = VECTOR('',#1597,1.);
#1597 = DIRECTION('',(2.22044604925E-16,0.,-1.));
#1598 = PCURVE('',#89,#1599);
#1599 = DEFINITIONAL_REPRESENTATION('',(#1600),#1603);
#1600 = B_SPLINE_CURVE_WITH_KNOTS('',1,(#1601,#1602),.UNSPECIFIED.,.F.,
  .F.,(2,2),(-270.25,-244.05),.PIECEWISE_BEZIER_KNOTS.);
#1601 = CARTESIAN_POINT('',(-13.1,0.));
#1602 = CARTESIAN_POINT('',(13.1,0.));
#1603 = ( GEOMETRIC_REPRESENTATION_CONTEXT(2) 
PARAMETRIC_REPRESENTATION_CONTEXT() REPRESENTATION_CONTEXT('2D SPACE',''
  ) );
#1604 = PCURVE('',#299,#1605);
#1605 = DEFINITIONAL_REPRESENTATION('',(#1606),#1609);
#1606 = B_SPLINE_CURVE_WITH_KNOTS('',1,(#1607,#1608),.UNSPECIFIED.,.F.,
  .F.,(2,2),(-270.25,-244.05),.PIECEWISE_BEZIER_KNOTS.);
#1607 = CARTESIAN_POINT('',(527.4,735.4));
#1608 = CARTESIAN_POINT('',(501.2,735.4));
#1609 = ( GEOMETRIC_REPRESENTATION_CONTEXT(2) 
PARAMETRIC_REPRESENTATION_CONTEXT() REPRESENTATION_CONTEXT('2D SPACE',''
  ) );
#1610 = ADVANCED_FACE('',(#1611),#299,.T.);
#1611 = FACE_BOUND('',#1612,.T.);
#1612 = EDGE_LOOP('',(#1613,#1641,#1667,#1695,#1714,#1715,#1716,#1717,
    #1743,#1744,#1745,#1766,#1792,#1818,#1844,#1870,#1896));
#1613 = ORIENTED_EDGE('',*,*,#1614,.F.);
#1614 = EDGE_CURVE('',#1615,#1617,#1619,.T.);
#1615 = VERTEX_POINT('',#1616);
#1616 = CARTESIAN_POINT('',(265.13403699601,0.,29.3));
#1617 = VERTEX_POINT('',#1618);
#1618 = CARTESIAN_POINT('',(246.52673536822,0.,47.907301627792));
#1619 = SURFACE_CURVE('',#1620,(#1624,#1630),.PCURVE_S1.);
#1620 = LINE('',#1621,#1622);
#1621 = CARTESIAN_POINT('',(24.747007043425,0.,269.68702995258));
#1622 = VECTOR('',#1623,1.);
#1623 = DIRECTION('',(-0.707106781187,-0.,0.707106781187));
#1624 = PCURVE('',#299,#1625);
#1625 = DEFINITIONAL_REPRESENTATION('',(#1626),#1629);
#1626 = B_SPLINE_CURVE_WITH_KNOTS('',1,(#1627,#1628),.UNSPECIFIED.,.F.,
  .F.,(2,2),(-339.9585979775,-313.6438996563),.PIECEWISE_BEZIER_KNOTS.);
#1627 = CARTESIAN_POINT('',(529.3,765.13403699601));
#1628 = CARTESIAN_POINT('',(547.90730162779,746.52673536822));
#1629 = ( GEOMETRIC_REPRESENTATION_CONTEXT(2) 
PARAMETRIC_REPRESENTATION_CONTEXT() REPRESENTATION_CONTEXT('2D SPACE',''
  ) );
#1630 = PCURVE('',#1631,#1636);
#1631 = PLANE('',#1632);
#1632 = AXIS2_PLACEMENT_3D('',#1633,#1634,#1635);
#1633 = CARTESIAN_POINT('',(-97.72300441115,-500.,392.15704140717));
#1634 = DIRECTION('',(-0.707106781187,0.,-0.707106781187));
#1635 = DIRECTION('',(0.707106781187,0.,-0.707106781187));
#1636 = DEFINITIONAL_REPRESENTATION('',(#1637),#1640);
#1637 = B_SPLINE_CURVE_WITH_KNOTS('',1,(#1638,#1639),.UNSPECIFIED.,.F.,
  .F.,(2,2),(-339.9585979775,-313.6438996563),.PIECEWISE_BEZIER_KNOTS.);
#1638 = CARTESIAN_POINT('',(513.15734916059,-500.));
#1639 = CARTESIAN_POINT('',(486.8426508394,-500.));
#1640 = ( GEOMETRIC_REPRESENTATION_CONTEXT(2) 
PARAMETRIC_REPRESENTATION_CONTEXT() REPRESENTATION_CONTEXT('2D SPACE',''
  ) );
#1641 = ORIENTED_EDGE('',*,*,#1642,.T.);
#1642 = EDGE_CURVE('',#1615,#1643,#1645,.T.);
#1643 = VERTEX_POINT('',#1644);
#1644 = CARTESIAN_POINT('',(268.52673536822,-2.694222958124E-15,29.3));
#1645 = SURFACE_CURVE('',#1646,(#1650,#1656),.PCURVE_S1.);
#1646 = LINE('',#1647,#1648);
#1647 = CARTESIAN_POINT('',(-121.2366323158,0.,29.3));
#1648 = VECTOR('',#1649,1.);
#1649 = DIRECTION('',(1.,0.,-0.));
#1650 = PCURVE('',#299,#1651);
#1651 = DEFINITIONAL_REPRESENTATION('',(#1652),#1655);
#1652 = B_SPLINE_CURVE_WITH_KNOTS('',1,(#1653,#1654),.UNSPECIFIED.,.F.,
  .F.,(2,2),(386.3706693119,389.76336768411),.PIECEWISE_BEZIER_KNOTS.);
#1653 = CARTESIAN_POINT('',(529.3,765.13403699601));
#1654 = CARTESIAN_POINT('',(529.3,768.52673536822));
#1655 = ( GEOMETRIC_REPRESENTATION_CONTEXT(2) 
PARAMETRIC_REPRESENTATION_CONTEXT() REPRESENTATION_CONTEXT('2D SPACE',''
  ) );
#1656 = PCURVE('',#1657,#1662);
#1657 = PLANE('',#1658);
#1658 = AXIS2_PLACEMENT_3D('',#1659,#1660,#1661);
#1659 = CARTESIAN_POINT('',(257.52673536822,0.,29.3));
#1660 = DIRECTION('',(0.,0.,1.));
#1661 = DIRECTION('',(1.,0.,-0.));
#1662 = DEFINITIONAL_REPRESENTATION('',(#1663),#1666);
#1663 = B_SPLINE_CURVE_WITH_KNOTS('',1,(#1664,#1665),.UNSPECIFIED.,.F.,
  .F.,(2,2),(386.3706693119,389.76336768411),.PIECEWISE_BEZIER_KNOTS.);
#1664 = CARTESIAN_POINT('',(7.607301627792,0.));
#1665 = CARTESIAN_POINT('',(11.,0.));
#1666 = ( GEOMETRIC_REPRESENTATION_CONTEXT(2) 
PARAMETRIC_REPRESENTATION_CONTEXT() REPRESENTATION_CONTEXT('2D SPACE',''
  ) );
#1667 = ORIENTED_EDGE('',*,*,#1668,.T.);
#1668 = EDGE_CURVE('',#1643,#1669,#1671,.T.);
#1669 = VERTEX_POINT('',#1670);
#1670 = CARTESIAN_POINT('',(319.89999999999,-2.694222958124E-15,29.3));
#1671 = SURFACE_CURVE('',#1672,(#1676,#1683),.PCURVE_S1.);
#1672 = LINE('',#1673,#1674);
#1673 = CARTESIAN_POINT('',(246.52673536822,-2.694222958124E-15,29.3));
#1674 = VECTOR('',#1675,1.);
#1675 = DIRECTION('',(1.,0.,2.22044604925E-16));
#1676 = PCURVE('',#299,#1677);
#1677 = DEFINITIONAL_REPRESENTATION('',(#1678),#1682);
#1678 = LINE('',#1679,#1680);
#1679 = CARTESIAN_POINT('',(529.3,746.52673536822));
#1680 = VECTOR('',#1681,1.);
#1681 = DIRECTION('',(2.22044604925E-16,1.));
#1682 = ( GEOMETRIC_REPRESENTATION_CONTEXT(2) 
PARAMETRIC_REPRESENTATION_CONTEXT() REPRESENTATION_CONTEXT('2D SPACE',''
  ) );
#1683 = PCURVE('',#1684,#1689);
#1684 = CYLINDRICAL_SURFACE('',#1685,11.);
#1685 = AXIS2_PLACEMENT_3D('',#1686,#1687,#1688);
#1686 = CARTESIAN_POINT('',(246.52673536822,0.,40.3));
#1687 = DIRECTION('',(1.,0.,2.22044604925E-16));
#1688 = DIRECTION('',(2.22044604925E-16,0.,-1.));
#1689 = DEFINITIONAL_REPRESENTATION('',(#1690),#1694);
#1690 = LINE('',#1691,#1692);
#1691 = CARTESIAN_POINT('',(6.28318530718,-0.));
#1692 = VECTOR('',#1693,1.);
#1693 = DIRECTION('',(0.,1.));
#1694 = ( GEOMETRIC_REPRESENTATION_CONTEXT(2) 
PARAMETRIC_REPRESENTATION_CONTEXT() REPRESENTATION_CONTEXT('2D SPACE',''
  ) );
#1695 = ORIENTED_EDGE('',*,*,#1696,.F.);
#1696 = EDGE_CURVE('',#1513,#1669,#1697,.T.);
#1697 = SURFACE_CURVE('',#1698,(#1702,#1708),.PCURVE_S1.);
#1698 = LINE('',#1699,#1700);
#1699 = CARTESIAN_POINT('',(319.9,0.,3.3));
#1700 = VECTOR('',#1701,1.);
#1701 = DIRECTION('',(0.,0.,1.));
#1702 = PCURVE('',#299,#1703);
#1703 = DEFINITIONAL_REPRESENTATION('',(#1704),#1707);
#1704 = B_SPLINE_CURVE_WITH_KNOTS('',1,(#1705,#1706),.UNSPECIFIED.,.F.,
  .F.,(2,2),(10.9999994,37.0000006),.PIECEWISE_BEZIER_KNOTS.);
#1705 = CARTESIAN_POINT('',(514.2999994,819.9));
#1706 = CARTESIAN_POINT('',(540.3000006,819.9));
#1707 = ( GEOMETRIC_REPRESENTATION_CONTEXT(2) 
PARAMETRIC_REPRESENTATION_CONTEXT() REPRESENTATION_CONTEXT('2D SPACE',''
  ) );
#1708 = PCURVE('',#1542,#1709);
#1709 = DEFINITIONAL_REPRESENTATION('',(#1710),#1713);
#1710 = B_SPLINE_CURVE_WITH_KNOTS('',1,(#1711,#1712),.UNSPECIFIED.,.F.,
  .F.,(2,2),(10.9999994,37.0000006),.PIECEWISE_BEZIER_KNOTS.);
#1711 = CARTESIAN_POINT('',(3.14159265359,10.9999994));
#1712 = CARTESIAN_POINT('',(3.14159265359,37.0000006));
#1713 = ( GEOMETRIC_REPRESENTATION_CONTEXT(2) 
PARAMETRIC_REPRESENTATION_CONTEXT() REPRESENTATION_CONTEXT('2D SPACE',''
  ) );
#1714 = ORIENTED_EDGE('',*,*,#1567,.F.);
#1715 = ORIENTED_EDGE('',*,*,#1592,.F.);
#1716 = ORIENTED_EDGE('',*,*,#284,.F.);
#1717 = ORIENTED_EDGE('',*,*,#1718,.T.);
#1718 = EDGE_CURVE('',#285,#377,#1719,.T.);
#1719 = SURFACE_CURVE('',#1720,(#1725,#1736),.PCURVE_S1.);
#1720 = CIRCLE('',#1721,1.25);
#1721 = AXIS2_PLACEMENT_3D('',#1722,#1723,#1724);
#1722 = CARTESIAN_POINT('',(230.,0.,27.6));
#1723 = DIRECTION('',(-5.238529448733E-32,-1.,1.110223024625E-16));
#1724 = DIRECTION('',(0.98711701434,-1.7763568394E-17,-0.16));
#1725 = PCURVE('',#299,#1726);
#1726 = DEFINITIONAL_REPRESENTATION('',(#1727),#1735);
#1727 = ( BOUNDED_CURVE() B_SPLINE_CURVE(2,(#1728,#1729,#1730,#1731,
#1732,#1733,#1734),.UNSPECIFIED.,.T.,.F.) B_SPLINE_CURVE_WITH_KNOTS((1,2
    ,2,2,2,1),(-2.094395102393,0.,2.094395102393,4.188790204786,
6.28318530718,8.377580409573),.UNSPECIFIED.) CURVE() 
GEOMETRIC_REPRESENTATION_ITEM() RATIONAL_B_SPLINE_CURVE((1.,0.5,1.,0.5,
1.,0.5,1.)) REPRESENTATION_ITEM('') );
#1728 = CARTESIAN_POINT('',(527.4,731.23389626792));
#1729 = CARTESIAN_POINT('',(529.53717102731,731.58030642943));
#1730 = CARTESIAN_POINT('',(528.76858551365,729.55625694679));
#1731 = CARTESIAN_POINT('',(528.,727.53220746414));
#1732 = CARTESIAN_POINT('',(526.63141448634,729.20984678528));
#1733 = CARTESIAN_POINT('',(525.26282897268,730.88748610641));
#1734 = CARTESIAN_POINT('',(527.4,731.23389626792));
#1735 = ( GEOMETRIC_REPRESENTATION_CONTEXT(2) 
PARAMETRIC_REPRESENTATION_CONTEXT() REPRESENTATION_CONTEXT('2D SPACE',''
  ) );
#1736 = PCURVE('',#334,#1737);
#1737 = DEFINITIONAL_REPRESENTATION('',(#1738),#1742);
#1738 = LINE('',#1739,#1740);
#1739 = CARTESIAN_POINT('',(6.122494654228,0.));
#1740 = VECTOR('',#1741,1.);
#1741 = DIRECTION('',(1.,0.));
#1742 = ( GEOMETRIC_REPRESENTATION_CONTEXT(2) 
PARAMETRIC_REPRESENTATION_CONTEXT() REPRESENTATION_CONTEXT('2D SPACE',''
  ) );
#1743 = ORIENTED_EDGE('',*,*,#411,.F.);
#1744 = ORIENTED_EDGE('',*,*,#457,.F.);
#1745 = ORIENTED_EDGE('',*,*,#1746,.T.);
#1746 = EDGE_CURVE('',#458,#1747,#1749,.T.);
#1747 = VERTEX_POINT('',#1748);
#1748 = CARTESIAN_POINT('',(237.,0.,31.));
#1749 = SURFACE_CURVE('',#1750,(#1754,#1760),.PCURVE_S1.);
#1750 = LINE('',#1751,#1752);
#1751 = CARTESIAN_POINT('',(-142.5,0.,31.));
#1752 = VECTOR('',#1753,1.);
#1753 = DIRECTION('',(1.,0.,-0.));
#1754 = PCURVE('',#299,#1755);
#1755 = DEFINITIONAL_REPRESENTATION('',(#1756),#1759);
#1756 = B_SPLINE_CURVE_WITH_KNOTS('',1,(#1757,#1758),.UNSPECIFIED.,.F.,
  .F.,(2,2),(357.5,379.5),.PIECEWISE_BEZIER_KNOTS.);
#1757 = CARTESIAN_POINT('',(531.,715.));
#1758 = CARTESIAN_POINT('',(531.,737.));
#1759 = ( GEOMETRIC_REPRESENTATION_CONTEXT(2) 
PARAMETRIC_REPRESENTATION_CONTEXT() REPRESENTATION_CONTEXT('2D SPACE',''
  ) );
#1760 = PCURVE('',#494,#1761);
#1761 = DEFINITIONAL_REPRESENTATION('',(#1762),#1765);
#1762 = B_SPLINE_CURVE_WITH_KNOTS('',1,(#1763,#1764),.UNSPECIFIED.,.F.,
  .F.,(2,2),(357.5,379.5),.PIECEWISE_BEZIER_KNOTS.);
#1763 = CARTESIAN_POINT('',(0.,15.));
#1764 = CARTESIAN_POINT('',(22.,15.));
#1765 = ( GEOMETRIC_REPRESENTATION_CONTEXT(2) 
PARAMETRIC_REPRESENTATION_CONTEXT() REPRESENTATION_CONTEXT('2D SPACE',''
  ) );
#1766 = ORIENTED_EDGE('',*,*,#1767,.T.);
#1767 = EDGE_CURVE('',#1747,#1768,#1770,.T.);
#1768 = VERTEX_POINT('',#1769);
#1769 = CARTESIAN_POINT('',(237.,0.,30.));
#1770 = SURFACE_CURVE('',#1771,(#1775,#1781),.PCURVE_S1.);
#1771 = LINE('',#1772,#1773);
#1772 = CARTESIAN_POINT('',(237.,0.,-250.5));
#1773 = VECTOR('',#1774,1.);
#1774 = DIRECTION('',(-0.,0.,-1.));
#1775 = PCURVE('',#299,#1776);
#1776 = DEFINITIONAL_REPRESENTATION('',(#1777),#1780);
#1777 = B_SPLINE_CURVE_WITH_KNOTS('',1,(#1778,#1779),.UNSPECIFIED.,.F.,
  .F.,(2,2),(-281.5,-280.5),.PIECEWISE_BEZIER_KNOTS.);
#1778 = CARTESIAN_POINT('',(531.,737.));
#1779 = CARTESIAN_POINT('',(530.,737.));
#1780 = ( GEOMETRIC_REPRESENTATION_CONTEXT(2) 
PARAMETRIC_REPRESENTATION_CONTEXT() REPRESENTATION_CONTEXT('2D SPACE',''
  ) );
#1781 = PCURVE('',#1782,#1787);
#1782 = PLANE('',#1783);
#1783 = AXIS2_PLACEMENT_3D('',#1784,#1785,#1786);
#1784 = CARTESIAN_POINT('',(237.,-15.,-1.));
#1785 = DIRECTION('',(1.,0.,-0.));
#1786 = DIRECTION('',(0.,0.,1.));
#1787 = DEFINITIONAL_REPRESENTATION('',(#1788),#1791);
#1788 = B_SPLINE_CURVE_WITH_KNOTS('',1,(#1789,#1790),.UNSPECIFIED.,.F.,
  .F.,(2,2),(-281.5,-280.5),.PIECEWISE_BEZIER_KNOTS.);
#1789 = CARTESIAN_POINT('',(32.,-15.));
#1790 = CARTESIAN_POINT('',(31.,-15.));
#1791 = ( GEOMETRIC_REPRESENTATION_CONTEXT(2) 
PARAMETRIC_REPRESENTATION_CONTEXT() REPRESENTATION_CONTEXT('2D SPACE',''
  ) );
#1792 = ORIENTED_EDGE('',*,*,#1793,.T.);
#1793 = EDGE_CURVE('',#1768,#1794,#1796,.T.);
#1794 = VERTEX_POINT('',#1795);
#1795 = CARTESIAN_POINT('',(244.02673536822,0.,30.));
#1796 = SURFACE_CURVE('',#1797,(#1801,#1807),.PCURVE_S1.);
#1797 = LINE('',#1798,#1799);
#1798 = CARTESIAN_POINT('',(-222.,0.,30.));
#1799 = VECTOR('',#1800,1.);
#1800 = DIRECTION('',(1.,0.,-0.));
#1801 = PCURVE('',#299,#1802);
#1802 = DEFINITIONAL_REPRESENTATION('',(#1803),#1806);
#1803 = B_SPLINE_CURVE_WITH_KNOTS('',1,(#1804,#1805),.UNSPECIFIED.,.F.,
  .F.,(2,2),(459.,466.02673536822),.PIECEWISE_BEZIER_KNOTS.);
#1804 = CARTESIAN_POINT('',(530.,737.));
#1805 = CARTESIAN_POINT('',(530.,744.02673536822));
#1806 = ( GEOMETRIC_REPRESENTATION_CONTEXT(2) 
PARAMETRIC_REPRESENTATION_CONTEXT() REPRESENTATION_CONTEXT('2D SPACE',''
  ) );
#1807 = PCURVE('',#1808,#1813);
#1808 = PLANE('',#1809);
#1809 = AXIS2_PLACEMENT_3D('',#1810,#1811,#1812);
#1810 = CARTESIAN_POINT('',(56.,-15.,30.));
#1811 = DIRECTION('',(0.,0.,1.));
#1812 = DIRECTION('',(1.,0.,-0.));
#1813 = DEFINITIONAL_REPRESENTATION('',(#1814),#1817);
#1814 = B_SPLINE_CURVE_WITH_KNOTS('',1,(#1815,#1816),.UNSPECIFIED.,.F.,
  .F.,(2,2),(459.,466.02673536822),.PIECEWISE_BEZIER_KNOTS.);
#1815 = CARTESIAN_POINT('',(181.,15.));
#1816 = CARTESIAN_POINT('',(188.02673536822,15.));
#1817 = ( GEOMETRIC_REPRESENTATION_CONTEXT(2) 
PARAMETRIC_REPRESENTATION_CONTEXT() REPRESENTATION_CONTEXT('2D SPACE',''
  ) );
#1818 = ORIENTED_EDGE('',*,*,#1819,.F.);
#1819 = EDGE_CURVE('',#1820,#1794,#1822,.T.);
#1820 = VERTEX_POINT('',#1821);
#1821 = CARTESIAN_POINT('',(244.02673536822,0.,56.));
#1822 = SURFACE_CURVE('',#1823,(#1827,#1833),.PCURVE_S1.);
#1823 = LINE('',#1824,#1825);
#1824 = CARTESIAN_POINT('',(244.02673536822,0.,-250.));
#1825 = VECTOR('',#1826,1.);
#1826 = DIRECTION('',(-0.,0.,-1.));
#1827 = PCURVE('',#299,#1828);
#1828 = DEFINITIONAL_REPRESENTATION('',(#1829),#1832);
#1829 = B_SPLINE_CURVE_WITH_KNOTS('',1,(#1830,#1831),.UNSPECIFIED.,.F.,
  .F.,(2,2),(-306.,-280.),.PIECEWISE_BEZIER_KNOTS.);
#1830 = CARTESIAN_POINT('',(556.,744.02673536822));
#1831 = CARTESIAN_POINT('',(530.,744.02673536822));
#1832 = ( GEOMETRIC_REPRESENTATION_CONTEXT(2) 
PARAMETRIC_REPRESENTATION_CONTEXT() REPRESENTATION_CONTEXT('2D SPACE',''
  ) );
#1833 = PCURVE('',#1834,#1839);
#1834 = PLANE('',#1835);
#1835 = AXIS2_PLACEMENT_3D('',#1836,#1837,#1838);
#1836 = CARTESIAN_POINT('',(244.02673536822,-15.,0.));
#1837 = DIRECTION('',(1.,0.,-0.));
#1838 = DIRECTION('',(0.,0.,1.));
#1839 = DEFINITIONAL_REPRESENTATION('',(#1840),#1843);
#1840 = B_SPLINE_CURVE_WITH_KNOTS('',1,(#1841,#1842),.UNSPECIFIED.,.F.,
  .F.,(2,2),(-306.,-280.),.PIECEWISE_BEZIER_KNOTS.);
#1841 = CARTESIAN_POINT('',(56.,-15.));
#1842 = CARTESIAN_POINT('',(30.,-15.));
#1843 = ( GEOMETRIC_REPRESENTATION_CONTEXT(2) 
PARAMETRIC_REPRESENTATION_CONTEXT() REPRESENTATION_CONTEXT('2D SPACE',''
  ) );
#1844 = ORIENTED_EDGE('',*,*,#1845,.T.);
#1845 = EDGE_CURVE('',#1820,#1846,#1848,.T.);
#1846 = VERTEX_POINT('',#1847);
#1847 = CARTESIAN_POINT('',(246.52673536822,1.347111479062E-15,56.));
#1848 = SURFACE_CURVE('',#1849,(#1853,#1859),.PCURVE_S1.);
#1849 = LINE('',#1850,#1851);
#1850 = CARTESIAN_POINT('',(-127.9866323158,0.,56.));
#1851 = VECTOR('',#1852,1.);
#1852 = DIRECTION('',(1.,0.,-0.));
#1853 = PCURVE('',#299,#1854);
#1854 = DEFINITIONAL_REPRESENTATION('',(#1855),#1858);
#1855 = B_SPLINE_CURVE_WITH_KNOTS('',1,(#1856,#1857),.UNSPECIFIED.,.F.,
  .F.,(2,2),(372.01336768411,472.38663231588),.PIECEWISE_BEZIER_KNOTS.);
#1856 = CARTESIAN_POINT('',(556.,744.02673536822));
#1857 = CARTESIAN_POINT('',(556.,844.4));
#1858 = ( GEOMETRIC_REPRESENTATION_CONTEXT(2) 
PARAMETRIC_REPRESENTATION_CONTEXT() REPRESENTATION_CONTEXT('2D SPACE',''
  ) );
#1859 = PCURVE('',#1860,#1865);
#1860 = PLANE('',#1861);
#1861 = AXIS2_PLACEMENT_3D('',#1862,#1863,#1864);
#1862 = CARTESIAN_POINT('',(244.02673536822,-15.,56.));
#1863 = DIRECTION('',(0.,0.,1.));
#1864 = DIRECTION('',(1.,0.,-0.));
#1865 = DEFINITIONAL_REPRESENTATION('',(#1866),#1869);
#1866 = B_SPLINE_CURVE_WITH_KNOTS('',1,(#1867,#1868),.UNSPECIFIED.,.F.,
  .F.,(2,2),(372.01336768411,472.38663231588),.PIECEWISE_BEZIER_KNOTS.);
#1867 = CARTESIAN_POINT('',(0.,15.));
#1868 = CARTESIAN_POINT('',(100.37326463177,15.));
#1869 = ( GEOMETRIC_REPRESENTATION_CONTEXT(2) 
PARAMETRIC_REPRESENTATION_CONTEXT() REPRESENTATION_CONTEXT('2D SPACE',''
  ) );
#1870 = ORIENTED_EDGE('',*,*,#1871,.F.);
#1871 = EDGE_CURVE('',#1872,#1846,#1874,.T.);
#1872 = VERTEX_POINT('',#1873);
#1873 = CARTESIAN_POINT('',(246.52673536822,1.347111479062E-15,51.3));
#1874 = SURFACE_CURVE('',#1875,(#1879,#1885),.PCURVE_S1.);
#1875 = LINE('',#1876,#1877);
#1876 = CARTESIAN_POINT('',(246.52673536822,0.,29.3));
#1877 = VECTOR('',#1878,1.);
#1878 = DIRECTION('',(0.,0.,1.));
#1879 = PCURVE('',#299,#1880);
#1880 = DEFINITIONAL_REPRESENTATION('',(#1881),#1884);
#1881 = B_SPLINE_CURVE_WITH_KNOTS('',1,(#1882,#1883),.UNSPECIFIED.,.F.,
  .F.,(2,2),(10.9999994,26.7000006),.PIECEWISE_BEZIER_KNOTS.);
#1882 = CARTESIAN_POINT('',(540.2999994,746.52673536822));
#1883 = CARTESIAN_POINT('',(556.0000006,746.52673536822));
#1884 = ( GEOMETRIC_REPRESENTATION_CONTEXT(2) 
PARAMETRIC_REPRESENTATION_CONTEXT() REPRESENTATION_CONTEXT('2D SPACE',''
  ) );
#1885 = PCURVE('',#1886,#1891);
#1886 = CYLINDRICAL_SURFACE('',#1887,11.);
#1887 = AXIS2_PLACEMENT_3D('',#1888,#1889,#1890);
#1888 = CARTESIAN_POINT('',(257.52673536822,0.,29.3));
#1889 = DIRECTION('',(0.,0.,1.));
#1890 = DIRECTION('',(1.,0.,-0.));
#1891 = DEFINITIONAL_REPRESENTATION('',(#1892),#1895);
#1892 = B_SPLINE_CURVE_WITH_KNOTS('',1,(#1893,#1894),.UNSPECIFIED.,.F.,
  .F.,(2,2),(10.9999994,26.7000006),.PIECEWISE_BEZIER_KNOTS.);
#1893 = CARTESIAN_POINT('',(3.14159265359,10.9999994));
#1894 = CARTESIAN_POINT('',(3.14159265359,26.7000006));
#1895 = ( GEOMETRIC_REPRESENTATION_CONTEXT(2) 
PARAMETRIC_REPRESENTATION_CONTEXT() REPRESENTATION_CONTEXT('2D SPACE',''
  ) );
#1896 = ORIENTED_EDGE('',*,*,#1897,.T.);
#1897 = EDGE_CURVE('',#1872,#1617,#1898,.T.);
#1898 = SURFACE_CURVE('',#1899,(#1903,#1909),.PCURVE_S1.);
#1899 = LINE('',#1900,#1901);
#1900 = CARTESIAN_POINT('',(246.52673536822,0.,-229.85));
#1901 = VECTOR('',#1902,1.);
#1902 = DIRECTION('',(2.22044604925E-16,0.,-1.));
#1903 = PCURVE('',#299,#1904);
#1904 = DEFINITIONAL_REPRESENTATION('',(#1905),#1908);
#1905 = B_SPLINE_CURVE_WITH_KNOTS('',1,(#1906,#1907),.UNSPECIFIED.,.F.,
  .F.,(2,2),(-281.15,-277.7573016277),.PIECEWISE_BEZIER_KNOTS.);
#1906 = CARTESIAN_POINT('',(551.3,746.52673536822));
#1907 = CARTESIAN_POINT('',(547.90730162779,746.52673536822));
#1908 = ( GEOMETRIC_REPRESENTATION_CONTEXT(2) 
PARAMETRIC_REPRESENTATION_CONTEXT() REPRESENTATION_CONTEXT('2D SPACE',''
  ) );
#1909 = PCURVE('',#1910,#1915);
#1910 = PLANE('',#1911);
#1911 = AXIS2_PLACEMENT_3D('',#1912,#1913,#1914);
#1912 = CARTESIAN_POINT('',(246.52673536822,0.,40.3));
#1913 = DIRECTION('',(1.,0.,2.22044604925E-16));
#1914 = DIRECTION('',(2.22044604925E-16,0.,-1.));
#1915 = DEFINITIONAL_REPRESENTATION('',(#1916),#1919);
#1916 = B_SPLINE_CURVE_WITH_KNOTS('',1,(#1917,#1918),.UNSPECIFIED.,.F.,
  .F.,(2,2),(-281.15,-277.7573016277),.PIECEWISE_BEZIER_KNOTS.);
#1917 = CARTESIAN_POINT('',(-11.,0.));
#1918 = CARTESIAN_POINT('',(-7.607301627792,0.));
#1919 = ( GEOMETRIC_REPRESENTATION_CONTEXT(2) 
PARAMETRIC_REPRESENTATION_CONTEXT() REPRESENTATION_CONTEXT('2D SPACE',''
  ) );
#1920 = ADVANCED_FACE('',(#1921),#334,.F.);
#1921 = FACE_BOUND('',#1922,.F.);
#1922 = EDGE_LOOP('',(#1923,#1945,#1946,#1947));
#1923 = ORIENTED_EDGE('',*,*,#1924,.F.);
#1924 = EDGE_CURVE('',#311,#351,#1925,.T.);
#1925 = SURFACE_CURVE('',#1926,(#1931,#1938),.PCURVE_S1.);
#1926 = CIRCLE('',#1927,1.25);
#1927 = AXIS2_PLACEMENT_3D('',#1928,#1929,#1930);
#1928 = CARTESIAN_POINT('',(230.,-2.2,27.6));
#1929 = DIRECTION('',(0.,-1.,0.));
#1930 = DIRECTION('',(0.951112954972,0.,-0.308843239985));
#1931 = PCURVE('',#334,#1932);
#1932 = DEFINITIONAL_REPRESENTATION('',(#1933),#1937);
#1933 = LINE('',#1934,#1935);
#1934 = CARTESIAN_POINT('',(5.969208732577,2.2));
#1935 = VECTOR('',#1936,1.);
#1936 = DIRECTION('',(1.,0.));
#1937 = ( GEOMETRIC_REPRESENTATION_CONTEXT(2) 
PARAMETRIC_REPRESENTATION_CONTEXT() REPRESENTATION_CONTEXT('2D SPACE',''
  ) );
#1938 = PCURVE('',#365,#1939);
#1939 = DEFINITIONAL_REPRESENTATION('',(#1940),#1944);
#1940 = CIRCLE('',#1941,1.25);
#1941 = AXIS2_PLACEMENT_2D('',#1942,#1943);
#1942 = CARTESIAN_POINT('',(0.,0.));
#1943 = DIRECTION('',(0.951112954972,-0.308843239985));
#1944 = ( GEOMETRIC_REPRESENTATION_CONTEXT(2) 
PARAMETRIC_REPRESENTATION_CONTEXT() REPRESENTATION_CONTEXT('2D SPACE',''
  ) );
#1945 = ORIENTED_EDGE('',*,*,#310,.T.);
#1946 = ORIENTED_EDGE('',*,*,#1718,.T.);
#1947 = ORIENTED_EDGE('',*,*,#376,.T.);
#1948 = ADVANCED_FACE('',(#1949),#365,.F.);
#1949 = FACE_BOUND('',#1950,.F.);
#1950 = EDGE_LOOP('',(#1951,#1952));
#1951 = ORIENTED_EDGE('',*,*,#1924,.T.);
#1952 = ORIENTED_EDGE('',*,*,#350,.T.);
#1953 = ADVANCED_FACE('',(#1954),#522,.F.);
#1954 = FACE_BOUND('',#1955,.F.);
#1955 = EDGE_LOOP('',(#1956,#1957,#1980,#2003,#2026,#2049,#2072,#2093,
    #2094,#2095));
#1956 = ORIENTED_EDGE('',*,*,#506,.T.);
#1957 = ORIENTED_EDGE('',*,*,#1958,.T.);
#1958 = EDGE_CURVE('',#479,#1959,#1961,.T.);
#1959 = VERTEX_POINT('',#1960);
#1960 = CARTESIAN_POINT('',(237.,-15.,31.));
#1961 = SURFACE_CURVE('',#1962,(#1966,#1973),.PCURVE_S1.);
#1962 = LINE('',#1963,#1964);
#1963 = CARTESIAN_POINT('',(215.,-15.,31.));
#1964 = VECTOR('',#1965,1.);
#1965 = DIRECTION('',(1.,0.,-0.));
#1966 = PCURVE('',#522,#1967);
#1967 = DEFINITIONAL_REPRESENTATION('',(#1968),#1972);
#1968 = LINE('',#1969,#1970);
#1969 = CARTESIAN_POINT('',(31.,159.));
#1970 = VECTOR('',#1971,1.);
#1971 = DIRECTION('',(0.,1.));
#1972 = ( GEOMETRIC_REPRESENTATION_CONTEXT(2) 
PARAMETRIC_REPRESENTATION_CONTEXT() REPRESENTATION_CONTEXT('2D SPACE',''
  ) );
#1973 = PCURVE('',#494,#1974);
#1974 = DEFINITIONAL_REPRESENTATION('',(#1975),#1979);
#1975 = LINE('',#1976,#1977);
#1976 = CARTESIAN_POINT('',(0.,0.));
#1977 = VECTOR('',#1978,1.);
#1978 = DIRECTION('',(1.,0.));
#1979 = ( GEOMETRIC_REPRESENTATION_CONTEXT(2) 
PARAMETRIC_REPRESENTATION_CONTEXT() REPRESENTATION_CONTEXT('2D SPACE',''
  ) );
#1980 = ORIENTED_EDGE('',*,*,#1981,.F.);
#1981 = EDGE_CURVE('',#1982,#1959,#1984,.T.);
#1982 = VERTEX_POINT('',#1983);
#1983 = CARTESIAN_POINT('',(237.,-15.,30.));
#1984 = SURFACE_CURVE('',#1985,(#1989,#1996),.PCURVE_S1.);
#1985 = LINE('',#1986,#1987);
#1986 = CARTESIAN_POINT('',(237.,-15.,-1.));
#1987 = VECTOR('',#1988,1.);
#1988 = DIRECTION('',(0.,0.,1.));
#1989 = PCURVE('',#522,#1990);
#1990 = DEFINITIONAL_REPRESENTATION('',(#1991),#1995);
#1991 = LINE('',#1992,#1993);
#1992 = CARTESIAN_POINT('',(-1.,181.));
#1993 = VECTOR('',#1994,1.);
#1994 = DIRECTION('',(1.,0.));
#1995 = ( GEOMETRIC_REPRESENTATION_CONTEXT(2) 
PARAMETRIC_REPRESENTATION_CONTEXT() REPRESENTATION_CONTEXT('2D SPACE',''
  ) );
#1996 = PCURVE('',#1782,#1997);
#1997 = DEFINITIONAL_REPRESENTATION('',(#1998),#2002);
#1998 = LINE('',#1999,#2000);
#1999 = CARTESIAN_POINT('',(0.,0.));
#2000 = VECTOR('',#2001,1.);
#2001 = DIRECTION('',(1.,0.));
#2002 = ( GEOMETRIC_REPRESENTATION_CONTEXT(2) 
PARAMETRIC_REPRESENTATION_CONTEXT() REPRESENTATION_CONTEXT('2D SPACE',''
  ) );
#2003 = ORIENTED_EDGE('',*,*,#2004,.T.);
#2004 = EDGE_CURVE('',#1982,#2005,#2007,.T.);
#2005 = VERTEX_POINT('',#2006);
#2006 = CARTESIAN_POINT('',(244.02673536822,-15.,30.));
#2007 = SURFACE_CURVE('',#2008,(#2012,#2019),.PCURVE_S1.);
#2008 = LINE('',#2009,#2010);
#2009 = CARTESIAN_POINT('',(56.,-15.,30.));
#2010 = VECTOR('',#2011,1.);
#2011 = DIRECTION('',(1.,0.,-0.));
#2012 = PCURVE('',#522,#2013);
#2013 = DEFINITIONAL_REPRESENTATION('',(#2014),#2018);
#2014 = LINE('',#2015,#2016);
#2015 = CARTESIAN_POINT('',(30.,0.));
#2016 = VECTOR('',#2017,1.);
#2017 = DIRECTION('',(0.,1.));
#2018 = ( GEOMETRIC_REPRESENTATION_CONTEXT(2) 
PARAMETRIC_REPRESENTATION_CONTEXT() REPRESENTATION_CONTEXT('2D SPACE',''
  ) );
#2019 = PCURVE('',#1808,#2020);
#2020 = DEFINITIONAL_REPRESENTATION('',(#2021),#2025);
#2021 = LINE('',#2022,#2023);
#2022 = CARTESIAN_POINT('',(0.,0.));
#2023 = VECTOR('',#2024,1.);
#2024 = DIRECTION('',(1.,0.));
#2025 = ( GEOMETRIC_REPRESENTATION_CONTEXT(2) 
PARAMETRIC_REPRESENTATION_CONTEXT() REPRESENTATION_CONTEXT('2D SPACE',''
  ) );
#2026 = ORIENTED_EDGE('',*,*,#2027,.T.);
#2027 = EDGE_CURVE('',#2005,#2028,#2030,.T.);
#2028 = VERTEX_POINT('',#2029);
#2029 = CARTESIAN_POINT('',(244.02673536822,-15.,56.));
#2030 = SURFACE_CURVE('',#2031,(#2035,#2042),.PCURVE_S1.);
#2031 = LINE('',#2032,#2033);
#2032 = CARTESIAN_POINT('',(244.02673536822,-15.,0.));
#2033 = VECTOR('',#2034,1.);
#2034 = DIRECTION('',(0.,0.,1.));
#2035 = PCURVE('',#522,#2036);
#2036 = DEFINITIONAL_REPRESENTATION('',(#2037),#2041);
#2037 = LINE('',#2038,#2039);
#2038 = CARTESIAN_POINT('',(0.,188.02673536822));
#2039 = VECTOR('',#2040,1.);
#2040 = DIRECTION('',(1.,0.));
#2041 = ( GEOMETRIC_REPRESENTATION_CONTEXT(2) 
PARAMETRIC_REPRESENTATION_CONTEXT() REPRESENTATION_CONTEXT('2D SPACE',''
  ) );
#2042 = PCURVE('',#1834,#2043);
#2043 = DEFINITIONAL_REPRESENTATION('',(#2044),#2048);
#2044 = LINE('',#2045,#2046);
#2045 = CARTESIAN_POINT('',(0.,0.));
#2046 = VECTOR('',#2047,1.);
#2047 = DIRECTION('',(1.,0.));
#2048 = ( GEOMETRIC_REPRESENTATION_CONTEXT(2) 
PARAMETRIC_REPRESENTATION_CONTEXT() REPRESENTATION_CONTEXT('2D SPACE',''
  ) );
#2049 = ORIENTED_EDGE('',*,*,#2050,.T.);
#2050 = EDGE_CURVE('',#2028,#2051,#2053,.T.);
#2051 = VERTEX_POINT('',#2052);
#2052 = CARTESIAN_POINT('',(344.4,-15.,56.));
#2053 = SURFACE_CURVE('',#2054,(#2058,#2065),.PCURVE_S1.);
#2054 = LINE('',#2055,#2056);
#2055 = CARTESIAN_POINT('',(244.02673536822,-15.,56.));
#2056 = VECTOR('',#2057,1.);
#2057 = DIRECTION('',(1.,0.,-0.));
#2058 = PCURVE('',#522,#2059);
#2059 = DEFINITIONAL_REPRESENTATION('',(#2060),#2064);
#2060 = LINE('',#2061,#2062);
#2061 = CARTESIAN_POINT('',(56.,188.02673536822));
#2062 = VECTOR('',#2063,1.);
#2063 = DIRECTION('',(0.,1.));
#2064 = ( GEOMETRIC_REPRESENTATION_CONTEXT(2) 
PARAMETRIC_REPRESENTATION_CONTEXT() REPRESENTATION_CONTEXT('2D SPACE',''
  ) );
#2065 = PCURVE('',#1860,#2066);
#2066 = DEFINITIONAL_REPRESENTATION('',(#2067),#2071);
#2067 = LINE('',#2068,#2069);
#2068 = CARTESIAN_POINT('',(0.,0.));
#2069 = VECTOR('',#2070,1.);
#2070 = DIRECTION('',(1.,0.));
#2071 = ( GEOMETRIC_REPRESENTATION_CONTEXT(2) 
PARAMETRIC_REPRESENTATION_CONTEXT() REPRESENTATION_CONTEXT('2D SPACE',''
  ) );
#2072 = ORIENTED_EDGE('',*,*,#2073,.F.);
#2073 = EDGE_CURVE('',#658,#2051,#2074,.T.);
#2074 = SURFACE_CURVE('',#2075,(#2079,#2086),.PCURVE_S1.);
#2075 = LINE('',#2076,#2077);
#2076 = CARTESIAN_POINT('',(344.4,-15.,0.));
#2077 = VECTOR('',#2078,1.);
#2078 = DIRECTION('',(0.,0.,1.));
#2079 = PCURVE('',#522,#2080);
#2080 = DEFINITIONAL_REPRESENTATION('',(#2081),#2085);
#2081 = LINE('',#2082,#2083);
#2082 = CARTESIAN_POINT('',(0.,288.4));
#2083 = VECTOR('',#2084,1.);
#2084 = DIRECTION('',(1.,0.));
#2085 = ( GEOMETRIC_REPRESENTATION_CONTEXT(2) 
PARAMETRIC_REPRESENTATION_CONTEXT() REPRESENTATION_CONTEXT('2D SPACE',''
  ) );
#2086 = PCURVE('',#696,#2087);
#2087 = DEFINITIONAL_REPRESENTATION('',(#2088),#2092);
#2088 = LINE('',#2089,#2090);
#2089 = CARTESIAN_POINT('',(0.,0.));
#2090 = VECTOR('',#2091,1.);
#2091 = DIRECTION('',(1.,0.));
#2092 = ( GEOMETRIC_REPRESENTATION_CONTEXT(2) 
PARAMETRIC_REPRESENTATION_CONTEXT() REPRESENTATION_CONTEXT('2D SPACE',''
  ) );
#2093 = ORIENTED_EDGE('',*,*,#657,.F.);
#2094 = ORIENTED_EDGE('',*,*,#609,.F.);
#2095 = ORIENTED_EDGE('',*,*,#561,.F.);
#2096 = ADVANCED_FACE('',(#2097),#494,.T.);
#2097 = FACE_BOUND('',#2098,.T.);
#2098 = EDGE_LOOP('',(#2099,#2100,#2101,#2122));
#2099 = ORIENTED_EDGE('',*,*,#478,.F.);
#2100 = ORIENTED_EDGE('',*,*,#1958,.T.);
#2101 = ORIENTED_EDGE('',*,*,#2102,.T.);
#2102 = EDGE_CURVE('',#1959,#1747,#2103,.T.);
#2103 = SURFACE_CURVE('',#2104,(#2108,#2115),.PCURVE_S1.);
#2104 = LINE('',#2105,#2106);
#2105 = CARTESIAN_POINT('',(237.,-15.,31.));
#2106 = VECTOR('',#2107,1.);
#2107 = DIRECTION('',(-0.,1.,0.));
#2108 = PCURVE('',#494,#2109);
#2109 = DEFINITIONAL_REPRESENTATION('',(#2110),#2114);
#2110 = LINE('',#2111,#2112);
#2111 = CARTESIAN_POINT('',(22.,0.));
#2112 = VECTOR('',#2113,1.);
#2113 = DIRECTION('',(0.,1.));
#2114 = ( GEOMETRIC_REPRESENTATION_CONTEXT(2) 
PARAMETRIC_REPRESENTATION_CONTEXT() REPRESENTATION_CONTEXT('2D SPACE',''
  ) );
#2115 = PCURVE('',#1782,#2116);
#2116 = DEFINITIONAL_REPRESENTATION('',(#2117),#2121);
#2117 = LINE('',#2118,#2119);
#2118 = CARTESIAN_POINT('',(32.,0.));
#2119 = VECTOR('',#2120,1.);
#2120 = DIRECTION('',(0.,-1.));
#2121 = ( GEOMETRIC_REPRESENTATION_CONTEXT(2) 
PARAMETRIC_REPRESENTATION_CONTEXT() REPRESENTATION_CONTEXT('2D SPACE',''
  ) );
#2122 = ORIENTED_EDGE('',*,*,#1746,.F.);
#2123 = ADVANCED_FACE('',(#2124),#833,.T.);
#2124 = FACE_BOUND('',#2125,.T.);
#2125 = EDGE_LOOP('',(#2126,#2127,#2128,#2129));
#2126 = ORIENTED_EDGE('',*,*,#818,.F.);
#2127 = ORIENTED_EDGE('',*,*,#870,.T.);
#2128 = ORIENTED_EDGE('',*,*,#1107,.T.);
#2129 = ORIENTED_EDGE('',*,*,#2130,.F.);
#2130 = EDGE_CURVE('',#790,#1108,#2131,.T.);
#2131 = SURFACE_CURVE('',#2132,(#2136,#2142),.PCURVE_S1.);
#2132 = LINE('',#2133,#2134);
#2133 = CARTESIAN_POINT('',(284.53399836738,0.,-3.5));
#2134 = VECTOR('',#2135,1.);
#2135 = DIRECTION('',(0.,0.,1.));
#2136 = PCURVE('',#833,#2137);
#2137 = DEFINITIONAL_REPRESENTATION('',(#2138),#2141);
#2138 = B_SPLINE_CURVE_WITH_KNOTS('',1,(#2139,#2140),.UNSPECIFIED.,.F.,
  .F.,(2,2),(3.4999994,8.748067104884),.PIECEWISE_BEZIER_KNOTS.);
#2139 = CARTESIAN_POINT('',(499.9999994,784.53399836738));
#2140 = CARTESIAN_POINT('',(505.24806710488,784.53399836738));
#2141 = ( GEOMETRIC_REPRESENTATION_CONTEXT(2) 
PARAMETRIC_REPRESENTATION_CONTEXT() REPRESENTATION_CONTEXT('2D SPACE',''
  ) );
#2142 = PCURVE('',#806,#2143);
#2143 = DEFINITIONAL_REPRESENTATION('',(#2144),#2147);
#2144 = B_SPLINE_CURVE_WITH_KNOTS('',1,(#2145,#2146),.UNSPECIFIED.,.F.,
  .F.,(2,2),(3.4999994,8.748067104884),.PIECEWISE_BEZIER_KNOTS.);
#2145 = CARTESIAN_POINT('',(3.14159265359,3.4999994));
#2146 = CARTESIAN_POINT('',(3.14159265359,8.748067104884));
#2147 = ( GEOMETRIC_REPRESENTATION_CONTEXT(2) 
PARAMETRIC_REPRESENTATION_CONTEXT() REPRESENTATION_CONTEXT('2D SPACE',''
  ) );
#2148 = ADVANCED_FACE('',(#2149),#806,.F.);
#2149 = FACE_BOUND('',#2150,.F.);
#2150 = EDGE_LOOP('',(#2151,#2172,#2173,#2174));
#2151 = ORIENTED_EDGE('',*,*,#2152,.T.);
#2152 = EDGE_CURVE('',#764,#1131,#2153,.T.);
#2153 = SURFACE_CURVE('',#2154,(#2158,#2165),.PCURVE_S1.);
#2154 = LINE('',#2155,#2156);
#2155 = CARTESIAN_POINT('',(297.03399836738,-1.530808498934E-15,-3.5));
#2156 = VECTOR('',#2157,1.);
#2157 = DIRECTION('',(0.,0.,1.));
#2158 = PCURVE('',#806,#2159);
#2159 = DEFINITIONAL_REPRESENTATION('',(#2160),#2164);
#2160 = LINE('',#2161,#2162);
#2161 = CARTESIAN_POINT('',(6.28318530718,-0.));
#2162 = VECTOR('',#2163,1.);
#2163 = DIRECTION('',(0.,1.));
#2164 = ( GEOMETRIC_REPRESENTATION_CONTEXT(2) 
PARAMETRIC_REPRESENTATION_CONTEXT() REPRESENTATION_CONTEXT('2D SPACE',''
  ) );
#2165 = PCURVE('',#778,#2166);
#2166 = DEFINITIONAL_REPRESENTATION('',(#2167),#2171);
#2167 = LINE('',#2168,#2169);
#2168 = CARTESIAN_POINT('',(496.5,797.03399836738));
#2169 = VECTOR('',#2170,1.);
#2170 = DIRECTION('',(1.,0.));
#2171 = ( GEOMETRIC_REPRESENTATION_CONTEXT(2) 
PARAMETRIC_REPRESENTATION_CONTEXT() REPRESENTATION_CONTEXT('2D SPACE',''
  ) );
#2172 = ORIENTED_EDGE('',*,*,#1130,.F.);
#2173 = ORIENTED_EDGE('',*,*,#2130,.F.);
#2174 = ORIENTED_EDGE('',*,*,#789,.T.);
#2175 = ADVANCED_FACE('',(#2176),#778,.T.);
#2176 = FACE_BOUND('',#2177,.T.);
#2177 = EDGE_LOOP('',(#2178,#2179,#2180,#2181,#2202,#2228));
#2178 = ORIENTED_EDGE('',*,*,#763,.F.);
#2179 = ORIENTED_EDGE('',*,*,#2152,.T.);
#2180 = ORIENTED_EDGE('',*,*,#1315,.T.);
#2181 = ORIENTED_EDGE('',*,*,#2182,.F.);
#2182 = EDGE_CURVE('',#2183,#1316,#2185,.T.);
#2183 = VERTEX_POINT('',#2184);
#2184 = CARTESIAN_POINT('',(315.3,4.40872847693E-16,-1.2));
#2185 = SURFACE_CURVE('',#2186,(#2190,#2196),.PCURVE_S1.);
#2186 = LINE('',#2187,#2188);
#2187 = CARTESIAN_POINT('',(315.3,0.,-3.5));
#2188 = VECTOR('',#2189,1.);
#2189 = DIRECTION('',(0.,0.,1.));
#2190 = PCURVE('',#778,#2191);
#2191 = DEFINITIONAL_REPRESENTATION('',(#2192),#2195);
#2192 = B_SPLINE_CURVE_WITH_KNOTS('',1,(#2193,#2194),.UNSPECIFIED.,.F.,
  .F.,(2,2),(2.2999994,7.405771431851),.PIECEWISE_BEZIER_KNOTS.);
#2193 = CARTESIAN_POINT('',(498.7999994,815.3));
#2194 = CARTESIAN_POINT('',(503.90577143185,815.3));
#2195 = ( GEOMETRIC_REPRESENTATION_CONTEXT(2) 
PARAMETRIC_REPRESENTATION_CONTEXT() REPRESENTATION_CONTEXT('2D SPACE',''
  ) );
#2196 = PCURVE('',#1424,#2197);
#2197 = DEFINITIONAL_REPRESENTATION('',(#2198),#2201);
#2198 = B_SPLINE_CURVE_WITH_KNOTS('',1,(#2199,#2200),.UNSPECIFIED.,.F.,
  .F.,(2,2),(2.2999994,7.405771431851),.PIECEWISE_BEZIER_KNOTS.);
#2199 = CARTESIAN_POINT('',(3.14159265359,2.2999994));
#2200 = CARTESIAN_POINT('',(3.14159265359,7.405771431851));
#2201 = ( GEOMETRIC_REPRESENTATION_CONTEXT(2) 
PARAMETRIC_REPRESENTATION_CONTEXT() REPRESENTATION_CONTEXT('2D SPACE',''
  ) );
#2202 = ORIENTED_EDGE('',*,*,#2203,.F.);
#2203 = EDGE_CURVE('',#2204,#2183,#2206,.T.);
#2204 = VERTEX_POINT('',#2205);
#2205 = CARTESIAN_POINT('',(310.9,9.797174393179E-16,-1.2));
#2206 = SURFACE_CURVE('',#2207,(#2211,#2217),.PCURVE_S1.);
#2207 = LINE('',#2208,#2209);
#2208 = CARTESIAN_POINT('',(-90.55,0.,-1.2));
#2209 = VECTOR('',#2210,1.);
#2210 = DIRECTION('',(1.,0.,-0.));
#2211 = PCURVE('',#778,#2212);
#2212 = DEFINITIONAL_REPRESENTATION('',(#2213),#2216);
#2213 = B_SPLINE_CURVE_WITH_KNOTS('',1,(#2214,#2215),.UNSPECIFIED.,.F.,
  .F.,(2,2),(401.45,417.45),.PIECEWISE_BEZIER_KNOTS.);
#2214 = CARTESIAN_POINT('',(498.8,810.9));
#2215 = CARTESIAN_POINT('',(498.8,826.9));
#2216 = ( GEOMETRIC_REPRESENTATION_CONTEXT(2) 
PARAMETRIC_REPRESENTATION_CONTEXT() REPRESENTATION_CONTEXT('2D SPACE',''
  ) );
#2217 = PCURVE('',#2218,#2223);
#2218 = PLANE('',#2219);
#2219 = AXIS2_PLACEMENT_3D('',#2220,#2221,#2222);
#2220 = CARTESIAN_POINT('',(318.9,0.,-1.2));
#2221 = DIRECTION('',(0.,0.,1.));
#2222 = DIRECTION('',(1.,0.,-0.));
#2223 = DEFINITIONAL_REPRESENTATION('',(#2224),#2227);
#2224 = B_SPLINE_CURVE_WITH_KNOTS('',1,(#2225,#2226),.UNSPECIFIED.,.F.,
  .F.,(2,2),(401.45,417.45),.PIECEWISE_BEZIER_KNOTS.);
#2225 = CARTESIAN_POINT('',(-8.,0.));
#2226 = CARTESIAN_POINT('',(8.,0.));
#2227 = ( GEOMETRIC_REPRESENTATION_CONTEXT(2) 
PARAMETRIC_REPRESENTATION_CONTEXT() REPRESENTATION_CONTEXT('2D SPACE',''
  ) );
#2228 = ORIENTED_EDGE('',*,*,#2229,.T.);
#2229 = EDGE_CURVE('',#2204,#735,#2230,.T.);
#2230 = SURFACE_CURVE('',#2231,(#2235,#2241),.PCURVE_S1.);
#2231 = LINE('',#2232,#2233);
#2232 = CARTESIAN_POINT('',(310.9,0.,-1.2));
#2233 = VECTOR('',#2234,1.);
#2234 = DIRECTION('',(0.,0.,1.));
#2235 = PCURVE('',#778,#2236);
#2236 = DEFINITIONAL_REPRESENTATION('',(#2237),#2240);
#2237 = B_SPLINE_CURVE_WITH_KNOTS('',1,(#2238,#2239),.UNSPECIFIED.,.F.,
  .F.,(2,2),(-5.999999999062E-07,1.2000006),.PIECEWISE_BEZIER_KNOTS.);
#2238 = CARTESIAN_POINT('',(498.7999994,810.9));
#2239 = CARTESIAN_POINT('',(500.0000006,810.9));
#2240 = ( GEOMETRIC_REPRESENTATION_CONTEXT(2) 
PARAMETRIC_REPRESENTATION_CONTEXT() REPRESENTATION_CONTEXT('2D SPACE',''
  ) );
#2241 = PCURVE('',#751,#2242);
#2242 = DEFINITIONAL_REPRESENTATION('',(#2243),#2246);
#2243 = B_SPLINE_CURVE_WITH_KNOTS('',1,(#2244,#2245),.UNSPECIFIED.,.F.,
  .F.,(2,2),(-5.999999999062E-07,1.2000006),.PIECEWISE_BEZIER_KNOTS.);
#2244 = CARTESIAN_POINT('',(3.14159265359,-5.999999999062E-07));
#2245 = CARTESIAN_POINT('',(3.14159265359,1.2000006));
#2246 = ( GEOMETRIC_REPRESENTATION_CONTEXT(2) 
PARAMETRIC_REPRESENTATION_CONTEXT() REPRESENTATION_CONTEXT('2D SPACE',''
  ) );
#2247 = ADVANCED_FACE('',(#2248),#751,.T.);
#2248 = FACE_BOUND('',#2249,.T.);
#2249 = EDGE_LOOP('',(#2250,#2273,#2274,#2275));
#2250 = ORIENTED_EDGE('',*,*,#2251,.T.);
#2251 = EDGE_CURVE('',#2252,#709,#2254,.T.);
#2252 = VERTEX_POINT('',#2253);
#2253 = CARTESIAN_POINT('',(326.9,-1.959434878636E-15,-1.2));
#2254 = SURFACE_CURVE('',#2255,(#2259,#2266),.PCURVE_S1.);
#2255 = LINE('',#2256,#2257);
#2256 = CARTESIAN_POINT('',(326.9,-1.959434878636E-15,-1.2));
#2257 = VECTOR('',#2258,1.);
#2258 = DIRECTION('',(0.,0.,1.));
#2259 = PCURVE('',#751,#2260);
#2260 = DEFINITIONAL_REPRESENTATION('',(#2261),#2265);
#2261 = LINE('',#2262,#2263);
#2262 = CARTESIAN_POINT('',(6.28318530718,-0.));
#2263 = VECTOR('',#2264,1.);
#2264 = DIRECTION('',(0.,1.));
#2265 = ( GEOMETRIC_REPRESENTATION_CONTEXT(2) 
PARAMETRIC_REPRESENTATION_CONTEXT() REPRESENTATION_CONTEXT('2D SPACE',''
  ) );
#2266 = PCURVE('',#723,#2267);
#2267 = DEFINITIONAL_REPRESENTATION('',(#2268),#2272);
#2268 = LINE('',#2269,#2270);
#2269 = CARTESIAN_POINT('',(498.8,826.9));
#2270 = VECTOR('',#2271,1.);
#2271 = DIRECTION('',(1.,0.));
#2272 = ( GEOMETRIC_REPRESENTATION_CONTEXT(2) 
PARAMETRIC_REPRESENTATION_CONTEXT() REPRESENTATION_CONTEXT('2D SPACE',''
  ) );
#2273 = ORIENTED_EDGE('',*,*,#734,.F.);
#2274 = ORIENTED_EDGE('',*,*,#2229,.F.);
#2275 = ORIENTED_EDGE('',*,*,#2276,.T.);
#2276 = EDGE_CURVE('',#2204,#2252,#2277,.T.);
#2277 = SURFACE_CURVE('',#2278,(#2283,#2290),.PCURVE_S1.);
#2278 = CIRCLE('',#2279,8.);
#2279 = AXIS2_PLACEMENT_3D('',#2280,#2281,#2282);
#2280 = CARTESIAN_POINT('',(318.9,0.,-1.2));
#2281 = DIRECTION('',(0.,0.,1.));
#2282 = DIRECTION('',(1.,0.,-0.));
#2283 = PCURVE('',#751,#2284);
#2284 = DEFINITIONAL_REPRESENTATION('',(#2285),#2289);
#2285 = LINE('',#2286,#2287);
#2286 = CARTESIAN_POINT('',(0.,0.));
#2287 = VECTOR('',#2288,1.);
#2288 = DIRECTION('',(1.,0.));
#2289 = ( GEOMETRIC_REPRESENTATION_CONTEXT(2) 
PARAMETRIC_REPRESENTATION_CONTEXT() REPRESENTATION_CONTEXT('2D SPACE',''
  ) );
#2290 = PCURVE('',#2218,#2291);
#2291 = DEFINITIONAL_REPRESENTATION('',(#2292),#2296);
#2292 = CIRCLE('',#2293,8.);
#2293 = AXIS2_PLACEMENT_2D('',#2294,#2295);
#2294 = CARTESIAN_POINT('',(0.,0.));
#2295 = DIRECTION('',(1.,0.));
#2296 = ( GEOMETRIC_REPRESENTATION_CONTEXT(2) 
PARAMETRIC_REPRESENTATION_CONTEXT() REPRESENTATION_CONTEXT('2D SPACE',''
  ) );
#2297 = ADVANCED_FACE('',(#2298,#2609,#2644),#723,.T.);
#2298 = FACE_BOUND('',#2299,.T.);
#2299 = EDGE_LOOP('',(#2300,#2323,#2346,#2367,#2386,#2387,#2388,#2409,
    #2432,#2458,#2484,#2510,#2533,#2559,#2585));
#2300 = ORIENTED_EDGE('',*,*,#2301,.F.);
#2301 = EDGE_CURVE('',#2302,#2304,#2306,.T.);
#2302 = VERTEX_POINT('',#2303);
#2303 = CARTESIAN_POINT('',(268.52673536822,-2.694222958124E-15,51.3));
#2304 = VERTEX_POINT('',#2305);
#2305 = CARTESIAN_POINT('',(319.9,1.347111479062E-15,51.3));
#2306 = SURFACE_CURVE('',#2307,(#2311,#2317),.PCURVE_S1.);
#2307 = LINE('',#2308,#2309);
#2308 = CARTESIAN_POINT('',(246.52673536822,0.,51.3));
#2309 = VECTOR('',#2310,1.);
#2310 = DIRECTION('',(1.,0.,2.22044604925E-16));
#2311 = PCURVE('',#723,#2312);
#2312 = DEFINITIONAL_REPRESENTATION('',(#2313),#2316);
#2313 = B_SPLINE_CURVE_WITH_KNOTS('',1,(#2314,#2315),.UNSPECIFIED.,.F.,
  .F.,(2,2),(10.9999994,84.373265231778),.PIECEWISE_BEZIER_KNOTS.);
#2314 = CARTESIAN_POINT('',(551.3,757.52673476822));
#2315 = CARTESIAN_POINT('',(551.3,830.9000006));
#2316 = ( GEOMETRIC_REPRESENTATION_CONTEXT(2) 
PARAMETRIC_REPRESENTATION_CONTEXT() REPRESENTATION_CONTEXT('2D SPACE',''
  ) );
#2317 = PCURVE('',#1684,#2318);
#2318 = DEFINITIONAL_REPRESENTATION('',(#2319),#2322);
#2319 = B_SPLINE_CURVE_WITH_KNOTS('',1,(#2320,#2321),.UNSPECIFIED.,.F.,
  .F.,(2,2),(10.9999994,84.373265231778),.PIECEWISE_BEZIER_KNOTS.);
#2320 = CARTESIAN_POINT('',(3.14159265359,10.9999994));
#2321 = CARTESIAN_POINT('',(3.14159265359,84.373265231778));
#2322 = ( GEOMETRIC_REPRESENTATION_CONTEXT(2) 
PARAMETRIC_REPRESENTATION_CONTEXT() REPRESENTATION_CONTEXT('2D SPACE',''
  ) );
#2323 = ORIENTED_EDGE('',*,*,#2324,.T.);
#2324 = EDGE_CURVE('',#2302,#2325,#2327,.T.);
#2325 = VERTEX_POINT('',#2326);
#2326 = CARTESIAN_POINT('',(268.52673536822,-2.694222958124E-15,56.));
#2327 = SURFACE_CURVE('',#2328,(#2332,#2339),.PCURVE_S1.);
#2328 = LINE('',#2329,#2330);
#2329 = CARTESIAN_POINT('',(268.52673536822,-2.694222958124E-15,29.3));
#2330 = VECTOR('',#2331,1.);
#2331 = DIRECTION('',(0.,0.,1.));
#2332 = PCURVE('',#723,#2333);
#2333 = DEFINITIONAL_REPRESENTATION('',(#2334),#2338);
#2334 = LINE('',#2335,#2336);
#2335 = CARTESIAN_POINT('',(529.3,768.52673536822));
#2336 = VECTOR('',#2337,1.);
#2337 = DIRECTION('',(1.,0.));
#2338 = ( GEOMETRIC_REPRESENTATION_CONTEXT(2) 
PARAMETRIC_REPRESENTATION_CONTEXT() REPRESENTATION_CONTEXT('2D SPACE',''
  ) );
#2339 = PCURVE('',#1886,#2340);
#2340 = DEFINITIONAL_REPRESENTATION('',(#2341),#2345);
#2341 = LINE('',#2342,#2343);
#2342 = CARTESIAN_POINT('',(6.28318530718,-0.));
#2343 = VECTOR('',#2344,1.);
#2344 = DIRECTION('',(0.,1.));
#2345 = ( GEOMETRIC_REPRESENTATION_CONTEXT(2) 
PARAMETRIC_REPRESENTATION_CONTEXT() REPRESENTATION_CONTEXT('2D SPACE',''
  ) );
#2346 = ORIENTED_EDGE('',*,*,#2347,.T.);
#2347 = EDGE_CURVE('',#2325,#2348,#2350,.T.);
#2348 = VERTEX_POINT('',#2349);
#2349 = CARTESIAN_POINT('',(344.4,0.,56.));
#2350 = SURFACE_CURVE('',#2351,(#2355,#2361),.PCURVE_S1.);
#2351 = LINE('',#2352,#2353);
#2352 = CARTESIAN_POINT('',(-127.9866323158,0.,56.));
#2353 = VECTOR('',#2354,1.);
#2354 = DIRECTION('',(1.,0.,-0.));
#2355 = PCURVE('',#723,#2356);
#2356 = DEFINITIONAL_REPRESENTATION('',(#2357),#2360);
#2357 = B_SPLINE_CURVE_WITH_KNOTS('',1,(#2358,#2359),.UNSPECIFIED.,.F.,
  .F.,(2,2),(372.01336768411,472.38663231588),.PIECEWISE_BEZIER_KNOTS.);
#2358 = CARTESIAN_POINT('',(556.,744.02673536822));
#2359 = CARTESIAN_POINT('',(556.,844.4));
#2360 = ( GEOMETRIC_REPRESENTATION_CONTEXT(2) 
PARAMETRIC_REPRESENTATION_CONTEXT() REPRESENTATION_CONTEXT('2D SPACE',''
  ) );
#2361 = PCURVE('',#1860,#2362);
#2362 = DEFINITIONAL_REPRESENTATION('',(#2363),#2366);
#2363 = B_SPLINE_CURVE_WITH_KNOTS('',1,(#2364,#2365),.UNSPECIFIED.,.F.,
  .F.,(2,2),(372.01336768411,472.38663231588),.PIECEWISE_BEZIER_KNOTS.);
#2364 = CARTESIAN_POINT('',(0.,15.));
#2365 = CARTESIAN_POINT('',(100.37326463177,15.));
#2366 = ( GEOMETRIC_REPRESENTATION_CONTEXT(2) 
PARAMETRIC_REPRESENTATION_CONTEXT() REPRESENTATION_CONTEXT('2D SPACE',''
  ) );
#2367 = ORIENTED_EDGE('',*,*,#2368,.T.);
#2368 = EDGE_CURVE('',#2348,#681,#2369,.T.);
#2369 = SURFACE_CURVE('',#2370,(#2374,#2380),.PCURVE_S1.);
#2370 = LINE('',#2371,#2372);
#2371 = CARTESIAN_POINT('',(344.4,0.,-250.));
#2372 = VECTOR('',#2373,1.);
#2373 = DIRECTION('',(-0.,0.,-1.));
#2374 = PCURVE('',#723,#2375);
#2375 = DEFINITIONAL_REPRESENTATION('',(#2376),#2379);
#2376 = B_SPLINE_CURVE_WITH_KNOTS('',1,(#2377,#2378),.UNSPECIFIED.,.F.,
  .F.,(2,2),(-306.,-250.),.PIECEWISE_BEZIER_KNOTS.);
#2377 = CARTESIAN_POINT('',(556.,844.4));
#2378 = CARTESIAN_POINT('',(500.,844.4));
#2379 = ( GEOMETRIC_REPRESENTATION_CONTEXT(2) 
PARAMETRIC_REPRESENTATION_CONTEXT() REPRESENTATION_CONTEXT('2D SPACE',''
  ) );
#2380 = PCURVE('',#696,#2381);
#2381 = DEFINITIONAL_REPRESENTATION('',(#2382),#2385);
#2382 = B_SPLINE_CURVE_WITH_KNOTS('',1,(#2383,#2384),.UNSPECIFIED.,.F.,
  .F.,(2,2),(-306.,-250.),.PIECEWISE_BEZIER_KNOTS.);
#2383 = CARTESIAN_POINT('',(56.,-15.));
#2384 = CARTESIAN_POINT('',(0.,-15.));
#2385 = ( GEOMETRIC_REPRESENTATION_CONTEXT(2) 
PARAMETRIC_REPRESENTATION_CONTEXT() REPRESENTATION_CONTEXT('2D SPACE',''
  ) );
#2386 = ORIENTED_EDGE('',*,*,#708,.F.);
#2387 = ORIENTED_EDGE('',*,*,#2251,.F.);
#2388 = ORIENTED_EDGE('',*,*,#2389,.F.);
#2389 = EDGE_CURVE('',#2390,#2252,#2392,.T.);
#2390 = VERTEX_POINT('',#2391);
#2391 = CARTESIAN_POINT('',(322.5,-8.817456953861E-16,-1.2));
#2392 = SURFACE_CURVE('',#2393,(#2397,#2403),.PCURVE_S1.);
#2393 = LINE('',#2394,#2395);
#2394 = CARTESIAN_POINT('',(-90.55,0.,-1.2));
#2395 = VECTOR('',#2396,1.);
#2396 = DIRECTION('',(1.,0.,-0.));
#2397 = PCURVE('',#723,#2398);
#2398 = DEFINITIONAL_REPRESENTATION('',(#2399),#2402);
#2399 = B_SPLINE_CURVE_WITH_KNOTS('',1,(#2400,#2401),.UNSPECIFIED.,.F.,
  .F.,(2,2),(401.45,417.45),.PIECEWISE_BEZIER_KNOTS.);
#2400 = CARTESIAN_POINT('',(498.8,810.9));
#2401 = CARTESIAN_POINT('',(498.8,826.9));
#2402 = ( GEOMETRIC_REPRESENTATION_CONTEXT(2) 
PARAMETRIC_REPRESENTATION_CONTEXT() REPRESENTATION_CONTEXT('2D SPACE',''
  ) );
#2403 = PCURVE('',#2218,#2404);
#2404 = DEFINITIONAL_REPRESENTATION('',(#2405),#2408);
#2405 = B_SPLINE_CURVE_WITH_KNOTS('',1,(#2406,#2407),.UNSPECIFIED.,.F.,
  .F.,(2,2),(401.45,417.45),.PIECEWISE_BEZIER_KNOTS.);
#2406 = CARTESIAN_POINT('',(-8.,0.));
#2407 = CARTESIAN_POINT('',(8.,0.));
#2408 = ( GEOMETRIC_REPRESENTATION_CONTEXT(2) 
PARAMETRIC_REPRESENTATION_CONTEXT() REPRESENTATION_CONTEXT('2D SPACE',''
  ) );
#2409 = ORIENTED_EDGE('',*,*,#2410,.T.);
#2410 = EDGE_CURVE('',#2390,#2411,#2413,.T.);
#2411 = VERTEX_POINT('',#2412);
#2412 = CARTESIAN_POINT('',(322.5,-8.817456953861E-16,3.3));
#2413 = SURFACE_CURVE('',#2414,(#2418,#2425),.PCURVE_S1.);
#2414 = LINE('',#2415,#2416);
#2415 = CARTESIAN_POINT('',(322.5,-8.817456953861E-16,-3.5));
#2416 = VECTOR('',#2417,1.);
#2417 = DIRECTION('',(0.,0.,1.));
#2418 = PCURVE('',#723,#2419);
#2419 = DEFINITIONAL_REPRESENTATION('',(#2420),#2424);
#2420 = LINE('',#2421,#2422);
#2421 = CARTESIAN_POINT('',(496.5,822.5));
#2422 = VECTOR('',#2423,1.);
#2423 = DIRECTION('',(1.,0.));
#2424 = ( GEOMETRIC_REPRESENTATION_CONTEXT(2) 
PARAMETRIC_REPRESENTATION_CONTEXT() REPRESENTATION_CONTEXT('2D SPACE',''
  ) );
#2425 = PCURVE('',#1424,#2426);
#2426 = DEFINITIONAL_REPRESENTATION('',(#2427),#2431);
#2427 = LINE('',#2428,#2429);
#2428 = CARTESIAN_POINT('',(6.28318530718,-0.));
#2429 = VECTOR('',#2430,1.);
#2430 = DIRECTION('',(0.,1.));
#2431 = ( GEOMETRIC_REPRESENTATION_CONTEXT(2) 
PARAMETRIC_REPRESENTATION_CONTEXT() REPRESENTATION_CONTEXT('2D SPACE',''
  ) );
#2432 = ORIENTED_EDGE('',*,*,#2433,.T.);
#2433 = EDGE_CURVE('',#2411,#2434,#2436,.T.);
#2434 = VERTEX_POINT('',#2435);
#2435 = CARTESIAN_POINT('',(323.2926983722,0.,3.3));
#2436 = SURFACE_CURVE('',#2437,(#2441,#2447),.PCURVE_S1.);
#2437 = LINE('',#2438,#2439);
#2438 = CARTESIAN_POINT('',(-84.55,0.,3.3));
#2439 = VECTOR('',#2440,1.);
#2440 = DIRECTION('',(1.,0.,-0.));
#2441 = PCURVE('',#723,#2442);
#2442 = DEFINITIONAL_REPRESENTATION('',(#2443),#2446);
#2443 = B_SPLINE_CURVE_WITH_KNOTS('',1,(#2444,#2445),.UNSPECIFIED.,.F.,
  .F.,(2,2),(404.94833333333,407.8426983722),.PIECEWISE_BEZIER_KNOTS.);
#2444 = CARTESIAN_POINT('',(503.3,820.39833333333));
#2445 = CARTESIAN_POINT('',(503.3,823.2926983722));
#2446 = ( GEOMETRIC_REPRESENTATION_CONTEXT(2) 
PARAMETRIC_REPRESENTATION_CONTEXT() REPRESENTATION_CONTEXT('2D SPACE',''
  ) );
#2447 = PCURVE('',#2448,#2453);
#2448 = PLANE('',#2449);
#2449 = AXIS2_PLACEMENT_3D('',#2450,#2451,#2452);
#2450 = CARTESIAN_POINT('',(330.9,0.,3.3));
#2451 = DIRECTION('',(0.,0.,1.));
#2452 = DIRECTION('',(1.,0.,-0.));
#2453 = DEFINITIONAL_REPRESENTATION('',(#2454),#2457);
#2454 = B_SPLINE_CURVE_WITH_KNOTS('',1,(#2455,#2456),.UNSPECIFIED.,.F.,
  .F.,(2,2),(404.94833333333,407.8426983722),.PIECEWISE_BEZIER_KNOTS.);
#2455 = CARTESIAN_POINT('',(-10.50166666666,0.));
#2456 = CARTESIAN_POINT('',(-7.607301627792,0.));
#2457 = ( GEOMETRIC_REPRESENTATION_CONTEXT(2) 
PARAMETRIC_REPRESENTATION_CONTEXT() REPRESENTATION_CONTEXT('2D SPACE',''
  ) );
#2458 = ORIENTED_EDGE('',*,*,#2459,.F.);
#2459 = EDGE_CURVE('',#2460,#2434,#2462,.T.);
#2460 = VERTEX_POINT('',#2461);
#2461 = CARTESIAN_POINT('',(341.9,0.,21.907301627792));
#2462 = SURFACE_CURVE('',#2463,(#2467,#2473),.PCURVE_S1.);
#2463 = LINE('',#2464,#2465);
#2464 = CARTESIAN_POINT('',(-180.4803461105,0.,-500.4730444827));
#2465 = VECTOR('',#2466,1.);
#2466 = DIRECTION('',(-0.707106781187,0.,-0.707106781187));
#2467 = PCURVE('',#723,#2468);
#2468 = DEFINITIONAL_REPRESENTATION('',(#2469),#2472);
#2469 = B_SPLINE_CURVE_WITH_KNOTS('',1,(#2470,#2471),.UNSPECIFIED.,.F.,
  .F.,(2,2),(-738.7573701866,-712.4426718654),.PIECEWISE_BEZIER_KNOTS.);
#2470 = CARTESIAN_POINT('',(521.90730162779,841.9));
#2471 = CARTESIAN_POINT('',(503.3,823.2926983722));
#2472 = ( GEOMETRIC_REPRESENTATION_CONTEXT(2) 
PARAMETRIC_REPRESENTATION_CONTEXT() REPRESENTATION_CONTEXT('2D SPACE',''
  ) );
#2473 = PCURVE('',#2474,#2479);
#2474 = PLANE('',#2475);
#2475 = AXIS2_PLACEMENT_3D('',#2476,#2477,#2478);
#2476 = CARTESIAN_POINT('',(-20.95704140717,-500.,-340.9497397793));
#2477 = DIRECTION('',(0.707106781187,0.,-0.707106781187));
#2478 = DIRECTION('',(0.707106781187,0.,0.707106781187));
#2479 = DEFINITIONAL_REPRESENTATION('',(#2480),#2483);
#2480 = B_SPLINE_CURVE_WITH_KNOTS('',1,(#2481,#2482),.UNSPECIFIED.,.F.,
  .F.,(2,2),(-738.7573701866,-712.4426718654),.PIECEWISE_BEZIER_KNOTS.);
#2481 = CARTESIAN_POINT('',(513.15734916059,-500.));
#2482 = CARTESIAN_POINT('',(486.8426508394,-500.));
#2483 = ( GEOMETRIC_REPRESENTATION_CONTEXT(2) 
PARAMETRIC_REPRESENTATION_CONTEXT() REPRESENTATION_CONTEXT('2D SPACE',''
  ) );
#2484 = ORIENTED_EDGE('',*,*,#2485,.F.);
#2485 = EDGE_CURVE('',#2486,#2460,#2488,.T.);
#2486 = VERTEX_POINT('',#2487);
#2487 = CARTESIAN_POINT('',(341.9,-3.426222473241E-13,25.3));
#2488 = SURFACE_CURVE('',#2489,(#2493,#2499),.PCURVE_S1.);
#2489 = LINE('',#2490,#2491);
#2490 = CARTESIAN_POINT('',(341.9,0.,-242.85));
#2491 = VECTOR('',#2492,1.);
#2492 = DIRECTION('',(2.22044604925E-16,0.,-1.));
#2493 = PCURVE('',#723,#2494);
#2494 = DEFINITIONAL_REPRESENTATION('',(#2495),#2498);
#2495 = B_SPLINE_CURVE_WITH_KNOTS('',1,(#2496,#2497),.UNSPECIFIED.,.F.,
  .F.,(2,2),(-268.15,-264.7573016277),.PIECEWISE_BEZIER_KNOTS.);
#2496 = CARTESIAN_POINT('',(525.3,841.9));
#2497 = CARTESIAN_POINT('',(521.90730162779,841.9));
#2498 = ( GEOMETRIC_REPRESENTATION_CONTEXT(2) 
PARAMETRIC_REPRESENTATION_CONTEXT() REPRESENTATION_CONTEXT('2D SPACE',''
  ) );
#2499 = PCURVE('',#2500,#2505);
#2500 = PLANE('',#2501);
#2501 = AXIS2_PLACEMENT_3D('',#2502,#2503,#2504);
#2502 = CARTESIAN_POINT('',(341.9,0.,14.3));
#2503 = DIRECTION('',(1.,0.,2.22044604925E-16));
#2504 = DIRECTION('',(2.22044604925E-16,0.,-1.));
#2505 = DEFINITIONAL_REPRESENTATION('',(#2506),#2509);
#2506 = B_SPLINE_CURVE_WITH_KNOTS('',1,(#2507,#2508),.UNSPECIFIED.,.F.,
  .F.,(2,2),(-268.15,-264.7573016277),.PIECEWISE_BEZIER_KNOTS.);
#2507 = CARTESIAN_POINT('',(-11.,0.));
#2508 = CARTESIAN_POINT('',(-7.607301627792,0.));
#2509 = ( GEOMETRIC_REPRESENTATION_CONTEXT(2) 
PARAMETRIC_REPRESENTATION_CONTEXT() REPRESENTATION_CONTEXT('2D SPACE',''
  ) );
#2510 = ORIENTED_EDGE('',*,*,#2511,.T.);
#2511 = EDGE_CURVE('',#2486,#2512,#2514,.T.);
#2512 = VERTEX_POINT('',#2513);
#2513 = CARTESIAN_POINT('',(341.9,-2.694222958124E-15,29.3));
#2514 = SURFACE_CURVE('',#2515,(#2519,#2526),.PCURVE_S1.);
#2515 = LINE('',#2516,#2517);
#2516 = CARTESIAN_POINT('',(341.9,-2.694222958124E-15,3.3));
#2517 = VECTOR('',#2518,1.);
#2518 = DIRECTION('',(0.,0.,1.));
#2519 = PCURVE('',#723,#2520);
#2520 = DEFINITIONAL_REPRESENTATION('',(#2521),#2525);
#2521 = LINE('',#2522,#2523);
#2522 = CARTESIAN_POINT('',(503.3,841.9));
#2523 = VECTOR('',#2524,1.);
#2524 = DIRECTION('',(1.,0.));
#2525 = ( GEOMETRIC_REPRESENTATION_CONTEXT(2) 
PARAMETRIC_REPRESENTATION_CONTEXT() REPRESENTATION_CONTEXT('2D SPACE',''
  ) );
#2526 = PCURVE('',#1542,#2527);
#2527 = DEFINITIONAL_REPRESENTATION('',(#2528),#2532);
#2528 = LINE('',#2529,#2530);
#2529 = CARTESIAN_POINT('',(6.28318530718,-0.));
#2530 = VECTOR('',#2531,1.);
#2531 = DIRECTION('',(0.,1.));
#2532 = ( GEOMETRIC_REPRESENTATION_CONTEXT(2) 
PARAMETRIC_REPRESENTATION_CONTEXT() REPRESENTATION_CONTEXT('2D SPACE',''
  ) );
#2533 = ORIENTED_EDGE('',*,*,#2534,.F.);
#2534 = EDGE_CURVE('',#2535,#2512,#2537,.T.);
#2535 = VERTEX_POINT('',#2536);
#2536 = CARTESIAN_POINT('',(341.9,0.,32.692698372208));
#2537 = SURFACE_CURVE('',#2538,(#2542,#2548),.PCURVE_S1.);
#2538 = LINE('',#2539,#2540);
#2539 = CARTESIAN_POINT('',(341.9,0.,-229.85));
#2540 = VECTOR('',#2541,1.);
#2541 = DIRECTION('',(2.22044604925E-16,0.,-1.));
#2542 = PCURVE('',#723,#2543);
#2543 = DEFINITIONAL_REPRESENTATION('',(#2544),#2547);
#2544 = B_SPLINE_CURVE_WITH_KNOTS('',1,(#2545,#2546),.UNSPECIFIED.,.F.,
  .F.,(2,2),(-262.5426983722,-259.15),.PIECEWISE_BEZIER_KNOTS.);
#2545 = CARTESIAN_POINT('',(532.6926983722,841.9));
#2546 = CARTESIAN_POINT('',(529.3,841.9));
#2547 = ( GEOMETRIC_REPRESENTATION_CONTEXT(2) 
PARAMETRIC_REPRESENTATION_CONTEXT() REPRESENTATION_CONTEXT('2D SPACE',''
  ) );
#2548 = PCURVE('',#2549,#2554);
#2549 = PLANE('',#2550);
#2550 = AXIS2_PLACEMENT_3D('',#2551,#2552,#2553);
#2551 = CARTESIAN_POINT('',(341.9,0.,40.3));
#2552 = DIRECTION('',(1.,0.,2.22044604925E-16));
#2553 = DIRECTION('',(2.22044604925E-16,0.,-1.));
#2554 = DEFINITIONAL_REPRESENTATION('',(#2555),#2558);
#2555 = B_SPLINE_CURVE_WITH_KNOTS('',1,(#2556,#2557),.UNSPECIFIED.,.F.,
  .F.,(2,2),(-262.5426983722,-259.15),.PIECEWISE_BEZIER_KNOTS.);
#2556 = CARTESIAN_POINT('',(7.607301627792,0.));
#2557 = CARTESIAN_POINT('',(11.,0.));
#2558 = ( GEOMETRIC_REPRESENTATION_CONTEXT(2) 
PARAMETRIC_REPRESENTATION_CONTEXT() REPRESENTATION_CONTEXT('2D SPACE',''
  ) );
#2559 = ORIENTED_EDGE('',*,*,#2560,.F.);
#2560 = EDGE_CURVE('',#2561,#2535,#2563,.T.);
#2561 = VERTEX_POINT('',#2562);
#2562 = CARTESIAN_POINT('',(323.2926983722,0.,51.3));
#2563 = SURFACE_CURVE('',#2564,(#2568,#2574),.PCURVE_S1.);
#2564 = LINE('',#2565,#2566);
#2565 = CARTESIAN_POINT('',(436.72304448274,0.,-62.13034611053));
#2566 = VECTOR('',#2567,1.);
#2567 = DIRECTION('',(0.707106781187,0.,-0.707106781187));
#2568 = PCURVE('',#723,#2569);
#2569 = DEFINITIONAL_REPRESENTATION('',(#2570),#2573);
#2570 = B_SPLINE_CURVE_WITH_KNOTS('',1,(#2571,#2572),.UNSPECIFIED.,.F.,
  .F.,(2,2),(-160.4147338541,-134.100035533),.PIECEWISE_BEZIER_KNOTS.);
#2571 = CARTESIAN_POINT('',(551.3,823.2926983722));
#2572 = CARTESIAN_POINT('',(532.6926983722,841.9));
#2573 = ( GEOMETRIC_REPRESENTATION_CONTEXT(2) 
PARAMETRIC_REPRESENTATION_CONTEXT() REPRESENTATION_CONTEXT('2D SPACE',''
  ) );
#2574 = PCURVE('',#2575,#2580);
#2575 = PLANE('',#2576);
#2576 = AXIS2_PLACEMENT_3D('',#2577,#2578,#2579);
#2577 = CARTESIAN_POINT('',(686.14973977937,-500.,-311.5570414071));
#2578 = DIRECTION('',(0.707106781187,0.,0.707106781187));
#2579 = DIRECTION('',(-0.707106781187,0.,0.707106781187));
#2580 = DEFINITIONAL_REPRESENTATION('',(#2581),#2584);
#2581 = B_SPLINE_CURVE_WITH_KNOTS('',1,(#2582,#2583),.UNSPECIFIED.,.F.,
  .F.,(2,2),(-160.4147338541,-134.100035533),.PIECEWISE_BEZIER_KNOTS.);
#2582 = CARTESIAN_POINT('',(513.15734916059,-500.));
#2583 = CARTESIAN_POINT('',(486.8426508394,-500.));
#2584 = ( GEOMETRIC_REPRESENTATION_CONTEXT(2) 
PARAMETRIC_REPRESENTATION_CONTEXT() REPRESENTATION_CONTEXT('2D SPACE',''
  ) );
#2585 = ORIENTED_EDGE('',*,*,#2586,.F.);
#2586 = EDGE_CURVE('',#2304,#2561,#2587,.T.);
#2587 = SURFACE_CURVE('',#2588,(#2592,#2598),.PCURVE_S1.);
#2588 = LINE('',#2589,#2590);
#2589 = CARTESIAN_POINT('',(-84.55,0.,51.3));
#2590 = VECTOR('',#2591,1.);
#2591 = DIRECTION('',(1.,0.,-0.));
#2592 = PCURVE('',#723,#2593);
#2593 = DEFINITIONAL_REPRESENTATION('',(#2594),#2597);
#2594 = B_SPLINE_CURVE_WITH_KNOTS('',1,(#2595,#2596),.UNSPECIFIED.,.F.,
  .F.,(2,2),(404.45,407.8426983722),.PIECEWISE_BEZIER_KNOTS.);
#2595 = CARTESIAN_POINT('',(551.3,819.9));
#2596 = CARTESIAN_POINT('',(551.3,823.2926983722));
#2597 = ( GEOMETRIC_REPRESENTATION_CONTEXT(2) 
PARAMETRIC_REPRESENTATION_CONTEXT() REPRESENTATION_CONTEXT('2D SPACE',''
  ) );
#2598 = PCURVE('',#2599,#2604);
#2599 = PLANE('',#2600);
#2600 = AXIS2_PLACEMENT_3D('',#2601,#2602,#2603);
#2601 = CARTESIAN_POINT('',(330.9,0.,51.3));
#2602 = DIRECTION('',(0.,0.,1.));
#2603 = DIRECTION('',(1.,0.,-0.));
#2604 = DEFINITIONAL_REPRESENTATION('',(#2605),#2608);
#2605 = B_SPLINE_CURVE_WITH_KNOTS('',1,(#2606,#2607),.UNSPECIFIED.,.F.,
  .F.,(2,2),(404.45,407.8426983722),.PIECEWISE_BEZIER_KNOTS.);
#2606 = CARTESIAN_POINT('',(-11.,0.));
#2607 = CARTESIAN_POINT('',(-7.607301627792,0.));
#2608 = ( GEOMETRIC_REPRESENTATION_CONTEXT(2) 
PARAMETRIC_REPRESENTATION_CONTEXT() REPRESENTATION_CONTEXT('2D SPACE',''
  ) );
#2609 = FACE_BOUND('',#2610,.T.);
#2610 = EDGE_LOOP('',(#2611));
#2611 = ORIENTED_EDGE('',*,*,#2612,.T.);
#2612 = EDGE_CURVE('',#2613,#2613,#2615,.T.);
#2613 = VERTEX_POINT('',#2614);
#2614 = CARTESIAN_POINT('',(271.25,-6.798155367234E-32,53.5));
#2615 = SURFACE_CURVE('',#2616,(#2621,#2632),.PCURVE_S1.);
#2616 = CIRCLE('',#2617,1.25);
#2617 = AXIS2_PLACEMENT_3D('',#2618,#2619,#2620);
#2618 = CARTESIAN_POINT('',(270.,0.,53.5));
#2619 = DIRECTION('',(0.,-1.,2.22044604925E-16));
#2620 = DIRECTION('',(1.,0.,0.));
#2621 = PCURVE('',#723,#2622);
#2622 = DEFINITIONAL_REPRESENTATION('',(#2623),#2631);
#2623 = ( BOUNDED_CURVE() B_SPLINE_CURVE(2,(#2624,#2625,#2626,#2627,
#2628,#2629,#2630),.UNSPECIFIED.,.T.,.F.) B_SPLINE_CURVE_WITH_KNOTS((1,2
    ,2,2,2,1),(-2.094395102393,0.,2.094395102393,4.188790204786,
6.28318530718,8.377580409573),.UNSPECIFIED.) CURVE() 
GEOMETRIC_REPRESENTATION_ITEM() RATIONAL_B_SPLINE_CURVE((1.,0.5,1.,0.5,
1.,0.5,1.)) REPRESENTATION_ITEM('') );
#2624 = CARTESIAN_POINT('',(553.5,771.25));
#2625 = CARTESIAN_POINT('',(555.66506350946,771.25));
#2626 = CARTESIAN_POINT('',(554.58253175473,769.375));
#2627 = CARTESIAN_POINT('',(553.5,767.5));
#2628 = CARTESIAN_POINT('',(552.41746824526,769.375));
#2629 = CARTESIAN_POINT('',(551.33493649053,771.25));
#2630 = CARTESIAN_POINT('',(553.5,771.25));
#2631 = ( GEOMETRIC_REPRESENTATION_CONTEXT(2) 
PARAMETRIC_REPRESENTATION_CONTEXT() REPRESENTATION_CONTEXT('2D SPACE',''
  ) );
#2632 = PCURVE('',#2633,#2638);
#2633 = CYLINDRICAL_SURFACE('',#2634,1.25);
#2634 = AXIS2_PLACEMENT_3D('',#2635,#2636,#2637);
#2635 = CARTESIAN_POINT('',(270.,0.,53.5));
#2636 = DIRECTION('',(0.,-1.,2.22044604925E-16));
#2637 = DIRECTION('',(1.,0.,0.));
#2638 = DEFINITIONAL_REPRESENTATION('',(#2639),#2643);
#2639 = LINE('',#2640,#2641);
#2640 = CARTESIAN_POINT('',(0.,0.));
#2641 = VECTOR('',#2642,1.);
#2642 = DIRECTION('',(1.,0.));
#2643 = ( GEOMETRIC_REPRESENTATION_CONTEXT(2) 
PARAMETRIC_REPRESENTATION_CONTEXT() REPRESENTATION_CONTEXT('2D SPACE',''
  ) );
#2644 = FACE_BOUND('',#2645,.T.);
#2645 = EDGE_LOOP('',(#2646));
#2646 = ORIENTED_EDGE('',*,*,#2647,.T.);
#2647 = EDGE_CURVE('',#2648,#2648,#2650,.T.);
#2648 = VERTEX_POINT('',#2649);
#2649 = CARTESIAN_POINT('',(326.25,-6.798155367234E-32,53.5));
#2650 = SURFACE_CURVE('',#2651,(#2656,#2667),.PCURVE_S1.);
#2651 = CIRCLE('',#2652,1.25);
#2652 = AXIS2_PLACEMENT_3D('',#2653,#2654,#2655);
#2653 = CARTESIAN_POINT('',(325.,0.,53.5));
#2654 = DIRECTION('',(0.,-1.,2.22044604925E-16));
#2655 = DIRECTION('',(1.,0.,0.));
#2656 = PCURVE('',#723,#2657);
#2657 = DEFINITIONAL_REPRESENTATION('',(#2658),#2666);
#2658 = ( BOUNDED_CURVE() B_SPLINE_CURVE(2,(#2659,#2660,#2661,#2662,
#2663,#2664,#2665),.UNSPECIFIED.,.T.,.F.) B_SPLINE_CURVE_WITH_KNOTS((1,2
    ,2,2,2,1),(-2.094395102393,0.,2.094395102393,4.188790204786,
6.28318530718,8.377580409573),.UNSPECIFIED.) CURVE() 
GEOMETRIC_REPRESENTATION_ITEM() RATIONAL_B_SPLINE_CURVE((1.,0.5,1.,0.5,
1.,0.5,1.)) REPRESENTATION_ITEM('') );
#2659 = CARTESIAN_POINT('',(553.5,826.25));
#2660 = CARTESIAN_POINT('',(555.66506350946,826.25));
#2661 = CARTESIAN_POINT('',(554.58253175473,824.375));
#2662 = CARTESIAN_POINT('',(553.5,822.5));
#2663 = CARTESIAN_POINT('',(552.41746824526,824.375));
#2664 = CARTESIAN_POINT('',(551.33493649053,826.25));
#2665 = CARTESIAN_POINT('',(553.5,826.25));
#2666 = ( GEOMETRIC_REPRESENTATION_CONTEXT(2) 
PARAMETRIC_REPRESENTATION_CONTEXT() REPRESENTATION_CONTEXT('2D SPACE',''
  ) );
#2667 = PCURVE('',#2668,#2673);
#2668 = CYLINDRICAL_SURFACE('',#2669,1.25);
#2669 = AXIS2_PLACEMENT_3D('',#2670,#2671,#2672);
#2670 = CARTESIAN_POINT('',(325.,0.,53.5));
#2671 = DIRECTION('',(0.,-1.,2.22044604925E-16));
#2672 = DIRECTION('',(1.,0.,0.));
#2673 = DEFINITIONAL_REPRESENTATION('',(#2674),#2678);
#2674 = LINE('',#2675,#2676);
#2675 = CARTESIAN_POINT('',(0.,0.));
#2676 = VECTOR('',#2677,1.);
#2677 = DIRECTION('',(1.,0.));
#2678 = ( GEOMETRIC_REPRESENTATION_CONTEXT(2) 
PARAMETRIC_REPRESENTATION_CONTEXT() REPRESENTATION_CONTEXT('2D SPACE',''
  ) );
#2679 = ADVANCED_FACE('',(#2680),#696,.T.);
#2680 = FACE_BOUND('',#2681,.T.);
#2681 = EDGE_LOOP('',(#2682,#2683,#2684,#2685));
#2682 = ORIENTED_EDGE('',*,*,#2073,.F.);
#2683 = ORIENTED_EDGE('',*,*,#680,.T.);
#2684 = ORIENTED_EDGE('',*,*,#2368,.F.);
#2685 = ORIENTED_EDGE('',*,*,#2686,.F.);
#2686 = EDGE_CURVE('',#2051,#2348,#2687,.T.);
#2687 = SURFACE_CURVE('',#2688,(#2692,#2699),.PCURVE_S1.);
#2688 = LINE('',#2689,#2690);
#2689 = CARTESIAN_POINT('',(344.4,-15.,56.));
#2690 = VECTOR('',#2691,1.);
#2691 = DIRECTION('',(-0.,1.,0.));
#2692 = PCURVE('',#696,#2693);
#2693 = DEFINITIONAL_REPRESENTATION('',(#2694),#2698);
#2694 = LINE('',#2695,#2696);
#2695 = CARTESIAN_POINT('',(56.,0.));
#2696 = VECTOR('',#2697,1.);
#2697 = DIRECTION('',(0.,-1.));
#2698 = ( GEOMETRIC_REPRESENTATION_CONTEXT(2) 
PARAMETRIC_REPRESENTATION_CONTEXT() REPRESENTATION_CONTEXT('2D SPACE',''
  ) );
#2699 = PCURVE('',#1860,#2700);
#2700 = DEFINITIONAL_REPRESENTATION('',(#2701),#2705);
#2701 = LINE('',#2702,#2703);
#2702 = CARTESIAN_POINT('',(100.37326463177,0.));
#2703 = VECTOR('',#2704,1.);
#2704 = DIRECTION('',(0.,1.));
#2705 = ( GEOMETRIC_REPRESENTATION_CONTEXT(2) 
PARAMETRIC_REPRESENTATION_CONTEXT() REPRESENTATION_CONTEXT('2D SPACE',''
  ) );
#2706 = ADVANCED_FACE('',(#2707),#1542,.F.);
#2707 = FACE_BOUND('',#2708,.F.);
#2708 = EDGE_LOOP('',(#2709,#2748,#2749,#2790,#2824,#2825));
#2709 = ORIENTED_EDGE('',*,*,#2710,.F.);
#2710 = EDGE_CURVE('',#2486,#1472,#2711,.T.);
#2711 = SURFACE_CURVE('',#2712,(#2717,#2730),.PCURVE_S1.);
#2712 = ELLIPSE('',#2713,15.556349186104,11.);
#2713 = AXIS2_PLACEMENT_3D('',#2714,#2715,#2716);
#2714 = CARTESIAN_POINT('',(330.9,0.,14.3));
#2715 = DIRECTION('',(0.707106781187,0.,-0.707106781187));
#2716 = DIRECTION('',(0.707106781187,0.,0.707106781187));
#2717 = PCURVE('',#1542,#2718);
#2718 = DEFINITIONAL_REPRESENTATION('',(#2719),#2729);
#2719 = B_SPLINE_CURVE_WITH_KNOTS('',8,(#2720,#2721,#2722,#2723,#2724,
    #2725,#2726,#2727,#2728),.UNSPECIFIED.,.F.,.F.,(9,9),(0.,
    1.570796326795),.PIECEWISE_BEZIER_KNOTS.);
#2720 = CARTESIAN_POINT('',(6.28318530718,22.));
#2721 = CARTESIAN_POINT('',(6.08683576633,22.));
#2722 = CARTESIAN_POINT('',(5.890486225482,21.515331464148));
#2723 = CARTESIAN_POINT('',(5.69413668463,20.545998509704));
#2724 = CARTESIAN_POINT('',(5.497787143788,19.13184625635));
#2725 = CARTESIAN_POINT('',(5.301437602931,17.352645873303));
#2726 = CARTESIAN_POINT('',(5.105088062084,15.319690411485));
#2727 = CARTESIAN_POINT('',(4.908738521234,13.159844949343));
#2728 = CARTESIAN_POINT('',(4.712388980385,11.));
#2729 = ( GEOMETRIC_REPRESENTATION_CONTEXT(2) 
PARAMETRIC_REPRESENTATION_CONTEXT() REPRESENTATION_CONTEXT('2D SPACE',''
  ) );
#2730 = PCURVE('',#2731,#2736);
#2731 = CYLINDRICAL_SURFACE('',#2732,11.);
#2732 = AXIS2_PLACEMENT_3D('',#2733,#2734,#2735);
#2733 = CARTESIAN_POINT('',(84.,0.,14.3));
#2734 = DIRECTION('',(1.,0.,2.22044604925E-16));
#2735 = DIRECTION('',(2.22044604925E-16,0.,-1.));
#2736 = DEFINITIONAL_REPRESENTATION('',(#2737),#2747);
#2737 = B_SPLINE_CURVE_WITH_KNOTS('',8,(#2738,#2739,#2740,#2741,#2742,
    #2743,#2744,#2745,#2746),.UNSPECIFIED.,.F.,.F.,(9,9),(0.,
    1.570796326795),.PIECEWISE_BEZIER_KNOTS.);
#2738 = CARTESIAN_POINT('',(3.14159265359,257.9));
#2739 = CARTESIAN_POINT('',(3.337942194439,257.9));
#2740 = CARTESIAN_POINT('',(3.534291735287,257.41533146402));
#2741 = CARTESIAN_POINT('',(3.73064127613,256.44599850906));
#2742 = CARTESIAN_POINT('',(3.926990816977,255.03184625483));
#2743 = CARTESIAN_POINT('',(4.123340357824,253.25264587253));
#2744 = CARTESIAN_POINT('',(4.319689898685,251.21969041141));
#2745 = CARTESIAN_POINT('',(4.516039439535,249.05984494934));
#2746 = CARTESIAN_POINT('',(4.712388980385,246.9));
#2747 = ( GEOMETRIC_REPRESENTATION_CONTEXT(2) 
PARAMETRIC_REPRESENTATION_CONTEXT() REPRESENTATION_CONTEXT('2D SPACE',''
  ) );
#2748 = ORIENTED_EDGE('',*,*,#2511,.T.);
#2749 = ORIENTED_EDGE('',*,*,#2750,.F.);
#2750 = EDGE_CURVE('',#2751,#2512,#2753,.T.);
#2751 = VERTEX_POINT('',#2752);
#2752 = CARTESIAN_POINT('',(330.9,-11.,40.3));
#2753 = SURFACE_CURVE('',#2754,(#2759,#2772),.PCURVE_S1.);
#2754 = ELLIPSE('',#2755,15.556349186104,11.);
#2755 = AXIS2_PLACEMENT_3D('',#2756,#2757,#2758);
#2756 = CARTESIAN_POINT('',(330.9,0.,40.3));
#2757 = DIRECTION('',(0.707106781187,0.,0.707106781187));
#2758 = DIRECTION('',(-0.707106781187,0.,0.707106781187));
#2759 = PCURVE('',#1542,#2760);
#2760 = DEFINITIONAL_REPRESENTATION('',(#2761),#2771);
#2761 = B_SPLINE_CURVE_WITH_KNOTS('',8,(#2762,#2763,#2764,#2765,#2766,
    #2767,#2768,#2769,#2770),.UNSPECIFIED.,.F.,.F.,(9,9),(1.570796326795
    ,3.14159265359),.PIECEWISE_BEZIER_KNOTS.);
#2762 = CARTESIAN_POINT('',(4.712388980385,37.));
#2763 = CARTESIAN_POINT('',(4.908738521234,34.840155050657));
#2764 = CARTESIAN_POINT('',(5.105088062082,32.680309588479));
#2765 = CARTESIAN_POINT('',(5.30143760295,30.647354126733));
#2766 = CARTESIAN_POINT('',(5.497787143748,28.868153743562));
#2767 = CARTESIAN_POINT('',(5.694136684629,27.454001490347));
#2768 = CARTESIAN_POINT('',(5.890486225476,26.484668535824));
#2769 = CARTESIAN_POINT('',(6.08683576633,26.));
#2770 = CARTESIAN_POINT('',(6.28318530718,26.));
#2771 = ( GEOMETRIC_REPRESENTATION_CONTEXT(2) 
PARAMETRIC_REPRESENTATION_CONTEXT() REPRESENTATION_CONTEXT('2D SPACE',''
  ) );
#2772 = PCURVE('',#2773,#2778);
#2773 = CYLINDRICAL_SURFACE('',#2774,11.);
#2774 = AXIS2_PLACEMENT_3D('',#2775,#2776,#2777);
#2775 = CARTESIAN_POINT('',(246.52673536822,0.,40.3));
#2776 = DIRECTION('',(1.,0.,2.22044604925E-16));
#2777 = DIRECTION('',(2.22044604925E-16,0.,-1.));
#2778 = DEFINITIONAL_REPRESENTATION('',(#2779),#2789);
#2779 = B_SPLINE_CURVE_WITH_KNOTS('',8,(#2780,#2781,#2782,#2783,#2784,
    #2785,#2786,#2787,#2788),.UNSPECIFIED.,.F.,.F.,(9,9),(1.570796326795
    ,3.14159265359),.PIECEWISE_BEZIER_KNOTS.);
#2780 = CARTESIAN_POINT('',(4.712388980385,84.373264631778));
#2781 = CARTESIAN_POINT('',(4.908738521234,86.533109581121));
#2782 = CARTESIAN_POINT('',(5.105088062082,88.692955043269));
#2783 = CARTESIAN_POINT('',(5.301437602902,90.725910505222));
#2784 = CARTESIAN_POINT('',(5.497787143802,92.505110887694));
#2785 = CARTESIAN_POINT('',(5.694136684611,93.919263141463));
#2786 = CARTESIAN_POINT('',(5.89048622548,94.888596095887));
#2787 = CARTESIAN_POINT('',(6.08683576633,95.373264631778));
#2788 = CARTESIAN_POINT('',(6.28318530718,95.373264631778));
#2789 = ( GEOMETRIC_REPRESENTATION_CONTEXT(2) 
PARAMETRIC_REPRESENTATION_CONTEXT() REPRESENTATION_CONTEXT('2D SPACE',''
  ) );
#2790 = ORIENTED_EDGE('',*,*,#2791,.F.);
#2791 = EDGE_CURVE('',#1669,#2751,#2792,.T.);
#2792 = SURFACE_CURVE('',#2793,(#2798,#2811),.PCURVE_S1.);
#2793 = ELLIPSE('',#2794,15.556349186104,11.);
#2794 = AXIS2_PLACEMENT_3D('',#2795,#2796,#2797);
#2795 = CARTESIAN_POINT('',(330.9,0.,40.3));
#2796 = DIRECTION('',(-0.707106781187,0.,0.707106781187));
#2797 = DIRECTION('',(0.707106781187,0.,0.707106781187));
#2798 = PCURVE('',#1542,#2799);
#2799 = DEFINITIONAL_REPRESENTATION('',(#2800),#2810);
#2800 = B_SPLINE_CURVE_WITH_KNOTS('',8,(#2801,#2802,#2803,#2804,#2805,
    #2806,#2807,#2808,#2809),.UNSPECIFIED.,.F.,.F.,(9,9),(3.14159265359,
    4.712388980385),.PIECEWISE_BEZIER_KNOTS.);
#2801 = CARTESIAN_POINT('',(3.14159265359,26.));
#2802 = CARTESIAN_POINT('',(3.337942194439,26.));
#2803 = CARTESIAN_POINT('',(3.534291735285,26.484668535813));
#2804 = CARTESIAN_POINT('',(3.730641276145,27.454001490332));
#2805 = CARTESIAN_POINT('',(3.926990816984,28.868153743504));
#2806 = CARTESIAN_POINT('',(4.123340357841,30.647354126791));
#2807 = CARTESIAN_POINT('',(4.319689898684,32.680309588468));
#2808 = CARTESIAN_POINT('',(4.516039439535,34.840155050657));
#2809 = CARTESIAN_POINT('',(4.712388980385,37.));
#2810 = ( GEOMETRIC_REPRESENTATION_CONTEXT(2) 
PARAMETRIC_REPRESENTATION_CONTEXT() REPRESENTATION_CONTEXT('2D SPACE',''
  ) );
#2811 = PCURVE('',#1684,#2812);
#2812 = DEFINITIONAL_REPRESENTATION('',(#2813),#2823);
#2813 = B_SPLINE_CURVE_WITH_KNOTS('',8,(#2814,#2815,#2816,#2817,#2818,
    #2819,#2820,#2821,#2822),.UNSPECIFIED.,.F.,.F.,(9,9),(3.14159265359,
    4.712388980385),.PIECEWISE_BEZIER_KNOTS.);
#2814 = CARTESIAN_POINT('',(6.28318530718,73.373264631778));
#2815 = CARTESIAN_POINT('',(6.08683576633,73.373264631778));
#2816 = CARTESIAN_POINT('',(5.890486225481,73.857933167521));
#2817 = CARTESIAN_POINT('',(5.694136684634,74.827266122098));
#2818 = CARTESIAN_POINT('',(5.497787143781,76.24141837511));
#2819 = CARTESIAN_POINT('',(5.301437602938,78.02061875863));
#2820 = CARTESIAN_POINT('',(5.105088062083,80.053574220176));
#2821 = CARTESIAN_POINT('',(4.908738521234,82.213419682435));
#2822 = CARTESIAN_POINT('',(4.712388980385,84.373264631778));
#2823 = ( GEOMETRIC_REPRESENTATION_CONTEXT(2) 
PARAMETRIC_REPRESENTATION_CONTEXT() REPRESENTATION_CONTEXT('2D SPACE',''
  ) );
#2824 = ORIENTED_EDGE('',*,*,#1696,.F.);
#2825 = ORIENTED_EDGE('',*,*,#1512,.T.);
#2826 = ADVANCED_FACE('',(#2827),#1494,.F.);
#2827 = FACE_BOUND('',#2828,.F.);
#2828 = EDGE_LOOP('',(#2829,#2865,#2866,#2887,#2911));
#2829 = ORIENTED_EDGE('',*,*,#2830,.F.);
#2830 = EDGE_CURVE('',#1472,#2831,#2833,.T.);
#2831 = VERTEX_POINT('',#2832);
#2832 = CARTESIAN_POINT('',(332.5963491861,-10.8684129218,
    12.603650813896));
#2833 = SURFACE_CURVE('',#2834,(#2839,#2852),.PCURVE_S1.);
#2834 = ELLIPSE('',#2835,15.556349186104,11.);
#2835 = AXIS2_PLACEMENT_3D('',#2836,#2837,#2838);
#2836 = CARTESIAN_POINT('',(330.9,0.,14.3));
#2837 = DIRECTION('',(0.707106781187,0.,0.707106781187));
#2838 = DIRECTION('',(0.707106781187,0.,-0.707106781187));
#2839 = PCURVE('',#1494,#2840);
#2840 = DEFINITIONAL_REPRESENTATION('',(#2841),#2851);
#2841 = B_SPLINE_CURVE_WITH_KNOTS('',8,(#2842,#2843,#2844,#2845,#2846,
    #2847,#2848,#2849,#2850),.UNSPECIFIED.,.F.,.F.,(9,9),(4.712388980385
    ,6.28318530718),.PIECEWISE_BEZIER_KNOTS.);
#2842 = CARTESIAN_POINT('',(4.712388980385,11.));
#2843 = CARTESIAN_POINT('',(4.908738521234,8.840155050657));
#2844 = CARTESIAN_POINT('',(5.105088062086,6.680309588503));
#2845 = CARTESIAN_POINT('',(5.301437602935,4.647354126661));
#2846 = CARTESIAN_POINT('',(5.497787143762,2.868153743662));
#2847 = CARTESIAN_POINT('',(5.694136684629,1.45400149025));
#2848 = CARTESIAN_POINT('',(5.890486225479,0.484668535853));
#2849 = CARTESIAN_POINT('',(6.08683576633,-2.256362947143E-14));
#2850 = CARTESIAN_POINT('',(6.28318530718,-2.30926389122E-14));
#2851 = ( GEOMETRIC_REPRESENTATION_CONTEXT(2) 
PARAMETRIC_REPRESENTATION_CONTEXT() REPRESENTATION_CONTEXT('2D SPACE',''
  ) );
#2852 = PCURVE('',#2731,#2853);
#2853 = DEFINITIONAL_REPRESENTATION('',(#2854),#2864);
#2854 = B_SPLINE_CURVE_WITH_KNOTS('',8,(#2855,#2856,#2857,#2858,#2859,
    #2860,#2861,#2862,#2863),.UNSPECIFIED.,.F.,.F.,(9,9),(4.712388980385
    ,6.28318530718),.PIECEWISE_BEZIER_KNOTS.);
#2855 = CARTESIAN_POINT('',(4.712388980385,246.9));
#2856 = CARTESIAN_POINT('',(4.908738521234,249.05984494934));
#2857 = CARTESIAN_POINT('',(5.105088062081,251.21969041184));
#2858 = CARTESIAN_POINT('',(5.301437602931,253.25264587136));
#2859 = CARTESIAN_POINT('',(5.497787143806,255.03184625832));
#2860 = CARTESIAN_POINT('',(5.694136684611,256.44599850743));
#2861 = CARTESIAN_POINT('',(5.890486225479,257.4153314644));
#2862 = CARTESIAN_POINT('',(6.08683576633,257.9));
#2863 = CARTESIAN_POINT('',(6.28318530718,257.9));
#2864 = ( GEOMETRIC_REPRESENTATION_CONTEXT(2) 
PARAMETRIC_REPRESENTATION_CONTEXT() REPRESENTATION_CONTEXT('2D SPACE',''
  ) );
#2865 = ORIENTED_EDGE('',*,*,#1471,.T.);
#2866 = ORIENTED_EDGE('',*,*,#2867,.F.);
#2867 = EDGE_CURVE('',#2868,#1339,#2870,.T.);
#2868 = VERTEX_POINT('',#2869);
#2869 = CARTESIAN_POINT('',(320.39833333333,-3.273377036367,3.3));
#2870 = SURFACE_CURVE('',#2871,(#2875,#2881),.PCURVE_S1.);
#2871 = LINE('',#2872,#2873);
#2872 = CARTESIAN_POINT('',(320.39833333333,-3.273377036368,3.3));
#2873 = VECTOR('',#2874,1.);
#2874 = DIRECTION('',(0.,0.,1.));
#2875 = PCURVE('',#1494,#2876);
#2876 = DEFINITIONAL_REPRESENTATION('',(#2877),#2880);
#2877 = B_SPLINE_CURVE_WITH_KNOTS('',1,(#2878,#2879),.UNSPECIFIED.,.F.,
  .F.,(2,2),(-6.000000265516E-07,5.2000006),.PIECEWISE_BEZIER_KNOTS.);
#2878 = CARTESIAN_POINT('',(3.443749184524,-6.000000265516E-07));
#2879 = CARTESIAN_POINT('',(3.443749184524,5.2000006));
#2880 = ( GEOMETRIC_REPRESENTATION_CONTEXT(2) 
PARAMETRIC_REPRESENTATION_CONTEXT() REPRESENTATION_CONTEXT('2D SPACE',''
  ) );
#2881 = PCURVE('',#1424,#2882);
#2882 = DEFINITIONAL_REPRESENTATION('',(#2883),#2886);
#2883 = B_SPLINE_CURVE_WITH_KNOTS('',1,(#2884,#2885),.UNSPECIFIED.,.F.,
  .F.,(2,2),(-6.000000265516E-07,5.2000006),.PIECEWISE_BEZIER_KNOTS.);
#2884 = CARTESIAN_POINT('',(5.14165519415,6.7999994));
#2885 = CARTESIAN_POINT('',(5.14165519415,12.0000006));
#2886 = ( GEOMETRIC_REPRESENTATION_CONTEXT(2) 
PARAMETRIC_REPRESENTATION_CONTEXT() REPRESENTATION_CONTEXT('2D SPACE',''
  ) );
#2887 = ORIENTED_EDGE('',*,*,#2888,.T.);
#2888 = EDGE_CURVE('',#2868,#2889,#2891,.T.);
#2889 = VERTEX_POINT('',#2890);
#2890 = CARTESIAN_POINT('',(323.2926983722,-7.945373618893,3.3));
#2891 = SURFACE_CURVE('',#2892,(#2897,#2904),.PCURVE_S1.);
#2892 = CIRCLE('',#2893,11.);
#2893 = AXIS2_PLACEMENT_3D('',#2894,#2895,#2896);
#2894 = CARTESIAN_POINT('',(330.9,0.,3.3));
#2895 = DIRECTION('',(0.,0.,1.));
#2896 = DIRECTION('',(1.,0.,-0.));
#2897 = PCURVE('',#1494,#2898);
#2898 = DEFINITIONAL_REPRESENTATION('',(#2899),#2903);
#2899 = LINE('',#2900,#2901);
#2900 = CARTESIAN_POINT('',(0.,0.));
#2901 = VECTOR('',#2902,1.);
#2902 = DIRECTION('',(1.,0.));
#2903 = ( GEOMETRIC_REPRESENTATION_CONTEXT(2) 
PARAMETRIC_REPRESENTATION_CONTEXT() REPRESENTATION_CONTEXT('2D SPACE',''
  ) );
#2904 = PCURVE('',#2448,#2905);
#2905 = DEFINITIONAL_REPRESENTATION('',(#2906),#2910);
#2906 = CIRCLE('',#2907,11.);
#2907 = AXIS2_PLACEMENT_2D('',#2908,#2909);
#2908 = CARTESIAN_POINT('',(0.,0.));
#2909 = DIRECTION('',(1.,0.));
#2910 = ( GEOMETRIC_REPRESENTATION_CONTEXT(2) 
PARAMETRIC_REPRESENTATION_CONTEXT() REPRESENTATION_CONTEXT('2D SPACE',''
  ) );
#2911 = ORIENTED_EDGE('',*,*,#2912,.F.);
#2912 = EDGE_CURVE('',#2831,#2889,#2913,.T.);
#2913 = SURFACE_CURVE('',#2914,(#2919,#2931),.PCURVE_S1.);
#2914 = ELLIPSE('',#2915,15.556349186104,11.);
#2915 = AXIS2_PLACEMENT_3D('',#2916,#2917,#2918);
#2916 = CARTESIAN_POINT('',(330.9,0.,10.907301627792));
#2917 = DIRECTION('',(0.707106781187,0.,-0.707106781187));
#2918 = DIRECTION('',(0.707106781187,0.,0.707106781187));
#2919 = PCURVE('',#1494,#2920);
#2920 = DEFINITIONAL_REPRESENTATION('',(#2921),#2930);
#2921 = B_SPLINE_CURVE_WITH_KNOTS('',7,(#2922,#2923,#2924,#2925,#2926,
    #2927,#2928,#2929),.UNSPECIFIED.,.F.,.F.,(8,8),(1.257257167284,
    2.334460764049),.PIECEWISE_BEZIER_KNOTS.);
#2922 = CARTESIAN_POINT('',(5.025928139895,11.0000006));
#2923 = CARTESIAN_POINT('',(4.872041911786,9.38977703946));
#2924 = CARTESIAN_POINT('',(4.718155683677,7.685820807951));
#2925 = CARTESIAN_POINT('',(4.564269455569,5.950412582669));
#2926 = CARTESIAN_POINT('',(4.410383227457,4.251275761859));
#2927 = CARTESIAN_POINT('',(4.256496999349,2.655539596461));
#2928 = CARTESIAN_POINT('',(4.10261077124,1.222682888728));
#2929 = CARTESIAN_POINT('',(3.94872454313,-5.999999990181E-07));
#2930 = ( GEOMETRIC_REPRESENTATION_CONTEXT(2) 
PARAMETRIC_REPRESENTATION_CONTEXT() REPRESENTATION_CONTEXT('2D SPACE',''
  ) );
#2931 = PCURVE('',#2474,#2932);
#2932 = DEFINITIONAL_REPRESENTATION('',(#2933),#2937);
#2933 = ELLIPSE('',#2934,15.556349186104,11.);
#2934 = AXIS2_PLACEMENT_2D('',#2935,#2936);
#2935 = CARTESIAN_POINT('',(497.60099997449,-500.));
#2936 = DIRECTION('',(1.,0.));
#2937 = ( GEOMETRIC_REPRESENTATION_CONTEXT(2) 
PARAMETRIC_REPRESENTATION_CONTEXT() REPRESENTATION_CONTEXT('2D SPACE',''
  ) );
#2938 = ADVANCED_FACE('',(#2939),#1424,.F.);
#2939 = FACE_BOUND('',#2940,.F.);
#2940 = EDGE_LOOP('',(#2941,#2942,#2964,#2965,#2966,#2967));
#2941 = ORIENTED_EDGE('',*,*,#2410,.T.);
#2942 = ORIENTED_EDGE('',*,*,#2943,.F.);
#2943 = EDGE_CURVE('',#2868,#2411,#2944,.T.);
#2944 = SURFACE_CURVE('',#2945,(#2950,#2957),.PCURVE_S1.);
#2945 = CIRCLE('',#2946,3.6);
#2946 = AXIS2_PLACEMENT_3D('',#2947,#2948,#2949);
#2947 = CARTESIAN_POINT('',(318.9,0.,3.3));
#2948 = DIRECTION('',(0.,0.,1.));
#2949 = DIRECTION('',(1.,0.,-0.));
#2950 = PCURVE('',#1424,#2951);
#2951 = DEFINITIONAL_REPRESENTATION('',(#2952),#2956);
#2952 = LINE('',#2953,#2954);
#2953 = CARTESIAN_POINT('',(0.,6.8));
#2954 = VECTOR('',#2955,1.);
#2955 = DIRECTION('',(1.,0.));
#2956 = ( GEOMETRIC_REPRESENTATION_CONTEXT(2) 
PARAMETRIC_REPRESENTATION_CONTEXT() REPRESENTATION_CONTEXT('2D SPACE',''
  ) );
#2957 = PCURVE('',#2448,#2958);
#2958 = DEFINITIONAL_REPRESENTATION('',(#2959),#2963);
#2959 = CIRCLE('',#2960,3.6);
#2960 = AXIS2_PLACEMENT_2D('',#2961,#2962);
#2961 = CARTESIAN_POINT('',(-12.,0.));
#2962 = DIRECTION('',(1.,0.));
#2963 = ( GEOMETRIC_REPRESENTATION_CONTEXT(2) 
PARAMETRIC_REPRESENTATION_CONTEXT() REPRESENTATION_CONTEXT('2D SPACE',''
  ) );
#2964 = ORIENTED_EDGE('',*,*,#2867,.T.);
#2965 = ORIENTED_EDGE('',*,*,#1338,.F.);
#2966 = ORIENTED_EDGE('',*,*,#2182,.F.);
#2967 = ORIENTED_EDGE('',*,*,#2968,.T.);
#2968 = EDGE_CURVE('',#2183,#2390,#2969,.T.);
#2969 = SURFACE_CURVE('',#2970,(#2975,#2982),.PCURVE_S1.);
#2970 = CIRCLE('',#2971,3.6);
#2971 = AXIS2_PLACEMENT_3D('',#2972,#2973,#2974);
#2972 = CARTESIAN_POINT('',(318.9,0.,-1.2));
#2973 = DIRECTION('',(0.,0.,1.));
#2974 = DIRECTION('',(1.,0.,-0.));
#2975 = PCURVE('',#1424,#2976);
#2976 = DEFINITIONAL_REPRESENTATION('',(#2977),#2981);
#2977 = LINE('',#2978,#2979);
#2978 = CARTESIAN_POINT('',(0.,2.3));
#2979 = VECTOR('',#2980,1.);
#2980 = DIRECTION('',(1.,0.));
#2981 = ( GEOMETRIC_REPRESENTATION_CONTEXT(2) 
PARAMETRIC_REPRESENTATION_CONTEXT() REPRESENTATION_CONTEXT('2D SPACE',''
  ) );
#2982 = PCURVE('',#2218,#2983);
#2983 = DEFINITIONAL_REPRESENTATION('',(#2984),#2988);
#2984 = CIRCLE('',#2985,3.6);
#2985 = AXIS2_PLACEMENT_2D('',#2986,#2987);
#2986 = CARTESIAN_POINT('',(0.,0.));
#2987 = DIRECTION('',(1.,0.));
#2988 = ( GEOMETRIC_REPRESENTATION_CONTEXT(2) 
PARAMETRIC_REPRESENTATION_CONTEXT() REPRESENTATION_CONTEXT('2D SPACE',''
  ) );
#2989 = ADVANCED_FACE('',(#2990),#1631,.F.);
#2990 = FACE_BOUND('',#2991,.F.);
#2991 = EDGE_LOOP('',(#2992,#2993,#3014,#3048,#3082));
#2992 = ORIENTED_EDGE('',*,*,#1614,.F.);
#2993 = ORIENTED_EDGE('',*,*,#2994,.T.);
#2994 = EDGE_CURVE('',#1615,#2995,#2997,.T.);
#2995 = VERTEX_POINT('',#2996);
#2996 = CARTESIAN_POINT('',(265.13403699601,-7.945373618893,29.3));
#2997 = SURFACE_CURVE('',#2998,(#3002,#3008),.PCURVE_S1.);
#2998 = LINE('',#2999,#3000);
#2999 = CARTESIAN_POINT('',(265.13403699601,-250.,29.3));
#3000 = VECTOR('',#3001,1.);
#3001 = DIRECTION('',(-0.,-1.,0.));
#3002 = PCURVE('',#1631,#3003);
#3003 = DEFINITIONAL_REPRESENTATION('',(#3004),#3007);
#3004 = B_SPLINE_CURVE_WITH_KNOTS('',1,(#3005,#3006),.UNSPECIFIED.,.F.,
  .F.,(2,2),(-261.,-239.),.PIECEWISE_BEZIER_KNOTS.);
#3005 = CARTESIAN_POINT('',(513.15734916059,-511.));
#3006 = CARTESIAN_POINT('',(513.15734916059,-489.));
#3007 = ( GEOMETRIC_REPRESENTATION_CONTEXT(2) 
PARAMETRIC_REPRESENTATION_CONTEXT() REPRESENTATION_CONTEXT('2D SPACE',''
  ) );
#3008 = PCURVE('',#1657,#3009);
#3009 = DEFINITIONAL_REPRESENTATION('',(#3010),#3013);
#3010 = B_SPLINE_CURVE_WITH_KNOTS('',1,(#3011,#3012),.UNSPECIFIED.,.F.,
  .F.,(2,2),(-261.,-239.),.PIECEWISE_BEZIER_KNOTS.);
#3011 = CARTESIAN_POINT('',(7.607301627792,11.));
#3012 = CARTESIAN_POINT('',(7.607301627792,-11.));
#3013 = ( GEOMETRIC_REPRESENTATION_CONTEXT(2) 
PARAMETRIC_REPRESENTATION_CONTEXT() REPRESENTATION_CONTEXT('2D SPACE',''
  ) );
#3014 = ORIENTED_EDGE('',*,*,#3015,.T.);
#3015 = EDGE_CURVE('',#2995,#3016,#3018,.T.);
#3016 = VERTEX_POINT('',#3017);
#3017 = CARTESIAN_POINT('',(255.83038618211,-10.8684129218,
    38.603650813896));
#3018 = SURFACE_CURVE('',#3019,(#3024,#3031),.PCURVE_S1.);
#3019 = ELLIPSE('',#3020,15.556349186104,11.);
#3020 = AXIS2_PLACEMENT_3D('',#3021,#3022,#3023);
#3021 = CARTESIAN_POINT('',(257.52673536822,0.,36.907301627792));
#3022 = DIRECTION('',(-0.707106781187,0.,-0.707106781187));
#3023 = DIRECTION('',(-0.707106781187,0.,0.707106781187));
#3024 = PCURVE('',#1631,#3025);
#3025 = DEFINITIONAL_REPRESENTATION('',(#3026),#3030);
#3026 = ELLIPSE('',#3027,15.556349186104,11.);
#3027 = AXIS2_PLACEMENT_2D('',#3028,#3029);
#3028 = CARTESIAN_POINT('',(502.3990000255,-500.));
#3029 = DIRECTION('',(-1.,-0.));
#3030 = ( GEOMETRIC_REPRESENTATION_CONTEXT(2) 
PARAMETRIC_REPRESENTATION_CONTEXT() REPRESENTATION_CONTEXT('2D SPACE',''
  ) );
#3031 = PCURVE('',#3032,#3037);
#3032 = CYLINDRICAL_SURFACE('',#3033,11.);
#3033 = AXIS2_PLACEMENT_3D('',#3034,#3035,#3036);
#3034 = CARTESIAN_POINT('',(257.52673536822,0.,29.3));
#3035 = DIRECTION('',(0.,0.,1.));
#3036 = DIRECTION('',(1.,0.,-0.));
#3037 = DEFINITIONAL_REPRESENTATION('',(#3038),#3047);
#3038 = B_SPLINE_CURVE_WITH_KNOTS('',7,(#3039,#3040,#3041,#3042,#3043,
    #3044,#3045,#3046),.UNSPECIFIED.,.F.,.F.,(8,8),(3.94872454313,
    5.025928139895),.PIECEWISE_BEZIER_KNOTS.);
#3039 = CARTESIAN_POINT('',(5.476053417639,-5.999999999062E-07));
#3040 = CARTESIAN_POINT('',(5.32216718953,1.222682888728));
#3041 = CARTESIAN_POINT('',(5.168280961421,2.655539596463));
#3042 = CARTESIAN_POINT('',(5.014394733311,4.251275761855));
#3043 = CARTESIAN_POINT('',(4.860508505201,5.950412582674));
#3044 = CARTESIAN_POINT('',(4.706622277092,7.685820807949));
#3045 = CARTESIAN_POINT('',(4.552736048983,9.38977703946));
#3046 = CARTESIAN_POINT('',(4.398849820874,11.0000006));
#3047 = ( GEOMETRIC_REPRESENTATION_CONTEXT(2) 
PARAMETRIC_REPRESENTATION_CONTEXT() REPRESENTATION_CONTEXT('2D SPACE',''
  ) );
#3048 = ORIENTED_EDGE('',*,*,#3049,.T.);
#3049 = EDGE_CURVE('',#3016,#3050,#3052,.T.);
#3050 = VERTEX_POINT('',#3051);
#3051 = CARTESIAN_POINT('',(246.52673536822,-7.945373618893,
    47.907301627792));
#3052 = SURFACE_CURVE('',#3053,(#3058,#3065),.PCURVE_S1.);
#3053 = ELLIPSE('',#3054,15.556349186104,11.);
#3054 = AXIS2_PLACEMENT_3D('',#3055,#3056,#3057);
#3055 = CARTESIAN_POINT('',(254.13403699601,0.,40.3));
#3056 = DIRECTION('',(-0.707106781187,0.,-0.707106781187));
#3057 = DIRECTION('',(0.707106781187,0.,-0.707106781187));
#3058 = PCURVE('',#1631,#3059);
#3059 = DEFINITIONAL_REPRESENTATION('',(#3060),#3064);
#3060 = ELLIPSE('',#3061,15.556349186104,11.);
#3061 = AXIS2_PLACEMENT_2D('',#3062,#3063);
#3062 = CARTESIAN_POINT('',(497.60099997449,-500.));
#3063 = DIRECTION('',(1.,0.));
#3064 = ( GEOMETRIC_REPRESENTATION_CONTEXT(2) 
PARAMETRIC_REPRESENTATION_CONTEXT() REPRESENTATION_CONTEXT('2D SPACE',''
  ) );
#3065 = PCURVE('',#3066,#3071);
#3066 = CYLINDRICAL_SURFACE('',#3067,11.);
#3067 = AXIS2_PLACEMENT_3D('',#3068,#3069,#3070);
#3068 = CARTESIAN_POINT('',(246.52673536822,0.,40.3));
#3069 = DIRECTION('',(1.,0.,2.22044604925E-16));
#3070 = DIRECTION('',(2.22044604925E-16,0.,-1.));
#3071 = DEFINITIONAL_REPRESENTATION('',(#3072),#3081);
#3072 = B_SPLINE_CURVE_WITH_KNOTS('',7,(#3073,#3074,#3075,#3076,#3077,
    #3078,#3079,#3080),.UNSPECIFIED.,.F.,.F.,(8,8),(1.257257167284,
    2.334460764049),.PIECEWISE_BEZIER_KNOTS.);
#3073 = CARTESIAN_POINT('',(5.025928139895,11.0000006));
#3074 = CARTESIAN_POINT('',(4.872041911786,9.38977703946));
#3075 = CARTESIAN_POINT('',(4.718155683677,7.68582080795));
#3076 = CARTESIAN_POINT('',(4.56426945557,5.950412582671));
#3077 = CARTESIAN_POINT('',(4.410383227458,4.251275761857));
#3078 = CARTESIAN_POINT('',(4.256496999349,2.655539596462));
#3079 = CARTESIAN_POINT('',(4.10261077124,1.222682888728));
#3080 = CARTESIAN_POINT('',(3.94872454313,-6.000000212225E-07));
#3081 = ( GEOMETRIC_REPRESENTATION_CONTEXT(2) 
PARAMETRIC_REPRESENTATION_CONTEXT() REPRESENTATION_CONTEXT('2D SPACE',''
  ) );
#3082 = ORIENTED_EDGE('',*,*,#3083,.T.);
#3083 = EDGE_CURVE('',#3050,#1617,#3084,.T.);
#3084 = SURFACE_CURVE('',#3085,(#3089,#3095),.PCURVE_S1.);
#3085 = LINE('',#3086,#3087);
#3086 = CARTESIAN_POINT('',(246.52673536822,-250.,47.907301627792));
#3087 = VECTOR('',#3088,1.);
#3088 = DIRECTION('',(-0.,1.,0.));
#3089 = PCURVE('',#1631,#3090);
#3090 = DEFINITIONAL_REPRESENTATION('',(#3091),#3094);
#3091 = B_SPLINE_CURVE_WITH_KNOTS('',1,(#3092,#3093),.UNSPECIFIED.,.F.,
  .F.,(2,2),(239.,261.),.PIECEWISE_BEZIER_KNOTS.);
#3092 = CARTESIAN_POINT('',(486.8426508394,-489.));
#3093 = CARTESIAN_POINT('',(486.8426508394,-511.));
#3094 = ( GEOMETRIC_REPRESENTATION_CONTEXT(2) 
PARAMETRIC_REPRESENTATION_CONTEXT() REPRESENTATION_CONTEXT('2D SPACE',''
  ) );
#3095 = PCURVE('',#1910,#3096);
#3096 = DEFINITIONAL_REPRESENTATION('',(#3097),#3100);
#3097 = B_SPLINE_CURVE_WITH_KNOTS('',1,(#3098,#3099),.UNSPECIFIED.,.F.,
  .F.,(2,2),(239.,261.),.PIECEWISE_BEZIER_KNOTS.);
#3098 = CARTESIAN_POINT('',(-7.607301627792,-11.));
#3099 = CARTESIAN_POINT('',(-7.607301627792,11.));
#3100 = ( GEOMETRIC_REPRESENTATION_CONTEXT(2) 
PARAMETRIC_REPRESENTATION_CONTEXT() REPRESENTATION_CONTEXT('2D SPACE',''
  ) );
#3101 = ADVANCED_FACE('',(#3102),#1657,.T.);
#3102 = FACE_BOUND('',#3103,.T.);
#3103 = EDGE_LOOP('',(#3104,#3105,#3106));
#3104 = ORIENTED_EDGE('',*,*,#1642,.F.);
#3105 = ORIENTED_EDGE('',*,*,#2994,.T.);
#3106 = ORIENTED_EDGE('',*,*,#3107,.T.);
#3107 = EDGE_CURVE('',#2995,#1643,#3108,.T.);
#3108 = SURFACE_CURVE('',#3109,(#3114,#3121),.PCURVE_S1.);
#3109 = CIRCLE('',#3110,11.);
#3110 = AXIS2_PLACEMENT_3D('',#3111,#3112,#3113);
#3111 = CARTESIAN_POINT('',(257.52673536822,0.,29.3));
#3112 = DIRECTION('',(0.,0.,1.));
#3113 = DIRECTION('',(1.,0.,-0.));
#3114 = PCURVE('',#1657,#3115);
#3115 = DEFINITIONAL_REPRESENTATION('',(#3116),#3120);
#3116 = CIRCLE('',#3117,11.);
#3117 = AXIS2_PLACEMENT_2D('',#3118,#3119);
#3118 = CARTESIAN_POINT('',(0.,0.));
#3119 = DIRECTION('',(1.,0.));
#3120 = ( GEOMETRIC_REPRESENTATION_CONTEXT(2) 
PARAMETRIC_REPRESENTATION_CONTEXT() REPRESENTATION_CONTEXT('2D SPACE',''
  ) );
#3121 = PCURVE('',#3032,#3122);
#3122 = DEFINITIONAL_REPRESENTATION('',(#3123),#3127);
#3123 = LINE('',#3124,#3125);
#3124 = CARTESIAN_POINT('',(0.,0.));
#3125 = VECTOR('',#3126,1.);
#3126 = DIRECTION('',(1.,0.));
#3127 = ( GEOMETRIC_REPRESENTATION_CONTEXT(2) 
PARAMETRIC_REPRESENTATION_CONTEXT() REPRESENTATION_CONTEXT('2D SPACE',''
  ) );
#3128 = ADVANCED_FACE('',(#3129),#1684,.F.);
#3129 = FACE_BOUND('',#3130,.F.);
#3130 = EDGE_LOOP('',(#3131,#3170,#3171,#3207,#3241,#3242));
#3131 = ORIENTED_EDGE('',*,*,#3132,.F.);
#3132 = EDGE_CURVE('',#2304,#2751,#3133,.T.);
#3133 = SURFACE_CURVE('',#3134,(#3139,#3152),.PCURVE_S1.);
#3134 = ELLIPSE('',#3135,15.556349186104,11.);
#3135 = AXIS2_PLACEMENT_3D('',#3136,#3137,#3138);
#3136 = CARTESIAN_POINT('',(330.9,0.,40.3));
#3137 = DIRECTION('',(0.707106781187,0.,0.707106781187));
#3138 = DIRECTION('',(-0.707106781187,0.,0.707106781187));
#3139 = PCURVE('',#1684,#3140);
#3140 = DEFINITIONAL_REPRESENTATION('',(#3141),#3151);
#3141 = B_SPLINE_CURVE_WITH_KNOTS('',8,(#3142,#3143,#3144,#3145,#3146,
    #3147,#3148,#3149,#3150),.UNSPECIFIED.,.F.,.F.,(9,9),(0.,
    1.570796326795),.PIECEWISE_BEZIER_KNOTS.);
#3142 = CARTESIAN_POINT('',(3.14159265359,73.373264631778));
#3143 = CARTESIAN_POINT('',(3.337942194439,73.373264631778));
#3144 = CARTESIAN_POINT('',(3.534291735286,73.857933167521));
#3145 = CARTESIAN_POINT('',(3.730641276132,74.827266122098));
#3146 = CARTESIAN_POINT('',(3.926990817006,76.24141837511));
#3147 = CARTESIAN_POINT('',(4.123340357828,78.02061875863));
#3148 = CARTESIAN_POINT('',(4.319689898685,80.053574220176));
#3149 = CARTESIAN_POINT('',(4.516039439535,82.213419682435));
#3150 = CARTESIAN_POINT('',(4.712388980385,84.373264631778));
#3151 = ( GEOMETRIC_REPRESENTATION_CONTEXT(2) 
PARAMETRIC_REPRESENTATION_CONTEXT() REPRESENTATION_CONTEXT('2D SPACE',''
  ) );
#3152 = PCURVE('',#3153,#3158);
#3153 = CYLINDRICAL_SURFACE('',#3154,11.);
#3154 = AXIS2_PLACEMENT_3D('',#3155,#3156,#3157);
#3155 = CARTESIAN_POINT('',(330.9,0.,3.3));
#3156 = DIRECTION('',(0.,0.,1.));
#3157 = DIRECTION('',(1.,0.,-0.));
#3158 = DEFINITIONAL_REPRESENTATION('',(#3159),#3169);
#3159 = B_SPLINE_CURVE_WITH_KNOTS('',8,(#3160,#3161,#3162,#3163,#3164,
    #3165,#3166,#3167,#3168),.UNSPECIFIED.,.F.,.F.,(9,9),(0.,
    1.570796326795),.PIECEWISE_BEZIER_KNOTS.);
#3160 = CARTESIAN_POINT('',(3.14159265359,48.));
#3161 = CARTESIAN_POINT('',(3.337942194439,48.));
#3162 = CARTESIAN_POINT('',(3.534291735285,47.51533146407));
#3163 = CARTESIAN_POINT('',(3.730641276143,46.545998509799));
#3164 = CARTESIAN_POINT('',(3.926990816999,45.131846255943));
#3165 = CARTESIAN_POINT('',(4.123340357832,43.352645873383));
#3166 = CARTESIAN_POINT('',(4.319689898684,41.319690411423));
#3167 = CARTESIAN_POINT('',(4.516039439535,39.159844949343));
#3168 = CARTESIAN_POINT('',(4.712388980385,37.));
#3169 = ( GEOMETRIC_REPRESENTATION_CONTEXT(2) 
PARAMETRIC_REPRESENTATION_CONTEXT() REPRESENTATION_CONTEXT('2D SPACE',''
  ) );
#3170 = ORIENTED_EDGE('',*,*,#2301,.F.);
#3171 = ORIENTED_EDGE('',*,*,#3172,.T.);
#3172 = EDGE_CURVE('',#2302,#3173,#3175,.T.);
#3173 = VERTEX_POINT('',#3174);
#3174 = CARTESIAN_POINT('',(257.52673536822,-11.,40.3));
#3175 = SURFACE_CURVE('',#3176,(#3181,#3194),.PCURVE_S1.);
#3176 = ELLIPSE('',#3177,15.556349186104,11.);
#3177 = AXIS2_PLACEMENT_3D('',#3178,#3179,#3180);
#3178 = CARTESIAN_POINT('',(257.52673536822,0.,40.3));
#3179 = DIRECTION('',(0.707106781187,0.,-0.707106781187));
#3180 = DIRECTION('',(0.707106781187,0.,0.707106781187));
#3181 = PCURVE('',#1684,#3182);
#3182 = DEFINITIONAL_REPRESENTATION('',(#3183),#3193);
#3183 = B_SPLINE_CURVE_WITH_KNOTS('',8,(#3184,#3185,#3186,#3187,#3188,
    #3189,#3190,#3191,#3192),.UNSPECIFIED.,.F.,.F.,(9,9),(0.,
    1.570796326795),.PIECEWISE_BEZIER_KNOTS.);
#3184 = CARTESIAN_POINT('',(3.14159265359,22.));
#3185 = CARTESIAN_POINT('',(3.337942194439,22.));
#3186 = CARTESIAN_POINT('',(3.534291735284,21.51533146411));
#3187 = CARTESIAN_POINT('',(3.730641276146,20.545998509799));
#3188 = CARTESIAN_POINT('',(3.926990816977,19.13184625619));
#3189 = CARTESIAN_POINT('',(4.123340357843,17.35264587339));
#3190 = CARTESIAN_POINT('',(4.319689898682,15.319690411467));
#3191 = CARTESIAN_POINT('',(4.516039439535,13.159844949343));
#3192 = CARTESIAN_POINT('',(4.712388980385,11.));
#3193 = ( GEOMETRIC_REPRESENTATION_CONTEXT(2) 
PARAMETRIC_REPRESENTATION_CONTEXT() REPRESENTATION_CONTEXT('2D SPACE',''
  ) );
#3194 = PCURVE('',#1886,#3195);
#3195 = DEFINITIONAL_REPRESENTATION('',(#3196),#3206);
#3196 = B_SPLINE_CURVE_WITH_KNOTS('',8,(#3197,#3198,#3199,#3200,#3201,
    #3202,#3203,#3204,#3205),.UNSPECIFIED.,.F.,.F.,(9,9),(0.,
    1.570796326795),.PIECEWISE_BEZIER_KNOTS.);
#3197 = CARTESIAN_POINT('',(6.28318530718,22.));
#3198 = CARTESIAN_POINT('',(6.08683576633,22.));
#3199 = CARTESIAN_POINT('',(5.890486225482,21.515331464134));
#3200 = CARTESIAN_POINT('',(5.69413668463,20.545998509791));
#3201 = CARTESIAN_POINT('',(5.497787143788,19.131846256205));
#3202 = CARTESIAN_POINT('',(5.301437602931,17.352645873354));
#3203 = CARTESIAN_POINT('',(5.105088062084,15.319690411481));
#3204 = CARTESIAN_POINT('',(4.908738521234,13.159844949343));
#3205 = CARTESIAN_POINT('',(4.712388980385,11.));
#3206 = ( GEOMETRIC_REPRESENTATION_CONTEXT(2) 
PARAMETRIC_REPRESENTATION_CONTEXT() REPRESENTATION_CONTEXT('2D SPACE',''
  ) );
#3207 = ORIENTED_EDGE('',*,*,#3208,.T.);
#3208 = EDGE_CURVE('',#3173,#1643,#3209,.T.);
#3209 = SURFACE_CURVE('',#3210,(#3215,#3228),.PCURVE_S1.);
#3210 = ELLIPSE('',#3211,15.556349186104,11.);
#3211 = AXIS2_PLACEMENT_3D('',#3212,#3213,#3214);
#3212 = CARTESIAN_POINT('',(257.52673536822,0.,40.3));
#3213 = DIRECTION('',(0.707106781187,0.,0.707106781187));
#3214 = DIRECTION('',(0.707106781187,0.,-0.707106781187));
#3215 = PCURVE('',#1684,#3216);
#3216 = DEFINITIONAL_REPRESENTATION('',(#3217),#3227);
#3217 = B_SPLINE_CURVE_WITH_KNOTS('',8,(#3218,#3219,#3220,#3221,#3222,
    #3223,#3224,#3225,#3226),.UNSPECIFIED.,.F.,.F.,(9,9),(4.712388980385
    ,6.28318530718),.PIECEWISE_BEZIER_KNOTS.);
#3218 = CARTESIAN_POINT('',(4.712388980385,11.));
#3219 = CARTESIAN_POINT('',(4.908738521234,13.159844949343));
#3220 = CARTESIAN_POINT('',(5.105088062087,15.319690411483));
#3221 = CARTESIAN_POINT('',(5.301437602902,17.352645873281));
#3222 = CARTESIAN_POINT('',(5.49778714378,19.131846256249));
#3223 = CARTESIAN_POINT('',(5.694136684611,20.545998509711));
#3224 = CARTESIAN_POINT('',(5.89048622548,21.515331464132));
#3225 = CARTESIAN_POINT('',(6.08683576633,22.));
#3226 = CARTESIAN_POINT('',(6.28318530718,22.));
#3227 = ( GEOMETRIC_REPRESENTATION_CONTEXT(2) 
PARAMETRIC_REPRESENTATION_CONTEXT() REPRESENTATION_CONTEXT('2D SPACE',''
  ) );
#3228 = PCURVE('',#3032,#3229);
#3229 = DEFINITIONAL_REPRESENTATION('',(#3230),#3240);
#3230 = B_SPLINE_CURVE_WITH_KNOTS('',8,(#3231,#3232,#3233,#3234,#3235,
    #3236,#3237,#3238,#3239),.UNSPECIFIED.,.F.,.F.,(9,9),(4.712388980385
    ,6.28318530718),.PIECEWISE_BEZIER_KNOTS.);
#3231 = CARTESIAN_POINT('',(4.712388980385,11.));
#3232 = CARTESIAN_POINT('',(4.908738521234,8.840155050657));
#3233 = CARTESIAN_POINT('',(5.105088062086,6.6803095885));
#3234 = CARTESIAN_POINT('',(5.301437602935,4.647354126661));
#3235 = CARTESIAN_POINT('',(5.497787143762,2.86815374365));
#3236 = CARTESIAN_POINT('',(5.694136684629,1.454001490256));
#3237 = CARTESIAN_POINT('',(5.890486225479,0.484668535849));
#3238 = CARTESIAN_POINT('',(6.08683576633,-6.576417916828E-15));
#3239 = CARTESIAN_POINT('',(6.28318530718,-7.105427357601E-15));
#3240 = ( GEOMETRIC_REPRESENTATION_CONTEXT(2) 
PARAMETRIC_REPRESENTATION_CONTEXT() REPRESENTATION_CONTEXT('2D SPACE',''
  ) );
#3241 = ORIENTED_EDGE('',*,*,#1668,.T.);
#3242 = ORIENTED_EDGE('',*,*,#2791,.T.);
#3243 = ADVANCED_FACE('',(#3244),#1782,.T.);
#3244 = FACE_BOUND('',#3245,.T.);
#3245 = EDGE_LOOP('',(#3246,#3247,#3266,#3267));
#3246 = ORIENTED_EDGE('',*,*,#1981,.F.);
#3247 = ORIENTED_EDGE('',*,*,#3248,.T.);
#3248 = EDGE_CURVE('',#1982,#1768,#3249,.T.);
#3249 = SURFACE_CURVE('',#3250,(#3254,#3260),.PCURVE_S1.);
#3250 = LINE('',#3251,#3252);
#3251 = CARTESIAN_POINT('',(237.,-15.,30.));
#3252 = VECTOR('',#3253,1.);
#3253 = DIRECTION('',(-0.,1.,0.));
#3254 = PCURVE('',#1782,#3255);
#3255 = DEFINITIONAL_REPRESENTATION('',(#3256),#3259);
#3256 = B_SPLINE_CURVE_WITH_KNOTS('',1,(#3257,#3258),.UNSPECIFIED.,.F.,
  .F.,(2,2),(0.,30.),.PIECEWISE_BEZIER_KNOTS.);
#3257 = CARTESIAN_POINT('',(31.,0.));
#3258 = CARTESIAN_POINT('',(31.,-30.));
#3259 = ( GEOMETRIC_REPRESENTATION_CONTEXT(2) 
PARAMETRIC_REPRESENTATION_CONTEXT() REPRESENTATION_CONTEXT('2D SPACE',''
  ) );
#3260 = PCURVE('',#1808,#3261);
#3261 = DEFINITIONAL_REPRESENTATION('',(#3262),#3265);
#3262 = B_SPLINE_CURVE_WITH_KNOTS('',1,(#3263,#3264),.UNSPECIFIED.,.F.,
  .F.,(2,2),(0.,30.),.PIECEWISE_BEZIER_KNOTS.);
#3263 = CARTESIAN_POINT('',(181.,0.));
#3264 = CARTESIAN_POINT('',(181.,30.));
#3265 = ( GEOMETRIC_REPRESENTATION_CONTEXT(2) 
PARAMETRIC_REPRESENTATION_CONTEXT() REPRESENTATION_CONTEXT('2D SPACE',''
  ) );
#3266 = ORIENTED_EDGE('',*,*,#1767,.F.);
#3267 = ORIENTED_EDGE('',*,*,#2102,.F.);
#3268 = ADVANCED_FACE('',(#3269),#1808,.T.);
#3269 = FACE_BOUND('',#3270,.T.);
#3270 = EDGE_LOOP('',(#3271,#3272,#3273,#3274));
#3271 = ORIENTED_EDGE('',*,*,#1793,.F.);
#3272 = ORIENTED_EDGE('',*,*,#3248,.F.);
#3273 = ORIENTED_EDGE('',*,*,#2004,.T.);
#3274 = ORIENTED_EDGE('',*,*,#3275,.T.);
#3275 = EDGE_CURVE('',#2005,#1794,#3276,.T.);
#3276 = SURFACE_CURVE('',#3277,(#3281,#3287),.PCURVE_S1.);
#3277 = LINE('',#3278,#3279);
#3278 = CARTESIAN_POINT('',(244.02673536822,-15.,30.));
#3279 = VECTOR('',#3280,1.);
#3280 = DIRECTION('',(-0.,1.,0.));
#3281 = PCURVE('',#1808,#3282);
#3282 = DEFINITIONAL_REPRESENTATION('',(#3283),#3286);
#3283 = B_SPLINE_CURVE_WITH_KNOTS('',1,(#3284,#3285),.UNSPECIFIED.,.F.,
  .F.,(2,2),(0.,30.),.PIECEWISE_BEZIER_KNOTS.);
#3284 = CARTESIAN_POINT('',(188.02673536822,0.));
#3285 = CARTESIAN_POINT('',(188.02673536822,30.));
#3286 = ( GEOMETRIC_REPRESENTATION_CONTEXT(2) 
PARAMETRIC_REPRESENTATION_CONTEXT() REPRESENTATION_CONTEXT('2D SPACE',''
  ) );
#3287 = PCURVE('',#1834,#3288);
#3288 = DEFINITIONAL_REPRESENTATION('',(#3289),#3292);
#3289 = B_SPLINE_CURVE_WITH_KNOTS('',1,(#3290,#3291),.UNSPECIFIED.,.F.,
  .F.,(2,2),(0.,30.),.PIECEWISE_BEZIER_KNOTS.);
#3290 = CARTESIAN_POINT('',(30.,0.));
#3291 = CARTESIAN_POINT('',(30.,-30.));
#3292 = ( GEOMETRIC_REPRESENTATION_CONTEXT(2) 
PARAMETRIC_REPRESENTATION_CONTEXT() REPRESENTATION_CONTEXT('2D SPACE',''
  ) );
#3293 = ADVANCED_FACE('',(#3294),#1834,.F.);
#3294 = FACE_BOUND('',#3295,.F.);
#3295 = EDGE_LOOP('',(#3296,#3297,#3298,#3299));
#3296 = ORIENTED_EDGE('',*,*,#2027,.F.);
#3297 = ORIENTED_EDGE('',*,*,#3275,.T.);
#3298 = ORIENTED_EDGE('',*,*,#1819,.F.);
#3299 = ORIENTED_EDGE('',*,*,#3300,.F.);
#3300 = EDGE_CURVE('',#2028,#1820,#3301,.T.);
#3301 = SURFACE_CURVE('',#3302,(#3306,#3313),.PCURVE_S1.);
#3302 = LINE('',#3303,#3304);
#3303 = CARTESIAN_POINT('',(244.02673536822,-15.,56.));
#3304 = VECTOR('',#3305,1.);
#3305 = DIRECTION('',(-0.,1.,0.));
#3306 = PCURVE('',#1834,#3307);
#3307 = DEFINITIONAL_REPRESENTATION('',(#3308),#3312);
#3308 = LINE('',#3309,#3310);
#3309 = CARTESIAN_POINT('',(56.,0.));
#3310 = VECTOR('',#3311,1.);
#3311 = DIRECTION('',(0.,-1.));
#3312 = ( GEOMETRIC_REPRESENTATION_CONTEXT(2) 
PARAMETRIC_REPRESENTATION_CONTEXT() REPRESENTATION_CONTEXT('2D SPACE',''
  ) );
#3313 = PCURVE('',#1860,#3314);
#3314 = DEFINITIONAL_REPRESENTATION('',(#3315),#3319);
#3315 = LINE('',#3316,#3317);
#3316 = CARTESIAN_POINT('',(0.,0.));
#3317 = VECTOR('',#3318,1.);
#3318 = DIRECTION('',(0.,1.));
#3319 = ( GEOMETRIC_REPRESENTATION_CONTEXT(2) 
PARAMETRIC_REPRESENTATION_CONTEXT() REPRESENTATION_CONTEXT('2D SPACE',''
  ) );
#3320 = ADVANCED_FACE('',(#3321),#1860,.T.);
#3321 = FACE_BOUND('',#3322,.T.);
#3322 = EDGE_LOOP('',(#3323,#3324,#3325,#3326,#3327,#3349));
#3323 = ORIENTED_EDGE('',*,*,#3300,.F.);
#3324 = ORIENTED_EDGE('',*,*,#2050,.T.);
#3325 = ORIENTED_EDGE('',*,*,#2686,.T.);
#3326 = ORIENTED_EDGE('',*,*,#2347,.F.);
#3327 = ORIENTED_EDGE('',*,*,#3328,.F.);
#3328 = EDGE_CURVE('',#1846,#2325,#3329,.T.);
#3329 = SURFACE_CURVE('',#3330,(#3335,#3342),.PCURVE_S1.);
#3330 = CIRCLE('',#3331,11.);
#3331 = AXIS2_PLACEMENT_3D('',#3332,#3333,#3334);
#3332 = CARTESIAN_POINT('',(257.52673536822,0.,56.));
#3333 = DIRECTION('',(0.,0.,1.));
#3334 = DIRECTION('',(1.,0.,-0.));
#3335 = PCURVE('',#1860,#3336);
#3336 = DEFINITIONAL_REPRESENTATION('',(#3337),#3341);
#3337 = CIRCLE('',#3338,11.);
#3338 = AXIS2_PLACEMENT_2D('',#3339,#3340);
#3339 = CARTESIAN_POINT('',(13.5,15.));
#3340 = DIRECTION('',(1.,0.));
#3341 = ( GEOMETRIC_REPRESENTATION_CONTEXT(2) 
PARAMETRIC_REPRESENTATION_CONTEXT() REPRESENTATION_CONTEXT('2D SPACE',''
  ) );
#3342 = PCURVE('',#1886,#3343);
#3343 = DEFINITIONAL_REPRESENTATION('',(#3344),#3348);
#3344 = LINE('',#3345,#3346);
#3345 = CARTESIAN_POINT('',(0.,26.7));
#3346 = VECTOR('',#3347,1.);
#3347 = DIRECTION('',(1.,0.));
#3348 = ( GEOMETRIC_REPRESENTATION_CONTEXT(2) 
PARAMETRIC_REPRESENTATION_CONTEXT() REPRESENTATION_CONTEXT('2D SPACE',''
  ) );
#3349 = ORIENTED_EDGE('',*,*,#1845,.F.);
#3350 = ADVANCED_FACE('',(#3351),#1886,.F.);
#3351 = FACE_BOUND('',#3352,.F.);
#3352 = EDGE_LOOP('',(#3353,#3354,#3355,#3356,#3357));
#3353 = ORIENTED_EDGE('',*,*,#3172,.F.);
#3354 = ORIENTED_EDGE('',*,*,#2324,.T.);
#3355 = ORIENTED_EDGE('',*,*,#3328,.F.);
#3356 = ORIENTED_EDGE('',*,*,#1871,.F.);
#3357 = ORIENTED_EDGE('',*,*,#3358,.T.);
#3358 = EDGE_CURVE('',#1872,#3173,#3359,.T.);
#3359 = SURFACE_CURVE('',#3360,(#3365,#3385),.PCURVE_S1.);
#3360 = ELLIPSE('',#3361,15.556349186104,11.);
#3361 = AXIS2_PLACEMENT_3D('',#3362,#3363,#3364);
#3362 = CARTESIAN_POINT('',(257.52673536822,0.,40.3));
#3363 = DIRECTION('',(0.707106781187,0.,0.707106781187));
#3364 = DIRECTION('',(0.707106781187,0.,-0.707106781187));
#3365 = PCURVE('',#1886,#3366);
#3366 = DEFINITIONAL_REPRESENTATION('',(#3367),#3384);
#3367 = B_SPLINE_CURVE_WITH_KNOTS('',8,(#3368,#3369,#3370,#3371,#3372,
    #3373,#3374,#3375,#3376,#3377,#3378,#3379,#3380,#3381,#3382,#3383),
  .UNSPECIFIED.,.F.,.F.,(9,7,9),(1.570796326795,3.14159265359,
    4.712388980385),.UNSPECIFIED.);
#3368 = CARTESIAN_POINT('',(1.570796326795,11.));
#3369 = CARTESIAN_POINT('',(1.767145867644,13.159844949343));
#3370 = CARTESIAN_POINT('',(1.963495408495,15.319690411501));
#3371 = CARTESIAN_POINT('',(2.159844949333,17.352645873296));
#3372 = CARTESIAN_POINT('',(2.356194490199,19.131846256336));
#3373 = CARTESIAN_POINT('',(2.55254403103,20.545998509668));
#3374 = CARTESIAN_POINT('',(2.748893571893,21.515331464143));
#3375 = CARTESIAN_POINT('',(2.94524311274,22.));
#3376 = CARTESIAN_POINT('',(3.337942194439,22.));
#3377 = CARTESIAN_POINT('',(3.534291735285,21.515331464119));
#3378 = CARTESIAN_POINT('',(3.730641276145,20.545998509762));
#3379 = CARTESIAN_POINT('',(3.926990816963,19.131846256205));
#3380 = CARTESIAN_POINT('',(4.123340357848,17.352645873354));
#3381 = CARTESIAN_POINT('',(4.319689898684,15.319690411474));
#3382 = CARTESIAN_POINT('',(4.516039439535,13.159844949343));
#3383 = CARTESIAN_POINT('',(4.712388980385,11.));
#3384 = ( GEOMETRIC_REPRESENTATION_CONTEXT(2) 
PARAMETRIC_REPRESENTATION_CONTEXT() REPRESENTATION_CONTEXT('2D SPACE',''
  ) );
#3385 = PCURVE('',#3066,#3386);
#3386 = DEFINITIONAL_REPRESENTATION('',(#3387),#3404);
#3387 = B_SPLINE_CURVE_WITH_KNOTS('',8,(#3388,#3389,#3390,#3391,#3392,
    #3393,#3394,#3395,#3396,#3397,#3398,#3399,#3400,#3401,#3402,#3403),
  .UNSPECIFIED.,.F.,.F.,(9,7,9),(1.570796326795,3.14159265359,
    4.712388980385),.UNSPECIFIED.);
#3388 = CARTESIAN_POINT('',(1.570796326795,11.));
#3389 = CARTESIAN_POINT('',(1.767145867644,8.840155050657));
#3390 = CARTESIAN_POINT('',(1.963495408489,6.6803095885));
#3391 = CARTESIAN_POINT('',(2.159844949349,4.647354126672));
#3392 = CARTESIAN_POINT('',(2.356194490172,2.868153743639));
#3393 = CARTESIAN_POINT('',(2.552544031047,1.454001490252));
#3394 = CARTESIAN_POINT('',(2.748893571887,0.484668535851));
#3395 = CARTESIAN_POINT('',(2.94524311274,2.645047203867E-16));
#3396 = CARTESIAN_POINT('',(3.337942194439,-2.645047203867E-16));
#3397 = CARTESIAN_POINT('',(3.534291735285,0.484668535848));
#3398 = CARTESIAN_POINT('',(3.730641276143,1.45400149026));
#3399 = CARTESIAN_POINT('',(3.926990816963,2.868153743639));
#3400 = CARTESIAN_POINT('',(4.123340357846,4.647354126675));
#3401 = CARTESIAN_POINT('',(4.319689898684,6.680309588499));
#3402 = CARTESIAN_POINT('',(4.516039439535,8.840155050657));
#3403 = CARTESIAN_POINT('',(4.712388980385,11.));
#3404 = ( GEOMETRIC_REPRESENTATION_CONTEXT(2) 
PARAMETRIC_REPRESENTATION_CONTEXT() REPRESENTATION_CONTEXT('2D SPACE',''
  ) );
#3405 = ADVANCED_FACE('',(#3406),#1910,.T.);
#3406 = FACE_BOUND('',#3407,.T.);
#3407 = EDGE_LOOP('',(#3408,#3409,#3431));
#3408 = ORIENTED_EDGE('',*,*,#1897,.F.);
#3409 = ORIENTED_EDGE('',*,*,#3410,.T.);
#3410 = EDGE_CURVE('',#1872,#3050,#3411,.T.);
#3411 = SURFACE_CURVE('',#3412,(#3417,#3424),.PCURVE_S1.);
#3412 = CIRCLE('',#3413,11.);
#3413 = AXIS2_PLACEMENT_3D('',#3414,#3415,#3416);
#3414 = CARTESIAN_POINT('',(246.52673536822,0.,40.3));
#3415 = DIRECTION('',(1.,-0.,2.22044604925E-16));
#3416 = DIRECTION('',(2.22044604925E-16,0.,-1.));
#3417 = PCURVE('',#1910,#3418);
#3418 = DEFINITIONAL_REPRESENTATION('',(#3419),#3423);
#3419 = CIRCLE('',#3420,11.);
#3420 = AXIS2_PLACEMENT_2D('',#3421,#3422);
#3421 = CARTESIAN_POINT('',(0.,0.));
#3422 = DIRECTION('',(1.,0.));
#3423 = ( GEOMETRIC_REPRESENTATION_CONTEXT(2) 
PARAMETRIC_REPRESENTATION_CONTEXT() REPRESENTATION_CONTEXT('2D SPACE',''
  ) );
#3424 = PCURVE('',#3066,#3425);
#3425 = DEFINITIONAL_REPRESENTATION('',(#3426),#3430);
#3426 = LINE('',#3427,#3428);
#3427 = CARTESIAN_POINT('',(0.,0.));
#3428 = VECTOR('',#3429,1.);
#3429 = DIRECTION('',(1.,0.));
#3430 = ( GEOMETRIC_REPRESENTATION_CONTEXT(2) 
PARAMETRIC_REPRESENTATION_CONTEXT() REPRESENTATION_CONTEXT('2D SPACE',''
  ) );
#3431 = ORIENTED_EDGE('',*,*,#3083,.T.);
#3432 = ADVANCED_FACE('',(#3433),#2218,.F.);
#3433 = FACE_BOUND('',#3434,.F.);
#3434 = EDGE_LOOP('',(#3435,#3436,#3437,#3438));
#3435 = ORIENTED_EDGE('',*,*,#2276,.T.);
#3436 = ORIENTED_EDGE('',*,*,#2389,.F.);
#3437 = ORIENTED_EDGE('',*,*,#2968,.F.);
#3438 = ORIENTED_EDGE('',*,*,#2203,.F.);
#3439 = ADVANCED_FACE('',(#3440),#2599,.F.);
#3440 = FACE_BOUND('',#3441,.F.);
#3441 = EDGE_LOOP('',(#3442,#3466,#3485));
#3442 = ORIENTED_EDGE('',*,*,#3443,.T.);
#3443 = EDGE_CURVE('',#2304,#3444,#3446,.T.);
#3444 = VERTEX_POINT('',#3445);
#3445 = CARTESIAN_POINT('',(323.2926983722,-7.945373618893,51.3));
#3446 = SURFACE_CURVE('',#3447,(#3452,#3459),.PCURVE_S1.);
#3447 = CIRCLE('',#3448,11.);
#3448 = AXIS2_PLACEMENT_3D('',#3449,#3450,#3451);
#3449 = CARTESIAN_POINT('',(330.9,0.,51.3));
#3450 = DIRECTION('',(0.,0.,1.));
#3451 = DIRECTION('',(1.,0.,-0.));
#3452 = PCURVE('',#2599,#3453);
#3453 = DEFINITIONAL_REPRESENTATION('',(#3454),#3458);
#3454 = CIRCLE('',#3455,11.);
#3455 = AXIS2_PLACEMENT_2D('',#3456,#3457);
#3456 = CARTESIAN_POINT('',(0.,0.));
#3457 = DIRECTION('',(1.,0.));
#3458 = ( GEOMETRIC_REPRESENTATION_CONTEXT(2) 
PARAMETRIC_REPRESENTATION_CONTEXT() REPRESENTATION_CONTEXT('2D SPACE',''
  ) );
#3459 = PCURVE('',#3153,#3460);
#3460 = DEFINITIONAL_REPRESENTATION('',(#3461),#3465);
#3461 = LINE('',#3462,#3463);
#3462 = CARTESIAN_POINT('',(0.,48.));
#3463 = VECTOR('',#3464,1.);
#3464 = DIRECTION('',(1.,0.));
#3465 = ( GEOMETRIC_REPRESENTATION_CONTEXT(2) 
PARAMETRIC_REPRESENTATION_CONTEXT() REPRESENTATION_CONTEXT('2D SPACE',''
  ) );
#3466 = ORIENTED_EDGE('',*,*,#3467,.T.);
#3467 = EDGE_CURVE('',#3444,#2561,#3468,.T.);
#3468 = SURFACE_CURVE('',#3469,(#3473,#3479),.PCURVE_S1.);
#3469 = LINE('',#3470,#3471);
#3470 = CARTESIAN_POINT('',(323.2926983722,-250.,51.3));
#3471 = VECTOR('',#3472,1.);
#3472 = DIRECTION('',(0.,1.,0.));
#3473 = PCURVE('',#2599,#3474);
#3474 = DEFINITIONAL_REPRESENTATION('',(#3475),#3478);
#3475 = B_SPLINE_CURVE_WITH_KNOTS('',1,(#3476,#3477),.UNSPECIFIED.,.F.,
  .F.,(2,2),(239.,261.),.PIECEWISE_BEZIER_KNOTS.);
#3476 = CARTESIAN_POINT('',(-7.607301627792,-11.));
#3477 = CARTESIAN_POINT('',(-7.607301627792,11.));
#3478 = ( GEOMETRIC_REPRESENTATION_CONTEXT(2) 
PARAMETRIC_REPRESENTATION_CONTEXT() REPRESENTATION_CONTEXT('2D SPACE',''
  ) );
#3479 = PCURVE('',#2575,#3480);
#3480 = DEFINITIONAL_REPRESENTATION('',(#3481),#3484);
#3481 = B_SPLINE_CURVE_WITH_KNOTS('',1,(#3482,#3483),.UNSPECIFIED.,.F.,
  .F.,(2,2),(239.,261.),.PIECEWISE_BEZIER_KNOTS.);
#3482 = CARTESIAN_POINT('',(513.15734916059,-489.));
#3483 = CARTESIAN_POINT('',(513.15734916059,-511.));
#3484 = ( GEOMETRIC_REPRESENTATION_CONTEXT(2) 
PARAMETRIC_REPRESENTATION_CONTEXT() REPRESENTATION_CONTEXT('2D SPACE',''
  ) );
#3485 = ORIENTED_EDGE('',*,*,#2586,.F.);
#3486 = ADVANCED_FACE('',(#3487),#2575,.F.);
#3487 = FACE_BOUND('',#3488,.F.);
#3488 = EDGE_LOOP('',(#3489,#3510,#3511,#3512,#3541));
#3489 = ORIENTED_EDGE('',*,*,#3490,.F.);
#3490 = EDGE_CURVE('',#2535,#3491,#3493,.T.);
#3491 = VERTEX_POINT('',#3492);
#3492 = CARTESIAN_POINT('',(341.9,-7.945373618893,32.692698372208));
#3493 = SURFACE_CURVE('',#3494,(#3498,#3504),.PCURVE_S1.);
#3494 = LINE('',#3495,#3496);
#3495 = CARTESIAN_POINT('',(341.9,-250.,32.692698372208));
#3496 = VECTOR('',#3497,1.);
#3497 = DIRECTION('',(0.,-1.,0.));
#3498 = PCURVE('',#2575,#3499);
#3499 = DEFINITIONAL_REPRESENTATION('',(#3500),#3503);
#3500 = B_SPLINE_CURVE_WITH_KNOTS('',1,(#3501,#3502),.UNSPECIFIED.,.F.,
  .F.,(2,2),(-261.,-239.),.PIECEWISE_BEZIER_KNOTS.);
#3501 = CARTESIAN_POINT('',(486.8426508394,-511.));
#3502 = CARTESIAN_POINT('',(486.8426508394,-489.));
#3503 = ( GEOMETRIC_REPRESENTATION_CONTEXT(2) 
PARAMETRIC_REPRESENTATION_CONTEXT() REPRESENTATION_CONTEXT('2D SPACE',''
  ) );
#3504 = PCURVE('',#2549,#3505);
#3505 = DEFINITIONAL_REPRESENTATION('',(#3506),#3509);
#3506 = B_SPLINE_CURVE_WITH_KNOTS('',1,(#3507,#3508),.UNSPECIFIED.,.F.,
  .F.,(2,2),(-261.,-239.),.PIECEWISE_BEZIER_KNOTS.);
#3507 = CARTESIAN_POINT('',(7.607301627792,11.));
#3508 = CARTESIAN_POINT('',(7.607301627792,-11.));
#3509 = ( GEOMETRIC_REPRESENTATION_CONTEXT(2) 
PARAMETRIC_REPRESENTATION_CONTEXT() REPRESENTATION_CONTEXT('2D SPACE',''
  ) );
#3510 = ORIENTED_EDGE('',*,*,#2560,.F.);
#3511 = ORIENTED_EDGE('',*,*,#3467,.F.);
#3512 = ORIENTED_EDGE('',*,*,#3513,.T.);
#3513 = EDGE_CURVE('',#3444,#3514,#3516,.T.);
#3514 = VERTEX_POINT('',#3515);
#3515 = CARTESIAN_POINT('',(332.5963491861,-10.8684129218,
    41.996349186104));
#3516 = SURFACE_CURVE('',#3517,(#3522,#3529),.PCURVE_S1.);
#3517 = ELLIPSE('',#3518,15.556349186104,11.);
#3518 = AXIS2_PLACEMENT_3D('',#3519,#3520,#3521);
#3519 = CARTESIAN_POINT('',(330.9,0.,43.692698372208));
#3520 = DIRECTION('',(0.707106781187,0.,0.707106781187));
#3521 = DIRECTION('',(-0.707106781187,0.,0.707106781187));
#3522 = PCURVE('',#2575,#3523);
#3523 = DEFINITIONAL_REPRESENTATION('',(#3524),#3528);
#3524 = ELLIPSE('',#3525,15.556349186104,11.);
#3525 = AXIS2_PLACEMENT_2D('',#3526,#3527);
#3526 = CARTESIAN_POINT('',(502.3990000255,-500.));
#3527 = DIRECTION('',(1.,0.));
#3528 = ( GEOMETRIC_REPRESENTATION_CONTEXT(2) 
PARAMETRIC_REPRESENTATION_CONTEXT() REPRESENTATION_CONTEXT('2D SPACE',''
  ) );
#3529 = PCURVE('',#3153,#3530);
#3530 = DEFINITIONAL_REPRESENTATION('',(#3531),#3540);
#3531 = B_SPLINE_CURVE_WITH_KNOTS('',7,(#3532,#3533,#3534,#3535,#3536,
    #3537,#3538,#3539),.UNSPECIFIED.,.F.,.F.,(8,8),(0.80713188954,
    1.884335486306),.PIECEWISE_BEZIER_KNOTS.);
#3532 = CARTESIAN_POINT('',(3.94872454313,48.0000006));
#3533 = CARTESIAN_POINT('',(4.10261077124,46.777317111272));
#3534 = CARTESIAN_POINT('',(4.256496999349,45.344460403538));
#3535 = CARTESIAN_POINT('',(4.41038322746,43.74872423815));
#3536 = CARTESIAN_POINT('',(4.564269455566,42.049587417339));
#3537 = CARTESIAN_POINT('',(4.718155683677,40.314179192052));
#3538 = CARTESIAN_POINT('',(4.872041911786,38.61022296054));
#3539 = CARTESIAN_POINT('',(5.025928139895,36.9999994));
#3540 = ( GEOMETRIC_REPRESENTATION_CONTEXT(2) 
PARAMETRIC_REPRESENTATION_CONTEXT() REPRESENTATION_CONTEXT('2D SPACE',''
  ) );
#3541 = ORIENTED_EDGE('',*,*,#3542,.T.);
#3542 = EDGE_CURVE('',#3514,#3491,#3543,.T.);
#3543 = SURFACE_CURVE('',#3544,(#3549,#3556),.PCURVE_S1.);
#3544 = ELLIPSE('',#3545,15.556349186104,11.);
#3545 = AXIS2_PLACEMENT_3D('',#3546,#3547,#3548);
#3546 = CARTESIAN_POINT('',(334.2926983722,0.,40.3));
#3547 = DIRECTION('',(0.707106781187,0.,0.707106781187));
#3548 = DIRECTION('',(0.707106781187,0.,-0.707106781187));
#3549 = PCURVE('',#2575,#3550);
#3550 = DEFINITIONAL_REPRESENTATION('',(#3551),#3555);
#3551 = ELLIPSE('',#3552,15.556349186104,11.);
#3552 = AXIS2_PLACEMENT_2D('',#3553,#3554);
#3553 = CARTESIAN_POINT('',(497.60099997449,-500.));
#3554 = DIRECTION('',(-1.,0.));
#3555 = ( GEOMETRIC_REPRESENTATION_CONTEXT(2) 
PARAMETRIC_REPRESENTATION_CONTEXT() REPRESENTATION_CONTEXT('2D SPACE',''
  ) );
#3556 = PCURVE('',#2773,#3557);
#3557 = DEFINITIONAL_REPRESENTATION('',(#3558),#3567);
#3558 = B_SPLINE_CURVE_WITH_KNOTS('',7,(#3559,#3560,#3561,#3562,#3563,
    #3564,#3565,#3566),.UNSPECIFIED.,.F.,.F.,(8,8),(4.398849820874,
    5.476053417639),.PIECEWISE_BEZIER_KNOTS.);
#3559 = CARTESIAN_POINT('',(4.398849820874,84.373264031778));
#3560 = CARTESIAN_POINT('',(4.552736048983,85.983487592318));
#3561 = CARTESIAN_POINT('',(4.706622277093,87.687443823823));
#3562 = CARTESIAN_POINT('',(4.860508505201,89.42285204908));
#3563 = CARTESIAN_POINT('',(5.014394733313,91.121988869942));
#3564 = CARTESIAN_POINT('',(5.16828096142,92.717725035312));
#3565 = CARTESIAN_POINT('',(5.32216718953,94.150581743051));
#3566 = CARTESIAN_POINT('',(5.476053417639,95.373265231778));
#3567 = ( GEOMETRIC_REPRESENTATION_CONTEXT(2) 
PARAMETRIC_REPRESENTATION_CONTEXT() REPRESENTATION_CONTEXT('2D SPACE',''
  ) );
#3568 = ADVANCED_FACE('',(#3569),#2549,.F.);
#3569 = FACE_BOUND('',#3570,.F.);
#3570 = EDGE_LOOP('',(#3571,#3572,#3594));
#3571 = ORIENTED_EDGE('',*,*,#3490,.T.);
#3572 = ORIENTED_EDGE('',*,*,#3573,.T.);
#3573 = EDGE_CURVE('',#3491,#2512,#3574,.T.);
#3574 = SURFACE_CURVE('',#3575,(#3580,#3587),.PCURVE_S1.);
#3575 = CIRCLE('',#3576,11.);
#3576 = AXIS2_PLACEMENT_3D('',#3577,#3578,#3579);
#3577 = CARTESIAN_POINT('',(341.9,0.,40.3));
#3578 = DIRECTION('',(1.,-0.,2.22044604925E-16));
#3579 = DIRECTION('',(2.22044604925E-16,0.,-1.));
#3580 = PCURVE('',#2549,#3581);
#3581 = DEFINITIONAL_REPRESENTATION('',(#3582),#3586);
#3582 = CIRCLE('',#3583,11.);
#3583 = AXIS2_PLACEMENT_2D('',#3584,#3585);
#3584 = CARTESIAN_POINT('',(0.,0.));
#3585 = DIRECTION('',(1.,0.));
#3586 = ( GEOMETRIC_REPRESENTATION_CONTEXT(2) 
PARAMETRIC_REPRESENTATION_CONTEXT() REPRESENTATION_CONTEXT('2D SPACE',''
  ) );
#3587 = PCURVE('',#2773,#3588);
#3588 = DEFINITIONAL_REPRESENTATION('',(#3589),#3593);
#3589 = LINE('',#3590,#3591);
#3590 = CARTESIAN_POINT('',(0.,95.373264631778));
#3591 = VECTOR('',#3592,1.);
#3592 = DIRECTION('',(1.,0.));
#3593 = ( GEOMETRIC_REPRESENTATION_CONTEXT(2) 
PARAMETRIC_REPRESENTATION_CONTEXT() REPRESENTATION_CONTEXT('2D SPACE',''
  ) );
#3594 = ORIENTED_EDGE('',*,*,#2534,.F.);
#3595 = ADVANCED_FACE('',(#3596),#2500,.F.);
#3596 = FACE_BOUND('',#3597,.F.);
#3597 = EDGE_LOOP('',(#3598,#3622,#3641));
#3598 = ORIENTED_EDGE('',*,*,#3599,.T.);
#3599 = EDGE_CURVE('',#2486,#3600,#3602,.T.);
#3600 = VERTEX_POINT('',#3601);
#3601 = CARTESIAN_POINT('',(341.9,-7.945373618893,21.907301627792));
#3602 = SURFACE_CURVE('',#3603,(#3608,#3615),.PCURVE_S1.);
#3603 = CIRCLE('',#3604,11.);
#3604 = AXIS2_PLACEMENT_3D('',#3605,#3606,#3607);
#3605 = CARTESIAN_POINT('',(341.9,0.,14.3));
#3606 = DIRECTION('',(1.,-0.,2.22044604925E-16));
#3607 = DIRECTION('',(2.22044604925E-16,0.,-1.));
#3608 = PCURVE('',#2500,#3609);
#3609 = DEFINITIONAL_REPRESENTATION('',(#3610),#3614);
#3610 = CIRCLE('',#3611,11.);
#3611 = AXIS2_PLACEMENT_2D('',#3612,#3613);
#3612 = CARTESIAN_POINT('',(0.,0.));
#3613 = DIRECTION('',(1.,0.));
#3614 = ( GEOMETRIC_REPRESENTATION_CONTEXT(2) 
PARAMETRIC_REPRESENTATION_CONTEXT() REPRESENTATION_CONTEXT('2D SPACE',''
  ) );
#3615 = PCURVE('',#2731,#3616);
#3616 = DEFINITIONAL_REPRESENTATION('',(#3617),#3621);
#3617 = LINE('',#3618,#3619);
#3618 = CARTESIAN_POINT('',(0.,257.9));
#3619 = VECTOR('',#3620,1.);
#3620 = DIRECTION('',(1.,0.));
#3621 = ( GEOMETRIC_REPRESENTATION_CONTEXT(2) 
PARAMETRIC_REPRESENTATION_CONTEXT() REPRESENTATION_CONTEXT('2D SPACE',''
  ) );
#3622 = ORIENTED_EDGE('',*,*,#3623,.T.);
#3623 = EDGE_CURVE('',#3600,#2460,#3624,.T.);
#3624 = SURFACE_CURVE('',#3625,(#3629,#3635),.PCURVE_S1.);
#3625 = LINE('',#3626,#3627);
#3626 = CARTESIAN_POINT('',(341.9,-250.,21.907301627792));
#3627 = VECTOR('',#3628,1.);
#3628 = DIRECTION('',(-0.,1.,0.));
#3629 = PCURVE('',#2500,#3630);
#3630 = DEFINITIONAL_REPRESENTATION('',(#3631),#3634);
#3631 = B_SPLINE_CURVE_WITH_KNOTS('',1,(#3632,#3633),.UNSPECIFIED.,.F.,
  .F.,(2,2),(239.,261.),.PIECEWISE_BEZIER_KNOTS.);
#3632 = CARTESIAN_POINT('',(-7.607301627792,-11.));
#3633 = CARTESIAN_POINT('',(-7.607301627792,11.));
#3634 = ( GEOMETRIC_REPRESENTATION_CONTEXT(2) 
PARAMETRIC_REPRESENTATION_CONTEXT() REPRESENTATION_CONTEXT('2D SPACE',''
  ) );
#3635 = PCURVE('',#2474,#3636);
#3636 = DEFINITIONAL_REPRESENTATION('',(#3637),#3640);
#3637 = B_SPLINE_CURVE_WITH_KNOTS('',1,(#3638,#3639),.UNSPECIFIED.,.F.,
  .F.,(2,2),(239.,261.),.PIECEWISE_BEZIER_KNOTS.);
#3638 = CARTESIAN_POINT('',(513.15734916059,-489.));
#3639 = CARTESIAN_POINT('',(513.15734916059,-511.));
#3640 = ( GEOMETRIC_REPRESENTATION_CONTEXT(2) 
PARAMETRIC_REPRESENTATION_CONTEXT() REPRESENTATION_CONTEXT('2D SPACE',''
  ) );
#3641 = ORIENTED_EDGE('',*,*,#2485,.F.);
#3642 = ADVANCED_FACE('',(#3643),#2474,.F.);
#3643 = FACE_BOUND('',#3644,.F.);
#3644 = EDGE_LOOP('',(#3645,#3646,#3673,#3674,#3693));
#3645 = ORIENTED_EDGE('',*,*,#3623,.F.);
#3646 = ORIENTED_EDGE('',*,*,#3647,.T.);
#3647 = EDGE_CURVE('',#3600,#2831,#3648,.T.);
#3648 = SURFACE_CURVE('',#3649,(#3654,#3661),.PCURVE_S1.);
#3649 = ELLIPSE('',#3650,15.556349186104,11.);
#3650 = AXIS2_PLACEMENT_3D('',#3651,#3652,#3653);
#3651 = CARTESIAN_POINT('',(334.2926983722,0.,14.3));
#3652 = DIRECTION('',(0.707106781187,0.,-0.707106781187));
#3653 = DIRECTION('',(0.707106781187,0.,0.707106781187));
#3654 = PCURVE('',#2474,#3655);
#3655 = DEFINITIONAL_REPRESENTATION('',(#3656),#3660);
#3656 = ELLIPSE('',#3657,15.556349186104,11.);
#3657 = AXIS2_PLACEMENT_2D('',#3658,#3659);
#3658 = CARTESIAN_POINT('',(502.3990000255,-500.));
#3659 = DIRECTION('',(1.,0.));
#3660 = ( GEOMETRIC_REPRESENTATION_CONTEXT(2) 
PARAMETRIC_REPRESENTATION_CONTEXT() REPRESENTATION_CONTEXT('2D SPACE',''
  ) );
#3661 = PCURVE('',#2731,#3662);
#3662 = DEFINITIONAL_REPRESENTATION('',(#3663),#3672);
#3663 = B_SPLINE_CURVE_WITH_KNOTS('',7,(#3664,#3665,#3666,#3667,#3668,
    #3669,#3670,#3671),.UNSPECIFIED.,.F.,.F.,(8,8),(0.80713188954,
    1.884335486306),.PIECEWISE_BEZIER_KNOTS.);
#3664 = CARTESIAN_POINT('',(3.94872454313,257.9000006));
#3665 = CARTESIAN_POINT('',(4.10261077124,256.67731711127));
#3666 = CARTESIAN_POINT('',(4.25649699935,255.24446040352));
#3667 = CARTESIAN_POINT('',(4.410383227455,253.64872423809));
#3668 = CARTESIAN_POINT('',(4.56426945557,251.94958741735));
#3669 = CARTESIAN_POINT('',(4.718155683676,250.21417919207));
#3670 = CARTESIAN_POINT('',(4.872041911786,248.51022296054));
#3671 = CARTESIAN_POINT('',(5.025928139895,246.8999994));
#3672 = ( GEOMETRIC_REPRESENTATION_CONTEXT(2) 
PARAMETRIC_REPRESENTATION_CONTEXT() REPRESENTATION_CONTEXT('2D SPACE',''
  ) );
#3673 = ORIENTED_EDGE('',*,*,#2912,.T.);
#3674 = ORIENTED_EDGE('',*,*,#3675,.T.);
#3675 = EDGE_CURVE('',#2889,#2434,#3676,.T.);
#3676 = SURFACE_CURVE('',#3677,(#3681,#3687),.PCURVE_S1.);
#3677 = LINE('',#3678,#3679);
#3678 = CARTESIAN_POINT('',(323.2926983722,-250.,3.3));
#3679 = VECTOR('',#3680,1.);
#3680 = DIRECTION('',(-0.,1.,0.));
#3681 = PCURVE('',#2474,#3682);
#3682 = DEFINITIONAL_REPRESENTATION('',(#3683),#3686);
#3683 = B_SPLINE_CURVE_WITH_KNOTS('',1,(#3684,#3685),.UNSPECIFIED.,.F.,
  .F.,(2,2),(239.,261.),.PIECEWISE_BEZIER_KNOTS.);
#3684 = CARTESIAN_POINT('',(486.8426508394,-489.));
#3685 = CARTESIAN_POINT('',(486.8426508394,-511.));
#3686 = ( GEOMETRIC_REPRESENTATION_CONTEXT(2) 
PARAMETRIC_REPRESENTATION_CONTEXT() REPRESENTATION_CONTEXT('2D SPACE',''
  ) );
#3687 = PCURVE('',#2448,#3688);
#3688 = DEFINITIONAL_REPRESENTATION('',(#3689),#3692);
#3689 = B_SPLINE_CURVE_WITH_KNOTS('',1,(#3690,#3691),.UNSPECIFIED.,.F.,
  .F.,(2,2),(239.,261.),.PIECEWISE_BEZIER_KNOTS.);
#3690 = CARTESIAN_POINT('',(-7.607301627792,-11.));
#3691 = CARTESIAN_POINT('',(-7.607301627792,11.));
#3692 = ( GEOMETRIC_REPRESENTATION_CONTEXT(2) 
PARAMETRIC_REPRESENTATION_CONTEXT() REPRESENTATION_CONTEXT('2D SPACE',''
  ) );
#3693 = ORIENTED_EDGE('',*,*,#2459,.F.);
#3694 = ADVANCED_FACE('',(#3695),#2448,.T.);
#3695 = FACE_BOUND('',#3696,.T.);
#3696 = EDGE_LOOP('',(#3697,#3698,#3699,#3700));
#3697 = ORIENTED_EDGE('',*,*,#2943,.F.);
#3698 = ORIENTED_EDGE('',*,*,#2888,.T.);
#3699 = ORIENTED_EDGE('',*,*,#3675,.T.);
#3700 = ORIENTED_EDGE('',*,*,#2433,.F.);
#3701 = ADVANCED_FACE('',(#3702),#2633,.F.);
#3702 = FACE_BOUND('',#3703,.F.);
#3703 = EDGE_LOOP('',(#3704,#3733,#3754,#3755));
#3704 = ORIENTED_EDGE('',*,*,#3705,.F.);
#3705 = EDGE_CURVE('',#3706,#3706,#3708,.T.);
#3706 = VERTEX_POINT('',#3707);
#3707 = CARTESIAN_POINT('',(271.25,-2.2,53.5));
#3708 = SURFACE_CURVE('',#3709,(#3714,#3721),.PCURVE_S1.);
#3709 = CIRCLE('',#3710,1.25);
#3710 = AXIS2_PLACEMENT_3D('',#3711,#3712,#3713);
#3711 = CARTESIAN_POINT('',(270.,-2.2,53.5));
#3712 = DIRECTION('',(0.,-1.,2.22044604925E-16));
#3713 = DIRECTION('',(1.,0.,0.));
#3714 = PCURVE('',#2633,#3715);
#3715 = DEFINITIONAL_REPRESENTATION('',(#3716),#3720);
#3716 = LINE('',#3717,#3718);
#3717 = CARTESIAN_POINT('',(0.,2.2));
#3718 = VECTOR('',#3719,1.);
#3719 = DIRECTION('',(1.,0.));
#3720 = ( GEOMETRIC_REPRESENTATION_CONTEXT(2) 
PARAMETRIC_REPRESENTATION_CONTEXT() REPRESENTATION_CONTEXT('2D SPACE',''
  ) );
#3721 = PCURVE('',#3722,#3727);
#3722 = PLANE('',#3723);
#3723 = AXIS2_PLACEMENT_3D('',#3724,#3725,#3726);
#3724 = CARTESIAN_POINT('',(270.,-2.2,53.5));
#3725 = DIRECTION('',(0.,-1.,2.22044604925E-16));
#3726 = DIRECTION('',(1.,0.,0.));
#3727 = DEFINITIONAL_REPRESENTATION('',(#3728),#3732);
#3728 = CIRCLE('',#3729,1.25);
#3729 = AXIS2_PLACEMENT_2D('',#3730,#3731);
#3730 = CARTESIAN_POINT('',(0.,0.));
#3731 = DIRECTION('',(1.,0.));
#3732 = ( GEOMETRIC_REPRESENTATION_CONTEXT(2) 
PARAMETRIC_REPRESENTATION_CONTEXT() REPRESENTATION_CONTEXT('2D SPACE',''
  ) );
#3733 = ORIENTED_EDGE('',*,*,#3734,.F.);
#3734 = EDGE_CURVE('',#2613,#3706,#3735,.T.);
#3735 = SEAM_CURVE('',#3736,(#3740,#3747),.PCURVE_S1.);
#3736 = LINE('',#3737,#3738);
#3737 = CARTESIAN_POINT('',(271.25,-6.798155367234E-32,53.5));
#3738 = VECTOR('',#3739,1.);
#3739 = DIRECTION('',(0.,-1.,2.22044604925E-16));
#3740 = PCURVE('',#2633,#3741);
#3741 = DEFINITIONAL_REPRESENTATION('',(#3742),#3746);
#3742 = LINE('',#3743,#3744);
#3743 = CARTESIAN_POINT('',(6.28318530718,-0.));
#3744 = VECTOR('',#3745,1.);
#3745 = DIRECTION('',(0.,1.));
#3746 = ( GEOMETRIC_REPRESENTATION_CONTEXT(2) 
PARAMETRIC_REPRESENTATION_CONTEXT() REPRESENTATION_CONTEXT('2D SPACE',''
  ) );
#3747 = PCURVE('',#2633,#3748);
#3748 = DEFINITIONAL_REPRESENTATION('',(#3749),#3753);
#3749 = LINE('',#3750,#3751);
#3750 = CARTESIAN_POINT('',(0.,-0.));
#3751 = VECTOR('',#3752,1.);
#3752 = DIRECTION('',(0.,1.));
#3753 = ( GEOMETRIC_REPRESENTATION_CONTEXT(2) 
PARAMETRIC_REPRESENTATION_CONTEXT() REPRESENTATION_CONTEXT('2D SPACE',''
  ) );
#3754 = ORIENTED_EDGE('',*,*,#2612,.T.);
#3755 = ORIENTED_EDGE('',*,*,#3734,.T.);
#3756 = ADVANCED_FACE('',(#3757),#2668,.F.);
#3757 = FACE_BOUND('',#3758,.F.);
#3758 = EDGE_LOOP('',(#3759,#3788,#3809,#3810));
#3759 = ORIENTED_EDGE('',*,*,#3760,.F.);
#3760 = EDGE_CURVE('',#3761,#3761,#3763,.T.);
#3761 = VERTEX_POINT('',#3762);
#3762 = CARTESIAN_POINT('',(326.25,-2.2,53.5));
#3763 = SURFACE_CURVE('',#3764,(#3769,#3776),.PCURVE_S1.);
#3764 = CIRCLE('',#3765,1.25);
#3765 = AXIS2_PLACEMENT_3D('',#3766,#3767,#3768);
#3766 = CARTESIAN_POINT('',(325.,-2.2,53.5));
#3767 = DIRECTION('',(0.,-1.,2.22044604925E-16));
#3768 = DIRECTION('',(1.,0.,0.));
#3769 = PCURVE('',#2668,#3770);
#3770 = DEFINITIONAL_REPRESENTATION('',(#3771),#3775);
#3771 = LINE('',#3772,#3773);
#3772 = CARTESIAN_POINT('',(0.,2.2));
#3773 = VECTOR('',#3774,1.);
#3774 = DIRECTION('',(1.,0.));
#3775 = ( GEOMETRIC_REPRESENTATION_CONTEXT(2) 
PARAMETRIC_REPRESENTATION_CONTEXT() REPRESENTATION_CONTEXT('2D SPACE',''
  ) );
#3776 = PCURVE('',#3777,#3782);
#3777 = PLANE('',#3778);
#3778 = AXIS2_PLACEMENT_3D('',#3779,#3780,#3781);
#3779 = CARTESIAN_POINT('',(325.,-2.2,53.5));
#3780 = DIRECTION('',(0.,-1.,2.22044604925E-16));
#3781 = DIRECTION('',(1.,0.,0.));
#3782 = DEFINITIONAL_REPRESENTATION('',(#3783),#3787);
#3783 = CIRCLE('',#3784,1.25);
#3784 = AXIS2_PLACEMENT_2D('',#3785,#3786);
#3785 = CARTESIAN_POINT('',(0.,0.));
#3786 = DIRECTION('',(1.,0.));
#3787 = ( GEOMETRIC_REPRESENTATION_CONTEXT(2) 
PARAMETRIC_REPRESENTATION_CONTEXT() REPRESENTATION_CONTEXT('2D SPACE',''
  ) );
#3788 = ORIENTED_EDGE('',*,*,#3789,.F.);
#3789 = EDGE_CURVE('',#2648,#3761,#3790,.T.);
#3790 = SEAM_CURVE('',#3791,(#3795,#3802),.PCURVE_S1.);
#3791 = LINE('',#3792,#3793);
#3792 = CARTESIAN_POINT('',(326.25,-6.798155367234E-32,53.5));
#3793 = VECTOR('',#3794,1.);
#3794 = DIRECTION('',(0.,-1.,2.22044604925E-16));
#3795 = PCURVE('',#2668,#3796);
#3796 = DEFINITIONAL_REPRESENTATION('',(#3797),#3801);
#3797 = LINE('',#3798,#3799);
#3798 = CARTESIAN_POINT('',(6.28318530718,-0.));
#3799 = VECTOR('',#3800,1.);
#3800 = DIRECTION('',(0.,1.));
#3801 = ( GEOMETRIC_REPRESENTATION_CONTEXT(2) 
PARAMETRIC_REPRESENTATION_CONTEXT() REPRESENTATION_CONTEXT('2D SPACE',''
  ) );
#3802 = PCURVE('',#2668,#3803);
#3803 = DEFINITIONAL_REPRESENTATION('',(#3804),#3808);
#3804 = LINE('',#3805,#3806);
#3805 = CARTESIAN_POINT('',(0.,-0.));
#3806 = VECTOR('',#3807,1.);
#3807 = DIRECTION('',(0.,1.));
#3808 = ( GEOMETRIC_REPRESENTATION_CONTEXT(2) 
PARAMETRIC_REPRESENTATION_CONTEXT() REPRESENTATION_CONTEXT('2D SPACE',''
  ) );
#3809 = ORIENTED_EDGE('',*,*,#2647,.T.);
#3810 = ORIENTED_EDGE('',*,*,#3789,.T.);
#3811 = ADVANCED_FACE('',(#3812),#2731,.F.);
#3812 = FACE_BOUND('',#3813,.F.);
#3813 = EDGE_LOOP('',(#3814,#3815,#3816,#3817));
#3814 = ORIENTED_EDGE('',*,*,#2710,.T.);
#3815 = ORIENTED_EDGE('',*,*,#2830,.T.);
#3816 = ORIENTED_EDGE('',*,*,#3647,.F.);
#3817 = ORIENTED_EDGE('',*,*,#3599,.F.);
#3818 = ADVANCED_FACE('',(#3819),#2773,.F.);
#3819 = FACE_BOUND('',#3820,.F.);
#3820 = EDGE_LOOP('',(#3821,#3855,#3856,#3857));
#3821 = ORIENTED_EDGE('',*,*,#3822,.F.);
#3822 = EDGE_CURVE('',#2751,#3514,#3823,.T.);
#3823 = SURFACE_CURVE('',#3824,(#3829,#3842),.PCURVE_S1.);
#3824 = ELLIPSE('',#3825,15.556349186104,11.);
#3825 = AXIS2_PLACEMENT_3D('',#3826,#3827,#3828);
#3826 = CARTESIAN_POINT('',(330.9,0.,40.3));
#3827 = DIRECTION('',(-0.707106781187,0.,0.707106781187));
#3828 = DIRECTION('',(0.707106781187,0.,0.707106781187));
#3829 = PCURVE('',#2773,#3830);
#3830 = DEFINITIONAL_REPRESENTATION('',(#3831),#3841);
#3831 = B_SPLINE_CURVE_WITH_KNOTS('',8,(#3832,#3833,#3834,#3835,#3836,
    #3837,#3838,#3839,#3840),.UNSPECIFIED.,.F.,.F.,(9,9),(4.712388980385
    ,6.28318530718),.PIECEWISE_BEZIER_KNOTS.);
#3832 = CARTESIAN_POINT('',(4.712388980385,84.373264631778));
#3833 = CARTESIAN_POINT('',(4.516039439535,86.533109581121));
#3834 = CARTESIAN_POINT('',(4.319689898686,88.692955043269));
#3835 = CARTESIAN_POINT('',(4.123340357823,90.725910505222));
#3836 = CARTESIAN_POINT('',(3.926990816999,92.505110887694));
#3837 = CARTESIAN_POINT('',(3.730641276126,93.919263141463));
#3838 = CARTESIAN_POINT('',(3.534291735289,94.888596095887));
#3839 = CARTESIAN_POINT('',(3.337942194439,95.373264631778));
#3840 = CARTESIAN_POINT('',(3.14159265359,95.373264631778));
#3841 = ( GEOMETRIC_REPRESENTATION_CONTEXT(2) 
PARAMETRIC_REPRESENTATION_CONTEXT() REPRESENTATION_CONTEXT('2D SPACE',''
  ) );
#3842 = PCURVE('',#3153,#3843);
#3843 = DEFINITIONAL_REPRESENTATION('',(#3844),#3854);
#3844 = B_SPLINE_CURVE_WITH_KNOTS('',8,(#3845,#3846,#3847,#3848,#3849,
    #3850,#3851,#3852,#3853),.UNSPECIFIED.,.F.,.F.,(9,9),(4.712388980385
    ,6.28318530718),.PIECEWISE_BEZIER_KNOTS.);
#3845 = CARTESIAN_POINT('',(4.712388980385,37.));
#3846 = CARTESIAN_POINT('',(4.908738521234,39.159844949343));
#3847 = CARTESIAN_POINT('',(5.105088062086,41.31969041151));
#3848 = CARTESIAN_POINT('',(5.301437602935,43.352645873092));
#3849 = CARTESIAN_POINT('',(5.497787143762,45.131846256467));
#3850 = CARTESIAN_POINT('',(5.694136684629,46.545998509537));
#3851 = CARTESIAN_POINT('',(5.890486225479,47.515331464143));
#3852 = CARTESIAN_POINT('',(6.08683576633,48.));
#3853 = CARTESIAN_POINT('',(6.28318530718,48.));
#3854 = ( GEOMETRIC_REPRESENTATION_CONTEXT(2) 
PARAMETRIC_REPRESENTATION_CONTEXT() REPRESENTATION_CONTEXT('2D SPACE',''
  ) );
#3855 = ORIENTED_EDGE('',*,*,#2750,.T.);
#3856 = ORIENTED_EDGE('',*,*,#3573,.F.);
#3857 = ORIENTED_EDGE('',*,*,#3542,.F.);
#3858 = ADVANCED_FACE('',(#3859),#3066,.F.);
#3859 = FACE_BOUND('',#3860,.F.);
#3860 = EDGE_LOOP('',(#3861,#3862,#3863,#3864));
#3861 = ORIENTED_EDGE('',*,*,#3358,.F.);
#3862 = ORIENTED_EDGE('',*,*,#3410,.T.);
#3863 = ORIENTED_EDGE('',*,*,#3049,.F.);
#3864 = ORIENTED_EDGE('',*,*,#3865,.F.);
#3865 = EDGE_CURVE('',#3173,#3016,#3866,.T.);
#3866 = SURFACE_CURVE('',#3867,(#3872,#3885),.PCURVE_S1.);
#3867 = ELLIPSE('',#3868,15.556349186104,11.);
#3868 = AXIS2_PLACEMENT_3D('',#3869,#3870,#3871);
#3869 = CARTESIAN_POINT('',(257.52673536822,0.,40.3));
#3870 = DIRECTION('',(0.707106781187,0.,-0.707106781187));
#3871 = DIRECTION('',(0.707106781187,0.,0.707106781187));
#3872 = PCURVE('',#3066,#3873);
#3873 = DEFINITIONAL_REPRESENTATION('',(#3874),#3884);
#3874 = B_SPLINE_CURVE_WITH_KNOTS('',8,(#3875,#3876,#3877,#3878,#3879,
    #3880,#3881,#3882,#3883),.UNSPECIFIED.,.F.,.F.,(9,9),(1.570796326795
    ,3.14159265359),.PIECEWISE_BEZIER_KNOTS.);
#3875 = CARTESIAN_POINT('',(4.712388980385,11.));
#3876 = CARTESIAN_POINT('',(4.908738521234,8.840155050657));
#3877 = CARTESIAN_POINT('',(5.105088062087,6.680309588502));
#3878 = CARTESIAN_POINT('',(5.301437602902,4.647354126657));
#3879 = CARTESIAN_POINT('',(5.497787143795,2.868153743653));
#3880 = CARTESIAN_POINT('',(5.694136684611,1.454001490258));
#3881 = CARTESIAN_POINT('',(5.89048622548,0.48466853585));
#3882 = CARTESIAN_POINT('',(6.08683576633,1.223668557339E-15));
#3883 = CARTESIAN_POINT('',(6.28318530718,0.));
#3884 = ( GEOMETRIC_REPRESENTATION_CONTEXT(2) 
PARAMETRIC_REPRESENTATION_CONTEXT() REPRESENTATION_CONTEXT('2D SPACE',''
  ) );
#3885 = PCURVE('',#3032,#3886);
#3886 = DEFINITIONAL_REPRESENTATION('',(#3887),#3897);
#3887 = B_SPLINE_CURVE_WITH_KNOTS('',8,(#3888,#3889,#3890,#3891,#3892,
    #3893,#3894,#3895,#3896),.UNSPECIFIED.,.F.,.F.,(9,9),(1.570796326795
    ,3.14159265359),.PIECEWISE_BEZIER_KNOTS.);
#3888 = CARTESIAN_POINT('',(4.712388980385,11.));
#3889 = CARTESIAN_POINT('',(4.516039439535,8.840155050657));
#3890 = CARTESIAN_POINT('',(4.319689898685,6.6803095885));
#3891 = CARTESIAN_POINT('',(4.123340357828,4.647354126676));
#3892 = CARTESIAN_POINT('',(3.926990816984,2.868153743655));
#3893 = CARTESIAN_POINT('',(3.730641276132,1.45400149026));
#3894 = CARTESIAN_POINT('',(3.534291735287,0.484668535848));
#3895 = CARTESIAN_POINT('',(3.337942194439,-5.881758800262E-15));
#3896 = CARTESIAN_POINT('',(3.14159265359,-7.105427357601E-15));
#3897 = ( GEOMETRIC_REPRESENTATION_CONTEXT(2) 
PARAMETRIC_REPRESENTATION_CONTEXT() REPRESENTATION_CONTEXT('2D SPACE',''
  ) );
#3898 = ADVANCED_FACE('',(#3899),#3032,.F.);
#3899 = FACE_BOUND('',#3900,.F.);
#3900 = EDGE_LOOP('',(#3901,#3902,#3903,#3904));
#3901 = ORIENTED_EDGE('',*,*,#3015,.F.);
#3902 = ORIENTED_EDGE('',*,*,#3107,.T.);
#3903 = ORIENTED_EDGE('',*,*,#3208,.F.);
#3904 = ORIENTED_EDGE('',*,*,#3865,.T.);
#3905 = ADVANCED_FACE('',(#3906),#3153,.F.);
#3906 = FACE_BOUND('',#3907,.F.);
#3907 = EDGE_LOOP('',(#3908,#3909,#3910,#3911));
#3908 = ORIENTED_EDGE('',*,*,#3132,.T.);
#3909 = ORIENTED_EDGE('',*,*,#3822,.T.);
#3910 = ORIENTED_EDGE('',*,*,#3513,.F.);
#3911 = ORIENTED_EDGE('',*,*,#3443,.F.);
#3912 = ADVANCED_FACE('',(#3913),#3722,.F.);
#3913 = FACE_BOUND('',#3914,.F.);
#3914 = EDGE_LOOP('',(#3915));
#3915 = ORIENTED_EDGE('',*,*,#3705,.T.);
#3916 = ADVANCED_FACE('',(#3917),#3777,.F.);
#3917 = FACE_BOUND('',#3918,.F.);
#3918 = EDGE_LOOP('',(#3919));
#3919 = ORIENTED_EDGE('',*,*,#3760,.T.);
#3920 = ( GEOMETRIC_REPRESENTATION_CONTEXT(3) 
GLOBAL_UNCERTAINTY_ASSIGNED_CONTEXT((#3924)) 
GLOBAL_UNIT_ASSIGNED_CONTEXT((#3921,#3922,#3923)) REPRESENTATION_CONTEXT
('Context #1','3D Context with UNIT and UNCERTAINTY') );
#3921 = ( LENGTH_UNIT() NAMED_UNIT(*) SI_UNIT(.MILLI.,.METRE.) );
#3922 = ( NAMED_UNIT(*) PLANE_ANGLE_UNIT() SI_UNIT($,.RADIAN.) );
#3923 = ( NAMED_UNIT(*) SI_UNIT($,.STERADIAN.) SOLID_ANGLE_UNIT() );
#3924 = UNCERTAINTY_MEASURE_WITH_UNIT(LENGTH_MEASURE(1.E-07),#3921,
  'distance_accuracy_value','confusion accuracy');
#3925 = CONTEXT_DEPENDENT_SHAPE_REPRESENTATION(#3926,#3928);
#3926 = ( REPRESENTATION_RELATIONSHIP('','',#32,#10) 
REPRESENTATION_RELATIONSHIP_WITH_TRANSFORMATION(#3927) 
SHAPE_REPRESENTATION_RELATIONSHIP() );
#3927 = ITEM_DEFINED_TRANSFORMATION('','',#11,#15);
#3928 = PRODUCT_DEFINITION_SHAPE('Placement','Placement of an item',
  #3929);
#3929 = NEXT_ASSEMBLY_USAGE_OCCURRENCE('15','right_shell_print','',#5,
  #27,$);
#3930 = PRODUCT_RELATED_PRODUCT_CATEGORY('part',$,(#29));
ENDSEC;
END-ISO-10303-21;
