ISO-10303-21;
HEADER;
FILE_DESCRIPTION(('Open CASCADE Model'),'2;1');
FILE_NAME('body_m2b','2026-07-03T12:26:47',('Author'),('Open CASCADE'),
  'Open CASCADE STEP processor 7.9','build123d','Unknown');
FILE_SCHEMA(('AUTOMOTIVE_DESIGN { 1 0 10303 214 1 1 1 1 }'));
ENDSEC;
DATA;
#1 = APPLICATION_PROTOCOL_DEFINITION('international standard',
  'automotive_design',2000,#2);
#2 = APPLICATION_CONTEXT(
  'core data for automotive mechanical design processes');
#3 = SHAPE_DEFINITION_REPRESENTATION(#4,#10);
#4 = PRODUCT_DEFINITION_SHAPE('','',#5);
#5 = PRODUCT_DEFINITION('design','',#6,#9);
#6 = PRODUCT_DEFINITION_FORMATION('','',#7);
#7 = PRODUCT('body_m2b','body_m2b','',(#8));
#8 = PRODUCT_CONTEXT('',#2,'mechanical');
#9 = PRODUCT_DEFINITION_CONTEXT('part definition',#2,'design');
#10 = ADVANCED_BREP_SHAPE_REPRESENTATION('',(#11,#15),#14126);
#11 = AXIS2_PLACEMENT_3D('',#12,#13,#14);
#12 = CARTESIAN_POINT('',(0.,0.,0.));
#13 = DIRECTION('',(0.,0.,1.));
#14 = DIRECTION('',(1.,0.,-0.));
#15 = MANIFOLD_SOLID_BREP('',#16);
#16 = CLOSED_SHELL('',(#17,#273,#685,#825,#1150,#1177,#1285,#1450,#1719,
    #1822,#1849,#1874,#1901,#1928,#1953,#1978,#2005,#2063,#2090,#2208,
    #2235,#2262,#2269,#2772,#3198,#3654,#3684,#4916,#5443,#8376,#8382,
    #8409,#8436,#8442,#8448,#8661,#9117,#9543,#10104,#11599,#11682,
    #11708,#11756,#11812,#11857,#11862,#11977,#12005,#12029,#12117,
    #12167,#12193,#12241,#12269,#12337,#12598,#12699,#12790,#12867,
    #12941,#13015,#13164,#13170,#13176,#13203,#13381,#13408,#13416,
    #13422,#13430,#13531,#13622,#13683,#13739,#13784,#13790,#13878,
    #13906,#13934,#13940,#14001,#14057,#14081,#14108,#14114,#14120));
#17 = ADVANCED_FACE('',(#18,#137),#32,.F.);
#18 = FACE_BOUND('',#19,.F.);
#19 = EDGE_LOOP('',(#20,#55,#83,#111));
#20 = ORIENTED_EDGE('',*,*,#21,.F.);
#21 = EDGE_CURVE('',#22,#24,#26,.T.);
#22 = VERTEX_POINT('',#23);
#23 = CARTESIAN_POINT('',(56.,-15.,0.));
#24 = VERTEX_POINT('',#25);
#25 = CARTESIAN_POINT('',(56.,-15.,59.45460394727));
#26 = SURFACE_CURVE('',#27,(#31,#43),.PCURVE_S1.);
#27 = LINE('',#28,#29);
#28 = CARTESIAN_POINT('',(56.,-15.,0.));
#29 = VECTOR('',#30,1.);
#30 = DIRECTION('',(0.,0.,1.));
#31 = PCURVE('',#32,#37);
#32 = PLANE('',#33);
#33 = AXIS2_PLACEMENT_3D('',#34,#35,#36);
#34 = CARTESIAN_POINT('',(56.,-15.,0.));
#35 = DIRECTION('',(1.,0.,-0.));
#36 = DIRECTION('',(0.,0.,1.));
#37 = DEFINITIONAL_REPRESENTATION('',(#38),#42);
#38 = LINE('',#39,#40);
#39 = CARTESIAN_POINT('',(0.,0.));
#40 = VECTOR('',#41,1.);
#41 = DIRECTION('',(1.,0.));
#42 = ( GEOMETRIC_REPRESENTATION_CONTEXT(2) 
PARAMETRIC_REPRESENTATION_CONTEXT() REPRESENTATION_CONTEXT('2D SPACE',''
  ) );
#43 = PCURVE('',#44,#49);
#44 = PLANE('',#45);
#45 = AXIS2_PLACEMENT_3D('',#46,#47,#48);
#46 = CARTESIAN_POINT('',(56.,-15.,0.));
#47 = DIRECTION('',(-0.,1.,0.));
#48 = DIRECTION('',(0.,0.,1.));
#49 = DEFINITIONAL_REPRESENTATION('',(#50),#54);
#50 = LINE('',#51,#52);
#51 = CARTESIAN_POINT('',(0.,0.));
#52 = VECTOR('',#53,1.);
#53 = DIRECTION('',(1.,0.));
#54 = ( GEOMETRIC_REPRESENTATION_CONTEXT(2) 
PARAMETRIC_REPRESENTATION_CONTEXT() REPRESENTATION_CONTEXT('2D SPACE',''
  ) );
#55 = ORIENTED_EDGE('',*,*,#56,.T.);
#56 = EDGE_CURVE('',#22,#57,#59,.T.);
#57 = VERTEX_POINT('',#58);
#58 = CARTESIAN_POINT('',(56.,15.,0.));
#59 = SURFACE_CURVE('',#60,(#64,#71),.PCURVE_S1.);
#60 = LINE('',#61,#62);
#61 = CARTESIAN_POINT('',(56.,-15.,0.));
#62 = VECTOR('',#63,1.);
#63 = DIRECTION('',(-0.,1.,0.));
#64 = PCURVE('',#32,#65);
#65 = DEFINITIONAL_REPRESENTATION('',(#66),#70);
#66 = LINE('',#67,#68);
#67 = CARTESIAN_POINT('',(0.,0.));
#68 = VECTOR('',#69,1.);
#69 = DIRECTION('',(0.,-1.));
#70 = ( GEOMETRIC_REPRESENTATION_CONTEXT(2) 
PARAMETRIC_REPRESENTATION_CONTEXT() REPRESENTATION_CONTEXT('2D SPACE',''
  ) );
#71 = PCURVE('',#72,#77);
#72 = PLANE('',#73);
#73 = AXIS2_PLACEMENT_3D('',#74,#75,#76);
#74 = CARTESIAN_POINT('',(56.,-15.,0.));
#75 = DIRECTION('',(0.,0.,1.));
#76 = DIRECTION('',(1.,0.,-0.));
#77 = DEFINITIONAL_REPRESENTATION('',(#78),#82);
#78 = LINE('',#79,#80);
#79 = CARTESIAN_POINT('',(0.,0.));
#80 = VECTOR('',#81,1.);
#81 = DIRECTION('',(0.,1.));
#82 = ( GEOMETRIC_REPRESENTATION_CONTEXT(2) 
PARAMETRIC_REPRESENTATION_CONTEXT() REPRESENTATION_CONTEXT('2D SPACE',''
  ) );
#83 = ORIENTED_EDGE('',*,*,#84,.F.);
#84 = EDGE_CURVE('',#85,#57,#87,.T.);
#85 = VERTEX_POINT('',#86);
#86 = CARTESIAN_POINT('',(56.,15.,59.45460394727));
#87 = SURFACE_CURVE('',#88,(#92,#99),.PCURVE_S1.);
#88 = LINE('',#89,#90);
#89 = CARTESIAN_POINT('',(56.,15.,59.45460394727));
#90 = VECTOR('',#91,1.);
#91 = DIRECTION('',(0.,0.,-1.));
#92 = PCURVE('',#32,#93);
#93 = DEFINITIONAL_REPRESENTATION('',(#94),#98);
#94 = LINE('',#95,#96);
#95 = CARTESIAN_POINT('',(59.45460394727,-30.));
#96 = VECTOR('',#97,1.);
#97 = DIRECTION('',(-1.,0.));
#98 = ( GEOMETRIC_REPRESENTATION_CONTEXT(2) 
PARAMETRIC_REPRESENTATION_CONTEXT() REPRESENTATION_CONTEXT('2D SPACE',''
  ) );
#99 = PCURVE('',#100,#105);
#100 = PLANE('',#101);
#101 = AXIS2_PLACEMENT_3D('',#102,#103,#104);
#102 = CARTESIAN_POINT('',(56.,15.,0.));
#103 = DIRECTION('',(-0.,1.,0.));
#104 = DIRECTION('',(0.,0.,1.));
#105 = DEFINITIONAL_REPRESENTATION('',(#106),#110);
#106 = LINE('',#107,#108);
#107 = CARTESIAN_POINT('',(59.45460394727,0.));
#108 = VECTOR('',#109,1.);
#109 = DIRECTION('',(-1.,0.));
#110 = ( GEOMETRIC_REPRESENTATION_CONTEXT(2) 
PARAMETRIC_REPRESENTATION_CONTEXT() REPRESENTATION_CONTEXT('2D SPACE',''
  ) );
#111 = ORIENTED_EDGE('',*,*,#112,.F.);
#112 = EDGE_CURVE('',#24,#85,#113,.T.);
#113 = SURFACE_CURVE('',#114,(#118,#125),.PCURVE_S1.);
#114 = LINE('',#115,#116);
#115 = CARTESIAN_POINT('',(56.,-15.,59.45460394727));
#116 = VECTOR('',#117,1.);
#117 = DIRECTION('',(-0.,1.,0.));
#118 = PCURVE('',#32,#119);
#119 = DEFINITIONAL_REPRESENTATION('',(#120),#124);
#120 = LINE('',#121,#122);
#121 = CARTESIAN_POINT('',(59.45460394727,0.));
#122 = VECTOR('',#123,1.);
#123 = DIRECTION('',(0.,-1.));
#124 = ( GEOMETRIC_REPRESENTATION_CONTEXT(2) 
PARAMETRIC_REPRESENTATION_CONTEXT() REPRESENTATION_CONTEXT('2D SPACE',''
  ) );
#125 = PCURVE('',#126,#131);
#126 = PLANE('',#127);
#127 = AXIS2_PLACEMENT_3D('',#128,#129,#130);
#128 = CARTESIAN_POINT('',(56.,-15.,59.45460394727));
#129 = DIRECTION('',(0.,0.,1.));
#130 = DIRECTION('',(1.,0.,-0.));
#131 = DEFINITIONAL_REPRESENTATION('',(#132),#136);
#132 = LINE('',#133,#134);
#133 = CARTESIAN_POINT('',(0.,0.));
#134 = VECTOR('',#135,1.);
#135 = DIRECTION('',(0.,1.));
#136 = ( GEOMETRIC_REPRESENTATION_CONTEXT(2) 
PARAMETRIC_REPRESENTATION_CONTEXT() REPRESENTATION_CONTEXT('2D SPACE',''
  ) );
#137 = FACE_BOUND('',#138,.F.);
#138 = EDGE_LOOP('',(#139,#170,#194,#221,#248));
#139 = ORIENTED_EDGE('',*,*,#140,.F.);
#140 = EDGE_CURVE('',#141,#143,#145,.T.);
#141 = VERTEX_POINT('',#142);
#142 = CARTESIAN_POINT('',(56.,-3.037124061885E-15,1.9));
#143 = VERTEX_POINT('',#144);
#144 = CARTESIAN_POINT('',(56.,0.474992778735,26.690899154628));
#145 = SURFACE_CURVE('',#146,(#151,#158),.PCURVE_S1.);
#146 = CIRCLE('',#147,12.4);
#147 = AXIS2_PLACEMENT_3D('',#148,#149,#150);
#148 = CARTESIAN_POINT('',(56.,0.,14.3));
#149 = DIRECTION('',(1.,-0.,2.22044604925E-16));
#150 = DIRECTION('',(2.22044604925E-16,0.,-1.));
#151 = PCURVE('',#32,#152);
#152 = DEFINITIONAL_REPRESENTATION('',(#153),#157);
#153 = CIRCLE('',#154,12.4);
#154 = AXIS2_PLACEMENT_2D('',#155,#156);
#155 = CARTESIAN_POINT('',(14.3,-15.));
#156 = DIRECTION('',(-1.,0.));
#157 = ( GEOMETRIC_REPRESENTATION_CONTEXT(2) 
PARAMETRIC_REPRESENTATION_CONTEXT() REPRESENTATION_CONTEXT('2D SPACE',''
  ) );
#158 = PCURVE('',#159,#164);
#159 = CYLINDRICAL_SURFACE('',#160,12.4);
#160 = AXIS2_PLACEMENT_3D('',#161,#162,#163);
#161 = CARTESIAN_POINT('',(0.,0.,14.3));
#162 = DIRECTION('',(1.,0.,2.22044604925E-16));
#163 = DIRECTION('',(2.22044604925E-16,0.,-1.));
#164 = DEFINITIONAL_REPRESENTATION('',(#165),#169);
#165 = LINE('',#166,#167);
#166 = CARTESIAN_POINT('',(0.,56.));
#167 = VECTOR('',#168,1.);
#168 = DIRECTION('',(1.,0.));
#169 = ( GEOMETRIC_REPRESENTATION_CONTEXT(2) 
PARAMETRIC_REPRESENTATION_CONTEXT() REPRESENTATION_CONTEXT('2D SPACE',''
  ) );
#170 = ORIENTED_EDGE('',*,*,#171,.F.);
#171 = EDGE_CURVE('',#172,#141,#174,.T.);
#172 = VERTEX_POINT('',#173);
#173 = CARTESIAN_POINT('',(56.,-0.474992778735,26.690899154628));
#174 = SURFACE_CURVE('',#175,(#180,#187),.PCURVE_S1.);
#175 = CIRCLE('',#176,12.4);
#176 = AXIS2_PLACEMENT_3D('',#177,#178,#179);
#177 = CARTESIAN_POINT('',(56.,0.,14.3));
#178 = DIRECTION('',(1.,-0.,2.22044604925E-16));
#179 = DIRECTION('',(2.22044604925E-16,0.,-1.));
#180 = PCURVE('',#32,#181);
#181 = DEFINITIONAL_REPRESENTATION('',(#182),#186);
#182 = CIRCLE('',#183,12.4);
#183 = AXIS2_PLACEMENT_2D('',#184,#185);
#184 = CARTESIAN_POINT('',(14.3,-15.));
#185 = DIRECTION('',(-1.,0.));
#186 = ( GEOMETRIC_REPRESENTATION_CONTEXT(2) 
PARAMETRIC_REPRESENTATION_CONTEXT() REPRESENTATION_CONTEXT('2D SPACE',''
  ) );
#187 = PCURVE('',#159,#188);
#188 = DEFINITIONAL_REPRESENTATION('',(#189),#193);
#189 = LINE('',#190,#191);
#190 = CARTESIAN_POINT('',(0.,56.));
#191 = VECTOR('',#192,1.);
#192 = DIRECTION('',(1.,0.));
#193 = ( GEOMETRIC_REPRESENTATION_CONTEXT(2) 
PARAMETRIC_REPRESENTATION_CONTEXT() REPRESENTATION_CONTEXT('2D SPACE',''
  ) );
#194 = ORIENTED_EDGE('',*,*,#195,.T.);
#195 = EDGE_CURVE('',#172,#196,#198,.T.);
#196 = VERTEX_POINT('',#197);
#197 = CARTESIAN_POINT('',(56.,-0.474992778735,36.347302319478));
#198 = SURFACE_CURVE('',#199,(#203,#210),.PCURVE_S1.);
#199 = LINE('',#200,#201);
#200 = CARTESIAN_POINT('',(56.,-0.474992778735,1.65));
#201 = VECTOR('',#202,1.);
#202 = DIRECTION('',(0.,0.,1.));
#203 = PCURVE('',#32,#204);
#204 = DEFINITIONAL_REPRESENTATION('',(#205),#209);
#205 = LINE('',#206,#207);
#206 = CARTESIAN_POINT('',(1.65,-14.52500722126));
#207 = VECTOR('',#208,1.);
#208 = DIRECTION('',(1.,0.));
#209 = ( GEOMETRIC_REPRESENTATION_CONTEXT(2) 
PARAMETRIC_REPRESENTATION_CONTEXT() REPRESENTATION_CONTEXT('2D SPACE',''
  ) );
#210 = PCURVE('',#211,#216);
#211 = PLANE('',#212);
#212 = AXIS2_PLACEMENT_3D('',#213,#214,#215);
#213 = CARTESIAN_POINT('',(54.575021663794,0.,3.3));
#214 = DIRECTION('',(0.316227766017,0.948683298051,-0.));
#215 = DIRECTION('',(0.948683298051,-0.316227766017,0.));
#216 = DEFINITIONAL_REPRESENTATION('',(#217),#220);
#217 = B_SPLINE_CURVE_WITH_KNOTS('',1,(#218,#219),.UNSPECIFIED.,.F.,.F.,
  (2,2),(23.555008023839,55.30460394727),.PIECEWISE_BEZIER_KNOTS.);
#218 = CARTESIAN_POINT('',(1.502059052936,-21.90500802383));
#219 = CARTESIAN_POINT('',(1.502059052936,-53.65460394727));
#220 = ( GEOMETRIC_REPRESENTATION_CONTEXT(2) 
PARAMETRIC_REPRESENTATION_CONTEXT() REPRESENTATION_CONTEXT('2D SPACE',''
  ) );
#221 = ORIENTED_EDGE('',*,*,#222,.T.);
#222 = EDGE_CURVE('',#196,#223,#225,.T.);
#223 = VERTEX_POINT('',#224);
#224 = CARTESIAN_POINT('',(56.,0.474992778735,36.347302319478));
#225 = SURFACE_CURVE('',#226,(#230,#237),.PCURVE_S1.);
#226 = LINE('',#227,#228);
#227 = CARTESIAN_POINT('',(56.,-256.5,36.347302319478));
#228 = VECTOR('',#229,1.);
#229 = DIRECTION('',(-0.,1.,-0.));
#230 = PCURVE('',#32,#231);
#231 = DEFINITIONAL_REPRESENTATION('',(#232),#236);
#232 = LINE('',#233,#234);
#233 = CARTESIAN_POINT('',(36.347302319478,241.5));
#234 = VECTOR('',#235,1.);
#235 = DIRECTION('',(0.,-1.));
#236 = ( GEOMETRIC_REPRESENTATION_CONTEXT(2) 
PARAMETRIC_REPRESENTATION_CONTEXT() REPRESENTATION_CONTEXT('2D SPACE',''
  ) );
#237 = PCURVE('',#238,#243);
#238 = PLANE('',#239);
#239 = AXIS2_PLACEMENT_3D('',#240,#241,#242);
#240 = CARTESIAN_POINT('',(420.85704140717,-500.,401.20434372664));
#241 = DIRECTION('',(-0.707106781187,0.,0.707106781187));
#242 = DIRECTION('',(-0.707106781187,0.,-0.707106781187));
#243 = DEFINITIONAL_REPRESENTATION('',(#244),#247);
#244 = B_SPLINE_CURVE_WITH_KNOTS('',1,(#245,#246),.UNSPECIFIED.,.F.,.F.,
  (2,2),(243.5,269.5),.PIECEWISE_BEZIER_KNOTS.);
#245 = CARTESIAN_POINT('',(515.98577628534,-487.));
#246 = CARTESIAN_POINT('',(515.98577628534,-513.));
#247 = ( GEOMETRIC_REPRESENTATION_CONTEXT(2) 
PARAMETRIC_REPRESENTATION_CONTEXT() REPRESENTATION_CONTEXT('2D SPACE',''
  ) );
#248 = ORIENTED_EDGE('',*,*,#249,.T.);
#249 = EDGE_CURVE('',#223,#143,#250,.T.);
#250 = SURFACE_CURVE('',#251,(#255,#262),.PCURVE_S1.);
#251 = LINE('',#252,#253);
#252 = CARTESIAN_POINT('',(56.,0.474992778735,1.65));
#253 = VECTOR('',#254,1.);
#254 = DIRECTION('',(0.,-0.,-1.));
#255 = PCURVE('',#32,#256);
#256 = DEFINITIONAL_REPRESENTATION('',(#257),#261);
#257 = LINE('',#258,#259);
#258 = CARTESIAN_POINT('',(1.65,-15.47499277873));
#259 = VECTOR('',#260,1.);
#260 = DIRECTION('',(-1.,0.));
#261 = ( GEOMETRIC_REPRESENTATION_CONTEXT(2) 
PARAMETRIC_REPRESENTATION_CONTEXT() REPRESENTATION_CONTEXT('2D SPACE',''
  ) );
#262 = PCURVE('',#263,#268);
#263 = PLANE('',#264);
#264 = AXIS2_PLACEMENT_3D('',#265,#266,#267);
#265 = CARTESIAN_POINT('',(58.902515164656,1.442497833621,3.3));
#266 = DIRECTION('',(0.316227766017,-0.948683298051,0.));
#267 = DIRECTION('',(-0.948683298051,-0.316227766017,0.));
#268 = DEFINITIONAL_REPRESENTATION('',(#269),#272);
#269 = B_SPLINE_CURVE_WITH_KNOTS('',1,(#270,#271),.UNSPECIFIED.,.F.,.F.,
  (2,2),(-55.30460394727,-23.55500802383),.PIECEWISE_BEZIER_KNOTS.);
#270 = CARTESIAN_POINT('',(3.059519621164,-53.65460394727));
#271 = CARTESIAN_POINT('',(3.059519621164,-21.90500802383));
#272 = ( GEOMETRIC_REPRESENTATION_CONTEXT(2) 
PARAMETRIC_REPRESENTATION_CONTEXT() REPRESENTATION_CONTEXT('2D SPACE',''
  ) );
#273 = ADVANCED_FACE('',(#274),#44,.F.);
#274 = FACE_BOUND('',#275,.F.);
#275 = EDGE_LOOP('',(#276,#299,#300,#323,#351,#379,#407,#435,#463,#491,
    #519,#547,#575,#603,#631,#659));
#276 = ORIENTED_EDGE('',*,*,#277,.F.);
#277 = EDGE_CURVE('',#22,#278,#280,.T.);
#278 = VERTEX_POINT('',#279);
#279 = CARTESIAN_POINT('',(210.,-15.,0.));
#280 = SURFACE_CURVE('',#281,(#285,#292),.PCURVE_S1.);
#281 = LINE('',#282,#283);
#282 = CARTESIAN_POINT('',(56.,-15.,0.));
#283 = VECTOR('',#284,1.);
#284 = DIRECTION('',(1.,0.,0.));
#285 = PCURVE('',#44,#286);
#286 = DEFINITIONAL_REPRESENTATION('',(#287),#291);
#287 = LINE('',#288,#289);
#288 = CARTESIAN_POINT('',(0.,0.));
#289 = VECTOR('',#290,1.);
#290 = DIRECTION('',(0.,1.));
#291 = ( GEOMETRIC_REPRESENTATION_CONTEXT(2) 
PARAMETRIC_REPRESENTATION_CONTEXT() REPRESENTATION_CONTEXT('2D SPACE',''
  ) );
#292 = PCURVE('',#72,#293);
#293 = DEFINITIONAL_REPRESENTATION('',(#294),#298);
#294 = LINE('',#295,#296);
#295 = CARTESIAN_POINT('',(0.,0.));
#296 = VECTOR('',#297,1.);
#297 = DIRECTION('',(1.,0.));
#298 = ( GEOMETRIC_REPRESENTATION_CONTEXT(2) 
PARAMETRIC_REPRESENTATION_CONTEXT() REPRESENTATION_CONTEXT('2D SPACE',''
  ) );
#299 = ORIENTED_EDGE('',*,*,#21,.T.);
#300 = ORIENTED_EDGE('',*,*,#301,.T.);
#301 = EDGE_CURVE('',#24,#302,#304,.T.);
#302 = VERTEX_POINT('',#303);
#303 = CARTESIAN_POINT('',(110.,-15.,59.45460394727));
#304 = SURFACE_CURVE('',#305,(#309,#316),.PCURVE_S1.);
#305 = LINE('',#306,#307);
#306 = CARTESIAN_POINT('',(56.,-15.,59.45460394727));
#307 = VECTOR('',#308,1.);
#308 = DIRECTION('',(1.,0.,-0.));
#309 = PCURVE('',#44,#310);
#310 = DEFINITIONAL_REPRESENTATION('',(#311),#315);
#311 = LINE('',#312,#313);
#312 = CARTESIAN_POINT('',(59.45460394727,0.));
#313 = VECTOR('',#314,1.);
#314 = DIRECTION('',(0.,1.));
#315 = ( GEOMETRIC_REPRESENTATION_CONTEXT(2) 
PARAMETRIC_REPRESENTATION_CONTEXT() REPRESENTATION_CONTEXT('2D SPACE',''
  ) );
#316 = PCURVE('',#126,#317);
#317 = DEFINITIONAL_REPRESENTATION('',(#318),#322);
#318 = LINE('',#319,#320);
#319 = CARTESIAN_POINT('',(0.,0.));
#320 = VECTOR('',#321,1.);
#321 = DIRECTION('',(1.,0.));
#322 = ( GEOMETRIC_REPRESENTATION_CONTEXT(2) 
PARAMETRIC_REPRESENTATION_CONTEXT() REPRESENTATION_CONTEXT('2D SPACE',''
  ) );
#323 = ORIENTED_EDGE('',*,*,#324,.T.);
#324 = EDGE_CURVE('',#302,#325,#327,.T.);
#325 = VERTEX_POINT('',#326);
#326 = CARTESIAN_POINT('',(139.45460394727,-15.,30.));
#327 = SURFACE_CURVE('',#328,(#332,#339),.PCURVE_S1.);
#328 = LINE('',#329,#330);
#329 = CARTESIAN_POINT('',(110.,-15.,59.45460394727));
#330 = VECTOR('',#331,1.);
#331 = DIRECTION('',(0.707106781187,0.,-0.707106781187));
#332 = PCURVE('',#44,#333);
#333 = DEFINITIONAL_REPRESENTATION('',(#334),#338);
#334 = LINE('',#335,#336);
#335 = CARTESIAN_POINT('',(59.45460394727,54.));
#336 = VECTOR('',#337,1.);
#337 = DIRECTION('',(-0.707106781187,0.707106781187));
#338 = ( GEOMETRIC_REPRESENTATION_CONTEXT(2) 
PARAMETRIC_REPRESENTATION_CONTEXT() REPRESENTATION_CONTEXT('2D SPACE',''
  ) );
#339 = PCURVE('',#340,#345);
#340 = PLANE('',#341);
#341 = AXIS2_PLACEMENT_3D('',#342,#343,#344);
#342 = CARTESIAN_POINT('',(110.,0.,59.45460394727));
#343 = DIRECTION('',(-0.707106781187,0.,-0.707106781187));
#344 = DIRECTION('',(0.707106781187,0.,-0.707106781187));
#345 = DEFINITIONAL_REPRESENTATION('',(#346),#350);
#346 = LINE('',#347,#348);
#347 = CARTESIAN_POINT('',(0.,15.));
#348 = VECTOR('',#349,1.);
#349 = DIRECTION('',(1.,0.));
#350 = ( GEOMETRIC_REPRESENTATION_CONTEXT(2) 
PARAMETRIC_REPRESENTATION_CONTEXT() REPRESENTATION_CONTEXT('2D SPACE',''
  ) );
#351 = ORIENTED_EDGE('',*,*,#352,.T.);
#352 = EDGE_CURVE('',#325,#353,#355,.T.);
#353 = VERTEX_POINT('',#354);
#354 = CARTESIAN_POINT('',(210.,-15.,30.));
#355 = SURFACE_CURVE('',#356,(#360,#367),.PCURVE_S1.);
#356 = LINE('',#357,#358);
#357 = CARTESIAN_POINT('',(56.,-15.,30.));
#358 = VECTOR('',#359,1.);
#359 = DIRECTION('',(1.,0.,-0.));
#360 = PCURVE('',#44,#361);
#361 = DEFINITIONAL_REPRESENTATION('',(#362),#366);
#362 = LINE('',#363,#364);
#363 = CARTESIAN_POINT('',(30.,0.));
#364 = VECTOR('',#365,1.);
#365 = DIRECTION('',(0.,1.));
#366 = ( GEOMETRIC_REPRESENTATION_CONTEXT(2) 
PARAMETRIC_REPRESENTATION_CONTEXT() REPRESENTATION_CONTEXT('2D SPACE',''
  ) );
#367 = PCURVE('',#368,#373);
#368 = PLANE('',#369);
#369 = AXIS2_PLACEMENT_3D('',#370,#371,#372);
#370 = CARTESIAN_POINT('',(56.,-15.,30.));
#371 = DIRECTION('',(0.,0.,1.));
#372 = DIRECTION('',(1.,0.,-0.));
#373 = DEFINITIONAL_REPRESENTATION('',(#374),#378);
#374 = LINE('',#375,#376);
#375 = CARTESIAN_POINT('',(0.,0.));
#376 = VECTOR('',#377,1.);
#377 = DIRECTION('',(1.,0.));
#378 = ( GEOMETRIC_REPRESENTATION_CONTEXT(2) 
PARAMETRIC_REPRESENTATION_CONTEXT() REPRESENTATION_CONTEXT('2D SPACE',''
  ) );
#379 = ORIENTED_EDGE('',*,*,#380,.T.);
#380 = EDGE_CURVE('',#353,#381,#383,.T.);
#381 = VERTEX_POINT('',#382);
#382 = CARTESIAN_POINT('',(210.,-15.,31.));
#383 = SURFACE_CURVE('',#384,(#388,#395),.PCURVE_S1.);
#384 = LINE('',#385,#386);
#385 = CARTESIAN_POINT('',(210.,-15.,-1.));
#386 = VECTOR('',#387,1.);
#387 = DIRECTION('',(0.,0.,1.));
#388 = PCURVE('',#44,#389);
#389 = DEFINITIONAL_REPRESENTATION('',(#390),#394);
#390 = LINE('',#391,#392);
#391 = CARTESIAN_POINT('',(-1.,154.));
#392 = VECTOR('',#393,1.);
#393 = DIRECTION('',(1.,0.));
#394 = ( GEOMETRIC_REPRESENTATION_CONTEXT(2) 
PARAMETRIC_REPRESENTATION_CONTEXT() REPRESENTATION_CONTEXT('2D SPACE',''
  ) );
#395 = PCURVE('',#396,#401);
#396 = PLANE('',#397);
#397 = AXIS2_PLACEMENT_3D('',#398,#399,#400);
#398 = CARTESIAN_POINT('',(210.,-15.,-1.));
#399 = DIRECTION('',(1.,0.,-0.));
#400 = DIRECTION('',(0.,0.,1.));
#401 = DEFINITIONAL_REPRESENTATION('',(#402),#406);
#402 = LINE('',#403,#404);
#403 = CARTESIAN_POINT('',(0.,0.));
#404 = VECTOR('',#405,1.);
#405 = DIRECTION('',(1.,0.));
#406 = ( GEOMETRIC_REPRESENTATION_CONTEXT(2) 
PARAMETRIC_REPRESENTATION_CONTEXT() REPRESENTATION_CONTEXT('2D SPACE',''
  ) );
#407 = ORIENTED_EDGE('',*,*,#408,.T.);
#408 = EDGE_CURVE('',#381,#409,#411,.T.);
#409 = VERTEX_POINT('',#410);
#410 = CARTESIAN_POINT('',(232.,-15.,31.));
#411 = SURFACE_CURVE('',#412,(#416,#423),.PCURVE_S1.);
#412 = LINE('',#413,#414);
#413 = CARTESIAN_POINT('',(210.,-15.,31.));
#414 = VECTOR('',#415,1.);
#415 = DIRECTION('',(1.,0.,-0.));
#416 = PCURVE('',#44,#417);
#417 = DEFINITIONAL_REPRESENTATION('',(#418),#422);
#418 = LINE('',#419,#420);
#419 = CARTESIAN_POINT('',(31.,154.));
#420 = VECTOR('',#421,1.);
#421 = DIRECTION('',(0.,1.));
#422 = ( GEOMETRIC_REPRESENTATION_CONTEXT(2) 
PARAMETRIC_REPRESENTATION_CONTEXT() REPRESENTATION_CONTEXT('2D SPACE',''
  ) );
#423 = PCURVE('',#424,#429);
#424 = PLANE('',#425);
#425 = AXIS2_PLACEMENT_3D('',#426,#427,#428);
#426 = CARTESIAN_POINT('',(210.,-15.,31.));
#427 = DIRECTION('',(0.,0.,1.));
#428 = DIRECTION('',(1.,0.,-0.));
#429 = DEFINITIONAL_REPRESENTATION('',(#430),#434);
#430 = LINE('',#431,#432);
#431 = CARTESIAN_POINT('',(0.,0.));
#432 = VECTOR('',#433,1.);
#433 = DIRECTION('',(1.,0.));
#434 = ( GEOMETRIC_REPRESENTATION_CONTEXT(2) 
PARAMETRIC_REPRESENTATION_CONTEXT() REPRESENTATION_CONTEXT('2D SPACE',''
  ) );
#435 = ORIENTED_EDGE('',*,*,#436,.F.);
#436 = EDGE_CURVE('',#437,#409,#439,.T.);
#437 = VERTEX_POINT('',#438);
#438 = CARTESIAN_POINT('',(232.,-15.,30.));
#439 = SURFACE_CURVE('',#440,(#444,#451),.PCURVE_S1.);
#440 = LINE('',#441,#442);
#441 = CARTESIAN_POINT('',(232.,-15.,-1.));
#442 = VECTOR('',#443,1.);
#443 = DIRECTION('',(0.,0.,1.));
#444 = PCURVE('',#44,#445);
#445 = DEFINITIONAL_REPRESENTATION('',(#446),#450);
#446 = LINE('',#447,#448);
#447 = CARTESIAN_POINT('',(-1.,176.));
#448 = VECTOR('',#449,1.);
#449 = DIRECTION('',(1.,0.));
#450 = ( GEOMETRIC_REPRESENTATION_CONTEXT(2) 
PARAMETRIC_REPRESENTATION_CONTEXT() REPRESENTATION_CONTEXT('2D SPACE',''
  ) );
#451 = PCURVE('',#452,#457);
#452 = PLANE('',#453);
#453 = AXIS2_PLACEMENT_3D('',#454,#455,#456);
#454 = CARTESIAN_POINT('',(232.,-15.,-1.));
#455 = DIRECTION('',(1.,0.,-0.));
#456 = DIRECTION('',(0.,0.,1.));
#457 = DEFINITIONAL_REPRESENTATION('',(#458),#462);
#458 = LINE('',#459,#460);
#459 = CARTESIAN_POINT('',(0.,0.));
#460 = VECTOR('',#461,1.);
#461 = DIRECTION('',(1.,0.));
#462 = ( GEOMETRIC_REPRESENTATION_CONTEXT(2) 
PARAMETRIC_REPRESENTATION_CONTEXT() REPRESENTATION_CONTEXT('2D SPACE',''
  ) );
#463 = ORIENTED_EDGE('',*,*,#464,.T.);
#464 = EDGE_CURVE('',#437,#465,#467,.T.);
#465 = VERTEX_POINT('',#466);
#466 = CARTESIAN_POINT('',(252.11251702299,-15.,30.));
#467 = SURFACE_CURVE('',#468,(#472,#479),.PCURVE_S1.);
#468 = LINE('',#469,#470);
#469 = CARTESIAN_POINT('',(56.,-15.,30.));
#470 = VECTOR('',#471,1.);
#471 = DIRECTION('',(1.,0.,-0.));
#472 = PCURVE('',#44,#473);
#473 = DEFINITIONAL_REPRESENTATION('',(#474),#478);
#474 = LINE('',#475,#476);
#475 = CARTESIAN_POINT('',(30.,0.));
#476 = VECTOR('',#477,1.);
#477 = DIRECTION('',(0.,1.));
#478 = ( GEOMETRIC_REPRESENTATION_CONTEXT(2) 
PARAMETRIC_REPRESENTATION_CONTEXT() REPRESENTATION_CONTEXT('2D SPACE',''
  ) );
#479 = PCURVE('',#480,#485);
#480 = PLANE('',#481);
#481 = AXIS2_PLACEMENT_3D('',#482,#483,#484);
#482 = CARTESIAN_POINT('',(56.,-15.,30.));
#483 = DIRECTION('',(0.,0.,1.));
#484 = DIRECTION('',(1.,0.,-0.));
#485 = DEFINITIONAL_REPRESENTATION('',(#486),#490);
#486 = LINE('',#487,#488);
#487 = CARTESIAN_POINT('',(0.,0.));
#488 = VECTOR('',#489,1.);
#489 = DIRECTION('',(1.,0.));
#490 = ( GEOMETRIC_REPRESENTATION_CONTEXT(2) 
PARAMETRIC_REPRESENTATION_CONTEXT() REPRESENTATION_CONTEXT('2D SPACE',''
  ) );
#491 = ORIENTED_EDGE('',*,*,#492,.T.);
#492 = EDGE_CURVE('',#465,#493,#495,.T.);
#493 = VERTEX_POINT('',#494);
#494 = CARTESIAN_POINT('',(252.11251702299,-15.,56.));
#495 = SURFACE_CURVE('',#496,(#500,#507),.PCURVE_S1.);
#496 = LINE('',#497,#498);
#497 = CARTESIAN_POINT('',(252.11251702299,-15.,0.));
#498 = VECTOR('',#499,1.);
#499 = DIRECTION('',(0.,0.,1.));
#500 = PCURVE('',#44,#501);
#501 = DEFINITIONAL_REPRESENTATION('',(#502),#506);
#502 = LINE('',#503,#504);
#503 = CARTESIAN_POINT('',(0.,196.11251702299));
#504 = VECTOR('',#505,1.);
#505 = DIRECTION('',(1.,0.));
#506 = ( GEOMETRIC_REPRESENTATION_CONTEXT(2) 
PARAMETRIC_REPRESENTATION_CONTEXT() REPRESENTATION_CONTEXT('2D SPACE',''
  ) );
#507 = PCURVE('',#508,#513);
#508 = PLANE('',#509);
#509 = AXIS2_PLACEMENT_3D('',#510,#511,#512);
#510 = CARTESIAN_POINT('',(252.11251702299,-15.,0.));
#511 = DIRECTION('',(1.,0.,-0.));
#512 = DIRECTION('',(0.,0.,1.));
#513 = DEFINITIONAL_REPRESENTATION('',(#514),#518);
#514 = LINE('',#515,#516);
#515 = CARTESIAN_POINT('',(0.,0.));
#516 = VECTOR('',#517,1.);
#517 = DIRECTION('',(1.,0.));
#518 = ( GEOMETRIC_REPRESENTATION_CONTEXT(2) 
PARAMETRIC_REPRESENTATION_CONTEXT() REPRESENTATION_CONTEXT('2D SPACE',''
  ) );
#519 = ORIENTED_EDGE('',*,*,#520,.T.);
#520 = EDGE_CURVE('',#493,#521,#523,.T.);
#521 = VERTEX_POINT('',#522);
#522 = CARTESIAN_POINT('',(344.4,-15.,56.));
#523 = SURFACE_CURVE('',#524,(#528,#535),.PCURVE_S1.);
#524 = LINE('',#525,#526);
#525 = CARTESIAN_POINT('',(252.11251702299,-15.,56.));
#526 = VECTOR('',#527,1.);
#527 = DIRECTION('',(1.,0.,-0.));
#528 = PCURVE('',#44,#529);
#529 = DEFINITIONAL_REPRESENTATION('',(#530),#534);
#530 = LINE('',#531,#532);
#531 = CARTESIAN_POINT('',(56.,196.11251702299));
#532 = VECTOR('',#533,1.);
#533 = DIRECTION('',(0.,1.));
#534 = ( GEOMETRIC_REPRESENTATION_CONTEXT(2) 
PARAMETRIC_REPRESENTATION_CONTEXT() REPRESENTATION_CONTEXT('2D SPACE',''
  ) );
#535 = PCURVE('',#536,#541);
#536 = PLANE('',#537);
#537 = AXIS2_PLACEMENT_3D('',#538,#539,#540);
#538 = CARTESIAN_POINT('',(252.11251702299,-15.,56.));
#539 = DIRECTION('',(0.,0.,1.));
#540 = DIRECTION('',(1.,0.,-0.));
#541 = DEFINITIONAL_REPRESENTATION('',(#542),#546);
#542 = LINE('',#543,#544);
#543 = CARTESIAN_POINT('',(0.,0.));
#544 = VECTOR('',#545,1.);
#545 = DIRECTION('',(1.,0.));
#546 = ( GEOMETRIC_REPRESENTATION_CONTEXT(2) 
PARAMETRIC_REPRESENTATION_CONTEXT() REPRESENTATION_CONTEXT('2D SPACE',''
  ) );
#547 = ORIENTED_EDGE('',*,*,#548,.F.);
#548 = EDGE_CURVE('',#549,#521,#551,.T.);
#549 = VERTEX_POINT('',#550);
#550 = CARTESIAN_POINT('',(344.4,-15.,0.));
#551 = SURFACE_CURVE('',#552,(#556,#563),.PCURVE_S1.);
#552 = LINE('',#553,#554);
#553 = CARTESIAN_POINT('',(344.4,-15.,0.));
#554 = VECTOR('',#555,1.);
#555 = DIRECTION('',(0.,0.,1.));
#556 = PCURVE('',#44,#557);
#557 = DEFINITIONAL_REPRESENTATION('',(#558),#562);
#558 = LINE('',#559,#560);
#559 = CARTESIAN_POINT('',(0.,288.4));
#560 = VECTOR('',#561,1.);
#561 = DIRECTION('',(1.,0.));
#562 = ( GEOMETRIC_REPRESENTATION_CONTEXT(2) 
PARAMETRIC_REPRESENTATION_CONTEXT() REPRESENTATION_CONTEXT('2D SPACE',''
  ) );
#563 = PCURVE('',#564,#569);
#564 = PLANE('',#565);
#565 = AXIS2_PLACEMENT_3D('',#566,#567,#568);
#566 = CARTESIAN_POINT('',(344.4,-15.,0.));
#567 = DIRECTION('',(1.,0.,-0.));
#568 = DIRECTION('',(0.,0.,1.));
#569 = DEFINITIONAL_REPRESENTATION('',(#570),#574);
#570 = LINE('',#571,#572);
#571 = CARTESIAN_POINT('',(0.,0.));
#572 = VECTOR('',#573,1.);
#573 = DIRECTION('',(1.,0.));
#574 = ( GEOMETRIC_REPRESENTATION_CONTEXT(2) 
PARAMETRIC_REPRESENTATION_CONTEXT() REPRESENTATION_CONTEXT('2D SPACE',''
  ) );
#575 = ORIENTED_EDGE('',*,*,#576,.F.);
#576 = EDGE_CURVE('',#577,#549,#579,.T.);
#577 = VERTEX_POINT('',#578);
#578 = CARTESIAN_POINT('',(232.,-15.,0.));
#579 = SURFACE_CURVE('',#580,(#584,#591),.PCURVE_S1.);
#580 = LINE('',#581,#582);
#581 = CARTESIAN_POINT('',(56.,-15.,0.));
#582 = VECTOR('',#583,1.);
#583 = DIRECTION('',(1.,0.,0.));
#584 = PCURVE('',#44,#585);
#585 = DEFINITIONAL_REPRESENTATION('',(#586),#590);
#586 = LINE('',#587,#588);
#587 = CARTESIAN_POINT('',(0.,0.));
#588 = VECTOR('',#589,1.);
#589 = DIRECTION('',(0.,1.));
#590 = ( GEOMETRIC_REPRESENTATION_CONTEXT(2) 
PARAMETRIC_REPRESENTATION_CONTEXT() REPRESENTATION_CONTEXT('2D SPACE',''
  ) );
#591 = PCURVE('',#592,#597);
#592 = PLANE('',#593);
#593 = AXIS2_PLACEMENT_3D('',#594,#595,#596);
#594 = CARTESIAN_POINT('',(56.,-15.,0.));
#595 = DIRECTION('',(0.,0.,1.));
#596 = DIRECTION('',(1.,0.,-0.));
#597 = DEFINITIONAL_REPRESENTATION('',(#598),#602);
#598 = LINE('',#599,#600);
#599 = CARTESIAN_POINT('',(0.,0.));
#600 = VECTOR('',#601,1.);
#601 = DIRECTION('',(1.,0.));
#602 = ( GEOMETRIC_REPRESENTATION_CONTEXT(2) 
PARAMETRIC_REPRESENTATION_CONTEXT() REPRESENTATION_CONTEXT('2D SPACE',''
  ) );
#603 = ORIENTED_EDGE('',*,*,#604,.F.);
#604 = EDGE_CURVE('',#605,#577,#607,.T.);
#605 = VERTEX_POINT('',#606);
#606 = CARTESIAN_POINT('',(232.,-15.,-1.));
#607 = SURFACE_CURVE('',#608,(#612,#619),.PCURVE_S1.);
#608 = LINE('',#609,#610);
#609 = CARTESIAN_POINT('',(232.,-15.,-1.));
#610 = VECTOR('',#611,1.);
#611 = DIRECTION('',(0.,0.,1.));
#612 = PCURVE('',#44,#613);
#613 = DEFINITIONAL_REPRESENTATION('',(#614),#618);
#614 = LINE('',#615,#616);
#615 = CARTESIAN_POINT('',(-1.,176.));
#616 = VECTOR('',#617,1.);
#617 = DIRECTION('',(1.,0.));
#618 = ( GEOMETRIC_REPRESENTATION_CONTEXT(2) 
PARAMETRIC_REPRESENTATION_CONTEXT() REPRESENTATION_CONTEXT('2D SPACE',''
  ) );
#619 = PCURVE('',#620,#625);
#620 = PLANE('',#621);
#621 = AXIS2_PLACEMENT_3D('',#622,#623,#624);
#622 = CARTESIAN_POINT('',(232.,-15.,-1.));
#623 = DIRECTION('',(1.,0.,-0.));
#624 = DIRECTION('',(0.,0.,1.));
#625 = DEFINITIONAL_REPRESENTATION('',(#626),#630);
#626 = LINE('',#627,#628);
#627 = CARTESIAN_POINT('',(0.,0.));
#628 = VECTOR('',#629,1.);
#629 = DIRECTION('',(1.,0.));
#630 = ( GEOMETRIC_REPRESENTATION_CONTEXT(2) 
PARAMETRIC_REPRESENTATION_CONTEXT() REPRESENTATION_CONTEXT('2D SPACE',''
  ) );
#631 = ORIENTED_EDGE('',*,*,#632,.F.);
#632 = EDGE_CURVE('',#633,#605,#635,.T.);
#633 = VERTEX_POINT('',#634);
#634 = CARTESIAN_POINT('',(210.,-15.,-1.));
#635 = SURFACE_CURVE('',#636,(#640,#647),.PCURVE_S1.);
#636 = LINE('',#637,#638);
#637 = CARTESIAN_POINT('',(210.,-15.,-1.));
#638 = VECTOR('',#639,1.);
#639 = DIRECTION('',(1.,0.,-0.));
#640 = PCURVE('',#44,#641);
#641 = DEFINITIONAL_REPRESENTATION('',(#642),#646);
#642 = LINE('',#643,#644);
#643 = CARTESIAN_POINT('',(-1.,154.));
#644 = VECTOR('',#645,1.);
#645 = DIRECTION('',(0.,1.));
#646 = ( GEOMETRIC_REPRESENTATION_CONTEXT(2) 
PARAMETRIC_REPRESENTATION_CONTEXT() REPRESENTATION_CONTEXT('2D SPACE',''
  ) );
#647 = PCURVE('',#648,#653);
#648 = PLANE('',#649);
#649 = AXIS2_PLACEMENT_3D('',#650,#651,#652);
#650 = CARTESIAN_POINT('',(210.,-15.,-1.));
#651 = DIRECTION('',(0.,0.,1.));
#652 = DIRECTION('',(1.,0.,-0.));
#653 = DEFINITIONAL_REPRESENTATION('',(#654),#658);
#654 = LINE('',#655,#656);
#655 = CARTESIAN_POINT('',(0.,0.));
#656 = VECTOR('',#657,1.);
#657 = DIRECTION('',(1.,0.));
#658 = ( GEOMETRIC_REPRESENTATION_CONTEXT(2) 
PARAMETRIC_REPRESENTATION_CONTEXT() REPRESENTATION_CONTEXT('2D SPACE',''
  ) );
#659 = ORIENTED_EDGE('',*,*,#660,.T.);
#660 = EDGE_CURVE('',#633,#278,#661,.T.);
#661 = SURFACE_CURVE('',#662,(#666,#673),.PCURVE_S1.);
#662 = LINE('',#663,#664);
#663 = CARTESIAN_POINT('',(210.,-15.,-1.));
#664 = VECTOR('',#665,1.);
#665 = DIRECTION('',(0.,0.,1.));
#666 = PCURVE('',#44,#667);
#667 = DEFINITIONAL_REPRESENTATION('',(#668),#672);
#668 = LINE('',#669,#670);
#669 = CARTESIAN_POINT('',(-1.,154.));
#670 = VECTOR('',#671,1.);
#671 = DIRECTION('',(1.,0.));
#672 = ( GEOMETRIC_REPRESENTATION_CONTEXT(2) 
PARAMETRIC_REPRESENTATION_CONTEXT() REPRESENTATION_CONTEXT('2D SPACE',''
  ) );
#673 = PCURVE('',#674,#679);
#674 = PLANE('',#675);
#675 = AXIS2_PLACEMENT_3D('',#676,#677,#678);
#676 = CARTESIAN_POINT('',(210.,-15.,-1.));
#677 = DIRECTION('',(1.,0.,-0.));
#678 = DIRECTION('',(0.,0.,1.));
#679 = DEFINITIONAL_REPRESENTATION('',(#680),#684);
#680 = LINE('',#681,#682);
#681 = CARTESIAN_POINT('',(0.,0.));
#682 = VECTOR('',#683,1.);
#683 = DIRECTION('',(1.,0.));
#684 = ( GEOMETRIC_REPRESENTATION_CONTEXT(2) 
PARAMETRIC_REPRESENTATION_CONTEXT() REPRESENTATION_CONTEXT('2D SPACE',''
  ) );
#685 = ADVANCED_FACE('',(#686,#732,#763,#794),#72,.F.);
#686 = FACE_BOUND('',#687,.F.);
#687 = EDGE_LOOP('',(#688,#689,#690,#711));
#688 = ORIENTED_EDGE('',*,*,#56,.F.);
#689 = ORIENTED_EDGE('',*,*,#277,.T.);
#690 = ORIENTED_EDGE('',*,*,#691,.T.);
#691 = EDGE_CURVE('',#278,#692,#694,.T.);
#692 = VERTEX_POINT('',#693);
#693 = CARTESIAN_POINT('',(210.,15.,0.));
#694 = SURFACE_CURVE('',#695,(#699,#705),.PCURVE_S1.);
#695 = LINE('',#696,#697);
#696 = CARTESIAN_POINT('',(210.,-15.,0.));
#697 = VECTOR('',#698,1.);
#698 = DIRECTION('',(-0.,1.,0.));
#699 = PCURVE('',#72,#700);
#700 = DEFINITIONAL_REPRESENTATION('',(#701),#704);
#701 = B_SPLINE_CURVE_WITH_KNOTS('',1,(#702,#703),.UNSPECIFIED.,.F.,.F.,
  (2,2),(0.,30.),.PIECEWISE_BEZIER_KNOTS.);
#702 = CARTESIAN_POINT('',(154.,0.));
#703 = CARTESIAN_POINT('',(154.,30.));
#704 = ( GEOMETRIC_REPRESENTATION_CONTEXT(2) 
PARAMETRIC_REPRESENTATION_CONTEXT() REPRESENTATION_CONTEXT('2D SPACE',''
  ) );
#705 = PCURVE('',#674,#706);
#706 = DEFINITIONAL_REPRESENTATION('',(#707),#710);
#707 = B_SPLINE_CURVE_WITH_KNOTS('',1,(#708,#709),.UNSPECIFIED.,.F.,.F.,
  (2,2),(0.,30.),.PIECEWISE_BEZIER_KNOTS.);
#708 = CARTESIAN_POINT('',(1.,0.));
#709 = CARTESIAN_POINT('',(1.,-30.));
#710 = ( GEOMETRIC_REPRESENTATION_CONTEXT(2) 
PARAMETRIC_REPRESENTATION_CONTEXT() REPRESENTATION_CONTEXT('2D SPACE',''
  ) );
#711 = ORIENTED_EDGE('',*,*,#712,.F.);
#712 = EDGE_CURVE('',#57,#692,#713,.T.);
#713 = SURFACE_CURVE('',#714,(#718,#725),.PCURVE_S1.);
#714 = LINE('',#715,#716);
#715 = CARTESIAN_POINT('',(56.,15.,0.));
#716 = VECTOR('',#717,1.);
#717 = DIRECTION('',(1.,0.,0.));
#718 = PCURVE('',#72,#719);
#719 = DEFINITIONAL_REPRESENTATION('',(#720),#724);
#720 = LINE('',#721,#722);
#721 = CARTESIAN_POINT('',(0.,30.));
#722 = VECTOR('',#723,1.);
#723 = DIRECTION('',(1.,0.));
#724 = ( GEOMETRIC_REPRESENTATION_CONTEXT(2) 
PARAMETRIC_REPRESENTATION_CONTEXT() REPRESENTATION_CONTEXT('2D SPACE',''
  ) );
#725 = PCURVE('',#100,#726);
#726 = DEFINITIONAL_REPRESENTATION('',(#727),#731);
#727 = LINE('',#728,#729);
#728 = CARTESIAN_POINT('',(0.,0.));
#729 = VECTOR('',#730,1.);
#730 = DIRECTION('',(0.,1.));
#731 = ( GEOMETRIC_REPRESENTATION_CONTEXT(2) 
PARAMETRIC_REPRESENTATION_CONTEXT() REPRESENTATION_CONTEXT('2D SPACE',''
  ) );
#732 = FACE_BOUND('',#733,.F.);
#733 = EDGE_LOOP('',(#734));
#734 = ORIENTED_EDGE('',*,*,#735,.F.);
#735 = EDGE_CURVE('',#736,#736,#738,.T.);
#736 = VERTEX_POINT('',#737);
#737 = CARTESIAN_POINT('',(136.04167619797,-1.408343819019E-15,0.));
#738 = SURFACE_CURVE('',#739,(#744,#751),.PCURVE_S1.);
#739 = CIRCLE('',#740,5.75);
#740 = AXIS2_PLACEMENT_3D('',#741,#742,#743);
#741 = CARTESIAN_POINT('',(130.29167619797,0.,0.));
#742 = DIRECTION('',(0.,0.,1.));
#743 = DIRECTION('',(1.,0.,-0.));
#744 = PCURVE('',#72,#745);
#745 = DEFINITIONAL_REPRESENTATION('',(#746),#750);
#746 = CIRCLE('',#747,5.75);
#747 = AXIS2_PLACEMENT_2D('',#748,#749);
#748 = CARTESIAN_POINT('',(74.29167619797,15.));
#749 = DIRECTION('',(1.,0.));
#750 = ( GEOMETRIC_REPRESENTATION_CONTEXT(2) 
PARAMETRIC_REPRESENTATION_CONTEXT() REPRESENTATION_CONTEXT('2D SPACE',''
  ) );
#751 = PCURVE('',#752,#757);
#752 = CYLINDRICAL_SURFACE('',#753,5.75);
#753 = AXIS2_PLACEMENT_3D('',#754,#755,#756);
#754 = CARTESIAN_POINT('',(130.29167619797,0.,-2.));
#755 = DIRECTION('',(0.,0.,1.));
#756 = DIRECTION('',(1.,0.,-0.));
#757 = DEFINITIONAL_REPRESENTATION('',(#758),#762);
#758 = LINE('',#759,#760);
#759 = CARTESIAN_POINT('',(0.,2.));
#760 = VECTOR('',#761,1.);
#761 = DIRECTION('',(1.,0.));
#762 = ( GEOMETRIC_REPRESENTATION_CONTEXT(2) 
PARAMETRIC_REPRESENTATION_CONTEXT() REPRESENTATION_CONTEXT('2D SPACE',''
  ) );
#763 = FACE_BOUND('',#764,.F.);
#764 = EDGE_LOOP('',(#765));
#765 = ORIENTED_EDGE('',*,*,#766,.F.);
#766 = EDGE_CURVE('',#767,#767,#769,.T.);
#767 = VERTEX_POINT('',#768);
#768 = CARTESIAN_POINT('',(166.29322692153,-1.16341445919E-15,0.));
#769 = SURFACE_CURVE('',#770,(#775,#782),.PCURVE_S1.);
#770 = CIRCLE('',#771,4.75);
#771 = AXIS2_PLACEMENT_3D('',#772,#773,#774);
#772 = CARTESIAN_POINT('',(161.54322692153,0.,0.));
#773 = DIRECTION('',(0.,0.,1.));
#774 = DIRECTION('',(1.,0.,-0.));
#775 = PCURVE('',#72,#776);
#776 = DEFINITIONAL_REPRESENTATION('',(#777),#781);
#777 = CIRCLE('',#778,4.75);
#778 = AXIS2_PLACEMENT_2D('',#779,#780);
#779 = CARTESIAN_POINT('',(105.54322692153,15.));
#780 = DIRECTION('',(1.,0.));
#781 = ( GEOMETRIC_REPRESENTATION_CONTEXT(2) 
PARAMETRIC_REPRESENTATION_CONTEXT() REPRESENTATION_CONTEXT('2D SPACE',''
  ) );
#782 = PCURVE('',#783,#788);
#783 = CYLINDRICAL_SURFACE('',#784,4.75);
#784 = AXIS2_PLACEMENT_3D('',#785,#786,#787);
#785 = CARTESIAN_POINT('',(161.54322692153,0.,-2.));
#786 = DIRECTION('',(0.,0.,1.));
#787 = DIRECTION('',(1.,0.,-0.));
#788 = DEFINITIONAL_REPRESENTATION('',(#789),#793);
#789 = LINE('',#790,#791);
#790 = CARTESIAN_POINT('',(0.,2.));
#791 = VECTOR('',#792,1.);
#792 = DIRECTION('',(1.,0.));
#793 = ( GEOMETRIC_REPRESENTATION_CONTEXT(2) 
PARAMETRIC_REPRESENTATION_CONTEXT() REPRESENTATION_CONTEXT('2D SPACE',''
  ) );
#794 = FACE_BOUND('',#795,.F.);
#795 = EDGE_LOOP('',(#796));
#796 = ORIENTED_EDGE('',*,*,#797,.F.);
#797 = EDGE_CURVE('',#798,#798,#800,.T.);
#798 = VERTEX_POINT('',#799);
#799 = CARTESIAN_POINT('',(197.29030623898,-9.184850993605E-16,0.));
#800 = SURFACE_CURVE('',#801,(#806,#813),.PCURVE_S1.);
#801 = CIRCLE('',#802,3.75);
#802 = AXIS2_PLACEMENT_3D('',#803,#804,#805);
#803 = CARTESIAN_POINT('',(193.54030623898,0.,0.));
#804 = DIRECTION('',(0.,0.,1.));
#805 = DIRECTION('',(1.,0.,-0.));
#806 = PCURVE('',#72,#807);
#807 = DEFINITIONAL_REPRESENTATION('',(#808),#812);
#808 = CIRCLE('',#809,3.75);
#809 = AXIS2_PLACEMENT_2D('',#810,#811);
#810 = CARTESIAN_POINT('',(137.54030623898,15.));
#811 = DIRECTION('',(1.,0.));
#812 = ( GEOMETRIC_REPRESENTATION_CONTEXT(2) 
PARAMETRIC_REPRESENTATION_CONTEXT() REPRESENTATION_CONTEXT('2D SPACE',''
  ) );
#813 = PCURVE('',#814,#819);
#814 = CYLINDRICAL_SURFACE('',#815,3.75);
#815 = AXIS2_PLACEMENT_3D('',#816,#817,#818);
#816 = CARTESIAN_POINT('',(193.54030623898,0.,-2.));
#817 = DIRECTION('',(0.,0.,1.));
#818 = DIRECTION('',(1.,0.,-0.));
#819 = DEFINITIONAL_REPRESENTATION('',(#820),#824);
#820 = LINE('',#821,#822);
#821 = CARTESIAN_POINT('',(0.,2.));
#822 = VECTOR('',#823,1.);
#823 = DIRECTION('',(1.,0.));
#824 = ( GEOMETRIC_REPRESENTATION_CONTEXT(2) 
PARAMETRIC_REPRESENTATION_CONTEXT() REPRESENTATION_CONTEXT('2D SPACE',''
  ) );
#825 = ADVANCED_FACE('',(#826),#100,.T.);
#826 = FACE_BOUND('',#827,.T.);
#827 = EDGE_LOOP('',(#828,#829,#830,#853,#876,#899,#922,#945,#968,#991,
    #1014,#1037,#1060,#1083,#1106,#1129));
#828 = ORIENTED_EDGE('',*,*,#712,.F.);
#829 = ORIENTED_EDGE('',*,*,#84,.F.);
#830 = ORIENTED_EDGE('',*,*,#831,.T.);
#831 = EDGE_CURVE('',#85,#832,#834,.T.);
#832 = VERTEX_POINT('',#833);
#833 = CARTESIAN_POINT('',(110.,15.,59.45460394727));
#834 = SURFACE_CURVE('',#835,(#839,#846),.PCURVE_S1.);
#835 = LINE('',#836,#837);
#836 = CARTESIAN_POINT('',(56.,15.,59.45460394727));
#837 = VECTOR('',#838,1.);
#838 = DIRECTION('',(1.,0.,-0.));
#839 = PCURVE('',#100,#840);
#840 = DEFINITIONAL_REPRESENTATION('',(#841),#845);
#841 = LINE('',#842,#843);
#842 = CARTESIAN_POINT('',(59.45460394727,0.));
#843 = VECTOR('',#844,1.);
#844 = DIRECTION('',(0.,1.));
#845 = ( GEOMETRIC_REPRESENTATION_CONTEXT(2) 
PARAMETRIC_REPRESENTATION_CONTEXT() REPRESENTATION_CONTEXT('2D SPACE',''
  ) );
#846 = PCURVE('',#126,#847);
#847 = DEFINITIONAL_REPRESENTATION('',(#848),#852);
#848 = LINE('',#849,#850);
#849 = CARTESIAN_POINT('',(0.,30.));
#850 = VECTOR('',#851,1.);
#851 = DIRECTION('',(1.,0.));
#852 = ( GEOMETRIC_REPRESENTATION_CONTEXT(2) 
PARAMETRIC_REPRESENTATION_CONTEXT() REPRESENTATION_CONTEXT('2D SPACE',''
  ) );
#853 = ORIENTED_EDGE('',*,*,#854,.T.);
#854 = EDGE_CURVE('',#832,#855,#857,.T.);
#855 = VERTEX_POINT('',#856);
#856 = CARTESIAN_POINT('',(139.45460394727,15.,30.));
#857 = SURFACE_CURVE('',#858,(#862,#869),.PCURVE_S1.);
#858 = LINE('',#859,#860);
#859 = CARTESIAN_POINT('',(110.,15.,59.45460394727));
#860 = VECTOR('',#861,1.);
#861 = DIRECTION('',(0.707106781187,0.,-0.707106781187));
#862 = PCURVE('',#100,#863);
#863 = DEFINITIONAL_REPRESENTATION('',(#864),#868);
#864 = LINE('',#865,#866);
#865 = CARTESIAN_POINT('',(59.45460394727,54.));
#866 = VECTOR('',#867,1.);
#867 = DIRECTION('',(-0.707106781187,0.707106781187));
#868 = ( GEOMETRIC_REPRESENTATION_CONTEXT(2) 
PARAMETRIC_REPRESENTATION_CONTEXT() REPRESENTATION_CONTEXT('2D SPACE',''
  ) );
#869 = PCURVE('',#340,#870);
#870 = DEFINITIONAL_REPRESENTATION('',(#871),#875);
#871 = LINE('',#872,#873);
#872 = CARTESIAN_POINT('',(0.,-15.));
#873 = VECTOR('',#874,1.);
#874 = DIRECTION('',(1.,0.));
#875 = ( GEOMETRIC_REPRESENTATION_CONTEXT(2) 
PARAMETRIC_REPRESENTATION_CONTEXT() REPRESENTATION_CONTEXT('2D SPACE',''
  ) );
#876 = ORIENTED_EDGE('',*,*,#877,.T.);
#877 = EDGE_CURVE('',#855,#878,#880,.T.);
#878 = VERTEX_POINT('',#879);
#879 = CARTESIAN_POINT('',(210.,15.,30.));
#880 = SURFACE_CURVE('',#881,(#885,#892),.PCURVE_S1.);
#881 = LINE('',#882,#883);
#882 = CARTESIAN_POINT('',(56.,15.,30.));
#883 = VECTOR('',#884,1.);
#884 = DIRECTION('',(1.,0.,-0.));
#885 = PCURVE('',#100,#886);
#886 = DEFINITIONAL_REPRESENTATION('',(#887),#891);
#887 = LINE('',#888,#889);
#888 = CARTESIAN_POINT('',(30.,0.));
#889 = VECTOR('',#890,1.);
#890 = DIRECTION('',(0.,1.));
#891 = ( GEOMETRIC_REPRESENTATION_CONTEXT(2) 
PARAMETRIC_REPRESENTATION_CONTEXT() REPRESENTATION_CONTEXT('2D SPACE',''
  ) );
#892 = PCURVE('',#368,#893);
#893 = DEFINITIONAL_REPRESENTATION('',(#894),#898);
#894 = LINE('',#895,#896);
#895 = CARTESIAN_POINT('',(0.,30.));
#896 = VECTOR('',#897,1.);
#897 = DIRECTION('',(1.,0.));
#898 = ( GEOMETRIC_REPRESENTATION_CONTEXT(2) 
PARAMETRIC_REPRESENTATION_CONTEXT() REPRESENTATION_CONTEXT('2D SPACE',''
  ) );
#899 = ORIENTED_EDGE('',*,*,#900,.T.);
#900 = EDGE_CURVE('',#878,#901,#903,.T.);
#901 = VERTEX_POINT('',#902);
#902 = CARTESIAN_POINT('',(210.,15.,31.));
#903 = SURFACE_CURVE('',#904,(#908,#915),.PCURVE_S1.);
#904 = LINE('',#905,#906);
#905 = CARTESIAN_POINT('',(210.,15.,-1.));
#906 = VECTOR('',#907,1.);
#907 = DIRECTION('',(0.,0.,1.));
#908 = PCURVE('',#100,#909);
#909 = DEFINITIONAL_REPRESENTATION('',(#910),#914);
#910 = LINE('',#911,#912);
#911 = CARTESIAN_POINT('',(-1.,154.));
#912 = VECTOR('',#913,1.);
#913 = DIRECTION('',(1.,0.));
#914 = ( GEOMETRIC_REPRESENTATION_CONTEXT(2) 
PARAMETRIC_REPRESENTATION_CONTEXT() REPRESENTATION_CONTEXT('2D SPACE',''
  ) );
#915 = PCURVE('',#396,#916);
#916 = DEFINITIONAL_REPRESENTATION('',(#917),#921);
#917 = LINE('',#918,#919);
#918 = CARTESIAN_POINT('',(0.,-30.));
#919 = VECTOR('',#920,1.);
#920 = DIRECTION('',(1.,0.));
#921 = ( GEOMETRIC_REPRESENTATION_CONTEXT(2) 
PARAMETRIC_REPRESENTATION_CONTEXT() REPRESENTATION_CONTEXT('2D SPACE',''
  ) );
#922 = ORIENTED_EDGE('',*,*,#923,.T.);
#923 = EDGE_CURVE('',#901,#924,#926,.T.);
#924 = VERTEX_POINT('',#925);
#925 = CARTESIAN_POINT('',(232.,15.,31.));
#926 = SURFACE_CURVE('',#927,(#931,#938),.PCURVE_S1.);
#927 = LINE('',#928,#929);
#928 = CARTESIAN_POINT('',(210.,15.,31.));
#929 = VECTOR('',#930,1.);
#930 = DIRECTION('',(1.,0.,-0.));
#931 = PCURVE('',#100,#932);
#932 = DEFINITIONAL_REPRESENTATION('',(#933),#937);
#933 = LINE('',#934,#935);
#934 = CARTESIAN_POINT('',(31.,154.));
#935 = VECTOR('',#936,1.);
#936 = DIRECTION('',(0.,1.));
#937 = ( GEOMETRIC_REPRESENTATION_CONTEXT(2) 
PARAMETRIC_REPRESENTATION_CONTEXT() REPRESENTATION_CONTEXT('2D SPACE',''
  ) );
#938 = PCURVE('',#424,#939);
#939 = DEFINITIONAL_REPRESENTATION('',(#940),#944);
#940 = LINE('',#941,#942);
#941 = CARTESIAN_POINT('',(0.,30.));
#942 = VECTOR('',#943,1.);
#943 = DIRECTION('',(1.,0.));
#944 = ( GEOMETRIC_REPRESENTATION_CONTEXT(2) 
PARAMETRIC_REPRESENTATION_CONTEXT() REPRESENTATION_CONTEXT('2D SPACE',''
  ) );
#945 = ORIENTED_EDGE('',*,*,#946,.F.);
#946 = EDGE_CURVE('',#947,#924,#949,.T.);
#947 = VERTEX_POINT('',#948);
#948 = CARTESIAN_POINT('',(232.,15.,30.));
#949 = SURFACE_CURVE('',#950,(#954,#961),.PCURVE_S1.);
#950 = LINE('',#951,#952);
#951 = CARTESIAN_POINT('',(232.,15.,-1.));
#952 = VECTOR('',#953,1.);
#953 = DIRECTION('',(0.,0.,1.));
#954 = PCURVE('',#100,#955);
#955 = DEFINITIONAL_REPRESENTATION('',(#956),#960);
#956 = LINE('',#957,#958);
#957 = CARTESIAN_POINT('',(-1.,176.));
#958 = VECTOR('',#959,1.);
#959 = DIRECTION('',(1.,0.));
#960 = ( GEOMETRIC_REPRESENTATION_CONTEXT(2) 
PARAMETRIC_REPRESENTATION_CONTEXT() REPRESENTATION_CONTEXT('2D SPACE',''
  ) );
#961 = PCURVE('',#452,#962);
#962 = DEFINITIONAL_REPRESENTATION('',(#963),#967);
#963 = LINE('',#964,#965);
#964 = CARTESIAN_POINT('',(0.,-30.));
#965 = VECTOR('',#966,1.);
#966 = DIRECTION('',(1.,0.));
#967 = ( GEOMETRIC_REPRESENTATION_CONTEXT(2) 
PARAMETRIC_REPRESENTATION_CONTEXT() REPRESENTATION_CONTEXT('2D SPACE',''
  ) );
#968 = ORIENTED_EDGE('',*,*,#969,.T.);
#969 = EDGE_CURVE('',#947,#970,#972,.T.);
#970 = VERTEX_POINT('',#971);
#971 = CARTESIAN_POINT('',(252.11251702299,15.,30.));
#972 = SURFACE_CURVE('',#973,(#977,#984),.PCURVE_S1.);
#973 = LINE('',#974,#975);
#974 = CARTESIAN_POINT('',(56.,15.,30.));
#975 = VECTOR('',#976,1.);
#976 = DIRECTION('',(1.,0.,-0.));
#977 = PCURVE('',#100,#978);
#978 = DEFINITIONAL_REPRESENTATION('',(#979),#983);
#979 = LINE('',#980,#981);
#980 = CARTESIAN_POINT('',(30.,0.));
#981 = VECTOR('',#982,1.);
#982 = DIRECTION('',(0.,1.));
#983 = ( GEOMETRIC_REPRESENTATION_CONTEXT(2) 
PARAMETRIC_REPRESENTATION_CONTEXT() REPRESENTATION_CONTEXT('2D SPACE',''
  ) );
#984 = PCURVE('',#480,#985);
#985 = DEFINITIONAL_REPRESENTATION('',(#986),#990);
#986 = LINE('',#987,#988);
#987 = CARTESIAN_POINT('',(0.,30.));
#988 = VECTOR('',#989,1.);
#989 = DIRECTION('',(1.,0.));
#990 = ( GEOMETRIC_REPRESENTATION_CONTEXT(2) 
PARAMETRIC_REPRESENTATION_CONTEXT() REPRESENTATION_CONTEXT('2D SPACE',''
  ) );
#991 = ORIENTED_EDGE('',*,*,#992,.T.);
#992 = EDGE_CURVE('',#970,#993,#995,.T.);
#993 = VERTEX_POINT('',#994);
#994 = CARTESIAN_POINT('',(252.11251702299,15.,56.));
#995 = SURFACE_CURVE('',#996,(#1000,#1007),.PCURVE_S1.);
#996 = LINE('',#997,#998);
#997 = CARTESIAN_POINT('',(252.11251702299,15.,0.));
#998 = VECTOR('',#999,1.);
#999 = DIRECTION('',(0.,0.,1.));
#1000 = PCURVE('',#100,#1001);
#1001 = DEFINITIONAL_REPRESENTATION('',(#1002),#1006);
#1002 = LINE('',#1003,#1004);
#1003 = CARTESIAN_POINT('',(0.,196.11251702299));
#1004 = VECTOR('',#1005,1.);
#1005 = DIRECTION('',(1.,0.));
#1006 = ( GEOMETRIC_REPRESENTATION_CONTEXT(2) 
PARAMETRIC_REPRESENTATION_CONTEXT() REPRESENTATION_CONTEXT('2D SPACE',''
  ) );
#1007 = PCURVE('',#508,#1008);
#1008 = DEFINITIONAL_REPRESENTATION('',(#1009),#1013);
#1009 = LINE('',#1010,#1011);
#1010 = CARTESIAN_POINT('',(0.,-30.));
#1011 = VECTOR('',#1012,1.);
#1012 = DIRECTION('',(1.,0.));
#1013 = ( GEOMETRIC_REPRESENTATION_CONTEXT(2) 
PARAMETRIC_REPRESENTATION_CONTEXT() REPRESENTATION_CONTEXT('2D SPACE',''
  ) );
#1014 = ORIENTED_EDGE('',*,*,#1015,.T.);
#1015 = EDGE_CURVE('',#993,#1016,#1018,.T.);
#1016 = VERTEX_POINT('',#1017);
#1017 = CARTESIAN_POINT('',(344.4,15.,56.));
#1018 = SURFACE_CURVE('',#1019,(#1023,#1030),.PCURVE_S1.);
#1019 = LINE('',#1020,#1021);
#1020 = CARTESIAN_POINT('',(252.11251702299,15.,56.));
#1021 = VECTOR('',#1022,1.);
#1022 = DIRECTION('',(1.,0.,-0.));
#1023 = PCURVE('',#100,#1024);
#1024 = DEFINITIONAL_REPRESENTATION('',(#1025),#1029);
#1025 = LINE('',#1026,#1027);
#1026 = CARTESIAN_POINT('',(56.,196.11251702299));
#1027 = VECTOR('',#1028,1.);
#1028 = DIRECTION('',(0.,1.));
#1029 = ( GEOMETRIC_REPRESENTATION_CONTEXT(2) 
PARAMETRIC_REPRESENTATION_CONTEXT() REPRESENTATION_CONTEXT('2D SPACE',''
  ) );
#1030 = PCURVE('',#536,#1031);
#1031 = DEFINITIONAL_REPRESENTATION('',(#1032),#1036);
#1032 = LINE('',#1033,#1034);
#1033 = CARTESIAN_POINT('',(0.,30.));
#1034 = VECTOR('',#1035,1.);
#1035 = DIRECTION('',(1.,0.));
#1036 = ( GEOMETRIC_REPRESENTATION_CONTEXT(2) 
PARAMETRIC_REPRESENTATION_CONTEXT() REPRESENTATION_CONTEXT('2D SPACE',''
  ) );
#1037 = ORIENTED_EDGE('',*,*,#1038,.T.);
#1038 = EDGE_CURVE('',#1016,#1039,#1041,.T.);
#1039 = VERTEX_POINT('',#1040);
#1040 = CARTESIAN_POINT('',(344.4,15.,0.));
#1041 = SURFACE_CURVE('',#1042,(#1046,#1053),.PCURVE_S1.);
#1042 = LINE('',#1043,#1044);
#1043 = CARTESIAN_POINT('',(344.4,15.,56.));
#1044 = VECTOR('',#1045,1.);
#1045 = DIRECTION('',(0.,0.,-1.));
#1046 = PCURVE('',#100,#1047);
#1047 = DEFINITIONAL_REPRESENTATION('',(#1048),#1052);
#1048 = LINE('',#1049,#1050);
#1049 = CARTESIAN_POINT('',(56.,288.4));
#1050 = VECTOR('',#1051,1.);
#1051 = DIRECTION('',(-1.,0.));
#1052 = ( GEOMETRIC_REPRESENTATION_CONTEXT(2) 
PARAMETRIC_REPRESENTATION_CONTEXT() REPRESENTATION_CONTEXT('2D SPACE',''
  ) );
#1053 = PCURVE('',#564,#1054);
#1054 = DEFINITIONAL_REPRESENTATION('',(#1055),#1059);
#1055 = LINE('',#1056,#1057);
#1056 = CARTESIAN_POINT('',(56.,-30.));
#1057 = VECTOR('',#1058,1.);
#1058 = DIRECTION('',(-1.,0.));
#1059 = ( GEOMETRIC_REPRESENTATION_CONTEXT(2) 
PARAMETRIC_REPRESENTATION_CONTEXT() REPRESENTATION_CONTEXT('2D SPACE',''
  ) );
#1060 = ORIENTED_EDGE('',*,*,#1061,.F.);
#1061 = EDGE_CURVE('',#1062,#1039,#1064,.T.);
#1062 = VERTEX_POINT('',#1063);
#1063 = CARTESIAN_POINT('',(232.,15.,0.));
#1064 = SURFACE_CURVE('',#1065,(#1069,#1076),.PCURVE_S1.);
#1065 = LINE('',#1066,#1067);
#1066 = CARTESIAN_POINT('',(56.,15.,0.));
#1067 = VECTOR('',#1068,1.);
#1068 = DIRECTION('',(1.,0.,0.));
#1069 = PCURVE('',#100,#1070);
#1070 = DEFINITIONAL_REPRESENTATION('',(#1071),#1075);
#1071 = LINE('',#1072,#1073);
#1072 = CARTESIAN_POINT('',(0.,0.));
#1073 = VECTOR('',#1074,1.);
#1074 = DIRECTION('',(0.,1.));
#1075 = ( GEOMETRIC_REPRESENTATION_CONTEXT(2) 
PARAMETRIC_REPRESENTATION_CONTEXT() REPRESENTATION_CONTEXT('2D SPACE',''
  ) );
#1076 = PCURVE('',#592,#1077);
#1077 = DEFINITIONAL_REPRESENTATION('',(#1078),#1082);
#1078 = LINE('',#1079,#1080);
#1079 = CARTESIAN_POINT('',(0.,30.));
#1080 = VECTOR('',#1081,1.);
#1081 = DIRECTION('',(1.,0.));
#1082 = ( GEOMETRIC_REPRESENTATION_CONTEXT(2) 
PARAMETRIC_REPRESENTATION_CONTEXT() REPRESENTATION_CONTEXT('2D SPACE',''
  ) );
#1083 = ORIENTED_EDGE('',*,*,#1084,.F.);
#1084 = EDGE_CURVE('',#1085,#1062,#1087,.T.);
#1085 = VERTEX_POINT('',#1086);
#1086 = CARTESIAN_POINT('',(232.,15.,-1.));
#1087 = SURFACE_CURVE('',#1088,(#1092,#1099),.PCURVE_S1.);
#1088 = LINE('',#1089,#1090);
#1089 = CARTESIAN_POINT('',(232.,15.,-1.));
#1090 = VECTOR('',#1091,1.);
#1091 = DIRECTION('',(0.,0.,1.));
#1092 = PCURVE('',#100,#1093);
#1093 = DEFINITIONAL_REPRESENTATION('',(#1094),#1098);
#1094 = LINE('',#1095,#1096);
#1095 = CARTESIAN_POINT('',(-1.,176.));
#1096 = VECTOR('',#1097,1.);
#1097 = DIRECTION('',(1.,0.));
#1098 = ( GEOMETRIC_REPRESENTATION_CONTEXT(2) 
PARAMETRIC_REPRESENTATION_CONTEXT() REPRESENTATION_CONTEXT('2D SPACE',''
  ) );
#1099 = PCURVE('',#620,#1100);
#1100 = DEFINITIONAL_REPRESENTATION('',(#1101),#1105);
#1101 = LINE('',#1102,#1103);
#1102 = CARTESIAN_POINT('',(0.,-30.));
#1103 = VECTOR('',#1104,1.);
#1104 = DIRECTION('',(1.,0.));
#1105 = ( GEOMETRIC_REPRESENTATION_CONTEXT(2) 
PARAMETRIC_REPRESENTATION_CONTEXT() REPRESENTATION_CONTEXT('2D SPACE',''
  ) );
#1106 = ORIENTED_EDGE('',*,*,#1107,.F.);
#1107 = EDGE_CURVE('',#1108,#1085,#1110,.T.);
#1108 = VERTEX_POINT('',#1109);
#1109 = CARTESIAN_POINT('',(210.,15.,-1.));
#1110 = SURFACE_CURVE('',#1111,(#1115,#1122),.PCURVE_S1.);
#1111 = LINE('',#1112,#1113);
#1112 = CARTESIAN_POINT('',(210.,15.,-1.));
#1113 = VECTOR('',#1114,1.);
#1114 = DIRECTION('',(1.,0.,-0.));
#1115 = PCURVE('',#100,#1116);
#1116 = DEFINITIONAL_REPRESENTATION('',(#1117),#1121);
#1117 = LINE('',#1118,#1119);
#1118 = CARTESIAN_POINT('',(-1.,154.));
#1119 = VECTOR('',#1120,1.);
#1120 = DIRECTION('',(0.,1.));
#1121 = ( GEOMETRIC_REPRESENTATION_CONTEXT(2) 
PARAMETRIC_REPRESENTATION_CONTEXT() REPRESENTATION_CONTEXT('2D SPACE',''
  ) );
#1122 = PCURVE('',#648,#1123);
#1123 = DEFINITIONAL_REPRESENTATION('',(#1124),#1128);
#1124 = LINE('',#1125,#1126);
#1125 = CARTESIAN_POINT('',(0.,30.));
#1126 = VECTOR('',#1127,1.);
#1127 = DIRECTION('',(1.,0.));
#1128 = ( GEOMETRIC_REPRESENTATION_CONTEXT(2) 
PARAMETRIC_REPRESENTATION_CONTEXT() REPRESENTATION_CONTEXT('2D SPACE',''
  ) );
#1129 = ORIENTED_EDGE('',*,*,#1130,.T.);
#1130 = EDGE_CURVE('',#1108,#692,#1131,.T.);
#1131 = SURFACE_CURVE('',#1132,(#1136,#1143),.PCURVE_S1.);
#1132 = LINE('',#1133,#1134);
#1133 = CARTESIAN_POINT('',(210.,15.,-1.));
#1134 = VECTOR('',#1135,1.);
#1135 = DIRECTION('',(0.,0.,1.));
#1136 = PCURVE('',#100,#1137);
#1137 = DEFINITIONAL_REPRESENTATION('',(#1138),#1142);
#1138 = LINE('',#1139,#1140);
#1139 = CARTESIAN_POINT('',(-1.,154.));
#1140 = VECTOR('',#1141,1.);
#1141 = DIRECTION('',(1.,0.));
#1142 = ( GEOMETRIC_REPRESENTATION_CONTEXT(2) 
PARAMETRIC_REPRESENTATION_CONTEXT() REPRESENTATION_CONTEXT('2D SPACE',''
  ) );
#1143 = PCURVE('',#674,#1144);
#1144 = DEFINITIONAL_REPRESENTATION('',(#1145),#1149);
#1145 = LINE('',#1146,#1147);
#1146 = CARTESIAN_POINT('',(0.,-30.));
#1147 = VECTOR('',#1148,1.);
#1148 = DIRECTION('',(1.,0.));
#1149 = ( GEOMETRIC_REPRESENTATION_CONTEXT(2) 
PARAMETRIC_REPRESENTATION_CONTEXT() REPRESENTATION_CONTEXT('2D SPACE',''
  ) );
#1150 = ADVANCED_FACE('',(#1151),#126,.T.);
#1151 = FACE_BOUND('',#1152,.T.);
#1152 = EDGE_LOOP('',(#1153,#1154,#1155,#1176));
#1153 = ORIENTED_EDGE('',*,*,#112,.F.);
#1154 = ORIENTED_EDGE('',*,*,#301,.T.);
#1155 = ORIENTED_EDGE('',*,*,#1156,.T.);
#1156 = EDGE_CURVE('',#302,#832,#1157,.T.);
#1157 = SURFACE_CURVE('',#1158,(#1162,#1169),.PCURVE_S1.);
#1158 = LINE('',#1159,#1160);
#1159 = CARTESIAN_POINT('',(110.,-15.,59.45460394727));
#1160 = VECTOR('',#1161,1.);
#1161 = DIRECTION('',(-0.,1.,0.));
#1162 = PCURVE('',#126,#1163);
#1163 = DEFINITIONAL_REPRESENTATION('',(#1164),#1168);
#1164 = LINE('',#1165,#1166);
#1165 = CARTESIAN_POINT('',(54.,0.));
#1166 = VECTOR('',#1167,1.);
#1167 = DIRECTION('',(0.,1.));
#1168 = ( GEOMETRIC_REPRESENTATION_CONTEXT(2) 
PARAMETRIC_REPRESENTATION_CONTEXT() REPRESENTATION_CONTEXT('2D SPACE',''
  ) );
#1169 = PCURVE('',#340,#1170);
#1170 = DEFINITIONAL_REPRESENTATION('',(#1171),#1175);
#1171 = LINE('',#1172,#1173);
#1172 = CARTESIAN_POINT('',(0.,15.));
#1173 = VECTOR('',#1174,1.);
#1174 = DIRECTION('',(0.,-1.));
#1175 = ( GEOMETRIC_REPRESENTATION_CONTEXT(2) 
PARAMETRIC_REPRESENTATION_CONTEXT() REPRESENTATION_CONTEXT('2D SPACE',''
  ) );
#1176 = ORIENTED_EDGE('',*,*,#831,.F.);
#1177 = ADVANCED_FACE('',(#1178),#159,.T.);
#1178 = FACE_BOUND('',#1179,.T.);
#1179 = EDGE_LOOP('',(#1180,#1203,#1204,#1231,#1256,#1257,#1258));
#1180 = ORIENTED_EDGE('',*,*,#1181,.T.);
#1181 = EDGE_CURVE('',#1182,#141,#1184,.T.);
#1182 = VERTEX_POINT('',#1183);
#1183 = CARTESIAN_POINT('',(2.75335310107E-15,-3.037124061885E-15,1.9));
#1184 = SEAM_CURVE('',#1185,(#1189,#1196),.PCURVE_S1.);
#1185 = LINE('',#1186,#1187);
#1186 = CARTESIAN_POINT('',(2.75335310107E-15,-3.037124061885E-15,1.9));
#1187 = VECTOR('',#1188,1.);
#1188 = DIRECTION('',(1.,0.,2.22044604925E-16));
#1189 = PCURVE('',#159,#1190);
#1190 = DEFINITIONAL_REPRESENTATION('',(#1191),#1195);
#1191 = LINE('',#1192,#1193);
#1192 = CARTESIAN_POINT('',(6.28318530718,-0.));
#1193 = VECTOR('',#1194,1.);
#1194 = DIRECTION('',(0.,1.));
#1195 = ( GEOMETRIC_REPRESENTATION_CONTEXT(2) 
PARAMETRIC_REPRESENTATION_CONTEXT() REPRESENTATION_CONTEXT('2D SPACE',''
  ) );
#1196 = PCURVE('',#159,#1197);
#1197 = DEFINITIONAL_REPRESENTATION('',(#1198),#1202);
#1198 = LINE('',#1199,#1200);
#1199 = CARTESIAN_POINT('',(0.,-0.));
#1200 = VECTOR('',#1201,1.);
#1201 = DIRECTION('',(0.,1.));
#1202 = ( GEOMETRIC_REPRESENTATION_CONTEXT(2) 
PARAMETRIC_REPRESENTATION_CONTEXT() REPRESENTATION_CONTEXT('2D SPACE',''
  ) );
#1203 = ORIENTED_EDGE('',*,*,#171,.F.);
#1204 = ORIENTED_EDGE('',*,*,#1205,.F.);
#1205 = EDGE_CURVE('',#1206,#172,#1208,.T.);
#1206 = VERTEX_POINT('',#1207);
#1207 = CARTESIAN_POINT('',(54.575021663794,0.,26.7));
#1208 = SURFACE_CURVE('',#1209,(#1214,#1224),.PCURVE_S1.);
#1209 = ELLIPSE('',#1210,39.212242986088,12.4);
#1210 = AXIS2_PLACEMENT_3D('',#1211,#1212,#1213);
#1211 = CARTESIAN_POINT('',(54.575021663794,0.,14.3));
#1212 = DIRECTION('',(0.316227766017,0.948683298051,0.));
#1213 = DIRECTION('',(0.948683298051,-0.316227766017,2.340555645718E-16)
  );
#1214 = PCURVE('',#159,#1215);
#1215 = DEFINITIONAL_REPRESENTATION('',(#1216),#1223);
#1216 = B_SPLINE_CURVE_WITH_KNOTS('',5,(#1217,#1218,#1219,#1220,#1221,
    #1222),.UNSPECIFIED.,.F.,.F.,(6,6),(4.700755670944,4.750704239923),
  .PIECEWISE_BEZIER_KNOTS.);
#1217 = CARTESIAN_POINT('',(3.129959344149,54.142272313708));
#1218 = CARTESIAN_POINT('',(3.139949057945,54.513864520981));
#1219 = CARTESIAN_POINT('',(3.149938771741,54.885510710696));
#1220 = CARTESIAN_POINT('',(3.159928485536,55.257133626989));
#1221 = CARTESIAN_POINT('',(3.169918199332,55.628655991552));
#1222 = CARTESIAN_POINT('',(3.179907913128,56.0000006));
#1223 = ( GEOMETRIC_REPRESENTATION_CONTEXT(2) 
PARAMETRIC_REPRESENTATION_CONTEXT() REPRESENTATION_CONTEXT('2D SPACE',''
  ) );
#1224 = PCURVE('',#211,#1225);
#1225 = DEFINITIONAL_REPRESENTATION('',(#1226),#1230);
#1226 = ELLIPSE('',#1227,39.212242986088,12.4);
#1227 = AXIS2_PLACEMENT_2D('',#1228,#1229);
#1228 = CARTESIAN_POINT('',(-6.740800259667E-15,-11.));
#1229 = DIRECTION('',(1.,-2.340555645718E-16));
#1230 = ( GEOMETRIC_REPRESENTATION_CONTEXT(2) 
PARAMETRIC_REPRESENTATION_CONTEXT() REPRESENTATION_CONTEXT('2D SPACE',''
  ) );
#1231 = ORIENTED_EDGE('',*,*,#1232,.F.);
#1232 = EDGE_CURVE('',#143,#1206,#1233,.T.);
#1233 = SURFACE_CURVE('',#1234,(#1239,#1249),.PCURVE_S1.);
#1234 = ELLIPSE('',#1235,39.212242986088,12.4);
#1235 = AXIS2_PLACEMENT_3D('',#1236,#1237,#1238);
#1236 = CARTESIAN_POINT('',(54.575021663794,0.,14.3));
#1237 = DIRECTION('',(0.316227766017,-0.948683298051,0.));
#1238 = DIRECTION('',(0.948683298051,0.316227766017,2.340555645718E-16)
  );
#1239 = PCURVE('',#159,#1240);
#1240 = DEFINITIONAL_REPRESENTATION('',(#1241),#1248);
#1241 = B_SPLINE_CURVE_WITH_KNOTS('',5,(#1242,#1243,#1244,#1245,#1246,
    #1247),.UNSPECIFIED.,.F.,.F.,(6,6),(1.532481067257,1.582429636235),
  .PIECEWISE_BEZIER_KNOTS.);
#1242 = CARTESIAN_POINT('',(3.103277394052,56.0000006));
#1243 = CARTESIAN_POINT('',(3.113267107847,55.628655991552));
#1244 = CARTESIAN_POINT('',(3.123256821643,55.257133626989));
#1245 = CARTESIAN_POINT('',(3.133246535439,54.885510710696));
#1246 = CARTESIAN_POINT('',(3.143236249234,54.513864520981));
#1247 = CARTESIAN_POINT('',(3.15322596303,54.142272313708));
#1248 = ( GEOMETRIC_REPRESENTATION_CONTEXT(2) 
PARAMETRIC_REPRESENTATION_CONTEXT() REPRESENTATION_CONTEXT('2D SPACE',''
  ) );
#1249 = PCURVE('',#263,#1250);
#1250 = DEFINITIONAL_REPRESENTATION('',(#1251),#1255);
#1251 = ELLIPSE('',#1252,39.212242986088,12.4);
#1252 = AXIS2_PLACEMENT_2D('',#1253,#1254);
#1253 = CARTESIAN_POINT('',(4.5615786741,-11.));
#1254 = DIRECTION('',(-1.,-2.340555645718E-16));
#1255 = ( GEOMETRIC_REPRESENTATION_CONTEXT(2) 
PARAMETRIC_REPRESENTATION_CONTEXT() REPRESENTATION_CONTEXT('2D SPACE',''
  ) );
#1256 = ORIENTED_EDGE('',*,*,#140,.F.);
#1257 = ORIENTED_EDGE('',*,*,#1181,.F.);
#1258 = ORIENTED_EDGE('',*,*,#1259,.T.);
#1259 = EDGE_CURVE('',#1182,#1182,#1260,.T.);
#1260 = SURFACE_CURVE('',#1261,(#1266,#1273),.PCURVE_S1.);
#1261 = CIRCLE('',#1262,12.4);
#1262 = AXIS2_PLACEMENT_3D('',#1263,#1264,#1265);
#1263 = CARTESIAN_POINT('',(0.,0.,14.3));
#1264 = DIRECTION('',(1.,-0.,2.22044604925E-16));
#1265 = DIRECTION('',(2.22044604925E-16,0.,-1.));
#1266 = PCURVE('',#159,#1267);
#1267 = DEFINITIONAL_REPRESENTATION('',(#1268),#1272);
#1268 = LINE('',#1269,#1270);
#1269 = CARTESIAN_POINT('',(0.,0.));
#1270 = VECTOR('',#1271,1.);
#1271 = DIRECTION('',(1.,0.));
#1272 = ( GEOMETRIC_REPRESENTATION_CONTEXT(2) 
PARAMETRIC_REPRESENTATION_CONTEXT() REPRESENTATION_CONTEXT('2D SPACE',''
  ) );
#1273 = PCURVE('',#1274,#1279);
#1274 = PLANE('',#1275);
#1275 = AXIS2_PLACEMENT_3D('',#1276,#1277,#1278);
#1276 = CARTESIAN_POINT('',(0.,0.,14.3));
#1277 = DIRECTION('',(1.,0.,2.22044604925E-16));
#1278 = DIRECTION('',(2.22044604925E-16,0.,-1.));
#1279 = DEFINITIONAL_REPRESENTATION('',(#1280),#1284);
#1280 = CIRCLE('',#1281,12.4);
#1281 = AXIS2_PLACEMENT_2D('',#1282,#1283);
#1282 = CARTESIAN_POINT('',(0.,0.));
#1283 = DIRECTION('',(1.,0.));
#1284 = ( GEOMETRIC_REPRESENTATION_CONTEXT(2) 
PARAMETRIC_REPRESENTATION_CONTEXT() REPRESENTATION_CONTEXT('2D SPACE',''
  ) );
#1285 = ADVANCED_FACE('',(#1286),#211,.T.);
#1286 = FACE_BOUND('',#1287,.T.);
#1287 = EDGE_LOOP('',(#1288,#1322,#1343,#1344,#1345,#1366,#1392,#1424));
#1288 = ORIENTED_EDGE('',*,*,#1289,.F.);
#1289 = EDGE_CURVE('',#1290,#1292,#1294,.T.);
#1290 = VERTEX_POINT('',#1291);
#1291 = CARTESIAN_POINT('',(54.575021663794,0.,25.3));
#1292 = VERTEX_POINT('',#1293);
#1293 = CARTESIAN_POINT('',(58.902515164656,-1.442497833621,
    25.205008023839));
#1294 = SURFACE_CURVE('',#1295,(#1300,#1307),.PCURVE_S1.);
#1295 = ELLIPSE('',#1296,34.785054261852,11.);
#1296 = AXIS2_PLACEMENT_3D('',#1297,#1298,#1299);
#1297 = CARTESIAN_POINT('',(54.575021663794,0.,14.3));
#1298 = DIRECTION('',(0.316227766017,0.948683298051,0.));
#1299 = DIRECTION('',(0.948683298051,-0.316227766017,2.340555645718E-16)
  );
#1300 = PCURVE('',#211,#1301);
#1301 = DEFINITIONAL_REPRESENTATION('',(#1302),#1306);
#1302 = ELLIPSE('',#1303,34.785054261852,11.);
#1303 = AXIS2_PLACEMENT_2D('',#1304,#1305);
#1304 = CARTESIAN_POINT('',(-6.740800259667E-15,-11.));
#1305 = DIRECTION('',(1.,-2.340555645718E-16));
#1306 = ( GEOMETRIC_REPRESENTATION_CONTEXT(2) 
PARAMETRIC_REPRESENTATION_CONTEXT() REPRESENTATION_CONTEXT('2D SPACE',''
  ) );
#1307 = PCURVE('',#1308,#1313);
#1308 = CYLINDRICAL_SURFACE('',#1309,11.);
#1309 = AXIS2_PLACEMENT_3D('',#1310,#1311,#1312);
#1310 = CARTESIAN_POINT('',(0.,0.,14.3));
#1311 = DIRECTION('',(1.,0.,2.22044604925E-16));
#1312 = DIRECTION('',(2.22044604925E-16,0.,-1.));
#1313 = DEFINITIONAL_REPRESENTATION('',(#1314),#1321);
#1314 = B_SPLINE_CURVE_WITH_KNOTS('',5,(#1315,#1316,#1317,#1318,#1319,
    #1320),.UNSPECIFIED.,.F.,.F.,(6,6),(4.699274987835,4.857143765065),
  .PIECEWISE_BEZIER_KNOTS.);
#1315 = CARTESIAN_POINT('',(3.12847866104,54.142272313708));
#1316 = CARTESIAN_POINT('',(3.160052416486,55.184116650481));
#1317 = CARTESIAN_POINT('',(3.191626171932,56.226500249022));
#1318 = CARTESIAN_POINT('',(3.223199927378,57.267259319101));
#1319 = CARTESIAN_POINT('',(3.254773682824,58.304227851202));
#1320 = CARTESIAN_POINT('',(3.28634743827,59.335264514742));
#1321 = ( GEOMETRIC_REPRESENTATION_CONTEXT(2) 
PARAMETRIC_REPRESENTATION_CONTEXT() REPRESENTATION_CONTEXT('2D SPACE',''
  ) );
#1322 = ORIENTED_EDGE('',*,*,#1323,.T.);
#1323 = EDGE_CURVE('',#1290,#1206,#1324,.T.);
#1324 = SURFACE_CURVE('',#1325,(#1329,#1336),.PCURVE_S1.);
#1325 = LINE('',#1326,#1327);
#1326 = CARTESIAN_POINT('',(54.575021663794,0.,3.3));
#1327 = VECTOR('',#1328,1.);
#1328 = DIRECTION('',(0.,0.,1.));
#1329 = PCURVE('',#211,#1330);
#1330 = DEFINITIONAL_REPRESENTATION('',(#1331),#1335);
#1331 = LINE('',#1332,#1333);
#1332 = CARTESIAN_POINT('',(0.,0.));
#1333 = VECTOR('',#1334,1.);
#1334 = DIRECTION('',(0.,-1.));
#1335 = ( GEOMETRIC_REPRESENTATION_CONTEXT(2) 
PARAMETRIC_REPRESENTATION_CONTEXT() REPRESENTATION_CONTEXT('2D SPACE',''
  ) );
#1336 = PCURVE('',#263,#1337);
#1337 = DEFINITIONAL_REPRESENTATION('',(#1338),#1342);
#1338 = LINE('',#1339,#1340);
#1339 = CARTESIAN_POINT('',(4.5615786741,0.));
#1340 = VECTOR('',#1341,1.);
#1341 = DIRECTION('',(0.,-1.));
#1342 = ( GEOMETRIC_REPRESENTATION_CONTEXT(2) 
PARAMETRIC_REPRESENTATION_CONTEXT() REPRESENTATION_CONTEXT('2D SPACE',''
  ) );
#1343 = ORIENTED_EDGE('',*,*,#1205,.T.);
#1344 = ORIENTED_EDGE('',*,*,#195,.T.);
#1345 = ORIENTED_EDGE('',*,*,#1346,.T.);
#1346 = EDGE_CURVE('',#196,#1347,#1349,.T.);
#1347 = VERTEX_POINT('',#1348);
#1348 = CARTESIAN_POINT('',(58.,-1.141659445402,38.347302319478));
#1349 = SURFACE_CURVE('',#1350,(#1354,#1360),.PCURVE_S1.);
#1350 = LINE('',#1351,#1352);
#1351 = CARTESIAN_POINT('',(260.06121744093,-68.49539859238,
    240.40851976041));
#1352 = VECTOR('',#1353,1.);
#1353 = DIRECTION('',(0.688247201612,-0.229415733871,0.688247201612));
#1354 = PCURVE('',#211,#1355);
#1355 = DEFINITIONAL_REPRESENTATION('',(#1356),#1359);
#1356 = B_SPLINE_CURVE_WITH_KNOTS('',1,(#1357,#1358),.UNSPECIFIED.,.F.,
  .F.,(2,2),(-296.4940750403,-292.2768182786),.PIECEWISE_BEZIER_KNOTS.);
#1357 = CARTESIAN_POINT('',(1.502059052936,-33.04730231947));
#1358 = CARTESIAN_POINT('',(4.5615786741,-35.94981748413));
#1359 = ( GEOMETRIC_REPRESENTATION_CONTEXT(2) 
PARAMETRIC_REPRESENTATION_CONTEXT() REPRESENTATION_CONTEXT('2D SPACE',''
  ) );
#1360 = PCURVE('',#238,#1361);
#1361 = DEFINITIONAL_REPRESENTATION('',(#1362),#1365);
#1362 = B_SPLINE_CURVE_WITH_KNOTS('',1,(#1363,#1364),.UNSPECIFIED.,.F.,
  .F.,(2,2),(-296.4940750403,-292.2768182786),.PIECEWISE_BEZIER_KNOTS.);
#1363 = CARTESIAN_POINT('',(515.98577628534,-499.5250072212));
#1364 = CARTESIAN_POINT('',(511.88099997449,-498.5575021663));
#1365 = ( GEOMETRIC_REPRESENTATION_CONTEXT(2) 
PARAMETRIC_REPRESENTATION_CONTEXT() REPRESENTATION_CONTEXT('2D SPACE',''
  ) );
#1366 = ORIENTED_EDGE('',*,*,#1367,.T.);
#1367 = EDGE_CURVE('',#1347,#1368,#1370,.T.);
#1368 = VERTEX_POINT('',#1369);
#1369 = CARTESIAN_POINT('',(58.,-1.141659445402,35.014009186896));
#1370 = SURFACE_CURVE('',#1371,(#1375,#1381),.PCURVE_S1.);
#1371 = LINE('',#1372,#1373);
#1372 = CARTESIAN_POINT('',(58.,-1.141659445402,24.627301973635));
#1373 = VECTOR('',#1374,1.);
#1374 = DIRECTION('',(2.22044604925E-16,-7.401486830834E-17,-1.));
#1375 = PCURVE('',#211,#1376);
#1376 = DEFINITIONAL_REPRESENTATION('',(#1377),#1380);
#1377 = B_SPLINE_CURVE_WITH_KNOTS('',1,(#1378,#1379),.UNSPECIFIED.,.F.,
  .F.,(2,2),(-32.32730197363,-10.32730197363),.PIECEWISE_BEZIER_KNOTS.);
#1378 = CARTESIAN_POINT('',(3.610244159715,-53.65460394727));
#1379 = CARTESIAN_POINT('',(3.610244159715,-31.65460394727));
#1380 = ( GEOMETRIC_REPRESENTATION_CONTEXT(2) 
PARAMETRIC_REPRESENTATION_CONTEXT() REPRESENTATION_CONTEXT('2D SPACE',''
  ) );
#1381 = PCURVE('',#1382,#1387);
#1382 = PLANE('',#1383);
#1383 = AXIS2_PLACEMENT_3D('',#1384,#1385,#1386);
#1384 = CARTESIAN_POINT('',(58.,0.,45.95460394727));
#1385 = DIRECTION('',(1.,0.,2.22044604925E-16));
#1386 = DIRECTION('',(2.22044604925E-16,0.,-1.));
#1387 = DEFINITIONAL_REPRESENTATION('',(#1388),#1391);
#1388 = B_SPLINE_CURVE_WITH_KNOTS('',1,(#1389,#1390),.UNSPECIFIED.,.F.,
  .F.,(2,2),(-32.32730197363,-10.32730197363),.PIECEWISE_BEZIER_KNOTS.);
#1389 = CARTESIAN_POINT('',(-11.,-1.141659445402));
#1390 = CARTESIAN_POINT('',(11.,-1.141659445402));
#1391 = ( GEOMETRIC_REPRESENTATION_CONTEXT(2) 
PARAMETRIC_REPRESENTATION_CONTEXT() REPRESENTATION_CONTEXT('2D SPACE',''
  ) );
#1392 = ORIENTED_EDGE('',*,*,#1393,.F.);
#1393 = EDGE_CURVE('',#1394,#1368,#1396,.T.);
#1394 = VERTEX_POINT('',#1395);
#1395 = CARTESIAN_POINT('',(58.902515164656,-1.442497833621,
    35.049595923431));
#1396 = SURFACE_CURVE('',#1397,(#1402,#1409),.PCURVE_S1.);
#1397 = ELLIPSE('',#1398,34.785054261852,11.);
#1398 = AXIS2_PLACEMENT_3D('',#1399,#1400,#1401);
#1399 = CARTESIAN_POINT('',(54.575021663794,0.,45.95460394727));
#1400 = DIRECTION('',(0.316227766017,0.948683298051,0.));
#1401 = DIRECTION('',(0.948683298051,-0.316227766017,2.340555645718E-16)
  );
#1402 = PCURVE('',#211,#1403);
#1403 = DEFINITIONAL_REPRESENTATION('',(#1404),#1408);
#1404 = ELLIPSE('',#1405,34.785054261852,11.);
#1405 = AXIS2_PLACEMENT_2D('',#1406,#1407);
#1406 = CARTESIAN_POINT('',(-6.740800259667E-15,-42.65460394727));
#1407 = DIRECTION('',(1.,-2.340555645718E-16));
#1408 = ( GEOMETRIC_REPRESENTATION_CONTEXT(2) 
PARAMETRIC_REPRESENTATION_CONTEXT() REPRESENTATION_CONTEXT('2D SPACE',''
  ) );
#1409 = PCURVE('',#1410,#1415);
#1410 = CYLINDRICAL_SURFACE('',#1411,11.);
#1411 = AXIS2_PLACEMENT_3D('',#1412,#1413,#1414);
#1412 = CARTESIAN_POINT('',(58.,0.,45.95460394727));
#1413 = DIRECTION('',(1.,0.,2.22044604925E-16));
#1414 = DIRECTION('',(2.22044604925E-16,0.,-1.));
#1415 = DEFINITIONAL_REPRESENTATION('',(#1416),#1423);
#1416 = B_SPLINE_CURVE_WITH_KNOTS('',5,(#1417,#1418,#1419,#1420,#1421,
    #1422),.UNSPECIFIED.,.F.,.F.,(6,6),(1.426041542114,1.466821884755),
  .PIECEWISE_BEZIER_KNOTS.);
#1417 = CARTESIAN_POINT('',(6.138430522499,1.335264514742));
#1418 = CARTESIAN_POINT('',(6.146586591027,1.068929213033));
#1419 = CARTESIAN_POINT('',(6.154742659555,0.802198088481));
#1420 = CARTESIAN_POINT('',(6.162898728083,0.535108051522));
#1421 = CARTESIAN_POINT('',(6.171054796611,0.267696122322));
#1422 = CARTESIAN_POINT('',(6.179210865139,-5.999999928008E-07));
#1423 = ( GEOMETRIC_REPRESENTATION_CONTEXT(2) 
PARAMETRIC_REPRESENTATION_CONTEXT() REPRESENTATION_CONTEXT('2D SPACE',''
  ) );
#1424 = ORIENTED_EDGE('',*,*,#1425,.F.);
#1425 = EDGE_CURVE('',#1292,#1394,#1426,.T.);
#1426 = SURFACE_CURVE('',#1427,(#1431,#1438),.PCURVE_S1.);
#1427 = LINE('',#1428,#1429);
#1428 = CARTESIAN_POINT('',(58.902515164656,-1.442497833621,3.3));
#1429 = VECTOR('',#1430,1.);
#1430 = DIRECTION('',(0.,0.,1.));
#1431 = PCURVE('',#211,#1432);
#1432 = DEFINITIONAL_REPRESENTATION('',(#1433),#1437);
#1433 = LINE('',#1434,#1435);
#1434 = CARTESIAN_POINT('',(4.5615786741,0.));
#1435 = VECTOR('',#1436,1.);
#1436 = DIRECTION('',(0.,-1.));
#1437 = ( GEOMETRIC_REPRESENTATION_CONTEXT(2) 
PARAMETRIC_REPRESENTATION_CONTEXT() REPRESENTATION_CONTEXT('2D SPACE',''
  ) );
#1438 = PCURVE('',#1439,#1444);
#1439 = CYLINDRICAL_SURFACE('',#1440,10.2);
#1440 = AXIS2_PLACEMENT_3D('',#1441,#1442,#1443);
#1441 = CARTESIAN_POINT('',(69.,0.,3.3));
#1442 = DIRECTION('',(-0.,-0.,-1.));
#1443 = DIRECTION('',(-0.989949493661,-0.141421356237,0.));
#1444 = DEFINITIONAL_REPRESENTATION('',(#1445),#1449);
#1445 = LINE('',#1446,#1447);
#1446 = CARTESIAN_POINT('',(-0.,0.));
#1447 = VECTOR('',#1448,1.);
#1448 = DIRECTION('',(-0.,-1.));
#1449 = ( GEOMETRIC_REPRESENTATION_CONTEXT(2) 
PARAMETRIC_REPRESENTATION_CONTEXT() REPRESENTATION_CONTEXT('2D SPACE',''
  ) );
#1450 = ADVANCED_FACE('',(#1451),#238,.F.);
#1451 = FACE_BOUND('',#1452,.F.);
#1452 = EDGE_LOOP('',(#1453,#1454,#1455,#1476,#1527,#1561,#1589,#1623,
    #1674,#1700));
#1453 = ORIENTED_EDGE('',*,*,#222,.F.);
#1454 = ORIENTED_EDGE('',*,*,#1346,.T.);
#1455 = ORIENTED_EDGE('',*,*,#1456,.T.);
#1456 = EDGE_CURVE('',#1347,#1457,#1459,.T.);
#1457 = VERTEX_POINT('',#1458);
#1458 = CARTESIAN_POINT('',(58.,-7.945373618893,38.347302319478));
#1459 = SURFACE_CURVE('',#1460,(#1464,#1470),.PCURVE_S1.);
#1460 = LINE('',#1461,#1462);
#1461 = CARTESIAN_POINT('',(58.,-250.,38.347302319478));
#1462 = VECTOR('',#1463,1.);
#1463 = DIRECTION('',(0.,-1.,0.));
#1464 = PCURVE('',#238,#1465);
#1465 = DEFINITIONAL_REPRESENTATION('',(#1466),#1469);
#1466 = B_SPLINE_CURVE_WITH_KNOTS('',1,(#1467,#1468),.UNSPECIFIED.,.F.,
  .F.,(2,2),(-248.8583405545,-239.),.PIECEWISE_BEZIER_KNOTS.);
#1467 = CARTESIAN_POINT('',(513.15734916059,-498.8583405545));
#1468 = CARTESIAN_POINT('',(513.15734916059,-489.));
#1469 = ( GEOMETRIC_REPRESENTATION_CONTEXT(2) 
PARAMETRIC_REPRESENTATION_CONTEXT() REPRESENTATION_CONTEXT('2D SPACE',''
  ) );
#1470 = PCURVE('',#1382,#1471);
#1471 = DEFINITIONAL_REPRESENTATION('',(#1472),#1475);
#1472 = B_SPLINE_CURVE_WITH_KNOTS('',1,(#1473,#1474),.UNSPECIFIED.,.F.,
  .F.,(2,2),(-248.8583405545,-239.),.PIECEWISE_BEZIER_KNOTS.);
#1473 = CARTESIAN_POINT('',(7.607301627792,-1.141659445402));
#1474 = CARTESIAN_POINT('',(7.607301627792,-11.));
#1475 = ( GEOMETRIC_REPRESENTATION_CONTEXT(2) 
PARAMETRIC_REPRESENTATION_CONTEXT() REPRESENTATION_CONTEXT('2D SPACE',''
  ) );
#1476 = ORIENTED_EDGE('',*,*,#1477,.T.);
#1477 = EDGE_CURVE('',#1457,#1478,#1480,.T.);
#1478 = VERTEX_POINT('',#1479);
#1479 = CARTESIAN_POINT('',(69.803136198248,-10.16833183149,
    50.150438517726));
#1480 = SURFACE_CURVE('',#1481,(#1486,#1493),.PCURVE_S1.);
#1481 = ELLIPSE('',#1482,15.556349186104,11.);
#1482 = AXIS2_PLACEMENT_3D('',#1483,#1484,#1485);
#1483 = CARTESIAN_POINT('',(65.607301627792,0.,45.95460394727));
#1484 = DIRECTION('',(-0.707106781187,0.,0.707106781187));
#1485 = DIRECTION('',(0.707106781187,0.,0.707106781187));
#1486 = PCURVE('',#238,#1487);
#1487 = DEFINITIONAL_REPRESENTATION('',(#1488),#1492);
#1488 = ELLIPSE('',#1489,15.556349186104,11.);
#1489 = AXIS2_PLACEMENT_2D('',#1490,#1491);
#1490 = CARTESIAN_POINT('',(502.3990000255,-500.));
#1491 = DIRECTION('',(-1.,0.));
#1492 = ( GEOMETRIC_REPRESENTATION_CONTEXT(2) 
PARAMETRIC_REPRESENTATION_CONTEXT() REPRESENTATION_CONTEXT('2D SPACE',''
  ) );
#1493 = PCURVE('',#1410,#1494);
#1494 = DEFINITIONAL_REPRESENTATION('',(#1495),#1526);
#1495 = B_SPLINE_CURVE_WITH_KNOTS('',8,(#1496,#1497,#1498,#1499,#1500,
    #1501,#1502,#1503,#1504,#1505,#1506,#1507,#1508,#1509,#1510,#1511,
    #1512,#1513,#1514,#1515,#1516,#1517,#1518,#1519,#1520,#1521,#1522,
    #1523,#1524,#1525),.UNSPECIFIED.,.F.,.F.,(9,7,7,7,9),(3.94872454313,
    5.115954925155,6.866800498192,7.74222328471,8.617646071229),
  .UNSPECIFIED.);
#1496 = CARTESIAN_POINT('',(5.476053417639,-6.000000425388E-07));
#1497 = CARTESIAN_POINT('',(5.330149619886,1.159259501746));
#1498 = CARTESIAN_POINT('',(5.184245822133,2.503598271705));
#1499 = CARTESIAN_POINT('',(5.038342024381,3.995409065846));
#1500 = CARTESIAN_POINT('',(4.892438226627,5.588687386845));
#1501 = CARTESIAN_POINT('',(4.746534428872,7.23156818345));
#1502 = CARTESIAN_POINT('',(4.600630631121,8.869888566942));
#1503 = CARTESIAN_POINT('',(4.454726833368,10.450993880907));
#1504 = CARTESIAN_POINT('',(4.089967338985,14.141021830062));
#1505 = CARTESIAN_POINT('',(3.871111642356,16.118577098403));
#1506 = CARTESIAN_POINT('',(3.652255945708,17.698070174425));
#1507 = CARTESIAN_POINT('',(3.433400249101,18.742095813024));
#1508 = CARTESIAN_POINT('',(3.214544552449,19.162064758006));
#1509 = CARTESIAN_POINT('',(2.995688855838,18.937244424062));
#1510 = CARTESIAN_POINT('',(2.776833159207,18.113128450545));
#1511 = CARTESIAN_POINT('',(2.448549614263,16.123241835385));
#1512 = CARTESIAN_POINT('',(2.339121765948,15.334327568295));
#1513 = CARTESIAN_POINT('',(2.229693917633,14.431897992074));
#1514 = CARTESIAN_POINT('',(2.120266069319,13.431263876744));
#1515 = CARTESIAN_POINT('',(2.010838221004,12.350484625061));
#1516 = CARTESIAN_POINT('',(1.901410372688,11.209691392564));
#1517 = CARTESIAN_POINT('',(1.791982524374,10.030283051164));
#1518 = CARTESIAN_POINT('',(1.573126827744,7.63788895291));
#1519 = CARTESIAN_POINT('',(1.463698979429,6.424903279755));
#1520 = CARTESIAN_POINT('',(1.354271131114,5.216955533589));
#1521 = CARTESIAN_POINT('',(1.2448432828,4.036301891247));
#1522 = CARTESIAN_POINT('',(1.135415434485,2.904789752328));
#1523 = CARTESIAN_POINT('',(1.02598758617,1.842996207953));
#1524 = CARTESIAN_POINT('',(0.916559737855,0.86944447631));
#1525 = CARTESIAN_POINT('',(0.80713188954,-6.000000425388E-07));
#1526 = ( GEOMETRIC_REPRESENTATION_CONTEXT(2) 
PARAMETRIC_REPRESENTATION_CONTEXT() REPRESENTATION_CONTEXT('2D SPACE',''
  ) );
#1527 = ORIENTED_EDGE('',*,*,#1528,.T.);
#1528 = EDGE_CURVE('',#1478,#1529,#1531,.T.);
#1529 = VERTEX_POINT('',#1530);
#1530 = CARTESIAN_POINT('',(76.607301627792,-6.794774605813,
    56.95460394727));
#1531 = SURFACE_CURVE('',#1532,(#1537,#1544),.PCURVE_S1.);
#1532 = ELLIPSE('',#1533,14.424978336206,10.2);
#1533 = AXIS2_PLACEMENT_3D('',#1534,#1535,#1536);
#1534 = CARTESIAN_POINT('',(69.,0.,49.347302319478));
#1535 = DIRECTION('',(-0.707106781187,0.,0.707106781187));
#1536 = DIRECTION('',(-0.707106781187,0.,-0.707106781187));
#1537 = PCURVE('',#238,#1538);
#1538 = DEFINITIONAL_REPRESENTATION('',(#1539),#1543);
#1539 = ELLIPSE('',#1540,14.424978336206,10.2);
#1540 = AXIS2_PLACEMENT_2D('',#1541,#1542);
#1541 = CARTESIAN_POINT('',(497.60099997449,-500.));
#1542 = DIRECTION('',(1.,0.));
#1543 = ( GEOMETRIC_REPRESENTATION_CONTEXT(2) 
PARAMETRIC_REPRESENTATION_CONTEXT() REPRESENTATION_CONTEXT('2D SPACE',''
  ) );
#1544 = PCURVE('',#1545,#1550);
#1545 = CYLINDRICAL_SURFACE('',#1546,10.2);
#1546 = AXIS2_PLACEMENT_3D('',#1547,#1548,#1549);
#1547 = CARTESIAN_POINT('',(69.,0.,3.3));
#1548 = DIRECTION('',(-0.,-0.,-1.));
#1549 = DIRECTION('',(-0.989949493661,-0.141421356237,0.));
#1550 = DEFINITIONAL_REPRESENTATION('',(#1551),#1560);
#1551 = B_SPLINE_CURVE_WITH_KNOTS('',7,(#1552,#1553,#1554,#1555,#1556,
    #1557,#1558,#1559),.UNSPECIFIED.,.F.,.F.,(8,8),(1.641989105922,
    2.412552188513),.PIECEWISE_BEZIER_KNOTS.);
#1552 = CARTESIAN_POINT('',(-1.500092051318,-46.77285540366));
#1553 = CARTESIAN_POINT('',(-1.610172491688,-47.89283163875));
#1554 = CARTESIAN_POINT('',(-1.720252932058,-49.0025504775));
#1555 = CARTESIAN_POINT('',(-1.830333372428,-50.07984522938));
#1556 = CARTESIAN_POINT('',(-1.940413812799,-51.10285297623));
#1557 = CARTESIAN_POINT('',(-2.050494253168,-52.05111424097));
#1558 = CARTESIAN_POINT('',(-2.160574693539,-52.90663284046));
#1559 = CARTESIAN_POINT('',(-2.270655133909,-53.65460454733));
#1560 = ( GEOMETRIC_REPRESENTATION_CONTEXT(2) 
PARAMETRIC_REPRESENTATION_CONTEXT() REPRESENTATION_CONTEXT('2D SPACE',''
  ) );
#1561 = ORIENTED_EDGE('',*,*,#1562,.T.);
#1562 = EDGE_CURVE('',#1529,#1563,#1565,.T.);
#1563 = VERTEX_POINT('',#1564);
#1564 = CARTESIAN_POINT('',(76.607301627792,6.794774605813,
    56.95460394727));
#1565 = SURFACE_CURVE('',#1566,(#1570,#1577),.PCURVE_S1.);
#1566 = LINE('',#1567,#1568);
#1567 = CARTESIAN_POINT('',(76.607301627792,-6.794774605813,
    56.95460394727));
#1568 = VECTOR('',#1569,1.);
#1569 = DIRECTION('',(-1.045719360805E-15,1.,0.));
#1570 = PCURVE('',#238,#1571);
#1571 = DEFINITIONAL_REPRESENTATION('',(#1572),#1576);
#1572 = LINE('',#1573,#1574);
#1573 = CARTESIAN_POINT('',(486.8426508394,-493.2052253941));
#1574 = VECTOR('',#1575,1.);
#1575 = DIRECTION('',(7.394352512429E-16,-1.));
#1576 = ( GEOMETRIC_REPRESENTATION_CONTEXT(2) 
PARAMETRIC_REPRESENTATION_CONTEXT() REPRESENTATION_CONTEXT('2D SPACE',''
  ) );
#1577 = PCURVE('',#1578,#1583);
#1578 = PLANE('',#1579);
#1579 = AXIS2_PLACEMENT_3D('',#1580,#1581,#1582);
#1580 = CARTESIAN_POINT('',(69.,1.728624217764E-15,56.95460394727));
#1581 = DIRECTION('',(0.,0.,1.));
#1582 = DIRECTION('',(1.,0.,0.));
#1583 = DEFINITIONAL_REPRESENTATION('',(#1584),#1588);
#1584 = LINE('',#1585,#1586);
#1585 = CARTESIAN_POINT('',(7.607301627792,-6.794774605813));
#1586 = VECTOR('',#1587,1.);
#1587 = DIRECTION('',(-1.045719360805E-15,1.));
#1588 = ( GEOMETRIC_REPRESENTATION_CONTEXT(2) 
PARAMETRIC_REPRESENTATION_CONTEXT() REPRESENTATION_CONTEXT('2D SPACE',''
  ) );
#1589 = ORIENTED_EDGE('',*,*,#1590,.T.);
#1590 = EDGE_CURVE('',#1563,#1591,#1593,.T.);
#1591 = VERTEX_POINT('',#1592);
#1592 = CARTESIAN_POINT('',(69.803136209096,10.168331859274,
    50.150438528574));
#1593 = SURFACE_CURVE('',#1594,(#1599,#1606),.PCURVE_S1.);
#1594 = ELLIPSE('',#1595,14.424978336206,10.2);
#1595 = AXIS2_PLACEMENT_3D('',#1596,#1597,#1598);
#1596 = CARTESIAN_POINT('',(69.,0.,49.347302319478));
#1597 = DIRECTION('',(-0.707106781187,0.,0.707106781187));
#1598 = DIRECTION('',(-0.707106781187,0.,-0.707106781187));
#1599 = PCURVE('',#238,#1600);
#1600 = DEFINITIONAL_REPRESENTATION('',(#1601),#1605);
#1601 = ELLIPSE('',#1602,14.424978336206,10.2);
#1602 = AXIS2_PLACEMENT_2D('',#1603,#1604);
#1603 = CARTESIAN_POINT('',(497.60099997449,-500.));
#1604 = DIRECTION('',(1.,0.));
#1605 = ( GEOMETRIC_REPRESENTATION_CONTEXT(2) 
PARAMETRIC_REPRESENTATION_CONTEXT() REPRESENTATION_CONTEXT('2D SPACE',''
  ) );
#1606 = PCURVE('',#1607,#1612);
#1607 = CYLINDRICAL_SURFACE('',#1608,10.2);
#1608 = AXIS2_PLACEMENT_3D('',#1609,#1610,#1611);
#1609 = CARTESIAN_POINT('',(69.,0.,3.3));
#1610 = DIRECTION('',(-0.,-0.,-1.));
#1611 = DIRECTION('',(-0.989949493661,-0.141421356237,0.));
#1612 = DEFINITIONAL_REPRESENTATION('',(#1613),#1622);
#1613 = B_SPLINE_CURVE_WITH_KNOTS('',7,(#1614,#1615,#1616,#1617,#1618,
    #1619,#1620,#1621),.UNSPECIFIED.,.F.,.F.,(8,8),(3.870633118468,
    4.641196201257),.PIECEWISE_BEZIER_KNOTS.);
#1614 = CARTESIAN_POINT('',(-3.728736063863,-53.65460454868));
#1615 = CARTESIAN_POINT('',(-3.838816504262,-52.90663284178));
#1616 = CARTESIAN_POINT('',(-3.948896944661,-52.05111424219));
#1617 = CARTESIAN_POINT('',(-4.058977385058,-51.10285297731));
#1618 = CARTESIAN_POINT('',(-4.169057825458,-50.07984523019));
#1619 = CARTESIAN_POINT('',(-4.279138265856,-49.00255047807));
#1620 = CARTESIAN_POINT('',(-4.389218706255,-47.89283163904));
#1621 = CARTESIAN_POINT('',(-4.499299146653,-46.77285540366));
#1622 = ( GEOMETRIC_REPRESENTATION_CONTEXT(2) 
PARAMETRIC_REPRESENTATION_CONTEXT() REPRESENTATION_CONTEXT('2D SPACE',''
  ) );
#1623 = ORIENTED_EDGE('',*,*,#1624,.T.);
#1624 = EDGE_CURVE('',#1591,#1625,#1627,.T.);
#1625 = VERTEX_POINT('',#1626);
#1626 = CARTESIAN_POINT('',(58.,7.945373618893,38.347302319478));
#1627 = SURFACE_CURVE('',#1628,(#1633,#1640),.PCURVE_S1.);
#1628 = ELLIPSE('',#1629,15.556349186104,11.);
#1629 = AXIS2_PLACEMENT_3D('',#1630,#1631,#1632);
#1630 = CARTESIAN_POINT('',(65.607301627792,0.,45.95460394727));
#1631 = DIRECTION('',(-0.707106781187,0.,0.707106781187));
#1632 = DIRECTION('',(0.707106781187,0.,0.707106781187));
#1633 = PCURVE('',#238,#1634);
#1634 = DEFINITIONAL_REPRESENTATION('',(#1635),#1639);
#1635 = ELLIPSE('',#1636,15.556349186104,11.);
#1636 = AXIS2_PLACEMENT_2D('',#1637,#1638);
#1637 = CARTESIAN_POINT('',(502.3990000255,-500.));
#1638 = DIRECTION('',(-1.,0.));
#1639 = ( GEOMETRIC_REPRESENTATION_CONTEXT(2) 
PARAMETRIC_REPRESENTATION_CONTEXT() REPRESENTATION_CONTEXT('2D SPACE',''
  ) );
#1640 = PCURVE('',#1410,#1641);
#1641 = DEFINITIONAL_REPRESENTATION('',(#1642),#1673);
#1642 = B_SPLINE_CURVE_WITH_KNOTS('',8,(#1643,#1644,#1645,#1646,#1647,
    #1648,#1649,#1650,#1651,#1652,#1653,#1654,#1655,#1656,#1657,#1658,
    #1659,#1660,#1661,#1662,#1663,#1664,#1665,#1666,#1667,#1668,#1669,
    #1670,#1671,#1672),.UNSPECIFIED.,.F.,.F.,(9,7,7,7,9),(3.94872454313,
    5.115954925155,6.866800498192,7.74222328471,8.617646071229),
  .UNSPECIFIED.);
#1643 = CARTESIAN_POINT('',(5.476053417639,-6.000000425388E-07));
#1644 = CARTESIAN_POINT('',(5.330149619886,1.159259501746));
#1645 = CARTESIAN_POINT('',(5.184245822133,2.503598271705));
#1646 = CARTESIAN_POINT('',(5.038342024381,3.995409065846));
#1647 = CARTESIAN_POINT('',(4.892438226627,5.588687386845));
#1648 = CARTESIAN_POINT('',(4.746534428872,7.23156818345));
#1649 = CARTESIAN_POINT('',(4.600630631121,8.869888566942));
#1650 = CARTESIAN_POINT('',(4.454726833368,10.450993880907));
#1651 = CARTESIAN_POINT('',(4.089967338985,14.141021830062));
#1652 = CARTESIAN_POINT('',(3.871111642356,16.118577098403));
#1653 = CARTESIAN_POINT('',(3.652255945708,17.698070174425));
#1654 = CARTESIAN_POINT('',(3.433400249101,18.742095813024));
#1655 = CARTESIAN_POINT('',(3.214544552449,19.162064758006));
#1656 = CARTESIAN_POINT('',(2.995688855838,18.937244424062));
#1657 = CARTESIAN_POINT('',(2.776833159207,18.113128450545));
#1658 = CARTESIAN_POINT('',(2.448549614263,16.123241835385));
#1659 = CARTESIAN_POINT('',(2.339121765948,15.334327568295));
#1660 = CARTESIAN_POINT('',(2.229693917633,14.431897992074));
#1661 = CARTESIAN_POINT('',(2.120266069319,13.431263876744));
#1662 = CARTESIAN_POINT('',(2.010838221004,12.350484625061));
#1663 = CARTESIAN_POINT('',(1.901410372688,11.209691392564));
#1664 = CARTESIAN_POINT('',(1.791982524374,10.030283051164));
#1665 = CARTESIAN_POINT('',(1.573126827744,7.63788895291));
#1666 = CARTESIAN_POINT('',(1.463698979429,6.424903279755));
#1667 = CARTESIAN_POINT('',(1.354271131114,5.216955533589));
#1668 = CARTESIAN_POINT('',(1.2448432828,4.036301891247));
#1669 = CARTESIAN_POINT('',(1.135415434485,2.904789752328));
#1670 = CARTESIAN_POINT('',(1.02598758617,1.842996207953));
#1671 = CARTESIAN_POINT('',(0.916559737855,0.86944447631));
#1672 = CARTESIAN_POINT('',(0.80713188954,-6.000000425388E-07));
#1673 = ( GEOMETRIC_REPRESENTATION_CONTEXT(2) 
PARAMETRIC_REPRESENTATION_CONTEXT() REPRESENTATION_CONTEXT('2D SPACE',''
  ) );
#1674 = ORIENTED_EDGE('',*,*,#1675,.T.);
#1675 = EDGE_CURVE('',#1625,#1676,#1678,.T.);
#1676 = VERTEX_POINT('',#1677);
#1677 = CARTESIAN_POINT('',(58.,1.141659445402,38.347302319478));
#1678 = SURFACE_CURVE('',#1679,(#1683,#1689),.PCURVE_S1.);
#1679 = LINE('',#1680,#1681);
#1680 = CARTESIAN_POINT('',(58.,-250.,38.347302319478));
#1681 = VECTOR('',#1682,1.);
#1682 = DIRECTION('',(0.,-1.,0.));
#1683 = PCURVE('',#238,#1684);
#1684 = DEFINITIONAL_REPRESENTATION('',(#1685),#1688);
#1685 = B_SPLINE_CURVE_WITH_KNOTS('',1,(#1686,#1687),.UNSPECIFIED.,.F.,
  .F.,(2,2),(-261.,-251.1416594454),.PIECEWISE_BEZIER_KNOTS.);
#1686 = CARTESIAN_POINT('',(513.15734916059,-511.));
#1687 = CARTESIAN_POINT('',(513.15734916059,-501.1416594454));
#1688 = ( GEOMETRIC_REPRESENTATION_CONTEXT(2) 
PARAMETRIC_REPRESENTATION_CONTEXT() REPRESENTATION_CONTEXT('2D SPACE',''
  ) );
#1689 = PCURVE('',#1690,#1695);
#1690 = PLANE('',#1691);
#1691 = AXIS2_PLACEMENT_3D('',#1692,#1693,#1694);
#1692 = CARTESIAN_POINT('',(58.,0.,45.95460394727));
#1693 = DIRECTION('',(1.,0.,2.22044604925E-16));
#1694 = DIRECTION('',(2.22044604925E-16,0.,-1.));
#1695 = DEFINITIONAL_REPRESENTATION('',(#1696),#1699);
#1696 = B_SPLINE_CURVE_WITH_KNOTS('',1,(#1697,#1698),.UNSPECIFIED.,.F.,
  .F.,(2,2),(-261.,-251.1416594454),.PIECEWISE_BEZIER_KNOTS.);
#1697 = CARTESIAN_POINT('',(7.607301627792,11.));
#1698 = CARTESIAN_POINT('',(7.607301627792,1.141659445402));
#1699 = ( GEOMETRIC_REPRESENTATION_CONTEXT(2) 
PARAMETRIC_REPRESENTATION_CONTEXT() REPRESENTATION_CONTEXT('2D SPACE',''
  ) );
#1700 = ORIENTED_EDGE('',*,*,#1701,.T.);
#1701 = EDGE_CURVE('',#1676,#223,#1702,.T.);
#1702 = SURFACE_CURVE('',#1703,(#1707,#1713),.PCURVE_S1.);
#1703 = LINE('',#1704,#1705);
#1704 = CARTESIAN_POINT('',(182.25266309905,42.559213811754,
    162.59996541853));
#1705 = VECTOR('',#1706,1.);
#1706 = DIRECTION('',(-0.688247201612,-0.229415733871,-0.688247201612));
#1707 = PCURVE('',#238,#1708);
#1708 = DEFINITIONAL_REPRESENTATION('',(#1709),#1712);
#1709 = B_SPLINE_CURVE_WITH_KNOTS('',1,(#1710,#1711),.UNSPECIFIED.,.F.,
  .F.,(2,2),(179.22360983894,183.44086660055),.PIECEWISE_BEZIER_KNOTS.);
#1710 = CARTESIAN_POINT('',(511.88099997449,-501.4424978336));
#1711 = CARTESIAN_POINT('',(515.98577628534,-500.4749927787));
#1712 = ( GEOMETRIC_REPRESENTATION_CONTEXT(2) 
PARAMETRIC_REPRESENTATION_CONTEXT() REPRESENTATION_CONTEXT('2D SPACE',''
  ) );
#1713 = PCURVE('',#263,#1714);
#1714 = DEFINITIONAL_REPRESENTATION('',(#1715),#1718);
#1715 = B_SPLINE_CURVE_WITH_KNOTS('',1,(#1716,#1717),.UNSPECIFIED.,.F.,
  .F.,(2,2),(179.22360983894,183.44086660055),.PIECEWISE_BEZIER_KNOTS.);
#1716 = CARTESIAN_POINT('',(2.84217094304E-14,-35.94981748413));
#1717 = CARTESIAN_POINT('',(3.059519621164,-33.04730231947));
#1718 = ( GEOMETRIC_REPRESENTATION_CONTEXT(2) 
PARAMETRIC_REPRESENTATION_CONTEXT() REPRESENTATION_CONTEXT('2D SPACE',''
  ) );
#1719 = ADVANCED_FACE('',(#1720),#263,.T.);
#1720 = FACE_BOUND('',#1721,.T.);
#1721 = EDGE_LOOP('',(#1722,#1749,#1772,#1799,#1818,#1819,#1820,#1821));
#1722 = ORIENTED_EDGE('',*,*,#1723,.F.);
#1723 = EDGE_CURVE('',#1724,#1290,#1726,.T.);
#1724 = VERTEX_POINT('',#1725);
#1725 = CARTESIAN_POINT('',(58.902515164656,1.442497833621,
    25.205008023839));
#1726 = SURFACE_CURVE('',#1727,(#1732,#1739),.PCURVE_S1.);
#1727 = ELLIPSE('',#1728,34.785054261852,11.);
#1728 = AXIS2_PLACEMENT_3D('',#1729,#1730,#1731);
#1729 = CARTESIAN_POINT('',(54.575021663794,0.,14.3));
#1730 = DIRECTION('',(0.316227766017,-0.948683298051,0.));
#1731 = DIRECTION('',(0.948683298051,0.316227766017,2.340555645718E-16)
  );
#1732 = PCURVE('',#263,#1733);
#1733 = DEFINITIONAL_REPRESENTATION('',(#1734),#1738);
#1734 = ELLIPSE('',#1735,34.785054261852,11.);
#1735 = AXIS2_PLACEMENT_2D('',#1736,#1737);
#1736 = CARTESIAN_POINT('',(4.5615786741,-11.));
#1737 = DIRECTION('',(-1.,-2.340555645718E-16));
#1738 = ( GEOMETRIC_REPRESENTATION_CONTEXT(2) 
PARAMETRIC_REPRESENTATION_CONTEXT() REPRESENTATION_CONTEXT('2D SPACE',''
  ) );
#1739 = PCURVE('',#1308,#1740);
#1740 = DEFINITIONAL_REPRESENTATION('',(#1741),#1748);
#1741 = B_SPLINE_CURVE_WITH_KNOTS('',5,(#1742,#1743,#1744,#1745,#1746,
    #1747),.UNSPECIFIED.,.F.,.F.,(6,6),(1.426041542114,1.583910319345),
  .PIECEWISE_BEZIER_KNOTS.);
#1742 = CARTESIAN_POINT('',(2.996837868909,59.335264514742));
#1743 = CARTESIAN_POINT('',(3.028411624355,58.304227851202));
#1744 = CARTESIAN_POINT('',(3.059985379801,57.267259319101));
#1745 = CARTESIAN_POINT('',(3.091559135247,56.226500249022));
#1746 = CARTESIAN_POINT('',(3.123132890693,55.184116650481));
#1747 = CARTESIAN_POINT('',(3.15470664614,54.142272313708));
#1748 = ( GEOMETRIC_REPRESENTATION_CONTEXT(2) 
PARAMETRIC_REPRESENTATION_CONTEXT() REPRESENTATION_CONTEXT('2D SPACE',''
  ) );
#1749 = ORIENTED_EDGE('',*,*,#1750,.T.);
#1750 = EDGE_CURVE('',#1724,#1751,#1753,.T.);
#1751 = VERTEX_POINT('',#1752);
#1752 = CARTESIAN_POINT('',(58.902515164656,1.442497833621,
    35.049595923431));
#1753 = SURFACE_CURVE('',#1754,(#1758,#1765),.PCURVE_S1.);
#1754 = LINE('',#1755,#1756);
#1755 = CARTESIAN_POINT('',(58.902515164656,1.442497833621,3.3));
#1756 = VECTOR('',#1757,1.);
#1757 = DIRECTION('',(0.,0.,1.));
#1758 = PCURVE('',#263,#1759);
#1759 = DEFINITIONAL_REPRESENTATION('',(#1760),#1764);
#1760 = LINE('',#1761,#1762);
#1761 = CARTESIAN_POINT('',(-7.021666937153E-17,0.));
#1762 = VECTOR('',#1763,1.);
#1763 = DIRECTION('',(0.,-1.));
#1764 = ( GEOMETRIC_REPRESENTATION_CONTEXT(2) 
PARAMETRIC_REPRESENTATION_CONTEXT() REPRESENTATION_CONTEXT('2D SPACE',''
  ) );
#1765 = PCURVE('',#1439,#1766);
#1766 = DEFINITIONAL_REPRESENTATION('',(#1767),#1771);
#1767 = LINE('',#1768,#1769);
#1768 = CARTESIAN_POINT('',(-5.999391197971,0.));
#1769 = VECTOR('',#1770,1.);
#1770 = DIRECTION('',(-0.,-1.));
#1771 = ( GEOMETRIC_REPRESENTATION_CONTEXT(2) 
PARAMETRIC_REPRESENTATION_CONTEXT() REPRESENTATION_CONTEXT('2D SPACE',''
  ) );
#1772 = ORIENTED_EDGE('',*,*,#1773,.F.);
#1773 = EDGE_CURVE('',#1774,#1751,#1776,.T.);
#1774 = VERTEX_POINT('',#1775);
#1775 = CARTESIAN_POINT('',(58.,1.141659445402,35.014009186896));
#1776 = SURFACE_CURVE('',#1777,(#1782,#1789),.PCURVE_S1.);
#1777 = ELLIPSE('',#1778,34.785054261852,11.);
#1778 = AXIS2_PLACEMENT_3D('',#1779,#1780,#1781);
#1779 = CARTESIAN_POINT('',(54.575021663794,0.,45.95460394727));
#1780 = DIRECTION('',(0.316227766017,-0.948683298051,0.));
#1781 = DIRECTION('',(0.948683298051,0.316227766017,2.340555645718E-16)
  );
#1782 = PCURVE('',#263,#1783);
#1783 = DEFINITIONAL_REPRESENTATION('',(#1784),#1788);
#1784 = ELLIPSE('',#1785,34.785054261852,11.);
#1785 = AXIS2_PLACEMENT_2D('',#1786,#1787);
#1786 = CARTESIAN_POINT('',(4.5615786741,-42.65460394727));
#1787 = DIRECTION('',(-1.,-2.340555645718E-16));
#1788 = ( GEOMETRIC_REPRESENTATION_CONTEXT(2) 
PARAMETRIC_REPRESENTATION_CONTEXT() REPRESENTATION_CONTEXT('2D SPACE',''
  ) );
#1789 = PCURVE('',#1410,#1790);
#1790 = DEFINITIONAL_REPRESENTATION('',(#1791),#1798);
#1791 = B_SPLINE_CURVE_WITH_KNOTS('',5,(#1792,#1793,#1794,#1795,#1796,
    #1797),.UNSPECIFIED.,.F.,.F.,(6,6),(4.816363422425,4.857143765065),
  .PIECEWISE_BEZIER_KNOTS.);
#1792 = CARTESIAN_POINT('',(0.10397444204,-6.000000070117E-07));
#1793 = CARTESIAN_POINT('',(0.112130510568,0.267696122322));
#1794 = CARTESIAN_POINT('',(0.120286579096,0.535108051522));
#1795 = CARTESIAN_POINT('',(0.128442647624,0.802198088481));
#1796 = CARTESIAN_POINT('',(0.136598716153,1.068929213033));
#1797 = CARTESIAN_POINT('',(0.144754784681,1.335264514742));
#1798 = ( GEOMETRIC_REPRESENTATION_CONTEXT(2) 
PARAMETRIC_REPRESENTATION_CONTEXT() REPRESENTATION_CONTEXT('2D SPACE',''
  ) );
#1799 = ORIENTED_EDGE('',*,*,#1800,.T.);
#1800 = EDGE_CURVE('',#1774,#1676,#1801,.T.);
#1801 = SURFACE_CURVE('',#1802,(#1806,#1812),.PCURVE_S1.);
#1802 = LINE('',#1803,#1804);
#1803 = CARTESIAN_POINT('',(58.,1.141659445402,24.627301973635));
#1804 = VECTOR('',#1805,1.);
#1805 = DIRECTION('',(-2.22044604925E-16,-7.401486830834E-17,1.));
#1806 = PCURVE('',#263,#1807);
#1807 = DEFINITIONAL_REPRESENTATION('',(#1808),#1811);
#1808 = B_SPLINE_CURVE_WITH_KNOTS('',1,(#1809,#1810),.UNSPECIFIED.,.F.,
  .F.,(2,2),(10.327301973635,32.327301973635),.PIECEWISE_BEZIER_KNOTS.);
#1809 = CARTESIAN_POINT('',(0.951334514385,-31.65460394727));
#1810 = CARTESIAN_POINT('',(0.951334514385,-53.65460394727));
#1811 = ( GEOMETRIC_REPRESENTATION_CONTEXT(2) 
PARAMETRIC_REPRESENTATION_CONTEXT() REPRESENTATION_CONTEXT('2D SPACE',''
  ) );
#1812 = PCURVE('',#1690,#1813);
#1813 = DEFINITIONAL_REPRESENTATION('',(#1814),#1817);
#1814 = B_SPLINE_CURVE_WITH_KNOTS('',1,(#1815,#1816),.UNSPECIFIED.,.F.,
  .F.,(2,2),(10.327301973635,32.327301973635),.PIECEWISE_BEZIER_KNOTS.);
#1815 = CARTESIAN_POINT('',(11.,1.141659445402));
#1816 = CARTESIAN_POINT('',(-11.,1.141659445402));
#1817 = ( GEOMETRIC_REPRESENTATION_CONTEXT(2) 
PARAMETRIC_REPRESENTATION_CONTEXT() REPRESENTATION_CONTEXT('2D SPACE',''
  ) );
#1818 = ORIENTED_EDGE('',*,*,#1701,.T.);
#1819 = ORIENTED_EDGE('',*,*,#249,.T.);
#1820 = ORIENTED_EDGE('',*,*,#1232,.T.);
#1821 = ORIENTED_EDGE('',*,*,#1323,.F.);
#1822 = ADVANCED_FACE('',(#1823),#340,.F.);
#1823 = FACE_BOUND('',#1824,.F.);
#1824 = EDGE_LOOP('',(#1825,#1826,#1847,#1848));
#1825 = ORIENTED_EDGE('',*,*,#854,.T.);
#1826 = ORIENTED_EDGE('',*,*,#1827,.T.);
#1827 = EDGE_CURVE('',#855,#325,#1828,.T.);
#1828 = SURFACE_CURVE('',#1829,(#1833,#1840),.PCURVE_S1.);
#1829 = LINE('',#1830,#1831);
#1830 = CARTESIAN_POINT('',(139.45460394727,15.,30.));
#1831 = VECTOR('',#1832,1.);
#1832 = DIRECTION('',(0.,-1.,0.));
#1833 = PCURVE('',#340,#1834);
#1834 = DEFINITIONAL_REPRESENTATION('',(#1835),#1839);
#1835 = LINE('',#1836,#1837);
#1836 = CARTESIAN_POINT('',(41.655100376557,-15.));
#1837 = VECTOR('',#1838,1.);
#1838 = DIRECTION('',(0.,1.));
#1839 = ( GEOMETRIC_REPRESENTATION_CONTEXT(2) 
PARAMETRIC_REPRESENTATION_CONTEXT() REPRESENTATION_CONTEXT('2D SPACE',''
  ) );
#1840 = PCURVE('',#368,#1841);
#1841 = DEFINITIONAL_REPRESENTATION('',(#1842),#1846);
#1842 = LINE('',#1843,#1844);
#1843 = CARTESIAN_POINT('',(83.45460394727,30.));
#1844 = VECTOR('',#1845,1.);
#1845 = DIRECTION('',(0.,-1.));
#1846 = ( GEOMETRIC_REPRESENTATION_CONTEXT(2) 
PARAMETRIC_REPRESENTATION_CONTEXT() REPRESENTATION_CONTEXT('2D SPACE',''
  ) );
#1847 = ORIENTED_EDGE('',*,*,#324,.F.);
#1848 = ORIENTED_EDGE('',*,*,#1156,.T.);
#1849 = ADVANCED_FACE('',(#1850),#368,.T.);
#1850 = FACE_BOUND('',#1851,.T.);
#1851 = EDGE_LOOP('',(#1852,#1853,#1854,#1855));
#1852 = ORIENTED_EDGE('',*,*,#877,.F.);
#1853 = ORIENTED_EDGE('',*,*,#1827,.T.);
#1854 = ORIENTED_EDGE('',*,*,#352,.T.);
#1855 = ORIENTED_EDGE('',*,*,#1856,.T.);
#1856 = EDGE_CURVE('',#353,#878,#1857,.T.);
#1857 = SURFACE_CURVE('',#1858,(#1862,#1868),.PCURVE_S1.);
#1858 = LINE('',#1859,#1860);
#1859 = CARTESIAN_POINT('',(210.,-15.,30.));
#1860 = VECTOR('',#1861,1.);
#1861 = DIRECTION('',(-0.,1.,0.));
#1862 = PCURVE('',#368,#1863);
#1863 = DEFINITIONAL_REPRESENTATION('',(#1864),#1867);
#1864 = B_SPLINE_CURVE_WITH_KNOTS('',1,(#1865,#1866),.UNSPECIFIED.,.F.,
  .F.,(2,2),(0.,30.),.PIECEWISE_BEZIER_KNOTS.);
#1865 = CARTESIAN_POINT('',(154.,0.));
#1866 = CARTESIAN_POINT('',(154.,30.));
#1867 = ( GEOMETRIC_REPRESENTATION_CONTEXT(2) 
PARAMETRIC_REPRESENTATION_CONTEXT() REPRESENTATION_CONTEXT('2D SPACE',''
  ) );
#1868 = PCURVE('',#396,#1869);
#1869 = DEFINITIONAL_REPRESENTATION('',(#1870),#1873);
#1870 = B_SPLINE_CURVE_WITH_KNOTS('',1,(#1871,#1872),.UNSPECIFIED.,.F.,
  .F.,(2,2),(0.,30.),.PIECEWISE_BEZIER_KNOTS.);
#1871 = CARTESIAN_POINT('',(31.,0.));
#1872 = CARTESIAN_POINT('',(31.,-30.));
#1873 = ( GEOMETRIC_REPRESENTATION_CONTEXT(2) 
PARAMETRIC_REPRESENTATION_CONTEXT() REPRESENTATION_CONTEXT('2D SPACE',''
  ) );
#1874 = ADVANCED_FACE('',(#1875),#396,.F.);
#1875 = FACE_BOUND('',#1876,.F.);
#1876 = EDGE_LOOP('',(#1877,#1878,#1879,#1880));
#1877 = ORIENTED_EDGE('',*,*,#380,.F.);
#1878 = ORIENTED_EDGE('',*,*,#1856,.T.);
#1879 = ORIENTED_EDGE('',*,*,#900,.T.);
#1880 = ORIENTED_EDGE('',*,*,#1881,.F.);
#1881 = EDGE_CURVE('',#381,#901,#1882,.T.);
#1882 = SURFACE_CURVE('',#1883,(#1887,#1894),.PCURVE_S1.);
#1883 = LINE('',#1884,#1885);
#1884 = CARTESIAN_POINT('',(210.,-15.,31.));
#1885 = VECTOR('',#1886,1.);
#1886 = DIRECTION('',(-0.,1.,0.));
#1887 = PCURVE('',#396,#1888);
#1888 = DEFINITIONAL_REPRESENTATION('',(#1889),#1893);
#1889 = LINE('',#1890,#1891);
#1890 = CARTESIAN_POINT('',(32.,0.));
#1891 = VECTOR('',#1892,1.);
#1892 = DIRECTION('',(0.,-1.));
#1893 = ( GEOMETRIC_REPRESENTATION_CONTEXT(2) 
PARAMETRIC_REPRESENTATION_CONTEXT() REPRESENTATION_CONTEXT('2D SPACE',''
  ) );
#1894 = PCURVE('',#424,#1895);
#1895 = DEFINITIONAL_REPRESENTATION('',(#1896),#1900);
#1896 = LINE('',#1897,#1898);
#1897 = CARTESIAN_POINT('',(0.,0.));
#1898 = VECTOR('',#1899,1.);
#1899 = DIRECTION('',(0.,1.));
#1900 = ( GEOMETRIC_REPRESENTATION_CONTEXT(2) 
PARAMETRIC_REPRESENTATION_CONTEXT() REPRESENTATION_CONTEXT('2D SPACE',''
  ) );
#1901 = ADVANCED_FACE('',(#1902),#424,.T.);
#1902 = FACE_BOUND('',#1903,.T.);
#1903 = EDGE_LOOP('',(#1904,#1905,#1906,#1927));
#1904 = ORIENTED_EDGE('',*,*,#1881,.F.);
#1905 = ORIENTED_EDGE('',*,*,#408,.T.);
#1906 = ORIENTED_EDGE('',*,*,#1907,.T.);
#1907 = EDGE_CURVE('',#409,#924,#1908,.T.);
#1908 = SURFACE_CURVE('',#1909,(#1913,#1920),.PCURVE_S1.);
#1909 = LINE('',#1910,#1911);
#1910 = CARTESIAN_POINT('',(232.,-15.,31.));
#1911 = VECTOR('',#1912,1.);
#1912 = DIRECTION('',(-0.,1.,0.));
#1913 = PCURVE('',#424,#1914);
#1914 = DEFINITIONAL_REPRESENTATION('',(#1915),#1919);
#1915 = LINE('',#1916,#1917);
#1916 = CARTESIAN_POINT('',(22.,0.));
#1917 = VECTOR('',#1918,1.);
#1918 = DIRECTION('',(0.,1.));
#1919 = ( GEOMETRIC_REPRESENTATION_CONTEXT(2) 
PARAMETRIC_REPRESENTATION_CONTEXT() REPRESENTATION_CONTEXT('2D SPACE',''
  ) );
#1920 = PCURVE('',#452,#1921);
#1921 = DEFINITIONAL_REPRESENTATION('',(#1922),#1926);
#1922 = LINE('',#1923,#1924);
#1923 = CARTESIAN_POINT('',(32.,0.));
#1924 = VECTOR('',#1925,1.);
#1925 = DIRECTION('',(0.,-1.));
#1926 = ( GEOMETRIC_REPRESENTATION_CONTEXT(2) 
PARAMETRIC_REPRESENTATION_CONTEXT() REPRESENTATION_CONTEXT('2D SPACE',''
  ) );
#1927 = ORIENTED_EDGE('',*,*,#923,.F.);
#1928 = ADVANCED_FACE('',(#1929),#452,.T.);
#1929 = FACE_BOUND('',#1930,.T.);
#1930 = EDGE_LOOP('',(#1931,#1932,#1951,#1952));
#1931 = ORIENTED_EDGE('',*,*,#436,.F.);
#1932 = ORIENTED_EDGE('',*,*,#1933,.T.);
#1933 = EDGE_CURVE('',#437,#947,#1934,.T.);
#1934 = SURFACE_CURVE('',#1935,(#1939,#1945),.PCURVE_S1.);
#1935 = LINE('',#1936,#1937);
#1936 = CARTESIAN_POINT('',(232.,-15.,30.));
#1937 = VECTOR('',#1938,1.);
#1938 = DIRECTION('',(-0.,1.,0.));
#1939 = PCURVE('',#452,#1940);
#1940 = DEFINITIONAL_REPRESENTATION('',(#1941),#1944);
#1941 = B_SPLINE_CURVE_WITH_KNOTS('',1,(#1942,#1943),.UNSPECIFIED.,.F.,
  .F.,(2,2),(0.,30.),.PIECEWISE_BEZIER_KNOTS.);
#1942 = CARTESIAN_POINT('',(31.,0.));
#1943 = CARTESIAN_POINT('',(31.,-30.));
#1944 = ( GEOMETRIC_REPRESENTATION_CONTEXT(2) 
PARAMETRIC_REPRESENTATION_CONTEXT() REPRESENTATION_CONTEXT('2D SPACE',''
  ) );
#1945 = PCURVE('',#480,#1946);
#1946 = DEFINITIONAL_REPRESENTATION('',(#1947),#1950);
#1947 = B_SPLINE_CURVE_WITH_KNOTS('',1,(#1948,#1949),.UNSPECIFIED.,.F.,
  .F.,(2,2),(0.,30.),.PIECEWISE_BEZIER_KNOTS.);
#1948 = CARTESIAN_POINT('',(176.,0.));
#1949 = CARTESIAN_POINT('',(176.,30.));
#1950 = ( GEOMETRIC_REPRESENTATION_CONTEXT(2) 
PARAMETRIC_REPRESENTATION_CONTEXT() REPRESENTATION_CONTEXT('2D SPACE',''
  ) );
#1951 = ORIENTED_EDGE('',*,*,#946,.T.);
#1952 = ORIENTED_EDGE('',*,*,#1907,.F.);
#1953 = ADVANCED_FACE('',(#1954),#480,.T.);
#1954 = FACE_BOUND('',#1955,.T.);
#1955 = EDGE_LOOP('',(#1956,#1957,#1958,#1959));
#1956 = ORIENTED_EDGE('',*,*,#969,.F.);
#1957 = ORIENTED_EDGE('',*,*,#1933,.F.);
#1958 = ORIENTED_EDGE('',*,*,#464,.T.);
#1959 = ORIENTED_EDGE('',*,*,#1960,.T.);
#1960 = EDGE_CURVE('',#465,#970,#1961,.T.);
#1961 = SURFACE_CURVE('',#1962,(#1966,#1972),.PCURVE_S1.);
#1962 = LINE('',#1963,#1964);
#1963 = CARTESIAN_POINT('',(252.11251702299,-15.,30.));
#1964 = VECTOR('',#1965,1.);
#1965 = DIRECTION('',(-0.,1.,0.));
#1966 = PCURVE('',#480,#1967);
#1967 = DEFINITIONAL_REPRESENTATION('',(#1968),#1971);
#1968 = B_SPLINE_CURVE_WITH_KNOTS('',1,(#1969,#1970),.UNSPECIFIED.,.F.,
  .F.,(2,2),(0.,30.),.PIECEWISE_BEZIER_KNOTS.);
#1969 = CARTESIAN_POINT('',(196.11251702299,0.));
#1970 = CARTESIAN_POINT('',(196.11251702299,30.));
#1971 = ( GEOMETRIC_REPRESENTATION_CONTEXT(2) 
PARAMETRIC_REPRESENTATION_CONTEXT() REPRESENTATION_CONTEXT('2D SPACE',''
  ) );
#1972 = PCURVE('',#508,#1973);
#1973 = DEFINITIONAL_REPRESENTATION('',(#1974),#1977);
#1974 = B_SPLINE_CURVE_WITH_KNOTS('',1,(#1975,#1976),.UNSPECIFIED.,.F.,
  .F.,(2,2),(0.,30.),.PIECEWISE_BEZIER_KNOTS.);
#1975 = CARTESIAN_POINT('',(30.,0.));
#1976 = CARTESIAN_POINT('',(30.,-30.));
#1977 = ( GEOMETRIC_REPRESENTATION_CONTEXT(2) 
PARAMETRIC_REPRESENTATION_CONTEXT() REPRESENTATION_CONTEXT('2D SPACE',''
  ) );
#1978 = ADVANCED_FACE('',(#1979),#508,.F.);
#1979 = FACE_BOUND('',#1980,.F.);
#1980 = EDGE_LOOP('',(#1981,#1982,#1983,#1984));
#1981 = ORIENTED_EDGE('',*,*,#492,.F.);
#1982 = ORIENTED_EDGE('',*,*,#1960,.T.);
#1983 = ORIENTED_EDGE('',*,*,#992,.T.);
#1984 = ORIENTED_EDGE('',*,*,#1985,.F.);
#1985 = EDGE_CURVE('',#493,#993,#1986,.T.);
#1986 = SURFACE_CURVE('',#1987,(#1991,#1998),.PCURVE_S1.);
#1987 = LINE('',#1988,#1989);
#1988 = CARTESIAN_POINT('',(252.11251702299,-15.,56.));
#1989 = VECTOR('',#1990,1.);
#1990 = DIRECTION('',(-0.,1.,0.));
#1991 = PCURVE('',#508,#1992);
#1992 = DEFINITIONAL_REPRESENTATION('',(#1993),#1997);
#1993 = LINE('',#1994,#1995);
#1994 = CARTESIAN_POINT('',(56.,0.));
#1995 = VECTOR('',#1996,1.);
#1996 = DIRECTION('',(0.,-1.));
#1997 = ( GEOMETRIC_REPRESENTATION_CONTEXT(2) 
PARAMETRIC_REPRESENTATION_CONTEXT() REPRESENTATION_CONTEXT('2D SPACE',''
  ) );
#1998 = PCURVE('',#536,#1999);
#1999 = DEFINITIONAL_REPRESENTATION('',(#2000),#2004);
#2000 = LINE('',#2001,#2002);
#2001 = CARTESIAN_POINT('',(0.,0.));
#2002 = VECTOR('',#2003,1.);
#2003 = DIRECTION('',(0.,1.));
#2004 = ( GEOMETRIC_REPRESENTATION_CONTEXT(2) 
PARAMETRIC_REPRESENTATION_CONTEXT() REPRESENTATION_CONTEXT('2D SPACE',''
  ) );
#2005 = ADVANCED_FACE('',(#2006,#2032),#536,.T.);
#2006 = FACE_BOUND('',#2007,.T.);
#2007 = EDGE_LOOP('',(#2008,#2009,#2010,#2031));
#2008 = ORIENTED_EDGE('',*,*,#1985,.F.);
#2009 = ORIENTED_EDGE('',*,*,#520,.T.);
#2010 = ORIENTED_EDGE('',*,*,#2011,.T.);
#2011 = EDGE_CURVE('',#521,#1016,#2012,.T.);
#2012 = SURFACE_CURVE('',#2013,(#2017,#2024),.PCURVE_S1.);
#2013 = LINE('',#2014,#2015);
#2014 = CARTESIAN_POINT('',(344.4,-15.,56.));
#2015 = VECTOR('',#2016,1.);
#2016 = DIRECTION('',(-0.,1.,0.));
#2017 = PCURVE('',#536,#2018);
#2018 = DEFINITIONAL_REPRESENTATION('',(#2019),#2023);
#2019 = LINE('',#2020,#2021);
#2020 = CARTESIAN_POINT('',(92.287482977003,0.));
#2021 = VECTOR('',#2022,1.);
#2022 = DIRECTION('',(0.,1.));
#2023 = ( GEOMETRIC_REPRESENTATION_CONTEXT(2) 
PARAMETRIC_REPRESENTATION_CONTEXT() REPRESENTATION_CONTEXT('2D SPACE',''
  ) );
#2024 = PCURVE('',#564,#2025);
#2025 = DEFINITIONAL_REPRESENTATION('',(#2026),#2030);
#2026 = LINE('',#2027,#2028);
#2027 = CARTESIAN_POINT('',(56.,0.));
#2028 = VECTOR('',#2029,1.);
#2029 = DIRECTION('',(0.,-1.));
#2030 = ( GEOMETRIC_REPRESENTATION_CONTEXT(2) 
PARAMETRIC_REPRESENTATION_CONTEXT() REPRESENTATION_CONTEXT('2D SPACE',''
  ) );
#2031 = ORIENTED_EDGE('',*,*,#1015,.F.);
#2032 = FACE_BOUND('',#2033,.T.);
#2033 = EDGE_LOOP('',(#2034));
#2034 = ORIENTED_EDGE('',*,*,#2035,.F.);
#2035 = EDGE_CURVE('',#2036,#2036,#2038,.T.);
#2036 = VERTEX_POINT('',#2037);
#2037 = CARTESIAN_POINT('',(276.61251702299,-2.694222958124E-15,56.));
#2038 = SURFACE_CURVE('',#2039,(#2044,#2051),.PCURVE_S1.);
#2039 = CIRCLE('',#2040,11.);
#2040 = AXIS2_PLACEMENT_3D('',#2041,#2042,#2043);
#2041 = CARTESIAN_POINT('',(265.61251702299,0.,56.));
#2042 = DIRECTION('',(0.,0.,1.));
#2043 = DIRECTION('',(1.,0.,-0.));
#2044 = PCURVE('',#536,#2045);
#2045 = DEFINITIONAL_REPRESENTATION('',(#2046),#2050);
#2046 = CIRCLE('',#2047,11.);
#2047 = AXIS2_PLACEMENT_2D('',#2048,#2049);
#2048 = CARTESIAN_POINT('',(13.5,15.));
#2049 = DIRECTION('',(1.,0.));
#2050 = ( GEOMETRIC_REPRESENTATION_CONTEXT(2) 
PARAMETRIC_REPRESENTATION_CONTEXT() REPRESENTATION_CONTEXT('2D SPACE',''
  ) );
#2051 = PCURVE('',#2052,#2057);
#2052 = CYLINDRICAL_SURFACE('',#2053,11.);
#2053 = AXIS2_PLACEMENT_3D('',#2054,#2055,#2056);
#2054 = CARTESIAN_POINT('',(265.61251702299,0.,29.3));
#2055 = DIRECTION('',(0.,0.,1.));
#2056 = DIRECTION('',(1.,0.,-0.));
#2057 = DEFINITIONAL_REPRESENTATION('',(#2058),#2062);
#2058 = LINE('',#2059,#2060);
#2059 = CARTESIAN_POINT('',(0.,26.7));
#2060 = VECTOR('',#2061,1.);
#2061 = DIRECTION('',(1.,0.));
#2062 = ( GEOMETRIC_REPRESENTATION_CONTEXT(2) 
PARAMETRIC_REPRESENTATION_CONTEXT() REPRESENTATION_CONTEXT('2D SPACE',''
  ) );
#2063 = ADVANCED_FACE('',(#2064),#564,.T.);
#2064 = FACE_BOUND('',#2065,.T.);
#2065 = EDGE_LOOP('',(#2066,#2067,#2088,#2089));
#2066 = ORIENTED_EDGE('',*,*,#548,.F.);
#2067 = ORIENTED_EDGE('',*,*,#2068,.T.);
#2068 = EDGE_CURVE('',#549,#1039,#2069,.T.);
#2069 = SURFACE_CURVE('',#2070,(#2074,#2081),.PCURVE_S1.);
#2070 = LINE('',#2071,#2072);
#2071 = CARTESIAN_POINT('',(344.4,-15.,0.));
#2072 = VECTOR('',#2073,1.);
#2073 = DIRECTION('',(-0.,1.,0.));
#2074 = PCURVE('',#564,#2075);
#2075 = DEFINITIONAL_REPRESENTATION('',(#2076),#2080);
#2076 = LINE('',#2077,#2078);
#2077 = CARTESIAN_POINT('',(0.,0.));
#2078 = VECTOR('',#2079,1.);
#2079 = DIRECTION('',(0.,-1.));
#2080 = ( GEOMETRIC_REPRESENTATION_CONTEXT(2) 
PARAMETRIC_REPRESENTATION_CONTEXT() REPRESENTATION_CONTEXT('2D SPACE',''
  ) );
#2081 = PCURVE('',#592,#2082);
#2082 = DEFINITIONAL_REPRESENTATION('',(#2083),#2087);
#2083 = LINE('',#2084,#2085);
#2084 = CARTESIAN_POINT('',(288.4,0.));
#2085 = VECTOR('',#2086,1.);
#2086 = DIRECTION('',(0.,1.));
#2087 = ( GEOMETRIC_REPRESENTATION_CONTEXT(2) 
PARAMETRIC_REPRESENTATION_CONTEXT() REPRESENTATION_CONTEXT('2D SPACE',''
  ) );
#2088 = ORIENTED_EDGE('',*,*,#1038,.F.);
#2089 = ORIENTED_EDGE('',*,*,#2011,.F.);
#2090 = ADVANCED_FACE('',(#2091,#2115,#2146,#2177),#592,.F.);
#2091 = FACE_BOUND('',#2092,.F.);
#2092 = EDGE_LOOP('',(#2093,#2112,#2113,#2114));
#2093 = ORIENTED_EDGE('',*,*,#2094,.F.);
#2094 = EDGE_CURVE('',#577,#1062,#2095,.T.);
#2095 = SURFACE_CURVE('',#2096,(#2100,#2106),.PCURVE_S1.);
#2096 = LINE('',#2097,#2098);
#2097 = CARTESIAN_POINT('',(232.,-15.,0.));
#2098 = VECTOR('',#2099,1.);
#2099 = DIRECTION('',(-0.,1.,0.));
#2100 = PCURVE('',#592,#2101);
#2101 = DEFINITIONAL_REPRESENTATION('',(#2102),#2105);
#2102 = B_SPLINE_CURVE_WITH_KNOTS('',1,(#2103,#2104),.UNSPECIFIED.,.F.,
  .F.,(2,2),(0.,30.),.PIECEWISE_BEZIER_KNOTS.);
#2103 = CARTESIAN_POINT('',(176.,0.));
#2104 = CARTESIAN_POINT('',(176.,30.));
#2105 = ( GEOMETRIC_REPRESENTATION_CONTEXT(2) 
PARAMETRIC_REPRESENTATION_CONTEXT() REPRESENTATION_CONTEXT('2D SPACE',''
  ) );
#2106 = PCURVE('',#620,#2107);
#2107 = DEFINITIONAL_REPRESENTATION('',(#2108),#2111);
#2108 = B_SPLINE_CURVE_WITH_KNOTS('',1,(#2109,#2110),.UNSPECIFIED.,.F.,
  .F.,(2,2),(0.,30.),.PIECEWISE_BEZIER_KNOTS.);
#2109 = CARTESIAN_POINT('',(1.,0.));
#2110 = CARTESIAN_POINT('',(1.,-30.));
#2111 = ( GEOMETRIC_REPRESENTATION_CONTEXT(2) 
PARAMETRIC_REPRESENTATION_CONTEXT() REPRESENTATION_CONTEXT('2D SPACE',''
  ) );
#2112 = ORIENTED_EDGE('',*,*,#576,.T.);
#2113 = ORIENTED_EDGE('',*,*,#2068,.T.);
#2114 = ORIENTED_EDGE('',*,*,#1061,.F.);
#2115 = FACE_BOUND('',#2116,.F.);
#2116 = EDGE_LOOP('',(#2117));
#2117 = ORIENTED_EDGE('',*,*,#2118,.F.);
#2118 = EDGE_CURVE('',#2119,#2119,#2121,.T.);
#2119 = VERTEX_POINT('',#2120);
#2120 = CARTESIAN_POINT('',(266.72901306364,-1.469576158977E-15,0.));
#2121 = SURFACE_CURVE('',#2122,(#2127,#2134),.PCURVE_S1.);
#2122 = CIRCLE('',#2123,6.);
#2123 = AXIS2_PLACEMENT_3D('',#2124,#2125,#2126);
#2124 = CARTESIAN_POINT('',(260.72901306364,0.,0.));
#2125 = DIRECTION('',(0.,0.,1.));
#2126 = DIRECTION('',(1.,0.,-0.));
#2127 = PCURVE('',#592,#2128);
#2128 = DEFINITIONAL_REPRESENTATION('',(#2129),#2133);
#2129 = CIRCLE('',#2130,6.);
#2130 = AXIS2_PLACEMENT_2D('',#2131,#2132);
#2131 = CARTESIAN_POINT('',(204.72901306364,15.));
#2132 = DIRECTION('',(1.,0.));
#2133 = ( GEOMETRIC_REPRESENTATION_CONTEXT(2) 
PARAMETRIC_REPRESENTATION_CONTEXT() REPRESENTATION_CONTEXT('2D SPACE',''
  ) );
#2134 = PCURVE('',#2135,#2140);
#2135 = CYLINDRICAL_SURFACE('',#2136,6.);
#2136 = AXIS2_PLACEMENT_3D('',#2137,#2138,#2139);
#2137 = CARTESIAN_POINT('',(260.72901306364,0.,-2.));
#2138 = DIRECTION('',(0.,0.,1.));
#2139 = DIRECTION('',(1.,0.,-0.));
#2140 = DEFINITIONAL_REPRESENTATION('',(#2141),#2145);
#2141 = LINE('',#2142,#2143);
#2142 = CARTESIAN_POINT('',(0.,2.));
#2143 = VECTOR('',#2144,1.);
#2144 = DIRECTION('',(1.,0.));
#2145 = ( GEOMETRIC_REPRESENTATION_CONTEXT(2) 
PARAMETRIC_REPRESENTATION_CONTEXT() REPRESENTATION_CONTEXT('2D SPACE',''
  ) );
#2146 = FACE_BOUND('',#2147,.F.);
#2147 = EDGE_LOOP('',(#2148));
#2148 = ORIENTED_EDGE('',*,*,#2149,.F.);
#2149 = EDGE_CURVE('',#2150,#2150,#2152,.T.);
#2150 = VERTEX_POINT('',#2151);
#2151 = CARTESIAN_POINT('',(278.95300251664,-1.16341445919E-15,0.));
#2152 = SURFACE_CURVE('',#2153,(#2158,#2165),.PCURVE_S1.);
#2153 = CIRCLE('',#2154,4.75);
#2154 = AXIS2_PLACEMENT_3D('',#2155,#2156,#2157);
#2155 = CARTESIAN_POINT('',(274.20300251664,0.,0.));
#2156 = DIRECTION('',(0.,0.,1.));
#2157 = DIRECTION('',(1.,0.,-0.));
#2158 = PCURVE('',#592,#2159);
#2159 = DEFINITIONAL_REPRESENTATION('',(#2160),#2164);
#2160 = CIRCLE('',#2161,4.75);
#2161 = AXIS2_PLACEMENT_2D('',#2162,#2163);
#2162 = CARTESIAN_POINT('',(218.20300251664,15.));
#2163 = DIRECTION('',(1.,0.));
#2164 = ( GEOMETRIC_REPRESENTATION_CONTEXT(2) 
PARAMETRIC_REPRESENTATION_CONTEXT() REPRESENTATION_CONTEXT('2D SPACE',''
  ) );
#2165 = PCURVE('',#2166,#2171);
#2166 = CYLINDRICAL_SURFACE('',#2167,4.75);
#2167 = AXIS2_PLACEMENT_3D('',#2168,#2169,#2170);
#2168 = CARTESIAN_POINT('',(274.20300251664,0.,-2.));
#2169 = DIRECTION('',(0.,0.,1.));
#2170 = DIRECTION('',(1.,0.,-0.));
#2171 = DEFINITIONAL_REPRESENTATION('',(#2172),#2176);
#2172 = LINE('',#2173,#2174);
#2173 = CARTESIAN_POINT('',(0.,2.));
#2174 = VECTOR('',#2175,1.);
#2175 = DIRECTION('',(1.,0.));
#2176 = ( GEOMETRIC_REPRESENTATION_CONTEXT(2) 
PARAMETRIC_REPRESENTATION_CONTEXT() REPRESENTATION_CONTEXT('2D SPACE',''
  ) );
#2177 = FACE_BOUND('',#2178,.F.);
#2178 = EDGE_LOOP('',(#2179));
#2179 = ORIENTED_EDGE('',*,*,#2180,.F.);
#2180 = EDGE_CURVE('',#2181,#2181,#2183,.T.);
#2181 = VERTEX_POINT('',#2182);
#2182 = CARTESIAN_POINT('',(322.65,-9.184850993605E-16,0.));
#2183 = SURFACE_CURVE('',#2184,(#2189,#2196),.PCURVE_S1.);
#2184 = CIRCLE('',#2185,3.75);
#2185 = AXIS2_PLACEMENT_3D('',#2186,#2187,#2188);
#2186 = CARTESIAN_POINT('',(318.9,0.,0.));
#2187 = DIRECTION('',(0.,0.,1.));
#2188 = DIRECTION('',(1.,0.,-0.));
#2189 = PCURVE('',#592,#2190);
#2190 = DEFINITIONAL_REPRESENTATION('',(#2191),#2195);
#2191 = CIRCLE('',#2192,3.75);
#2192 = AXIS2_PLACEMENT_2D('',#2193,#2194);
#2193 = CARTESIAN_POINT('',(262.9,15.));
#2194 = DIRECTION('',(1.,0.));
#2195 = ( GEOMETRIC_REPRESENTATION_CONTEXT(2) 
PARAMETRIC_REPRESENTATION_CONTEXT() REPRESENTATION_CONTEXT('2D SPACE',''
  ) );
#2196 = PCURVE('',#2197,#2202);
#2197 = CYLINDRICAL_SURFACE('',#2198,3.75);
#2198 = AXIS2_PLACEMENT_3D('',#2199,#2200,#2201);
#2199 = CARTESIAN_POINT('',(318.9,0.,-2.));
#2200 = DIRECTION('',(0.,0.,1.));
#2201 = DIRECTION('',(1.,0.,-0.));
#2202 = DEFINITIONAL_REPRESENTATION('',(#2203),#2207);
#2203 = LINE('',#2204,#2205);
#2204 = CARTESIAN_POINT('',(0.,2.));
#2205 = VECTOR('',#2206,1.);
#2206 = DIRECTION('',(1.,0.));
#2207 = ( GEOMETRIC_REPRESENTATION_CONTEXT(2) 
PARAMETRIC_REPRESENTATION_CONTEXT() REPRESENTATION_CONTEXT('2D SPACE',''
  ) );
#2208 = ADVANCED_FACE('',(#2209),#620,.T.);
#2209 = FACE_BOUND('',#2210,.T.);
#2210 = EDGE_LOOP('',(#2211,#2212,#2233,#2234));
#2211 = ORIENTED_EDGE('',*,*,#604,.F.);
#2212 = ORIENTED_EDGE('',*,*,#2213,.T.);
#2213 = EDGE_CURVE('',#605,#1085,#2214,.T.);
#2214 = SURFACE_CURVE('',#2215,(#2219,#2226),.PCURVE_S1.);
#2215 = LINE('',#2216,#2217);
#2216 = CARTESIAN_POINT('',(232.,-15.,-1.));
#2217 = VECTOR('',#2218,1.);
#2218 = DIRECTION('',(-0.,1.,0.));
#2219 = PCURVE('',#620,#2220);
#2220 = DEFINITIONAL_REPRESENTATION('',(#2221),#2225);
#2221 = LINE('',#2222,#2223);
#2222 = CARTESIAN_POINT('',(0.,0.));
#2223 = VECTOR('',#2224,1.);
#2224 = DIRECTION('',(0.,-1.));
#2225 = ( GEOMETRIC_REPRESENTATION_CONTEXT(2) 
PARAMETRIC_REPRESENTATION_CONTEXT() REPRESENTATION_CONTEXT('2D SPACE',''
  ) );
#2226 = PCURVE('',#648,#2227);
#2227 = DEFINITIONAL_REPRESENTATION('',(#2228),#2232);
#2228 = LINE('',#2229,#2230);
#2229 = CARTESIAN_POINT('',(22.,0.));
#2230 = VECTOR('',#2231,1.);
#2231 = DIRECTION('',(0.,1.));
#2232 = ( GEOMETRIC_REPRESENTATION_CONTEXT(2) 
PARAMETRIC_REPRESENTATION_CONTEXT() REPRESENTATION_CONTEXT('2D SPACE',''
  ) );
#2233 = ORIENTED_EDGE('',*,*,#1084,.T.);
#2234 = ORIENTED_EDGE('',*,*,#2094,.F.);
#2235 = ADVANCED_FACE('',(#2236),#648,.F.);
#2236 = FACE_BOUND('',#2237,.F.);
#2237 = EDGE_LOOP('',(#2238,#2259,#2260,#2261));
#2238 = ORIENTED_EDGE('',*,*,#2239,.F.);
#2239 = EDGE_CURVE('',#633,#1108,#2240,.T.);
#2240 = SURFACE_CURVE('',#2241,(#2245,#2252),.PCURVE_S1.);
#2241 = LINE('',#2242,#2243);
#2242 = CARTESIAN_POINT('',(210.,-15.,-1.));
#2243 = VECTOR('',#2244,1.);
#2244 = DIRECTION('',(-0.,1.,0.));
#2245 = PCURVE('',#648,#2246);
#2246 = DEFINITIONAL_REPRESENTATION('',(#2247),#2251);
#2247 = LINE('',#2248,#2249);
#2248 = CARTESIAN_POINT('',(0.,0.));
#2249 = VECTOR('',#2250,1.);
#2250 = DIRECTION('',(0.,1.));
#2251 = ( GEOMETRIC_REPRESENTATION_CONTEXT(2) 
PARAMETRIC_REPRESENTATION_CONTEXT() REPRESENTATION_CONTEXT('2D SPACE',''
  ) );
#2252 = PCURVE('',#674,#2253);
#2253 = DEFINITIONAL_REPRESENTATION('',(#2254),#2258);
#2254 = LINE('',#2255,#2256);
#2255 = CARTESIAN_POINT('',(0.,0.));
#2256 = VECTOR('',#2257,1.);
#2257 = DIRECTION('',(0.,-1.));
#2258 = ( GEOMETRIC_REPRESENTATION_CONTEXT(2) 
PARAMETRIC_REPRESENTATION_CONTEXT() REPRESENTATION_CONTEXT('2D SPACE',''
  ) );
#2259 = ORIENTED_EDGE('',*,*,#632,.T.);
#2260 = ORIENTED_EDGE('',*,*,#2213,.T.);
#2261 = ORIENTED_EDGE('',*,*,#1107,.F.);
#2262 = ADVANCED_FACE('',(#2263),#674,.F.);
#2263 = FACE_BOUND('',#2264,.F.);
#2264 = EDGE_LOOP('',(#2265,#2266,#2267,#2268));
#2265 = ORIENTED_EDGE('',*,*,#660,.F.);
#2266 = ORIENTED_EDGE('',*,*,#2239,.T.);
#2267 = ORIENTED_EDGE('',*,*,#1130,.T.);
#2268 = ORIENTED_EDGE('',*,*,#691,.F.);
#2269 = ADVANCED_FACE('',(#2270),#752,.F.);
#2270 = FACE_BOUND('',#2271,.F.);
#2271 = EDGE_LOOP('',(#2272,#2515,#2536,#2537,#2538));
#2272 = ORIENTED_EDGE('',*,*,#2273,.F.);
#2273 = EDGE_CURVE('',#2274,#2276,#2278,.T.);
#2274 = VERTEX_POINT('',#2275);
#2275 = CARTESIAN_POINT('',(136.04167619797,-2.051283388572E-15,3.3));
#2276 = VERTEX_POINT('',#2277);
#2277 = CARTESIAN_POINT('',(124.54167619797,-2.694222958124E-15,3.3));
#2278 = SURFACE_CURVE('',#2279,(#2354,#2432),.PCURVE_S1.);
#2279 = B_SPLINE_CURVE_WITH_KNOTS('',7,(#2280,#2281,#2282,#2283,#2284,
    #2285,#2286,#2287,#2288,#2289,#2290,#2291,#2292,#2293,#2294,#2295,
    #2296,#2297,#2298,#2299,#2300,#2301,#2302,#2303,#2304,#2305,#2306,
    #2307,#2308,#2309,#2310,#2311,#2312,#2313,#2314,#2315,#2316,#2317,
    #2318,#2319,#2320,#2321,#2322,#2323,#2324,#2325,#2326,#2327,#2328,
    #2329,#2330,#2331,#2332,#2333,#2334,#2335,#2336,#2337,#2338,#2339,
    #2340,#2341,#2342,#2343,#2344,#2345,#2346,#2347,#2348,#2349,#2350,
    #2351,#2352,#2353),.UNSPECIFIED.,.F.,.F.,(8,6,6,6,6,6,6,6,6,6,6,6,8)
  ,(0.,0.111989928841,0.165656680262,0.206803199036,0.261759228463,
    0.326094170309,0.4083393302,0.499845127327,0.590486662244,
    0.674287421944,0.833293861967,0.888079455474,1.),.UNSPECIFIED.);
#2280 = CARTESIAN_POINT('',(136.04167619797,-7.041719095097E-16,3.3));
#2281 = CARTESIAN_POINT('',(136.04167619797,0.360848197358,3.3));
#2282 = CARTESIAN_POINT('',(136.01525622337,0.719119156219,
    3.313810493108));
#2283 = CARTESIAN_POINT('',(135.96309696393,1.071148130273,
    3.341075351912));
#2284 = CARTESIAN_POINT('',(135.88671263729,1.413358864299,
    3.380713338453));
#2285 = CARTESIAN_POINT('',(135.78844801553,1.742363160642,
    3.430958199463));
#2286 = CARTESIAN_POINT('',(135.67152223339,2.055053667246,
    3.489491443098));
#2287 = CARTESIAN_POINT('',(135.477149748,2.489403451286,3.584421780821)
  );
#2288 = CARTESIAN_POINT('',(135.41059889218,2.626314838839,
    3.616597051532));
#2289 = CARTESIAN_POINT('',(135.34071410663,2.759424251619,
    3.650001651867));
#2290 = CARTESIAN_POINT('',(135.26772774297,2.888739929223,
    3.684451173046));
#2291 = CARTESIAN_POINT('',(135.19185747888,3.014277998265,
    3.719769383717));
#2292 = CARTESIAN_POINT('',(135.1133065886,3.136062321538,3.755788858718
    ));
#2293 = CARTESIAN_POINT('',(134.97012869163,3.3446429872,3.820384417795)
  );
#2294 = CARTESIAN_POINT('',(134.90651898125,3.432987359915,
    3.848740852887));
#2295 = CARTESIAN_POINT('',(134.84151142266,3.519182256558,3.87735358962
    ));
#2296 = CARTESIAN_POINT('',(134.77517613199,3.603253391289,
    3.906158667804));
#2297 = CARTESIAN_POINT('',(134.70757700128,3.685227401177,
    3.935095490555));
#2298 = CARTESIAN_POINT('',(134.63877169841,3.765131846199,
    3.964106824295));
#2299 = CARTESIAN_POINT('',(134.47537179297,3.946990915274,
    4.031914425229));
#2300 = CARTESIAN_POINT('',(134.37987036235,4.047347311941,
    4.070727478634));
#2301 = CARTESIAN_POINT('',(134.28243335865,4.144126887185,
    4.109447685559));
#2302 = CARTESIAN_POINT('',(134.18317310622,4.237389162698,
    4.147952603987));
#2303 = CARTESIAN_POINT('',(134.08218820303,4.327190813221,
    4.186127106802));
#2304 = CARTESIAN_POINT('',(133.97956345344,4.413585785828,
    4.223862865291));
#2305 = CARTESIAN_POINT('',(133.75339423871,4.593836772382,
    4.304600571961));
#2306 = CARTESIAN_POINT('',(133.62926656644,4.686451417225,
    4.347402893257));
#2307 = CARTESIAN_POINT('',(133.50312283926,4.77453260275,4.389292827883
    ));
#2308 = CARTESIAN_POINT('',(133.37508506301,4.858136082802,
    4.430107404454));
#2309 = CARTESIAN_POINT('',(133.24526121758,4.937310263925,
    4.469692264758));
#2310 = CARTESIAN_POINT('',(133.11374528052,5.012096353206,
    4.507901279656));
#2311 = CARTESIAN_POINT('',(132.81042768024,5.172568280985,
    4.591506547174));
#2312 = CARTESIAN_POINT('',(132.6375823511,5.255503650888,4.635948272581
    ));
#2313 = CARTESIAN_POINT('',(132.46233234999,5.331356326365,
    4.677607439822));
#2314 = CARTESIAN_POINT('',(132.28491135703,5.40014330524,4.716194937818
    ));
#2315 = CARTESIAN_POINT('',(132.10553585972,5.461874723151,
    4.751448677713));
#2316 = CARTESIAN_POINT('',(131.92440536706,5.516551704068,
    4.783135824801));
#2317 = CARTESIAN_POINT('',(131.53842792395,5.617137788699,
    4.842117881711));
#2318 = CARTESIAN_POINT('',(131.33321637269,5.661363813278,
    4.868515360391));
#2319 = CARTESIAN_POINT('',(131.12646583144,5.696791236214,
    4.889946778111));
#2320 = CARTESIAN_POINT('',(130.91856386488,5.723385809371,
    4.906180970429));
#2321 = CARTESIAN_POINT('',(130.70988800704,5.741126182345,
    4.917059578918));
#2322 = CARTESIAN_POINT('',(130.50080602755,5.75,4.922500333244));
#2323 = CARTESIAN_POINT('',(130.08452157666,5.75,4.922500333244));
#2324 = CARTESIAN_POINT('',(129.87741284703,5.741293014331,4.91716185446
    ));
#2325 = CARTESIAN_POINT('',(129.67069885005,5.723885945011,
    4.906487656595));
#2326 = CARTESIAN_POINT('',(129.46473749134,5.697790745822,4.8905569534)
  );
#2327 = CARTESIAN_POINT('',(129.25989599858,5.66302812022,4.869522305712
    ));
#2328 = CARTESIAN_POINT('',(129.05655117891,5.619631219229,4.84360651449
    ));
#2329 = CARTESIAN_POINT('',(128.66883260364,5.519590565543,
    4.784894896274));
#2330 = CARTESIAN_POINT('',(128.48419693628,5.464196899905,
    4.752767447801));
#2331 = CARTESIAN_POINT('',(128.30137542959,5.401479394478,
    4.716928720419));
#2332 = CARTESIAN_POINT('',(128.12057888444,5.331437018363,
    4.677624296292));
#2333 = CARTESIAN_POINT('',(127.94203638561,5.254059020762,4.63513133606
    ));
#2334 = CARTESIAN_POINT('',(127.76599554015,5.169327294027,4.58975612712
    ));
#2335 = CARTESIAN_POINT('',(127.26394890647,4.902448796068,
    4.450898048519));
#2336 = CARTESIAN_POINT('',(126.94550123785,4.701311550627,
    4.350885885543));
#2337 = CARTESIAN_POINT('',(126.63818416957,4.47323025342,4.243833865443
    ));
#2338 = CARTESIAN_POINT('',(126.34336450072,4.217161192056,
    4.131978797151));
#2339 = CARTESIAN_POINT('',(126.06314847282,3.931750556561,
    4.017902760375));
#2340 = CARTESIAN_POINT('',(125.80060183901,3.615518839486,
    3.904754552926));
#2341 = CARTESIAN_POINT('',(125.47717392197,3.147116849295,
    3.759058061981));
#2342 = CARTESIAN_POINT('',(125.39686917379,3.023218555784,
    3.722274588801));
#2343 = CARTESIAN_POINT('',(125.31933960452,2.895419096738,
    3.686210144863));
#2344 = CARTESIAN_POINT('',(125.24479993593,2.763692718161,
    3.651041789948));
#2345 = CARTESIAN_POINT('',(125.17348047663,2.628021991084,
    3.616956122973));
#2346 = CARTESIAN_POINT('',(125.10562741555,2.488397974328,3.58414859416
    ));
#2347 = CARTESIAN_POINT('',(124.91050468765,2.051508179381,
    3.488827927497));
#2348 = CARTESIAN_POINT('',(124.79397540292,1.73925054645,3.430483151026
    ));
#2349 = CARTESIAN_POINT('',(124.69606381802,1.410772204501,
    3.380414428437));
#2350 = CARTESIAN_POINT('',(124.61996257223,1.069160302322,
    3.340922260645));
#2351 = CARTESIAN_POINT('',(124.56799844515,0.71777950625,3.313759410645
    ));
#2352 = CARTESIAN_POINT('',(124.54167619797,0.360180230063,3.3));
#2353 = CARTESIAN_POINT('',(124.54167619797,1.056257864265E-15,3.3));
#2354 = PCURVE('',#752,#2355);
#2355 = DEFINITIONAL_REPRESENTATION('',(#2356),#2431);
#2356 = B_SPLINE_CURVE_WITH_KNOTS('',7,(#2357,#2358,#2359,#2360,#2361,
    #2362,#2363,#2364,#2365,#2366,#2367,#2368,#2369,#2370,#2371,#2372,
    #2373,#2374,#2375,#2376,#2377,#2378,#2379,#2380,#2381,#2382,#2383,
    #2384,#2385,#2386,#2387,#2388,#2389,#2390,#2391,#2392,#2393,#2394,
    #2395,#2396,#2397,#2398,#2399,#2400,#2401,#2402,#2403,#2404,#2405,
    #2406,#2407,#2408,#2409,#2410,#2411,#2412,#2413,#2414,#2415,#2416,
    #2417,#2418,#2419,#2420,#2421,#2422,#2423,#2424,#2425,#2426,#2427,
    #2428,#2429,#2430),.UNSPECIFIED.,.F.,.F.,(8,6,6,6,6,6,6,6,6,6,6,6,8)
  ,(0.,0.111989928841,0.165656680262,0.206803199036,0.261759228463,
    0.326094170309,0.4083393302,0.499845127327,0.590486662244,
    0.674287421944,0.833293861967,0.888079455474,1.),.UNSPECIFIED.);
#2357 = CARTESIAN_POINT('',(0.,5.3));
#2358 = CARTESIAN_POINT('',(6.275620823615E-02,5.3));
#2359 = CARTESIAN_POINT('',(0.125064168477,5.313810493108));
#2360 = CARTESIAN_POINT('',(0.186690424882,5.341075351912));
#2361 = CARTESIAN_POINT('',(0.247390159198,5.380713338453));
#2362 = CARTESIAN_POINT('',(0.306883932575,5.430958199463));
#2363 = CARTESIAN_POINT('',(0.364827516939,5.489491443098));
#2364 = CARTESIAN_POINT('',(0.447585349908,5.584421780821));
#2365 = CARTESIAN_POINT('',(0.474046724391,5.616597051532));
#2366 = CARTESIAN_POINT('',(0.500172853011,5.650001651867));
#2367 = CARTESIAN_POINT('',(0.525976363443,5.684451173046));
#2368 = CARTESIAN_POINT('',(0.55146899398,5.719769383717));
#2369 = CARTESIAN_POINT('',(0.57666199008,5.755788858718));
#2370 = CARTESIAN_POINT('',(0.620660891688,5.820384417795));
#2371 = CARTESIAN_POINT('',(0.639588686111,5.848740852887));
#2372 = CARTESIAN_POINT('',(0.658357148367,5.87735358962));
#2373 = CARTESIAN_POINT('',(0.676973581793,5.906158667804));
#2374 = CARTESIAN_POINT('',(0.695445328883,5.935095490555));
#2375 = CARTESIAN_POINT('',(0.713779771293,5.964106824295));
#2376 = CARTESIAN_POINT('',(0.756298665161,6.031914425229));
#2377 = CARTESIAN_POINT('',(0.780381827425,6.070727478634));
#2378 = CARTESIAN_POINT('',(0.804250721308,6.109447685559));
#2379 = CARTESIAN_POINT('',(0.827921480304,6.147952603987));
#2380 = CARTESIAN_POINT('',(0.851409871923,6.186127106802));
#2381 = CARTESIAN_POINT('',(0.874731702901,6.223862865291));
#2382 = CARTESIAN_POINT('',(0.925029246868,6.304600571961));
#2383 = CARTESIAN_POINT('',(0.951949724398,6.347402893257));
#2384 = CARTESIAN_POINT('',(0.978685592871,6.389292827883));
#2385 = CARTESIAN_POINT('',(1.005256707076,6.430107404454));
#2386 = CARTESIAN_POINT('',(1.031682380614,6.469692264758));
#2387 = CARTESIAN_POINT('',(1.057981925794,6.507901279656));
#2388 = CARTESIAN_POINT('',(1.11766041061,6.591506547174));
#2389 = CARTESIAN_POINT('',(1.150976085197,6.635948272581));
#2390 = CARTESIAN_POINT('',(1.184146722837,6.677607439822));
#2391 = CARTESIAN_POINT('',(1.217196307907,6.716194937818));
#2392 = CARTESIAN_POINT('',(1.250149003026,6.751448677713));
#2393 = CARTESIAN_POINT('',(1.283029848476,6.783135824801));
#2394 = CARTESIAN_POINT('',(1.352398297803,6.842117881711));
#2395 = CARTESIAN_POINT('',(1.388873430986,6.868515360391));
#2396 = CARTESIAN_POINT('',(1.425301371311,6.889946778111));
#2397 = CARTESIAN_POINT('',(1.461693819089,6.906180970429));
#2398 = CARTESIAN_POINT('',(1.498063820221,6.917059578918));
#2399 = CARTESIAN_POINT('',(1.534425921649,6.922500333244));
#2400 = CARTESIAN_POINT('',(1.606823217457,6.922500333244));
#2401 = CARTESIAN_POINT('',(1.642842143914,6.91716185446));
#2402 = CARTESIAN_POINT('',(1.678868748291,6.906487656595));
#2403 = CARTESIAN_POINT('',(1.714917091584,6.8905569534));
#2404 = CARTESIAN_POINT('',(1.750999799445,6.869522305712));
#2405 = CARTESIAN_POINT('',(1.787128207974,6.84360651449));
#2406 = CARTESIAN_POINT('',(1.856765958421,6.784894896274));
#2407 = CARTESIAN_POINT('',(1.89026507479,6.752767447801));
#2408 = CARTESIAN_POINT('',(1.923838055294,6.716928720419));
#2409 = CARTESIAN_POINT('',(1.957511376714,6.677624296292));
#2410 = CARTESIAN_POINT('',(1.99131056276,6.63513133606));
#2411 = CARTESIAN_POINT('',(2.025260950899,6.58975612712));
#2412 = CARTESIAN_POINT('',(2.124143165694,6.450898048519));
#2413 = CARTESIAN_POINT('',(2.189464542541,6.350885885543));
#2414 = CARTESIAN_POINT('',(2.255719738902,6.243833865443));
#2415 = CARTESIAN_POINT('',(2.323262130809,6.131978797151));
#2416 = CARTESIAN_POINT('',(2.392449645781,6.017902760375));
#2417 = CARTESIAN_POINT('',(2.463650192529,5.904754552926));
#2418 = CARTESIAN_POINT('',(2.562644155329,5.759058061981));
#2419 = CARTESIAN_POINT('',(2.588310910396,5.722274588801));
#2420 = CARTESIAN_POINT('',(2.614288416849,5.686210144863));
#2421 = CARTESIAN_POINT('',(2.640588601558,5.651041789948));
#2422 = CARTESIAN_POINT('',(2.667223915596,5.616956122973));
#2423 = CARTESIAN_POINT('',(2.694207772119,5.58414859416));
#2424 = CARTESIAN_POINT('',(2.777422132496,5.488827927497));
#2425 = CARTESIAN_POINT('',(2.835271535458,5.430483151026));
#2426 = CARTESIAN_POINT('',(2.894661237252,5.380414428437));
#2427 = CARTESIAN_POINT('',(2.955250176562,5.340922260645));
#2428 = CARTESIAN_POINT('',(3.016761467559,5.313759410645));
#2429 = CARTESIAN_POINT('',(3.078952613579,5.3));
#2430 = CARTESIAN_POINT('',(3.14159265359,5.3));
#2431 = ( GEOMETRIC_REPRESENTATION_CONTEXT(2) 
PARAMETRIC_REPRESENTATION_CONTEXT() REPRESENTATION_CONTEXT('2D SPACE',''
  ) );
#2432 = PCURVE('',#2433,#2438);
#2433 = CYLINDRICAL_SURFACE('',#2434,11.);
#2434 = AXIS2_PLACEMENT_3D('',#2435,#2436,#2437);
#2435 = CARTESIAN_POINT('',(84.,0.,14.3));
#2436 = DIRECTION('',(1.,0.,2.22044604925E-16));
#2437 = DIRECTION('',(2.22044604925E-16,0.,-1.));
#2438 = DEFINITIONAL_REPRESENTATION('',(#2439),#2514);
#2439 = B_SPLINE_CURVE_WITH_KNOTS('',7,(#2440,#2441,#2442,#2443,#2444,
    #2445,#2446,#2447,#2448,#2449,#2450,#2451,#2452,#2453,#2454,#2455,
    #2456,#2457,#2458,#2459,#2460,#2461,#2462,#2463,#2464,#2465,#2466,
    #2467,#2468,#2469,#2470,#2471,#2472,#2473,#2474,#2475,#2476,#2477,
    #2478,#2479,#2480,#2481,#2482,#2483,#2484,#2485,#2486,#2487,#2488,
    #2489,#2490,#2491,#2492,#2493,#2494,#2495,#2496,#2497,#2498,#2499,
    #2500,#2501,#2502,#2503,#2504,#2505,#2506,#2507,#2508,#2509,#2510,
    #2511,#2512,#2513),.UNSPECIFIED.,.F.,.F.,(8,6,6,6,6,6,6,6,6,6,6,6,8)
  ,(0.,0.111989928841,0.165656680262,0.206803199036,0.261759228463,
    0.326094170309,0.4083393302,0.499845127327,0.590486662244,
    0.674287421944,0.833293861967,0.888079455474,1.),.UNSPECIFIED.);
#2440 = CARTESIAN_POINT('',(0.,52.04167619797));
#2441 = CARTESIAN_POINT('',(3.280438157799E-02,52.04167619797));
#2442 = CARTESIAN_POINT('',(6.537450985144E-02,52.015256223374));
#2443 = CARTESIAN_POINT('',(9.743465691891E-02,51.963096963936));
#2444 = CARTESIAN_POINT('',(0.128714209666,51.886712637293));
#2445 = CARTESIAN_POINT('',(0.158942437184,51.788448015538));
#2446 = CARTESIAN_POINT('',(0.187849519814,51.671522233391));
#2447 = CARTESIAN_POINT('',(0.228267941267,51.477149748007));
#2448 = CARTESIAN_POINT('',(0.241051949519,51.410598892188));
#2449 = CARTESIAN_POINT('',(0.253525822998,51.340714106636));
#2450 = CARTESIAN_POINT('',(0.265689599857,51.267727742977));
#2451 = CARTESIAN_POINT('',(0.277543484965,51.191857478881));
#2452 = CARTESIAN_POINT('',(0.289087936906,51.113306588603));
#2453 = CARTESIAN_POINT('',(0.308938302838,50.970128691631));
#2454 = CARTESIAN_POINT('',(0.317372751774,50.906518981253));
#2455 = CARTESIAN_POINT('',(0.325628461247,50.84151142266));
#2456 = CARTESIAN_POINT('',(0.333706799281,50.775176131999));
#2457 = CARTESIAN_POINT('',(0.341609142463,50.707577001288));
#2458 = CARTESIAN_POINT('',(0.349336875938,50.638771698418));
#2459 = CARTESIAN_POINT('',(0.366981342621,50.475371792979));
#2460 = CARTESIAN_POINT('',(0.376762482731,50.379870362357));
#2461 = CARTESIAN_POINT('',(0.386237672802,50.282433358658));
#2462 = CARTESIAN_POINT('',(0.395409314901,50.183173106221));
#2463 = CARTESIAN_POINT('',(0.404279414815,50.082188203035));
#2464 = CARTESIAN_POINT('',(0.412849642763,49.979563453445));
#2465 = CARTESIAN_POINT('',(0.430804820067,49.753394238719));
#2466 = CARTESIAN_POINT('',(0.440079359153,49.629266566441));
#2467 = CARTESIAN_POINT('',(0.448945346076,49.503122839268));
#2468 = CARTESIAN_POINT('',(0.457402276344,49.375085063012));
#2469 = CARTESIAN_POINT('',(0.465448904111,49.245261217582));
#2470 = CARTESIAN_POINT('',(0.473083340025,49.113745280523));
#2471 = CARTESIAN_POINT('',(0.489532882299,48.810427680242));
#2472 = CARTESIAN_POINT('',(0.498086144171,48.637582351107));
#2473 = CARTESIAN_POINT('',(0.505952774049,48.462332349999));
#2474 = CARTESIAN_POINT('',(0.513122446737,48.284911357037));
#2475 = CARTESIAN_POINT('',(0.519584837648,48.105535859727));
#2476 = CARTESIAN_POINT('',(0.525329787963,47.924405367061));
#2477 = CARTESIAN_POINT('',(0.535930132359,47.538427923953));
#2478 = CARTESIAN_POINT('',(0.540612278082,47.333216372691));
#2479 = CARTESIAN_POINT('',(0.544376317063,47.126465831441));
#2480 = CARTESIAN_POINT('',(0.547208853998,46.918563864882));
#2481 = CARTESIAN_POINT('',(0.549100714516,46.70988800704));
#2482 = CARTESIAN_POINT('',(0.550046971521,46.500806027558));
#2483 = CARTESIAN_POINT('',(0.550046971521,46.084521576665));
#2484 = CARTESIAN_POINT('',(0.549118503565,45.877412847031));
#2485 = CARTESIAN_POINT('',(0.547262189029,45.670698850052));
#2486 = CARTESIAN_POINT('',(0.544482775435,45.464737491344));
#2487 = CARTESIAN_POINT('',(0.540789111912,45.259895998581));
#2488 = CARTESIAN_POINT('',(0.536194124657,45.056551178912));
#2489 = CARTESIAN_POINT('',(0.525648988885,44.668832603642));
#2490 = CARTESIAN_POINT('',(0.5198275992,44.484196936288));
#2491 = CARTESIAN_POINT('',(0.513260998486,44.301375429595));
#2492 = CARTESIAN_POINT('',(0.5059599262,44.12057888444));
#2493 = CARTESIAN_POINT('',(0.49793530502,43.942036385614));
#2494 = CARTESIAN_POINT('',(0.489198059732,43.765995540152));
#2495 = CARTESIAN_POINT('',(0.461848818779,43.263948906472));
#2496 = CARTESIAN_POINT('',(0.441431340012,42.945501237855));
#2497 = CARTESIAN_POINT('',(0.418536161544,42.638184169577));
#2498 = CARTESIAN_POINT('',(0.393151720873,42.343364500729));
#2499 = CARTESIAN_POINT('',(0.365236380254,42.06314847282));
#2500 = CARTESIAN_POINT('',(0.334730222232,41.80060183901));
#2501 = CARTESIAN_POINT('',(0.290135825011,41.477173921975));
#2502 = CARTESIAN_POINT('',(0.278387428958,41.396869173791));
#2503 = CARTESIAN_POINT('',(0.266317362537,41.319339604529));
#2504 = CARTESIAN_POINT('',(0.253925118324,41.244799935933));
#2505 = CARTESIAN_POINT('',(0.241210462819,41.173480476636));
#2506 = CARTESIAN_POINT('',(0.228173340305,41.105627415551));
#2507 = CARTESIAN_POINT('',(0.187521754543,40.910504687657));
#2508 = CARTESIAN_POINT('',(0.15865646135,40.793975402921));
#2509 = CARTESIAN_POINT('',(0.128477786625,40.696063818023));
#2510 = CARTESIAN_POINT('',(9.7253626805E-02,40.619962572237));
#2511 = CARTESIAN_POINT('',(6.525272335694E-02,40.567998445157));
#2512 = CARTESIAN_POINT('',(3.274365727842E-02,40.54167619797));
#2513 = CARTESIAN_POINT('',(0.,40.54167619797));
#2514 = ( GEOMETRIC_REPRESENTATION_CONTEXT(2) 
PARAMETRIC_REPRESENTATION_CONTEXT() REPRESENTATION_CONTEXT('2D SPACE',''
  ) );
#2515 = ORIENTED_EDGE('',*,*,#2516,.F.);
#2516 = EDGE_CURVE('',#736,#2274,#2517,.T.);
#2517 = SEAM_CURVE('',#2518,(#2522,#2529),.PCURVE_S1.);
#2518 = LINE('',#2519,#2520);
#2519 = CARTESIAN_POINT('',(136.04167619797,-1.408343819019E-15,-2.));
#2520 = VECTOR('',#2521,1.);
#2521 = DIRECTION('',(0.,0.,1.));
#2522 = PCURVE('',#752,#2523);
#2523 = DEFINITIONAL_REPRESENTATION('',(#2524),#2528);
#2524 = LINE('',#2525,#2526);
#2525 = CARTESIAN_POINT('',(6.28318530718,-0.));
#2526 = VECTOR('',#2527,1.);
#2527 = DIRECTION('',(0.,1.));
#2528 = ( GEOMETRIC_REPRESENTATION_CONTEXT(2) 
PARAMETRIC_REPRESENTATION_CONTEXT() REPRESENTATION_CONTEXT('2D SPACE',''
  ) );
#2529 = PCURVE('',#752,#2530);
#2530 = DEFINITIONAL_REPRESENTATION('',(#2531),#2535);
#2531 = LINE('',#2532,#2533);
#2532 = CARTESIAN_POINT('',(0.,-0.));
#2533 = VECTOR('',#2534,1.);
#2534 = DIRECTION('',(0.,1.));
#2535 = ( GEOMETRIC_REPRESENTATION_CONTEXT(2) 
PARAMETRIC_REPRESENTATION_CONTEXT() REPRESENTATION_CONTEXT('2D SPACE',''
  ) );
#2536 = ORIENTED_EDGE('',*,*,#735,.T.);
#2537 = ORIENTED_EDGE('',*,*,#2516,.T.);
#2538 = ORIENTED_EDGE('',*,*,#2539,.F.);
#2539 = EDGE_CURVE('',#2276,#2274,#2540,.T.);
#2540 = SURFACE_CURVE('',#2541,(#2616,#2694),.PCURVE_S1.);
#2541 = B_SPLINE_CURVE_WITH_KNOTS('',7,(#2542,#2543,#2544,#2545,#2546,
    #2547,#2548,#2549,#2550,#2551,#2552,#2553,#2554,#2555,#2556,#2557,
    #2558,#2559,#2560,#2561,#2562,#2563,#2564,#2565,#2566,#2567,#2568,
    #2569,#2570,#2571,#2572,#2573,#2574,#2575,#2576,#2577,#2578,#2579,
    #2580,#2581,#2582,#2583,#2584,#2585,#2586,#2587,#2588,#2589,#2590,
    #2591,#2592,#2593,#2594,#2595,#2596,#2597,#2598,#2599,#2600,#2601,
    #2602,#2603,#2604,#2605,#2606,#2607,#2608,#2609,#2610,#2611,#2612,
    #2613,#2614,#2615),.UNSPECIFIED.,.F.,.F.,(8,6,6,6,6,6,6,6,6,6,6,6,8)
  ,(0.,0.111989928844,0.165656680265,0.206803199039,0.261759228465,
    0.326094170311,0.408339330202,0.499845127328,0.590486662245,
    0.674287421944,0.833293861967,0.888079455473,1.),.UNSPECIFIED.);
#2542 = CARTESIAN_POINT('',(124.54167619797,0.,3.3));
#2543 = CARTESIAN_POINT('',(124.54167619797,-0.360848197348,3.3));
#2544 = CARTESIAN_POINT('',(124.56809617256,-0.719119156218,
    3.313810493107));
#2545 = CARTESIAN_POINT('',(124.620255432,-1.071148130281,3.341075351912
    ));
#2546 = CARTESIAN_POINT('',(124.69663975864,-1.413358864307,
    3.380713338454));
#2547 = CARTESIAN_POINT('',(124.7949043804,-1.742363160642,
    3.430958199463));
#2548 = CARTESIAN_POINT('',(124.91183016254,-2.055053667237,
    3.489491443096));
#2549 = CARTESIAN_POINT('',(125.10620264793,-2.489403451286,
    3.584421780821));
#2550 = CARTESIAN_POINT('',(125.17275350375,-2.626314838839,
    3.616597051532));
#2551 = CARTESIAN_POINT('',(125.2426382893,-2.75942425162,3.650001651867
    ));
#2552 = CARTESIAN_POINT('',(125.31562465296,-2.888739929223,
    3.684451173046));
#2553 = CARTESIAN_POINT('',(125.39149491705,-3.014277998265,
    3.719769383717));
#2554 = CARTESIAN_POINT('',(125.47004580733,-3.136062321538,
    3.755788858717));
#2555 = CARTESIAN_POINT('',(125.6132237043,-3.3446429872,3.820384417795)
  );
#2556 = CARTESIAN_POINT('',(125.67683341468,-3.432987359915,
    3.848740852887));
#2557 = CARTESIAN_POINT('',(125.74184097327,-3.519182256558,
    3.87735358962));
#2558 = CARTESIAN_POINT('',(125.80817626394,-3.603253391289,
    3.906158667804));
#2559 = CARTESIAN_POINT('',(125.87577539465,-3.685227401177,
    3.935095490555));
#2560 = CARTESIAN_POINT('',(125.94458069752,-3.765131846199,
    3.964106824295));
#2561 = CARTESIAN_POINT('',(126.10798060296,-3.946990915274,
    4.031914425229));
#2562 = CARTESIAN_POINT('',(126.20348203358,-4.047347311941,
    4.070727478634));
#2563 = CARTESIAN_POINT('',(126.30091903728,-4.144126887185,
    4.109447685559));
#2564 = CARTESIAN_POINT('',(126.40017928971,-4.237389162698,
    4.147952603987));
#2565 = CARTESIAN_POINT('',(126.5011641929,-4.327190813221,
    4.186127106802));
#2566 = CARTESIAN_POINT('',(126.60378894249,-4.413585785827,
    4.223862865291));
#2567 = CARTESIAN_POINT('',(126.82995815722,-4.593836772382,
    4.304600571961));
#2568 = CARTESIAN_POINT('',(126.95408582949,-4.686451417225,
    4.347402893257));
#2569 = CARTESIAN_POINT('',(127.08022955667,-4.77453260275,
    4.389292827883));
#2570 = CARTESIAN_POINT('',(127.20826733292,-4.858136082802,
    4.430107404454));
#2571 = CARTESIAN_POINT('',(127.33809117835,-4.937310263925,
    4.469692264759));
#2572 = CARTESIAN_POINT('',(127.46960711541,-5.012096353206,
    4.507901279656));
#2573 = CARTESIAN_POINT('',(127.77292471569,-5.172568280985,
    4.591506547174));
#2574 = CARTESIAN_POINT('',(127.94577004483,-5.255503650888,
    4.635948272581));
#2575 = CARTESIAN_POINT('',(128.12102004594,-5.331356326365,
    4.677607439822));
#2576 = CARTESIAN_POINT('',(128.2984410389,-5.40014330524,4.716194937818
    ));
#2577 = CARTESIAN_POINT('',(128.47781653621,-5.461874723151,
    4.751448677713));
#2578 = CARTESIAN_POINT('',(128.65894702887,-5.516551704068,
    4.783135824801));
#2579 = CARTESIAN_POINT('',(129.04492447198,-5.617137788699,
    4.842117881711));
#2580 = CARTESIAN_POINT('',(129.25013602324,-5.661363813278,
    4.868515360391));
#2581 = CARTESIAN_POINT('',(129.45688656449,-5.696791236214,
    4.889946778111));
#2582 = CARTESIAN_POINT('',(129.66478853105,-5.723385809371,
    4.906180970429));
#2583 = CARTESIAN_POINT('',(129.8734643889,-5.741126182345,
    4.917059578918));
#2584 = CARTESIAN_POINT('',(130.08254636838,-5.75,4.922500333244));
#2585 = CARTESIAN_POINT('',(130.49883081927,-5.75,4.922500333244));
#2586 = CARTESIAN_POINT('',(130.7059395489,-5.741293014331,4.91716185446
    ));
#2587 = CARTESIAN_POINT('',(130.91265354588,-5.723885945011,
    4.906487656595));
#2588 = CARTESIAN_POINT('',(131.11861490459,-5.697790745822,4.8905569534
    ));
#2589 = CARTESIAN_POINT('',(131.32345639735,-5.66302812022,
    4.869522305712));
#2590 = CARTESIAN_POINT('',(131.52680121702,-5.619631219229,
    4.84360651449));
#2591 = CARTESIAN_POINT('',(131.91451979229,-5.519590565543,
    4.784894896274));
#2592 = CARTESIAN_POINT('',(132.09915545965,-5.464196899905,
    4.752767447801));
#2593 = CARTESIAN_POINT('',(132.28197696634,-5.401479394478,
    4.716928720419));
#2594 = CARTESIAN_POINT('',(132.4627735115,-5.331437018363,
    4.677624296292));
#2595 = CARTESIAN_POINT('',(132.64131601032,-5.254059020762,
    4.63513133606));
#2596 = CARTESIAN_POINT('',(132.81735685578,-5.169327294027,
    4.58975612712));
#2597 = CARTESIAN_POINT('',(133.31940348946,-4.902448796067,
    4.450898048518));
#2598 = CARTESIAN_POINT('',(133.63785115808,-4.701311550627,
    4.350885885543));
#2599 = CARTESIAN_POINT('',(133.94516822636,-4.47323025342,
    4.243833865443));
#2600 = CARTESIAN_POINT('',(134.2399878952,-4.217161192056,
    4.131978797151));
#2601 = CARTESIAN_POINT('',(134.52020392312,-3.931750556561,
    4.017902760374));
#2602 = CARTESIAN_POINT('',(134.78275055693,-3.615518839485,
    3.904754552926));
#2603 = CARTESIAN_POINT('',(135.10617847396,-3.147116849295,
    3.759058061981));
#2604 = CARTESIAN_POINT('',(135.18648322214,-3.023218555784,
    3.722274588801));
#2605 = CARTESIAN_POINT('',(135.26401279141,-2.895419096738,
    3.686210144863));
#2606 = CARTESIAN_POINT('',(135.33855246,-2.763692718161,3.651041789948)
  );
#2607 = CARTESIAN_POINT('',(135.4098719193,-2.628021991084,
    3.616956122973));
#2608 = CARTESIAN_POINT('',(135.47772498038,-2.488397974328,
    3.58414859416));
#2609 = CARTESIAN_POINT('',(135.67284770828,-2.051508179378,
    3.488827927496));
#2610 = CARTESIAN_POINT('',(135.78937699301,-1.739250546451,
    3.430483151026));
#2611 = CARTESIAN_POINT('',(135.88728857791,-1.410772204503,
    3.380414428438));
#2612 = CARTESIAN_POINT('',(135.9633898237,-1.069160302325,
    3.340922260645));
#2613 = CARTESIAN_POINT('',(136.01535395078,-0.71777950625,
    3.313759410645));
#2614 = CARTESIAN_POINT('',(136.04167619797,-0.360180230059,3.3));
#2615 = CARTESIAN_POINT('',(136.04167619797,-1.7763568394E-15,3.3));
#2616 = PCURVE('',#752,#2617);
#2617 = DEFINITIONAL_REPRESENTATION('',(#2618),#2693);
#2618 = B_SPLINE_CURVE_WITH_KNOTS('',7,(#2619,#2620,#2621,#2622,#2623,
    #2624,#2625,#2626,#2627,#2628,#2629,#2630,#2631,#2632,#2633,#2634,
    #2635,#2636,#2637,#2638,#2639,#2640,#2641,#2642,#2643,#2644,#2645,
    #2646,#2647,#2648,#2649,#2650,#2651,#2652,#2653,#2654,#2655,#2656,
    #2657,#2658,#2659,#2660,#2661,#2662,#2663,#2664,#2665,#2666,#2667,
    #2668,#2669,#2670,#2671,#2672,#2673,#2674,#2675,#2676,#2677,#2678,
    #2679,#2680,#2681,#2682,#2683,#2684,#2685,#2686,#2687,#2688,#2689,
    #2690,#2691,#2692),.UNSPECIFIED.,.F.,.F.,(8,6,6,6,6,6,6,6,6,6,6,6,8)
  ,(0.,0.111989928844,0.165656680265,0.206803199039,0.261759228465,
    0.326094170311,0.408339330202,0.499845127328,0.590486662245,
    0.674287421944,0.833293861967,0.888079455473,1.),.UNSPECIFIED.);
#2619 = CARTESIAN_POINT('',(3.14159265359,5.3));
#2620 = CARTESIAN_POINT('',(3.204348861824,5.3));
#2621 = CARTESIAN_POINT('',(3.266656822067,5.313810493107));
#2622 = CARTESIAN_POINT('',(3.328283078473,5.341075351912));
#2623 = CARTESIAN_POINT('',(3.38898281279,5.380713338454));
#2624 = CARTESIAN_POINT('',(3.448476586164,5.430958199463));
#2625 = CARTESIAN_POINT('',(3.506420170527,5.489491443096));
#2626 = CARTESIAN_POINT('',(3.589178003498,5.584421780821));
#2627 = CARTESIAN_POINT('',(3.61563937798,5.616597051532));
#2628 = CARTESIAN_POINT('',(3.641765506601,5.650001651867));
#2629 = CARTESIAN_POINT('',(3.667569017033,5.684451173046));
#2630 = CARTESIAN_POINT('',(3.693061647569,5.719769383717));
#2631 = CARTESIAN_POINT('',(3.71825464367,5.755788858717));
#2632 = CARTESIAN_POINT('',(3.762253545278,5.820384417795));
#2633 = CARTESIAN_POINT('',(3.781181339701,5.848740852887));
#2634 = CARTESIAN_POINT('',(3.799949801957,5.87735358962));
#2635 = CARTESIAN_POINT('',(3.818566235382,5.906158667804));
#2636 = CARTESIAN_POINT('',(3.837037982473,5.935095490555));
#2637 = CARTESIAN_POINT('',(3.855372424883,5.964106824295));
#2638 = CARTESIAN_POINT('',(3.897891318751,6.031914425229));
#2639 = CARTESIAN_POINT('',(3.921974481014,6.070727478634));
#2640 = CARTESIAN_POINT('',(3.945843374898,6.109447685559));
#2641 = CARTESIAN_POINT('',(3.969514133894,6.147952603987));
#2642 = CARTESIAN_POINT('',(3.993002525513,6.186127106802));
#2643 = CARTESIAN_POINT('',(4.016324356491,6.223862865291));
#2644 = CARTESIAN_POINT('',(4.066621900458,6.304600571961));
#2645 = CARTESIAN_POINT('',(4.093542377988,6.347402893257));
#2646 = CARTESIAN_POINT('',(4.120278246461,6.389292827883));
#2647 = CARTESIAN_POINT('',(4.146849360666,6.430107404454));
#2648 = CARTESIAN_POINT('',(4.173275034204,6.469692264759));
#2649 = CARTESIAN_POINT('',(4.199574579384,6.507901279656));
#2650 = CARTESIAN_POINT('',(4.2592530642,6.591506547174));
#2651 = CARTESIAN_POINT('',(4.292568738786,6.635948272581));
#2652 = CARTESIAN_POINT('',(4.325739376427,6.677607439822));
#2653 = CARTESIAN_POINT('',(4.358788961496,6.716194937818));
#2654 = CARTESIAN_POINT('',(4.391741656616,6.751448677713));
#2655 = CARTESIAN_POINT('',(4.424622502066,6.783135824801));
#2656 = CARTESIAN_POINT('',(4.493990951393,6.842117881711));
#2657 = CARTESIAN_POINT('',(4.530466084575,6.868515360391));
#2658 = CARTESIAN_POINT('',(4.566894024901,6.889946778111));
#2659 = CARTESIAN_POINT('',(4.603286472678,6.906180970429));
#2660 = CARTESIAN_POINT('',(4.639656473811,6.917059578918));
#2661 = CARTESIAN_POINT('',(4.676018575239,6.922500333244));
#2662 = CARTESIAN_POINT('',(4.748415871046,6.922500333244));
#2663 = CARTESIAN_POINT('',(4.784434797503,6.91716185446));
#2664 = CARTESIAN_POINT('',(4.820461401881,6.906487656595));
#2665 = CARTESIAN_POINT('',(4.856509745174,6.8905569534));
#2666 = CARTESIAN_POINT('',(4.892592453035,6.869522305712));
#2667 = CARTESIAN_POINT('',(4.928720861564,6.84360651449));
#2668 = CARTESIAN_POINT('',(4.99835861201,6.784894896274));
#2669 = CARTESIAN_POINT('',(5.031857728379,6.752767447801));
#2670 = CARTESIAN_POINT('',(5.065430708884,6.716928720419));
#2671 = CARTESIAN_POINT('',(5.099104030304,6.677624296292));
#2672 = CARTESIAN_POINT('',(5.13290321635,6.63513133606));
#2673 = CARTESIAN_POINT('',(5.166853604489,6.58975612712));
#2674 = CARTESIAN_POINT('',(5.265735819284,6.450898048518));
#2675 = CARTESIAN_POINT('',(5.331057196131,6.350885885543));
#2676 = CARTESIAN_POINT('',(5.397312392491,6.243833865443));
#2677 = CARTESIAN_POINT('',(5.464854784399,6.131978797151));
#2678 = CARTESIAN_POINT('',(5.534042299371,6.017902760375));
#2679 = CARTESIAN_POINT('',(5.605242846119,5.904754552926));
#2680 = CARTESIAN_POINT('',(5.704236808919,5.759058061981));
#2681 = CARTESIAN_POINT('',(5.729903563986,5.722274588801));
#2682 = CARTESIAN_POINT('',(5.755881070438,5.686210144863));
#2683 = CARTESIAN_POINT('',(5.782181255148,5.651041789948));
#2684 = CARTESIAN_POINT('',(5.808816569186,5.616956122973));
#2685 = CARTESIAN_POINT('',(5.835800425709,5.58414859416));
#2686 = CARTESIAN_POINT('',(5.919014786086,5.488827927496));
#2687 = CARTESIAN_POINT('',(5.976864189048,5.430483151026));
#2688 = CARTESIAN_POINT('',(6.036253890841,5.380414428438));
#2689 = CARTESIAN_POINT('',(6.096842830151,5.340922260645));
#2690 = CARTESIAN_POINT('',(6.158354121148,5.313759410645));
#2691 = CARTESIAN_POINT('',(6.220545267169,5.3));
#2692 = CARTESIAN_POINT('',(6.28318530718,5.3));
#2693 = ( GEOMETRIC_REPRESENTATION_CONTEXT(2) 
PARAMETRIC_REPRESENTATION_CONTEXT() REPRESENTATION_CONTEXT('2D SPACE',''
  ) );
#2694 = PCURVE('',#2433,#2695);
#2695 = DEFINITIONAL_REPRESENTATION('',(#2696),#2771);
#2696 = B_SPLINE_CURVE_WITH_KNOTS('',7,(#2697,#2698,#2699,#2700,#2701,
    #2702,#2703,#2704,#2705,#2706,#2707,#2708,#2709,#2710,#2711,#2712,
    #2713,#2714,#2715,#2716,#2717,#2718,#2719,#2720,#2721,#2722,#2723,
    #2724,#2725,#2726,#2727,#2728,#2729,#2730,#2731,#2732,#2733,#2734,
    #2735,#2736,#2737,#2738,#2739,#2740,#2741,#2742,#2743,#2744,#2745,
    #2746,#2747,#2748,#2749,#2750,#2751,#2752,#2753,#2754,#2755,#2756,
    #2757,#2758,#2759,#2760,#2761,#2762,#2763,#2764,#2765,#2766,#2767,
    #2768,#2769,#2770),.UNSPECIFIED.,.F.,.F.,(8,6,6,6,6,6,6,6,6,6,6,6,8)
  ,(0.,0.111989928844,0.165656680265,0.206803199039,0.261759228465,
    0.326094170311,0.408339330202,0.499845127328,0.590486662245,
    0.674287421944,0.833293861967,0.888079455473,1.),.UNSPECIFIED.);
#2697 = CARTESIAN_POINT('',(6.28318530718,40.54167619797));
#2698 = CARTESIAN_POINT('',(6.250380925603,40.54167619797));
#2699 = CARTESIAN_POINT('',(6.217810797328,40.568096172564));
#2700 = CARTESIAN_POINT('',(6.18575065026,40.620255432003));
#2701 = CARTESIAN_POINT('',(6.154471097513,40.696639758649));
#2702 = CARTESIAN_POINT('',(6.124242869996,40.794904380403));
#2703 = CARTESIAN_POINT('',(6.095335787366,40.911830162544));
#2704 = CARTESIAN_POINT('',(6.054917365913,41.106202647933));
#2705 = CARTESIAN_POINT('',(6.042133357661,41.172753503751));
#2706 = CARTESIAN_POINT('',(6.029659484181,41.242638289304));
#2707 = CARTESIAN_POINT('',(6.017495707323,41.315624652963));
#2708 = CARTESIAN_POINT('',(6.005641822215,41.391494917059));
#2709 = CARTESIAN_POINT('',(5.994097370273,41.470045807336));
#2710 = CARTESIAN_POINT('',(5.974247004342,41.613223704308));
#2711 = CARTESIAN_POINT('',(5.965812555405,41.676833414687));
#2712 = CARTESIAN_POINT('',(5.957556845933,41.741840973279));
#2713 = CARTESIAN_POINT('',(5.949478507898,41.80817626394));
#2714 = CARTESIAN_POINT('',(5.941576164717,41.875775394652));
#2715 = CARTESIAN_POINT('',(5.933848431242,41.944580697522));
#2716 = CARTESIAN_POINT('',(5.916203964559,42.10798060296));
#2717 = CARTESIAN_POINT('',(5.906422824448,42.203482033583));
#2718 = CARTESIAN_POINT('',(5.896947634378,42.300919037281));
#2719 = CARTESIAN_POINT('',(5.887775992279,42.400179289719));
#2720 = CARTESIAN_POINT('',(5.878905892365,42.501164192904));
#2721 = CARTESIAN_POINT('',(5.870335664416,42.603788942494));
#2722 = CARTESIAN_POINT('',(5.852380487113,42.82995815722));
#2723 = CARTESIAN_POINT('',(5.843105948027,42.954085829498));
#2724 = CARTESIAN_POINT('',(5.834239961103,43.080229556672));
#2725 = CARTESIAN_POINT('',(5.825783030835,43.208267332927));
#2726 = CARTESIAN_POINT('',(5.817736403069,43.338091178358));
#2727 = CARTESIAN_POINT('',(5.810101967155,43.469607115416));
#2728 = CARTESIAN_POINT('',(5.793652424881,43.772924715698));
#2729 = CARTESIAN_POINT('',(5.785099163009,43.945770044832));
#2730 = CARTESIAN_POINT('',(5.777232533131,44.12102004594));
#2731 = CARTESIAN_POINT('',(5.770062860443,44.298441038902));
#2732 = CARTESIAN_POINT('',(5.763600469532,44.477816536213));
#2733 = CARTESIAN_POINT('',(5.757855519216,44.658947028879));
#2734 = CARTESIAN_POINT('',(5.747255174821,45.044924471987));
#2735 = CARTESIAN_POINT('',(5.742573029097,45.250136023248));
#2736 = CARTESIAN_POINT('',(5.738808990117,45.456886564499));
#2737 = CARTESIAN_POINT('',(5.735976453182,45.664788531058));
#2738 = CARTESIAN_POINT('',(5.734084592663,45.8734643889));
#2739 = CARTESIAN_POINT('',(5.733138335659,46.082546368381));
#2740 = CARTESIAN_POINT('',(5.733138335659,46.498830819275));
#2741 = CARTESIAN_POINT('',(5.734066803615,46.705939548909));
#2742 = CARTESIAN_POINT('',(5.735923118151,46.912653545888));
#2743 = CARTESIAN_POINT('',(5.738702531745,47.118614904595));
#2744 = CARTESIAN_POINT('',(5.742396195268,47.323456397358));
#2745 = CARTESIAN_POINT('',(5.746991182523,47.526801217028));
#2746 = CARTESIAN_POINT('',(5.757536318295,47.914519792297));
#2747 = CARTESIAN_POINT('',(5.763357707979,48.099155459651));
#2748 = CARTESIAN_POINT('',(5.769924308694,48.281976966344));
#2749 = CARTESIAN_POINT('',(5.777225380979,48.4627735115));
#2750 = CARTESIAN_POINT('',(5.785250002159,48.641316010325));
#2751 = CARTESIAN_POINT('',(5.793987247448,48.817356855787));
#2752 = CARTESIAN_POINT('',(5.821336488401,49.319403489468));
#2753 = CARTESIAN_POINT('',(5.841753967167,49.637851158083));
#2754 = CARTESIAN_POINT('',(5.864649145635,49.945168226363));
#2755 = CARTESIAN_POINT('',(5.890033586307,50.239987895209));
#2756 = CARTESIAN_POINT('',(5.917948926926,50.52020392312));
#2757 = CARTESIAN_POINT('',(5.948455084947,50.78275055693));
#2758 = CARTESIAN_POINT('',(5.993049482169,51.106178473964));
#2759 = CARTESIAN_POINT('',(6.004797878221,51.186483222149));
#2760 = CARTESIAN_POINT('',(6.016867944643,51.264012791411));
#2761 = CARTESIAN_POINT('',(6.029260188856,51.338552460007));
#2762 = CARTESIAN_POINT('',(6.04197484436,51.409871919304));
#2763 = CARTESIAN_POINT('',(6.055011966874,51.477724980388));
#2764 = CARTESIAN_POINT('',(6.095663552637,51.672847708284));
#2765 = CARTESIAN_POINT('',(6.12452884583,51.789376993018));
#2766 = CARTESIAN_POINT('',(6.154707520554,51.887288577915));
#2767 = CARTESIAN_POINT('',(6.185931680374,51.963389823702));
#2768 = CARTESIAN_POINT('',(6.217932583823,52.015353950782));
#2769 = CARTESIAN_POINT('',(6.250441649901,52.04167619797));
#2770 = CARTESIAN_POINT('',(6.28318530718,52.04167619797));
#2771 = ( GEOMETRIC_REPRESENTATION_CONTEXT(2) 
PARAMETRIC_REPRESENTATION_CONTEXT() REPRESENTATION_CONTEXT('2D SPACE',''
  ) );
#2772 = ADVANCED_FACE('',(#2773),#783,.F.);
#2773 = FACE_BOUND('',#2774,.F.);
#2774 = EDGE_LOOP('',(#2775,#2977,#2998,#2999,#3000));
#2775 = ORIENTED_EDGE('',*,*,#2776,.F.);
#2776 = EDGE_CURVE('',#2777,#2779,#2781,.T.);
#2777 = VERTEX_POINT('',#2778);
#2778 = CARTESIAN_POINT('',(166.29322692153,-1.928818708657E-15,3.3));
#2779 = VERTEX_POINT('',#2780);
#2780 = CARTESIAN_POINT('',(156.79322692153,-2.694222958124E-15,3.3));
#2781 = SURFACE_CURVE('',#2782,(#2845,#2911),.PCURVE_S1.);
#2782 = B_SPLINE_CURVE_WITH_KNOTS('',6,(#2783,#2784,#2785,#2786,#2787,
    #2788,#2789,#2790,#2791,#2792,#2793,#2794,#2795,#2796,#2797,#2798,
    #2799,#2800,#2801,#2802,#2803,#2804,#2805,#2806,#2807,#2808,#2809,
    #2810,#2811,#2812,#2813,#2814,#2815,#2816,#2817,#2818,#2819,#2820,
    #2821,#2822,#2823,#2824,#2825,#2826,#2827,#2828,#2829,#2830,#2831,
    #2832,#2833,#2834,#2835,#2836,#2837,#2838,#2839,#2840,#2841,#2842,
    #2843,#2844),.UNSPECIFIED.,.F.,.F.,(7,5,5,5,5,5,5,5,5,5,5,5,7),(0.,
    0.121571133365,0.179203932429,0.225331370212,0.263263603808,
    0.388741911152,0.500003973238,0.609868756927,0.736461319271,
    0.773909918591,0.819558396221,0.878410612323,1.),.UNSPECIFIED.);
#2783 = CARTESIAN_POINT('',(166.29322692153,-5.81707229595E-16,3.3));
#2784 = CARTESIAN_POINT('',(166.29322692153,0.373303635489,3.3));
#2785 = CARTESIAN_POINT('',(166.25802096845,0.743319557081,
    3.315202394146));
#2786 = CARTESIAN_POINT('',(166.18877390993,1.103867694632,
    3.345105313315));
#2787 = CARTESIAN_POINT('',(166.08855326424,1.448999320073,
    3.387693158993));
#2788 = CARTESIAN_POINT('',(165.9623044595,1.773404217393,3.439614907296
    ));
#2789 = CARTESIAN_POINT('',(165.74827761786,2.214707481883,
    3.524288651499));
#2790 = CARTESIAN_POINT('',(165.67484519863,2.351714287073,
    3.552896273496));
#2791 = CARTESIAN_POINT('',(165.59721912172,2.48379099253,3.582602614791
    ));
#2792 = CARTESIAN_POINT('',(165.51577464711,2.610944361383,
    3.613145134147));
#2793 = CARTESIAN_POINT('',(165.43085638484,2.733199045607,
    3.644278652275));
#2794 = CARTESIAN_POINT('',(165.27228495044,2.944558440796,
    3.700988728085));
#2795 = CARTESIAN_POINT('',(165.19975402098,3.035426015721,
    3.726438486219));
#2796 = CARTESIAN_POINT('',(165.12533145952,3.123238843148,
    3.752017066398));
#2797 = CARTESIAN_POINT('',(165.04914729225,3.208038228741,
    3.777622406756));
#2798 = CARTESIAN_POINT('',(164.97131646528,3.289867607631,
    3.803160404827));
#2799 = CARTESIAN_POINT('',(164.82666380244,3.43365888187,3.849419505684
    ));
#2800 = CARTESIAN_POINT('',(164.76034377536,3.496566566964,
    3.870189915738));
#2801 = CARTESIAN_POINT('',(164.69303484059,3.557519956327,
    3.890808006827));
#2802 = CARTESIAN_POINT('',(164.62478874863,3.616542032997,
    3.911228220026));
#2803 = CARTESIAN_POINT('',(164.55565292335,3.673654406422,
    3.931407578352));
#2804 = CARTESIAN_POINT('',(164.25417128657,3.91155247074,4.017127831349
    ));
#2805 = CARTESIAN_POINT('',(164.01326267777,4.073667395283,
    4.079913220759));
#2806 = CARTESIAN_POINT('',(163.76466495623,4.215766487626,
    4.138139375248));
#2807 = CARTESIAN_POINT('',(163.50971138654,4.338320035361,
    4.190565295666));
#2808 = CARTESIAN_POINT('',(163.24946041021,4.441667926002,
    4.236196551576));
#2809 = CARTESIAN_POINT('',(162.7501395364,4.600708423203,4.307992825146
    ));
#2810 = CARTESIAN_POINT('',(162.51208384151,4.660450010585,
    4.335767519483));
#2811 = CARTESIAN_POINT('',(162.27154377899,4.705226288736,4.35699631235
    ));
#2812 = CARTESIAN_POINT('',(162.02935557361,4.735070852954,
    4.371285530253));
#2813 = CARTESIAN_POINT('',(161.78631887149,4.75,4.378432583508));
#2814 = CARTESIAN_POINT('',(161.30318782826,4.75,4.378432583508));
#2815 = CARTESIAN_POINT('',(161.06320072344,4.735443480277,
    4.371463904673));
#2816 = CARTESIAN_POINT('',(160.8240305865,4.706343206459,4.357531083624
    ));
#2817 = CARTESIAN_POINT('',(160.5864483963,4.662683937543,4.336826791723
    ));
#2818 = CARTESIAN_POINT('',(160.35125943598,4.604434266911,
    4.309725654025));
#2819 = CARTESIAN_POINT('',(159.85209091926,4.447586744691,
    4.238813953016));
#2820 = CARTESIAN_POINT('',(159.58928184476,4.344228242788,
    4.193101347865));
#2821 = CARTESIAN_POINT('',(159.33182280286,4.221331075115,
    4.140436259796));
#2822 = CARTESIAN_POINT('',(159.0807979125,4.078550527365,4.081834383441
    ));
#2823 = CARTESIAN_POINT('',(158.83757348362,3.915407332432,
    4.018566775181));
#2824 = CARTESIAN_POINT('',(158.53479354571,3.676896929182,
    3.932561591241));
#2825 = CARTESIAN_POINT('',(158.46649646696,3.62060690365,3.91265234945)
  );
#2826 = CARTESIAN_POINT('',(158.39906469753,3.562456451948,
    3.892506630112));
#2827 = CARTESIAN_POINT('',(158.33254373569,3.502424833788,
    3.872165703711));
#2828 = CARTESIAN_POINT('',(158.26698316215,3.440489989429,
    3.851673283003));
#2829 = CARTESIAN_POINT('',(158.12375678216,3.298783760071,3.80596760432
    ));
#2830 = CARTESIAN_POINT('',(158.0465850193,3.218077657791,3.780703681504
    ));
#2831 = CARTESIAN_POINT('',(157.97101768532,3.134466295407,
    3.755366963157));
#2832 = CARTESIAN_POINT('',(157.8971654309,3.047907607069,3.730048233368
    ));
#2833 = CARTESIAN_POINT('',(157.82515322345,2.958361398499,
    3.704845851716));
#2834 = CARTESIAN_POINT('',(157.66483058983,2.746440999299,
    3.647660207134));
#2835 = CARTESIAN_POINT('',(157.57780843569,2.622033996935,
    3.615816285433));
#2836 = CARTESIAN_POINT('',(157.49438604782,2.492521914016,
    3.584572312541));
#2837 = CARTESIAN_POINT('',(157.41492820363,2.357876867981,
    3.554188276894));
#2838 = CARTESIAN_POINT('',(157.33983322066,2.218090235163,
    3.524943153035));
#2839 = CARTESIAN_POINT('',(157.12429460229,1.773773369057,
    3.439674508439));
#2840 = CARTESIAN_POINT('',(156.99799087344,1.449312972665,
    3.387731655287));
#2841 = CARTESIAN_POINT('',(156.8977240561,1.104105692705,3.345124343855
    ));
#2842 = CARTESIAN_POINT('',(156.82844673513,0.743474317142,
    3.315208385899));
#2843 = CARTESIAN_POINT('',(156.79322692153,0.373377139986,3.3));
#2844 = CARTESIAN_POINT('',(156.79322692153,8.725608443925E-16,3.3));
#2845 = PCURVE('',#783,#2846);
#2846 = DEFINITIONAL_REPRESENTATION('',(#2847),#2910);
#2847 = B_SPLINE_CURVE_WITH_KNOTS('',6,(#2848,#2849,#2850,#2851,#2852,
    #2853,#2854,#2855,#2856,#2857,#2858,#2859,#2860,#2861,#2862,#2863,
    #2864,#2865,#2866,#2867,#2868,#2869,#2870,#2871,#2872,#2873,#2874,
    #2875,#2876,#2877,#2878,#2879,#2880,#2881,#2882,#2883,#2884,#2885,
    #2886,#2887,#2888,#2889,#2890,#2891,#2892,#2893,#2894,#2895,#2896,
    #2897,#2898,#2899,#2900,#2901,#2902,#2903,#2904,#2905,#2906,#2907,
    #2908,#2909),.UNSPECIFIED.,.F.,.F.,(7,5,5,5,5,5,5,5,5,5,5,5,7),(0.,
    0.121571133365,0.179203932429,0.225331370212,0.263263603808,
    0.388741911152,0.500003973238,0.609868756927,0.736461319271,
    0.773909918591,0.819558396221,0.878410612323,1.),.UNSPECIFIED.);
#2848 = CARTESIAN_POINT('',(0.,5.3));
#2849 = CARTESIAN_POINT('',(7.859023905029E-02,5.3));
#2850 = CARTESIAN_POINT('',(0.156488263398,5.315202394146));
#2851 = CARTESIAN_POINT('',(0.233267233646,5.345105313315));
#2852 = CARTESIAN_POINT('',(0.30846951048,5.387693158993));
#2853 = CARTESIAN_POINT('',(0.381517865737,5.439614907296));
#2854 = CARTESIAN_POINT('',(0.484773686109,5.524288651499));
#2855 = CARTESIAN_POINT('',(0.517472221446,5.552896273496));
#2856 = CARTESIAN_POINT('',(0.549688009506,5.582602614791));
#2857 = CARTESIAN_POINT('',(0.581443795685,5.613145134147));
#2858 = CARTESIAN_POINT('',(0.612760383886,5.644278652275));
#2859 = CARTESIAN_POINT('',(0.668387832319,5.700988728085));
#2860 = CARTESIAN_POINT('',(0.692853885522,5.726438486219));
#2861 = CARTESIAN_POINT('',(0.717071485887,5.752017066398));
#2862 = CARTESIAN_POINT('',(0.741055733736,5.777622406756));
#2863 = CARTESIAN_POINT('',(0.764821711539,5.803160404827));
#2864 = CARTESIAN_POINT('',(0.807760990146,5.849419505684));
#2865 = CARTESIAN_POINT('',(0.826999886125,5.870189915738));
#2866 = CARTESIAN_POINT('',(0.846109402672,5.890808006827));
#2867 = CARTESIAN_POINT('',(0.865097464575,5.911228220026));
#2868 = CARTESIAN_POINT('',(0.883971690592,5.931407578352));
#2869 = CARTESIAN_POINT('',(0.964822201757,6.017127831349));
#2870 = CARTESIAN_POINT('',(1.025779044418,6.079913220759));
#2871 = CARTESIAN_POINT('',(1.085825952197,6.138139375248));
#2872 = CARTESIAN_POINT('',(1.145159520208,6.190565295666));
#2873 = CARTESIAN_POINT('',(1.203967981323,6.236196551576));
#2874 = CARTESIAN_POINT('',(1.31429164813,6.307992825146));
#2875 = CARTESIAN_POINT('',(1.365861897468,6.335767519483));
#2876 = CARTESIAN_POINT('',(1.417225216606,6.35699631235));
#2877 = CARTESIAN_POINT('',(1.468453439836,6.371285530253));
#2878 = CARTESIAN_POINT('',(1.519619074173,6.378432583508));
#2879 = CARTESIAN_POINT('',(1.621330872747,6.378432583508));
#2880 = CARTESIAN_POINT('',(1.671854485728,6.371463904673));
#2881 = CARTESIAN_POINT('',(1.722438352539,6.357531083624));
#2882 = CARTESIAN_POINT('',(1.77315207457,6.336826791723));
#2883 = CARTESIAN_POINT('',(1.82406460691,6.309725654025));
#2884 = CARTESIAN_POINT('',(1.934218436053,6.238813953016));
#2885 = CARTESIAN_POINT('',(1.993524866973,6.193101347865));
#2886 = CARTESIAN_POINT('',(2.053359803679,6.140436259796));
#2887 = CARTESIAN_POINT('',(2.11391562211,6.081834383441));
#2888 = CARTESIAN_POINT('',(2.175393280377,6.018566775181));
#2889 = CARTESIAN_POINT('',(2.256538245763,5.932561591241));
#2890 = CARTESIAN_POINT('',(2.275166266929,5.91265234945));
#2891 = CARTESIAN_POINT('',(2.293904928917,5.892506630112));
#2892 = CARTESIAN_POINT('',(2.312761551226,5.872165703711));
#2893 = CARTESIAN_POINT('',(2.331743745882,5.851673283003));
#2894 = CARTESIAN_POINT('',(2.374160724327,5.80596760432));
#2895 = CARTESIAN_POINT('',(2.39766011303,5.780703681504));
#2896 = CARTESIAN_POINT('',(2.421372124908,5.755366963157));
#2897 = CARTESIAN_POINT('',(2.445311343568,5.730048233368));
#2898 = CARTESIAN_POINT('',(2.469492394863,5.704845851716));
#2899 = CARTESIAN_POINT('',(2.525436016047,5.647660207134));
#2900 = CARTESIAN_POINT('',(2.557376351659,5.615816285433));
#2901 = CARTESIAN_POINT('',(2.589772917113,5.584572312541));
#2902 = CARTESIAN_POINT('',(2.622647999982,5.554188276894));
#2903 = CARTESIAN_POINT('',(2.65602596649,5.524943153035));
#2904 = CARTESIAN_POINT('',(2.759991520879,5.439674508439));
#2905 = CARTESIAN_POINT('',(2.833054893814,5.387731655287));
#2906 = CARTESIAN_POINT('',(2.908274801235,5.345124343855));
#2907 = CARTESIAN_POINT('',(2.98507180811,5.315208385899));
#2908 = CARTESIAN_POINT('',(3.062986939908,5.3));
#2909 = CARTESIAN_POINT('',(3.14159265359,5.3));
#2910 = ( GEOMETRIC_REPRESENTATION_CONTEXT(2) 
PARAMETRIC_REPRESENTATION_CONTEXT() REPRESENTATION_CONTEXT('2D SPACE',''
  ) );
#2911 = PCURVE('',#2433,#2912);
#2912 = DEFINITIONAL_REPRESENTATION('',(#2913),#2976);
#2913 = B_SPLINE_CURVE_WITH_KNOTS('',6,(#2914,#2915,#2916,#2917,#2918,
    #2919,#2920,#2921,#2922,#2923,#2924,#2925,#2926,#2927,#2928,#2929,
    #2930,#2931,#2932,#2933,#2934,#2935,#2936,#2937,#2938,#2939,#2940,
    #2941,#2942,#2943,#2944,#2945,#2946,#2947,#2948,#2949,#2950,#2951,
    #2952,#2953,#2954,#2955,#2956,#2957,#2958,#2959,#2960,#2961,#2962,
    #2963,#2964,#2965,#2966,#2967,#2968,#2969,#2970,#2971,#2972,#2973,
    #2974,#2975),.UNSPECIFIED.,.F.,.F.,(7,5,5,5,5,5,5,5,5,5,5,5,7),(0.,
    0.121571133365,0.179203932429,0.225331370212,0.263263603808,
    0.388741911152,0.500003973238,0.609868756927,0.736461319271,
    0.773909918591,0.819558396221,0.878410612323,1.),.UNSPECIFIED.);
#2914 = CARTESIAN_POINT('',(0.,82.293226921538));
#2915 = CARTESIAN_POINT('',(3.393669413535E-02,82.293226921538));
#2916 = CARTESIAN_POINT('',(6.757455472555E-02,82.258020968452));
#2917 = CARTESIAN_POINT('',(0.100421761051,82.188773909934));
#2918 = CARTESIAN_POINT('',(0.132002939064,82.088553264241));
#2919 = CARTESIAN_POINT('',(0.161855463259,81.962304459502));
#2920 = CARTESIAN_POINT('',(0.202705745657,81.74827761786));
#2921 = CARTESIAN_POINT('',(0.215427845203,81.674845198634));
#2922 = CARTESIAN_POINT('',(0.227732686318,81.597219121723));
#2923 = CARTESIAN_POINT('',(0.239619164852,81.515774647118));
#2924 = CARTESIAN_POINT('',(0.251087016489,81.430856384846));
#2925 = CARTESIAN_POINT('',(0.270981121815,81.272284950444));
#2926 = CARTESIAN_POINT('',(0.279559188817,81.199754020982));
#2927 = CARTESIAN_POINT('',(0.287873288758,81.125331459522));
#2928 = CARTESIAN_POINT('',(0.295925545271,81.049147292254));
#2929 = CARTESIAN_POINT('',(0.303718157078,80.971316465288));
#2930 = CARTESIAN_POINT('',(0.31744989475,80.826663802442));
#2931 = CARTESIAN_POINT('',(0.323472260865,80.760343775369));
#2932 = CARTESIAN_POINT('',(0.32932167927,80.693034840595));
#2933 = CARTESIAN_POINT('',(0.334999187575,80.624788748636));
#2934 = CARTESIAN_POINT('',(0.340505678072,80.555652923356));
#2935 = CARTESIAN_POINT('',(0.363493898337,80.254171286572));
#2936 = CARTESIAN_POINT('',(0.379293930012,80.013262677772));
#2937 = CARTESIAN_POINT('',(0.393251254796,79.764664956235));
#2938 = CARTESIAN_POINT('',(0.405367927535,79.50971138654));
#2939 = CARTESIAN_POINT('',(0.415637833694,79.24946041021));
#2940 = CARTESIAN_POINT('',(0.431501036254,78.750139536403));
#2941 = CARTESIAN_POINT('',(0.437490000196,78.512083841514));
#2942 = CARTESIAN_POINT('',(0.44199477708,78.271543778994));
#2943 = CARTESIAN_POINT('',(0.445002940951,78.029355573617));
#2944 = CARTESIAN_POINT('',(0.44650761705,77.786318871493));
#2945 = CARTESIAN_POINT('',(0.44650761705,77.303187828266));
#2946 = CARTESIAN_POINT('',(0.445040495459,77.063200723446));
#2947 = CARTESIAN_POINT('',(0.442107356961,76.8240305865));
#2948 = CARTESIAN_POINT('',(0.437714754977,76.586448396305));
#2949 = CARTESIAN_POINT('',(0.431874567136,76.351259435984));
#2950 = CARTESIAN_POINT('',(0.416226153553,75.852090919263));
#2951 = CARTESIAN_POINT('',(0.405952373548,75.589281844762));
#2952 = CARTESIAN_POINT('',(0.393798419059,75.331822802864));
#2953 = CARTESIAN_POINT('',(0.379770865838,75.080797912503));
#2954 = CARTESIAN_POINT('',(0.363867935459,74.83757348362));
#2955 = CARTESIAN_POINT('',(0.34081856263,74.534793545714));
#2956 = CARTESIAN_POINT('',(0.335390736857,74.466496466965));
#2957 = CARTESIAN_POINT('',(0.329796262258,74.399064697532));
#2958 = CARTESIAN_POINT('',(0.324034285629,74.332543735694));
#2959 = CARTESIAN_POINT('',(0.318103814712,74.26698316215));
#2960 = CARTESIAN_POINT('',(0.304567922877,74.123756782169));
#2961 = CARTESIAN_POINT('',(0.296880199143,74.046585019303));
#2962 = CARTESIAN_POINT('',(0.288938366853,73.971017685326));
#2963 = CARTESIAN_POINT('',(0.280740304199,73.897165430902));
#2964 = CARTESIAN_POINT('',(0.2722839477,73.825153223458));
#2965 = CARTESIAN_POINT('',(0.252329360095,73.664830589837));
#2966 = CARTESIAN_POINT('',(0.240655996093,73.577808435694));
#2967 = CARTESIAN_POINT('',(0.228546215483,73.494386047824));
#2968 = CARTESIAN_POINT('',(0.216000184053,73.414928203637));
#2969 = CARTESIAN_POINT('',(0.203018971529,73.339833220669));
#2970 = CARTESIAN_POINT('',(0.161889442286,73.124294602291));
#2971 = CARTESIAN_POINT('',(0.132031632989,72.997990873442));
#2972 = CARTESIAN_POINT('',(0.100443439393,72.897724056106));
#2973 = CARTESIAN_POINT('',(6.758862338703E-02,72.828446735132));
#2974 = CARTESIAN_POINT('',(3.394337636239E-02,72.793226921538));
#2975 = CARTESIAN_POINT('',(0.,72.793226921538));
#2976 = ( GEOMETRIC_REPRESENTATION_CONTEXT(2) 
PARAMETRIC_REPRESENTATION_CONTEXT() REPRESENTATION_CONTEXT('2D SPACE',''
  ) );
#2977 = ORIENTED_EDGE('',*,*,#2978,.F.);
#2978 = EDGE_CURVE('',#767,#2777,#2979,.T.);
#2979 = SEAM_CURVE('',#2980,(#2984,#2991),.PCURVE_S1.);
#2980 = LINE('',#2981,#2982);
#2981 = CARTESIAN_POINT('',(166.29322692153,-1.16341445919E-15,-2.));
#2982 = VECTOR('',#2983,1.);
#2983 = DIRECTION('',(0.,0.,1.));
#2984 = PCURVE('',#783,#2985);
#2985 = DEFINITIONAL_REPRESENTATION('',(#2986),#2990);
#2986 = LINE('',#2987,#2988);
#2987 = CARTESIAN_POINT('',(6.28318530718,-0.));
#2988 = VECTOR('',#2989,1.);
#2989 = DIRECTION('',(0.,1.));
#2990 = ( GEOMETRIC_REPRESENTATION_CONTEXT(2) 
PARAMETRIC_REPRESENTATION_CONTEXT() REPRESENTATION_CONTEXT('2D SPACE',''
  ) );
#2991 = PCURVE('',#783,#2992);
#2992 = DEFINITIONAL_REPRESENTATION('',(#2993),#2997);
#2993 = LINE('',#2994,#2995);
#2994 = CARTESIAN_POINT('',(0.,-0.));
#2995 = VECTOR('',#2996,1.);
#2996 = DIRECTION('',(0.,1.));
#2997 = ( GEOMETRIC_REPRESENTATION_CONTEXT(2) 
PARAMETRIC_REPRESENTATION_CONTEXT() REPRESENTATION_CONTEXT('2D SPACE',''
  ) );
#2998 = ORIENTED_EDGE('',*,*,#766,.T.);
#2999 = ORIENTED_EDGE('',*,*,#2978,.T.);
#3000 = ORIENTED_EDGE('',*,*,#3001,.F.);
#3001 = EDGE_CURVE('',#2779,#2777,#3002,.T.);
#3002 = SURFACE_CURVE('',#3003,(#3066,#3132),.PCURVE_S1.);
#3003 = B_SPLINE_CURVE_WITH_KNOTS('',6,(#3004,#3005,#3006,#3007,#3008,
    #3009,#3010,#3011,#3012,#3013,#3014,#3015,#3016,#3017,#3018,#3019,
    #3020,#3021,#3022,#3023,#3024,#3025,#3026,#3027,#3028,#3029,#3030,
    #3031,#3032,#3033,#3034,#3035,#3036,#3037,#3038,#3039,#3040,#3041,
    #3042,#3043,#3044,#3045,#3046,#3047,#3048,#3049,#3050,#3051,#3052,
    #3053,#3054,#3055,#3056,#3057,#3058,#3059,#3060,#3061,#3062,#3063,
    #3064,#3065),.UNSPECIFIED.,.F.,.F.,(7,5,5,5,5,5,5,5,5,5,5,5,7),(0.,
    0.121571134351,0.179203933876,0.225331372023,0.263263605919,
    0.388741914234,0.500003977161,0.609868761682,0.736461316294,
    0.773909916036,0.819558394181,0.878410610947,1.),.UNSPECIFIED.);
#3004 = CARTESIAN_POINT('',(156.79322692153,-8.881784197001E-16,3.3));
#3005 = CARTESIAN_POINT('',(156.79322692153,-0.373303635489,3.3));
#3006 = CARTESIAN_POINT('',(156.82843287462,-0.74331955708,
    3.315202394146));
#3007 = CARTESIAN_POINT('',(156.89767993314,-1.103867694632,
    3.345105313315));
#3008 = CARTESIAN_POINT('',(156.99790057883,-1.448999320074,
    3.387693158993));
#3009 = CARTESIAN_POINT('',(157.12414938357,-1.773404217392,
    3.439614907295));
#3010 = CARTESIAN_POINT('',(157.3381762252,-2.214707481868,
    3.524288651497));
#3011 = CARTESIAN_POINT('',(157.41160864444,-2.351714287077,
    3.552896273496));
#3012 = CARTESIAN_POINT('',(157.48923472136,-2.483790992542,
    3.582602614794));
#3013 = CARTESIAN_POINT('',(157.57067919596,-2.610944361385,
    3.613145134148));
#3014 = CARTESIAN_POINT('',(157.65559745822,-2.733199045596,
    3.644278652272));
#3015 = CARTESIAN_POINT('',(157.81416889263,-2.944558440796,
    3.700988728085));
#3016 = CARTESIAN_POINT('',(157.88669982209,-3.035426015721,
    3.726438486219));
#3017 = CARTESIAN_POINT('',(157.96112238355,-3.123238843148,
    3.752017066398));
#3018 = CARTESIAN_POINT('',(158.03730655082,-3.208038228741,
    3.777622406756));
#3019 = CARTESIAN_POINT('',(158.11513737778,-3.289867607631,
    3.803160404827));
#3020 = CARTESIAN_POINT('',(158.25979004063,-3.43365888187,
    3.849419505684));
#3021 = CARTESIAN_POINT('',(158.3261100677,-3.496566566964,
    3.870189915738));
#3022 = CARTESIAN_POINT('',(158.39341900248,-3.557519956327,
    3.890808006827));
#3023 = CARTESIAN_POINT('',(158.46166509443,-3.616542032997,
    3.911228220026));
#3024 = CARTESIAN_POINT('',(158.53080091971,-3.673654406422,
    3.931407578352));
#3025 = CARTESIAN_POINT('',(158.83228255646,-3.911552470708,
    4.017127831338));
#3026 = CARTESIAN_POINT('',(159.07319116531,-4.073667395297,
    4.079913220763));
#3027 = CARTESIAN_POINT('',(159.32178888688,-4.215766487649,
    4.138139375257));
#3028 = CARTESIAN_POINT('',(159.57674245655,-4.338320035359,
    4.190565295666));
#3029 = CARTESIAN_POINT('',(159.83699343282,-4.441667925988,
    4.23619655157));
#3030 = CARTESIAN_POINT('',(160.33631430667,-4.600708423203,
    4.307992825146));
#3031 = CARTESIAN_POINT('',(160.57437000156,-4.660450010585,
    4.335767519483));
#3032 = CARTESIAN_POINT('',(160.81491006408,-4.705226288736,
    4.35699631235));
#3033 = CARTESIAN_POINT('',(161.05709826945,-4.735070852954,
    4.371285530253));
#3034 = CARTESIAN_POINT('',(161.30013497158,-4.75,4.378432583508));
#3035 = CARTESIAN_POINT('',(161.7832660148,-4.75,4.378432583508));
#3036 = CARTESIAN_POINT('',(162.02325311963,-4.735443480277,
    4.371463904673));
#3037 = CARTESIAN_POINT('',(162.26242325657,-4.706343206459,
    4.357531083624));
#3038 = CARTESIAN_POINT('',(162.50000544677,-4.662683937543,
    4.336826791723));
#3039 = CARTESIAN_POINT('',(162.73519440709,-4.604434266911,
    4.309725654025));
#3040 = CARTESIAN_POINT('',(163.23436290546,-4.447586750455,
    4.238813955622));
#3041 = CARTESIAN_POINT('',(163.49717202684,-4.344228228451,
    4.193101342147));
#3042 = CARTESIAN_POINT('',(163.75463104084,-4.221331078633,
    4.140436260822));
#3043 = CARTESIAN_POINT('',(164.00565590231,-4.078550543373,
    4.081834389649));
#3044 = CARTESIAN_POINT('',(164.24888037636,-3.915407319115,
    4.018566770379));
#3045 = CARTESIAN_POINT('',(164.55166029736,-3.676896929182,
    3.932561591241));
#3046 = CARTESIAN_POINT('',(164.61995737611,-3.62060690365,3.91265234945
    ));
#3047 = CARTESIAN_POINT('',(164.68738914554,-3.562456451948,
    3.892506630111));
#3048 = CARTESIAN_POINT('',(164.75391010738,-3.502424833788,
    3.872165703711));
#3049 = CARTESIAN_POINT('',(164.81947068092,-3.440489989429,
    3.851673283003));
#3050 = CARTESIAN_POINT('',(164.9626970609,-3.298783760071,3.80596760432
    ));
#3051 = CARTESIAN_POINT('',(165.03986882377,-3.218077657791,
    3.780703681504));
#3052 = CARTESIAN_POINT('',(165.11543615775,-3.134466295407,
    3.755366963157));
#3053 = CARTESIAN_POINT('',(165.18928841217,-3.047907607069,
    3.730048233368));
#3054 = CARTESIAN_POINT('',(165.26130061961,-2.958361398499,
    3.704845851716));
#3055 = CARTESIAN_POINT('',(165.42162325323,-2.746440999299,
    3.647660207134));
#3056 = CARTESIAN_POINT('',(165.50864540738,-2.622033996935,
    3.615816285433));
#3057 = CARTESIAN_POINT('',(165.59206779525,-2.492521914016,
    3.584572312541));
#3058 = CARTESIAN_POINT('',(165.67152563943,-2.357876867981,
    3.554188276894));
#3059 = CARTESIAN_POINT('',(165.7466206224,-2.218090235163,
    3.524943153035));
#3060 = CARTESIAN_POINT('',(165.96215924079,-1.773773369045,
    3.439674508437));
#3061 = CARTESIAN_POINT('',(166.08846296962,-1.449312972669,
    3.387731655288));
#3062 = CARTESIAN_POINT('',(166.18872978696,-1.104105692718,
    3.345124343857));
#3063 = CARTESIAN_POINT('',(166.25800710794,-0.743474317145,
    3.315208385898));
#3064 = CARTESIAN_POINT('',(166.29322692153,-0.373377139974,3.3));
#3065 = CARTESIAN_POINT('',(166.29322692153,-1.7763568394E-15,3.3));
#3066 = PCURVE('',#783,#3067);
#3067 = DEFINITIONAL_REPRESENTATION('',(#3068),#3131);
#3068 = B_SPLINE_CURVE_WITH_KNOTS('',6,(#3069,#3070,#3071,#3072,#3073,
    #3074,#3075,#3076,#3077,#3078,#3079,#3080,#3081,#3082,#3083,#3084,
    #3085,#3086,#3087,#3088,#3089,#3090,#3091,#3092,#3093,#3094,#3095,
    #3096,#3097,#3098,#3099,#3100,#3101,#3102,#3103,#3104,#3105,#3106,
    #3107,#3108,#3109,#3110,#3111,#3112,#3113,#3114,#3115,#3116,#3117,
    #3118,#3119,#3120,#3121,#3122,#3123,#3124,#3125,#3126,#3127,#3128,
    #3129,#3130),.UNSPECIFIED.,.F.,.F.,(7,5,5,5,5,5,5,5,5,5,5,5,7),(0.,
    0.121571134351,0.179203933876,0.225331372023,0.263263605919,
    0.388741914234,0.500003977161,0.609868761682,0.736461316294,
    0.773909916036,0.819558394181,0.878410610947,1.),.UNSPECIFIED.);
#3069 = CARTESIAN_POINT('',(3.14159265359,5.3));
#3070 = CARTESIAN_POINT('',(3.22018289264,5.3));
#3071 = CARTESIAN_POINT('',(3.298080916988,5.315202394146));
#3072 = CARTESIAN_POINT('',(3.374859887236,5.345105313315));
#3073 = CARTESIAN_POINT('',(3.45006216407,5.387693158993));
#3074 = CARTESIAN_POINT('',(3.523110519327,5.439614907295));
#3075 = CARTESIAN_POINT('',(3.626366339696,5.524288651497));
#3076 = CARTESIAN_POINT('',(3.659064875037,5.552896273496));
#3077 = CARTESIAN_POINT('',(3.691280663099,5.582602614794));
#3078 = CARTESIAN_POINT('',(3.723036449275,5.613145134148));
#3079 = CARTESIAN_POINT('',(3.754353037473,5.644278652272));
#3080 = CARTESIAN_POINT('',(3.809980485909,5.700988728085));
#3081 = CARTESIAN_POINT('',(3.834446539112,5.726438486219));
#3082 = CARTESIAN_POINT('',(3.858664139476,5.752017066398));
#3083 = CARTESIAN_POINT('',(3.882648387326,5.777622406756));
#3084 = CARTESIAN_POINT('',(3.906414365129,5.803160404827));
#3085 = CARTESIAN_POINT('',(3.949353643735,5.849419505684));
#3086 = CARTESIAN_POINT('',(3.968592539715,5.870189915738));
#3087 = CARTESIAN_POINT('',(3.987702056262,5.890808006827));
#3088 = CARTESIAN_POINT('',(4.006690118165,5.911228220026));
#3089 = CARTESIAN_POINT('',(4.025564344182,5.931407578352));
#3090 = CARTESIAN_POINT('',(4.106414855336,6.017127831338));
#3091 = CARTESIAN_POINT('',(4.167371698011,6.079913220763));
#3092 = CARTESIAN_POINT('',(4.227418605797,6.138139375257));
#3093 = CARTESIAN_POINT('',(4.2867521738,6.190565295666));
#3094 = CARTESIAN_POINT('',(4.345560634902,6.23619655157));
#3095 = CARTESIAN_POINT('',(4.45588430172,6.307992825146));
#3096 = CARTESIAN_POINT('',(4.507454551058,6.335767519483));
#3097 = CARTESIAN_POINT('',(4.558817870195,6.35699631235));
#3098 = CARTESIAN_POINT('',(4.610046093426,6.371285530253));
#3099 = CARTESIAN_POINT('',(4.661211727763,6.378432583508));
#3100 = CARTESIAN_POINT('',(4.762923526337,6.378432583508));
#3101 = CARTESIAN_POINT('',(4.813447139318,6.371463904673));
#3102 = CARTESIAN_POINT('',(4.864031006129,6.357531083624));
#3103 = CARTESIAN_POINT('',(4.914744728159,6.336826791723));
#3104 = CARTESIAN_POINT('',(4.9656572605,6.309725654025));
#3105 = CARTESIAN_POINT('',(5.075811085595,6.238813955622));
#3106 = CARTESIAN_POINT('',(5.135117527377,6.193101342147));
#3107 = CARTESIAN_POINT('',(5.194952457037,6.140436260822));
#3108 = CARTESIAN_POINT('',(5.25550826877,6.081834389649));
#3109 = CARTESIAN_POINT('',(5.316985938497,6.018566770379));
#3110 = CARTESIAN_POINT('',(5.398130899353,5.932561591241));
#3111 = CARTESIAN_POINT('',(5.416758920519,5.91265234945));
#3112 = CARTESIAN_POINT('',(5.435497582506,5.892506630111));
#3113 = CARTESIAN_POINT('',(5.454354204816,5.872165703711));
#3114 = CARTESIAN_POINT('',(5.473336399472,5.851673283003));
#3115 = CARTESIAN_POINT('',(5.515753377917,5.80596760432));
#3116 = CARTESIAN_POINT('',(5.53925276662,5.780703681504));
#3117 = CARTESIAN_POINT('',(5.562964778498,5.755366963157));
#3118 = CARTESIAN_POINT('',(5.586903997158,5.730048233368));
#3119 = CARTESIAN_POINT('',(5.611085048453,5.704845851716));
#3120 = CARTESIAN_POINT('',(5.667028669637,5.647660207134));
#3121 = CARTESIAN_POINT('',(5.698969005249,5.615816285433));
#3122 = CARTESIAN_POINT('',(5.731365570703,5.584572312541));
#3123 = CARTESIAN_POINT('',(5.764240653572,5.554188276894));
#3124 = CARTESIAN_POINT('',(5.79761862008,5.524943153035));
#3125 = CARTESIAN_POINT('',(5.901584174471,5.439674508437));
#3126 = CARTESIAN_POINT('',(5.974647547403,5.387731655288));
#3127 = CARTESIAN_POINT('',(6.049867454823,5.345124343857));
#3128 = CARTESIAN_POINT('',(6.126664461699,5.315208385898));
#3129 = CARTESIAN_POINT('',(6.204579593501,5.3));
#3130 = CARTESIAN_POINT('',(6.28318530718,5.3));
#3131 = ( GEOMETRIC_REPRESENTATION_CONTEXT(2) 
PARAMETRIC_REPRESENTATION_CONTEXT() REPRESENTATION_CONTEXT('2D SPACE',''
  ) );
#3132 = PCURVE('',#2433,#3133);
#3133 = DEFINITIONAL_REPRESENTATION('',(#3134),#3197);
#3134 = B_SPLINE_CURVE_WITH_KNOTS('',6,(#3135,#3136,#3137,#3138,#3139,
    #3140,#3141,#3142,#3143,#3144,#3145,#3146,#3147,#3148,#3149,#3150,
    #3151,#3152,#3153,#3154,#3155,#3156,#3157,#3158,#3159,#3160,#3161,
    #3162,#3163,#3164,#3165,#3166,#3167,#3168,#3169,#3170,#3171,#3172,
    #3173,#3174,#3175,#3176,#3177,#3178,#3179,#3180,#3181,#3182,#3183,
    #3184,#3185,#3186,#3187,#3188,#3189,#3190,#3191,#3192,#3193,#3194,
    #3195,#3196),.UNSPECIFIED.,.F.,.F.,(7,5,5,5,5,5,5,5,5,5,5,5,7),(0.,
    0.121571134351,0.179203933876,0.225331372023,0.263263605919,
    0.388741914234,0.500003977161,0.609868761682,0.736461316294,
    0.773909916036,0.819558394181,0.878410610947,1.),.UNSPECIFIED.);
#3135 = CARTESIAN_POINT('',(6.28318530718,72.793226921538));
#3136 = CARTESIAN_POINT('',(6.249248613044,72.793226921538));
#3137 = CARTESIAN_POINT('',(6.215610752454,72.828432874624));
#3138 = CARTESIAN_POINT('',(6.182763546128,72.897679933141));
#3139 = CARTESIAN_POINT('',(6.151182368116,72.997900578834));
#3140 = CARTESIAN_POINT('',(6.121329843921,73.124149383573));
#3141 = CARTESIAN_POINT('',(6.080479561524,73.338176225208));
#3142 = CARTESIAN_POINT('',(6.067757461976,73.411608644442));
#3143 = CARTESIAN_POINT('',(6.05545262086,73.48923472136));
#3144 = CARTESIAN_POINT('',(6.043566142327,73.570679195961));
#3145 = CARTESIAN_POINT('',(6.032098290692,73.655597458221));
#3146 = CARTESIAN_POINT('',(6.012204185365,73.814168892631));
#3147 = CARTESIAN_POINT('',(6.003626118363,73.886699822094));
#3148 = CARTESIAN_POINT('',(5.995312018422,73.961122383554));
#3149 = CARTESIAN_POINT('',(5.987259761909,74.037306550821));
#3150 = CARTESIAN_POINT('',(5.979467150102,74.115137377787));
#3151 = CARTESIAN_POINT('',(5.965735412429,74.259790040634));
#3152 = CARTESIAN_POINT('',(5.959713046314,74.326110067707));
#3153 = CARTESIAN_POINT('',(5.95386362791,74.39341900248));
#3154 = CARTESIAN_POINT('',(5.948186119604,74.461665094439));
#3155 = CARTESIAN_POINT('',(5.942679629107,74.530800919719));
#3156 = CARTESIAN_POINT('',(5.919691408846,74.832282556463));
#3157 = CARTESIAN_POINT('',(5.903891377166,75.07319116531));
#3158 = CARTESIAN_POINT('',(5.889934052382,75.321788886883));
#3159 = CARTESIAN_POINT('',(5.877817379645,75.576742456552));
#3160 = CARTESIAN_POINT('',(5.867547473487,75.83699343282));
#3161 = CARTESIAN_POINT('',(5.851684270926,76.336314306673));
#3162 = CARTESIAN_POINT('',(5.845695306984,76.574370001562));
#3163 = CARTESIAN_POINT('',(5.8411905301,76.814910064081));
#3164 = CARTESIAN_POINT('',(5.838182366229,77.057098269459));
#3165 = CARTESIAN_POINT('',(5.83667769013,77.300134971583));
#3166 = CARTESIAN_POINT('',(5.83667769013,77.783266014809));
#3167 = CARTESIAN_POINT('',(5.838144811721,78.02325311963));
#3168 = CARTESIAN_POINT('',(5.841077950218,78.262423256576));
#3169 = CARTESIAN_POINT('',(5.845470552202,78.50000544677));
#3170 = CARTESIAN_POINT('',(5.851310740044,78.735194407092));
#3171 = CARTESIAN_POINT('',(5.866959153051,79.234362905468));
#3172 = CARTESIAN_POINT('',(5.877232935036,79.49717202684));
#3173 = CARTESIAN_POINT('',(5.889386887789,79.754631040844));
#3174 = CARTESIAN_POINT('',(5.90341443978,80.005655902315));
#3175 = CARTESIAN_POINT('',(5.919317373008,80.248880376361));
#3176 = CARTESIAN_POINT('',(5.942366744549,80.551660297362));
#3177 = CARTESIAN_POINT('',(5.947794570322,80.619957376111));
#3178 = CARTESIAN_POINT('',(5.953389044921,80.687389145543));
#3179 = CARTESIAN_POINT('',(5.95915102155,80.753910107381));
#3180 = CARTESIAN_POINT('',(5.965081492467,80.819470680925));
#3181 = CARTESIAN_POINT('',(5.978617384303,80.962697060907));
#3182 = CARTESIAN_POINT('',(5.986305108037,81.039868823773));
#3183 = CARTESIAN_POINT('',(5.994246940326,81.11543615775));
#3184 = CARTESIAN_POINT('',(6.002445002981,81.189288412174));
#3185 = CARTESIAN_POINT('',(6.01090135948,81.261300619617));
#3186 = CARTESIAN_POINT('',(6.030855947085,81.421623253239));
#3187 = CARTESIAN_POINT('',(6.042529311086,81.508645407381));
#3188 = CARTESIAN_POINT('',(6.054639091697,81.592067795251));
#3189 = CARTESIAN_POINT('',(6.067185123126,81.671525639439));
#3190 = CARTESIAN_POINT('',(6.080166335651,81.746620622407));
#3191 = CARTESIAN_POINT('',(6.121295864894,81.96215924079));
#3192 = CARTESIAN_POINT('',(6.15115367419,82.088462969629));
#3193 = CARTESIAN_POINT('',(6.182741867785,82.188729786967));
#3194 = CARTESIAN_POINT('',(6.215596683792,82.258007107946));
#3195 = CARTESIAN_POINT('',(6.249241930818,82.293226921538));
#3196 = CARTESIAN_POINT('',(6.28318530718,82.293226921538));
#3197 = ( GEOMETRIC_REPRESENTATION_CONTEXT(2) 
PARAMETRIC_REPRESENTATION_CONTEXT() REPRESENTATION_CONTEXT('2D SPACE',''
  ) );
#3198 = ADVANCED_FACE('',(#3199),#814,.F.);
#3199 = FACE_BOUND('',#3200,.F.);
#3200 = EDGE_LOOP('',(#3201,#3418,#3439,#3440,#3441));
#3201 = ORIENTED_EDGE('',*,*,#3202,.F.);
#3202 = EDGE_CURVE('',#3203,#3205,#3207,.T.);
#3203 = VERTEX_POINT('',#3204);
#3204 = CARTESIAN_POINT('',(197.29030623898,-1.806354028742E-15,3.3));
#3205 = VERTEX_POINT('',#3206);
#3206 = CARTESIAN_POINT('',(189.79030623898,-2.694222958124E-15,3.3));
#3207 = SURFACE_CURVE('',#3208,(#3276,#3347),.PCURVE_S1.);
#3208 = B_SPLINE_CURVE_WITH_KNOTS('',6,(#3209,#3210,#3211,#3212,#3213,
    #3214,#3215,#3216,#3217,#3218,#3219,#3220,#3221,#3222,#3223,#3224,
    #3225,#3226,#3227,#3228,#3229,#3230,#3231,#3232,#3233,#3234,#3235,
    #3236,#3237,#3238,#3239,#3240,#3241,#3242,#3243,#3244,#3245,#3246,
    #3247,#3248,#3249,#3250,#3251,#3252,#3253,#3254,#3255,#3256,#3257,
    #3258,#3259,#3260,#3261,#3262,#3263,#3264,#3265,#3266,#3267,#3268,
    #3269,#3270,#3271,#3272,#3273,#3274,#3275),.UNSPECIFIED.,.F.,.F.,(7,
    5,5,5,5,5,5,5,5,5,5,5,5,7),(0.,8.369118060587E-02,0.204414694329,
    0.261160088868,0.308918332905,0.350297389684,0.384646033609,
    0.500064098735,0.648251162121,0.689338773673,0.738693811994,
    0.794622483672,0.864444478456,1.),.UNSPECIFIED.);
#3209 = CARTESIAN_POINT('',(197.29030623898,-4.592425496803E-16,3.3));
#3210 = CARTESIAN_POINT('',(197.29030623898,0.200039733062,3.3));
#3211 = CARTESIAN_POINT('',(197.27750112182,0.399698298638,
    3.304365357058));
#3212 = CARTESIAN_POINT('',(197.25198259131,0.597154139825,
    3.313064967633));
#3213 = CARTESIAN_POINT('',(197.21429059657,0.790606855034,
    3.325815430369));
#3214 = CARTESIAN_POINT('',(197.16540593315,0.97834526624,3.342090760127
    ));
#3215 = CARTESIAN_POINT('',(197.02218391974,1.419137299101,
    3.388786583694));
#3216 = CARTESIAN_POINT('',(196.9173325328,1.664251825283,3.422270831941
    ));
#3217 = CARTESIAN_POINT('',(196.79536372738,1.893175117767,
    3.459995555569));
#3218 = CARTESIAN_POINT('',(196.65911529967,2.105363819098,
    3.500304369556));
#3219 = CARTESIAN_POINT('',(196.51119695019,2.300614095218,
    3.541715011561));
#3220 = CARTESIAN_POINT('',(196.28016973106,2.562837287964,
    3.602370765317));
#3221 = CARTESIAN_POINT('',(196.20416097958,2.643065186031,3.62175783981
    ));
#3222 = CARTESIAN_POINT('',(196.12620072248,2.719727162016,
    3.641021937205));
#3223 = CARTESIAN_POINT('',(196.04645599922,2.792875379588,3.66005840372
    ));
#3224 = CARTESIAN_POINT('',(195.96507430993,2.862562403555,3.67877292714
    ));
#3225 = CARTESIAN_POINT('',(195.81242104428,2.984622712088,
    3.712489608835));
#3226 = CARTESIAN_POINT('',(195.74159082724,3.037989225931,
    3.727609990562));
#3227 = CARTESIAN_POINT('',(195.6697700003,3.088971136871,3.742391773403
    ));
#3228 = CARTESIAN_POINT('',(195.59702985455,3.137596609416,
    3.756788415818));
#3229 = CARTESIAN_POINT('',(195.52343602611,3.183891433478,
    3.770757265599));
#3230 = CARTESIAN_POINT('',(195.38459709314,3.265991083521,
    3.795958319181));
#3231 = CARTESIAN_POINT('',(195.31955036306,3.302370964655,
    3.807306725506));
#3232 = CARTESIAN_POINT('',(195.25394765262,3.337033723074,
    3.818279462105));
#3233 = CARTESIAN_POINT('',(195.18782653988,3.369992928353,
    3.828853079063));
#3234 = CARTESIAN_POINT('',(195.12122283419,3.401260664352,
    3.839005993297));
#3235 = CARTESIAN_POINT('',(194.99851067676,3.455407506288,
    3.856780804804));
#3236 = CARTESIAN_POINT('',(194.94254183895,3.478809258202,
    3.864539626031));
#3237 = CARTESIAN_POINT('',(194.88628363697,3.501058836209,
    3.871983651871));
#3238 = CARTESIAN_POINT('',(194.82975517876,3.522161670898,
    3.879102425346));
#3239 = CARTESIAN_POINT('',(194.77297510587,3.542122572193,3.88588633287
    ));
#3240 = CARTESIAN_POINT('',(194.52438520123,3.624195166016,3.9139671576)
  );
#3241 = CARTESIAN_POINT('',(194.3301424945,3.674608795354,3.931731199979
    ));
#3242 = CARTESIAN_POINT('',(194.13396523916,3.712325264306,
    3.945279063929));
#3243 = CARTESIAN_POINT('',(193.93651665376,3.737439908171,
    3.954386328025));
#3244 = CARTESIAN_POINT('',(193.73842317764,3.75,3.958941060027));
#3245 = CARTESIAN_POINT('',(193.28594079527,3.75,3.958941060027));
#3246 = CARTESIAN_POINT('',(193.03165555577,3.729295484327,
    3.951432677181));
#3247 = CARTESIAN_POINT('',(192.77873374845,3.687910793631,3.93642600678
    ));
#3248 = CARTESIAN_POINT('',(192.52847375242,3.625709189439,
    3.914220661844));
#3249 = CARTESIAN_POINT('',(192.28230790013,3.542415069158,
    3.885420682555));
#3250 = CARTESIAN_POINT('',(191.97526963088,3.408584291154,
    3.841391655973));
#3251 = CARTESIAN_POINT('',(191.90905485495,3.377877389242,3.83139682245
    ));
#3252 = CARTESIAN_POINT('',(191.84331012518,3.345505267127,
    3.820984036294));
#3253 = CARTESIAN_POINT('',(191.77807029043,3.311456277736,
    3.810174194867));
#3254 = CARTESIAN_POINT('',(191.71337187504,3.275717335126,
    3.798990001715));
#3255 = CARTESIAN_POINT('',(191.5722326454,3.193296331442,3.773601115316
    ));
#3256 = CARTESIAN_POINT('',(191.49604930803,3.145859545639,
    3.759241637592));
#3257 = CARTESIAN_POINT('',(191.4207686267,3.095938075633,3.744419818407
    ));
#3258 = CARTESIAN_POINT('',(191.34646252453,3.043503711371,
    3.729182353023));
#3259 = CARTESIAN_POINT('',(191.27320928764,2.988525514187,
    3.713580346961));
#3260 = CARTESIAN_POINT('',(191.11937269745,2.865748234331,
    3.679639083273));
#3261 = CARTESIAN_POINT('',(191.03911469531,2.797218427199,
    3.661212638227));
#3262 = CARTESIAN_POINT('',(190.96044138082,2.725329454461,
    3.642470285772));
#3263 = CARTESIAN_POINT('',(190.88349321186,2.650030945007,
    3.623502120813));
#3264 = CARTESIAN_POINT('',(190.80842928213,2.571273097571,
    3.604408028241));
#3265 = CARTESIAN_POINT('',(190.64429083645,2.386304342987,
    3.561440108811));
#3266 = CARTESIAN_POINT('',(190.55634425585,2.278107261785,
    3.537551189799));
#3267 = CARTESIAN_POINT('',(190.4719702955,2.164350905841,3.513853137357
    ));
#3268 = CARTESIAN_POINT('',(190.39159649528,2.044993695602,
    3.490595979615));
#3269 = CARTESIAN_POINT('',(190.31569626535,1.920018395549,
    3.468054408114));
#3270 = CARTESIAN_POINT('',(190.10712922908,1.535910203475,
    3.404725746534));
#3271 = CARTESIAN_POINT('',(189.98674547372,1.258395418569,
    3.366271358972));
#3272 = CARTESIAN_POINT('',(189.89075378551,0.96067016715,3.334245328171
    ));
#3273 = CARTESIAN_POINT('',(189.82421246732,0.647768663303,
    3.311558428039));
#3274 = CARTESIAN_POINT('',(189.79030623898,0.325508734161,3.3));
#3275 = CARTESIAN_POINT('',(189.79030623898,6.888638245204E-16,3.3));
#3276 = PCURVE('',#814,#3277);
#3277 = DEFINITIONAL_REPRESENTATION('',(#3278),#3346);
#3278 = B_SPLINE_CURVE_WITH_KNOTS('',6,(#3279,#3280,#3281,#3282,#3283,
    #3284,#3285,#3286,#3287,#3288,#3289,#3290,#3291,#3292,#3293,#3294,
    #3295,#3296,#3297,#3298,#3299,#3300,#3301,#3302,#3303,#3304,#3305,
    #3306,#3307,#3308,#3309,#3310,#3311,#3312,#3313,#3314,#3315,#3316,
    #3317,#3318,#3319,#3320,#3321,#3322,#3323,#3324,#3325,#3326,#3327,
    #3328,#3329,#3330,#3331,#3332,#3333,#3334,#3335,#3336,#3337,#3338,
    #3339,#3340,#3341,#3342,#3343,#3344,#3345),.UNSPECIFIED.,.F.,.F.,(7,
    5,5,5,5,5,5,5,5,5,5,5,5,7),(0.,8.369118060587E-02,0.204414694329,
    0.261160088868,0.308918332905,0.350297389684,0.384646033609,
    0.500064098735,0.648251162121,0.689338773673,0.738693811994,
    0.794622483672,0.864444478456,1.),.UNSPECIFIED.);
#3279 = CARTESIAN_POINT('',(0.,5.3));
#3280 = CARTESIAN_POINT('',(5.334392881648E-02,5.3));
#3281 = CARTESIAN_POINT('',(0.106586206529,5.304365357058));
#3282 = CARTESIAN_POINT('',(0.159514361551,5.313064967633));
#3283 = CARTESIAN_POINT('',(0.211916124765,5.325815430369));
#3284 = CARTESIAN_POINT('',(0.263557726383,5.342090760127));
#3285 = CARTESIAN_POINT('',(0.387151372063,5.388786583694));
#3286 = CARTESIAN_POINT('',(0.457956404604,5.422270831941));
#3287 = CARTESIAN_POINT('',(0.526765248885,5.459995555569));
#3288 = CARTESIAN_POINT('',(0.593698318538,5.500304369556));
#3289 = CARTESIAN_POINT('',(0.658841192704,5.541715011561));
#3290 = CARTESIAN_POINT('',(0.752035213988,5.602370765317));
#3291 = CARTESIAN_POINT('',(0.781486955657,5.62175783981));
#3292 = CARTESIAN_POINT('',(0.810616825957,5.641021937205));
#3293 = CARTESIAN_POINT('',(0.83944795819,5.66005840372));
#3294 = CARTESIAN_POINT('',(0.868002797052,5.67877292714));
#3295 = CARTESIAN_POINT('',(0.920123503744,5.712489608835));
#3296 = CARTESIAN_POINT('',(0.943762926152,5.727609990562));
#3297 = CARTESIAN_POINT('',(0.96723571561,5.742391773403));
#3298 = CARTESIAN_POINT('',(0.990554375074,5.756788415818));
#3299 = CARTESIAN_POINT('',(1.01373076235,5.770757265599));
#3300 = CARTESIAN_POINT('',(1.056743196186,5.795958319181));
#3301 = CARTESIAN_POINT('',(1.076611867181,5.807306725506));
#3302 = CARTESIAN_POINT('',(1.096389358784,5.818279462105));
#3303 = CARTESIAN_POINT('',(1.116082571345,5.828853079063));
#3304 = CARTESIAN_POINT('',(1.135698049861,5.839005993297));
#3305 = CARTESIAN_POINT('',(1.171465351202,5.856780804804));
#3306 = CARTESIAN_POINT('',(1.187639413244,5.864539626031));
#3307 = CARTESIAN_POINT('',(1.203767705776,5.871983651871));
#3308 = CARTESIAN_POINT('',(1.219853622492,5.879102425346));
#3309 = CARTESIAN_POINT('',(1.235900415102,5.88588633287));
#3310 = CARTESIAN_POINT('',(1.305710494652,5.9139671576));
#3311 = CARTESIAN_POINT('',(1.359111907089,5.931731199979));
#3312 = CARTESIAN_POINT('',(1.412221798108,5.945279063929));
#3313 = CARTESIAN_POINT('',(1.465140244168,5.954386328025));
#3314 = CARTESIAN_POINT('',(1.517965143151,5.958941060027));
#3315 = CARTESIAN_POINT('',(1.638627111784,5.958941060027));
#3316 = CARTESIAN_POINT('',(1.706436336566,5.951432677181));
#3317 = CARTESIAN_POINT('',(1.774444306699,5.93642600678));
#3318 = CARTESIAN_POINT('',(1.84286377989,5.914220661844));
#3319 = CARTESIAN_POINT('',(1.911915430383,5.885420682555));
#3320 = CARTESIAN_POINT('',(2.001232115767,5.841391655973));
#3321 = CARTESIAN_POINT('',(2.020690494295,5.83139682245));
#3322 = CARTESIAN_POINT('',(2.04022446736,5.820984036294));
#3323 = CARTESIAN_POINT('',(2.059840396706,5.810174194867));
#3324 = CARTESIAN_POINT('',(2.079544987389,5.798990001715));
#3325 = CARTESIAN_POINT('',(2.123129697442,5.773601115316));
#3326 = CARTESIAN_POINT('',(2.147052134111,5.759241637592));
#3327 = CARTESIAN_POINT('',(2.171124879579,5.744419818407));
#3328 = CARTESIAN_POINT('',(2.195360952421,5.729182353023));
#3329 = CARTESIAN_POINT('',(2.219774108005,5.713580346961));
#3330 = CARTESIAN_POINT('',(2.272260690877,5.679639083273));
#3331 = CARTESIAN_POINT('',(2.300388173107,5.661212638227));
#3332 = CARTESIAN_POINT('',(2.328782719111,5.642470285772));
#3333 = CARTESIAN_POINT('',(2.357466304423,5.623502120813));
#3334 = CARTESIAN_POINT('',(2.386461446173,5.604408028241));
#3335 = CARTESIAN_POINT('',(2.452406807811,5.561440108811));
#3336 = CARTESIAN_POINT('',(2.489553753092,5.537551189799));
#3337 = CARTESIAN_POINT('',(2.527265671788,5.513853137357));
#3338 = CARTESIAN_POINT('',(2.565576134426,5.490595979615));
#3339 = CARTESIAN_POINT('',(2.604522050011,5.468054408114));
#3340 = CARTESIAN_POINT('',(2.721076834258,5.404725746534));
#3341 = CARTESIAN_POINT('',(2.801430414456,5.366271358972));
#3342 = CARTESIAN_POINT('',(2.884236270693,5.334245328171));
#3343 = CARTESIAN_POINT('',(2.968854434217,5.311558428039));
#3344 = CARTESIAN_POINT('',(3.05479032448,5.3));
#3345 = CARTESIAN_POINT('',(3.14159265359,5.3));
#3346 = ( GEOMETRIC_REPRESENTATION_CONTEXT(2) 
PARAMETRIC_REPRESENTATION_CONTEXT() REPRESENTATION_CONTEXT('2D SPACE',''
  ) );
#3347 = PCURVE('',#2433,#3348);
#3348 = DEFINITIONAL_REPRESENTATION('',(#3349),#3417);
#3349 = B_SPLINE_CURVE_WITH_KNOTS('',6,(#3350,#3351,#3352,#3353,#3354,
    #3355,#3356,#3357,#3358,#3359,#3360,#3361,#3362,#3363,#3364,#3365,
    #3366,#3367,#3368,#3369,#3370,#3371,#3372,#3373,#3374,#3375,#3376,
    #3377,#3378,#3379,#3380,#3381,#3382,#3383,#3384,#3385,#3386,#3387,
    #3388,#3389,#3390,#3391,#3392,#3393,#3394,#3395,#3396,#3397,#3398,
    #3399,#3400,#3401,#3402,#3403,#3404,#3405,#3406,#3407,#3408,#3409,
    #3410,#3411,#3412,#3413,#3414,#3415,#3416),.UNSPECIFIED.,.F.,.F.,(7,
    5,5,5,5,5,5,5,5,5,5,5,5,7),(0.,8.369118060587E-02,0.204414694329,
    0.261160088868,0.308918332905,0.350297389684,0.384646033609,
    0.500064098735,0.648251162121,0.689338773673,0.738693811994,
    0.794622483672,0.864444478456,1.),.UNSPECIFIED.);
#3350 = CARTESIAN_POINT('',(0.,113.29030623898));
#3351 = CARTESIAN_POINT('',(1.818543027835E-02,113.29030623898));
#3352 = CARTESIAN_POINT('',(3.633621240514E-02,113.27750112182));
#3353 = CARTESIAN_POINT('',(5.429755165635E-02,113.25198259131));
#3354 = CARTESIAN_POINT('',(7.191648005172E-02,113.21429059657));
#3355 = CARTESIAN_POINT('',(8.904451099503E-02,113.16540593315));
#3356 = CARTESIAN_POINT('',(0.129340740149,113.02218391974));
#3357 = CARTESIAN_POINT('',(0.151820555087,112.9173325328));
#3358 = CARTESIAN_POINT('',(0.172901550199,112.79536372738));
#3359 = CARTESIAN_POINT('',(0.1925293625,112.65911529967));
#3360 = CARTESIAN_POINT('',(0.210671160732,112.51119695019));
#3361 = CARTESIAN_POINT('',(0.235139072469,112.28016973106));
#3362 = CARTESIAN_POINT('',(0.242642086915,112.20416097958));
#3363 = CARTESIAN_POINT('',(0.249827606813,112.12620072248));
#3364 = CARTESIAN_POINT('',(0.256698621283,112.04645599922));
#3365 = CARTESIAN_POINT('',(0.26325810623,111.96507430993));
#3366 = CARTESIAN_POINT('',(0.27477005961,111.81242104429));
#3367 = CARTESIAN_POINT('',(0.279812428757,111.74159082724));
#3368 = CARTESIAN_POINT('',(0.28463789649,111.6697700003));
#3369 = CARTESIAN_POINT('',(0.289247969253,111.59702985455));
#3370 = CARTESIAN_POINT('',(0.293643958864,111.52343602611));
#3371 = CARTESIAN_POINT('',(0.301451269297,111.38459709314));
#3372 = CARTESIAN_POINT('',(0.304915673456,111.31955036306));
#3373 = CARTESIAN_POINT('',(0.308220907858,111.25394765262));
#3374 = CARTESIAN_POINT('',(0.311367578316,111.18782653988));
#3375 = CARTESIAN_POINT('',(0.314356183584,111.12122283419));
#3376 = CARTESIAN_POINT('',(0.319537064213,110.99851067676));
#3377 = CARTESIAN_POINT('',(0.321778367506,110.94254183895));
#3378 = CARTESIAN_POINT('',(0.323911249126,110.88628363697));
#3379 = CARTESIAN_POINT('',(0.325935895424,110.82975517876));
#3380 = CARTESIAN_POINT('',(0.327852455209,110.77297510587));
#3381 = CARTESIAN_POINT('',(0.335738232434,110.52438520123));
#3382 = CARTESIAN_POINT('',(0.340597300636,110.3301424945));
#3383 = CARTESIAN_POINT('',(0.344240503393,110.13396523916));
#3384 = CARTESIAN_POINT('',(0.346669176592,109.93651665376));
#3385 = CARTESIAN_POINT('',(0.347883747138,109.73842317764));
#3386 = CARTESIAN_POINT('',(0.347883747138,109.28594079527));
#3387 = CARTESIAN_POINT('',(0.345881642708,109.03165555577));
#3388 = CARTESIAN_POINT('',(0.3418794934,108.77873374845));
#3389 = CARTESIAN_POINT('',(0.335875549363,108.52847375242));
#3390 = CARTESIAN_POINT('',(0.327864335689,108.28230790013));
#3391 = CARTESIAN_POINT('',(0.315056398996,107.97526963088));
#3392 = CARTESIAN_POINT('',(0.312120723074,107.90905485495));
#3393 = CARTESIAN_POINT('',(0.309029336412,107.84331012518));
#3394 = CARTESIAN_POINT('',(0.30578176337,107.77807029043));
#3395 = CARTESIAN_POINT('',(0.302377425263,107.71337187504));
#3396 = CARTESIAN_POINT('',(0.294537172378,107.5722326454));
#3397 = CARTESIAN_POINT('',(0.290031536342,107.49604930803));
#3398 = CARTESIAN_POINT('',(0.285297527136,107.4207686267));
#3399 = CARTESIAN_POINT('',(0.280333716669,107.34646252453));
#3400 = CARTESIAN_POINT('',(0.275138453877,107.27320928764));
#3401 = CARTESIAN_POINT('',(0.263558237836,107.11937269745));
#3402 = CARTESIAN_POINT('',(0.257107122639,107.03911469531));
#3403 = CARTESIAN_POINT('',(0.25035362846,106.96044138082));
#3404 = CARTESIAN_POINT('',(0.243294872107,106.88349321186));
#3405 = CARTESIAN_POINT('',(0.235927977865,106.80842928213));
#3406 = CARTESIAN_POINT('',(0.218664898676,106.64429083645));
#3407 = CARTESIAN_POINT('',(0.208592508814,106.55634425585));
#3408 = CARTESIAN_POINT('',(0.198030178369,106.4719702955));
#3409 = CARTESIAN_POINT('',(0.186976980296,106.39159649528));
#3410 = CARTESIAN_POINT('',(0.175433566987,106.31569626535));
#3411 = CARTESIAN_POINT('',(0.140043226217,106.10712922908));
#3412 = CARTESIAN_POINT('',(0.114581940747,105.98674547372));
#3413 = CARTESIAN_POINT('',(8.738013103565E-02,105.89075378551));
#3414 = CARTESIAN_POINT('',(5.888809945464E-02,105.82421246732));
#3415 = CARTESIAN_POINT('',(2.959170310553E-02,105.79030623898));
#3416 = CARTESIAN_POINT('',(0.,105.79030623898));
#3417 = ( GEOMETRIC_REPRESENTATION_CONTEXT(2) 
PARAMETRIC_REPRESENTATION_CONTEXT() REPRESENTATION_CONTEXT('2D SPACE',''
  ) );
#3418 = ORIENTED_EDGE('',*,*,#3419,.F.);
#3419 = EDGE_CURVE('',#798,#3203,#3420,.T.);
#3420 = SEAM_CURVE('',#3421,(#3425,#3432),.PCURVE_S1.);
#3421 = LINE('',#3422,#3423);
#3422 = CARTESIAN_POINT('',(197.29030623898,-9.184850993605E-16,-2.));
#3423 = VECTOR('',#3424,1.);
#3424 = DIRECTION('',(0.,0.,1.));
#3425 = PCURVE('',#814,#3426);
#3426 = DEFINITIONAL_REPRESENTATION('',(#3427),#3431);
#3427 = LINE('',#3428,#3429);
#3428 = CARTESIAN_POINT('',(6.28318530718,-0.));
#3429 = VECTOR('',#3430,1.);
#3430 = DIRECTION('',(0.,1.));
#3431 = ( GEOMETRIC_REPRESENTATION_CONTEXT(2) 
PARAMETRIC_REPRESENTATION_CONTEXT() REPRESENTATION_CONTEXT('2D SPACE',''
  ) );
#3432 = PCURVE('',#814,#3433);
#3433 = DEFINITIONAL_REPRESENTATION('',(#3434),#3438);
#3434 = LINE('',#3435,#3436);
#3435 = CARTESIAN_POINT('',(0.,-0.));
#3436 = VECTOR('',#3437,1.);
#3437 = DIRECTION('',(0.,1.));
#3438 = ( GEOMETRIC_REPRESENTATION_CONTEXT(2) 
PARAMETRIC_REPRESENTATION_CONTEXT() REPRESENTATION_CONTEXT('2D SPACE',''
  ) );
#3439 = ORIENTED_EDGE('',*,*,#797,.T.);
#3440 = ORIENTED_EDGE('',*,*,#3419,.T.);
#3441 = ORIENTED_EDGE('',*,*,#3442,.F.);
#3442 = EDGE_CURVE('',#3205,#3203,#3443,.T.);
#3443 = SURFACE_CURVE('',#3444,(#3512,#3583),.PCURVE_S1.);
#3444 = B_SPLINE_CURVE_WITH_KNOTS('',6,(#3445,#3446,#3447,#3448,#3449,
    #3450,#3451,#3452,#3453,#3454,#3455,#3456,#3457,#3458,#3459,#3460,
    #3461,#3462,#3463,#3464,#3465,#3466,#3467,#3468,#3469,#3470,#3471,
    #3472,#3473,#3474,#3475,#3476,#3477,#3478,#3479,#3480,#3481,#3482,
    #3483,#3484,#3485,#3486,#3487,#3488,#3489,#3490,#3491,#3492,#3493,
    #3494,#3495,#3496,#3497,#3498,#3499,#3500,#3501,#3502,#3503,#3504,
    #3505,#3506,#3507,#3508,#3509,#3510,#3511),.UNSPECIFIED.,.F.,.F.,(7,
    5,5,5,5,5,5,5,5,5,5,5,5,7),(0.,8.369118051871E-02,0.204414694176,
    0.261160088726,0.308918332774,0.35029738956,0.384646033492,
    0.500064098641,0.648251162055,0.689338773614,0.738693811944,
    0.794622483633,0.864444478431,1.),.UNSPECIFIED.);
#3445 = CARTESIAN_POINT('',(189.79030623898,-4.440892098501E-16,3.3));
#3446 = CARTESIAN_POINT('',(189.79030623898,-0.200039733023,3.3));
#3447 = CARTESIAN_POINT('',(189.80311135614,-0.399698298648,
    3.304365357056));
#3448 = CARTESIAN_POINT('',(189.82862988666,-0.597154139863,
    3.313064967635));
#3449 = CARTESIAN_POINT('',(189.8663218814,-0.790606855044,
    3.325815430371));
#3450 = CARTESIAN_POINT('',(189.91520654479,-0.978345266203,
    3.342090760123));
#3451 = CARTESIAN_POINT('',(190.05842855828,-1.419137299285,
    3.388786583714));
#3452 = CARTESIAN_POINT('',(190.16327994518,-1.664251825246,
    3.422270831947));
#3453 = CARTESIAN_POINT('',(190.28524875049,-1.893175117615,
    3.45999555554));
#3454 = CARTESIAN_POINT('',(190.42149717822,-2.105363819061,
    3.500304369542));
#3455 = CARTESIAN_POINT('',(190.56941552788,-2.300614095349,
    3.541715011591));
#3456 = CARTESIAN_POINT('',(190.80044274689,-2.562837287964,
    3.602370765317));
#3457 = CARTESIAN_POINT('',(190.87645149838,-2.643065186031,
    3.62175783981));
#3458 = CARTESIAN_POINT('',(190.95441175548,-2.719727162016,
    3.641021937205));
#3459 = CARTESIAN_POINT('',(191.03415647874,-2.792875379588,
    3.66005840372));
#3460 = CARTESIAN_POINT('',(191.11553816803,-2.862562403555,
    3.67877292714));
#3461 = CARTESIAN_POINT('',(191.26819143367,-2.984622712088,
    3.712489608835));
#3462 = CARTESIAN_POINT('',(191.33902165071,-3.037989225931,
    3.727609990562));
#3463 = CARTESIAN_POINT('',(191.41084247766,-3.088971136871,
    3.742391773403));
#3464 = CARTESIAN_POINT('',(191.4835826234,-3.137596609416,
    3.756788415818));
#3465 = CARTESIAN_POINT('',(191.55717645185,-3.183891433478,
    3.770757265599));
#3466 = CARTESIAN_POINT('',(191.69601538481,-3.265991083521,
    3.795958319181));
#3467 = CARTESIAN_POINT('',(191.7610621149,-3.302370964655,
    3.807306725506));
#3468 = CARTESIAN_POINT('',(191.82666482534,-3.337033723074,
    3.818279462105));
#3469 = CARTESIAN_POINT('',(191.89278593807,-3.369992928353,
    3.828853079063));
#3470 = CARTESIAN_POINT('',(191.95938964377,-3.401260664352,
    3.839005993297));
#3471 = CARTESIAN_POINT('',(192.0821018012,-3.455407506288,
    3.856780804804));
#3472 = CARTESIAN_POINT('',(192.13807063901,-3.478809258202,
    3.864539626031));
#3473 = CARTESIAN_POINT('',(192.19432884098,-3.501058836209,
    3.871983651871));
#3474 = CARTESIAN_POINT('',(192.2508572992,-3.522161670898,
    3.879102425346));
#3475 = CARTESIAN_POINT('',(192.30763737209,-3.542122572193,
    3.88588633287));
#3476 = CARTESIAN_POINT('',(192.55622727673,-3.624195166016,3.9139671576
    ));
#3477 = CARTESIAN_POINT('',(192.75046998345,-3.674608795354,
    3.931731199979));
#3478 = CARTESIAN_POINT('',(192.94664723879,-3.712325264306,
    3.945279063929));
#3479 = CARTESIAN_POINT('',(193.14409582419,-3.737439908171,
    3.954386328025));
#3480 = CARTESIAN_POINT('',(193.34218930031,-3.75,3.958941060027));
#3481 = CARTESIAN_POINT('',(193.79467168269,-3.75,3.958941060027));
#3482 = CARTESIAN_POINT('',(194.04895692218,-3.729295484327,
    3.951432677181));
#3483 = CARTESIAN_POINT('',(194.30187872951,-3.68791079363,3.93642600678
    ));
#3484 = CARTESIAN_POINT('',(194.55213872554,-3.625709189439,
    3.914220661844));
#3485 = CARTESIAN_POINT('',(194.79830457782,-3.542415069158,
    3.885420682555));
#3486 = CARTESIAN_POINT('',(195.10534284707,-3.408584291154,
    3.841391655973));
#3487 = CARTESIAN_POINT('',(195.17155762301,-3.377877389242,
    3.83139682245));
#3488 = CARTESIAN_POINT('',(195.23730235278,-3.345505267127,
    3.820984036294));
#3489 = CARTESIAN_POINT('',(195.30254218752,-3.311456277736,
    3.810174194867));
#3490 = CARTESIAN_POINT('',(195.36724060292,-3.275717335126,
    3.798990001715));
#3491 = CARTESIAN_POINT('',(195.50837983255,-3.193296331442,
    3.773601115316));
#3492 = CARTESIAN_POINT('',(195.58456316993,-3.145859545639,
    3.759241637592));
#3493 = CARTESIAN_POINT('',(195.65984385125,-3.095938075633,
    3.744419818407));
#3494 = CARTESIAN_POINT('',(195.73414995343,-3.043503711371,
    3.729182353023));
#3495 = CARTESIAN_POINT('',(195.80740319032,-2.988525514187,
    3.713580346961));
#3496 = CARTESIAN_POINT('',(195.9612397805,-2.865748234331,
    3.679639083273));
#3497 = CARTESIAN_POINT('',(196.04149778265,-2.797218427199,
    3.661212638227));
#3498 = CARTESIAN_POINT('',(196.12017109713,-2.725329454461,
    3.642470285772));
#3499 = CARTESIAN_POINT('',(196.1971192661,-2.650030945007,
    3.623502120813));
#3500 = CARTESIAN_POINT('',(196.27218319582,-2.571273097571,
    3.604408028241));
#3501 = CARTESIAN_POINT('',(196.43632164151,-2.386304342987,
    3.561440108811));
#3502 = CARTESIAN_POINT('',(196.52426822211,-2.278107261785,
    3.537551189799));
#3503 = CARTESIAN_POINT('',(196.60864218246,-2.164350905841,
    3.513853137357));
#3504 = CARTESIAN_POINT('',(196.68901598268,-2.044993695602,
    3.490595979615));
#3505 = CARTESIAN_POINT('',(196.76491621261,-1.920018395549,
    3.468054408114));
#3506 = CARTESIAN_POINT('',(196.97348324888,-1.535910203475,
    3.404725746534));
#3507 = CARTESIAN_POINT('',(197.09386700424,-1.258395418569,
    3.366271358972));
#3508 = CARTESIAN_POINT('',(197.18985869245,-0.960670167151,
    3.334245328171));
#3509 = CARTESIAN_POINT('',(197.25640001063,-0.647768663303,
    3.311558428039));
#3510 = CARTESIAN_POINT('',(197.29030623898,-0.325508734161,3.3));
#3511 = CARTESIAN_POINT('',(197.29030623898,-1.7763568394E-15,3.3));
#3512 = PCURVE('',#814,#3513);
#3513 = DEFINITIONAL_REPRESENTATION('',(#3514),#3582);
#3514 = B_SPLINE_CURVE_WITH_KNOTS('',6,(#3515,#3516,#3517,#3518,#3519,
    #3520,#3521,#3522,#3523,#3524,#3525,#3526,#3527,#3528,#3529,#3530,
    #3531,#3532,#3533,#3534,#3535,#3536,#3537,#3538,#3539,#3540,#3541,
    #3542,#3543,#3544,#3545,#3546,#3547,#3548,#3549,#3550,#3551,#3552,
    #3553,#3554,#3555,#3556,#3557,#3558,#3559,#3560,#3561,#3562,#3563,
    #3564,#3565,#3566,#3567,#3568,#3569,#3570,#3571,#3572,#3573,#3574,
    #3575,#3576,#3577,#3578,#3579,#3580,#3581),.UNSPECIFIED.,.F.,.F.,(7,
    5,5,5,5,5,5,5,5,5,5,5,5,7),(0.,8.369118051871E-02,0.204414694176,
    0.261160088726,0.308918332774,0.35029738956,0.384646033492,
    0.500064098641,0.648251162055,0.689338773614,0.738693811944,
    0.794622483633,0.864444478431,1.),.UNSPECIFIED.);
#3515 = CARTESIAN_POINT('',(3.14159265359,5.3));
#3516 = CARTESIAN_POINT('',(3.194936582396,5.3));
#3517 = CARTESIAN_POINT('',(3.248178860122,5.304365357056));
#3518 = CARTESIAN_POINT('',(3.301107015151,5.313064967635));
#3519 = CARTESIAN_POINT('',(3.353508778358,5.325815430371));
#3520 = CARTESIAN_POINT('',(3.405150379963,5.342090760123));
#3521 = CARTESIAN_POINT('',(3.528744025704,5.388786583714));
#3522 = CARTESIAN_POINT('',(3.599549058186,5.422270831947));
#3523 = CARTESIAN_POINT('',(3.668357902431,5.45999555554));
#3524 = CARTESIAN_POINT('',(3.735290972108,5.500304369542));
#3525 = CARTESIAN_POINT('',(3.80043384634,5.541715011591));
#3526 = CARTESIAN_POINT('',(3.893627867578,5.602370765317));
#3527 = CARTESIAN_POINT('',(3.923079609247,5.62175783981));
#3528 = CARTESIAN_POINT('',(3.952209479547,5.641021937205));
#3529 = CARTESIAN_POINT('',(3.98104061178,5.66005840372));
#3530 = CARTESIAN_POINT('',(4.009595450642,5.67877292714));
#3531 = CARTESIAN_POINT('',(4.061716157334,5.712489608835));
#3532 = CARTESIAN_POINT('',(4.085355579741,5.727609990562));
#3533 = CARTESIAN_POINT('',(4.108828369199,5.742391773403));
#3534 = CARTESIAN_POINT('',(4.132147028663,5.756788415818));
#3535 = CARTESIAN_POINT('',(4.15532341594,5.770757265599));
#3536 = CARTESIAN_POINT('',(4.198335849776,5.795958319181));
#3537 = CARTESIAN_POINT('',(4.218204520771,5.807306725506));
#3538 = CARTESIAN_POINT('',(4.237982012374,5.818279462105));
#3539 = CARTESIAN_POINT('',(4.257675224935,5.828853079063));
#3540 = CARTESIAN_POINT('',(4.277290703451,5.839005993297));
#3541 = CARTESIAN_POINT('',(4.313058004792,5.856780804804));
#3542 = CARTESIAN_POINT('',(4.329232066834,5.864539626031));
#3543 = CARTESIAN_POINT('',(4.345360359366,5.871983651871));
#3544 = CARTESIAN_POINT('',(4.361446276082,5.879102425346));
#3545 = CARTESIAN_POINT('',(4.377493068691,5.88588633287));
#3546 = CARTESIAN_POINT('',(4.447303148242,5.9139671576));
#3547 = CARTESIAN_POINT('',(4.500704560678,5.931731199979));
#3548 = CARTESIAN_POINT('',(4.553814451698,5.945279063929));
#3549 = CARTESIAN_POINT('',(4.606732897758,5.954386328025));
#3550 = CARTESIAN_POINT('',(4.659557796741,5.958941060027));
#3551 = CARTESIAN_POINT('',(4.780219765373,5.958941060027));
#3552 = CARTESIAN_POINT('',(4.848028990155,5.951432677181));
#3553 = CARTESIAN_POINT('',(4.916036960289,5.93642600678));
#3554 = CARTESIAN_POINT('',(4.98445643348,5.914220661844));
#3555 = CARTESIAN_POINT('',(5.053508083973,5.885420682555));
#3556 = CARTESIAN_POINT('',(5.142824769357,5.841391655973));
#3557 = CARTESIAN_POINT('',(5.162283147885,5.83139682245));
#3558 = CARTESIAN_POINT('',(5.18181712095,5.820984036294));
#3559 = CARTESIAN_POINT('',(5.201433050295,5.810174194867));
#3560 = CARTESIAN_POINT('',(5.221137640979,5.798990001715));
#3561 = CARTESIAN_POINT('',(5.264722351032,5.773601115316));
#3562 = CARTESIAN_POINT('',(5.288644787701,5.759241637592));
#3563 = CARTESIAN_POINT('',(5.312717533168,5.744419818407));
#3564 = CARTESIAN_POINT('',(5.336953606011,5.729182353023));
#3565 = CARTESIAN_POINT('',(5.361366761595,5.713580346961));
#3566 = CARTESIAN_POINT('',(5.413853344467,5.679639083273));
#3567 = CARTESIAN_POINT('',(5.441980826697,5.661212638227));
#3568 = CARTESIAN_POINT('',(5.470375372701,5.642470285772));
#3569 = CARTESIAN_POINT('',(5.499058958013,5.623502120813));
#3570 = CARTESIAN_POINT('',(5.528054099763,5.604408028241));
#3571 = CARTESIAN_POINT('',(5.593999461401,5.561440108811));
#3572 = CARTESIAN_POINT('',(5.631146406682,5.537551189799));
#3573 = CARTESIAN_POINT('',(5.668858325377,5.513853137357));
#3574 = CARTESIAN_POINT('',(5.707168788016,5.490595979615));
#3575 = CARTESIAN_POINT('',(5.746114703601,5.468054408114));
#3576 = CARTESIAN_POINT('',(5.862669487848,5.404725746534));
#3577 = CARTESIAN_POINT('',(5.943023068045,5.366271358972));
#3578 = CARTESIAN_POINT('',(6.025828924283,5.334245328171));
#3579 = CARTESIAN_POINT('',(6.110447087806,5.311558428039));
#3580 = CARTESIAN_POINT('',(6.19638297807,5.3));
#3581 = CARTESIAN_POINT('',(6.28318530718,5.3));
#3582 = ( GEOMETRIC_REPRESENTATION_CONTEXT(2) 
PARAMETRIC_REPRESENTATION_CONTEXT() REPRESENTATION_CONTEXT('2D SPACE',''
  ) );
#3583 = PCURVE('',#2433,#3584);
#3584 = DEFINITIONAL_REPRESENTATION('',(#3585),#3653);
#3585 = B_SPLINE_CURVE_WITH_KNOTS('',6,(#3586,#3587,#3588,#3589,#3590,
    #3591,#3592,#3593,#3594,#3595,#3596,#3597,#3598,#3599,#3600,#3601,
    #3602,#3603,#3604,#3605,#3606,#3607,#3608,#3609,#3610,#3611,#3612,
    #3613,#3614,#3615,#3616,#3617,#3618,#3619,#3620,#3621,#3622,#3623,
    #3624,#3625,#3626,#3627,#3628,#3629,#3630,#3631,#3632,#3633,#3634,
    #3635,#3636,#3637,#3638,#3639,#3640,#3641,#3642,#3643,#3644,#3645,
    #3646,#3647,#3648,#3649,#3650,#3651,#3652),.UNSPECIFIED.,.F.,.F.,(7,
    5,5,5,5,5,5,5,5,5,5,5,5,7),(0.,8.369118051871E-02,0.204414694176,
    0.261160088726,0.308918332774,0.35029738956,0.384646033492,
    0.500064098641,0.648251162055,0.689338773614,0.738693811944,
    0.794622483633,0.864444478431,1.),.UNSPECIFIED.);
#3586 = CARTESIAN_POINT('',(6.28318530718,105.79030623898));
#3587 = CARTESIAN_POINT('',(6.264999876905,105.79030623898));
#3588 = CARTESIAN_POINT('',(6.246849094774,105.80311135614));
#3589 = CARTESIAN_POINT('',(6.22888775552,105.82862988666));
#3590 = CARTESIAN_POINT('',(6.211268827127,105.8663218814));
#3591 = CARTESIAN_POINT('',(6.194140796188,105.91520654479));
#3592 = CARTESIAN_POINT('',(6.153844567013,106.05842855828));
#3593 = CARTESIAN_POINT('',(6.131364752096,106.16327994518));
#3594 = CARTESIAN_POINT('',(6.110283756994,106.28524875049));
#3595 = CARTESIAN_POINT('',(6.090655944683,106.42149717822));
#3596 = CARTESIAN_POINT('',(6.072514146435,106.56941552788));
#3597 = CARTESIAN_POINT('',(6.04804623471,106.80044274689));
#3598 = CARTESIAN_POINT('',(6.040543220265,106.87645149838));
#3599 = CARTESIAN_POINT('',(6.033357700367,106.95441175548));
#3600 = CARTESIAN_POINT('',(6.026486685896,107.03415647874));
#3601 = CARTESIAN_POINT('',(6.019927200949,107.11553816803));
#3602 = CARTESIAN_POINT('',(6.00841524757,107.26819143367));
#3603 = CARTESIAN_POINT('',(6.003372878422,107.33902165071));
#3604 = CARTESIAN_POINT('',(5.99854741069,107.41084247766));
#3605 = CARTESIAN_POINT('',(5.993937337926,107.4835826234));
#3606 = CARTESIAN_POINT('',(5.989541348315,107.55717645185));
#3607 = CARTESIAN_POINT('',(5.981734037883,107.69601538481));
#3608 = CARTESIAN_POINT('',(5.978269633724,107.7610621149));
#3609 = CARTESIAN_POINT('',(5.974964399322,107.82666482534));
#3610 = CARTESIAN_POINT('',(5.971817728863,107.89278593807));
#3611 = CARTESIAN_POINT('',(5.968829123596,107.95938964377));
#3612 = CARTESIAN_POINT('',(5.963648242966,108.0821018012));
#3613 = CARTESIAN_POINT('',(5.961406939674,108.13807063901));
#3614 = CARTESIAN_POINT('',(5.959274058054,108.19432884098));
#3615 = CARTESIAN_POINT('',(5.957249411755,108.2508572992));
#3616 = CARTESIAN_POINT('',(5.95533285197,108.30763737209));
#3617 = CARTESIAN_POINT('',(5.947447074746,108.55622727673));
#3618 = CARTESIAN_POINT('',(5.942588006544,108.75046998345));
#3619 = CARTESIAN_POINT('',(5.938944803786,108.94664723879));
#3620 = CARTESIAN_POINT('',(5.936516130588,109.14409582419));
#3621 = CARTESIAN_POINT('',(5.935301560042,109.34218930031));
#3622 = CARTESIAN_POINT('',(5.935301560042,109.79467168269));
#3623 = CARTESIAN_POINT('',(5.937303664472,110.04895692218));
#3624 = CARTESIAN_POINT('',(5.941305813779,110.30187872951));
#3625 = CARTESIAN_POINT('',(5.947309757817,110.55213872554));
#3626 = CARTESIAN_POINT('',(5.955320971491,110.79830457782));
#3627 = CARTESIAN_POINT('',(5.968128908184,111.10534284707));
#3628 = CARTESIAN_POINT('',(5.971064584105,111.17155762301));
#3629 = CARTESIAN_POINT('',(5.974155970768,111.23730235278));
#3630 = CARTESIAN_POINT('',(5.97740354381,111.30254218752));
#3631 = CARTESIAN_POINT('',(5.980807881917,111.36724060292));
#3632 = CARTESIAN_POINT('',(5.988648134801,111.50837983255));
#3633 = CARTESIAN_POINT('',(5.993153770837,111.58456316993));
#3634 = CARTESIAN_POINT('',(5.997887780044,111.65984385125));
#3635 = CARTESIAN_POINT('',(6.002851590511,111.73414995343));
#3636 = CARTESIAN_POINT('',(6.008046853303,111.80740319032));
#3637 = CARTESIAN_POINT('',(6.019627069344,111.9612397805));
#3638 = CARTESIAN_POINT('',(6.02607818454,112.04149778265));
#3639 = CARTESIAN_POINT('',(6.032831678719,112.12017109713));
#3640 = CARTESIAN_POINT('',(6.039890435073,112.1971192661));
#3641 = CARTESIAN_POINT('',(6.047257329315,112.27218319582));
#3642 = CARTESIAN_POINT('',(6.064520408504,112.43632164151));
#3643 = CARTESIAN_POINT('',(6.074592798366,112.52426822211));
#3644 = CARTESIAN_POINT('',(6.085155128811,112.60864218246));
#3645 = CARTESIAN_POINT('',(6.096208326884,112.68901598268));
#3646 = CARTESIAN_POINT('',(6.107751740193,112.76491621261));
#3647 = CARTESIAN_POINT('',(6.143142080963,112.97348324888));
#3648 = CARTESIAN_POINT('',(6.168603366433,113.09386700424));
#3649 = CARTESIAN_POINT('',(6.195805176144,113.18985869245));
#3650 = CARTESIAN_POINT('',(6.224297207725,113.25640001063));
#3651 = CARTESIAN_POINT('',(6.253593604074,113.29030623898));
#3652 = CARTESIAN_POINT('',(6.28318530718,113.29030623898));
#3653 = ( GEOMETRIC_REPRESENTATION_CONTEXT(2) 
PARAMETRIC_REPRESENTATION_CONTEXT() REPRESENTATION_CONTEXT('2D SPACE',''
  ) );
#3654 = ADVANCED_FACE('',(#3655,#3658),#1274,.F.);
#3655 = FACE_BOUND('',#3656,.F.);
#3656 = EDGE_LOOP('',(#3657));
#3657 = ORIENTED_EDGE('',*,*,#1259,.T.);
#3658 = FACE_BOUND('',#3659,.F.);
#3659 = EDGE_LOOP('',(#3660));
#3660 = ORIENTED_EDGE('',*,*,#3661,.F.);
#3661 = EDGE_CURVE('',#3662,#3662,#3664,.T.);
#3662 = VERTEX_POINT('',#3663);
#3663 = CARTESIAN_POINT('',(2.442490654175E-15,-2.694222958124E-15,3.3)
  );
#3664 = SURFACE_CURVE('',#3665,(#3670,#3677),.PCURVE_S1.);
#3665 = CIRCLE('',#3666,11.);
#3666 = AXIS2_PLACEMENT_3D('',#3667,#3668,#3669);
#3667 = CARTESIAN_POINT('',(0.,0.,14.3));
#3668 = DIRECTION('',(1.,-0.,2.22044604925E-16));
#3669 = DIRECTION('',(2.22044604925E-16,0.,-1.));
#3670 = PCURVE('',#1274,#3671);
#3671 = DEFINITIONAL_REPRESENTATION('',(#3672),#3676);
#3672 = CIRCLE('',#3673,11.);
#3673 = AXIS2_PLACEMENT_2D('',#3674,#3675);
#3674 = CARTESIAN_POINT('',(1.7763568394E-15,0.));
#3675 = DIRECTION('',(1.,0.));
#3676 = ( GEOMETRIC_REPRESENTATION_CONTEXT(2) 
PARAMETRIC_REPRESENTATION_CONTEXT() REPRESENTATION_CONTEXT('2D SPACE',''
  ) );
#3677 = PCURVE('',#1308,#3678);
#3678 = DEFINITIONAL_REPRESENTATION('',(#3679),#3683);
#3679 = LINE('',#3680,#3681);
#3680 = CARTESIAN_POINT('',(0.,0.));
#3681 = VECTOR('',#3682,1.);
#3682 = DIRECTION('',(1.,0.));
#3683 = ( GEOMETRIC_REPRESENTATION_CONTEXT(2) 
PARAMETRIC_REPRESENTATION_CONTEXT() REPRESENTATION_CONTEXT('2D SPACE',''
  ) );
#3684 = ADVANCED_FACE('',(#3685,#4411),#1308,.F.);
#3685 = FACE_BOUND('',#3686,.F.);
#3686 = EDGE_LOOP('',(#3687,#3966,#4006,#4035,#4070,#4326,#4358,#4379,
    #4380,#4381));
#3687 = ORIENTED_EDGE('',*,*,#3688,.T.);
#3688 = EDGE_CURVE('',#3689,#3691,#3693,.T.);
#3689 = VERTEX_POINT('',#3690);
#3690 = CARTESIAN_POINT('',(58.902515164656,-1.442497833621,
    3.394991976161));
#3691 = VERTEX_POINT('',#3692);
#3692 = CARTESIAN_POINT('',(68.196863790132,-10.16833186232,
    10.104165417924));
#3693 = SURFACE_CURVE('',#3694,(#3781,#3871),.PCURVE_S1.);
#3694 = B_SPLINE_CURVE_WITH_KNOTS('',8,(#3695,#3696,#3697,#3698,#3699,
    #3700,#3701,#3702,#3703,#3704,#3705,#3706,#3707,#3708,#3709,#3710,
    #3711,#3712,#3713,#3714,#3715,#3716,#3717,#3718,#3719,#3720,#3721,
    #3722,#3723,#3724,#3725,#3726,#3727,#3728,#3729,#3730,#3731,#3732,
    #3733,#3734,#3735,#3736,#3737,#3738,#3739,#3740,#3741,#3742,#3743,
    #3744,#3745,#3746,#3747,#3748,#3749,#3750,#3751,#3752,#3753,#3754,
    #3755,#3756,#3757,#3758,#3759,#3760,#3761,#3762,#3763,#3764,#3765,
    #3766,#3767,#3768,#3769,#3770,#3771,#3772,#3773,#3774,#3775,#3776,
    #3777,#3778,#3779,#3780),.UNSPECIFIED.,.F.,.F.,(9,7,7,7,7,7,7,7,7,7,
    7,7,9),(0.,7.562516704432E-02,0.189368143738,0.283297326676,
    0.389050838397,0.420697746419,0.483136848718,0.521409521493,
    0.596714890154,0.682361946226,0.84613808385,0.940477122875,1.),
  .UNSPECIFIED.);
#3695 = CARTESIAN_POINT('',(58.902515164656,-1.442497833621,
    3.394991976161));
#3696 = CARTESIAN_POINT('',(58.958252005254,-1.832655717803,
    3.446601466174));
#3697 = CARTESIAN_POINT('',(59.03009635452,-2.212501483614,
    3.513079163209));
#3698 = CARTESIAN_POINT('',(59.116692195858,-2.581211964427,
    3.593121872594));
#3699 = CARTESIAN_POINT('',(59.216648696883,-2.938057159478,
    3.685379062653));
#3700 = CARTESIAN_POINT('',(59.328536080312,-3.282395430579,
    3.788454762775));
#3701 = CARTESIAN_POINT('',(59.450881494846,-3.613668698842,
    3.90090946149));
#3702 = CARTESIAN_POINT('',(59.582164886061,-3.931397641382,
    4.021262004542));
#3703 = CARTESIAN_POINT('',(59.929349435886,-4.692071822933,
    4.338597210753));
#3704 = CARTESIAN_POINT('',(60.15581039397,-5.12017627733,4.544782004392
    ));
#3705 = CARTESIAN_POINT('',(60.396765515794,-5.52086421801,
    4.763107946476));
#3706 = CARTESIAN_POINT('',(60.649524229276,-5.89574633093,
    4.990804361004));
#3707 = CARTESIAN_POINT('',(60.912072231156,-6.24656828844,
    5.225712334289));
#3708 = CARTESIAN_POINT('',(61.183025130818,-6.575121542373,
    5.466221409314));
#3709 = CARTESIAN_POINT('',(61.461601122803,-6.883166643019,
    5.711198463529));
#3710 = CARTESIAN_POINT('',(61.983801623896,-7.411193051602,
    6.165294250259));
#3711 = CARTESIAN_POINT('',(62.224846584416,-7.636949656227,
    6.373038136542));
#3712 = CARTESIAN_POINT('',(62.470286522796,-7.850274901439,
    6.582423534696));
#3713 = CARTESIAN_POINT('',(62.719824308432,-8.051776757907,
    6.792829772379));
#3714 = CARTESIAN_POINT('',(62.973302908097,-8.242014739965,
    7.00370015362));
#3715 = CARTESIAN_POINT('',(63.230689270466,-8.421484225418,
    7.214497995789));
#3716 = CARTESIAN_POINT('',(63.492065913927,-8.590605518548,
    7.424650949045));
#3717 = CARTESIAN_POINT('',(64.056625235379,-8.928859716379,
    7.868605264725));
#3718 = CARTESIAN_POINT('',(64.359332306952,-9.094357169159,
    8.100796744788));
#3719 = CARTESIAN_POINT('',(64.667093960167,-9.247625036677,8.3300386456
    ));
#3720 = CARTESIAN_POINT('',(64.981190907184,-9.389431872955,
    8.555853243239));
#3721 = CARTESIAN_POINT('',(65.302547140649,-9.519930426911,
    8.776962885907));
#3722 = CARTESIAN_POINT('',(65.631645227535,-9.638847539518,8.9910245443
    ));
#3723 = CARTESIAN_POINT('',(65.968620724788,-9.745693965542,
    9.194530173021));
#3724 = CARTESIAN_POINT('',(66.416711705887,-9.868032593951,
    9.439351237068));
#3725 = CARTESIAN_POINT('',(66.520776245989,-9.895115019084,
    9.494471640697));
#3726 = CARTESIAN_POINT('',(66.625722088758,-9.921085355985,
    9.548206879441));
#3727 = CARTESIAN_POINT('',(66.731573319621,-9.94592437372,
    9.600428911107));
#3728 = CARTESIAN_POINT('',(66.838354281769,-9.969610339982,
    9.65099852967));
#3729 = CARTESIAN_POINT('',(66.946089576159,-9.992119021096,
    9.699765365274));
#3730 = CARTESIAN_POINT('',(67.054804061513,-10.01342368202,
    9.74656788423));
#3731 = CARTESIAN_POINT('',(67.380997175394,-10.07309581027,
    9.879358081032));
#3732 = CARTESIAN_POINT('',(67.603272342281,-10.10824192789,
    9.959934480692));
#3733 = CARTESIAN_POINT('',(67.829832685201,-10.13822339818,
    10.03064205877));
#3734 = CARTESIAN_POINT('',(68.05958664833,-10.16261219095,
    10.089535525344));
#3735 = CARTESIAN_POINT('',(68.291812641113,-10.18115017625,
    10.135059540476));
#3736 = CARTESIAN_POINT('',(68.526086344997,-10.19366300773,
    10.16605372103));
#3737 = CARTESIAN_POINT('',(68.762189475552,-10.2,10.181747943605));
#3738 = CARTESIAN_POINT('',(69.145768341467,-10.2,10.181747943605));
#3739 = CARTESIAN_POINT('',(69.291330367045,-10.19761921699,
    10.175851311567));
#3740 = CARTESIAN_POINT('',(69.436521659966,-10.19286948381,
    10.164087174483));
#3741 = CARTESIAN_POINT('',(69.58116820951,-10.18577443747,
    10.146569332004));
#3742 = CARTESIAN_POINT('',(69.725072311584,-10.17637104851,
    10.123497928525));
#3743 = CARTESIAN_POINT('',(69.867998529045,-10.16471419568,
    10.095160473502));
#3744 = CARTESIAN_POINT('',(70.00965971177,-10.15088428596,
    10.061932210026));
#3745 = CARTESIAN_POINT('',(70.425252611984,-10.10373988201,
    9.950183084705));
#3746 = CARTESIAN_POINT('',(70.694356725143,-10.06454152735,
    9.858996135762));
#3747 = CARTESIAN_POINT('',(70.957700646708,-10.01792547672,
    9.753376868436));
#3748 = CARTESIAN_POINT('',(71.215661638089,-9.964290171264,
    9.635822527036));
#3749 = CARTESIAN_POINT('',(71.468442622412,-9.903981686613,
    9.508578400207));
#3750 = CARTESIAN_POINT('',(71.716188582891,-9.837318540485,
    9.37357404428));
#3751 = CARTESIAN_POINT('',(71.95908572848,-9.764569493664,
    9.232383046294));
#3752 = CARTESIAN_POINT('',(72.468534791458,-9.596393362316,
    8.919955156012));
#3753 = CARTESIAN_POINT('',(72.73483058819,-9.498869193415,
    8.746594295026));
#3754 = CARTESIAN_POINT('',(72.996383333867,-9.393534607022,
    8.567996688166));
#3755 = CARTESIAN_POINT('',(73.253343955708,-9.28053263267,
    8.385601224385));
#3756 = CARTESIAN_POINT('',(73.505990311235,-9.159889291057,
    8.200422837758));
#3757 = CARTESIAN_POINT('',(73.754727383224,-9.031463233887,
    8.013110710615));
#3758 = CARTESIAN_POINT('',(74.000052318358,-8.894905566804,
    7.824037050054));
#3759 = CARTESIAN_POINT('',(74.706048068825,-8.471898303915,
    7.268856565888));
#3760 = CARTESIAN_POINT('',(75.155433446572,-8.164496767586,
    6.901411229424));
#3761 = CARTESIAN_POINT('',(75.592894368768,-7.825333696767,
    6.533861889584));
#3762 = CARTESIAN_POINT('',(76.019096335645,-7.451372550624,
    6.168132985688));
#3763 = CARTESIAN_POINT('',(76.433249400352,-7.038985071706,
    5.806778533397));
#3764 = CARTESIAN_POINT('',(76.832897749773,-6.584230114448,
    5.453364034008));
#3765 = CARTESIAN_POINT('',(77.213826140836,-6.083063351545,
    5.11287970317));
#3766 = CARTESIAN_POINT('',(77.77469550685,-5.214172364327,
    4.607353436719));
#3767 = CARTESIAN_POINT('',(77.972159031828,-4.878746277885,
    4.428426694668));
#3768 = CARTESIAN_POINT('',(78.160650037181,-4.524720412022,
    4.256835113004));
#3769 = CARTESIAN_POINT('',(78.338476862895,-4.15141645984,
    4.094298374716));
#3770 = CARTESIAN_POINT('',(78.503685896341,-3.758262620348,
    3.942776115139));
#3771 = CARTESIAN_POINT('',(78.654045973024,-3.344833518957,
    3.804482387715));
#3772 = CARTESIAN_POINT('',(78.787030234016,-2.910891656495,
    3.681898243388));
#3773 = CARTESIAN_POINT('',(78.970944240944,-2.169689684329,
    3.512090921891));
#3774 = CARTESIAN_POINT('',(79.034082022842,-1.874626170638,
    3.453716034236));
#3775 = CARTESIAN_POINT('',(79.088170114379,-1.572467926782,
    3.403651171194));
#3776 = CARTESIAN_POINT('',(79.132362957898,-1.264472621604,
    3.362709148654));
#3777 = CARTESIAN_POINT('',(79.166007579481,-0.9519219807,3.33152031342)
  );
#3778 = CARTESIAN_POINT('',(79.188643058972,-0.636116255425,
    3.310530668768));
#3779 = CARTESIAN_POINT('',(79.2,-0.318368691896,3.3));
#3780 = CARTESIAN_POINT('',(79.2,-3.552713678801E-15,3.3));
#3781 = PCURVE('',#1308,#3782);
#3782 = DEFINITIONAL_REPRESENTATION('',(#3783),#3870);
#3783 = B_SPLINE_CURVE_WITH_KNOTS('',8,(#3784,#3785,#3786,#3787,#3788,
    #3789,#3790,#3791,#3792,#3793,#3794,#3795,#3796,#3797,#3798,#3799,
    #3800,#3801,#3802,#3803,#3804,#3805,#3806,#3807,#3808,#3809,#3810,
    #3811,#3812,#3813,#3814,#3815,#3816,#3817,#3818,#3819,#3820,#3821,
    #3822,#3823,#3824,#3825,#3826,#3827,#3828,#3829,#3830,#3831,#3832,
    #3833,#3834,#3835,#3836,#3837,#3838,#3839,#3840,#3841,#3842,#3843,
    #3844,#3845,#3846,#3847,#3848,#3849,#3850,#3851,#3852,#3853,#3854,
    #3855,#3856,#3857,#3858,#3859,#3860,#3861,#3862,#3863,#3864,#3865,
    #3866,#3867,#3868,#3869),.UNSPECIFIED.,.F.,.F.,(9,7,7,7,7,7,7,7,7,7,
    7,7,9),(0.,7.562516704432E-02,0.189368143738,0.283297326676,
    0.389050838397,0.420697746419,0.483136848718,0.521409521493,
    0.596714890154,0.682361946226,0.84613808385,0.940477122875,1.),
  .UNSPECIFIED.);
#3784 = CARTESIAN_POINT('',(6.151670350404,58.902515164656));
#3785 = CARTESIAN_POINT('',(6.115892487304,58.958252005254));
#3786 = CARTESIAN_POINT('',(6.080866747025,59.03009635452));
#3787 = CARTESIAN_POINT('',(6.046613057615,59.116692195858));
#3788 = CARTESIAN_POINT('',(6.013155839425,59.216648696883));
#3789 = CARTESIAN_POINT('',(5.980524411253,59.328536080312));
#3790 = CARTESIAN_POINT('',(5.948753396499,59.450881494846));
#3791 = CARTESIAN_POINT('',(5.917883129312,59.582164886061));
#3792 = CARTESIAN_POINT('',(5.842954687219,59.929349435886));
#3793 = CARTESIAN_POINT('',(5.799819534976,60.15581039397));
#3794 = CARTESIAN_POINT('',(5.758420922212,60.396765515794));
#3795 = CARTESIAN_POINT('',(5.718629948919,60.649524229276));
#3796 = CARTESIAN_POINT('',(5.680317484274,60.912072231156));
#3797 = CARTESIAN_POINT('',(5.643351680143,61.183025130818));
#3798 = CARTESIAN_POINT('',(5.607598010736,61.461601122803));
#3799 = CARTESIAN_POINT('',(5.544286184279,61.983801623896));
#3800 = CARTESIAN_POINT('',(5.516411425038,62.224846584416));
#3801 = CARTESIAN_POINT('',(5.489260413093,62.470286522796));
#3802 = CARTESIAN_POINT('',(5.462800277251,62.719824308432));
#3803 = CARTESIAN_POINT('',(5.437003819594,62.973302908097));
#3804 = CARTESIAN_POINT('',(5.411852034557,63.230689270466));
#3805 = CARTESIAN_POINT('',(5.387337750185,63.492065913927));
#3806 = CARTESIAN_POINT('',(5.33659847686,64.056625235379));
#3807 = CARTESIAN_POINT('',(5.310690220633,64.359332306952));
#3808 = CARTESIAN_POINT('',(5.285639377813,64.667093960167));
#3809 = CARTESIAN_POINT('',(5.261417797075,64.981190907184));
#3810 = CARTESIAN_POINT('',(5.23809348263,65.302547140649));
#3811 = CARTESIAN_POINT('',(5.215842720275,65.631645227535));
#3812 = CARTESIAN_POINT('',(5.194951516922,65.968620724788));
#3813 = CARTESIAN_POINT('',(5.170070960372,66.416711705887));
#3814 = CARTESIAN_POINT('',(5.164487969479,66.520776245989));
#3815 = CARTESIAN_POINT('',(5.15906252455,66.625722088758));
#3816 = CARTESIAN_POINT('',(5.153805595944,66.731573319621));
#3817 = CARTESIAN_POINT('',(5.148729230023,66.838354281769));
#3818 = CARTESIAN_POINT('',(5.14384654915,66.946089576159));
#3819 = CARTESIAN_POINT('',(5.139171751693,67.054804061513));
#3820 = CARTESIAN_POINT('',(5.125937061721,67.380997175394));
#3821 = CARTESIAN_POINT('',(5.117945942122,67.603272342281));
#3822 = CARTESIAN_POINT('',(5.110964484045,67.829832685201));
#3823 = CARTESIAN_POINT('',(5.105169885866,68.05958664833));
#3824 = CARTESIAN_POINT('',(5.100701411478,68.291812641113));
#3825 = CARTESIAN_POINT('',(5.097662745161,68.526086344997));
#3826 = CARTESIAN_POINT('',(5.096124103356,68.762189475552));
#3827 = CARTESIAN_POINT('',(5.096124103356,69.145768341467));
#3828 = CARTESIAN_POINT('',(5.096702204288,69.291330367045));
#3829 = CARTESIAN_POINT('',(5.097855551725,69.436521659966));
#3830 = CARTESIAN_POINT('',(5.099573742445,69.58116820951));
#3831 = CARTESIAN_POINT('',(5.101838648177,69.725072311584));
#3832 = CARTESIAN_POINT('',(5.104624196149,69.867998529045));
#3833 = CARTESIAN_POINT('',(5.107896106427,70.00965971177));
#3834 = CARTESIAN_POINT('',(5.118922169403,70.425252611984));
#3835 = CARTESIAN_POINT('',(5.127945171408,70.694356725143));
#3836 = CARTESIAN_POINT('',(5.138439673729,70.957700646708));
#3837 = CARTESIAN_POINT('',(5.150184322019,71.215661638089));
#3838 = CARTESIAN_POINT('',(5.162982537106,71.468442622412));
#3839 = CARTESIAN_POINT('',(5.176667076977,71.716188582891));
#3840 = CARTESIAN_POINT('',(5.191103949554,71.95908572848));
#3841 = CARTESIAN_POINT('',(5.223359950057,72.468534791458));
#3842 = CARTESIAN_POINT('',(5.241439490944,72.73483058819));
#3843 = CARTESIAN_POINT('',(5.260282463087,72.996383333867));
#3844 = CARTESIAN_POINT('',(5.279778724805,73.253343955708));
#3845 = CARTESIAN_POINT('',(5.29985980843,73.505990311235));
#3846 = CARTESIAN_POINT('',(5.320496089366,73.754727383224));
#3847 = CARTESIAN_POINT('',(5.341691990825,74.000052318358));
#3848 = CARTESIAN_POINT('',(5.405143704389,74.706048068825));
#3849 = CARTESIAN_POINT('',(5.448650664271,75.155433446571));
#3850 = CARTESIAN_POINT('',(5.494025309808,75.59289436877));
#3851 = CARTESIAN_POINT('',(5.541446805097,76.019096335641));
#3852 = CARTESIAN_POINT('',(5.591131551102,76.433249400354));
#3853 = CARTESIAN_POINT('',(5.643319217962,76.832897749773));
#3854 = CARTESIAN_POINT('',(5.698265544014,77.213826140836));
#3855 = CARTESIAN_POINT('',(5.789651943428,77.77469550685));
#3856 = CARTESIAN_POINT('',(5.824188888157,77.972159031828));
#3857 = CARTESIAN_POINT('',(5.859908743146,78.160650037181));
#3858 = CARTESIAN_POINT('',(5.896859301218,78.338476862895));
#3859 = CARTESIAN_POINT('',(5.93508899363,78.503685896341));
#3860 = CARTESIAN_POINT('',(5.974647833343,78.654045973024));
#3861 = CARTESIAN_POINT('',(6.015589490108,78.787030234016));
#3862 = CARTESIAN_POINT('',(6.084717165133,78.970944240944));
#3863 = CARTESIAN_POINT('',(6.112048849585,79.034082022842));
#3864 = CARTESIAN_POINT('',(6.139869571543,79.088170114379));
#3865 = CARTESIAN_POINT('',(6.168086038689,79.132362957898));
#3866 = CARTESIAN_POINT('',(6.196609998319,79.166007579481));
#3867 = CARTESIAN_POINT('',(6.225356590099,79.188643058972));
#3868 = CARTESIAN_POINT('',(6.254242698825,79.2));
#3869 = CARTESIAN_POINT('',(6.28318530718,79.2));
#3870 = ( GEOMETRIC_REPRESENTATION_CONTEXT(2) 
PARAMETRIC_REPRESENTATION_CONTEXT() REPRESENTATION_CONTEXT('2D SPACE',''
  ) );
#3871 = PCURVE('',#3872,#3877);
#3872 = CYLINDRICAL_SURFACE('',#3873,10.2);
#3873 = AXIS2_PLACEMENT_3D('',#3874,#3875,#3876);
#3874 = CARTESIAN_POINT('',(69.,0.,3.3));
#3875 = DIRECTION('',(-0.,-0.,-1.));
#3876 = DIRECTION('',(-0.989949493661,-0.141421356237,0.));
#3877 = DEFINITIONAL_REPRESENTATION('',(#3878),#3965);
#3878 = B_SPLINE_CURVE_WITH_KNOTS('',8,(#3879,#3880,#3881,#3882,#3883,
    #3884,#3885,#3886,#3887,#3888,#3889,#3890,#3891,#3892,#3893,#3894,
    #3895,#3896,#3897,#3898,#3899,#3900,#3901,#3902,#3903,#3904,#3905,
    #3906,#3907,#3908,#3909,#3910,#3911,#3912,#3913,#3914,#3915,#3916,
    #3917,#3918,#3919,#3920,#3921,#3922,#3923,#3924,#3925,#3926,#3927,
    #3928,#3929,#3930,#3931,#3932,#3933,#3934,#3935,#3936,#3937,#3938,
    #3939,#3940,#3941,#3942,#3943,#3944,#3945,#3946,#3947,#3948,#3949,
    #3950,#3951,#3952,#3953,#3954,#3955,#3956,#3957,#3958,#3959,#3960,
    #3961,#3962,#3963,#3964),.UNSPECIFIED.,.F.,.F.,(9,7,7,7,7,7,7,7,7,7,
    7,7,9),(0.,7.562516704432E-02,0.189368143738,0.283297326676,
    0.389050838397,0.420697746419,0.483136848718,0.521409521493,
    0.596714890154,0.682361946226,0.84613808385,0.940477122875,1.),
  .UNSPECIFIED.);
#3879 = CARTESIAN_POINT('',(0.,-9.499197616071E-02));
#3880 = CARTESIAN_POINT('',(-3.863911563567E-02,-0.146601466174));
#3881 = CARTESIAN_POINT('',(-7.650077898364E-02,-0.213079163209));
#3882 = CARTESIAN_POINT('',(-0.113574033191,-0.293121872594));
#3883 = CARTESIAN_POINT('',(-0.149841942483,-0.385379062653));
#3884 = CARTESIAN_POINT('',(-0.185281023985,-0.488454762775));
#3885 = CARTESIAN_POINT('',(-0.219860679553,-0.60090946149));
#3886 = CARTESIAN_POINT('',(-0.253542627587,-0.721262004542));
#3887 = CARTESIAN_POINT('',(-0.335519026449,-1.038597210753));
#3888 = CARTESIAN_POINT('',(-0.382919758545,-1.244782004392));
#3889 = CARTESIAN_POINT('',(-0.428646843956,-1.463107946476));
#3890 = CARTESIAN_POINT('',(-0.472860015312,-1.690804361004));
#3891 = CARTESIAN_POINT('',(-0.515720976179,-1.925712334289));
#3892 = CARTESIAN_POINT('',(-0.557399206183,-2.166221409314));
#3893 = CARTESIAN_POINT('',(-0.598077020135,-2.411198463529));
#3894 = CARTESIAN_POINT('',(-0.670884274611,-2.865294250259));
#3895 = CARTESIAN_POINT('',(-0.703238548819,-3.073038136542));
#3896 = CARTESIAN_POINT('',(-0.735083630085,-3.282423534696));
#3897 = CARTESIAN_POINT('',(-0.766487893849,-3.492829772379));
#3898 = CARTESIAN_POINT('',(-0.79752066951,-3.70370015362));
#3899 = CARTESIAN_POINT('',(-0.828252449334,-3.914497995789));
#3900 = CARTESIAN_POINT('',(-0.858755801457,-4.124650949045));
#3901 = CARTESIAN_POINT('',(-0.923278948788,-4.568605264725));
#3902 = CARTESIAN_POINT('',(-0.957075556358,-4.800796744788));
#3903 = CARTESIAN_POINT('',(-0.990741891606,-5.0300386456));
#3904 = CARTESIAN_POINT('',(-1.024479392772,-5.255853243239));
#3905 = CARTESIAN_POINT('',(-1.058432537713,-5.476962885907));
#3906 = CARTESIAN_POINT('',(-1.09269405114,-5.6910245443));
#3907 = CARTESIAN_POINT('',(-1.127323364923,-5.894530173021));
#3908 = CARTESIAN_POINT('',(-1.172861738176,-6.139351237068));
#3909 = CARTESIAN_POINT('',(-1.183403245111,-6.194471640697));
#3910 = CARTESIAN_POINT('',(-1.194001130802,-6.248206879441));
#3911 = CARTESIAN_POINT('',(-1.20465900843,-6.300428911107));
#3912 = CARTESIAN_POINT('',(-1.215380554892,-6.35099852967));
#3913 = CARTESIAN_POINT('',(-1.226169510808,-6.399765365274));
#3914 = CARTESIAN_POINT('',(-1.237029680518,-6.44656788423));
#3915 = CARTESIAN_POINT('',(-1.269540097982,-6.579358081032));
#3916 = CARTESIAN_POINT('',(-1.291596081916,-6.659934480692));
#3917 = CARTESIAN_POINT('',(-1.313989580516,-6.73064205877));
#3918 = CARTESIAN_POINT('',(-1.33662581202,-6.789535525344));
#3919 = CARTESIAN_POINT('',(-1.359449796046,-6.835059540476));
#3920 = CARTESIAN_POINT('',(-1.382437166114,-6.866053721031));
#3921 = CARTESIAN_POINT('',(-1.405584514892,-6.881747943605));
#3922 = CARTESIAN_POINT('',(-1.44319028606,-6.881747943605));
#3923 = CARTESIAN_POINT('',(-1.457461071442,-6.875851311567));
#3924 = CARTESIAN_POINT('',(-1.471699963289,-6.864087174483));
#3925 = CARTESIAN_POINT('',(-1.485894284716,-6.846569332004));
#3926 = CARTESIAN_POINT('',(-1.5000289229,-6.823497928525));
#3927 = CARTESIAN_POINT('',(-1.514084838712,-6.795160473502));
#3928 = CARTESIAN_POINT('',(-1.528037510092,-6.761932210026));
#3929 = CARTESIAN_POINT('',(-1.569043231405,-6.650183084705));
#3930 = CARTESIAN_POINT('',(-1.595691071746,-6.558996135762));
#3931 = CARTESIAN_POINT('',(-1.621890192878,-6.453376868436));
#3932 = CARTESIAN_POINT('',(-1.647698885338,-6.335822527036));
#3933 = CARTESIAN_POINT('',(-1.673155720903,-6.208578400207));
#3934 = CARTESIAN_POINT('',(-1.698291618424,-6.07357404428));
#3935 = CARTESIAN_POINT('',(-1.72314062205,-5.932383046294));
#3936 = CARTESIAN_POINT('',(-1.775737684421,-5.619955156012));
#3937 = CARTESIAN_POINT('',(-1.803526404834,-5.446594295026));
#3938 = CARTESIAN_POINT('',(-1.831146994526,-5.267996688166));
#3939 = CARTESIAN_POINT('',(-1.858640544454,-5.085601224385));
#3940 = CARTESIAN_POINT('',(-1.886062251748,-4.900422837758));
#3941 = CARTESIAN_POINT('',(-1.913484458647,-4.713110710615));
#3942 = CARTESIAN_POINT('',(-1.940997035041,-4.524037050054));
#3943 = CARTESIAN_POINT('',(-2.021685462342,-3.968856565888));
#3944 = CARTESIAN_POINT('',(-2.07496797323,-3.601411229424));
#3945 = CARTESIAN_POINT('',(-2.129074662443,-3.233861889583));
#3946 = CARTESIAN_POINT('',(-2.184452167638,-2.868132985689));
#3947 = CARTESIAN_POINT('',(-2.241509639731,-2.506778533396));
#3948 = CARTESIAN_POINT('',(-2.300622213628,-2.153364034008));
#3949 = CARTESIAN_POINT('',(-2.362156719915,-1.81287970317));
#3950 = CARTESIAN_POINT('',(-2.463547755956,-1.307353436719));
#3951 = CARTESIAN_POINT('',(-2.501675617602,-1.128426694668));
#3952 = CARTESIAN_POINT('',(-2.540935908214,-0.956835113004));
#3953 = CARTESIAN_POINT('',(-2.581391123341,-0.794298374716));
#3954 = CARTESIAN_POINT('',(-2.623104375765,-0.642776115139));
#3955 = CARTESIAN_POINT('',(-2.666141097372,-0.504482387715));
#3956 = CARTESIAN_POINT('',(-2.710572138677,-0.381898243388));
#3957 = CARTESIAN_POINT('',(-2.785442571774,-0.212090921891));
#3958 = CARTESIAN_POINT('',(-2.815009711468,-0.153716034236));
#3959 = CARTESIAN_POINT('',(-2.845075229884,-0.103651171194));
#3960 = CARTESIAN_POINT('',(-2.875543084374,-6.270914865368E-02));
#3961 = CARTESIAN_POINT('',(-2.906323576077,-3.152031341999E-02));
#3962 = CARTESIAN_POINT('',(-2.937331281172,-1.053066876808E-02));
#3963 = CARTESIAN_POINT('',(-2.968482982133,-8.881784197001E-15));
#3964 = CARTESIAN_POINT('',(-2.999695598986,-8.881784197001E-15));
#3965 = ( GEOMETRIC_REPRESENTATION_CONTEXT(2) 
PARAMETRIC_REPRESENTATION_CONTEXT() REPRESENTATION_CONTEXT('2D SPACE',''
  ) );
#3966 = ORIENTED_EDGE('',*,*,#3967,.F.);
#3967 = EDGE_CURVE('',#3968,#3691,#3970,.T.);
#3968 = VERTEX_POINT('',#3969);
#3969 = CARTESIAN_POINT('',(80.,-7.945373618893,21.907301627792));
#3970 = SURFACE_CURVE('',#3971,(#3976,#3994),.PCURVE_S1.);
#3971 = ELLIPSE('',#3972,15.556349186104,11.);
#3972 = AXIS2_PLACEMENT_3D('',#3973,#3974,#3975);
#3973 = CARTESIAN_POINT('',(72.392698372208,0.,14.3));
#3974 = DIRECTION('',(0.707106781187,0.,-0.707106781187));
#3975 = DIRECTION('',(0.707106781187,0.,0.707106781187));
#3976 = PCURVE('',#1308,#3977);
#3977 = DEFINITIONAL_REPRESENTATION('',(#3978),#3993);
#3978 = B_SPLINE_CURVE_WITH_KNOTS('',7,(#3979,#3980,#3981,#3982,#3983,
    #3984,#3985,#3986,#3987,#3988,#3989,#3990,#3991,#3992),
  .UNSPECIFIED.,.F.,.F.,(8,6,8),(0.80713188954,1.974362271565,
    3.14159265359),.UNSPECIFIED.);
#3979 = CARTESIAN_POINT('',(3.94872454313,80.0000006));
#3980 = CARTESIAN_POINT('',(4.115471740562,78.67513191229));
#3981 = CARTESIAN_POINT('',(4.282218937994,77.103491666956));
#3982 = CARTESIAN_POINT('',(4.448966135429,75.345250494473));
#3983 = CARTESIAN_POINT('',(4.615713332859,73.477374731832));
#3984 = CARTESIAN_POINT('',(4.782460530291,71.586860291067));
#3985 = CARTESIAN_POINT('',(4.949207727723,69.759864859045));
#3986 = CARTESIAN_POINT('',(5.282702122587,66.386125019817));
#3987 = CARTESIAN_POINT('',(5.449449320018,64.839381951699));
#3988 = CARTESIAN_POINT('',(5.616196517454,63.509364378107));
#3989 = CARTESIAN_POINT('',(5.782943714879,62.463170186536));
#3990 = CARTESIAN_POINT('',(5.949690912316,61.749525646457));
#3991 = CARTESIAN_POINT('',(6.116438109747,61.392698372208));
#3992 = CARTESIAN_POINT('',(6.28318530718,61.392698372208));
#3993 = ( GEOMETRIC_REPRESENTATION_CONTEXT(2) 
PARAMETRIC_REPRESENTATION_CONTEXT() REPRESENTATION_CONTEXT('2D SPACE',''
  ) );
#3994 = PCURVE('',#3995,#4000);
#3995 = PLANE('',#3996);
#3996 = AXIS2_PLACEMENT_3D('',#3997,#3998,#3999);
#3997 = CARTESIAN_POINT('',(-282.8570414071,-500.,-340.9497397793));
#3998 = DIRECTION('',(0.707106781187,0.,-0.707106781187));
#3999 = DIRECTION('',(0.707106781187,0.,0.707106781187));
#4000 = DEFINITIONAL_REPRESENTATION('',(#4001),#4005);
#4001 = ELLIPSE('',#4002,15.556349186104,11.);
#4002 = AXIS2_PLACEMENT_2D('',#4003,#4004);
#4003 = CARTESIAN_POINT('',(502.3990000255,-500.));
#4004 = DIRECTION('',(1.,0.));
#4005 = ( GEOMETRIC_REPRESENTATION_CONTEXT(2) 
PARAMETRIC_REPRESENTATION_CONTEXT() REPRESENTATION_CONTEXT('2D SPACE',''
  ) );
#4006 = ORIENTED_EDGE('',*,*,#4007,.F.);
#4007 = EDGE_CURVE('',#4008,#3968,#4010,.T.);
#4008 = VERTEX_POINT('',#4009);
#4009 = CARTESIAN_POINT('',(80.,7.945373618893,21.907301627792));
#4010 = SURFACE_CURVE('',#4011,(#4016,#4023),.PCURVE_S1.);
#4011 = CIRCLE('',#4012,11.);
#4012 = AXIS2_PLACEMENT_3D('',#4013,#4014,#4015);
#4013 = CARTESIAN_POINT('',(80.,0.,14.3));
#4014 = DIRECTION('',(1.,-0.,2.22044604925E-16));
#4015 = DIRECTION('',(2.22044604925E-16,0.,-1.));
#4016 = PCURVE('',#1308,#4017);
#4017 = DEFINITIONAL_REPRESENTATION('',(#4018),#4022);
#4018 = LINE('',#4019,#4020);
#4019 = CARTESIAN_POINT('',(0.,80.));
#4020 = VECTOR('',#4021,1.);
#4021 = DIRECTION('',(1.,0.));
#4022 = ( GEOMETRIC_REPRESENTATION_CONTEXT(2) 
PARAMETRIC_REPRESENTATION_CONTEXT() REPRESENTATION_CONTEXT('2D SPACE',''
  ) );
#4023 = PCURVE('',#4024,#4029);
#4024 = PLANE('',#4025);
#4025 = AXIS2_PLACEMENT_3D('',#4026,#4027,#4028);
#4026 = CARTESIAN_POINT('',(80.,0.,14.3));
#4027 = DIRECTION('',(1.,0.,2.22044604925E-16));
#4028 = DIRECTION('',(2.22044604925E-16,0.,-1.));
#4029 = DEFINITIONAL_REPRESENTATION('',(#4030),#4034);
#4030 = CIRCLE('',#4031,11.);
#4031 = AXIS2_PLACEMENT_2D('',#4032,#4033);
#4032 = CARTESIAN_POINT('',(0.,0.));
#4033 = DIRECTION('',(1.,0.));
#4034 = ( GEOMETRIC_REPRESENTATION_CONTEXT(2) 
PARAMETRIC_REPRESENTATION_CONTEXT() REPRESENTATION_CONTEXT('2D SPACE',''
  ) );
#4035 = ORIENTED_EDGE('',*,*,#4036,.F.);
#4036 = EDGE_CURVE('',#4037,#4008,#4039,.T.);
#4037 = VERTEX_POINT('',#4038);
#4038 = CARTESIAN_POINT('',(68.196863801752,10.168331831492,
    10.104165429544));
#4039 = SURFACE_CURVE('',#4040,(#4045,#4063),.PCURVE_S1.);
#4040 = ELLIPSE('',#4041,15.556349186104,11.);
#4041 = AXIS2_PLACEMENT_3D('',#4042,#4043,#4044);
#4042 = CARTESIAN_POINT('',(72.392698372208,0.,14.3));
#4043 = DIRECTION('',(0.707106781187,0.,-0.707106781187));
#4044 = DIRECTION('',(0.707106781187,0.,0.707106781187));
#4045 = PCURVE('',#1308,#4046);
#4046 = DEFINITIONAL_REPRESENTATION('',(#4047),#4062);
#4047 = B_SPLINE_CURVE_WITH_KNOTS('',7,(#4048,#4049,#4050,#4051,#4052,
    #4053,#4054,#4055,#4056,#4057,#4058,#4059,#4060,#4061),
  .UNSPECIFIED.,.F.,.F.,(8,6,8),(3.14159265359,4.308823035614,
    5.476053417639),.UNSPECIFIED.);
#4048 = CARTESIAN_POINT('',(-8.881784197001E-16,61.392698372208));
#4049 = CARTESIAN_POINT('',(0.166747197432,61.392698372208));
#4050 = CARTESIAN_POINT('',(0.333494394864,61.749525646444));
#4051 = CARTESIAN_POINT('',(0.500241592297,62.463170186566));
#4052 = CARTESIAN_POINT('',(0.666988789728,63.5093643781));
#4053 = CARTESIAN_POINT('',(0.833735987161,64.839381951704));
#4054 = CARTESIAN_POINT('',(1.000483184593,66.386125019817));
#4055 = CARTESIAN_POINT('',(1.333977579457,69.759864859045));
#4056 = CARTESIAN_POINT('',(1.500724776889,71.586860291056));
#4057 = CARTESIAN_POINT('',(1.667471974321,73.477374731861));
#4058 = CARTESIAN_POINT('',(1.834219171753,75.345250494458));
#4059 = CARTESIAN_POINT('',(2.000966369185,77.103491666967));
#4060 = CARTESIAN_POINT('',(2.167713566617,78.67513191229));
#4061 = CARTESIAN_POINT('',(2.334460764049,80.0000006));
#4062 = ( GEOMETRIC_REPRESENTATION_CONTEXT(2) 
PARAMETRIC_REPRESENTATION_CONTEXT() REPRESENTATION_CONTEXT('2D SPACE',''
  ) );
#4063 = PCURVE('',#3995,#4064);
#4064 = DEFINITIONAL_REPRESENTATION('',(#4065),#4069);
#4065 = ELLIPSE('',#4066,15.556349186104,11.);
#4066 = AXIS2_PLACEMENT_2D('',#4067,#4068);
#4067 = CARTESIAN_POINT('',(502.3990000255,-500.));
#4068 = DIRECTION('',(1.,0.));
#4069 = ( GEOMETRIC_REPRESENTATION_CONTEXT(2) 
PARAMETRIC_REPRESENTATION_CONTEXT() REPRESENTATION_CONTEXT('2D SPACE',''
  ) );
#4070 = ORIENTED_EDGE('',*,*,#4071,.T.);
#4071 = EDGE_CURVE('',#4037,#4072,#4074,.T.);
#4072 = VERTEX_POINT('',#4073);
#4073 = CARTESIAN_POINT('',(58.902515164656,1.442497833621,
    3.394991976161));
#4074 = SURFACE_CURVE('',#4075,(#4155,#4238),.PCURVE_S1.);
#4075 = B_SPLINE_CURVE_WITH_KNOTS('',8,(#4076,#4077,#4078,#4079,#4080,
    #4081,#4082,#4083,#4084,#4085,#4086,#4087,#4088,#4089,#4090,#4091,
    #4092,#4093,#4094,#4095,#4096,#4097,#4098,#4099,#4100,#4101,#4102,
    #4103,#4104,#4105,#4106,#4107,#4108,#4109,#4110,#4111,#4112,#4113,
    #4114,#4115,#4116,#4117,#4118,#4119,#4120,#4121,#4122,#4123,#4124,
    #4125,#4126,#4127,#4128,#4129,#4130,#4131,#4132,#4133,#4134,#4135,
    #4136,#4137,#4138,#4139,#4140,#4141,#4142,#4143,#4144,#4145,#4146,
    #4147,#4148,#4149,#4150,#4151,#4152,#4153,#4154),.UNSPECIFIED.,.F.,
  .F.,(9,7,7,7,7,7,7,7,7,7,7,9),(0.,9.961866206615E-02,0.15443455705,
    0.317418406836,0.454795216796,0.516861345947,0.55529421184,
    0.611411648168,0.716595830979,0.871926199912,0.926192223544,1.),
  .UNSPECIFIED.);
#4076 = CARTESIAN_POINT('',(79.2,-1.33226762955E-15,3.3));
#4077 = CARTESIAN_POINT('',(79.2,0.538586339745,3.3));
#4078 = CARTESIAN_POINT('',(79.16749891423,1.071159855942,3.330137664643
    ));
#4079 = CARTESIAN_POINT('',(79.103764832698,1.593595262849,
    3.389235780326));
#4080 = CARTESIAN_POINT('',(79.010866373801,2.101848429932,
    3.475303034382));
#4081 = CARTESIAN_POINT('',(78.891659177229,2.592068047973,
    3.585554452255));
#4082 = CARTESIAN_POINT('',(78.749789514021,3.06065610107,3.716432584514
    ));
#4083 = CARTESIAN_POINT('',(78.589715013761,3.504277144532,
    3.863629443716));
#4084 = CARTESIAN_POINT('',(78.321563127218,4.148469886865,
    4.109313827391));
#4085 = CARTESIAN_POINT('',(78.221806505164,4.370234895988,
    4.200550516756));
#4086 = CARTESIAN_POINT('',(78.117895948102,4.58525693833,4.295398538861
    ));
#4087 = CARTESIAN_POINT('',(78.010212280639,4.793697911754,
    4.393476091659));
#4088 = CARTESIAN_POINT('',(77.899095113849,4.995733250133,
    4.494438778906));
#4089 = CARTESIAN_POINT('',(77.784844112493,5.191549083805,
    4.597978097648));
#4090 = CARTESIAN_POINT('',(77.667720262232,5.38133940002,4.703819925712
    ));
#4091 = CARTESIAN_POINT('',(77.191826251069,6.112281938369,5.13255075367
    ));
#4092 = CARTESIAN_POINT('',(76.811067989862,6.609619295556,
    5.472696099799));
#4093 = CARTESIAN_POINT('',(76.411862412124,7.061020490489,
    5.825499243128));
#4094 = CARTESIAN_POINT('',(75.998323873181,7.470477766853,6.18606416695
    ));
#4095 = CARTESIAN_POINT('',(75.572841483081,7.84187270589,6.550884354656
    ));
#4096 = CARTESIAN_POINT('',(75.136171144995,8.178772110589,
    6.917434006277));
#4097 = CARTESIAN_POINT('',(74.68764286018,8.484154027758,7.283784830898
    ));
#4098 = CARTESIAN_POINT('',(73.835095404605,8.992663237609,
    7.953356332486));
#4099 = CARTESIAN_POINT('',(73.441562431161,9.200496129301,
    8.252419394731));
#4100 = CARTESIAN_POINT('',(73.039663349849,9.388411329075,
    8.545880820702));
#4101 = CARTESIAN_POINT('',(72.625352020386,9.558236848845,
    8.833452455272));
#4102 = CARTESIAN_POINT('',(72.196322850711,9.709607750138,9.11165860907
    ));
#4103 = CARTESIAN_POINT('',(71.752156875243,9.840913563086,
    9.373092157006));
#4104 = CARTESIAN_POINT('',(71.293195533958,9.950592955545,
    9.606396751619));
#4105 = CARTESIAN_POINT('',(70.603568384747,10.075521695211,
    9.884925031104));
#4106 = CARTESIAN_POINT('',(70.383283477632,10.110011078593,
    9.964108810851));
#4107 = CARTESIAN_POINT('',(70.158805027704,10.139424313791,
    10.033542261598));
#4108 = CARTESIAN_POINT('',(69.931201926266,10.163345750099,
    10.091336893651));
#4109 = CARTESIAN_POINT('',(69.701184787136,10.181524258026,
    10.135986158597));
#4110 = CARTESIAN_POINT('',(69.469177264376,10.193790595815,
    10.166369656354));
#4111 = CARTESIAN_POINT('',(69.235404685472,10.2,10.181747943605));
#4112 = CARTESIAN_POINT('',(68.854231658534,10.2,10.181747943605));
#4113 = CARTESIAN_POINT('',(68.708669632955,10.197619216991,
    10.175851311567));
#4114 = CARTESIAN_POINT('',(68.563478340034,10.192869483815,
    10.164087174483));
#4115 = CARTESIAN_POINT('',(68.41883179049,10.185774437477,
    10.146569332004));
#4116 = CARTESIAN_POINT('',(68.274927688416,10.176371048514,
    10.123497928525));
#4117 = CARTESIAN_POINT('',(68.132001470954,10.164714195684,
    10.095160473502));
#4118 = CARTESIAN_POINT('',(67.99034028823,10.150884285965,
    10.061932210026));
#4119 = CARTESIAN_POINT('',(67.645813744404,10.111801571741,
    9.96929217719));
#4120 = CARTESIAN_POINT('',(67.44473240602,10.084215470029,
    9.904855029338));
#4121 = CARTESIAN_POINT('',(67.246811317594,10.052446371965,
    9.832036443677));
#4122 = CARTESIAN_POINT('',(67.051907932734,10.016667618395,
    9.751874990782));
#4123 = CARTESIAN_POINT('',(66.859955656807,9.977039262039,
    9.665359429982));
#4124 = CARTESIAN_POINT('',(66.670940610821,9.933719925943,
    9.573414759884));
#4125 = CARTESIAN_POINT('',(66.484878251836,9.886870392144,
    9.476890645627));
#4126 = CARTESIAN_POINT('',(65.958616583258,9.742515888162,
    9.188482066914));
#4127 = CARTESIAN_POINT('',(65.623269663206,9.63581740431,8.985573703271
    ));
#4128 = CARTESIAN_POINT('',(65.295718811818,9.517156520903,8.77226444508
    ));
#4129 = CARTESIAN_POINT('',(64.97582639879,9.387011605555,8.551997965835
    ));
#4130 = CARTESIAN_POINT('',(64.66311422113,9.245646843189,8.327076359347
    ));
#4131 = CARTESIAN_POINT('',(64.35667350773,9.092908267837,8.098759421319
    ));
#4132 = CARTESIAN_POINT('',(64.055248320241,8.928039720591,
    7.867524330666));
#4133 = CARTESIAN_POINT('',(63.317857004562,8.486221364154,
    7.287655022123));
#4134 = CARTESIAN_POINT('',(62.890717316493,8.195981311454,
    6.939115581108));
#4135 = CARTESIAN_POINT('',(62.474340657466,7.877164643035,6.59027638503
    ));
#4136 = CARTESIAN_POINT('',(62.068187197947,7.527274038918,
    6.242908462439));
#4137 = CARTESIAN_POINT('',(61.672862195176,7.143325023386,
    5.899198349403));
#4138 = CARTESIAN_POINT('',(61.290269499474,6.722055304866,
    5.562084394101));
#4139 = CARTESIAN_POINT('',(60.923692012567,6.260082846671,
    5.235580710354));
#4140 = CARTESIAN_POINT('',(60.457298880409,5.577461273564,
    4.816597199036));
#4141 = CARTESIAN_POINT('',(60.338987864898,5.395199736837,
    4.709969744306));
#4142 = CARTESIAN_POINT('',(60.223303671082,5.207208234637,
    4.605399085781));
#4143 = CARTESIAN_POINT('',(60.110470173528,5.013290690349,
    4.503125122339));
#4144 = CARTESIAN_POINT('',(60.000749657524,4.813259160956,
    4.403421556673));
#4145 = CARTESIAN_POINT('',(59.894442633581,4.606933950662,
    4.306596186413));
#4146 = CARTESIAN_POINT('',(59.791887651927,4.394143724519,
    4.212991195243));
#4147 = CARTESIAN_POINT('',(59.559590175295,3.876292805819,4.00056297654
    ));
#4148 = CARTESIAN_POINT('',(59.432872970237,3.564520013341,
    3.884354627775));
#4149 = CARTESIAN_POINT('',(59.314799417018,3.239831889079,
    3.775798974783));
#4150 = CARTESIAN_POINT('',(59.206803406812,2.902721152989,
    3.676291821228));
#4151 = CARTESIAN_POINT('',(59.110266438671,2.553752327334,
    3.587182318281));
#4152 = CARTESIAN_POINT('',(59.026521251393,2.193565463516,
    3.509771085512));
#4153 = CARTESIAN_POINT('',(58.95685545541,1.822879868896,3.445308331787
    ));
#4154 = CARTESIAN_POINT('',(58.902515164656,1.442497833621,
    3.394991976161));
#4155 = PCURVE('',#1308,#4156);
#4156 = DEFINITIONAL_REPRESENTATION('',(#4157),#4237);
#4157 = B_SPLINE_CURVE_WITH_KNOTS('',8,(#4158,#4159,#4160,#4161,#4162,
    #4163,#4164,#4165,#4166,#4167,#4168,#4169,#4170,#4171,#4172,#4173,
    #4174,#4175,#4176,#4177,#4178,#4179,#4180,#4181,#4182,#4183,#4184,
    #4185,#4186,#4187,#4188,#4189,#4190,#4191,#4192,#4193,#4194,#4195,
    #4196,#4197,#4198,#4199,#4200,#4201,#4202,#4203,#4204,#4205,#4206,
    #4207,#4208,#4209,#4210,#4211,#4212,#4213,#4214,#4215,#4216,#4217,
    #4218,#4219,#4220,#4221,#4222,#4223,#4224,#4225,#4226,#4227,#4228,
    #4229,#4230,#4231,#4232,#4233,#4234,#4235,#4236),.UNSPECIFIED.,.F.,
  .F.,(9,7,7,7,7,7,7,7,7,7,7,9),(0.,9.961866206615E-02,0.15443455705,
    0.317418406836,0.454795216796,0.516861345947,0.55529421184,
    0.611411648168,0.716595830979,0.871926199912,0.926192223544,1.),
  .UNSPECIFIED.);
#4158 = CARTESIAN_POINT('',(0.,79.2));
#4159 = CARTESIAN_POINT('',(4.896239452227E-02,79.2));
#4160 = CARTESIAN_POINT('',(9.737821963099E-02,79.16749891423));
#4161 = CARTESIAN_POINT('',(0.145051087224,79.103764832698));
#4162 = CARTESIAN_POINT('',(0.191775782575,79.010866373801));
#4163 = CARTESIAN_POINT('',(0.237331786095,78.891659177229));
#4164 = CARTESIAN_POINT('',(0.281474595685,78.749789514021));
#4165 = CARTESIAN_POINT('',(0.323924849683,78.589715013761));
#4166 = CARTESIAN_POINT('',(0.386602373147,78.321563127218));
#4167 = CARTESIAN_POINT('',(0.408395010968,78.221806505164));
#4168 = CARTESIAN_POINT('',(0.429748632422,78.117895948102));
#4169 = CARTESIAN_POINT('',(0.450678553531,78.010212280639));
#4170 = CARTESIAN_POINT('',(0.471200032279,77.899095113849));
#4171 = CARTESIAN_POINT('',(0.491328363088,77.784844112493));
#4172 = CARTESIAN_POINT('',(0.5110789713,77.667720262232));
#4173 = CARTESIAN_POINT('',(0.588115354097,77.191826251069));
#4174 = CARTESIAN_POINT('',(0.642759037721,76.811067989862));
#4175 = CARTESIAN_POINT('',(0.694674778629,76.411862412126));
#4176 = CARTESIAN_POINT('',(0.744114373702,75.998323873178));
#4177 = CARTESIAN_POINT('',(0.791313188184,75.572841483083));
#4178 = CARTESIAN_POINT('',(0.836482757412,75.136171144994));
#4179 = CARTESIAN_POINT('',(0.879796272902,74.68764286018));
#4180 = CARTESIAN_POINT('',(0.956230634752,73.835095404605));
#4181 = CARTESIAN_POINT('',(0.989309212488,73.44156243116));
#4182 = CARTESIAN_POINT('',(1.020952140453,73.039663349852));
#4183 = CARTESIAN_POINT('',(1.051275209953,72.625352020381));
#4184 = CARTESIAN_POINT('',(1.080035462068,72.196322850714));
#4185 = CARTESIAN_POINT('',(1.106616520614,71.752156875242));
#4186 = CARTESIAN_POINT('',(1.130049125651,71.293195533958));
#4187 = CARTESIAN_POINT('',(1.157800261801,70.603568384747));
#4188 = CARTESIAN_POINT('',(1.165651494616,70.383283477632));
#4189 = CARTESIAN_POINT('',(1.172506173779,70.158805027704));
#4190 = CARTESIAN_POINT('',(1.178192239185,69.931201926266));
#4191 = CARTESIAN_POINT('',(1.182574741376,69.701184787136));
#4192 = CARTESIAN_POINT('',(1.185553535642,69.469177264376));
#4193 = CARTESIAN_POINT('',(1.187061203824,69.235404685472));
#4194 = CARTESIAN_POINT('',(1.187061203824,68.854231658534));
#4195 = CARTESIAN_POINT('',(1.186483102891,68.708669632955));
#4196 = CARTESIAN_POINT('',(1.185329755454,68.563478340034));
#4197 = CARTESIAN_POINT('',(1.183611564735,68.41883179049));
#4198 = CARTESIAN_POINT('',(1.181346659002,68.274927688416));
#4199 = CARTESIAN_POINT('',(1.178561111031,68.132001470954));
#4200 = CARTESIAN_POINT('',(1.175289200753,67.99034028823));
#4201 = CARTESIAN_POINT('',(1.166148593762,67.645813744404));
#4202 = CARTESIAN_POINT('',(1.159776518853,67.44473240602));
#4203 = CARTESIAN_POINT('',(1.152554359772,67.246811317594));
#4204 = CARTESIAN_POINT('',(1.144574626804,67.051907932734));
#4205 = CARTESIAN_POINT('',(1.1359246525,66.859955656807));
#4206 = CARTESIAN_POINT('',(1.126685785228,66.670940610821));
#4207 = CARTESIAN_POINT('',(1.116932600903,66.484878251836));
#4208 = CARTESIAN_POINT('',(1.087612800934,65.958616583258));
#4209 = CARTESIAN_POINT('',(1.066775903655,65.623269663206));
#4210 = CARTESIAN_POINT('',(1.044596153677,65.295718811818));
#4211 = CARTESIAN_POINT('',(1.021354013109,64.97582639879));
#4212 = CARTESIAN_POINT('',(0.997222333861,64.66311422113));
#4213 = CARTESIAN_POINT('',(0.972267929529,64.35667350773));
#4214 = CARTESIAN_POINT('',(0.946463488311,64.055248320241));
#4215 = CARTESIAN_POINT('',(0.88019008296,63.317857004562));
#4216 = CARTESIAN_POINT('',(0.838995756249,62.890717316493));
#4217 = CARTESIAN_POINT('',(0.796111260418,62.474340657465));
#4218 = CARTESIAN_POINT('',(0.751399576754,62.068187197948));
#4219 = CARTESIAN_POINT('',(0.704686676505,61.672862195175));
#4220 = CARTESIAN_POINT('',(0.655776208071,61.290269499474));
#4221 = CARTESIAN_POINT('',(0.604456182669,60.923692012567));
#4222 = CARTESIAN_POINT('',(0.531642631867,60.457298880409));
#4223 = CARTESIAN_POINT('',(0.51245054716,60.338987864898));
#4224 = CARTESIAN_POINT('',(0.492902090872,60.223303671082));
#4225 = CARTESIAN_POINT('',(0.472981746408,60.110470173528));
#4226 = CARTESIAN_POINT('',(0.452674391177,60.000749657524));
#4227 = CARTESIAN_POINT('',(0.431964964816,59.894442633581));
#4228 = CARTESIAN_POINT('',(0.410838137403,59.791887651927));
#4229 = CARTESIAN_POINT('',(0.359953782853,59.559590175295));
#4230 = CARTESIAN_POINT('',(0.329721912142,59.432872970237));
#4231 = CARTESIAN_POINT('',(0.298629403488,59.314799417018));
#4232 = CARTESIAN_POINT('',(0.266717393684,59.206803406812));
#4233 = CARTESIAN_POINT('',(0.234021554413,59.110266438671));
#4234 = CARTESIAN_POINT('',(0.200572528286,59.026521251393));
#4235 = CARTESIAN_POINT('',(0.166396364881,58.95685545541));
#4236 = CARTESIAN_POINT('',(0.131514956775,58.902515164656));
#4237 = ( GEOMETRIC_REPRESENTATION_CONTEXT(2) 
PARAMETRIC_REPRESENTATION_CONTEXT() REPRESENTATION_CONTEXT('2D SPACE',''
  ) );
#4238 = PCURVE('',#4239,#4244);
#4239 = CYLINDRICAL_SURFACE('',#4240,10.2);
#4240 = AXIS2_PLACEMENT_3D('',#4241,#4242,#4243);
#4241 = CARTESIAN_POINT('',(69.,0.,3.3));
#4242 = DIRECTION('',(-0.,-0.,-1.));
#4243 = DIRECTION('',(-0.989949493661,-0.141421356237,0.));
#4244 = DEFINITIONAL_REPRESENTATION('',(#4245),#4325);
#4245 = B_SPLINE_CURVE_WITH_KNOTS('',8,(#4246,#4247,#4248,#4249,#4250,
    #4251,#4252,#4253,#4254,#4255,#4256,#4257,#4258,#4259,#4260,#4261,
    #4262,#4263,#4264,#4265,#4266,#4267,#4268,#4269,#4270,#4271,#4272,
    #4273,#4274,#4275,#4276,#4277,#4278,#4279,#4280,#4281,#4282,#4283,
    #4284,#4285,#4286,#4287,#4288,#4289,#4290,#4291,#4292,#4293,#4294,
    #4295,#4296,#4297,#4298,#4299,#4300,#4301,#4302,#4303,#4304,#4305,
    #4306,#4307,#4308,#4309,#4310,#4311,#4312,#4313,#4314,#4315,#4316,
    #4317,#4318,#4319,#4320,#4321,#4322,#4323,#4324),.UNSPECIFIED.,.F.,
  .F.,(9,7,7,7,7,7,7,7,7,7,7,9),(0.,9.961866206615E-02,0.15443455705,
    0.317418406836,0.454795216796,0.516861345947,0.55529421184,
    0.611411648168,0.716595830979,0.871926199912,0.926192223544,1.),
  .UNSPECIFIED.);
#4246 = CARTESIAN_POINT('',(-2.999695598986,-8.881784197001E-15));
#4247 = CARTESIAN_POINT('',(-3.052498181314,-8.881784197001E-15));
#4248 = CARTESIAN_POINT('',(-3.104711294943,-3.013766464302E-02));
#4249 = CARTESIAN_POINT('',(-3.156154736338,-8.923578032554E-02));
#4250 = CARTESIAN_POINT('',(-3.206635447927,-0.175303034382));
#4251 = CARTESIAN_POINT('',(-3.25594106077,-0.285554452255));
#4252 = CARTESIAN_POINT('',(-3.303829226585,-0.416432584514));
#4253 = CARTESIAN_POINT('',(-3.350012739152,-0.563629443716));
#4254 = CARTESIAN_POINT('',(-3.418422036924,-0.809313827391));
#4255 = CARTESIAN_POINT('',(-3.442252613124,-0.900550516756));
#4256 = CARTESIAN_POINT('',(-3.465651164454,-0.995398538861));
#4257 = CARTESIAN_POINT('',(-3.488636447741,-1.093476091659));
#4258 = CARTESIAN_POINT('',(-3.51122716589,-1.194438778906));
#4259 = CARTESIAN_POINT('',(-3.533442147932,-1.297978097648));
#4260 = CARTESIAN_POINT('',(-3.555300529063,-1.403819925712));
#4261 = CARTESIAN_POINT('',(-3.64081141567,-1.83255075367));
#4262 = CARTESIAN_POINT('',(-3.702040269139,-2.1726960998));
#4263 = CARTESIAN_POINT('',(-3.760880958553,-2.525499243125));
#4264 = CARTESIAN_POINT('',(-3.817696327812,-2.886064166954));
#4265 = CARTESIAN_POINT('',(-3.872857413077,-3.250884354654));
#4266 = CARTESIAN_POINT('',(-3.92676862879,-3.617434006278));
#4267 = CARTESIAN_POINT('',(-3.979871044848,-3.983784830898));
#4268 = CARTESIAN_POINT('',(-4.077192870164,-4.653356332486));
#4269 = CARTESIAN_POINT('',(-4.120765712396,-4.952419394732));
#4270 = CARTESIAN_POINT('',(-4.164176825966,-5.245880820701));
#4271 = CARTESIAN_POINT('',(-4.207970382958,-5.533452455275));
#4272 = CARTESIAN_POINT('',(-4.252456496327,-5.811658609068));
#4273 = CARTESIAN_POINT('',(-4.297760780988,-6.073092157006));
#4274 = CARTESIAN_POINT('',(-4.343953131677,-6.306396751619));
#4275 = CARTESIAN_POINT('',(-4.412664060943,-6.584925031104));
#4276 = CARTESIAN_POINT('',(-4.434517454351,-6.664108810851));
#4277 = CARTESIAN_POINT('',(-4.456701649123,-6.733542261598));
#4278 = CARTESIAN_POINT('',(-4.479123793009,-6.791336893651));
#4279 = CARTESIAN_POINT('',(-4.501729557624,-6.835986158597));
#4280 = CARTESIAN_POINT('',(-4.524494171103,-6.866369656354));
#4281 = CARTESIAN_POINT('',(-4.547413035048,-6.881747943605));
#4282 = CARTESIAN_POINT('',(-4.58478293965,-6.881747943605));
#4283 = CARTESIAN_POINT('',(-4.599053725032,-6.875851311567));
#4284 = CARTESIAN_POINT('',(-4.613292616879,-6.864087174483));
#4285 = CARTESIAN_POINT('',(-4.627486938306,-6.846569332004));
#4286 = CARTESIAN_POINT('',(-4.641621576489,-6.823497928525));
#4287 = CARTESIAN_POINT('',(-4.655677492302,-6.795160473502));
#4288 = CARTESIAN_POINT('',(-4.669630163682,-6.761932210026));
#4289 = CARTESIAN_POINT('',(-4.703623909566,-6.66929217719));
#4290 = CARTESIAN_POINT('',(-4.723516984069,-6.604855029338));
#4291 = CARTESIAN_POINT('',(-4.743160919496,-6.532036443677));
#4292 = CARTESIAN_POINT('',(-4.762578782947,-6.451874990782));
#4293 = CARTESIAN_POINT('',(-4.781785338138,-6.365359429982));
#4294 = CARTESIAN_POINT('',(-4.800789373083,-6.273414759884));
#4295 = CARTESIAN_POINT('',(-4.819595992705,-6.176890645627));
#4296 = CARTESIAN_POINT('',(-4.873096089418,-5.888482066914));
#4297 = CARTESIAN_POINT('',(-4.907569236324,-5.685573703271));
#4298 = CARTESIAN_POINT('',(-4.941680161732,-5.47226444508));
#4299 = CARTESIAN_POINT('',(-4.975487957392,-5.251997965835));
#4300 = CARTESIAN_POINT('',(-5.00908449741,-5.027076359347));
#4301 = CARTESIAN_POINT('',(-5.042612268489,-4.798759421319));
#4302 = CARTESIAN_POINT('',(-5.076269365096,-4.567524330666));
#4303 = CARTESIAN_POINT('',(-5.160545999238,-3.987655022123));
#4304 = CARTESIAN_POINT('',(-5.211092917805,-3.63911558111));
#4305 = CARTESIAN_POINT('',(-5.262367941256,-3.290276385027));
#4306 = CARTESIAN_POINT('',(-5.314745391714,-2.942908462444));
#4307 = CARTESIAN_POINT('',(-5.368570385185,-2.5991983494));
#4308 = CARTESIAN_POINT('',(-5.424162282506,-2.262084394102));
#4309 = CARTESIAN_POINT('',(-5.481833064124,-1.935580710354));
#4310 = CARTESIAN_POINT('',(-5.562885752606,-1.516597199036));
#4311 = CARTESIAN_POINT('',(-5.584183146498,-1.409969744306));
#4312 = CARTESIAN_POINT('',(-5.605813201107,-1.305399085781));
#4313 = CARTESIAN_POINT('',(-5.627795224558,-1.203125122339));
#4314 = CARTESIAN_POINT('',(-5.650147881778,-1.103421556673));
#4315 = CARTESIAN_POINT('',(-5.672889637915,-1.006596186413));
#4316 = CARTESIAN_POINT('',(-5.696039201758,-0.912991195243));
#4317 = CARTESIAN_POINT('',(-5.75168297279,-0.70056297654));
#4318 = CARTESIAN_POINT('',(-5.784656175139,-0.584354627775));
#4319 = CARTESIAN_POINT('',(-5.818488145774,-0.475798974783));
#4320 = CARTESIAN_POINT('',(-5.853139394182,-0.376291821228));
#4321 = CARTESIAN_POINT('',(-5.888577761653,-0.287182318281));
#4322 = CARTESIAN_POINT('',(-5.924777813161,-0.209771085512));
#4323 = CARTESIAN_POINT('',(-5.961720229262,-0.145308331787));
#4324 = CARTESIAN_POINT('',(-5.999391197971,-9.499197616071E-02));
#4325 = ( GEOMETRIC_REPRESENTATION_CONTEXT(2) 
PARAMETRIC_REPRESENTATION_CONTEXT() REPRESENTATION_CONTEXT('2D SPACE',''
  ) );
#4326 = ORIENTED_EDGE('',*,*,#4327,.F.);
#4327 = EDGE_CURVE('',#4328,#4072,#4330,.T.);
#4328 = VERTEX_POINT('',#4329);
#4329 = CARTESIAN_POINT('',(54.575021663794,0.,3.3));
#4330 = SURFACE_CURVE('',#4331,(#4336,#4346),.PCURVE_S1.);
#4331 = ELLIPSE('',#4332,34.785054261852,11.);
#4332 = AXIS2_PLACEMENT_3D('',#4333,#4334,#4335);
#4333 = CARTESIAN_POINT('',(54.575021663794,0.,14.3));
#4334 = DIRECTION('',(0.316227766017,-0.948683298051,0.));
#4335 = DIRECTION('',(0.948683298051,0.316227766017,2.340555645718E-16)
  );
#4336 = PCURVE('',#1308,#4337);
#4337 = DEFINITIONAL_REPRESENTATION('',(#4338),#4345);
#4338 = B_SPLINE_CURVE_WITH_KNOTS('',5,(#4339,#4340,#4341,#4342,#4343,
    #4344),.UNSPECIFIED.,.F.,.F.,(6,6),(4.712388980385,4.857143765065),
  .PIECEWISE_BEZIER_KNOTS.);
#4339 = CARTESIAN_POINT('',(0.,54.575021663794));
#4340 = CARTESIAN_POINT('',(2.895095693613E-02,55.530403242687));
#4341 = CARTESIAN_POINT('',(5.790191387227E-02,56.485784822172));
#4342 = CARTESIAN_POINT('',(8.68528708084E-02,57.439498147298));
#4343 = CARTESIAN_POINT('',(0.115803827745,58.389874977641));
#4344 = CARTESIAN_POINT('',(0.144754784681,59.335264514742));
#4345 = ( GEOMETRIC_REPRESENTATION_CONTEXT(2) 
PARAMETRIC_REPRESENTATION_CONTEXT() REPRESENTATION_CONTEXT('2D SPACE',''
  ) );
#4346 = PCURVE('',#4347,#4352);
#4347 = PLANE('',#4348);
#4348 = AXIS2_PLACEMENT_3D('',#4349,#4350,#4351);
#4349 = CARTESIAN_POINT('',(58.902515164656,1.442497833621,3.3));
#4350 = DIRECTION('',(0.316227766017,-0.948683298051,0.));
#4351 = DIRECTION('',(-0.948683298051,-0.316227766017,0.));
#4352 = DEFINITIONAL_REPRESENTATION('',(#4353),#4357);
#4353 = ELLIPSE('',#4354,34.785054261852,11.);
#4354 = AXIS2_PLACEMENT_2D('',#4355,#4356);
#4355 = CARTESIAN_POINT('',(4.5615786741,-11.));
#4356 = DIRECTION('',(-1.,-2.340555645718E-16));
#4357 = ( GEOMETRIC_REPRESENTATION_CONTEXT(2) 
PARAMETRIC_REPRESENTATION_CONTEXT() REPRESENTATION_CONTEXT('2D SPACE',''
  ) );
#4358 = ORIENTED_EDGE('',*,*,#4359,.F.);
#4359 = EDGE_CURVE('',#3662,#4328,#4360,.T.);
#4360 = SEAM_CURVE('',#4361,(#4365,#4372),.PCURVE_S1.);
#4361 = LINE('',#4362,#4363);
#4362 = CARTESIAN_POINT('',(2.442490654175E-15,-2.694222958124E-15,3.3)
  );
#4363 = VECTOR('',#4364,1.);
#4364 = DIRECTION('',(1.,0.,2.22044604925E-16));
#4365 = PCURVE('',#1308,#4366);
#4366 = DEFINITIONAL_REPRESENTATION('',(#4367),#4371);
#4367 = LINE('',#4368,#4369);
#4368 = CARTESIAN_POINT('',(6.28318530718,-0.));
#4369 = VECTOR('',#4370,1.);
#4370 = DIRECTION('',(0.,1.));
#4371 = ( GEOMETRIC_REPRESENTATION_CONTEXT(2) 
PARAMETRIC_REPRESENTATION_CONTEXT() REPRESENTATION_CONTEXT('2D SPACE',''
  ) );
#4372 = PCURVE('',#1308,#4373);
#4373 = DEFINITIONAL_REPRESENTATION('',(#4374),#4378);
#4374 = LINE('',#4375,#4376);
#4375 = CARTESIAN_POINT('',(0.,-0.));
#4376 = VECTOR('',#4377,1.);
#4377 = DIRECTION('',(0.,1.));
#4378 = ( GEOMETRIC_REPRESENTATION_CONTEXT(2) 
PARAMETRIC_REPRESENTATION_CONTEXT() REPRESENTATION_CONTEXT('2D SPACE',''
  ) );
#4379 = ORIENTED_EDGE('',*,*,#3661,.T.);
#4380 = ORIENTED_EDGE('',*,*,#4359,.T.);
#4381 = ORIENTED_EDGE('',*,*,#4382,.F.);
#4382 = EDGE_CURVE('',#3689,#4328,#4383,.T.);
#4383 = SURFACE_CURVE('',#4384,(#4389,#4399),.PCURVE_S1.);
#4384 = ELLIPSE('',#4385,34.785054261852,11.);
#4385 = AXIS2_PLACEMENT_3D('',#4386,#4387,#4388);
#4386 = CARTESIAN_POINT('',(54.575021663794,0.,14.3));
#4387 = DIRECTION('',(0.316227766017,0.948683298051,0.));
#4388 = DIRECTION('',(0.948683298051,-0.316227766017,2.340555645718E-16)
  );
#4389 = PCURVE('',#1308,#4390);
#4390 = DEFINITIONAL_REPRESENTATION('',(#4391),#4398);
#4391 = B_SPLINE_CURVE_WITH_KNOTS('',5,(#4392,#4393,#4394,#4395,#4396,
    #4397),.UNSPECIFIED.,.F.,.F.,(6,6),(1.426041542114,1.570796326795),
  .PIECEWISE_BEZIER_KNOTS.);
#4392 = CARTESIAN_POINT('',(6.138430522499,59.335264514742));
#4393 = CARTESIAN_POINT('',(6.167381479435,58.389874977641));
#4394 = CARTESIAN_POINT('',(6.196332436371,57.439498147298));
#4395 = CARTESIAN_POINT('',(6.225283393307,56.485784822172));
#4396 = CARTESIAN_POINT('',(6.254234350243,55.530403242687));
#4397 = CARTESIAN_POINT('',(6.28318530718,54.575021663794));
#4398 = ( GEOMETRIC_REPRESENTATION_CONTEXT(2) 
PARAMETRIC_REPRESENTATION_CONTEXT() REPRESENTATION_CONTEXT('2D SPACE',''
  ) );
#4399 = PCURVE('',#4400,#4405);
#4400 = PLANE('',#4401);
#4401 = AXIS2_PLACEMENT_3D('',#4402,#4403,#4404);
#4402 = CARTESIAN_POINT('',(54.575021663794,0.,3.3));
#4403 = DIRECTION('',(0.316227766017,0.948683298051,-0.));
#4404 = DIRECTION('',(0.948683298051,-0.316227766017,0.));
#4405 = DEFINITIONAL_REPRESENTATION('',(#4406),#4410);
#4406 = ELLIPSE('',#4407,34.785054261852,11.);
#4407 = AXIS2_PLACEMENT_2D('',#4408,#4409);
#4408 = CARTESIAN_POINT('',(-6.740800259667E-15,-11.));
#4409 = DIRECTION('',(1.,-2.340555645718E-16));
#4410 = ( GEOMETRIC_REPRESENTATION_CONTEXT(2) 
PARAMETRIC_REPRESENTATION_CONTEXT() REPRESENTATION_CONTEXT('2D SPACE',''
  ) );
#4411 = FACE_BOUND('',#4412,.F.);
#4412 = EDGE_LOOP('',(#4413,#4414,#4915));
#4413 = ORIENTED_EDGE('',*,*,#1723,.F.);
#4414 = ORIENTED_EDGE('',*,*,#4415,.F.);
#4415 = EDGE_CURVE('',#1292,#1724,#4416,.T.);
#4416 = SURFACE_CURVE('',#4417,(#4581,#4748),.PCURVE_S1.);
#4417 = B_SPLINE_CURVE_WITH_KNOTS('',8,(#4418,#4419,#4420,#4421,#4422,
    #4423,#4424,#4425,#4426,#4427,#4428,#4429,#4430,#4431,#4432,#4433,
    #4434,#4435,#4436,#4437,#4438,#4439,#4440,#4441,#4442,#4443,#4444,
    #4445,#4446,#4447,#4448,#4449,#4450,#4451,#4452,#4453,#4454,#4455,
    #4456,#4457,#4458,#4459,#4460,#4461,#4462,#4463,#4464,#4465,#4466,
    #4467,#4468,#4469,#4470,#4471,#4472,#4473,#4474,#4475,#4476,#4477,
    #4478,#4479,#4480,#4481,#4482,#4483,#4484,#4485,#4486,#4487,#4488,
    #4489,#4490,#4491,#4492,#4493,#4494,#4495,#4496,#4497,#4498,#4499,
    #4500,#4501,#4502,#4503,#4504,#4505,#4506,#4507,#4508,#4509,#4510,
    #4511,#4512,#4513,#4514,#4515,#4516,#4517,#4518,#4519,#4520,#4521,
    #4522,#4523,#4524,#4525,#4526,#4527,#4528,#4529,#4530,#4531,#4532,
    #4533,#4534,#4535,#4536,#4537,#4538,#4539,#4540,#4541,#4542,#4543,
    #4544,#4545,#4546,#4547,#4548,#4549,#4550,#4551,#4552,#4553,#4554,
    #4555,#4556,#4557,#4558,#4559,#4560,#4561,#4562,#4563,#4564,#4565,
    #4566,#4567,#4568,#4569,#4570,#4571,#4572,#4573,#4574,#4575,#4576,
    #4577,#4578,#4579,#4580),.UNSPECIFIED.,.F.,.F.,(9,7,7,7,7,7,7,7,7,7,
    7,7,7,7,7,7,7,7,7,7,7,7,7,9),(0.,3.759939410093E-02,
    9.415023787499E-02,0.1408500404,0.193428674208,0.209162913524,
    0.240206442352,0.259234884095,0.296675274182,0.339257351654,
    0.420683711195,0.46758727493,0.496712076489,0.547264776872,
    0.574827638276,0.656780167999,0.725856810351,0.757065278997,
    0.776390326693,0.804607637802,0.857496989211,0.935601151333,
    0.962887523834,1.),.UNSPECIFIED.);
#4418 = CARTESIAN_POINT('',(58.902515164656,-1.442497833621,
    25.205008023839));
#4419 = CARTESIAN_POINT('',(58.958252005254,-1.832655717803,
    25.153398533826));
#4420 = CARTESIAN_POINT('',(59.03009635452,-2.212501483614,
    25.086920836791));
#4421 = CARTESIAN_POINT('',(59.116692195858,-2.581211964427,
    25.006878127406));
#4422 = CARTESIAN_POINT('',(59.216648696883,-2.938057159478,
    24.914620937347));
#4423 = CARTESIAN_POINT('',(59.328536080312,-3.282395430579,
    24.811545237225));
#4424 = CARTESIAN_POINT('',(59.450881494846,-3.613668698842,
    24.69909053851));
#4425 = CARTESIAN_POINT('',(59.582164886061,-3.931397641382,
    24.578737995458));
#4426 = CARTESIAN_POINT('',(59.929349435886,-4.692071822934,
    24.261402789247));
#4427 = CARTESIAN_POINT('',(60.15581039397,-5.120176277329,
    24.055217995608));
#4428 = CARTESIAN_POINT('',(60.396765515793,-5.520864218009,
    23.836892053525));
#4429 = CARTESIAN_POINT('',(60.649524229276,-5.89574633093,
    23.609195638996));
#4430 = CARTESIAN_POINT('',(60.912072231157,-6.246568288441,
    23.374287665711));
#4431 = CARTESIAN_POINT('',(61.183025130819,-6.575121542374,
    23.133778590686));
#4432 = CARTESIAN_POINT('',(61.461601122803,-6.883166643018,
    22.888801536471));
#4433 = CARTESIAN_POINT('',(61.983801623896,-7.411193051601,
    22.434705749741));
#4434 = CARTESIAN_POINT('',(62.224846584416,-7.636949656227,
    22.226961863458));
#4435 = CARTESIAN_POINT('',(62.470286522796,-7.850274901439,
    22.017576465304));
#4436 = CARTESIAN_POINT('',(62.719824308432,-8.051776757907,
    21.807170227621));
#4437 = CARTESIAN_POINT('',(62.973302908098,-8.242014739965,
    21.596299846379));
#4438 = CARTESIAN_POINT('',(63.230689270466,-8.421484225418,
    21.385502004211));
#4439 = CARTESIAN_POINT('',(63.492065913927,-8.590605518548,
    21.175349050956));
#4440 = CARTESIAN_POINT('',(64.056625235376,-8.928859716377,
    20.731394735277));
#4441 = CARTESIAN_POINT('',(64.359332306954,-9.09435716916,
    20.499203255211));
#4442 = CARTESIAN_POINT('',(64.667093960167,-9.247625036678,
    20.269961354399));
#4443 = CARTESIAN_POINT('',(64.981190907185,-9.389431872955,
    20.044146756761));
#4444 = CARTESIAN_POINT('',(65.302547140649,-9.519930426911,
    19.823037114093));
#4445 = CARTESIAN_POINT('',(65.631645227532,-9.638847539517,
    19.608975455701));
#4446 = CARTESIAN_POINT('',(65.96862072479,-9.745693965542,
    19.405469826978));
#4447 = CARTESIAN_POINT('',(66.416711698065,-9.868032591816,
    19.160648767206));
#4448 = CARTESIAN_POINT('',(66.520776243299,-9.895115018055,
    19.105528361224));
#4449 = CARTESIAN_POINT('',(66.625722093327,-9.921085356755,
    19.051793118795));
#4450 = CARTESIAN_POINT('',(66.731573327123,-9.945924375416,
    18.999571085331));
#4451 = CARTESIAN_POINT('',(66.838354285799,-9.969610341156,
    18.949001468007));
#4452 = CARTESIAN_POINT('',(66.946089572606,-9.992119020716,
    18.900234635753));
#4453 = CARTESIAN_POINT('',(67.054804052937,-10.01342368045,
    18.853432119262));
#4454 = CARTESIAN_POINT('',(67.380997175395,-10.07309581027,
    18.720641918968));
#4455 = CARTESIAN_POINT('',(67.60327234228,-10.10824192789,
    18.640065519308));
#4456 = CARTESIAN_POINT('',(67.829832685201,-10.13822339818,
    18.56935794123));
#4457 = CARTESIAN_POINT('',(68.059586648331,-10.16261219095,
    18.510464474656));
#4458 = CARTESIAN_POINT('',(68.291812641114,-10.18115017625,
    18.464940459524));
#4459 = CARTESIAN_POINT('',(68.526086344997,-10.19366300773,
    18.43394627897));
#4460 = CARTESIAN_POINT('',(68.762189475551,-10.2,18.418252056395));
#4461 = CARTESIAN_POINT('',(69.145768341466,-10.2,18.418252056395));
#4462 = CARTESIAN_POINT('',(69.291330367045,-10.19761921699,
    18.424148688433));
#4463 = CARTESIAN_POINT('',(69.436521659966,-10.19286948381,
    18.435912825517));
#4464 = CARTESIAN_POINT('',(69.58116820951,-10.18577443747,
    18.453430667996));
#4465 = CARTESIAN_POINT('',(69.725072311584,-10.17637104851,
    18.476502071475));
#4466 = CARTESIAN_POINT('',(69.867998529046,-10.16471419568,
    18.504839526498));
#4467 = CARTESIAN_POINT('',(70.00965971177,-10.15088428596,
    18.538067789974));
#4468 = CARTESIAN_POINT('',(70.42525260773,-10.1037398825,
    18.649816914151));
#4469 = CARTESIAN_POINT('',(70.694356731737,-10.06454152615,
    18.741003866754));
#4470 = CARTESIAN_POINT('',(70.957700647202,-10.01792547698,
    18.846623131189));
#4471 = CARTESIAN_POINT('',(71.2156616322,-9.964290172501,
    18.964177470438));
#4472 = CARTESIAN_POINT('',(71.468442621972,-9.903981686349,
    19.091421600165));
#4473 = CARTESIAN_POINT('',(71.716188588978,-9.837318539023,
    19.226425958616));
#4474 = CARTESIAN_POINT('',(71.95908572522,-9.76456949474,
    19.367616951707));
#4475 = CARTESIAN_POINT('',(72.468534782756,-9.596393365188,
    19.680044838652));
#4476 = CARTESIAN_POINT('',(72.734830602756,-9.498869189206,
    19.853405713558));
#4477 = CARTESIAN_POINT('',(72.996383333465,-9.39353460513,
    20.032003312912));
#4478 = CARTESIAN_POINT('',(73.253343943307,-9.280532638286,
    20.21439876697));
#4479 = CARTESIAN_POINT('',(73.505990311678,-9.159889292949,
    20.399577161157));
#4480 = CARTESIAN_POINT('',(73.754727395277,-9.031463226063,
    20.58688929932));
#4481 = CARTESIAN_POINT('',(74.000052311436,-8.894905570951,
    20.775962944503));
#4482 = CARTESIAN_POINT('',(74.706048068828,-8.471898303913,
    21.331143434114));
#4483 = CARTESIAN_POINT('',(75.155433446559,-8.164496767593,
    21.698588770568));
#4484 = CARTESIAN_POINT('',(75.592894368791,-7.825333696757,
    22.06613811043));
#4485 = CARTESIAN_POINT('',(76.019096335621,-7.451372550634,
    22.4318670143));
#4486 = CARTESIAN_POINT('',(76.433249400368,-7.038985071697,
    22.793221466611));
#4487 = CARTESIAN_POINT('',(76.832897749766,-6.584230114457,
    23.146635965987));
#4488 = CARTESIAN_POINT('',(77.213826140839,-6.083063351541,
    23.487120296832));
#4489 = CARTESIAN_POINT('',(77.774695506823,-5.214172364369,
    23.992646563257));
#4490 = CARTESIAN_POINT('',(77.972159031849,-4.878746277863,
    24.171573305351));
#4491 = CARTESIAN_POINT('',(78.160650037203,-4.524720411971,
    24.343164887017));
#4492 = CARTESIAN_POINT('',(78.338476862887,-4.151416459836,
    24.505701625277));
#4493 = CARTESIAN_POINT('',(78.503685896318,-3.758262620408,
    24.65722388484));
#4494 = CARTESIAN_POINT('',(78.65404597302,-3.344833518997,
    24.795517612281));
#4495 = CARTESIAN_POINT('',(78.787030234033,-2.910891656424,
    24.918101756628));
#4496 = CARTESIAN_POINT('',(78.96981707566,-2.174232335242,
    25.086868369351));
#4497 = CARTESIAN_POINT('',(79.032072324864,-1.88400205497,
    25.144425877721));
#4498 = CARTESIAN_POINT('',(79.085577398522,-1.586898956934,
    25.193949010963));
#4499 = CARTESIAN_POINT('',(79.129527506393,-1.284110186768,
    25.234664063907));
#4500 = CARTESIAN_POINT('',(79.163296357837,-0.976845589785,
    25.265966457367));
#4501 = CARTESIAN_POINT('',(79.186435662517,-0.666332676019,
    25.287422478787));
#4502 = CARTESIAN_POINT('',(79.198674631088,-0.353811585257,
    25.298771022873));
#4503 = CARTESIAN_POINT('',(79.202080186482,0.503241120057,
    25.301928898016));
#4504 = CARTESIAN_POINT('',(79.171087568992,1.041296632901,
    25.273190076573));
#4505 = CARTESIAN_POINT('',(79.108169442271,1.569344687883,
    25.214845167951));
#4506 = CARTESIAN_POINT('',(79.01540202607,2.083169805173,
    25.128892032368));
#4507 = CARTESIAN_POINT('',(78.895695143953,2.578753518296,
    25.018168809026));
#4508 = CARTESIAN_POINT('',(78.752795756666,3.052339891372,
    24.886331689362));
#4509 = CARTESIAN_POINT('',(78.591309825967,3.500445858981,
    24.737831744787));
#4510 = CARTESIAN_POINT('',(78.321563127214,4.148469886874,
    24.490686172605));
#4511 = CARTESIAN_POINT('',(78.221806505162,4.370234895992,
    24.399449483242));
#4512 = CARTESIAN_POINT('',(78.117895948104,4.585256938326,
    24.30460146114));
#4513 = CARTESIAN_POINT('',(78.010212280643,4.793697911746,
    24.206523908345));
#4514 = CARTESIAN_POINT('',(77.899095113852,4.995733250128,
    24.105561221097));
#4515 = CARTESIAN_POINT('',(77.784844112492,5.191549083807,
    24.002021902351));
#4516 = CARTESIAN_POINT('',(77.667720262227,5.381339400027,
    23.896180074284));
#4517 = CARTESIAN_POINT('',(77.191826251075,6.112281938359,
    23.467449246336));
#4518 = CARTESIAN_POINT('',(76.811067989852,6.609619295578,
    23.127303900191));
#4519 = CARTESIAN_POINT('',(76.411862412123,7.061020490472,
    22.774500756874));
#4520 = CARTESIAN_POINT('',(75.998323873179,7.470477766865,
    22.413935833048));
#4521 = CARTESIAN_POINT('',(75.572841483107,7.841872705869,
    22.049115645364));
#4522 = CARTESIAN_POINT('',(75.136171144961,8.178772110611,
    21.682565993696));
#4523 = CARTESIAN_POINT('',(74.687642860194,8.48415402775,
    21.316215169113));
#4524 = CARTESIAN_POINT('',(73.835095404611,8.992663237605,
    20.646643667518));
#4525 = CARTESIAN_POINT('',(73.441562431164,9.200496129305,
    20.347580605266));
#4526 = CARTESIAN_POINT('',(73.039663349814,9.388411329078,
    20.054119179286));
#4527 = CARTESIAN_POINT('',(72.625352020438,9.558236848838,
    19.766547544749));
#4528 = CARTESIAN_POINT('',(72.196322850681,9.709607750142,
    19.488341390919));
#4529 = CARTESIAN_POINT('',(71.752156875244,9.840913563086,
    19.226907842994));
#4530 = CARTESIAN_POINT('',(71.293195533963,9.950592955544,
    18.993603248383));
#4531 = CARTESIAN_POINT('',(70.603568381702,10.075521695763,
    18.715074967666));
#4532 = CARTESIAN_POINT('',(70.383283483116,10.110011077976,
    18.635891190542));
#4533 = CARTESIAN_POINT('',(70.158805027598,10.139424313544,
    18.566457738948));
#4534 = CARTESIAN_POINT('',(69.93120192106,10.163345750555,
    18.50866310531));
#4535 = CARTESIAN_POINT('',(69.70118478714,10.181524258279,
    18.464013840835));
#4536 = CARTESIAN_POINT('',(69.469177269946,10.193790595461,
    18.433630344453));
#4537 = CARTESIAN_POINT('',(69.23540468237,10.2,18.418252056395));
#4538 = CARTESIAN_POINT('',(68.854231658519,10.2,18.418252056395));
#4539 = CARTESIAN_POINT('',(68.708669632949,10.197619216991,
    18.424148688434));
#4540 = CARTESIAN_POINT('',(68.563478340041,10.192869483815,
    18.435912825517));
#4541 = CARTESIAN_POINT('',(68.418831790504,10.185774437478,
    18.453430667994));
#4542 = CARTESIAN_POINT('',(68.274927688425,10.176371048515,
    18.476502071473));
#4543 = CARTESIAN_POINT('',(68.132001470949,10.164714195683,
    18.504839526498));
#4544 = CARTESIAN_POINT('',(67.990340288215,10.150884285963,
    18.538067789978));
#4545 = CARTESIAN_POINT('',(67.645813744405,10.111801571741,
    18.63070782281));
#4546 = CARTESIAN_POINT('',(67.444732406021,10.084215470029,
    18.695144970661));
#4547 = CARTESIAN_POINT('',(67.246811317594,10.052446371965,
    18.767963556323));
#4548 = CARTESIAN_POINT('',(67.051907932733,10.016667618395,
    18.848125009219));
#4549 = CARTESIAN_POINT('',(66.859955656807,9.977039262039,
    18.934640570018));
#4550 = CARTESIAN_POINT('',(66.670940610822,9.933719925943,
    19.026585240116));
#4551 = CARTESIAN_POINT('',(66.484878251836,9.886870392144,
    19.123109354374));
#4552 = CARTESIAN_POINT('',(65.958616583258,9.742515888162,
    19.411517933086));
#4553 = CARTESIAN_POINT('',(65.623269663204,9.635817404309,
    19.61442629673));
#4554 = CARTESIAN_POINT('',(65.295718811819,9.517156520904,
    19.827735554919));
#4555 = CARTESIAN_POINT('',(64.97582639879,9.387011605555,
    20.048002034164));
#4556 = CARTESIAN_POINT('',(64.663114221129,9.245646843188,
    20.272923640653));
#4557 = CARTESIAN_POINT('',(64.356673507731,9.092908267839,
    20.50124057868));
#4558 = CARTESIAN_POINT('',(64.055248320239,8.928039720591,
    20.732475669335));
#4559 = CARTESIAN_POINT('',(63.317857004565,8.486221364156,
    21.312344977874));
#4560 = CARTESIAN_POINT('',(62.890717316486,8.195981311448,
    21.660884418897));
#4561 = CARTESIAN_POINT('',(62.474340657469,7.877164643046,
    22.009723614969));
#4562 = CARTESIAN_POINT('',(62.06818719795,7.527274038905,
    22.357091537558));
#4563 = CARTESIAN_POINT('',(61.672862195175,7.143325023399,
    22.700801650598));
#4564 = CARTESIAN_POINT('',(61.290269499471,6.722055304858,
    23.037915605901));
#4565 = CARTESIAN_POINT('',(60.923692012569,6.260082846673,
    23.364419289645));
#4566 = CARTESIAN_POINT('',(60.457298880409,5.577461273564,
    23.783402800964));
#4567 = CARTESIAN_POINT('',(60.338987864898,5.395199736837,
    23.890030255694));
#4568 = CARTESIAN_POINT('',(60.223303671082,5.207208234637,
    23.994600914219));
#4569 = CARTESIAN_POINT('',(60.110470173528,5.013290690349,
    24.096874877661));
#4570 = CARTESIAN_POINT('',(60.000749657524,4.813259160956,
    24.196578443327));
#4571 = CARTESIAN_POINT('',(59.894442633581,4.606933950662,
    24.293403813587));
#4572 = CARTESIAN_POINT('',(59.791887651927,4.394143724519,
    24.387008804757));
#4573 = CARTESIAN_POINT('',(59.559590173516,3.876292801853,
    24.599437025087));
#4574 = CARTESIAN_POINT('',(59.432872970789,3.564520016226,
    24.715645371715));
#4575 = CARTESIAN_POINT('',(59.31479941859,3.239831893549,
    24.824201023776));
#4576 = CARTESIAN_POINT('',(59.206803407298,2.902721152757,
    24.92370817833));
#4577 = CARTESIAN_POINT('',(59.110266437633,2.55375232257,
    25.012817682675));
#4578 = CARTESIAN_POINT('',(59.026521250365,2.193565460732,
    25.090228915431));
#4579 = CARTESIAN_POINT('',(58.956855456031,1.822879873247,
    25.154691667638));
#4580 = CARTESIAN_POINT('',(58.902515164656,1.442497833621,
    25.205008023839));
#4581 = PCURVE('',#1308,#4582);
#4582 = DEFINITIONAL_REPRESENTATION('',(#4583),#4747);
#4583 = B_SPLINE_CURVE_WITH_KNOTS('',8,(#4584,#4585,#4586,#4587,#4588,
    #4589,#4590,#4591,#4592,#4593,#4594,#4595,#4596,#4597,#4598,#4599,
    #4600,#4601,#4602,#4603,#4604,#4605,#4606,#4607,#4608,#4609,#4610,
    #4611,#4612,#4613,#4614,#4615,#4616,#4617,#4618,#4619,#4620,#4621,
    #4622,#4623,#4624,#4625,#4626,#4627,#4628,#4629,#4630,#4631,#4632,
    #4633,#4634,#4635,#4636,#4637,#4638,#4639,#4640,#4641,#4642,#4643,
    #4644,#4645,#4646,#4647,#4648,#4649,#4650,#4651,#4652,#4653,#4654,
    #4655,#4656,#4657,#4658,#4659,#4660,#4661,#4662,#4663,#4664,#4665,
    #4666,#4667,#4668,#4669,#4670,#4671,#4672,#4673,#4674,#4675,#4676,
    #4677,#4678,#4679,#4680,#4681,#4682,#4683,#4684,#4685,#4686,#4687,
    #4688,#4689,#4690,#4691,#4692,#4693,#4694,#4695,#4696,#4697,#4698,
    #4699,#4700,#4701,#4702,#4703,#4704,#4705,#4706,#4707,#4708,#4709,
    #4710,#4711,#4712,#4713,#4714,#4715,#4716,#4717,#4718,#4719,#4720,
    #4721,#4722,#4723,#4724,#4725,#4726,#4727,#4728,#4729,#4730,#4731,
    #4732,#4733,#4734,#4735,#4736,#4737,#4738,#4739,#4740,#4741,#4742,
    #4743,#4744,#4745,#4746),.UNSPECIFIED.,.F.,.F.,(9,7,7,7,7,7,7,7,7,7,
    7,7,7,7,7,7,7,7,7,7,7,7,7,9),(0.,3.759939410093E-02,
    9.415023787499E-02,0.1408500404,0.193428674208,0.209162913524,
    0.240206442352,0.259234884095,0.296675274182,0.339257351654,
    0.420683711195,0.46758727493,0.496712076489,0.547264776872,
    0.574827638276,0.656780167999,0.725856810351,0.757065278997,
    0.776390326693,0.804607637802,0.857496989211,0.935601151333,
    0.962887523834,1.),.UNSPECIFIED.);
#4584 = CARTESIAN_POINT('',(3.273107610365,58.902515164656));
#4585 = CARTESIAN_POINT('',(3.308885473465,58.958252005254));
#4586 = CARTESIAN_POINT('',(3.343911213745,59.03009635452));
#4587 = CARTESIAN_POINT('',(3.378164903154,59.116692195858));
#4588 = CARTESIAN_POINT('',(3.411622121345,59.216648696883));
#4589 = CARTESIAN_POINT('',(3.444253549516,59.328536080312));
#4590 = CARTESIAN_POINT('',(3.476024564271,59.450881494846));
#4591 = CARTESIAN_POINT('',(3.506894831458,59.582164886061));
#4592 = CARTESIAN_POINT('',(3.581823273551,59.929349435886));
#4593 = CARTESIAN_POINT('',(3.624958425793,60.15581039397));
#4594 = CARTESIAN_POINT('',(3.666357038558,60.396765515793));
#4595 = CARTESIAN_POINT('',(3.70614801185,60.649524229276));
#4596 = CARTESIAN_POINT('',(3.744460476496,60.912072231157));
#4597 = CARTESIAN_POINT('',(3.781426280626,61.183025130819));
#4598 = CARTESIAN_POINT('',(3.817179950033,61.461601122803));
#4599 = CARTESIAN_POINT('',(3.88049177649,61.983801623896));
#4600 = CARTESIAN_POINT('',(3.908366535732,62.224846584416));
#4601 = CARTESIAN_POINT('',(3.935517547677,62.470286522796));
#4602 = CARTESIAN_POINT('',(3.961977683518,62.719824308432));
#4603 = CARTESIAN_POINT('',(3.987774141176,62.973302908098));
#4604 = CARTESIAN_POINT('',(4.012925926212,63.230689270466));
#4605 = CARTESIAN_POINT('',(4.037440210585,63.492065913927));
#4606 = CARTESIAN_POINT('',(4.088179483909,64.056625235376));
#4607 = CARTESIAN_POINT('',(4.114087740137,64.359332306954));
#4608 = CARTESIAN_POINT('',(4.139138582957,64.667093960167));
#4609 = CARTESIAN_POINT('',(4.163360163695,64.981190907185));
#4610 = CARTESIAN_POINT('',(4.186684478139,65.302547140649));
#4611 = CARTESIAN_POINT('',(4.208935240494,65.631645227532));
#4612 = CARTESIAN_POINT('',(4.229826443848,65.96862072479));
#4613 = CARTESIAN_POINT('',(4.254706999963,66.416711698065));
#4614 = CARTESIAN_POINT('',(4.260289991092,66.520776243299));
#4615 = CARTESIAN_POINT('',(4.265715436394,66.625722093327));
#4616 = CARTESIAN_POINT('',(4.270972365184,66.731573327123));
#4617 = CARTESIAN_POINT('',(4.276048730983,66.838354285799));
#4618 = CARTESIAN_POINT('',(4.28093141152,66.946089572606));
#4619 = CARTESIAN_POINT('',(4.285606208729,67.054804052937));
#4620 = CARTESIAN_POINT('',(4.298840899048,67.380997175395));
#4621 = CARTESIAN_POINT('',(4.306832018647,67.60327234228));
#4622 = CARTESIAN_POINT('',(4.313813476725,67.829832685201));
#4623 = CARTESIAN_POINT('',(4.319608074904,68.059586648331));
#4624 = CARTESIAN_POINT('',(4.324076549291,68.291812641114));
#4625 = CARTESIAN_POINT('',(4.327115215609,68.526086344997));
#4626 = CARTESIAN_POINT('',(4.328653857413,68.762189475551));
#4627 = CARTESIAN_POINT('',(4.328653857413,69.145768341466));
#4628 = CARTESIAN_POINT('',(4.328075756481,69.291330367045));
#4629 = CARTESIAN_POINT('',(4.326922409044,69.436521659966));
#4630 = CARTESIAN_POINT('',(4.325204218325,69.58116820951));
#4631 = CARTESIAN_POINT('',(4.322939312592,69.725072311584));
#4632 = CARTESIAN_POINT('',(4.32015376462,69.867998529046));
#4633 = CARTESIAN_POINT('',(4.316881854342,70.00965971177));
#4634 = CARTESIAN_POINT('',(4.30585579148,70.42525260773));
#4635 = CARTESIAN_POINT('',(4.296832789108,70.694356731737));
#4636 = CARTESIAN_POINT('',(4.286338287081,70.957700647202));
#4637 = CARTESIAN_POINT('',(4.274593639007,71.2156616322));
#4638 = CARTESIAN_POINT('',(4.261795423623,71.468442621972));
#4639 = CARTESIAN_POINT('',(4.248110883497,71.716188588978));
#4640 = CARTESIAN_POINT('',(4.233674011422,71.95908572522));
#4641 = CARTESIAN_POINT('',(4.201418011264,72.468534782756));
#4642 = CARTESIAN_POINT('',(4.183338468959,72.734830602756));
#4643 = CARTESIAN_POINT('',(4.164495497507,72.996383333465));
#4644 = CARTESIAN_POINT('',(4.144999236904,73.253343943307));
#4645 = CARTESIAN_POINT('',(4.124918152516,73.505990311678));
#4646 = CARTESIAN_POINT('',(4.104281870256,73.754727395277));
#4647 = CARTESIAN_POINT('',(4.083085970567,74.000052311436));
#4648 = CARTESIAN_POINT('',(4.019634256381,74.706048068828));
#4649 = CARTESIAN_POINT('',(3.9761272965,75.155433446559));
#4650 = CARTESIAN_POINT('',(3.930752650959,75.592894368793));
#4651 = CARTESIAN_POINT('',(3.883331155674,76.019096335618));
#4652 = CARTESIAN_POINT('',(3.833646409666,76.433249400369));
#4653 = CARTESIAN_POINT('',(3.781458742808,76.832897749765));
#4654 = CARTESIAN_POINT('',(3.726512416755,77.213826140839));
#4655 = CARTESIAN_POINT('',(3.635126017346,77.774695506823));
#4656 = CARTESIAN_POINT('',(3.60058907261,77.972159031849));
#4657 = CARTESIAN_POINT('',(3.564869217619,78.160650037203));
#4658 = CARTESIAN_POINT('',(3.527918659551,78.338476862887));
#4659 = CARTESIAN_POINT('',(3.489688967145,78.503685896318));
#4660 = CARTESIAN_POINT('',(3.45013012743,78.65404597302));
#4661 = CARTESIAN_POINT('',(3.409188470654,78.787030234033));
#4662 = CARTESIAN_POINT('',(3.340484462744,78.96981707566));
#4663 = CARTESIAN_POINT('',(3.313597664897,79.032072324864));
#4664 = CARTESIAN_POINT('',(3.286237252381,79.085577398522));
#4665 = CARTESIAN_POINT('',(3.25849120697,79.129527506393));
#4666 = CARTESIAN_POINT('',(3.230442808022,79.163296357837));
#4667 = CARTESIAN_POINT('',(3.202172130806,79.186435662517));
#4668 = CARTESIAN_POINT('',(3.173757544819,79.198674631088));
#4669 = CARTESIAN_POINT('',(3.095843133637,79.202080186482));
#4670 = CARTESIAN_POINT('',(3.046938898906,79.171087568992));
#4671 = CARTESIAN_POINT('',(2.998770451575,79.108169442271));
#4672 = CARTESIAN_POINT('',(2.951552462498,79.01540202607));
#4673 = CARTESIAN_POINT('',(2.905515236995,78.895695143953));
#4674 = CARTESIAN_POINT('',(2.860914002064,78.752795756666));
#4675 = CARTESIAN_POINT('',(2.818040573536,78.591309825967));
#4676 = CARTESIAN_POINT('',(2.754990280441,78.321563127214));
#4677 = CARTESIAN_POINT('',(2.733197642621,78.221806505162));
#4678 = CARTESIAN_POINT('',(2.711844021168,78.117895948104));
#4679 = CARTESIAN_POINT('',(2.690914100059,78.010212280643));
#4680 = CARTESIAN_POINT('',(2.670392621311,77.899095113852));
#4681 = CARTESIAN_POINT('',(2.650264290501,77.784844112492));
#4682 = CARTESIAN_POINT('',(2.630513682289,77.667720262227));
#4683 = CARTESIAN_POINT('',(2.553477299494,77.191826251075));
#4684 = CARTESIAN_POINT('',(2.498833615867,76.811067989852));
#4685 = CARTESIAN_POINT('',(2.446917874962,76.411862412123));
#4686 = CARTESIAN_POINT('',(2.397478279888,75.99832387318));
#4687 = CARTESIAN_POINT('',(2.350279465408,75.572841483106));
#4688 = CARTESIAN_POINT('',(2.305109896174,75.136171144961));
#4689 = CARTESIAN_POINT('',(2.261796380689,74.687642860194));
#4690 = CARTESIAN_POINT('',(2.185362018838,73.835095404611));
#4691 = CARTESIAN_POINT('',(2.152283441102,73.441562431163));
#4692 = CARTESIAN_POINT('',(2.120640513136,73.039663349817));
#4693 = CARTESIAN_POINT('',(2.090317443639,72.625352020434));
#4694 = CARTESIAN_POINT('',(2.06155719152,72.196322850684));
#4695 = CARTESIAN_POINT('',(2.034976132976,71.752156875243));
#4696 = CARTESIAN_POINT('',(2.011543527939,71.293195533963));
#4697 = CARTESIAN_POINT('',(1.983792391667,70.603568381702));
#4698 = CARTESIAN_POINT('',(1.975941159112,70.383283483116));
#4699 = CARTESIAN_POINT('',(1.969086479865,70.158805027598));
#4700 = CARTESIAN_POINT('',(1.963400414301,69.93120192106));
#4701 = CARTESIAN_POINT('',(1.959017912157,69.70118478714));
#4702 = CARTESIAN_POINT('',(1.956039118028,69.469177269946));
#4703 = CARTESIAN_POINT('',(1.954531449766,69.23540468237));
#4704 = CARTESIAN_POINT('',(1.954531449766,68.854231658519));
#4705 = CARTESIAN_POINT('',(1.955109550699,68.708669632949));
#4706 = CARTESIAN_POINT('',(1.956262898135,68.563478340041));
#4707 = CARTESIAN_POINT('',(1.957981088855,68.418831790504));
#4708 = CARTESIAN_POINT('',(1.960245994587,68.274927688425));
#4709 = CARTESIAN_POINT('',(1.963031542559,68.132001470949));
#4710 = CARTESIAN_POINT('',(1.966303452838,67.990340288215));
#4711 = CARTESIAN_POINT('',(1.975444059828,67.645813744405));
#4712 = CARTESIAN_POINT('',(1.981816134737,67.444732406021));
#4713 = CARTESIAN_POINT('',(1.989038293817,67.246811317594));
#4714 = CARTESIAN_POINT('',(1.997018026786,67.051907932733));
#4715 = CARTESIAN_POINT('',(2.00566800109,66.859955656807));
#4716 = CARTESIAN_POINT('',(2.014906868361,66.670940610822));
#4717 = CARTESIAN_POINT('',(2.024660052687,66.484878251836));
#4718 = CARTESIAN_POINT('',(2.053979852655,65.958616583258));
#4719 = CARTESIAN_POINT('',(2.074816749934,65.623269663204));
#4720 = CARTESIAN_POINT('',(2.096996499912,65.295718811819));
#4721 = CARTESIAN_POINT('',(2.120238640481,64.97582639879));
#4722 = CARTESIAN_POINT('',(2.144370319729,64.663114221129));
#4723 = CARTESIAN_POINT('',(2.16932472406,64.356673507731));
#4724 = CARTESIAN_POINT('',(2.195129165279,64.055248320239));
#4725 = CARTESIAN_POINT('',(2.261402570629,63.317857004565));
#4726 = CARTESIAN_POINT('',(2.302596897342,62.890717316486));
#4727 = CARTESIAN_POINT('',(2.345481393171,62.474340657468));
#4728 = CARTESIAN_POINT('',(2.390193076836,62.068187197951));
#4729 = CARTESIAN_POINT('',(2.436905977084,61.672862195174));
#4730 = CARTESIAN_POINT('',(2.48581644552,61.290269499472));
#4731 = CARTESIAN_POINT('',(2.53713647092,60.923692012569));
#4732 = CARTESIAN_POINT('',(2.609950021723,60.457298880409));
#4733 = CARTESIAN_POINT('',(2.62914210643,60.338987864898));
#4734 = CARTESIAN_POINT('',(2.648690562717,60.223303671082));
#4735 = CARTESIAN_POINT('',(2.668610907182,60.110470173528));
#4736 = CARTESIAN_POINT('',(2.688918262412,60.000749657524));
#4737 = CARTESIAN_POINT('',(2.709627688774,59.894442633581));
#4738 = CARTESIAN_POINT('',(2.730754516186,59.791887651927));
#4739 = CARTESIAN_POINT('',(2.781638871127,59.559590173516));
#4740 = CARTESIAN_POINT('',(2.811870741181,59.432872970789));
#4741 = CARTESIAN_POINT('',(2.842963249673,59.31479941859));
#4742 = CARTESIAN_POINT('',(2.874875259916,59.206803407298));
#4743 = CARTESIAN_POINT('',(2.907571099621,59.110266437633));
#4744 = CARTESIAN_POINT('',(2.941020125571,59.026521250365));
#4745 = CARTESIAN_POINT('',(2.97519628831,58.956855456031));
#4746 = CARTESIAN_POINT('',(3.010077696815,58.902515164656));
#4747 = ( GEOMETRIC_REPRESENTATION_CONTEXT(2) 
PARAMETRIC_REPRESENTATION_CONTEXT() REPRESENTATION_CONTEXT('2D SPACE',''
  ) );
#4748 = PCURVE('',#1439,#4749);
#4749 = DEFINITIONAL_REPRESENTATION('',(#4750),#4914);
#4750 = B_SPLINE_CURVE_WITH_KNOTS('',8,(#4751,#4752,#4753,#4754,#4755,
    #4756,#4757,#4758,#4759,#4760,#4761,#4762,#4763,#4764,#4765,#4766,
    #4767,#4768,#4769,#4770,#4771,#4772,#4773,#4774,#4775,#4776,#4777,
    #4778,#4779,#4780,#4781,#4782,#4783,#4784,#4785,#4786,#4787,#4788,
    #4789,#4790,#4791,#4792,#4793,#4794,#4795,#4796,#4797,#4798,#4799,
    #4800,#4801,#4802,#4803,#4804,#4805,#4806,#4807,#4808,#4809,#4810,
    #4811,#4812,#4813,#4814,#4815,#4816,#4817,#4818,#4819,#4820,#4821,
    #4822,#4823,#4824,#4825,#4826,#4827,#4828,#4829,#4830,#4831,#4832,
    #4833,#4834,#4835,#4836,#4837,#4838,#4839,#4840,#4841,#4842,#4843,
    #4844,#4845,#4846,#4847,#4848,#4849,#4850,#4851,#4852,#4853,#4854,
    #4855,#4856,#4857,#4858,#4859,#4860,#4861,#4862,#4863,#4864,#4865,
    #4866,#4867,#4868,#4869,#4870,#4871,#4872,#4873,#4874,#4875,#4876,
    #4877,#4878,#4879,#4880,#4881,#4882,#4883,#4884,#4885,#4886,#4887,
    #4888,#4889,#4890,#4891,#4892,#4893,#4894,#4895,#4896,#4897,#4898,
    #4899,#4900,#4901,#4902,#4903,#4904,#4905,#4906,#4907,#4908,#4909,
    #4910,#4911,#4912,#4913),.UNSPECIFIED.,.F.,.F.,(9,7,7,7,7,7,7,7,7,7,
    7,7,7,7,7,7,7,7,7,7,7,7,7,9),(0.,3.759939410093E-02,
    9.415023787499E-02,0.1408500404,0.193428674208,0.209162913524,
    0.240206442352,0.259234884095,0.296675274182,0.339257351654,
    0.420683711195,0.46758727493,0.496712076489,0.547264776872,
    0.574827638276,0.656780167999,0.725856810351,0.757065278997,
    0.776390326693,0.804607637802,0.857496989211,0.935601151333,
    0.962887523834,1.),.UNSPECIFIED.);
#4751 = CARTESIAN_POINT('',(0.,-21.90500802383));
#4752 = CARTESIAN_POINT('',(-3.863911563567E-02,-21.85339853382));
#4753 = CARTESIAN_POINT('',(-7.650077898365E-02,-21.78692083679));
#4754 = CARTESIAN_POINT('',(-0.113574033191,-21.7068781274));
#4755 = CARTESIAN_POINT('',(-0.149841942483,-21.61462093734));
#4756 = CARTESIAN_POINT('',(-0.185281023985,-21.51154523722));
#4757 = CARTESIAN_POINT('',(-0.219860679553,-21.39909053851));
#4758 = CARTESIAN_POINT('',(-0.253542627587,-21.27873799545));
#4759 = CARTESIAN_POINT('',(-0.335519026449,-20.96140278924));
#4760 = CARTESIAN_POINT('',(-0.382919758544,-20.7552179956));
#4761 = CARTESIAN_POINT('',(-0.428646843956,-20.53689205352));
#4762 = CARTESIAN_POINT('',(-0.472860015312,-20.30919563899));
#4763 = CARTESIAN_POINT('',(-0.515720976179,-20.07428766571));
#4764 = CARTESIAN_POINT('',(-0.557399206184,-19.83377859068));
#4765 = CARTESIAN_POINT('',(-0.598077020135,-19.58880153647));
#4766 = CARTESIAN_POINT('',(-0.670884274611,-19.13470574974));
#4767 = CARTESIAN_POINT('',(-0.703238548818,-18.92696186345));
#4768 = CARTESIAN_POINT('',(-0.735083630085,-18.7175764653));
#4769 = CARTESIAN_POINT('',(-0.766487893849,-18.50717022762));
#4770 = CARTESIAN_POINT('',(-0.79752066951,-18.29629984637));
#4771 = CARTESIAN_POINT('',(-0.828252449334,-18.08550200421));
#4772 = CARTESIAN_POINT('',(-0.858755801457,-17.87534905095));
#4773 = CARTESIAN_POINT('',(-0.923278948788,-17.43139473527));
#4774 = CARTESIAN_POINT('',(-0.957075556358,-17.19920325521));
#4775 = CARTESIAN_POINT('',(-0.990741891606,-16.96996135439));
#4776 = CARTESIAN_POINT('',(-1.024479392772,-16.74414675676));
#4777 = CARTESIAN_POINT('',(-1.058432537713,-16.52303711409));
#4778 = CARTESIAN_POINT('',(-1.09269405114,-16.3089754557));
#4779 = CARTESIAN_POINT('',(-1.127323364923,-16.10546982697));
#4780 = CARTESIAN_POINT('',(-1.172861737381,-15.8606487672));
#4781 = CARTESIAN_POINT('',(-1.183403244831,-15.80552836122));
#4782 = CARTESIAN_POINT('',(-1.194001131256,-15.75179311879));
#4783 = CARTESIAN_POINT('',(-1.204659009184,-15.69957108533));
#4784 = CARTESIAN_POINT('',(-1.215380555303,-15.649001468));
#4785 = CARTESIAN_POINT('',(-1.22616951046,-15.60023463575));
#4786 = CARTESIAN_POINT('',(-1.237029679663,-15.55343211926));
#4787 = CARTESIAN_POINT('',(-1.269540097982,-15.42064191896));
#4788 = CARTESIAN_POINT('',(-1.291596081916,-15.3400655193));
#4789 = CARTESIAN_POINT('',(-1.313989580516,-15.26935794123));
#4790 = CARTESIAN_POINT('',(-1.33662581202,-15.21046447465));
#4791 = CARTESIAN_POINT('',(-1.359449796046,-15.16494045952));
#4792 = CARTESIAN_POINT('',(-1.382437166114,-15.13394627897));
#4793 = CARTESIAN_POINT('',(-1.405584514892,-15.11825205639));
#4794 = CARTESIAN_POINT('',(-1.44319028606,-15.11825205639));
#4795 = CARTESIAN_POINT('',(-1.457461071442,-15.12414868843));
#4796 = CARTESIAN_POINT('',(-1.471699963289,-15.13591282551));
#4797 = CARTESIAN_POINT('',(-1.485894284716,-15.15343066799));
#4798 = CARTESIAN_POINT('',(-1.5000289229,-15.17650207147));
#4799 = CARTESIAN_POINT('',(-1.514084838712,-15.20483952649));
#4800 = CARTESIAN_POINT('',(-1.528037510092,-15.23806778997));
#4801 = CARTESIAN_POINT('',(-1.569043230986,-15.34981691415));
#4802 = CARTESIAN_POINT('',(-1.595691072406,-15.44100386675));
#4803 = CARTESIAN_POINT('',(-1.621890192921,-15.54662313118));
#4804 = CARTESIAN_POINT('',(-1.647698884745,-15.66417747043));
#4805 = CARTESIAN_POINT('',(-1.673155720867,-15.79142160016));
#4806 = CARTESIAN_POINT('',(-1.69829161904,-15.92642595861));
#4807 = CARTESIAN_POINT('',(-1.723140621714,-16.0676169517));
#4808 = CARTESIAN_POINT('',(-1.775737683523,-16.38004483865));
#4809 = CARTESIAN_POINT('',(-1.803526406312,-16.55340571355));
#4810 = CARTESIAN_POINT('',(-1.831146994567,-16.73200331291));
#4811 = CARTESIAN_POINT('',(-1.858640543113,-16.91439876697));
#4812 = CARTESIAN_POINT('',(-1.886062251712,-17.09957716115));
#4813 = CARTESIAN_POINT('',(-1.913484460047,-17.28688929931));
#4814 = CARTESIAN_POINT('',(-1.94099703425,-17.4759629445));
#4815 = CARTESIAN_POINT('',(-2.021685462343,-18.03114343411));
#4816 = CARTESIAN_POINT('',(-2.074967973228,-18.39858877056));
#4817 = CARTESIAN_POINT('',(-2.129074662445,-18.76613811043));
#4818 = CARTESIAN_POINT('',(-2.184452167636,-19.1318670143));
#4819 = CARTESIAN_POINT('',(-2.241509639733,-19.49322146661));
#4820 = CARTESIAN_POINT('',(-2.300622213627,-19.84663596598));
#4821 = CARTESIAN_POINT('',(-2.362156719915,-20.18712029683));
#4822 = CARTESIAN_POINT('',(-2.463547755951,-20.69264656325));
#4823 = CARTESIAN_POINT('',(-2.501675617605,-20.87157330535));
#4824 = CARTESIAN_POINT('',(-2.540935908219,-21.04316488701));
#4825 = CARTESIAN_POINT('',(-2.581391123341,-21.20570162527));
#4826 = CARTESIAN_POINT('',(-2.623104375758,-21.35722388484));
#4827 = CARTESIAN_POINT('',(-2.666141097368,-21.49551761228));
#4828 = CARTESIAN_POINT('',(-2.710572138685,-21.61810175662));
#4829 = CARTESIAN_POINT('',(-2.784983708665,-21.78686836935));
#4830 = CARTESIAN_POINT('',(-2.814070107921,-21.84442587772));
#4831 = CARTESIAN_POINT('',(-2.843639117044,-21.89394901096));
#4832 = CARTESIAN_POINT('',(-2.873600193717,-21.9346640639));
#4833 = CARTESIAN_POINT('',(-2.903868717342,-21.96596645736));
#4834 = CARTESIAN_POINT('',(-2.93436410639,-21.98742247878));
#4835 = CARTESIAN_POINT('',(-2.965007935737,-21.99877102287));
#4836 = CARTESIAN_POINT('',(-3.049033374108,-22.00192889801));
#4837 = CARTESIAN_POINT('',(-3.101771450232,-21.97319007657));
#4838 = CARTESIAN_POINT('',(-3.153746775231,-21.91484516795));
#4839 = CARTESIAN_POINT('',(-3.204757043251,-21.82889203236));
#4840 = CARTESIAN_POINT('',(-3.254580245606,-21.71816880902));
#4841 = CARTESIAN_POINT('',(-3.302963252448,-21.58633168936));
#4842 = CARTESIAN_POINT('',(-3.349605880246,-21.43783174478));
#4843 = CARTESIAN_POINT('',(-3.418422036925,-21.1906861726));
#4844 = CARTESIAN_POINT('',(-3.442252613124,-21.09944948324));
#4845 = CARTESIAN_POINT('',(-3.465651164454,-21.00460146114));
#4846 = CARTESIAN_POINT('',(-3.48863644774,-20.90652390834));
#4847 = CARTESIAN_POINT('',(-3.511227165889,-20.80556122109));
#4848 = CARTESIAN_POINT('',(-3.533442147932,-20.70202190235));
#4849 = CARTESIAN_POINT('',(-3.555300529063,-20.59618007428));
#4850 = CARTESIAN_POINT('',(-3.640811415669,-20.16744924633));
#4851 = CARTESIAN_POINT('',(-3.702040269141,-19.82730390019));
#4852 = CARTESIAN_POINT('',(-3.760880958552,-19.47450075687));
#4853 = CARTESIAN_POINT('',(-3.817696327812,-19.11393583304));
#4854 = CARTESIAN_POINT('',(-3.872857413074,-18.74911564536));
#4855 = CARTESIAN_POINT('',(-3.926768628794,-18.38256599369));
#4856 = CARTESIAN_POINT('',(-3.979871044847,-18.01621516911));
#4857 = CARTESIAN_POINT('',(-4.077192870163,-17.34664366751));
#4858 = CARTESIAN_POINT('',(-4.120765712396,-17.04758060526));
#4859 = CARTESIAN_POINT('',(-4.164176825969,-16.75411917928));
#4860 = CARTESIAN_POINT('',(-4.207970382952,-16.46654754474));
#4861 = CARTESIAN_POINT('',(-4.25245649633,-16.18834139091));
#4862 = CARTESIAN_POINT('',(-4.297760780988,-15.92690784299));
#4863 = CARTESIAN_POINT('',(-4.343953131677,-15.69360324838));
#4864 = CARTESIAN_POINT('',(-4.412664061246,-15.41507496766));
#4865 = CARTESIAN_POINT('',(-4.434517453808,-15.33589119054));
#4866 = CARTESIAN_POINT('',(-4.456701649131,-15.26645773894));
#4867 = CARTESIAN_POINT('',(-4.479123793523,-15.20866310531));
#4868 = CARTESIAN_POINT('',(-4.501729557626,-15.16401384083));
#4869 = CARTESIAN_POINT('',(-4.524494170554,-15.13363034445));
#4870 = CARTESIAN_POINT('',(-4.547413035352,-15.11825205639));
#4871 = CARTESIAN_POINT('',(-4.584782939651,-15.11825205639));
#4872 = CARTESIAN_POINT('',(-4.599053725032,-15.12414868843));
#4873 = CARTESIAN_POINT('',(-4.613292616878,-15.13591282551));
#4874 = CARTESIAN_POINT('',(-4.627486938305,-15.15343066799));
#4875 = CARTESIAN_POINT('',(-4.641621576489,-15.17650207147));
#4876 = CARTESIAN_POINT('',(-4.655677492302,-15.20483952649));
#4877 = CARTESIAN_POINT('',(-4.669630163683,-15.23806778997));
#4878 = CARTESIAN_POINT('',(-4.703623909566,-15.33070782281));
#4879 = CARTESIAN_POINT('',(-4.723516984069,-15.39514497066));
#4880 = CARTESIAN_POINT('',(-4.743160919496,-15.46796355632));
#4881 = CARTESIAN_POINT('',(-4.762578782947,-15.54812500921));
#4882 = CARTESIAN_POINT('',(-4.781785338138,-15.63464057001));
#4883 = CARTESIAN_POINT('',(-4.800789373083,-15.72658524011));
#4884 = CARTESIAN_POINT('',(-4.819595992705,-15.82310935437));
#4885 = CARTESIAN_POINT('',(-4.873096089418,-16.11151793308));
#4886 = CARTESIAN_POINT('',(-4.907569236324,-16.31442629673));
#4887 = CARTESIAN_POINT('',(-4.941680161732,-16.52773555491));
#4888 = CARTESIAN_POINT('',(-4.975487957391,-16.74800203416));
#4889 = CARTESIAN_POINT('',(-5.009084497411,-16.97292364065));
#4890 = CARTESIAN_POINT('',(-5.042612268489,-17.20124057868));
#4891 = CARTESIAN_POINT('',(-5.076269365096,-17.43247566933));
#4892 = CARTESIAN_POINT('',(-5.160545999237,-18.01234497787));
#4893 = CARTESIAN_POINT('',(-5.211092917806,-18.36088441889));
#4894 = CARTESIAN_POINT('',(-5.262367941253,-18.70972361496));
#4895 = CARTESIAN_POINT('',(-5.314745391718,-19.05709153755));
#4896 = CARTESIAN_POINT('',(-5.368570385182,-19.40080165059));
#4897 = CARTESIAN_POINT('',(-5.424162282508,-19.7379156059));
#4898 = CARTESIAN_POINT('',(-5.481833064123,-20.06441928964));
#4899 = CARTESIAN_POINT('',(-5.562885752606,-20.48340280096));
#4900 = CARTESIAN_POINT('',(-5.584183146498,-20.59003025569));
#4901 = CARTESIAN_POINT('',(-5.605813201107,-20.69460091421));
#4902 = CARTESIAN_POINT('',(-5.627795224558,-20.79687487766));
#4903 = CARTESIAN_POINT('',(-5.650147881778,-20.89657844332));
#4904 = CARTESIAN_POINT('',(-5.672889637915,-20.99340381358));
#4905 = CARTESIAN_POINT('',(-5.696039201758,-21.08700880475));
#4906 = CARTESIAN_POINT('',(-5.751682973216,-21.29943702508));
#4907 = CARTESIAN_POINT('',(-5.78465617485,-21.41564537171));
#4908 = CARTESIAN_POINT('',(-5.818488145306,-21.52420102377));
#4909 = CARTESIAN_POINT('',(-5.853139394191,-21.62370817833));
#4910 = CARTESIAN_POINT('',(-5.888577762133,-21.71281768267));
#4911 = CARTESIAN_POINT('',(-5.924777813453,-21.79022891543));
#4912 = CARTESIAN_POINT('',(-5.961720228831,-21.85469166763));
#4913 = CARTESIAN_POINT('',(-5.999391197971,-21.90500802383));
#4914 = ( GEOMETRIC_REPRESENTATION_CONTEXT(2) 
PARAMETRIC_REPRESENTATION_CONTEXT() REPRESENTATION_CONTEXT('2D SPACE',''
  ) );
#4915 = ORIENTED_EDGE('',*,*,#1289,.F.);
#4916 = ADVANCED_FACE('',(#4917),#1439,.F.);
#4917 = FACE_BOUND('',#4918,.T.);
#4918 = EDGE_LOOP('',(#4919,#4920,#4921,#5193,#5442));
#4919 = ORIENTED_EDGE('',*,*,#4415,.F.);
#4920 = ORIENTED_EDGE('',*,*,#1425,.T.);
#4921 = ORIENTED_EDGE('',*,*,#4922,.T.);
#4922 = EDGE_CURVE('',#1394,#4923,#4925,.T.);
#4923 = VERTEX_POINT('',#4924);
#4924 = CARTESIAN_POINT('',(79.2,-2.694222958124E-15,34.95460394727));
#4925 = SURFACE_CURVE('',#4926,(#5013,#5103),.PCURVE_S1.);
#4926 = B_SPLINE_CURVE_WITH_KNOTS('',8,(#4927,#4928,#4929,#4930,#4931,
    #4932,#4933,#4934,#4935,#4936,#4937,#4938,#4939,#4940,#4941,#4942,
    #4943,#4944,#4945,#4946,#4947,#4948,#4949,#4950,#4951,#4952,#4953,
    #4954,#4955,#4956,#4957,#4958,#4959,#4960,#4961,#4962,#4963,#4964,
    #4965,#4966,#4967,#4968,#4969,#4970,#4971,#4972,#4973,#4974,#4975,
    #4976,#4977,#4978,#4979,#4980,#4981,#4982,#4983,#4984,#4985,#4986,
    #4987,#4988,#4989,#4990,#4991,#4992,#4993,#4994,#4995,#4996,#4997,
    #4998,#4999,#5000,#5001,#5002,#5003,#5004,#5005,#5006,#5007,#5008,
    #5009,#5010,#5011,#5012),.UNSPECIFIED.,.F.,.F.,(9,7,7,7,7,7,7,7,7,7,
    7,7,9),(0.,7.562516240821E-02,0.189368133864,0.283297312477,
    0.389050819327,0.42069772704,0.483136831969,0.521409506941,
    0.596714878761,0.682361937251,0.846138079507,0.940477121189,1.),
  .UNSPECIFIED.);
#4927 = CARTESIAN_POINT('',(58.902515164656,-1.442497833621,
    35.049595923431));
#4928 = CARTESIAN_POINT('',(58.958252004424,-1.832655711993,
    35.101205412675));
#4929 = CARTESIAN_POINT('',(59.03009635568,-2.212501486509,
    35.167683111541));
#4930 = CARTESIAN_POINT('',(59.116692197084,-2.581211970063,
    35.247725820993));
#4931 = CARTESIAN_POINT('',(59.216648696336,-2.938057159946,
    35.339983009426));
#4932 = CARTESIAN_POINT('',(59.328536078478,-3.282395425444,
    35.443058708365));
#4933 = CARTESIAN_POINT('',(59.450881494208,-3.613668695441,
    35.555513408171));
#4934 = CARTESIAN_POINT('',(59.582164888176,-3.931397646015,
    35.675865953745));
#4935 = CARTESIAN_POINT('',(59.929349435886,-4.692071822934,
    35.993201158023));
#4936 = CARTESIAN_POINT('',(60.15581039397,-5.120176277329,
    36.199385951661));
#4937 = CARTESIAN_POINT('',(60.396765515793,-5.520864218008,
    36.417711893745));
#4938 = CARTESIAN_POINT('',(60.649524229276,-5.89574633093,
    36.645408308274));
#4939 = CARTESIAN_POINT('',(60.912072231157,-6.246568288441,
    36.880316281559));
#4940 = CARTESIAN_POINT('',(61.183025130819,-6.575121542374,
    37.120825356584));
#4941 = CARTESIAN_POINT('',(61.461601122802,-6.883166643018,
    37.365802410798));
#4942 = CARTESIAN_POINT('',(61.983801623896,-7.411193051601,
    37.819898197529));
#4943 = CARTESIAN_POINT('',(62.224846584416,-7.636949656227,
    38.027642083812));
#4944 = CARTESIAN_POINT('',(62.470286522796,-7.850274901439,
    38.237027481966));
#4945 = CARTESIAN_POINT('',(62.719824308432,-8.051776757907,
    38.447433719649));
#4946 = CARTESIAN_POINT('',(62.973302908097,-8.242014739965,
    38.65830410089));
#4947 = CARTESIAN_POINT('',(63.230689270466,-8.421484225418,
    38.869101943059));
#4948 = CARTESIAN_POINT('',(63.492065913927,-8.590605518548,
    39.079254896314));
#4949 = CARTESIAN_POINT('',(64.056625235379,-8.928859716379,
    39.523209211995));
#4950 = CARTESIAN_POINT('',(64.359332306951,-9.094357169159,
    39.755400692057));
#4951 = CARTESIAN_POINT('',(64.667093960168,-9.247625036678,
    39.984642592871));
#4952 = CARTESIAN_POINT('',(64.981190907184,-9.389431872955,
    40.210457190508));
#4953 = CARTESIAN_POINT('',(65.302547140647,-9.51993042691,
    40.431566833176));
#4954 = CARTESIAN_POINT('',(65.631645227536,-9.638847539518,
    40.64562849157));
#4955 = CARTESIAN_POINT('',(65.968620724789,-9.745693965542,
    40.849134120291));
#4956 = CARTESIAN_POINT('',(66.416711709632,-9.868032594974,
    41.093955186384));
#4957 = CARTESIAN_POINT('',(66.520776247277,-9.895115019576,
    41.149075588887));
#4958 = CARTESIAN_POINT('',(66.625722086572,-9.921085355617,
    41.202810825867));
#4959 = CARTESIAN_POINT('',(66.731573316031,-9.945924372908,
    41.255032856672));
#4960 = CARTESIAN_POINT('',(66.83835427984,-9.969610339419,
    41.305602475828));
#4961 = CARTESIAN_POINT('',(66.946089577858,-9.992119021279,
    41.354369313035));
#4962 = CARTESIAN_POINT('',(67.054804065618,-10.01342368277,
    41.40117183317));
#4963 = CARTESIAN_POINT('',(67.380997178531,-10.07309581084,
    41.533962029578));
#4964 = CARTESIAN_POINT('',(67.603272336518,-10.10824192725,
    41.614538426517));
#4965 = CARTESIAN_POINT('',(67.829832685454,-10.13822339793,
    41.685246005477));
#4966 = CARTESIAN_POINT('',(68.059586653845,-10.16261219143,
    41.744139473693));
#4967 = CARTESIAN_POINT('',(68.291812640899,-10.18115017651,
    41.789663488333));
#4968 = CARTESIAN_POINT('',(68.52608633898,-10.19366300736,
    41.820657667459));
#4969 = CARTESIAN_POINT('',(68.762189479181,-10.2,41.836351890875));
#4970 = CARTESIAN_POINT('',(69.145768341466,-10.2,41.836351890875));
#4971 = CARTESIAN_POINT('',(69.291330367044,-10.19761921699,
    41.830455258837));
#4972 = CARTESIAN_POINT('',(69.436521659967,-10.19286948381,
    41.818691121753));
#4973 = CARTESIAN_POINT('',(69.581168209511,-10.18577443747,
    41.801173279274));
#4974 = CARTESIAN_POINT('',(69.725072311584,-10.17637104851,
    41.778101875795));
#4975 = CARTESIAN_POINT('',(69.867998529045,-10.16471419568,
    41.749764420772));
#4976 = CARTESIAN_POINT('',(70.00965971177,-10.15088428596,
    41.716536157296));
#4977 = CARTESIAN_POINT('',(70.42525260773,-10.1037398825,
    41.604787033119));
#4978 = CARTESIAN_POINT('',(70.694356731737,-10.06454152615,
    41.513600080516));
#4979 = CARTESIAN_POINT('',(70.957700647201,-10.01792547698,
    41.407980816081));
#4980 = CARTESIAN_POINT('',(71.2156616322,-9.964290172501,
    41.290426476832));
#4981 = CARTESIAN_POINT('',(71.468442621973,-9.903981686348,
    41.163182347105));
#4982 = CARTESIAN_POINT('',(71.716188588979,-9.837318539022,
    41.028177988653));
#4983 = CARTESIAN_POINT('',(71.95908572522,-9.76456949474,
    40.886986995563));
#4984 = CARTESIAN_POINT('',(72.468534791447,-9.596393362319,
    40.574559103288));
#4985 = CARTESIAN_POINT('',(72.734830588196,-9.498869193413,
    40.401198242292));
#4986 = CARTESIAN_POINT('',(72.996383333873,-9.39353460702,
    40.222600635432));
#4987 = CARTESIAN_POINT('',(73.25334395571,-9.280532632668,
    40.040205171652));
#4988 = CARTESIAN_POINT('',(73.505990311233,-9.159889291058,
    39.85502678503));
#4989 = CARTESIAN_POINT('',(73.754727383217,-9.031463233892,
    39.66771465789));
#4990 = CARTESIAN_POINT('',(74.000052318363,-8.894905566801,
    39.47864099732));
#4991 = CARTESIAN_POINT('',(74.70604806884,-8.471898303906,
    38.923460513147));
#4992 = CARTESIAN_POINT('',(75.155433446532,-8.164496767607,
    38.556015176722));
#4993 = CARTESIAN_POINT('',(75.592894368818,-7.825333696746,
    38.188465836824));
#4994 = CARTESIAN_POINT('',(76.019096335607,-7.451372550638,
    37.822736932974));
#4995 = CARTESIAN_POINT('',(76.433249400383,-7.038985071682,
    37.461382480651));
#4996 = CARTESIAN_POINT('',(76.832897749752,-6.584230114475,
    37.107967981293));
#4997 = CARTESIAN_POINT('',(77.213826140844,-6.083063351532,
    36.767483650433));
#4998 = CARTESIAN_POINT('',(77.774695506824,-5.214172364368,
    36.261957384013));
#4999 = CARTESIAN_POINT('',(77.97215903185,-4.878746277862,
    36.083030641919));
#5000 = CARTESIAN_POINT('',(78.160650037203,-4.52472041197,
    35.911439060253));
#5001 = CARTESIAN_POINT('',(78.338476862887,-4.151416459835,
    35.748902321992));
#5002 = CARTESIAN_POINT('',(78.503685896319,-3.758262620407,
    35.597380062429));
#5003 = CARTESIAN_POINT('',(78.65404597302,-3.344833518996,
    35.459086334989));
#5004 = CARTESIAN_POINT('',(78.787030234033,-2.910891656423,
    35.336502190641));
#5005 = CARTESIAN_POINT('',(78.970944240944,-2.169689684328,
    35.166694869161));
#5006 = CARTESIAN_POINT('',(79.034082022842,-1.874626170637,
    35.108319981505));
#5007 = CARTESIAN_POINT('',(79.088170114379,-1.572467926781,
    35.058255118463));
#5008 = CARTESIAN_POINT('',(79.132362957898,-1.264472621603,
    35.017313095923));
#5009 = CARTESIAN_POINT('',(79.166007579481,-0.951921980699,
    34.98612426069));
#5010 = CARTESIAN_POINT('',(79.188643058972,-0.636116255424,
    34.965134616038));
#5011 = CARTESIAN_POINT('',(79.2,-0.318368691896,34.95460394727));
#5012 = CARTESIAN_POINT('',(79.2,-3.552713678801E-15,34.95460394727));
#5013 = PCURVE('',#1439,#5014);
#5014 = DEFINITIONAL_REPRESENTATION('',(#5015),#5102);
#5015 = B_SPLINE_CURVE_WITH_KNOTS('',8,(#5016,#5017,#5018,#5019,#5020,
    #5021,#5022,#5023,#5024,#5025,#5026,#5027,#5028,#5029,#5030,#5031,
    #5032,#5033,#5034,#5035,#5036,#5037,#5038,#5039,#5040,#5041,#5042,
    #5043,#5044,#5045,#5046,#5047,#5048,#5049,#5050,#5051,#5052,#5053,
    #5054,#5055,#5056,#5057,#5058,#5059,#5060,#5061,#5062,#5063,#5064,
    #5065,#5066,#5067,#5068,#5069,#5070,#5071,#5072,#5073,#5074,#5075,
    #5076,#5077,#5078,#5079,#5080,#5081,#5082,#5083,#5084,#5085,#5086,
    #5087,#5088,#5089,#5090,#5091,#5092,#5093,#5094,#5095,#5096,#5097,
    #5098,#5099,#5100,#5101),.UNSPECIFIED.,.F.,.F.,(9,7,7,7,7,7,7,7,7,7,
    7,7,9),(0.,7.562516240821E-02,0.189368133864,0.283297312477,
    0.389050819327,0.42069772704,0.483136831969,0.521409506941,
    0.596714878761,0.682361937251,0.846138079507,0.940477121189,1.),
  .UNSPECIFIED.);
#5016 = CARTESIAN_POINT('',(0.,-31.74959592343));
#5017 = CARTESIAN_POINT('',(-3.863911506025E-02,-31.80120541267));
#5018 = CARTESIAN_POINT('',(-7.650077928998E-02,-31.86768311154));
#5019 = CARTESIAN_POINT('',(-0.11357403376,-31.94772582099));
#5020 = CARTESIAN_POINT('',(-0.149841942512,-32.03998300942));
#5021 = CARTESIAN_POINT('',(-0.185281023447,-32.14305870836));
#5022 = CARTESIAN_POINT('',(-0.219860679213,-32.25551340817));
#5023 = CARTESIAN_POINT('',(-0.253542628086,-32.37586595374));
#5024 = CARTESIAN_POINT('',(-0.335519026449,-32.69320115802));
#5025 = CARTESIAN_POINT('',(-0.382919758544,-32.89938595166));
#5026 = CARTESIAN_POINT('',(-0.428646843956,-33.11771189374));
#5027 = CARTESIAN_POINT('',(-0.472860015312,-33.34540830827));
#5028 = CARTESIAN_POINT('',(-0.515720976179,-33.58031628155));
#5029 = CARTESIAN_POINT('',(-0.557399206184,-33.82082535658));
#5030 = CARTESIAN_POINT('',(-0.598077020135,-34.06580241079));
#5031 = CARTESIAN_POINT('',(-0.670884274611,-34.51989819752));
#5032 = CARTESIAN_POINT('',(-0.703238548819,-34.72764208381));
#5033 = CARTESIAN_POINT('',(-0.735083630085,-34.93702748196));
#5034 = CARTESIAN_POINT('',(-0.766487893849,-35.14743371964));
#5035 = CARTESIAN_POINT('',(-0.79752066951,-35.35830410089));
#5036 = CARTESIAN_POINT('',(-0.828252449334,-35.56910194305));
#5037 = CARTESIAN_POINT('',(-0.858755801457,-35.77925489631));
#5038 = CARTESIAN_POINT('',(-0.923278948788,-36.22320921199));
#5039 = CARTESIAN_POINT('',(-0.957075556358,-36.45540069205));
#5040 = CARTESIAN_POINT('',(-0.990741891606,-36.68464259287));
#5041 = CARTESIAN_POINT('',(-1.024479392772,-36.9104571905));
#5042 = CARTESIAN_POINT('',(-1.058432537712,-37.13156683317));
#5043 = CARTESIAN_POINT('',(-1.09269405114,-37.34562849157));
#5044 = CARTESIAN_POINT('',(-1.127323364923,-37.54913412029));
#5045 = CARTESIAN_POINT('',(-1.172861738557,-37.79395518638));
#5046 = CARTESIAN_POINT('',(-1.183403245245,-37.84907558888));
#5047 = CARTESIAN_POINT('',(-1.194001130585,-37.90281082586));
#5048 = CARTESIAN_POINT('',(-1.204659008069,-37.95503285667));
#5049 = CARTESIAN_POINT('',(-1.215380554695,-38.00560247582));
#5050 = CARTESIAN_POINT('',(-1.226169510975,-38.05436931303));
#5051 = CARTESIAN_POINT('',(-1.237029680927,-38.10117183317));
#5052 = CARTESIAN_POINT('',(-1.269540098294,-38.23396202957));
#5053 = CARTESIAN_POINT('',(-1.291596081346,-38.31453842651));
#5054 = CARTESIAN_POINT('',(-1.313989580539,-38.38524600547));
#5055 = CARTESIAN_POINT('',(-1.336625812564,-38.44413947369));
#5056 = CARTESIAN_POINT('',(-1.359449796027,-38.48966348833));
#5057 = CARTESIAN_POINT('',(-1.382437165521,-38.52065766745));
#5058 = CARTESIAN_POINT('',(-1.405584515248,-38.53635189087));
#5059 = CARTESIAN_POINT('',(-1.44319028606,-38.53635189087));
#5060 = CARTESIAN_POINT('',(-1.457461071442,-38.53045525883));
#5061 = CARTESIAN_POINT('',(-1.471699963289,-38.51869112175));
#5062 = CARTESIAN_POINT('',(-1.485894284716,-38.50117327927));
#5063 = CARTESIAN_POINT('',(-1.5000289229,-38.47810187579));
#5064 = CARTESIAN_POINT('',(-1.514084838712,-38.44976442077));
#5065 = CARTESIAN_POINT('',(-1.528037510092,-38.41653615729));
#5066 = CARTESIAN_POINT('',(-1.569043230986,-38.30478703311));
#5067 = CARTESIAN_POINT('',(-1.595691072406,-38.21360008051));
#5068 = CARTESIAN_POINT('',(-1.621890192921,-38.10798081608));
#5069 = CARTESIAN_POINT('',(-1.647698884745,-37.99042647683));
#5070 = CARTESIAN_POINT('',(-1.673155720867,-37.8631823471));
#5071 = CARTESIAN_POINT('',(-1.69829161904,-37.72817798865));
#5072 = CARTESIAN_POINT('',(-1.723140621714,-37.58698699556));
#5073 = CARTESIAN_POINT('',(-1.77573768442,-37.27455910328));
#5074 = CARTESIAN_POINT('',(-1.803526404834,-37.10119824229));
#5075 = CARTESIAN_POINT('',(-1.831146994526,-36.92260063543));
#5076 = CARTESIAN_POINT('',(-1.858640544454,-36.74020517165));
#5077 = CARTESIAN_POINT('',(-1.886062251748,-36.55502678503));
#5078 = CARTESIAN_POINT('',(-1.913484458646,-36.36771465789));
#5079 = CARTESIAN_POINT('',(-1.940997035041,-36.17864099732));
#5080 = CARTESIAN_POINT('',(-2.021685462344,-35.62346051314));
#5081 = CARTESIAN_POINT('',(-2.074967973226,-35.25601517672));
#5082 = CARTESIAN_POINT('',(-2.129074662446,-34.88846583682));
#5083 = CARTESIAN_POINT('',(-2.184452167637,-34.52273693297));
#5084 = CARTESIAN_POINT('',(-2.241509639733,-34.16138248065));
#5085 = CARTESIAN_POINT('',(-2.300622213625,-33.80796798129));
#5086 = CARTESIAN_POINT('',(-2.362156719916,-33.46748365043));
#5087 = CARTESIAN_POINT('',(-2.463547755951,-32.96195738401));
#5088 = CARTESIAN_POINT('',(-2.501675617605,-32.78303064191));
#5089 = CARTESIAN_POINT('',(-2.540935908219,-32.61143906025));
#5090 = CARTESIAN_POINT('',(-2.581391123342,-32.44890232199));
#5091 = CARTESIAN_POINT('',(-2.623104375759,-32.29738006242));
#5092 = CARTESIAN_POINT('',(-2.666141097368,-32.15908633498));
#5093 = CARTESIAN_POINT('',(-2.710572138685,-32.03650219064));
#5094 = CARTESIAN_POINT('',(-2.785442571774,-31.86669486916));
#5095 = CARTESIAN_POINT('',(-2.815009711468,-31.8083199815));
#5096 = CARTESIAN_POINT('',(-2.845075229884,-31.75825511846));
#5097 = CARTESIAN_POINT('',(-2.875543084374,-31.71731309592));
#5098 = CARTESIAN_POINT('',(-2.906323576077,-31.68612426069));
#5099 = CARTESIAN_POINT('',(-2.937331281172,-31.66513461603));
#5100 = CARTESIAN_POINT('',(-2.968482982133,-31.65460394727));
#5101 = CARTESIAN_POINT('',(-2.999695598986,-31.65460394727));
#5102 = ( GEOMETRIC_REPRESENTATION_CONTEXT(2) 
PARAMETRIC_REPRESENTATION_CONTEXT() REPRESENTATION_CONTEXT('2D SPACE',''
  ) );
#5103 = PCURVE('',#1410,#5104);
#5104 = DEFINITIONAL_REPRESENTATION('',(#5105),#5192);
#5105 = B_SPLINE_CURVE_WITH_KNOTS('',8,(#5106,#5107,#5108,#5109,#5110,
    #5111,#5112,#5113,#5114,#5115,#5116,#5117,#5118,#5119,#5120,#5121,
    #5122,#5123,#5124,#5125,#5126,#5127,#5128,#5129,#5130,#5131,#5132,
    #5133,#5134,#5135,#5136,#5137,#5138,#5139,#5140,#5141,#5142,#5143,
    #5144,#5145,#5146,#5147,#5148,#5149,#5150,#5151,#5152,#5153,#5154,
    #5155,#5156,#5157,#5158,#5159,#5160,#5161,#5162,#5163,#5164,#5165,
    #5166,#5167,#5168,#5169,#5170,#5171,#5172,#5173,#5174,#5175,#5176,
    #5177,#5178,#5179,#5180,#5181,#5182,#5183,#5184,#5185,#5186,#5187,
    #5188,#5189,#5190,#5191),.UNSPECIFIED.,.F.,.F.,(9,7,7,7,7,7,7,7,7,7,
    7,7,9),(0.,7.562516240821E-02,0.189368133864,0.283297312477,
    0.389050819327,0.42069772704,0.483136831969,0.521409506941,
    0.596714878761,0.682361937251,0.846138079507,0.940477121189,1.),
  .UNSPECIFIED.);
#5106 = CARTESIAN_POINT('',(6.151670350404,0.902515164656));
#5107 = CARTESIAN_POINT('',(6.115892487837,0.958252004424));
#5108 = CARTESIAN_POINT('',(6.080866746744,1.03009635568));
#5109 = CARTESIAN_POINT('',(6.04661305709,1.116692197084));
#5110 = CARTESIAN_POINT('',(6.013155839395,1.216648696335));
#5111 = CARTESIAN_POINT('',(5.980524411747,1.328536078478));
#5112 = CARTESIAN_POINT('',(5.948753396813,1.450881494208));
#5113 = CARTESIAN_POINT('',(5.917883128855,1.582164888176));
#5114 = CARTESIAN_POINT('',(5.842954687218,1.929349435886));
#5115 = CARTESIAN_POINT('',(5.799819534976,2.15581039397));
#5116 = CARTESIAN_POINT('',(5.758420922212,2.396765515793));
#5117 = CARTESIAN_POINT('',(5.718629948919,2.649524229276));
#5118 = CARTESIAN_POINT('',(5.680317484274,2.912072231157));
#5119 = CARTESIAN_POINT('',(5.643351680143,3.183025130819));
#5120 = CARTESIAN_POINT('',(5.607598010736,3.461601122802));
#5121 = CARTESIAN_POINT('',(5.544286184279,3.983801623896));
#5122 = CARTESIAN_POINT('',(5.516411425038,4.224846584416));
#5123 = CARTESIAN_POINT('',(5.489260413093,4.470286522796));
#5124 = CARTESIAN_POINT('',(5.462800277251,4.719824308432));
#5125 = CARTESIAN_POINT('',(5.437003819594,4.973302908097));
#5126 = CARTESIAN_POINT('',(5.411852034557,5.230689270466));
#5127 = CARTESIAN_POINT('',(5.387337750185,5.492065913927));
#5128 = CARTESIAN_POINT('',(5.33659847686,6.056625235379));
#5129 = CARTESIAN_POINT('',(5.310690220633,6.359332306951));
#5130 = CARTESIAN_POINT('',(5.285639377813,6.667093960168));
#5131 = CARTESIAN_POINT('',(5.261417797075,6.981190907184));
#5132 = CARTESIAN_POINT('',(5.23809348263,7.302547140647));
#5133 = CARTESIAN_POINT('',(5.215842720275,7.631645227536));
#5134 = CARTESIAN_POINT('',(5.194951516922,7.968620724789));
#5135 = CARTESIAN_POINT('',(5.170070960164,8.416711709632));
#5136 = CARTESIAN_POINT('',(5.164487969385,8.520776247277));
#5137 = CARTESIAN_POINT('',(5.159062524634,8.625722086572));
#5138 = CARTESIAN_POINT('',(5.153805596116,8.731573316031));
#5139 = CARTESIAN_POINT('',(5.148729230136,8.83835427984));
#5140 = CARTESIAN_POINT('',(5.143846549103,8.946089577858));
#5141 = CARTESIAN_POINT('',(5.139171751526,9.054804065618));
#5142 = CARTESIAN_POINT('',(5.125937061594,9.380997178531));
#5143 = CARTESIAN_POINT('',(5.117945942266,9.603272336518));
#5144 = CARTESIAN_POINT('',(5.110964484101,9.829832685454));
#5145 = CARTESIAN_POINT('',(5.105169885758,10.059586653845));
#5146 = CARTESIAN_POINT('',(5.100701411419,10.291812640899));
#5147 = CARTESIAN_POINT('',(5.097662745244,10.52608633898));
#5148 = CARTESIAN_POINT('',(5.096124103356,10.762189479181));
#5149 = CARTESIAN_POINT('',(5.096124103356,11.145768341466));
#5150 = CARTESIAN_POINT('',(5.096702204288,11.291330367044));
#5151 = CARTESIAN_POINT('',(5.097855551725,11.436521659967));
#5152 = CARTESIAN_POINT('',(5.099573742445,11.581168209511));
#5153 = CARTESIAN_POINT('',(5.101838648177,11.725072311584));
#5154 = CARTESIAN_POINT('',(5.104624196149,11.867998529045));
#5155 = CARTESIAN_POINT('',(5.107896106427,12.00965971177));
#5156 = CARTESIAN_POINT('',(5.11892216929,12.42525260773));
#5157 = CARTESIAN_POINT('',(5.127945171662,12.694356731737));
#5158 = CARTESIAN_POINT('',(5.138439673689,12.957700647201));
#5159 = CARTESIAN_POINT('',(5.150184321763,13.2156616322));
#5160 = CARTESIAN_POINT('',(5.162982537147,13.468442621973));
#5161 = CARTESIAN_POINT('',(5.176667077272,13.716188588979));
#5162 = CARTESIAN_POINT('',(5.191103949347,13.95908572522));
#5163 = CARTESIAN_POINT('',(5.223359950056,14.468534791447));
#5164 = CARTESIAN_POINT('',(5.241439490945,14.734830588196));
#5165 = CARTESIAN_POINT('',(5.260282463087,14.996383333874));
#5166 = CARTESIAN_POINT('',(5.279778724805,15.25334395571));
#5167 = CARTESIAN_POINT('',(5.29985980843,15.505990311232));
#5168 = CARTESIAN_POINT('',(5.320496089365,15.754727383218));
#5169 = CARTESIAN_POINT('',(5.341691990825,16.000052318363));
#5170 = CARTESIAN_POINT('',(5.40514370439,16.70604806884));
#5171 = CARTESIAN_POINT('',(5.448650664267,17.155433446531));
#5172 = CARTESIAN_POINT('',(5.494025309811,17.592894368822));
#5173 = CARTESIAN_POINT('',(5.541446805095,18.019096335602));
#5174 = CARTESIAN_POINT('',(5.591131551104,18.433249400385));
#5175 = CARTESIAN_POINT('',(5.643319217959,18.832897749751));
#5176 = CARTESIAN_POINT('',(5.698265544016,19.213826140844));
#5177 = CARTESIAN_POINT('',(5.789651943424,19.774695506824));
#5178 = CARTESIAN_POINT('',(5.82418888816,19.97215903185));
#5179 = CARTESIAN_POINT('',(5.859908743151,20.160650037203));
#5180 = CARTESIAN_POINT('',(5.896859301218,20.338476862887));
#5181 = CARTESIAN_POINT('',(5.935088993625,20.503685896319));
#5182 = CARTESIAN_POINT('',(5.97464783334,20.65404597302));
#5183 = CARTESIAN_POINT('',(6.015589490115,20.787030234033));
#5184 = CARTESIAN_POINT('',(6.084717165134,20.970944240944));
#5185 = CARTESIAN_POINT('',(6.112048849585,21.034082022842));
#5186 = CARTESIAN_POINT('',(6.139869571543,21.088170114379));
#5187 = CARTESIAN_POINT('',(6.168086038689,21.132362957898));
#5188 = CARTESIAN_POINT('',(6.196609998319,21.166007579481));
#5189 = CARTESIAN_POINT('',(6.225356590099,21.188643058972));
#5190 = CARTESIAN_POINT('',(6.254242698825,21.2));
#5191 = CARTESIAN_POINT('',(6.28318530718,21.2));
#5192 = ( GEOMETRIC_REPRESENTATION_CONTEXT(2) 
PARAMETRIC_REPRESENTATION_CONTEXT() REPRESENTATION_CONTEXT('2D SPACE',''
  ) );
#5193 = ORIENTED_EDGE('',*,*,#5194,.T.);
#5194 = EDGE_CURVE('',#4923,#1751,#5195,.T.);
#5195 = SURFACE_CURVE('',#5196,(#5276,#5359),.PCURVE_S1.);
#5196 = B_SPLINE_CURVE_WITH_KNOTS('',8,(#5197,#5198,#5199,#5200,#5201,
    #5202,#5203,#5204,#5205,#5206,#5207,#5208,#5209,#5210,#5211,#5212,
    #5213,#5214,#5215,#5216,#5217,#5218,#5219,#5220,#5221,#5222,#5223,
    #5224,#5225,#5226,#5227,#5228,#5229,#5230,#5231,#5232,#5233,#5234,
    #5235,#5236,#5237,#5238,#5239,#5240,#5241,#5242,#5243,#5244,#5245,
    #5246,#5247,#5248,#5249,#5250,#5251,#5252,#5253,#5254,#5255,#5256,
    #5257,#5258,#5259,#5260,#5261,#5262,#5263,#5264,#5265,#5266,#5267,
    #5268,#5269,#5270,#5271,#5272,#5273,#5274,#5275),.UNSPECIFIED.,.F.,
  .F.,(9,7,7,7,7,7,7,7,7,7,7,9),(0.,9.961866188204E-02,0.154434556076,
    0.317418405858,0.454795215815,0.516861344965,0.555294210859,
    0.611411647187,0.716595829998,0.871926198932,0.926192222563,1.),
  .UNSPECIFIED.);
#5197 = CARTESIAN_POINT('',(79.2,-1.33226762955E-15,34.95460394727));
#5198 = CARTESIAN_POINT('',(79.2,0.538586341769,34.95460394727));
#5199 = CARTESIAN_POINT('',(79.16749891465,1.071159852668,
    34.984741611527));
#5200 = CARTESIAN_POINT('',(79.103764832408,1.593595262633,
    35.043839727862));
#5201 = CARTESIAN_POINT('',(79.010866373261,2.101848432892,
    35.129906982148));
#5202 = CARTESIAN_POINT('',(78.891659177503,2.592068048242,
    35.240158399274));
#5203 = CARTESIAN_POINT('',(78.74978951474,3.060656098054,
    35.371036531124));
#5204 = CARTESIAN_POINT('',(78.589715013139,3.504277146026,
    35.518233391556));
#5205 = CARTESIAN_POINT('',(78.321563128756,4.148469883171,
    35.763917773252));
#5206 = CARTESIAN_POINT('',(78.22180650418,4.370234897559,
    35.855154464914));
#5207 = CARTESIAN_POINT('',(78.117895946497,4.585256941722,
    35.950002487594));
#5208 = CARTESIAN_POINT('',(78.010212280708,4.793697912202,
    36.048080038876));
#5209 = CARTESIAN_POINT('',(77.899095115525,4.99573324724,36.14904272466
    ));
#5210 = CARTESIAN_POINT('',(77.784844113392,5.191549081809,
    36.252582044096));
#5211 = CARTESIAN_POINT('',(77.667720260509,5.381339402667,
    36.358423874534));
#5212 = CARTESIAN_POINT('',(77.19182625107,6.112281938367,
    36.787154700939));
#5213 = CARTESIAN_POINT('',(76.811067989864,6.609619295557,
    37.127300047067));
#5214 = CARTESIAN_POINT('',(76.411862412111,7.061020490499,
    37.480103190411));
#5215 = CARTESIAN_POINT('',(75.998323873195,7.470477766839,
    37.840668114204));
#5216 = CARTESIAN_POINT('',(75.572841483081,7.841872705893,
    38.20548830193));
#5217 = CARTESIAN_POINT('',(75.136171144986,8.178772110594,
    38.572037953553));
#5218 = CARTESIAN_POINT('',(74.687642860184,8.484154027756,
    38.938388778164));
#5219 = CARTESIAN_POINT('',(73.835095404601,8.992663237611,
    39.607960279759));
#5220 = CARTESIAN_POINT('',(73.441562431173,9.200496129293,
    39.907023341992));
#5221 = CARTESIAN_POINT('',(73.039663349832,9.388411329084,
    40.200484767983));
#5222 = CARTESIAN_POINT('',(72.625352020405,9.55823684884,
    40.488056402534));
#5223 = CARTESIAN_POINT('',(72.196322850688,9.709607750141,
    40.766262556348));
#5224 = CARTESIAN_POINT('',(71.752156875261,9.840913563083,
    41.027696104269));
#5225 = CARTESIAN_POINT('',(71.293195533951,9.950592955547,
    41.261000698892));
#5226 = CARTESIAN_POINT('',(70.603568384747,10.075521695211,
    41.539528978374));
#5227 = CARTESIAN_POINT('',(70.383283477632,10.110011078593,
    41.618712758121));
#5228 = CARTESIAN_POINT('',(70.158805027704,10.139424313791,
    41.688146208868));
#5229 = CARTESIAN_POINT('',(69.931201926266,10.163345750099,
    41.745940840921));
#5230 = CARTESIAN_POINT('',(69.701184787136,10.181524258026,
    41.790590105867));
#5231 = CARTESIAN_POINT('',(69.469177264375,10.193790595815,
    41.820973603624));
#5232 = CARTESIAN_POINT('',(69.235404685471,10.2,41.836351890875));
#5233 = CARTESIAN_POINT('',(68.854231658534,10.2,41.836351890875));
#5234 = CARTESIAN_POINT('',(68.708669632955,10.197619216991,
    41.830455258837));
#5235 = CARTESIAN_POINT('',(68.563478340034,10.192869483815,
    41.818691121753));
#5236 = CARTESIAN_POINT('',(68.41883179049,10.185774437477,
    41.801173279274));
#5237 = CARTESIAN_POINT('',(68.274927688416,10.176371048514,
    41.778101875795));
#5238 = CARTESIAN_POINT('',(68.132001470954,10.164714195684,
    41.749764420772));
#5239 = CARTESIAN_POINT('',(67.99034028823,10.150884285965,
    41.716536157296));
#5240 = CARTESIAN_POINT('',(67.645813744404,10.111801571741,
    41.62389612446));
#5241 = CARTESIAN_POINT('',(67.44473240602,10.084215470029,
    41.559458976608));
#5242 = CARTESIAN_POINT('',(67.246811317594,10.052446371965,
    41.486640390947));
#5243 = CARTESIAN_POINT('',(67.051907932734,10.016667618395,
    41.406478938051));
#5244 = CARTESIAN_POINT('',(66.859955656807,9.977039262039,
    41.319963377252));
#5245 = CARTESIAN_POINT('',(66.670940610821,9.933719925943,
    41.228018707154));
#5246 = CARTESIAN_POINT('',(66.484878251835,9.886870392143,
    41.131494592896));
#5247 = CARTESIAN_POINT('',(65.958616583256,9.742515888161,
    40.843086014183));
#5248 = CARTESIAN_POINT('',(65.623269663207,9.63581740431,
    40.640177650541));
#5249 = CARTESIAN_POINT('',(65.295718811817,9.517156520902,
    40.42686839235));
#5250 = CARTESIAN_POINT('',(64.975826398789,9.387011605555,
    40.206601913105));
#5251 = CARTESIAN_POINT('',(64.66311422113,9.24564684319,39.981680306617
    ));
#5252 = CARTESIAN_POINT('',(64.356673507728,9.092908267836,
    39.753363368588));
#5253 = CARTESIAN_POINT('',(64.055248320241,8.928039720592,
    39.522128277936));
#5254 = CARTESIAN_POINT('',(63.317857004563,8.486221364155,
    38.942258969394));
#5255 = CARTESIAN_POINT('',(62.89071731649,8.19598131145,38.593719528376
    ));
#5256 = CARTESIAN_POINT('',(62.474340657462,7.877164643041,
    38.244880332297));
#5257 = CARTESIAN_POINT('',(62.068187197956,7.527274038911,
    37.897512409716));
#5258 = CARTESIAN_POINT('',(61.67286219517,7.143325023393,
    37.553802296669));
#5259 = CARTESIAN_POINT('',(61.290269499474,6.722055304861,
    37.21668834137));
#5260 = CARTESIAN_POINT('',(60.923692012568,6.260082846672,
    36.890184657624));
#5261 = CARTESIAN_POINT('',(60.457298880409,5.577461273564,
    36.471201146306));
#5262 = CARTESIAN_POINT('',(60.338987864898,5.395199736836,
    36.364573691575));
#5263 = CARTESIAN_POINT('',(60.223303671082,5.207208234636,
    36.260003033051));
#5264 = CARTESIAN_POINT('',(60.110470173528,5.013290690349,
    36.157729069609));
#5265 = CARTESIAN_POINT('',(60.000749657524,4.813259160956,
    36.058025503943));
#5266 = CARTESIAN_POINT('',(59.89444263358,4.606933950662,
    35.961200133682));
#5267 = CARTESIAN_POINT('',(59.791887651926,4.394143724518,
    35.867595142513));
#5268 = CARTESIAN_POINT('',(59.559590173516,3.876292801853,
    35.655166922183));
#5269 = CARTESIAN_POINT('',(59.432872970789,3.564520016225,
    35.538958575555));
#5270 = CARTESIAN_POINT('',(59.31479941859,3.239831893549,
    35.430402923494));
#5271 = CARTESIAN_POINT('',(59.206803407298,2.902721152757,
    35.330895768939));
#5272 = CARTESIAN_POINT('',(59.110266437633,2.55375232257,
    35.241786264595));
#5273 = CARTESIAN_POINT('',(59.026521250365,2.193565460732,
    35.164375031839));
#5274 = CARTESIAN_POINT('',(58.956855456031,1.822879873247,
    35.099912279632));
#5275 = CARTESIAN_POINT('',(58.902515164656,1.442497833621,
    35.049595923431));
#5276 = PCURVE('',#1439,#5277);
#5277 = DEFINITIONAL_REPRESENTATION('',(#5278),#5358);
#5278 = B_SPLINE_CURVE_WITH_KNOTS('',8,(#5279,#5280,#5281,#5282,#5283,
    #5284,#5285,#5286,#5287,#5288,#5289,#5290,#5291,#5292,#5293,#5294,
    #5295,#5296,#5297,#5298,#5299,#5300,#5301,#5302,#5303,#5304,#5305,
    #5306,#5307,#5308,#5309,#5310,#5311,#5312,#5313,#5314,#5315,#5316,
    #5317,#5318,#5319,#5320,#5321,#5322,#5323,#5324,#5325,#5326,#5327,
    #5328,#5329,#5330,#5331,#5332,#5333,#5334,#5335,#5336,#5337,#5338,
    #5339,#5340,#5341,#5342,#5343,#5344,#5345,#5346,#5347,#5348,#5349,
    #5350,#5351,#5352,#5353,#5354,#5355,#5356,#5357),.UNSPECIFIED.,.F.,
  .F.,(9,7,7,7,7,7,7,7,7,7,7,9),(0.,9.961866188204E-02,0.154434556076,
    0.317418405858,0.454795215815,0.516861344965,0.555294210859,
    0.611411647187,0.716595829998,0.871926198932,0.926192222563,1.),
  .UNSPECIFIED.);
#5279 = CARTESIAN_POINT('',(-2.999695598986,-31.65460394727));
#5280 = CARTESIAN_POINT('',(-3.052498181512,-31.65460394727));
#5281 = CARTESIAN_POINT('',(-3.104711294615,-31.68474161152));
#5282 = CARTESIAN_POINT('',(-3.156154736322,-31.74383972786));
#5283 = CARTESIAN_POINT('',(-3.206635448227,-31.82990698214));
#5284 = CARTESIAN_POINT('',(-3.25594106079,-31.94015839927));
#5285 = CARTESIAN_POINT('',(-3.303829226277,-32.07103653112));
#5286 = CARTESIAN_POINT('',(-3.350012739311,-32.21823339155));
#5287 = CARTESIAN_POINT('',(-3.418422036531,-32.46391777325));
#5288 = CARTESIAN_POINT('',(-3.442252613306,-32.55515446491));
#5289 = CARTESIAN_POINT('',(-3.465651164823,-32.65000248759));
#5290 = CARTESIAN_POINT('',(-3.488636447776,-32.74808003887));
#5291 = CARTESIAN_POINT('',(-3.511227165561,-32.84904272466));
#5292 = CARTESIAN_POINT('',(-3.533442147717,-32.95258204409));
#5293 = CARTESIAN_POINT('',(-3.555300529372,-33.05842387453));
#5294 = CARTESIAN_POINT('',(-3.64081141567,-33.48715470093));
#5295 = CARTESIAN_POINT('',(-3.702040269138,-33.82730004706));
#5296 = CARTESIAN_POINT('',(-3.760880958556,-34.1801031904));
#5297 = CARTESIAN_POINT('',(-3.817696327808,-34.54066811421));
#5298 = CARTESIAN_POINT('',(-3.872857413078,-34.90548830192));
#5299 = CARTESIAN_POINT('',(-3.926768628791,-35.27203795355));
#5300 = CARTESIAN_POINT('',(-3.979871044848,-35.63838877816));
#5301 = CARTESIAN_POINT('',(-4.077192870164,-36.30796027975));
#5302 = CARTESIAN_POINT('',(-4.120765712395,-36.60702334199));
#5303 = CARTESIAN_POINT('',(-4.164176825967,-36.90048476798));
#5304 = CARTESIAN_POINT('',(-4.207970382956,-37.18805640253));
#5305 = CARTESIAN_POINT('',(-4.252456496329,-37.46626255634));
#5306 = CARTESIAN_POINT('',(-4.297760780987,-37.72769610426));
#5307 = CARTESIAN_POINT('',(-4.343953131678,-37.96100069889));
#5308 = CARTESIAN_POINT('',(-4.412664060943,-38.23952897837));
#5309 = CARTESIAN_POINT('',(-4.434517454351,-38.31871275812));
#5310 = CARTESIAN_POINT('',(-4.456701649123,-38.38814620886));
#5311 = CARTESIAN_POINT('',(-4.479123793009,-38.44594084092));
#5312 = CARTESIAN_POINT('',(-4.501729557624,-38.49059010586));
#5313 = CARTESIAN_POINT('',(-4.524494171103,-38.52097360362));
#5314 = CARTESIAN_POINT('',(-4.547413035048,-38.53635189087));
#5315 = CARTESIAN_POINT('',(-4.58478293965,-38.53635189087));
#5316 = CARTESIAN_POINT('',(-4.599053725032,-38.53045525883));
#5317 = CARTESIAN_POINT('',(-4.613292616879,-38.51869112175));
#5318 = CARTESIAN_POINT('',(-4.627486938306,-38.50117327927));
#5319 = CARTESIAN_POINT('',(-4.641621576489,-38.47810187579));
#5320 = CARTESIAN_POINT('',(-4.655677492302,-38.44976442077));
#5321 = CARTESIAN_POINT('',(-4.669630163682,-38.41653615729));
#5322 = CARTESIAN_POINT('',(-4.703623909566,-38.32389612446));
#5323 = CARTESIAN_POINT('',(-4.723516984069,-38.2594589766));
#5324 = CARTESIAN_POINT('',(-4.743160919496,-38.18664039094));
#5325 = CARTESIAN_POINT('',(-4.762578782947,-38.10647893805));
#5326 = CARTESIAN_POINT('',(-4.781785338138,-38.01996337725));
#5327 = CARTESIAN_POINT('',(-4.800789373083,-37.92801870715));
#5328 = CARTESIAN_POINT('',(-4.819595992705,-37.83149459289));
#5329 = CARTESIAN_POINT('',(-4.873096089418,-37.54308601418));
#5330 = CARTESIAN_POINT('',(-4.907569236324,-37.34017765054));
#5331 = CARTESIAN_POINT('',(-4.941680161732,-37.12686839235));
#5332 = CARTESIAN_POINT('',(-4.975487957392,-36.9066019131));
#5333 = CARTESIAN_POINT('',(-5.00908449741,-36.68168030661));
#5334 = CARTESIAN_POINT('',(-5.04261226849,-36.45336336858));
#5335 = CARTESIAN_POINT('',(-5.076269365096,-36.22212827793));
#5336 = CARTESIAN_POINT('',(-5.160545999238,-35.64225896939));
#5337 = CARTESIAN_POINT('',(-5.211092917805,-35.29371952837));
#5338 = CARTESIAN_POINT('',(-5.262367941255,-34.94488033229));
#5339 = CARTESIAN_POINT('',(-5.314745391715,-34.59751240971));
#5340 = CARTESIAN_POINT('',(-5.368570385184,-34.25380229666));
#5341 = CARTESIAN_POINT('',(-5.424162282507,-33.91668834137));
#5342 = CARTESIAN_POINT('',(-5.481833064124,-33.59018465762));
#5343 = CARTESIAN_POINT('',(-5.562885752606,-33.1712011463));
#5344 = CARTESIAN_POINT('',(-5.584183146498,-33.06457369157));
#5345 = CARTESIAN_POINT('',(-5.605813201107,-32.96000303305));
#5346 = CARTESIAN_POINT('',(-5.627795224558,-32.8577290696));
#5347 = CARTESIAN_POINT('',(-5.650147881778,-32.75802550394));
#5348 = CARTESIAN_POINT('',(-5.672889637915,-32.66120013368));
#5349 = CARTESIAN_POINT('',(-5.696039201758,-32.56759514251));
#5350 = CARTESIAN_POINT('',(-5.751682973216,-32.35516692218));
#5351 = CARTESIAN_POINT('',(-5.78465617485,-32.23895857555));
#5352 = CARTESIAN_POINT('',(-5.818488145306,-32.13040292349));
#5353 = CARTESIAN_POINT('',(-5.853139394191,-32.03089576893));
#5354 = CARTESIAN_POINT('',(-5.888577762133,-31.94178626459));
#5355 = CARTESIAN_POINT('',(-5.924777813453,-31.86437503183));
#5356 = CARTESIAN_POINT('',(-5.961720228831,-31.79991227963));
#5357 = CARTESIAN_POINT('',(-5.999391197971,-31.74959592343));
#5358 = ( GEOMETRIC_REPRESENTATION_CONTEXT(2) 
PARAMETRIC_REPRESENTATION_CONTEXT() REPRESENTATION_CONTEXT('2D SPACE',''
  ) );
#5359 = PCURVE('',#1410,#5360);
#5360 = DEFINITIONAL_REPRESENTATION('',(#5361),#5441);
#5361 = B_SPLINE_CURVE_WITH_KNOTS('',8,(#5362,#5363,#5364,#5365,#5366,
    #5367,#5368,#5369,#5370,#5371,#5372,#5373,#5374,#5375,#5376,#5377,
    #5378,#5379,#5380,#5381,#5382,#5383,#5384,#5385,#5386,#5387,#5388,
    #5389,#5390,#5391,#5392,#5393,#5394,#5395,#5396,#5397,#5398,#5399,
    #5400,#5401,#5402,#5403,#5404,#5405,#5406,#5407,#5408,#5409,#5410,
    #5411,#5412,#5413,#5414,#5415,#5416,#5417,#5418,#5419,#5420,#5421,
    #5422,#5423,#5424,#5425,#5426,#5427,#5428,#5429,#5430,#5431,#5432,
    #5433,#5434,#5435,#5436,#5437,#5438,#5439,#5440),.UNSPECIFIED.,.F.,
  .F.,(9,7,7,7,7,7,7,7,7,7,7,9),(0.,9.961866188204E-02,0.154434556076,
    0.317418405858,0.454795215815,0.516861344965,0.555294210859,
    0.611411647187,0.716595829998,0.871926198932,0.926192222563,1.),
  .UNSPECIFIED.);
#5362 = CARTESIAN_POINT('',(0.,21.2));
#5363 = CARTESIAN_POINT('',(4.896239470631E-02,21.2));
#5364 = CARTESIAN_POINT('',(9.737821932799E-02,21.16749891465));
#5365 = CARTESIAN_POINT('',(0.145051087208,21.103764832408));
#5366 = CARTESIAN_POINT('',(0.191775782851,21.010866373261));
#5367 = CARTESIAN_POINT('',(0.237331786115,20.891659177503));
#5368 = CARTESIAN_POINT('',(0.281474595401,20.74978951474));
#5369 = CARTESIAN_POINT('',(0.323924849829,20.589715013139));
#5370 = CARTESIAN_POINT('',(0.386602372788,20.321563128756));
#5371 = CARTESIAN_POINT('',(0.408395011132,20.22180650418));
#5372 = CARTESIAN_POINT('',(0.429748632758,20.117895946497));
#5373 = CARTESIAN_POINT('',(0.450678553566,20.010212280708));
#5374 = CARTESIAN_POINT('',(0.471200031981,19.899095115525));
#5375 = CARTESIAN_POINT('',(0.491328362892,19.784844113392));
#5376 = CARTESIAN_POINT('',(0.511078971579,19.667720260509));
#5377 = CARTESIAN_POINT('',(0.588115354097,19.19182625107));
#5378 = CARTESIAN_POINT('',(0.642759037721,18.811067989864));
#5379 = CARTESIAN_POINT('',(0.69467477863,18.411862412108));
#5380 = CARTESIAN_POINT('',(0.744114373701,17.998323873199));
#5381 = CARTESIAN_POINT('',(0.791313188184,17.572841483078));
#5382 = CARTESIAN_POINT('',(0.836482757413,17.136171144987));
#5383 = CARTESIAN_POINT('',(0.879796272901,16.687642860184));
#5384 = CARTESIAN_POINT('',(0.956230634752,15.835095404601));
#5385 = CARTESIAN_POINT('',(0.989309212487,15.441562431174));
#5386 = CARTESIAN_POINT('',(1.020952140454,15.039663349829));
#5387 = CARTESIAN_POINT('',(1.051275209953,14.62535202041));
#5388 = CARTESIAN_POINT('',(1.080035462069,14.196322850685));
#5389 = CARTESIAN_POINT('',(1.106616520613,13.752156875262));
#5390 = CARTESIAN_POINT('',(1.130049125651,13.293195533951));
#5391 = CARTESIAN_POINT('',(1.157800261801,12.603568384747));
#5392 = CARTESIAN_POINT('',(1.165651494616,12.383283477632));
#5393 = CARTESIAN_POINT('',(1.172506173779,12.158805027704));
#5394 = CARTESIAN_POINT('',(1.178192239185,11.931201926266));
#5395 = CARTESIAN_POINT('',(1.182574741376,11.701184787136));
#5396 = CARTESIAN_POINT('',(1.185553535642,11.469177264375));
#5397 = CARTESIAN_POINT('',(1.187061203824,11.235404685471));
#5398 = CARTESIAN_POINT('',(1.187061203824,10.854231658534));
#5399 = CARTESIAN_POINT('',(1.186483102891,10.708669632955));
#5400 = CARTESIAN_POINT('',(1.185329755454,10.563478340034));
#5401 = CARTESIAN_POINT('',(1.183611564735,10.41883179049));
#5402 = CARTESIAN_POINT('',(1.181346659002,10.274927688416));
#5403 = CARTESIAN_POINT('',(1.178561111031,10.132001470954));
#5404 = CARTESIAN_POINT('',(1.175289200753,9.99034028823));
#5405 = CARTESIAN_POINT('',(1.166148593762,9.645813744404));
#5406 = CARTESIAN_POINT('',(1.159776518853,9.44473240602));
#5407 = CARTESIAN_POINT('',(1.152554359772,9.246811317594));
#5408 = CARTESIAN_POINT('',(1.144574626804,9.051907932734));
#5409 = CARTESIAN_POINT('',(1.1359246525,8.859955656807));
#5410 = CARTESIAN_POINT('',(1.126685785228,8.670940610821));
#5411 = CARTESIAN_POINT('',(1.116932600903,8.484878251835));
#5412 = CARTESIAN_POINT('',(1.087612800934,7.958616583256));
#5413 = CARTESIAN_POINT('',(1.066775903656,7.623269663207));
#5414 = CARTESIAN_POINT('',(1.044596153677,7.295718811817));
#5415 = CARTESIAN_POINT('',(1.021354013109,6.975826398789));
#5416 = CARTESIAN_POINT('',(0.997222333861,6.66311422113));
#5417 = CARTESIAN_POINT('',(0.972267929529,6.356673507728));
#5418 = CARTESIAN_POINT('',(0.946463488311,6.055248320241));
#5419 = CARTESIAN_POINT('',(0.88019008296,5.317857004563));
#5420 = CARTESIAN_POINT('',(0.838995756249,4.89071731649));
#5421 = CARTESIAN_POINT('',(0.796111260418,4.474340657463));
#5422 = CARTESIAN_POINT('',(0.751399576754,4.068187197955));
#5423 = CARTESIAN_POINT('',(0.704686676505,3.672862195171));
#5424 = CARTESIAN_POINT('',(0.65577620807,3.290269499474));
#5425 = CARTESIAN_POINT('',(0.604456182669,2.923692012568));
#5426 = CARTESIAN_POINT('',(0.531642631867,2.457298880409));
#5427 = CARTESIAN_POINT('',(0.51245054716,2.338987864898));
#5428 = CARTESIAN_POINT('',(0.492902090872,2.223303671082));
#5429 = CARTESIAN_POINT('',(0.472981746408,2.110470173528));
#5430 = CARTESIAN_POINT('',(0.452674391177,2.000749657524));
#5431 = CARTESIAN_POINT('',(0.431964964816,1.89444263358));
#5432 = CARTESIAN_POINT('',(0.410838137403,1.791887651926));
#5433 = CARTESIAN_POINT('',(0.359953782463,1.559590173516));
#5434 = CARTESIAN_POINT('',(0.329721912409,1.432872970789));
#5435 = CARTESIAN_POINT('',(0.298629403917,1.31479941859));
#5436 = CARTESIAN_POINT('',(0.266717393674,1.206803407298));
#5437 = CARTESIAN_POINT('',(0.234021553969,1.110266437633));
#5438 = CARTESIAN_POINT('',(0.200572528018,1.026521250365));
#5439 = CARTESIAN_POINT('',(0.16639636528,0.956855456031));
#5440 = CARTESIAN_POINT('',(0.131514956775,0.902515164656));
#5441 = ( GEOMETRIC_REPRESENTATION_CONTEXT(2) 
PARAMETRIC_REPRESENTATION_CONTEXT() REPRESENTATION_CONTEXT('2D SPACE',''
  ) );
#5442 = ORIENTED_EDGE('',*,*,#1750,.F.);
#5443 = ADVANCED_FACE('',(#5444),#1410,.F.);
#5444 = FACE_BOUND('',#5445,.F.);
#5445 = EDGE_LOOP('',(#5446,#5447,#5448,#5471,#5503,#5780,#5803,#5832,
    #5888,#6396,#6428,#6460,#6968,#7019,#7041,#7042,#7293,#7323,#7324,
    #7325,#7326,#7348,#7349,#7852,#8353,#8354));
#5446 = ORIENTED_EDGE('',*,*,#1393,.F.);
#5447 = ORIENTED_EDGE('',*,*,#4922,.T.);
#5448 = ORIENTED_EDGE('',*,*,#5449,.T.);
#5449 = EDGE_CURVE('',#4923,#5450,#5452,.T.);
#5450 = VERTEX_POINT('',#5451);
#5451 = CARTESIAN_POINT('',(80.575021663794,-1.347111479062E-15,
    34.95460394727));
#5452 = SEAM_CURVE('',#5453,(#5457,#5464),.PCURVE_S1.);
#5453 = LINE('',#5454,#5455);
#5454 = CARTESIAN_POINT('',(58.,-2.694222958124E-15,34.95460394727));
#5455 = VECTOR('',#5456,1.);
#5456 = DIRECTION('',(1.,0.,2.22044604925E-16));
#5457 = PCURVE('',#1410,#5458);
#5458 = DEFINITIONAL_REPRESENTATION('',(#5459),#5463);
#5459 = LINE('',#5460,#5461);
#5460 = CARTESIAN_POINT('',(0.,-0.));
#5461 = VECTOR('',#5462,1.);
#5462 = DIRECTION('',(0.,1.));
#5463 = ( GEOMETRIC_REPRESENTATION_CONTEXT(2) 
PARAMETRIC_REPRESENTATION_CONTEXT() REPRESENTATION_CONTEXT('2D SPACE',''
  ) );
#5464 = PCURVE('',#1410,#5465);
#5465 = DEFINITIONAL_REPRESENTATION('',(#5466),#5470);
#5466 = LINE('',#5467,#5468);
#5467 = CARTESIAN_POINT('',(6.28318530718,-0.));
#5468 = VECTOR('',#5469,1.);
#5469 = DIRECTION('',(0.,1.));
#5470 = ( GEOMETRIC_REPRESENTATION_CONTEXT(2) 
PARAMETRIC_REPRESENTATION_CONTEXT() REPRESENTATION_CONTEXT('2D SPACE',''
  ) );
#5471 = ORIENTED_EDGE('',*,*,#5472,.F.);
#5472 = EDGE_CURVE('',#5473,#5450,#5475,.T.);
#5473 = VERTEX_POINT('',#5474);
#5474 = CARTESIAN_POINT('',(84.902515164656,-1.442497833621,
    35.049595923431));
#5475 = SURFACE_CURVE('',#5476,(#5481,#5491),.PCURVE_S1.);
#5476 = ELLIPSE('',#5477,34.785054261852,11.);
#5477 = AXIS2_PLACEMENT_3D('',#5478,#5479,#5480);
#5478 = CARTESIAN_POINT('',(80.575021663794,0.,45.95460394727));
#5479 = DIRECTION('',(0.316227766017,0.948683298051,0.));
#5480 = DIRECTION('',(0.948683298051,-0.316227766017,2.340555645718E-16)
  );
#5481 = PCURVE('',#1410,#5482);
#5482 = DEFINITIONAL_REPRESENTATION('',(#5483),#5490);
#5483 = B_SPLINE_CURVE_WITH_KNOTS('',5,(#5484,#5485,#5486,#5487,#5488,
    #5489),.UNSPECIFIED.,.F.,.F.,(6,6),(1.426041542114,1.570796326795),
  .PIECEWISE_BEZIER_KNOTS.);
#5484 = CARTESIAN_POINT('',(6.138430522499,27.335264514742));
#5485 = CARTESIAN_POINT('',(6.167381479435,26.389874977641));
#5486 = CARTESIAN_POINT('',(6.196332436371,25.439498147298));
#5487 = CARTESIAN_POINT('',(6.225283393307,24.485784822172));
#5488 = CARTESIAN_POINT('',(6.254234350243,23.530403242687));
#5489 = CARTESIAN_POINT('',(6.28318530718,22.575021663794));
#5490 = ( GEOMETRIC_REPRESENTATION_CONTEXT(2) 
PARAMETRIC_REPRESENTATION_CONTEXT() REPRESENTATION_CONTEXT('2D SPACE',''
  ) );
#5491 = PCURVE('',#5492,#5497);
#5492 = PLANE('',#5493);
#5493 = AXIS2_PLACEMENT_3D('',#5494,#5495,#5496);
#5494 = CARTESIAN_POINT('',(80.575021663794,0.,3.3));
#5495 = DIRECTION('',(0.316227766017,0.948683298051,-0.));
#5496 = DIRECTION('',(0.948683298051,-0.316227766017,0.));
#5497 = DEFINITIONAL_REPRESENTATION('',(#5498),#5502);
#5498 = ELLIPSE('',#5499,34.785054261852,11.);
#5499 = AXIS2_PLACEMENT_2D('',#5500,#5501);
#5500 = CARTESIAN_POINT('',(-1.348160051933E-14,-42.65460394727));
#5501 = DIRECTION('',(1.,-2.340555645718E-16));
#5502 = ( GEOMETRIC_REPRESENTATION_CONTEXT(2) 
PARAMETRIC_REPRESENTATION_CONTEXT() REPRESENTATION_CONTEXT('2D SPACE',''
  ) );
#5503 = ORIENTED_EDGE('',*,*,#5504,.T.);
#5504 = EDGE_CURVE('',#5473,#5505,#5507,.T.);
#5505 = VERTEX_POINT('',#5506);
#5506 = CARTESIAN_POINT('',(105.2,-2.694222958124E-15,34.95460394727));
#5507 = SURFACE_CURVE('',#5508,(#5595,#5685),.PCURVE_S1.);
#5508 = B_SPLINE_CURVE_WITH_KNOTS('',8,(#5509,#5510,#5511,#5512,#5513,
    #5514,#5515,#5516,#5517,#5518,#5519,#5520,#5521,#5522,#5523,#5524,
    #5525,#5526,#5527,#5528,#5529,#5530,#5531,#5532,#5533,#5534,#5535,
    #5536,#5537,#5538,#5539,#5540,#5541,#5542,#5543,#5544,#5545,#5546,
    #5547,#5548,#5549,#5550,#5551,#5552,#5553,#5554,#5555,#5556,#5557,
    #5558,#5559,#5560,#5561,#5562,#5563,#5564,#5565,#5566,#5567,#5568,
    #5569,#5570,#5571,#5572,#5573,#5574,#5575,#5576,#5577,#5578,#5579,
    #5580,#5581,#5582,#5583,#5584,#5585,#5586,#5587,#5588,#5589,#5590,
    #5591,#5592,#5593,#5594),.UNSPECIFIED.,.F.,.F.,(9,7,7,7,7,7,7,7,7,7,
    7,7,9),(0.,7.562516375754E-02,0.189368135508,0.283297314364,
    0.389050821488,0.420697729282,0.483136833468,0.5214095074,
    0.596714878321,0.68236193694,0.846138079438,0.940477121195,1.),
  .UNSPECIFIED.);
#5509 = CARTESIAN_POINT('',(84.902515164656,-1.442497833621,
    35.049595923431));
#5510 = CARTESIAN_POINT('',(84.958252005254,-1.832655717803,
    35.101205413444));
#5511 = CARTESIAN_POINT('',(85.03009635452,-2.212501483614,
    35.167683110478));
#5512 = CARTESIAN_POINT('',(85.116692195858,-2.581211964427,
    35.247725819864));
#5513 = CARTESIAN_POINT('',(85.216648696883,-2.938057159478,
    35.339983009923));
#5514 = CARTESIAN_POINT('',(85.328536080312,-3.28239543058,
    35.443058710045));
#5515 = CARTESIAN_POINT('',(85.450881494846,-3.613668698842,
    35.55551340876));
#5516 = CARTESIAN_POINT('',(85.582164886061,-3.931397641382,
    35.675865951812));
#5517 = CARTESIAN_POINT('',(85.929349435886,-4.692071822934,
    35.993201158023));
#5518 = CARTESIAN_POINT('',(86.15581039397,-5.120176277329,
    36.199385951661));
#5519 = CARTESIAN_POINT('',(86.396765515793,-5.520864218009,
    36.417711893745));
#5520 = CARTESIAN_POINT('',(86.649524229276,-5.89574633093,
    36.645408308274));
#5521 = CARTESIAN_POINT('',(86.912072231157,-6.246568288441,
    36.880316281559));
#5522 = CARTESIAN_POINT('',(87.183025130819,-6.575121542374,
    37.120825356584));
#5523 = CARTESIAN_POINT('',(87.461601122803,-6.883166643018,
    37.365802410799));
#5524 = CARTESIAN_POINT('',(87.983801623896,-7.411193051601,
    37.819898197529));
#5525 = CARTESIAN_POINT('',(88.224846584416,-7.636949656227,
    38.027642083812));
#5526 = CARTESIAN_POINT('',(88.470286522796,-7.850274901439,
    38.237027481966));
#5527 = CARTESIAN_POINT('',(88.719824308432,-8.051776757907,
    38.447433719649));
#5528 = CARTESIAN_POINT('',(88.973302908097,-8.242014739965,
    38.65830410089));
#5529 = CARTESIAN_POINT('',(89.230689270466,-8.421484225418,
    38.869101943059));
#5530 = CARTESIAN_POINT('',(89.492065913927,-8.590605518548,
    39.079254896314));
#5531 = CARTESIAN_POINT('',(90.056625235377,-8.928859716378,
    39.523209211993));
#5532 = CARTESIAN_POINT('',(90.359332306953,-9.094357169159,
    39.755400692058));
#5533 = CARTESIAN_POINT('',(90.667093960166,-9.247625036677,
    39.98464259287));
#5534 = CARTESIAN_POINT('',(90.981190907185,-9.389431872955,
    40.210457190509));
#5535 = CARTESIAN_POINT('',(91.30254714065,-9.519930426911,
    40.431566833177));
#5536 = CARTESIAN_POINT('',(91.631645227533,-9.638847539517,
    40.645628491569));
#5537 = CARTESIAN_POINT('',(91.968620724789,-9.745693965542,
    40.849134120291));
#5538 = CARTESIAN_POINT('',(92.416711709631,-9.868032594974,
    41.093955186384));
#5539 = CARTESIAN_POINT('',(92.520776247277,-9.895115019576,
    41.149075588887));
#5540 = CARTESIAN_POINT('',(92.625722086572,-9.921085355617,
    41.202810825867));
#5541 = CARTESIAN_POINT('',(92.731573316031,-9.945924372908,
    41.255032856672));
#5542 = CARTESIAN_POINT('',(92.83835427984,-9.969610339419,
    41.305602475828));
#5543 = CARTESIAN_POINT('',(92.946089577859,-9.992119021279,
    41.354369313035));
#5544 = CARTESIAN_POINT('',(93.054804065618,-10.01342368277,
    41.40117183317));
#5545 = CARTESIAN_POINT('',(93.380997175394,-10.07309581027,
    41.533962028302));
#5546 = CARTESIAN_POINT('',(93.60327234228,-10.10824192789,
    41.614538427962));
#5547 = CARTESIAN_POINT('',(93.829832685202,-10.13822339818,
    41.68524600604));
#5548 = CARTESIAN_POINT('',(94.059586648331,-10.16261219095,
    41.744139472614));
#5549 = CARTESIAN_POINT('',(94.291812641114,-10.18115017625,
    41.789663487746));
#5550 = CARTESIAN_POINT('',(94.526086344997,-10.19366300773,
    41.8206576683));
#5551 = CARTESIAN_POINT('',(94.762189475551,-10.2,41.836351890875));
#5552 = CARTESIAN_POINT('',(95.145768341466,-10.2,41.836351890875));
#5553 = CARTESIAN_POINT('',(95.291330367045,-10.19761921699,
    41.830455258837));
#5554 = CARTESIAN_POINT('',(95.436521659967,-10.19286948381,
    41.818691121753));
#5555 = CARTESIAN_POINT('',(95.58116820951,-10.18577443747,
    41.801173279274));
#5556 = CARTESIAN_POINT('',(95.725072311584,-10.17637104851,
    41.778101875795));
#5557 = CARTESIAN_POINT('',(95.867998529045,-10.16471419568,
    41.749764420772));
#5558 = CARTESIAN_POINT('',(96.00965971177,-10.15088428596,
    41.716536157296));
#5559 = CARTESIAN_POINT('',(96.425252611931,-10.10373988202,
    41.604787031989));
#5560 = CARTESIAN_POINT('',(96.694356725114,-10.06454152735,
    41.513600083047));
#5561 = CARTESIAN_POINT('',(96.957700646729,-10.01792547672,
    41.407980815702));
#5562 = CARTESIAN_POINT('',(97.21566163814,-9.964290171253,
    41.290426474282));
#5563 = CARTESIAN_POINT('',(97.46844262245,-9.9039816866,41.163182347453
    ));
#5564 = CARTESIAN_POINT('',(97.716188582877,-9.837318540486,
    41.028177991554));
#5565 = CARTESIAN_POINT('',(97.959085728421,-9.764569493683,
    40.8869869936));
#5566 = CARTESIAN_POINT('',(98.46853479145,-9.596393362318,
    40.574559103286));
#5567 = CARTESIAN_POINT('',(98.734830588193,-9.498869193414,
    40.401198242293));
#5568 = CARTESIAN_POINT('',(98.996383333872,-9.393534607021,
    40.222600635433));
#5569 = CARTESIAN_POINT('',(99.253343955711,-9.280532632668,
    40.040205171653));
#5570 = CARTESIAN_POINT('',(99.505990311235,-9.159889291057,
    39.855026785028));
#5571 = CARTESIAN_POINT('',(99.754727383221,-9.031463233889,
    39.667714657887));
#5572 = CARTESIAN_POINT('',(100.00005231836,-8.894905566802,
    39.478640997322));
#5573 = CARTESIAN_POINT('',(100.70604806883,-8.471898303911,
    38.923460513153));
#5574 = CARTESIAN_POINT('',(101.15543344655,-8.164496767595,
    38.556015176705));
#5575 = CARTESIAN_POINT('',(101.5928943688,-7.825333696757,
    38.188465836842));
#5576 = CARTESIAN_POINT('',(102.0190963356,-7.451372550634,
    37.822736932966));
#5577 = CARTESIAN_POINT('',(102.43324940038,-7.03898507169,
    37.461382480656));
#5578 = CARTESIAN_POINT('',(102.83289774975,-6.584230114461,
    37.107967981285));
#5579 = CARTESIAN_POINT('',(103.21382614083,-6.083063351539,
    36.767483650437));
#5580 = CARTESIAN_POINT('',(103.77469550668,-5.214172364582,
    36.261957384137));
#5581 = CARTESIAN_POINT('',(103.97215903181,-4.878746277959,
    36.083030641956));
#5582 = CARTESIAN_POINT('',(104.16065003729,-4.524720411847,
    35.911439060172));
#5583 = CARTESIAN_POINT('',(104.33847686301,-4.151416459574,
    35.74890232188));
#5584 = CARTESIAN_POINT('',(104.50368589636,-3.75826262022,
    35.597380062389));
#5585 = CARTESIAN_POINT('',(104.65404597295,-3.34483351911,
    35.459086335053));
#5586 = CARTESIAN_POINT('',(104.78703023393,-2.910891656825,
    35.336502190734));
#5587 = CARTESIAN_POINT('',(104.97094424094,-2.169689684327,
    35.16669486916));
#5588 = CARTESIAN_POINT('',(105.03408202284,-1.874626170637,
    35.108319981505));
#5589 = CARTESIAN_POINT('',(105.08817011437,-1.572467926781,
    35.058255118463));
#5590 = CARTESIAN_POINT('',(105.13236295789,-1.264472621603,
    35.017313095923));
#5591 = CARTESIAN_POINT('',(105.16600757948,-0.951921980699,
    34.98612426069));
#5592 = CARTESIAN_POINT('',(105.18864305897,-0.636116255424,
    34.965134616038));
#5593 = CARTESIAN_POINT('',(105.2,-0.318368691896,34.95460394727));
#5594 = CARTESIAN_POINT('',(105.2,-3.552713678801E-15,34.95460394727));
#5595 = PCURVE('',#1410,#5596);
#5596 = DEFINITIONAL_REPRESENTATION('',(#5597),#5684);
#5597 = B_SPLINE_CURVE_WITH_KNOTS('',8,(#5598,#5599,#5600,#5601,#5602,
    #5603,#5604,#5605,#5606,#5607,#5608,#5609,#5610,#5611,#5612,#5613,
    #5614,#5615,#5616,#5617,#5618,#5619,#5620,#5621,#5622,#5623,#5624,
    #5625,#5626,#5627,#5628,#5629,#5630,#5631,#5632,#5633,#5634,#5635,
    #5636,#5637,#5638,#5639,#5640,#5641,#5642,#5643,#5644,#5645,#5646,
    #5647,#5648,#5649,#5650,#5651,#5652,#5653,#5654,#5655,#5656,#5657,
    #5658,#5659,#5660,#5661,#5662,#5663,#5664,#5665,#5666,#5667,#5668,
    #5669,#5670,#5671,#5672,#5673,#5674,#5675,#5676,#5677,#5678,#5679,
    #5680,#5681,#5682,#5683),.UNSPECIFIED.,.F.,.F.,(9,7,7,7,7,7,7,7,7,7,
    7,7,9),(0.,7.562516375754E-02,0.189368135508,0.283297314364,
    0.389050821488,0.420697729282,0.483136833468,0.5214095074,
    0.596714878321,0.68236193694,0.846138079438,0.940477121195,1.),
  .UNSPECIFIED.);
#5598 = CARTESIAN_POINT('',(6.151670350404,26.902515164656));
#5599 = CARTESIAN_POINT('',(6.115892487304,26.958252005254));
#5600 = CARTESIAN_POINT('',(6.080866747025,27.03009635452));
#5601 = CARTESIAN_POINT('',(6.046613057615,27.116692195858));
#5602 = CARTESIAN_POINT('',(6.013155839425,27.216648696883));
#5603 = CARTESIAN_POINT('',(5.980524411253,27.328536080312));
#5604 = CARTESIAN_POINT('',(5.948753396499,27.450881494846));
#5605 = CARTESIAN_POINT('',(5.917883129312,27.582164886061));
#5606 = CARTESIAN_POINT('',(5.842954687218,27.929349435886));
#5607 = CARTESIAN_POINT('',(5.799819534976,28.15581039397));
#5608 = CARTESIAN_POINT('',(5.758420922212,28.396765515793));
#5609 = CARTESIAN_POINT('',(5.718629948919,28.649524229276));
#5610 = CARTESIAN_POINT('',(5.680317484274,28.912072231157));
#5611 = CARTESIAN_POINT('',(5.643351680143,29.183025130819));
#5612 = CARTESIAN_POINT('',(5.607598010736,29.461601122803));
#5613 = CARTESIAN_POINT('',(5.544286184279,29.983801623896));
#5614 = CARTESIAN_POINT('',(5.516411425038,30.224846584416));
#5615 = CARTESIAN_POINT('',(5.489260413093,30.470286522796));
#5616 = CARTESIAN_POINT('',(5.462800277251,30.719824308432));
#5617 = CARTESIAN_POINT('',(5.437003819594,30.973302908097));
#5618 = CARTESIAN_POINT('',(5.411852034557,31.230689270466));
#5619 = CARTESIAN_POINT('',(5.387337750185,31.492065913927));
#5620 = CARTESIAN_POINT('',(5.33659847686,32.056625235377));
#5621 = CARTESIAN_POINT('',(5.310690220633,32.359332306952));
#5622 = CARTESIAN_POINT('',(5.285639377813,32.667093960166));
#5623 = CARTESIAN_POINT('',(5.261417797075,32.981190907185));
#5624 = CARTESIAN_POINT('',(5.23809348263,33.30254714065));
#5625 = CARTESIAN_POINT('',(5.215842720275,33.631645227533));
#5626 = CARTESIAN_POINT('',(5.194951516922,33.968620724789));
#5627 = CARTESIAN_POINT('',(5.170070960164,34.416711709631));
#5628 = CARTESIAN_POINT('',(5.164487969385,34.520776247277));
#5629 = CARTESIAN_POINT('',(5.159062524634,34.625722086572));
#5630 = CARTESIAN_POINT('',(5.153805596116,34.731573316031));
#5631 = CARTESIAN_POINT('',(5.148729230136,34.83835427984));
#5632 = CARTESIAN_POINT('',(5.143846549103,34.946089577859));
#5633 = CARTESIAN_POINT('',(5.139171751526,35.054804065618));
#5634 = CARTESIAN_POINT('',(5.125937061721,35.380997175394));
#5635 = CARTESIAN_POINT('',(5.117945942122,35.60327234228));
#5636 = CARTESIAN_POINT('',(5.110964484045,35.829832685202));
#5637 = CARTESIAN_POINT('',(5.105169885866,36.059586648331));
#5638 = CARTESIAN_POINT('',(5.100701411478,36.291812641114));
#5639 = CARTESIAN_POINT('',(5.097662745161,36.526086344997));
#5640 = CARTESIAN_POINT('',(5.096124103356,36.762189475551));
#5641 = CARTESIAN_POINT('',(5.096124103356,37.145768341466));
#5642 = CARTESIAN_POINT('',(5.096702204288,37.291330367045));
#5643 = CARTESIAN_POINT('',(5.097855551725,37.436521659967));
#5644 = CARTESIAN_POINT('',(5.099573742445,37.58116820951));
#5645 = CARTESIAN_POINT('',(5.101838648177,37.725072311584));
#5646 = CARTESIAN_POINT('',(5.104624196149,37.867998529045));
#5647 = CARTESIAN_POINT('',(5.107896106427,38.00965971177));
#5648 = CARTESIAN_POINT('',(5.118922169401,38.425252611931));
#5649 = CARTESIAN_POINT('',(5.127945171407,38.694356725114));
#5650 = CARTESIAN_POINT('',(5.13843967373,38.957700646729));
#5651 = CARTESIAN_POINT('',(5.150184322021,39.21566163814));
#5652 = CARTESIAN_POINT('',(5.162982537108,39.46844262245));
#5653 = CARTESIAN_POINT('',(5.176667076977,39.716188582877));
#5654 = CARTESIAN_POINT('',(5.19110394955,39.959085728421));
#5655 = CARTESIAN_POINT('',(5.223359950056,40.46853479145));
#5656 = CARTESIAN_POINT('',(5.241439490945,40.734830588194));
#5657 = CARTESIAN_POINT('',(5.260282463087,40.996383333871));
#5658 = CARTESIAN_POINT('',(5.279778724805,41.253343955711));
#5659 = CARTESIAN_POINT('',(5.29985980843,41.505990311236));
#5660 = CARTESIAN_POINT('',(5.320496089365,41.75472738322));
#5661 = CARTESIAN_POINT('',(5.341691990825,42.00005231836));
#5662 = CARTESIAN_POINT('',(5.405143704389,42.706048068832));
#5663 = CARTESIAN_POINT('',(5.448650664269,43.155433446554));
#5664 = CARTESIAN_POINT('',(5.49402530981,43.592894368793));
#5665 = CARTESIAN_POINT('',(5.541446805095,44.019096335621));
#5666 = CARTESIAN_POINT('',(5.591131551104,44.433249400374));
#5667 = CARTESIAN_POINT('',(5.64331921796,44.832897749762));
#5668 = CARTESIAN_POINT('',(5.698265544015,45.213826140839));
#5669 = CARTESIAN_POINT('',(5.789651943401,45.774695506685));
#5670 = CARTESIAN_POINT('',(5.824188888151,45.97215903181));
#5671 = CARTESIAN_POINT('',(5.859908743164,46.160650037293));
#5672 = CARTESIAN_POINT('',(5.896859301244,46.33847686301));
#5673 = CARTESIAN_POINT('',(5.935088993642,46.503685896361));
#5674 = CARTESIAN_POINT('',(5.974647833328,46.65404597295));
#5675 = CARTESIAN_POINT('',(6.015589490078,46.787030233934));
#5676 = CARTESIAN_POINT('',(6.084717165134,46.970944240944));
#5677 = CARTESIAN_POINT('',(6.112048849585,47.034082022842));
#5678 = CARTESIAN_POINT('',(6.139869571543,47.088170114379));
#5679 = CARTESIAN_POINT('',(6.168086038689,47.132362957898));
#5680 = CARTESIAN_POINT('',(6.196609998319,47.166007579481));
#5681 = CARTESIAN_POINT('',(6.225356590099,47.188643058972));
#5682 = CARTESIAN_POINT('',(6.254242698825,47.2));
#5683 = CARTESIAN_POINT('',(6.28318530718,47.2));
#5684 = ( GEOMETRIC_REPRESENTATION_CONTEXT(2) 
PARAMETRIC_REPRESENTATION_CONTEXT() REPRESENTATION_CONTEXT('2D SPACE',''
  ) );
#5685 = PCURVE('',#5686,#5691);
#5686 = CYLINDRICAL_SURFACE('',#5687,10.2);
#5687 = AXIS2_PLACEMENT_3D('',#5688,#5689,#5690);
#5688 = CARTESIAN_POINT('',(95.,0.,3.3));
#5689 = DIRECTION('',(-0.,-0.,-1.));
#5690 = DIRECTION('',(-0.989949493661,-0.141421356237,0.));
#5691 = DEFINITIONAL_REPRESENTATION('',(#5692),#5779);
#5692 = B_SPLINE_CURVE_WITH_KNOTS('',8,(#5693,#5694,#5695,#5696,#5697,
    #5698,#5699,#5700,#5701,#5702,#5703,#5704,#5705,#5706,#5707,#5708,
    #5709,#5710,#5711,#5712,#5713,#5714,#5715,#5716,#5717,#5718,#5719,
    #5720,#5721,#5722,#5723,#5724,#5725,#5726,#5727,#5728,#5729,#5730,
    #5731,#5732,#5733,#5734,#5735,#5736,#5737,#5738,#5739,#5740,#5741,
    #5742,#5743,#5744,#5745,#5746,#5747,#5748,#5749,#5750,#5751,#5752,
    #5753,#5754,#5755,#5756,#5757,#5758,#5759,#5760,#5761,#5762,#5763,
    #5764,#5765,#5766,#5767,#5768,#5769,#5770,#5771,#5772,#5773,#5774,
    #5775,#5776,#5777,#5778),.UNSPECIFIED.,.F.,.F.,(9,7,7,7,7,7,7,7,7,7,
    7,7,9),(0.,7.562516375754E-02,0.189368135508,0.283297314364,
    0.389050821488,0.420697729282,0.483136833468,0.5214095074,
    0.596714878321,0.68236193694,0.846138079438,0.940477121195,1.),
  .UNSPECIFIED.);
#5693 = CARTESIAN_POINT('',(0.,-31.74959592343));
#5694 = CARTESIAN_POINT('',(-3.863911563568E-02,-31.80120541344));
#5695 = CARTESIAN_POINT('',(-7.650077898365E-02,-31.86768311047));
#5696 = CARTESIAN_POINT('',(-0.113574033191,-31.94772581986));
#5697 = CARTESIAN_POINT('',(-0.149841942483,-32.03998300992));
#5698 = CARTESIAN_POINT('',(-0.185281023985,-32.14305871004));
#5699 = CARTESIAN_POINT('',(-0.219860679553,-32.25551340876));
#5700 = CARTESIAN_POINT('',(-0.253542627587,-32.37586595181));
#5701 = CARTESIAN_POINT('',(-0.335519026449,-32.69320115802));
#5702 = CARTESIAN_POINT('',(-0.382919758544,-32.89938595166));
#5703 = CARTESIAN_POINT('',(-0.428646843956,-33.11771189374));
#5704 = CARTESIAN_POINT('',(-0.472860015312,-33.34540830827));
#5705 = CARTESIAN_POINT('',(-0.515720976179,-33.58031628155));
#5706 = CARTESIAN_POINT('',(-0.557399206184,-33.82082535658));
#5707 = CARTESIAN_POINT('',(-0.598077020135,-34.06580241079));
#5708 = CARTESIAN_POINT('',(-0.670884274611,-34.51989819752));
#5709 = CARTESIAN_POINT('',(-0.703238548818,-34.72764208381));
#5710 = CARTESIAN_POINT('',(-0.735083630085,-34.93702748196));
#5711 = CARTESIAN_POINT('',(-0.766487893849,-35.14743371964));
#5712 = CARTESIAN_POINT('',(-0.79752066951,-35.35830410089));
#5713 = CARTESIAN_POINT('',(-0.828252449334,-35.56910194305));
#5714 = CARTESIAN_POINT('',(-0.858755801457,-35.77925489631));
#5715 = CARTESIAN_POINT('',(-0.923278948788,-36.22320921199));
#5716 = CARTESIAN_POINT('',(-0.957075556358,-36.45540069205));
#5717 = CARTESIAN_POINT('',(-0.990741891606,-36.68464259287));
#5718 = CARTESIAN_POINT('',(-1.024479392772,-36.9104571905));
#5719 = CARTESIAN_POINT('',(-1.058432537713,-37.13156683317));
#5720 = CARTESIAN_POINT('',(-1.09269405114,-37.34562849156));
#5721 = CARTESIAN_POINT('',(-1.127323364923,-37.54913412029));
#5722 = CARTESIAN_POINT('',(-1.172861738557,-37.79395518638));
#5723 = CARTESIAN_POINT('',(-1.183403245245,-37.84907558888));
#5724 = CARTESIAN_POINT('',(-1.194001130585,-37.90281082586));
#5725 = CARTESIAN_POINT('',(-1.204659008069,-37.95503285667));
#5726 = CARTESIAN_POINT('',(-1.215380554695,-38.00560247582));
#5727 = CARTESIAN_POINT('',(-1.226169510975,-38.05436931303));
#5728 = CARTESIAN_POINT('',(-1.237029680927,-38.10117183317));
#5729 = CARTESIAN_POINT('',(-1.269540097982,-38.2339620283));
#5730 = CARTESIAN_POINT('',(-1.291596081916,-38.31453842796));
#5731 = CARTESIAN_POINT('',(-1.313989580516,-38.38524600604));
#5732 = CARTESIAN_POINT('',(-1.33662581202,-38.44413947261));
#5733 = CARTESIAN_POINT('',(-1.359449796046,-38.48966348774));
#5734 = CARTESIAN_POINT('',(-1.382437166114,-38.5206576683));
#5735 = CARTESIAN_POINT('',(-1.405584514892,-38.53635189087));
#5736 = CARTESIAN_POINT('',(-1.44319028606,-38.53635189087));
#5737 = CARTESIAN_POINT('',(-1.457461071442,-38.53045525883));
#5738 = CARTESIAN_POINT('',(-1.471699963289,-38.51869112175));
#5739 = CARTESIAN_POINT('',(-1.485894284716,-38.50117327927));
#5740 = CARTESIAN_POINT('',(-1.5000289229,-38.47810187579));
#5741 = CARTESIAN_POINT('',(-1.514084838712,-38.44976442077));
#5742 = CARTESIAN_POINT('',(-1.528037510092,-38.41653615729));
#5743 = CARTESIAN_POINT('',(-1.5690432314,-38.30478703198));
#5744 = CARTESIAN_POINT('',(-1.595691071743,-38.21360008304));
#5745 = CARTESIAN_POINT('',(-1.621890192881,-38.1079808157));
#5746 = CARTESIAN_POINT('',(-1.647698885343,-37.99042647428));
#5747 = CARTESIAN_POINT('',(-1.673155720907,-37.86318234745));
#5748 = CARTESIAN_POINT('',(-1.698291618423,-37.72817799155));
#5749 = CARTESIAN_POINT('',(-1.723140622044,-37.5869869936));
#5750 = CARTESIAN_POINT('',(-1.77573768442,-37.27455910328));
#5751 = CARTESIAN_POINT('',(-1.803526404834,-37.10119824229));
#5752 = CARTESIAN_POINT('',(-1.831146994526,-36.92260063543));
#5753 = CARTESIAN_POINT('',(-1.858640544454,-36.74020517165));
#5754 = CARTESIAN_POINT('',(-1.886062251748,-36.55502678502));
#5755 = CARTESIAN_POINT('',(-1.913484458646,-36.36771465788));
#5756 = CARTESIAN_POINT('',(-1.940997035041,-36.17864099732));
#5757 = CARTESIAN_POINT('',(-2.021685462343,-35.62346051315));
#5758 = CARTESIAN_POINT('',(-2.074967973228,-35.2560151767));
#5759 = CARTESIAN_POINT('',(-2.129074662445,-34.88846583684));
#5760 = CARTESIAN_POINT('',(-2.184452167636,-34.52273693296));
#5761 = CARTESIAN_POINT('',(-2.241509639733,-34.16138248065));
#5762 = CARTESIAN_POINT('',(-2.300622213626,-33.80796798128));
#5763 = CARTESIAN_POINT('',(-2.362156719915,-33.46748365043));
#5764 = CARTESIAN_POINT('',(-2.463547755926,-32.96195738413));
#5765 = CARTESIAN_POINT('',(-2.501675617595,-32.78303064195));
#5766 = CARTESIAN_POINT('',(-2.540935908234,-32.61143906017));
#5767 = CARTESIAN_POINT('',(-2.58139112337,-32.44890232188));
#5768 = CARTESIAN_POINT('',(-2.623104375777,-32.29738006238));
#5769 = CARTESIAN_POINT('',(-2.666141097355,-32.15908633505));
#5770 = CARTESIAN_POINT('',(-2.710572138644,-32.03650219073));
#5771 = CARTESIAN_POINT('',(-2.785442571774,-31.86669486916));
#5772 = CARTESIAN_POINT('',(-2.815009711468,-31.8083199815));
#5773 = CARTESIAN_POINT('',(-2.845075229884,-31.75825511846));
#5774 = CARTESIAN_POINT('',(-2.875543084374,-31.71731309592));
#5775 = CARTESIAN_POINT('',(-2.906323576077,-31.68612426069));
#5776 = CARTESIAN_POINT('',(-2.937331281172,-31.66513461603));
#5777 = CARTESIAN_POINT('',(-2.968482982133,-31.65460394727));
#5778 = CARTESIAN_POINT('',(-2.999695598986,-31.65460394727));
#5779 = ( GEOMETRIC_REPRESENTATION_CONTEXT(2) 
PARAMETRIC_REPRESENTATION_CONTEXT() REPRESENTATION_CONTEXT('2D SPACE',''
  ) );
#5780 = ORIENTED_EDGE('',*,*,#5781,.T.);
#5781 = EDGE_CURVE('',#5505,#5782,#5784,.T.);
#5782 = VERTEX_POINT('',#5783);
#5783 = CARTESIAN_POINT('',(106.,-2.694222958124E-15,34.95460394727));
#5784 = SEAM_CURVE('',#5785,(#5789,#5796),.PCURVE_S1.);
#5785 = LINE('',#5786,#5787);
#5786 = CARTESIAN_POINT('',(58.,-2.694222958124E-15,34.95460394727));
#5787 = VECTOR('',#5788,1.);
#5788 = DIRECTION('',(1.,0.,2.22044604925E-16));
#5789 = PCURVE('',#1410,#5790);
#5790 = DEFINITIONAL_REPRESENTATION('',(#5791),#5795);
#5791 = LINE('',#5792,#5793);
#5792 = CARTESIAN_POINT('',(0.,-0.));
#5793 = VECTOR('',#5794,1.);
#5794 = DIRECTION('',(0.,1.));
#5795 = ( GEOMETRIC_REPRESENTATION_CONTEXT(2) 
PARAMETRIC_REPRESENTATION_CONTEXT() REPRESENTATION_CONTEXT('2D SPACE',''
  ) );
#5796 = PCURVE('',#1410,#5797);
#5797 = DEFINITIONAL_REPRESENTATION('',(#5798),#5802);
#5798 = LINE('',#5799,#5800);
#5799 = CARTESIAN_POINT('',(6.28318530718,-0.));
#5800 = VECTOR('',#5801,1.);
#5801 = DIRECTION('',(0.,1.));
#5802 = ( GEOMETRIC_REPRESENTATION_CONTEXT(2) 
PARAMETRIC_REPRESENTATION_CONTEXT() REPRESENTATION_CONTEXT('2D SPACE',''
  ) );
#5803 = ORIENTED_EDGE('',*,*,#5804,.F.);
#5804 = EDGE_CURVE('',#5805,#5782,#5807,.T.);
#5805 = VERTEX_POINT('',#5806);
#5806 = CARTESIAN_POINT('',(106.,-7.945373618893,38.347302319478));
#5807 = SURFACE_CURVE('',#5808,(#5813,#5820),.PCURVE_S1.);
#5808 = CIRCLE('',#5809,11.);
#5809 = AXIS2_PLACEMENT_3D('',#5810,#5811,#5812);
#5810 = CARTESIAN_POINT('',(106.,0.,45.95460394727));
#5811 = DIRECTION('',(1.,-0.,2.22044604925E-16));
#5812 = DIRECTION('',(2.22044604925E-16,0.,-1.));
#5813 = PCURVE('',#1410,#5814);
#5814 = DEFINITIONAL_REPRESENTATION('',(#5815),#5819);
#5815 = LINE('',#5816,#5817);
#5816 = CARTESIAN_POINT('',(0.,48.));
#5817 = VECTOR('',#5818,1.);
#5818 = DIRECTION('',(1.,0.));
#5819 = ( GEOMETRIC_REPRESENTATION_CONTEXT(2) 
PARAMETRIC_REPRESENTATION_CONTEXT() REPRESENTATION_CONTEXT('2D SPACE',''
  ) );
#5820 = PCURVE('',#5821,#5826);
#5821 = PLANE('',#5822);
#5822 = AXIS2_PLACEMENT_3D('',#5823,#5824,#5825);
#5823 = CARTESIAN_POINT('',(106.,0.,45.95460394727));
#5824 = DIRECTION('',(1.,0.,2.22044604925E-16));
#5825 = DIRECTION('',(2.22044604925E-16,0.,-1.));
#5826 = DEFINITIONAL_REPRESENTATION('',(#5827),#5831);
#5827 = CIRCLE('',#5828,11.);
#5828 = AXIS2_PLACEMENT_2D('',#5829,#5830);
#5829 = CARTESIAN_POINT('',(0.,0.));
#5830 = DIRECTION('',(1.,0.));
#5831 = ( GEOMETRIC_REPRESENTATION_CONTEXT(2) 
PARAMETRIC_REPRESENTATION_CONTEXT() REPRESENTATION_CONTEXT('2D SPACE',''
  ) );
#5832 = ORIENTED_EDGE('',*,*,#5833,.F.);
#5833 = EDGE_CURVE('',#5834,#5805,#5836,.T.);
#5834 = VERTEX_POINT('',#5835);
#5835 = CARTESIAN_POINT('',(94.196863790132,-10.16833186232,
    50.150438529346));
#5836 = SURFACE_CURVE('',#5837,(#5842,#5876),.PCURVE_S1.);
#5837 = ELLIPSE('',#5838,15.556349186104,11.);
#5838 = AXIS2_PLACEMENT_3D('',#5839,#5840,#5841);
#5839 = CARTESIAN_POINT('',(98.392698372208,0.,45.95460394727));
#5840 = DIRECTION('',(0.707106781187,0.,0.707106781187));
#5841 = DIRECTION('',(0.707106781187,0.,-0.707106781187));
#5842 = PCURVE('',#1410,#5843);
#5843 = DEFINITIONAL_REPRESENTATION('',(#5844),#5875);
#5844 = B_SPLINE_CURVE_WITH_KNOTS('',8,(#5845,#5846,#5847,#5848,#5849,
    #5850,#5851,#5852,#5853,#5854,#5855,#5856,#5857,#5858,#5859,#5860,
    #5861,#5862,#5863,#5864,#5865,#5866,#5867,#5868,#5869,#5870,#5871,
    #5872,#5873,#5874),.UNSPECIFIED.,.F.,.F.,(9,7,7,7,9),(0.80713188954,
    1.974362271565,3.725207844602,4.600630631121,5.476053417639),
  .UNSPECIFIED.);
#5845 = CARTESIAN_POINT('',(0.80713188954,48.0000006));
#5846 = CARTESIAN_POINT('',(0.953035687294,46.840740498254));
#5847 = CARTESIAN_POINT('',(1.098939485047,45.496401728296));
#5848 = CARTESIAN_POINT('',(1.2448432828,44.00459093415));
#5849 = CARTESIAN_POINT('',(1.390747080553,42.411312613156));
#5850 = CARTESIAN_POINT('',(1.536650878306,40.768431816555));
#5851 = CARTESIAN_POINT('',(1.682554676059,39.130111433059));
#5852 = CARTESIAN_POINT('',(1.828458473812,37.549006119093));
#5853 = CARTESIAN_POINT('',(2.193217968195,33.858978169938));
#5854 = CARTESIAN_POINT('',(2.412073664826,31.881422901544));
#5855 = CARTESIAN_POINT('',(2.630929361452,30.30192982564));
#5856 = CARTESIAN_POINT('',(2.849785058084,29.257904186845));
#5857 = CARTESIAN_POINT('',(3.068640754711,28.837935241987));
#5858 = CARTESIAN_POINT('',(3.287496451343,29.062755575902));
#5859 = CARTESIAN_POINT('',(3.506352147973,29.886871549455));
#5860 = CARTESIAN_POINT('',(3.834635692917,31.876758164615));
#5861 = CARTESIAN_POINT('',(3.944063541231,32.665672431698));
#5862 = CARTESIAN_POINT('',(4.053491389547,33.568102007936));
#5863 = CARTESIAN_POINT('',(4.162919237862,34.568736123261));
#5864 = CARTESIAN_POINT('',(4.272347086176,35.649515374935));
#5865 = CARTESIAN_POINT('',(4.381774934492,36.790308607441));
#5866 = CARTESIAN_POINT('',(4.491202782806,37.969716948836));
#5867 = CARTESIAN_POINT('',(4.710058479435,40.36211104709));
#5868 = CARTESIAN_POINT('',(4.819486327751,41.575096720247));
#5869 = CARTESIAN_POINT('',(4.928914176064,42.783044466402));
#5870 = CARTESIAN_POINT('',(5.03834202438,43.963698108744));
#5871 = CARTESIAN_POINT('',(5.147769872696,45.095210247669));
#5872 = CARTESIAN_POINT('',(5.257197721009,46.157003792046));
#5873 = CARTESIAN_POINT('',(5.366625569324,47.13055552369));
#5874 = CARTESIAN_POINT('',(5.476053417639,48.0000006));
#5875 = ( GEOMETRIC_REPRESENTATION_CONTEXT(2) 
PARAMETRIC_REPRESENTATION_CONTEXT() REPRESENTATION_CONTEXT('2D SPACE',''
  ) );
#5876 = PCURVE('',#5877,#5882);
#5877 = PLANE('',#5878);
#5878 = AXIS2_PLACEMENT_3D('',#5879,#5880,#5881);
#5879 = CARTESIAN_POINT('',(450.24973977937,-500.,-305.9024374599));
#5880 = DIRECTION('',(0.707106781187,0.,0.707106781187));
#5881 = DIRECTION('',(-0.707106781187,0.,0.707106781187));
#5882 = DEFINITIONAL_REPRESENTATION('',(#5883),#5887);
#5883 = ELLIPSE('',#5884,15.556349186104,11.);
#5884 = AXIS2_PLACEMENT_2D('',#5885,#5886);
#5885 = CARTESIAN_POINT('',(497.60099997449,-500.));
#5886 = DIRECTION('',(-1.,0.));
#5887 = ( GEOMETRIC_REPRESENTATION_CONTEXT(2) 
PARAMETRIC_REPRESENTATION_CONTEXT() REPRESENTATION_CONTEXT('2D SPACE',''
  ) );
#5888 = ORIENTED_EDGE('',*,*,#5889,.F.);
#5889 = EDGE_CURVE('',#5890,#5834,#5892,.T.);
#5890 = VERTEX_POINT('',#5891);
#5891 = CARTESIAN_POINT('',(84.902515164656,-1.442497833621,
    56.859611971109));
#5892 = SURFACE_CURVE('',#5893,(#6057,#6224),.PCURVE_S1.);
#5893 = B_SPLINE_CURVE_WITH_KNOTS('',8,(#5894,#5895,#5896,#5897,#5898,
    #5899,#5900,#5901,#5902,#5903,#5904,#5905,#5906,#5907,#5908,#5909,
    #5910,#5911,#5912,#5913,#5914,#5915,#5916,#5917,#5918,#5919,#5920,
    #5921,#5922,#5923,#5924,#5925,#5926,#5927,#5928,#5929,#5930,#5931,
    #5932,#5933,#5934,#5935,#5936,#5937,#5938,#5939,#5940,#5941,#5942,
    #5943,#5944,#5945,#5946,#5947,#5948,#5949,#5950,#5951,#5952,#5953,
    #5954,#5955,#5956,#5957,#5958,#5959,#5960,#5961,#5962,#5963,#5964,
    #5965,#5966,#5967,#5968,#5969,#5970,#5971,#5972,#5973,#5974,#5975,
    #5976,#5977,#5978,#5979,#5980,#5981,#5982,#5983,#5984,#5985,#5986,
    #5987,#5988,#5989,#5990,#5991,#5992,#5993,#5994,#5995,#5996,#5997,
    #5998,#5999,#6000,#6001,#6002,#6003,#6004,#6005,#6006,#6007,#6008,
    #6009,#6010,#6011,#6012,#6013,#6014,#6015,#6016,#6017,#6018,#6019,
    #6020,#6021,#6022,#6023,#6024,#6025,#6026,#6027,#6028,#6029,#6030,
    #6031,#6032,#6033,#6034,#6035,#6036,#6037,#6038,#6039,#6040,#6041,
    #6042,#6043,#6044,#6045,#6046,#6047,#6048,#6049,#6050,#6051,#6052,
    #6053,#6054,#6055,#6056),.UNSPECIFIED.,.F.,.F.,(9,7,7,7,7,7,7,7,7,7,
    7,7,7,7,7,7,7,7,7,7,7,7,7,9),(0.,3.759939364857E-02,
    9.415023760559E-02,0.140850040282,0.19342867426,0.209162913621,
    0.240206442522,0.259234884311,0.296675275059,0.339257353854,
    0.420683715926,0.467587281086,0.496712083503,0.547264784708,
    0.574827645765,0.656780175629,0.725856818104,0.757065286364,
    0.776390333564,0.804607643879,0.857496993643,0.935601153336,
    0.962887524989,1.),.UNSPECIFIED.);
#5894 = CARTESIAN_POINT('',(84.902515164656,-1.442497833621,
    56.859611971109));
#5895 = CARTESIAN_POINT('',(84.958252004424,-1.832655711997,
    56.808002481864));
#5896 = CARTESIAN_POINT('',(85.030096355681,-2.212501486511,
    56.741524782998));
#5897 = CARTESIAN_POINT('',(85.116692197084,-2.581211970061,
    56.661482073547));
#5898 = CARTESIAN_POINT('',(85.216648696334,-2.938057159943,
    56.569224885115));
#5899 = CARTESIAN_POINT('',(85.328536078477,-3.282395425442,
    56.466149186176));
#5900 = CARTESIAN_POINT('',(85.450881494208,-3.613668695442,
    56.353694486369));
#5901 = CARTESIAN_POINT('',(85.582164888178,-3.931397646019,
    56.233341940794));
#5902 = CARTESIAN_POINT('',(85.929349435887,-4.692071822935,
    55.916006736516));
#5903 = CARTESIAN_POINT('',(86.15581039397,-5.120176277329,
    55.709821942878));
#5904 = CARTESIAN_POINT('',(86.396765515793,-5.520864218008,
    55.491496000795));
#5905 = CARTESIAN_POINT('',(86.649524229276,-5.89574633093,
    55.263799586266));
#5906 = CARTESIAN_POINT('',(86.912072231157,-6.246568288442,
    55.02889161298));
#5907 = CARTESIAN_POINT('',(87.183025130819,-6.575121542374,
    54.788382537955));
#5908 = CARTESIAN_POINT('',(87.461601122802,-6.883166643018,
    54.543405483742));
#5909 = CARTESIAN_POINT('',(87.983801623896,-7.411193051601,
    54.089309697011));
#5910 = CARTESIAN_POINT('',(88.224846584416,-7.636949656227,
    53.881565810728));
#5911 = CARTESIAN_POINT('',(88.470286522796,-7.850274901439,
    53.672180412574));
#5912 = CARTESIAN_POINT('',(88.719824308432,-8.051776757907,
    53.461774174891));
#5913 = CARTESIAN_POINT('',(88.973302908097,-8.242014739965,
    53.25090379365));
#5914 = CARTESIAN_POINT('',(89.230689270466,-8.421484225418,
    53.040105951481));
#5915 = CARTESIAN_POINT('',(89.492065913926,-8.590605518548,
    52.829952998226));
#5916 = CARTESIAN_POINT('',(90.056625235376,-8.928859716377,
    52.385998682547));
#5917 = CARTESIAN_POINT('',(90.359332306953,-9.09435716916,
    52.153807202481));
#5918 = CARTESIAN_POINT('',(90.667093960168,-9.247625036678,
    51.924565301668));
#5919 = CARTESIAN_POINT('',(90.981190907185,-9.389431872955,
    51.698750704031));
#5920 = CARTESIAN_POINT('',(91.302547140648,-9.51993042691,
    51.477641061363));
#5921 = CARTESIAN_POINT('',(91.631645227533,-9.638847539517,
    51.263579402971));
#5922 = CARTESIAN_POINT('',(91.96862072479,-9.745693965542,
    51.060073774248));
#5923 = CARTESIAN_POINT('',(92.416711698023,-9.868032591804,
    50.815252714498));
#5924 = CARTESIAN_POINT('',(92.520776243284,-9.89511501805,
    50.760132308504));
#5925 = CARTESIAN_POINT('',(92.625722093352,-9.921085356759,
    50.706397066055));
#5926 = CARTESIAN_POINT('',(92.731573327163,-9.945924375425,
    50.654175032582));
#5927 = CARTESIAN_POINT('',(92.838354285821,-9.969610341163,
    50.603605415264));
#5928 = CARTESIAN_POINT('',(92.946089572587,-9.992119020714,
    50.554838583029));
#5929 = CARTESIAN_POINT('',(93.05480405289,-10.01342368044,
    50.50803606655));
#5930 = CARTESIAN_POINT('',(93.380997175394,-10.07309581027,
    50.375245866238));
#5931 = CARTESIAN_POINT('',(93.60327234228,-10.10824192789,
    50.294669466578));
#5932 = CARTESIAN_POINT('',(93.829832685201,-10.13822339818,
    50.223961888499));
#5933 = CARTESIAN_POINT('',(94.05958664833,-10.16261219095,
    50.165068421926));
#5934 = CARTESIAN_POINT('',(94.291812641114,-10.18115017625,
    50.119544406794));
#5935 = CARTESIAN_POINT('',(94.526086344997,-10.19366300773,
    50.088550226239));
#5936 = CARTESIAN_POINT('',(94.762189475551,-10.2,50.072856003665));
#5937 = CARTESIAN_POINT('',(95.145768341466,-10.2,50.072856003665));
#5938 = CARTESIAN_POINT('',(95.291330367045,-10.19761921699,
    50.078752635703));
#5939 = CARTESIAN_POINT('',(95.436521659967,-10.19286948381,
    50.090516772787));
#5940 = CARTESIAN_POINT('',(95.58116820951,-10.18577443747,
    50.108034615266));
#5941 = CARTESIAN_POINT('',(95.725072311584,-10.17637104851,
    50.131106018745));
#5942 = CARTESIAN_POINT('',(95.867998529045,-10.16471419568,
    50.159443473767));
#5943 = CARTESIAN_POINT('',(96.00965971177,-10.15088428596,
    50.192671737244));
#5944 = CARTESIAN_POINT('',(96.425252611931,-10.10373988202,
    50.304420862551));
#5945 = CARTESIAN_POINT('',(96.694356725114,-10.06454152735,
    50.395607811493));
#5946 = CARTESIAN_POINT('',(96.957700646728,-10.01792547672,
    50.501227078837));
#5947 = CARTESIAN_POINT('',(97.21566163814,-9.964290171254,
    50.618781420258));
#5948 = CARTESIAN_POINT('',(97.468442622451,-9.9039816866,
    50.746025547087));
#5949 = CARTESIAN_POINT('',(97.716188582877,-9.837318540485,
    50.881029902986));
#5950 = CARTESIAN_POINT('',(97.959085728419,-9.764569493684,
    51.022220900938));
#5951 = CARTESIAN_POINT('',(98.468534782758,-9.596393365188,
    51.334648785923));
#5952 = CARTESIAN_POINT('',(98.734830602757,-9.498869189205,
    51.508009660829));
#5953 = CARTESIAN_POINT('',(98.996383333461,-9.393534605131,
    51.686607260179));
#5954 = CARTESIAN_POINT('',(99.253343943307,-9.280532638286,
    51.869002714239));
#5955 = CARTESIAN_POINT('',(99.505990311682,-9.159889292948,
    52.054181108429));
#5956 = CARTESIAN_POINT('',(99.754727395278,-9.031463226062,
    52.241493246591));
#5957 = CARTESIAN_POINT('',(100.00005231143,-8.894905570951,
    52.430566891773));
#5958 = CARTESIAN_POINT('',(100.70604806883,-8.471898303908,
    52.98574738139));
#5959 = CARTESIAN_POINT('',(101.15543344655,-8.164496767597,
    53.35319271783));
#5960 = CARTESIAN_POINT('',(101.59289436879,-7.825333696759,
    53.720742057701));
#5961 = CARTESIAN_POINT('',(102.01909633563,-7.451372550628,
    54.086470961574));
#5962 = CARTESIAN_POINT('',(102.43324940036,-7.038985071696,
    54.447825413881));
#5963 = CARTESIAN_POINT('',(102.83289774976,-6.58423011446,
    54.801239913255));
#5964 = CARTESIAN_POINT('',(103.21382614084,-6.083063351538,
    55.141724244104));
#5965 = CARTESIAN_POINT('',(103.77469550667,-5.214172364596,
    55.647250510394));
#5966 = CARTESIAN_POINT('',(103.9721590318,-4.878746277963,
    55.826177252583));
#5967 = CARTESIAN_POINT('',(104.16065003729,-4.524720411838,
    55.997768834373));
#5968 = CARTESIAN_POINT('',(104.33847686301,-4.15141645956,
    56.160305572665));
#5969 = CARTESIAN_POINT('',(104.50368589636,-3.758262620214,
    56.311827832151));
#5970 = CARTESIAN_POINT('',(104.65404597294,-3.344833519117,
    56.450121559483));
#5971 = CARTESIAN_POINT('',(104.78703023392,-2.910891656842,
    56.572705703802));
#5972 = CARTESIAN_POINT('',(104.96981707566,-2.17423233524,
    56.741472316621));
#5973 = CARTESIAN_POINT('',(105.03207232486,-1.884002054968,
    56.799029824991));
#5974 = CARTESIAN_POINT('',(105.08557739852,-1.586898956932,
    56.848552958234));
#5975 = CARTESIAN_POINT('',(105.12952750639,-1.284110186766,
    56.889268011177));
#5976 = CARTESIAN_POINT('',(105.16329635783,-0.976845589784,
    56.920570404637));
#5977 = CARTESIAN_POINT('',(105.18643566251,-0.666332676018,
    56.942026426057));
#5978 = CARTESIAN_POINT('',(105.19867463108,-0.353811585255,
    56.953374970143));
#5979 = CARTESIAN_POINT('',(105.20208018645,0.503241112886,
    56.95653284526));
#5980 = CARTESIAN_POINT('',(105.17108756753,1.041296644499,
    56.927794022506));
#5981 = CARTESIAN_POINT('',(105.10816944331,1.569344688652,
    56.869449116177));
#5982 = CARTESIAN_POINT('',(105.01540202795,2.083169794688,
    56.783495981372));
#5983 = CARTESIAN_POINT('',(104.89569514296,2.578753517339,
    56.672772755394));
#5984 = CARTESIAN_POINT('',(104.75279575413,3.052339902051,
    56.540935634312));
#5985 = CARTESIAN_POINT('',(104.59130982816,3.500445853694,
    56.392435694074));
#5986 = CARTESIAN_POINT('',(104.32156312876,4.148469883162,
    56.145290121291));
#5987 = CARTESIAN_POINT('',(104.22180650418,4.370234897556,
    56.054053429628));
#5988 = CARTESIAN_POINT('',(104.11789594649,4.585256941726,
    55.959205406944));
#5989 = CARTESIAN_POINT('',(104.0102122807,4.79369791221,55.86112785566)
  );
#5990 = CARTESIAN_POINT('',(103.89909511552,4.995733247244,
    55.760165169877));
#5991 = CARTESIAN_POINT('',(103.78484411339,5.191549081807,
    55.656625850445));
#5992 = CARTESIAN_POINT('',(103.66772026051,5.381339402659,
    55.55078402001));
#5993 = CARTESIAN_POINT('',(103.19182625107,6.112281938365,
    55.122053193602));
#5994 = CARTESIAN_POINT('',(102.81106798985,6.60961929557,
    54.781907847463));
#5995 = CARTESIAN_POINT('',(102.41186241214,7.061020490467,
    54.429104704155));
#5996 = CARTESIAN_POINT('',(101.99832387314,7.47047776688,
    54.068539780301));
#5997 = CARTESIAN_POINT('',(101.57284148311,7.841872705866,
    53.703719592634));
#5998 = CARTESIAN_POINT('',(101.13617114497,8.178772110603,
    53.337169940978));
#5999 = CARTESIAN_POINT('',(100.68764286018,8.484154027755,
    52.970819116376));
#6000 = CARTESIAN_POINT('',(99.835095404601,8.992663237611,
    52.30124761478));
#6001 = CARTESIAN_POINT('',(99.441562431181,9.200496129287,
    52.002184552552));
#6002 = CARTESIAN_POINT('',(99.039663349809,9.388411329102,
    51.708723126546));
#6003 = CARTESIAN_POINT('',(98.62535202043,9.558236848818,
    51.421151492016));
#6004 = CARTESIAN_POINT('',(98.196322850673,9.709607750156,
    51.142945338186));
#6005 = CARTESIAN_POINT('',(97.752156875267,9.840913563078,
    50.881511790273));
#6006 = CARTESIAN_POINT('',(97.293195533949,9.950592955547,
    50.648207195647));
#6007 = CARTESIAN_POINT('',(96.603568384745,10.075521695211,
    50.369678916165));
#6008 = CARTESIAN_POINT('',(96.383283477633,10.110011078593,
    50.290495136419));
#6009 = CARTESIAN_POINT('',(96.158805027705,10.139424313791,
    50.221061685672));
#6010 = CARTESIAN_POINT('',(95.931201926265,10.163345750099,
    50.163267053619));
#6011 = CARTESIAN_POINT('',(95.701184787135,10.181524258026,
    50.118617788673));
#6012 = CARTESIAN_POINT('',(95.469177264375,10.193790595815,
    50.088234290916));
#6013 = CARTESIAN_POINT('',(95.235404685472,10.2,50.072856003665));
#6014 = CARTESIAN_POINT('',(94.854231658534,10.2,50.072856003665));
#6015 = CARTESIAN_POINT('',(94.708669632955,10.197619216991,
    50.078752635703));
#6016 = CARTESIAN_POINT('',(94.563478340034,10.192869483815,
    50.090516772787));
#6017 = CARTESIAN_POINT('',(94.41883179049,10.185774437477,
    50.108034615266));
#6018 = CARTESIAN_POINT('',(94.274927688416,10.176371048514,
    50.131106018745));
#6019 = CARTESIAN_POINT('',(94.132001470955,10.164714195683,
    50.159443473768));
#6020 = CARTESIAN_POINT('',(93.99034028823,10.150884285965,
    50.192671737244));
#6021 = CARTESIAN_POINT('',(93.645813744894,10.111801571797,
    50.285311769949));
#6022 = CARTESIAN_POINT('',(93.444732406266,10.084215470079,
    50.349748917815));
#6023 = CARTESIAN_POINT('',(93.246811317385,10.05244637195,
    50.422567503637));
#6024 = CARTESIAN_POINT('',(93.051907932264,10.016667618308,
    50.502728956688));
#6025 = CARTESIAN_POINT('',(92.859955656478,9.977039261949,
    50.589244517472));
#6026 = CARTESIAN_POINT('',(92.670940610968,9.933719925958,
    50.681189187338));
#6027 = CARTESIAN_POINT('',(92.484878252375,9.886870392292,
    50.777713301348));
#6028 = CARTESIAN_POINT('',(91.958616583257,9.742515888161,
    51.066121880357));
#6029 = CARTESIAN_POINT('',(91.623269663208,9.635817404311,
    51.269030243998));
#6030 = CARTESIAN_POINT('',(91.295718811812,9.5171565209,51.482339502193
    ));
#6031 = CARTESIAN_POINT('',(90.97582639879,9.387011605555,
    51.702605981434));
#6032 = CARTESIAN_POINT('',(90.663114221136,9.245646843193,
    51.927527587919));
#6033 = CARTESIAN_POINT('',(90.356673507727,9.092908267836,
    52.155844525952));
#6034 = CARTESIAN_POINT('',(90.055248320239,8.928039720591,
    52.387079616605));
#6035 = CARTESIAN_POINT('',(89.317857004565,8.486221364156,
    52.966948925144));
#6036 = CARTESIAN_POINT('',(88.890717316489,8.195981311447,
    53.315488366164));
#6037 = CARTESIAN_POINT('',(88.474340657462,7.87716464305,
    53.664327562244));
#6038 = CARTESIAN_POINT('',(88.068187197954,7.527274038895,
    54.011695484825));
#6039 = CARTESIAN_POINT('',(87.672862195173,7.143325023406,
    54.355405597868));
#6040 = CARTESIAN_POINT('',(87.290269499473,6.722055304858,
    54.69251955317));
#6041 = CARTESIAN_POINT('',(86.923692012567,6.260082846671,
    55.019023236916));
#6042 = CARTESIAN_POINT('',(86.457298880409,5.577461273563,
    55.438006748234));
#6043 = CARTESIAN_POINT('',(86.338987864898,5.395199736836,
    55.544634202964));
#6044 = CARTESIAN_POINT('',(86.223303671082,5.207208234636,
    55.649204861489));
#6045 = CARTESIAN_POINT('',(86.110470173528,5.013290690349,
    55.751478824931));
#6046 = CARTESIAN_POINT('',(86.000749657524,4.813259160956,
    55.851182390597));
#6047 = CARTESIAN_POINT('',(85.89444263358,4.606933950662,
    55.948007760857));
#6048 = CARTESIAN_POINT('',(85.791887651926,4.394143724518,
    56.041612752027));
#6049 = CARTESIAN_POINT('',(85.559590173516,3.876292801853,
    56.254040972357));
#6050 = CARTESIAN_POINT('',(85.432872970789,3.564520016225,
    56.370249318985));
#6051 = CARTESIAN_POINT('',(85.31479941859,3.239831893549,
    56.478804971046));
#6052 = CARTESIAN_POINT('',(85.206803407298,2.902721152757,56.5783121256
    ));
#6053 = CARTESIAN_POINT('',(85.110266437633,2.55375232257,
    56.667421629944));
#6054 = CARTESIAN_POINT('',(85.026521250365,2.193565460732,
    56.744832862701));
#6055 = CARTESIAN_POINT('',(84.956855456031,1.822879873247,
    56.809295614908));
#6056 = CARTESIAN_POINT('',(84.902515164656,1.442497833621,
    56.859611971109));
#6057 = PCURVE('',#1410,#6058);
#6058 = DEFINITIONAL_REPRESENTATION('',(#6059),#6223);
#6059 = B_SPLINE_CURVE_WITH_KNOTS('',8,(#6060,#6061,#6062,#6063,#6064,
    #6065,#6066,#6067,#6068,#6069,#6070,#6071,#6072,#6073,#6074,#6075,
    #6076,#6077,#6078,#6079,#6080,#6081,#6082,#6083,#6084,#6085,#6086,
    #6087,#6088,#6089,#6090,#6091,#6092,#6093,#6094,#6095,#6096,#6097,
    #6098,#6099,#6100,#6101,#6102,#6103,#6104,#6105,#6106,#6107,#6108,
    #6109,#6110,#6111,#6112,#6113,#6114,#6115,#6116,#6117,#6118,#6119,
    #6120,#6121,#6122,#6123,#6124,#6125,#6126,#6127,#6128,#6129,#6130,
    #6131,#6132,#6133,#6134,#6135,#6136,#6137,#6138,#6139,#6140,#6141,
    #6142,#6143,#6144,#6145,#6146,#6147,#6148,#6149,#6150,#6151,#6152,
    #6153,#6154,#6155,#6156,#6157,#6158,#6159,#6160,#6161,#6162,#6163,
    #6164,#6165,#6166,#6167,#6168,#6169,#6170,#6171,#6172,#6173,#6174,
    #6175,#6176,#6177,#6178,#6179,#6180,#6181,#6182,#6183,#6184,#6185,
    #6186,#6187,#6188,#6189,#6190,#6191,#6192,#6193,#6194,#6195,#6196,
    #6197,#6198,#6199,#6200,#6201,#6202,#6203,#6204,#6205,#6206,#6207,
    #6208,#6209,#6210,#6211,#6212,#6213,#6214,#6215,#6216,#6217,#6218,
    #6219,#6220,#6221,#6222),.UNSPECIFIED.,.F.,.F.,(9,7,7,7,7,7,7,7,7,7,
    7,7,7,7,7,7,7,7,7,7,7,7,7,9),(0.,3.759939364857E-02,
    9.415023760559E-02,0.140850040282,0.19342867426,0.209162913621,
    0.240206442522,0.259234884311,0.296675275059,0.339257353854,
    0.420683715926,0.467587281086,0.496712083503,0.547264784708,
    0.574827645765,0.656780175629,0.725856818104,0.757065286364,
    0.776390333564,0.804607643879,0.857496993643,0.935601153336,
    0.962887524989,1.),.UNSPECIFIED.);
#6060 = CARTESIAN_POINT('',(3.273107610365,26.902515164656));
#6061 = CARTESIAN_POINT('',(3.308885472933,26.958252004424));
#6062 = CARTESIAN_POINT('',(3.343911214026,27.030096355681));
#6063 = CARTESIAN_POINT('',(3.378164903679,27.116692197084));
#6064 = CARTESIAN_POINT('',(3.411622121374,27.216648696334));
#6065 = CARTESIAN_POINT('',(3.444253549022,27.328536078477));
#6066 = CARTESIAN_POINT('',(3.476024563957,27.450881494208));
#6067 = CARTESIAN_POINT('',(3.506894831914,27.582164888178));
#6068 = CARTESIAN_POINT('',(3.581823273551,27.929349435887));
#6069 = CARTESIAN_POINT('',(3.624958425793,28.15581039397));
#6070 = CARTESIAN_POINT('',(3.666357038557,28.396765515793));
#6071 = CARTESIAN_POINT('',(3.70614801185,28.649524229276));
#6072 = CARTESIAN_POINT('',(3.744460476496,28.912072231157));
#6073 = CARTESIAN_POINT('',(3.781426280626,29.183025130819));
#6074 = CARTESIAN_POINT('',(3.817179950033,29.461601122802));
#6075 = CARTESIAN_POINT('',(3.88049177649,29.983801623896));
#6076 = CARTESIAN_POINT('',(3.908366535732,30.224846584416));
#6077 = CARTESIAN_POINT('',(3.935517547677,30.470286522796));
#6078 = CARTESIAN_POINT('',(3.961977683518,30.719824308432));
#6079 = CARTESIAN_POINT('',(3.987774141176,30.973302908097));
#6080 = CARTESIAN_POINT('',(4.012925926212,31.230689270466));
#6081 = CARTESIAN_POINT('',(4.037440210584,31.492065913926));
#6082 = CARTESIAN_POINT('',(4.088179483909,32.056625235376));
#6083 = CARTESIAN_POINT('',(4.114087740137,32.359332306953));
#6084 = CARTESIAN_POINT('',(4.139138582957,32.667093960168));
#6085 = CARTESIAN_POINT('',(4.163360163695,32.981190907185));
#6086 = CARTESIAN_POINT('',(4.186684478139,33.302547140648));
#6087 = CARTESIAN_POINT('',(4.208935240494,33.631645227533));
#6088 = CARTESIAN_POINT('',(4.229826443848,33.96862072479));
#6089 = CARTESIAN_POINT('',(4.254706999961,34.416711698023));
#6090 = CARTESIAN_POINT('',(4.260289991091,34.520776243284));
#6091 = CARTESIAN_POINT('',(4.265715436395,34.625722093352));
#6092 = CARTESIAN_POINT('',(4.270972365186,34.731573327163));
#6093 = CARTESIAN_POINT('',(4.276048730985,34.838354285821));
#6094 = CARTESIAN_POINT('',(4.28093141152,34.946089572587));
#6095 = CARTESIAN_POINT('',(4.285606208727,35.05480405289));
#6096 = CARTESIAN_POINT('',(4.298840899048,35.380997175394));
#6097 = CARTESIAN_POINT('',(4.306832018647,35.60327234228));
#6098 = CARTESIAN_POINT('',(4.313813476725,35.829832685201));
#6099 = CARTESIAN_POINT('',(4.319608074904,36.05958664833));
#6100 = CARTESIAN_POINT('',(4.324076549291,36.291812641114));
#6101 = CARTESIAN_POINT('',(4.327115215609,36.526086344997));
#6102 = CARTESIAN_POINT('',(4.328653857413,36.762189475551));
#6103 = CARTESIAN_POINT('',(4.328653857413,37.145768341466));
#6104 = CARTESIAN_POINT('',(4.328075756481,37.291330367045));
#6105 = CARTESIAN_POINT('',(4.326922409044,37.436521659967));
#6106 = CARTESIAN_POINT('',(4.325204218325,37.58116820951));
#6107 = CARTESIAN_POINT('',(4.322939312592,37.725072311584));
#6108 = CARTESIAN_POINT('',(4.32015376462,37.867998529045));
#6109 = CARTESIAN_POINT('',(4.316881854342,38.00965971177));
#6110 = CARTESIAN_POINT('',(4.305855791368,38.425252611931));
#6111 = CARTESIAN_POINT('',(4.296832789363,38.694356725114));
#6112 = CARTESIAN_POINT('',(4.28633828704,38.957700646728));
#6113 = CARTESIAN_POINT('',(4.274593638748,39.21566163814));
#6114 = CARTESIAN_POINT('',(4.261795423661,39.468442622451));
#6115 = CARTESIAN_POINT('',(4.248110883792,39.716188582877));
#6116 = CARTESIAN_POINT('',(4.233674011219,39.959085728419));
#6117 = CARTESIAN_POINT('',(4.201418011264,40.468534782758));
#6118 = CARTESIAN_POINT('',(4.183338468959,40.734830602757));
#6119 = CARTESIAN_POINT('',(4.164495497507,40.996383333461));
#6120 = CARTESIAN_POINT('',(4.144999236904,41.253343943307));
#6121 = CARTESIAN_POINT('',(4.124918152515,41.505990311682));
#6122 = CARTESIAN_POINT('',(4.104281870256,41.754727395278));
#6123 = CARTESIAN_POINT('',(4.083085970567,42.000052311436));
#6124 = CARTESIAN_POINT('',(4.01963425638,42.706048068836));
#6125 = CARTESIAN_POINT('',(3.9761272965,43.155433446545));
#6126 = CARTESIAN_POINT('',(3.930752650961,43.592894368807));
#6127 = CARTESIAN_POINT('',(3.883331155672,44.019096335608));
#6128 = CARTESIAN_POINT('',(3.833646409667,44.433249400381));
#6129 = CARTESIAN_POINT('',(3.781458742808,44.83289774976));
#6130 = CARTESIAN_POINT('',(3.726512416754,45.21382614084));
#6131 = CARTESIAN_POINT('',(3.635126017369,45.774695506677));
#6132 = CARTESIAN_POINT('',(3.600589072619,45.972159031809));
#6133 = CARTESIAN_POINT('',(3.564869217605,46.160650037299));
#6134 = CARTESIAN_POINT('',(3.527918659524,46.338476863016));
#6135 = CARTESIAN_POINT('',(3.489688967127,46.503685896362));
#6136 = CARTESIAN_POINT('',(3.450130127442,46.654045972946));
#6137 = CARTESIAN_POINT('',(3.409188470693,46.787030233929));
#6138 = CARTESIAN_POINT('',(3.340484462744,46.96981707566));
#6139 = CARTESIAN_POINT('',(3.313597664897,47.032072324864));
#6140 = CARTESIAN_POINT('',(3.286237252381,47.085577398523));
#6141 = CARTESIAN_POINT('',(3.258491206969,47.129527506393));
#6142 = CARTESIAN_POINT('',(3.230442808022,47.163296357838));
#6143 = CARTESIAN_POINT('',(3.202172130806,47.186435662517));
#6144 = CARTESIAN_POINT('',(3.173757544819,47.198674631088));
#6145 = CARTESIAN_POINT('',(3.095843134289,47.202080186453));
#6146 = CARTESIAN_POINT('',(3.046938897832,47.171087567536));
#6147 = CARTESIAN_POINT('',(2.99877045152,47.108169443313));
#6148 = CARTESIAN_POINT('',(2.951552463476,47.015402027958));
#6149 = CARTESIAN_POINT('',(2.905515237066,46.895695142968));
#6150 = CARTESIAN_POINT('',(2.860914001057,46.752795754139));
#6151 = CARTESIAN_POINT('',(2.81804057405,46.591309828168));
#6152 = CARTESIAN_POINT('',(2.754990280803,46.32156312876));
#6153 = CARTESIAN_POINT('',(2.733197642458,46.221806504183));
#6154 = CARTESIAN_POINT('',(2.711844020831,46.117895946496));
#6155 = CARTESIAN_POINT('',(2.690914100023,46.010212280704));
#6156 = CARTESIAN_POINT('',(2.670392621608,45.899095115521));
#6157 = CARTESIAN_POINT('',(2.650264290698,45.784844113393));
#6158 = CARTESIAN_POINT('',(2.630513682012,45.667720260514));
#6159 = CARTESIAN_POINT('',(2.553477299493,45.191826251071));
#6160 = CARTESIAN_POINT('',(2.498833615867,44.811067989855));
#6161 = CARTESIAN_POINT('',(2.446917874963,44.411862412135));
#6162 = CARTESIAN_POINT('',(2.397478279885,43.998323873162));
#6163 = CARTESIAN_POINT('',(2.350279465409,43.572841483104));
#6164 = CARTESIAN_POINT('',(2.305109896176,43.136171144977));
#6165 = CARTESIAN_POINT('',(2.261796380688,42.687642860185));
#6166 = CARTESIAN_POINT('',(2.185362018838,41.835095404601));
#6167 = CARTESIAN_POINT('',(2.152283441103,41.441562431182));
#6168 = CARTESIAN_POINT('',(2.120640513135,41.039663349807));
#6169 = CARTESIAN_POINT('',(2.090317443639,40.625352020433));
#6170 = CARTESIAN_POINT('',(2.06155719152,40.196322850671));
#6171 = CARTESIAN_POINT('',(2.034976132977,39.752156875268));
#6172 = CARTESIAN_POINT('',(2.011543527938,39.293195533949));
#6173 = CARTESIAN_POINT('',(1.983792391789,38.603568384745));
#6174 = CARTESIAN_POINT('',(1.975941158974,38.383283477633));
#6175 = CARTESIAN_POINT('',(1.969086479811,38.158805027705));
#6176 = CARTESIAN_POINT('',(1.963400414405,37.931201926265));
#6177 = CARTESIAN_POINT('',(1.959017912213,37.701184787135));
#6178 = CARTESIAN_POINT('',(1.956039117948,37.469177264375));
#6179 = CARTESIAN_POINT('',(1.954531449766,37.235404685472));
#6180 = CARTESIAN_POINT('',(1.954531449766,36.854231658534));
#6181 = CARTESIAN_POINT('',(1.955109550699,36.708669632955));
#6182 = CARTESIAN_POINT('',(1.956262898135,36.563478340034));
#6183 = CARTESIAN_POINT('',(1.957981088855,36.41883179049));
#6184 = CARTESIAN_POINT('',(1.960245994588,36.274927688416));
#6185 = CARTESIAN_POINT('',(1.963031542559,36.132001470955));
#6186 = CARTESIAN_POINT('',(1.966303452837,35.99034028823));
#6187 = CARTESIAN_POINT('',(1.975444059815,35.645813744894));
#6188 = CARTESIAN_POINT('',(1.981816134726,35.444732406266));
#6189 = CARTESIAN_POINT('',(1.989038293822,35.246811317385));
#6190 = CARTESIAN_POINT('',(1.997018026806,35.051907932264));
#6191 = CARTESIAN_POINT('',(2.005668001109,34.859955656478));
#6192 = CARTESIAN_POINT('',(2.014906868357,34.670940610968));
#6193 = CARTESIAN_POINT('',(2.024660052657,34.484878252375));
#6194 = CARTESIAN_POINT('',(2.053979852656,33.958616583257));
#6195 = CARTESIAN_POINT('',(2.074816749934,33.623269663208));
#6196 = CARTESIAN_POINT('',(2.096996499913,33.295718811812));
#6197 = CARTESIAN_POINT('',(2.120238640481,32.97582639879));
#6198 = CARTESIAN_POINT('',(2.144370319728,32.663114221136));
#6199 = CARTESIAN_POINT('',(2.169324724061,32.356673507727));
#6200 = CARTESIAN_POINT('',(2.195129165279,32.055248320239));
#6201 = CARTESIAN_POINT('',(2.261402570629,31.317857004565));
#6202 = CARTESIAN_POINT('',(2.302596897341,30.890717316488));
#6203 = CARTESIAN_POINT('',(2.345481393171,30.474340657463));
#6204 = CARTESIAN_POINT('',(2.390193076836,30.068187197952));
#6205 = CARTESIAN_POINT('',(2.436905977084,29.672862195174));
#6206 = CARTESIAN_POINT('',(2.48581644552,29.290269499473));
#6207 = CARTESIAN_POINT('',(2.537136470921,28.923692012567));
#6208 = CARTESIAN_POINT('',(2.609950021723,28.457298880409));
#6209 = CARTESIAN_POINT('',(2.62914210643,28.338987864898));
#6210 = CARTESIAN_POINT('',(2.648690562717,28.223303671082));
#6211 = CARTESIAN_POINT('',(2.668610907182,28.110470173528));
#6212 = CARTESIAN_POINT('',(2.688918262412,28.000749657524));
#6213 = CARTESIAN_POINT('',(2.709627688774,27.89444263358));
#6214 = CARTESIAN_POINT('',(2.730754516187,27.791887651926));
#6215 = CARTESIAN_POINT('',(2.781638871127,27.559590173516));
#6216 = CARTESIAN_POINT('',(2.811870741181,27.432872970789));
#6217 = CARTESIAN_POINT('',(2.842963249673,27.31479941859));
#6218 = CARTESIAN_POINT('',(2.874875259916,27.206803407298));
#6219 = CARTESIAN_POINT('',(2.907571099621,27.110266437633));
#6220 = CARTESIAN_POINT('',(2.941020125571,27.026521250365));
#6221 = CARTESIAN_POINT('',(2.97519628831,26.956855456031));
#6222 = CARTESIAN_POINT('',(3.010077696815,26.902515164656));
#6223 = ( GEOMETRIC_REPRESENTATION_CONTEXT(2) 
PARAMETRIC_REPRESENTATION_CONTEXT() REPRESENTATION_CONTEXT('2D SPACE',''
  ) );
#6224 = PCURVE('',#6225,#6230);
#6225 = CYLINDRICAL_SURFACE('',#6226,10.2);
#6226 = AXIS2_PLACEMENT_3D('',#6227,#6228,#6229);
#6227 = CARTESIAN_POINT('',(95.,0.,3.3));
#6228 = DIRECTION('',(-0.,-0.,-1.));
#6229 = DIRECTION('',(-0.989949493661,-0.141421356237,0.));
#6230 = DEFINITIONAL_REPRESENTATION('',(#6231),#6395);
#6231 = B_SPLINE_CURVE_WITH_KNOTS('',8,(#6232,#6233,#6234,#6235,#6236,
    #6237,#6238,#6239,#6240,#6241,#6242,#6243,#6244,#6245,#6246,#6247,
    #6248,#6249,#6250,#6251,#6252,#6253,#6254,#6255,#6256,#6257,#6258,
    #6259,#6260,#6261,#6262,#6263,#6264,#6265,#6266,#6267,#6268,#6269,
    #6270,#6271,#6272,#6273,#6274,#6275,#6276,#6277,#6278,#6279,#6280,
    #6281,#6282,#6283,#6284,#6285,#6286,#6287,#6288,#6289,#6290,#6291,
    #6292,#6293,#6294,#6295,#6296,#6297,#6298,#6299,#6300,#6301,#6302,
    #6303,#6304,#6305,#6306,#6307,#6308,#6309,#6310,#6311,#6312,#6313,
    #6314,#6315,#6316,#6317,#6318,#6319,#6320,#6321,#6322,#6323,#6324,
    #6325,#6326,#6327,#6328,#6329,#6330,#6331,#6332,#6333,#6334,#6335,
    #6336,#6337,#6338,#6339,#6340,#6341,#6342,#6343,#6344,#6345,#6346,
    #6347,#6348,#6349,#6350,#6351,#6352,#6353,#6354,#6355,#6356,#6357,
    #6358,#6359,#6360,#6361,#6362,#6363,#6364,#6365,#6366,#6367,#6368,
    #6369,#6370,#6371,#6372,#6373,#6374,#6375,#6376,#6377,#6378,#6379,
    #6380,#6381,#6382,#6383,#6384,#6385,#6386,#6387,#6388,#6389,#6390,
    #6391,#6392,#6393,#6394),.UNSPECIFIED.,.F.,.F.,(9,7,7,7,7,7,7,7,7,7,
    7,7,7,7,7,7,7,7,7,7,7,7,7,9),(0.,3.759939364857E-02,
    9.415023760559E-02,0.140850040282,0.19342867426,0.209162913621,
    0.240206442522,0.259234884311,0.296675275059,0.339257353854,
    0.420683715926,0.467587281086,0.496712083503,0.547264784708,
    0.574827645765,0.656780175629,0.725856818104,0.757065286364,
    0.776390333564,0.804607643879,0.857496993643,0.935601153336,
    0.962887524989,1.),.UNSPECIFIED.);
#6232 = CARTESIAN_POINT('',(0.,-53.5596119711));
#6233 = CARTESIAN_POINT('',(-3.863911506067E-02,-53.50800248186));
#6234 = CARTESIAN_POINT('',(-7.650077929017E-02,-53.44152478299));
#6235 = CARTESIAN_POINT('',(-0.11357403376,-53.36148207354));
#6236 = CARTESIAN_POINT('',(-0.149841942511,-53.26922488511));
#6237 = CARTESIAN_POINT('',(-0.185281023447,-53.16614918617));
#6238 = CARTESIAN_POINT('',(-0.219860679213,-53.05369448636));
#6239 = CARTESIAN_POINT('',(-0.253542628087,-52.93334194079));
#6240 = CARTESIAN_POINT('',(-0.335519026449,-52.61600673651));
#6241 = CARTESIAN_POINT('',(-0.382919758544,-52.40982194287));
#6242 = CARTESIAN_POINT('',(-0.428646843956,-52.19149600079));
#6243 = CARTESIAN_POINT('',(-0.472860015312,-51.96379958626));
#6244 = CARTESIAN_POINT('',(-0.51572097618,-51.72889161298));
#6245 = CARTESIAN_POINT('',(-0.557399206184,-51.48838253795));
#6246 = CARTESIAN_POINT('',(-0.598077020134,-51.24340548374));
#6247 = CARTESIAN_POINT('',(-0.670884274611,-50.78930969701));
#6248 = CARTESIAN_POINT('',(-0.703238548818,-50.58156581072));
#6249 = CARTESIAN_POINT('',(-0.735083630085,-50.37218041257));
#6250 = CARTESIAN_POINT('',(-0.766487893849,-50.16177417489));
#6251 = CARTESIAN_POINT('',(-0.79752066951,-49.95090379365));
#6252 = CARTESIAN_POINT('',(-0.828252449334,-49.74010595148));
#6253 = CARTESIAN_POINT('',(-0.858755801457,-49.52995299822));
#6254 = CARTESIAN_POINT('',(-0.923278948788,-49.08599868254));
#6255 = CARTESIAN_POINT('',(-0.957075556358,-48.85380720248));
#6256 = CARTESIAN_POINT('',(-0.990741891606,-48.62456530166));
#6257 = CARTESIAN_POINT('',(-1.024479392772,-48.39875070403));
#6258 = CARTESIAN_POINT('',(-1.058432537712,-48.17764106136));
#6259 = CARTESIAN_POINT('',(-1.09269405114,-47.96357940297));
#6260 = CARTESIAN_POINT('',(-1.127323364923,-47.76007377424));
#6261 = CARTESIAN_POINT('',(-1.172861737377,-47.51525271449));
#6262 = CARTESIAN_POINT('',(-1.183403244829,-47.4601323085));
#6263 = CARTESIAN_POINT('',(-1.194001131259,-47.40639706605));
#6264 = CARTESIAN_POINT('',(-1.204659009188,-47.35417503258));
#6265 = CARTESIAN_POINT('',(-1.215380555305,-47.30360541526));
#6266 = CARTESIAN_POINT('',(-1.226169510458,-47.25483858302));
#6267 = CARTESIAN_POINT('',(-1.237029679658,-47.20803606655));
#6268 = CARTESIAN_POINT('',(-1.269540097982,-47.07524586623));
#6269 = CARTESIAN_POINT('',(-1.291596081916,-46.99466946657));
#6270 = CARTESIAN_POINT('',(-1.313989580516,-46.92396188849));
#6271 = CARTESIAN_POINT('',(-1.33662581202,-46.86506842192));
#6272 = CARTESIAN_POINT('',(-1.359449796046,-46.81954440679));
#6273 = CARTESIAN_POINT('',(-1.382437166114,-46.78855022623));
#6274 = CARTESIAN_POINT('',(-1.405584514892,-46.77285600366));
#6275 = CARTESIAN_POINT('',(-1.44319028606,-46.77285600366));
#6276 = CARTESIAN_POINT('',(-1.457461071442,-46.7787526357));
#6277 = CARTESIAN_POINT('',(-1.471699963289,-46.79051677278));
#6278 = CARTESIAN_POINT('',(-1.485894284716,-46.80803461526));
#6279 = CARTESIAN_POINT('',(-1.5000289229,-46.83110601874));
#6280 = CARTESIAN_POINT('',(-1.514084838712,-46.85944347376));
#6281 = CARTESIAN_POINT('',(-1.528037510092,-46.89267173724));
#6282 = CARTESIAN_POINT('',(-1.5690432314,-47.00442086255));
#6283 = CARTESIAN_POINT('',(-1.595691071743,-47.09560781149));
#6284 = CARTESIAN_POINT('',(-1.62189019288,-47.20122707883));
#6285 = CARTESIAN_POINT('',(-1.647698885343,-47.31878142025));
#6286 = CARTESIAN_POINT('',(-1.673155720907,-47.44602554708));
#6287 = CARTESIAN_POINT('',(-1.698291618423,-47.58102990298));
#6288 = CARTESIAN_POINT('',(-1.723140622044,-47.72222090093));
#6289 = CARTESIAN_POINT('',(-1.775737683523,-48.03464878592));
#6290 = CARTESIAN_POINT('',(-1.803526406312,-48.20800966082));
#6291 = CARTESIAN_POINT('',(-1.831146994567,-48.38660726017));
#6292 = CARTESIAN_POINT('',(-1.858640543113,-48.56900271423));
#6293 = CARTESIAN_POINT('',(-1.886062251712,-48.75418110842));
#6294 = CARTESIAN_POINT('',(-1.913484460047,-48.94149324659));
#6295 = CARTESIAN_POINT('',(-1.94099703425,-49.13056689177));
#6296 = CARTESIAN_POINT('',(-2.021685462344,-49.68574738139));
#6297 = CARTESIAN_POINT('',(-2.074967973227,-50.05319271783));
#6298 = CARTESIAN_POINT('',(-2.129074662446,-50.42074205769));
#6299 = CARTESIAN_POINT('',(-2.184452167635,-50.78647096157));
#6300 = CARTESIAN_POINT('',(-2.241509639734,-51.14782541387));
#6301 = CARTESIAN_POINT('',(-2.300622213626,-51.50123991325));
#6302 = CARTESIAN_POINT('',(-2.362156719915,-51.8417242441));
#6303 = CARTESIAN_POINT('',(-2.463547755925,-52.34725051039));
#6304 = CARTESIAN_POINT('',(-2.501675617595,-52.52617725258));
#6305 = CARTESIAN_POINT('',(-2.540935908235,-52.69776883437));
#6306 = CARTESIAN_POINT('',(-2.581391123371,-52.86030557266));
#6307 = CARTESIAN_POINT('',(-2.623104375778,-53.01182783215));
#6308 = CARTESIAN_POINT('',(-2.666141097355,-53.15012155948));
#6309 = CARTESIAN_POINT('',(-2.710572138642,-53.2727057038));
#6310 = CARTESIAN_POINT('',(-2.784983708665,-53.44147231662));
#6311 = CARTESIAN_POINT('',(-2.814070107921,-53.49902982499));
#6312 = CARTESIAN_POINT('',(-2.843639117045,-53.54855295823));
#6313 = CARTESIAN_POINT('',(-2.873600193717,-53.58926801117));
#6314 = CARTESIAN_POINT('',(-2.903868717342,-53.62057040463));
#6315 = CARTESIAN_POINT('',(-2.93436410639,-53.64202642605));
#6316 = CARTESIAN_POINT('',(-2.965007935737,-53.65337497014));
#6317 = CARTESIAN_POINT('',(-3.049033373405,-53.65653284526));
#6318 = CARTESIAN_POINT('',(-3.101771451393,-53.6277940225));
#6319 = CARTESIAN_POINT('',(-3.153746775287,-53.56944911617));
#6320 = CARTESIAN_POINT('',(-3.204757042191,-53.48349598137));
#6321 = CARTESIAN_POINT('',(-3.254580245533,-53.37277275539));
#6322 = CARTESIAN_POINT('',(-3.30296325354,-53.24093563431));
#6323 = CARTESIAN_POINT('',(-3.349605879685,-53.09243569407));
#6324 = CARTESIAN_POINT('',(-3.41842203653,-52.84529012129));
#6325 = CARTESIAN_POINT('',(-3.442252613305,-52.75405342962));
#6326 = CARTESIAN_POINT('',(-3.465651164824,-52.65920540694));
#6327 = CARTESIAN_POINT('',(-3.488636447777,-52.56112785566));
#6328 = CARTESIAN_POINT('',(-3.511227165562,-52.46016516987));
#6329 = CARTESIAN_POINT('',(-3.533442147717,-52.35662585044));
#6330 = CARTESIAN_POINT('',(-3.555300529371,-52.25078402001));
#6331 = CARTESIAN_POINT('',(-3.64081141567,-51.8220531936));
#6332 = CARTESIAN_POINT('',(-3.70204026914,-51.48190784746));
#6333 = CARTESIAN_POINT('',(-3.760880958553,-51.12910470415));
#6334 = CARTESIAN_POINT('',(-3.817696327812,-50.7685397803));
#6335 = CARTESIAN_POINT('',(-3.872857413076,-50.40371959263));
#6336 = CARTESIAN_POINT('',(-3.926768628792,-50.03716994097));
#6337 = CARTESIAN_POINT('',(-3.979871044848,-49.67081911637));
#6338 = CARTESIAN_POINT('',(-4.077192870164,-49.00124761478));
#6339 = CARTESIAN_POINT('',(-4.120765712394,-48.70218455255));
#6340 = CARTESIAN_POINT('',(-4.16417682597,-48.40872312654));
#6341 = CARTESIAN_POINT('',(-4.207970382953,-48.12115149201));
#6342 = CARTESIAN_POINT('',(-4.252456496331,-47.84294533818));
#6343 = CARTESIAN_POINT('',(-4.297760780986,-47.58151179027));
#6344 = CARTESIAN_POINT('',(-4.343953131678,-47.34820719564));
#6345 = CARTESIAN_POINT('',(-4.412664060943,-47.06967891616));
#6346 = CARTESIAN_POINT('',(-4.434517454351,-46.99049513641));
#6347 = CARTESIAN_POINT('',(-4.456701649123,-46.92106168567));
#6348 = CARTESIAN_POINT('',(-4.479123793009,-46.86326705361));
#6349 = CARTESIAN_POINT('',(-4.501729557624,-46.81861778867));
#6350 = CARTESIAN_POINT('',(-4.524494171103,-46.78823429091));
#6351 = CARTESIAN_POINT('',(-4.547413035048,-46.77285600366));
#6352 = CARTESIAN_POINT('',(-4.58478293965,-46.77285600366));
#6353 = CARTESIAN_POINT('',(-4.599053725032,-46.7787526357));
#6354 = CARTESIAN_POINT('',(-4.613292616879,-46.79051677278));
#6355 = CARTESIAN_POINT('',(-4.627486938306,-46.80803461526));
#6356 = CARTESIAN_POINT('',(-4.641621576489,-46.83110601874));
#6357 = CARTESIAN_POINT('',(-4.655677492302,-46.85944347376));
#6358 = CARTESIAN_POINT('',(-4.669630163682,-46.89267173724));
#6359 = CARTESIAN_POINT('',(-4.703623909518,-46.98531176994));
#6360 = CARTESIAN_POINT('',(-4.723516984045,-47.04974891781));
#6361 = CARTESIAN_POINT('',(-4.743160919516,-47.12256750363));
#6362 = CARTESIAN_POINT('',(-4.762578782994,-47.20272895668));
#6363 = CARTESIAN_POINT('',(-4.781785338171,-47.28924451747));
#6364 = CARTESIAN_POINT('',(-4.800789373068,-47.38118918733));
#6365 = CARTESIAN_POINT('',(-4.81959599265,-47.47771330134));
#6366 = CARTESIAN_POINT('',(-4.873096089418,-47.76612188035));
#6367 = CARTESIAN_POINT('',(-4.907569236324,-47.96903024399));
#6368 = CARTESIAN_POINT('',(-4.941680161732,-48.18233950219));
#6369 = CARTESIAN_POINT('',(-4.975487957391,-48.40260598143));
#6370 = CARTESIAN_POINT('',(-5.00908449741,-48.62752758791));
#6371 = CARTESIAN_POINT('',(-5.042612268489,-48.85584452595));
#6372 = CARTESIAN_POINT('',(-5.076269365096,-49.0870796166));
#6373 = CARTESIAN_POINT('',(-5.160545999237,-49.66694892514));
#6374 = CARTESIAN_POINT('',(-5.211092917805,-50.01548836616));
#6375 = CARTESIAN_POINT('',(-5.262367941255,-50.36432756224));
#6376 = CARTESIAN_POINT('',(-5.314745391716,-50.71169548482));
#6377 = CARTESIAN_POINT('',(-5.368570385183,-51.05540559786));
#6378 = CARTESIAN_POINT('',(-5.424162282507,-51.39251955317));
#6379 = CARTESIAN_POINT('',(-5.481833064124,-51.71902323691));
#6380 = CARTESIAN_POINT('',(-5.562885752606,-52.13800674823));
#6381 = CARTESIAN_POINT('',(-5.584183146498,-52.24463420296));
#6382 = CARTESIAN_POINT('',(-5.605813201107,-52.34920486148));
#6383 = CARTESIAN_POINT('',(-5.627795224558,-52.45147882493));
#6384 = CARTESIAN_POINT('',(-5.650147881778,-52.55118239059));
#6385 = CARTESIAN_POINT('',(-5.672889637915,-52.64800776085));
#6386 = CARTESIAN_POINT('',(-5.696039201758,-52.74161275202));
#6387 = CARTESIAN_POINT('',(-5.751682973216,-52.95404097235));
#6388 = CARTESIAN_POINT('',(-5.78465617485,-53.07024931898));
#6389 = CARTESIAN_POINT('',(-5.818488145306,-53.17880497104));
#6390 = CARTESIAN_POINT('',(-5.853139394191,-53.2783121256));
#6391 = CARTESIAN_POINT('',(-5.888577762133,-53.36742162994));
#6392 = CARTESIAN_POINT('',(-5.924777813453,-53.4448328627));
#6393 = CARTESIAN_POINT('',(-5.961720228831,-53.5092956149));
#6394 = CARTESIAN_POINT('',(-5.999391197971,-53.5596119711));
#6395 = ( GEOMETRIC_REPRESENTATION_CONTEXT(2) 
PARAMETRIC_REPRESENTATION_CONTEXT() REPRESENTATION_CONTEXT('2D SPACE',''
  ) );
#6396 = ORIENTED_EDGE('',*,*,#6397,.F.);
#6397 = EDGE_CURVE('',#6398,#5890,#6400,.T.);
#6398 = VERTEX_POINT('',#6399);
#6399 = CARTESIAN_POINT('',(80.575021663794,0.,56.95460394727));
#6400 = SURFACE_CURVE('',#6401,(#6406,#6416),.PCURVE_S1.);
#6401 = ELLIPSE('',#6402,34.785054261852,11.);
#6402 = AXIS2_PLACEMENT_3D('',#6403,#6404,#6405);
#6403 = CARTESIAN_POINT('',(80.575021663794,0.,45.95460394727));
#6404 = DIRECTION('',(0.316227766017,0.948683298051,0.));
#6405 = DIRECTION('',(0.948683298051,-0.316227766017,2.340555645718E-16)
  );
#6406 = PCURVE('',#1410,#6407);
#6407 = DEFINITIONAL_REPRESENTATION('',(#6408),#6415);
#6408 = B_SPLINE_CURVE_WITH_KNOTS('',5,(#6409,#6410,#6411,#6412,#6413,
    #6414),.UNSPECIFIED.,.F.,.F.,(6,6),(4.699274987835,4.857143765065),
  .PIECEWISE_BEZIER_KNOTS.);
#6409 = CARTESIAN_POINT('',(3.12847866104,22.142272313708));
#6410 = CARTESIAN_POINT('',(3.160052416486,23.184116650481));
#6411 = CARTESIAN_POINT('',(3.191626171932,24.226500249022));
#6412 = CARTESIAN_POINT('',(3.223199927378,25.267259319101));
#6413 = CARTESIAN_POINT('',(3.254773682824,26.304227851202));
#6414 = CARTESIAN_POINT('',(3.28634743827,27.335264514742));
#6415 = ( GEOMETRIC_REPRESENTATION_CONTEXT(2) 
PARAMETRIC_REPRESENTATION_CONTEXT() REPRESENTATION_CONTEXT('2D SPACE',''
  ) );
#6416 = PCURVE('',#6417,#6422);
#6417 = PLANE('',#6418);
#6418 = AXIS2_PLACEMENT_3D('',#6419,#6420,#6421);
#6419 = CARTESIAN_POINT('',(80.575021663794,0.,3.3));
#6420 = DIRECTION('',(0.316227766017,0.948683298051,-0.));
#6421 = DIRECTION('',(0.948683298051,-0.316227766017,0.));
#6422 = DEFINITIONAL_REPRESENTATION('',(#6423),#6427);
#6423 = ELLIPSE('',#6424,34.785054261852,11.);
#6424 = AXIS2_PLACEMENT_2D('',#6425,#6426);
#6425 = CARTESIAN_POINT('',(-1.348160051933E-14,-42.65460394727));
#6426 = DIRECTION('',(1.,-2.340555645718E-16));
#6427 = ( GEOMETRIC_REPRESENTATION_CONTEXT(2) 
PARAMETRIC_REPRESENTATION_CONTEXT() REPRESENTATION_CONTEXT('2D SPACE',''
  ) );
#6428 = ORIENTED_EDGE('',*,*,#6429,.F.);
#6429 = EDGE_CURVE('',#6430,#6398,#6432,.T.);
#6430 = VERTEX_POINT('',#6431);
#6431 = CARTESIAN_POINT('',(84.902515164656,1.442497833621,
    56.859611971109));
#6432 = SURFACE_CURVE('',#6433,(#6438,#6448),.PCURVE_S1.);
#6433 = ELLIPSE('',#6434,34.785054261852,11.);
#6434 = AXIS2_PLACEMENT_3D('',#6435,#6436,#6437);
#6435 = CARTESIAN_POINT('',(80.575021663794,0.,45.95460394727));
#6436 = DIRECTION('',(0.316227766017,-0.948683298051,0.));
#6437 = DIRECTION('',(0.948683298051,0.316227766017,2.340555645718E-16)
  );
#6438 = PCURVE('',#1410,#6439);
#6439 = DEFINITIONAL_REPRESENTATION('',(#6440),#6447);
#6440 = B_SPLINE_CURVE_WITH_KNOTS('',5,(#6441,#6442,#6443,#6444,#6445,
    #6446),.UNSPECIFIED.,.F.,.F.,(6,6),(1.426041542114,1.583910319345),
  .PIECEWISE_BEZIER_KNOTS.);
#6441 = CARTESIAN_POINT('',(2.996837868909,27.335264514742));
#6442 = CARTESIAN_POINT('',(3.028411624355,26.304227851202));
#6443 = CARTESIAN_POINT('',(3.059985379801,25.267259319101));
#6444 = CARTESIAN_POINT('',(3.091559135247,24.226500249022));
#6445 = CARTESIAN_POINT('',(3.123132890693,23.184116650481));
#6446 = CARTESIAN_POINT('',(3.15470664614,22.142272313708));
#6447 = ( GEOMETRIC_REPRESENTATION_CONTEXT(2) 
PARAMETRIC_REPRESENTATION_CONTEXT() REPRESENTATION_CONTEXT('2D SPACE',''
  ) );
#6448 = PCURVE('',#6449,#6454);
#6449 = PLANE('',#6450);
#6450 = AXIS2_PLACEMENT_3D('',#6451,#6452,#6453);
#6451 = CARTESIAN_POINT('',(84.902515164656,1.442497833621,3.3));
#6452 = DIRECTION('',(0.316227766017,-0.948683298051,0.));
#6453 = DIRECTION('',(-0.948683298051,-0.316227766017,0.));
#6454 = DEFINITIONAL_REPRESENTATION('',(#6455),#6459);
#6455 = ELLIPSE('',#6456,34.785054261852,11.);
#6456 = AXIS2_PLACEMENT_2D('',#6457,#6458);
#6457 = CARTESIAN_POINT('',(4.5615786741,-42.65460394727));
#6458 = DIRECTION('',(-1.,-2.340555645718E-16));
#6459 = ( GEOMETRIC_REPRESENTATION_CONTEXT(2) 
PARAMETRIC_REPRESENTATION_CONTEXT() REPRESENTATION_CONTEXT('2D SPACE',''
  ) );
#6460 = ORIENTED_EDGE('',*,*,#6461,.F.);
#6461 = EDGE_CURVE('',#6462,#6430,#6464,.T.);
#6462 = VERTEX_POINT('',#6463);
#6463 = CARTESIAN_POINT('',(94.196863801752,10.168331831492,
    50.150438517726));
#6464 = SURFACE_CURVE('',#6465,(#6629,#6796),.PCURVE_S1.);
#6465 = B_SPLINE_CURVE_WITH_KNOTS('',8,(#6466,#6467,#6468,#6469,#6470,
    #6471,#6472,#6473,#6474,#6475,#6476,#6477,#6478,#6479,#6480,#6481,
    #6482,#6483,#6484,#6485,#6486,#6487,#6488,#6489,#6490,#6491,#6492,
    #6493,#6494,#6495,#6496,#6497,#6498,#6499,#6500,#6501,#6502,#6503,
    #6504,#6505,#6506,#6507,#6508,#6509,#6510,#6511,#6512,#6513,#6514,
    #6515,#6516,#6517,#6518,#6519,#6520,#6521,#6522,#6523,#6524,#6525,
    #6526,#6527,#6528,#6529,#6530,#6531,#6532,#6533,#6534,#6535,#6536,
    #6537,#6538,#6539,#6540,#6541,#6542,#6543,#6544,#6545,#6546,#6547,
    #6548,#6549,#6550,#6551,#6552,#6553,#6554,#6555,#6556,#6557,#6558,
    #6559,#6560,#6561,#6562,#6563,#6564,#6565,#6566,#6567,#6568,#6569,
    #6570,#6571,#6572,#6573,#6574,#6575,#6576,#6577,#6578,#6579,#6580,
    #6581,#6582,#6583,#6584,#6585,#6586,#6587,#6588,#6589,#6590,#6591,
    #6592,#6593,#6594,#6595,#6596,#6597,#6598,#6599,#6600,#6601,#6602,
    #6603,#6604,#6605,#6606,#6607,#6608,#6609,#6610,#6611,#6612,#6613,
    #6614,#6615,#6616,#6617,#6618,#6619,#6620,#6621,#6622,#6623,#6624,
    #6625,#6626,#6627,#6628),.UNSPECIFIED.,.F.,.F.,(9,7,7,7,7,7,7,7,7,7,
    7,7,7,7,7,7,7,7,7,7,7,7,7,9),(0.,3.759939364857E-02,
    9.415023760559E-02,0.140850040282,0.19342867426,0.209162913621,
    0.240206442522,0.259234884311,0.296675275059,0.339257353854,
    0.420683715926,0.467587281086,0.496712083503,0.547264784708,
    0.574827645765,0.656780175629,0.725856818104,0.757065286364,
    0.776390333564,0.804607643879,0.857496993643,0.935601153336,
    0.962887524989,1.),.UNSPECIFIED.);
#6466 = CARTESIAN_POINT('',(84.902515164656,-1.442497833621,
    56.859611971109));
#6467 = CARTESIAN_POINT('',(84.958252004424,-1.832655711997,
    56.808002481864));
#6468 = CARTESIAN_POINT('',(85.030096355681,-2.212501486511,
    56.741524782998));
#6469 = CARTESIAN_POINT('',(85.116692197084,-2.581211970061,
    56.661482073547));
#6470 = CARTESIAN_POINT('',(85.216648696334,-2.938057159943,
    56.569224885115));
#6471 = CARTESIAN_POINT('',(85.328536078477,-3.282395425442,
    56.466149186176));
#6472 = CARTESIAN_POINT('',(85.450881494208,-3.613668695442,
    56.353694486369));
#6473 = CARTESIAN_POINT('',(85.582164888178,-3.931397646019,
    56.233341940794));
#6474 = CARTESIAN_POINT('',(85.929349435887,-4.692071822935,
    55.916006736516));
#6475 = CARTESIAN_POINT('',(86.15581039397,-5.120176277329,
    55.709821942878));
#6476 = CARTESIAN_POINT('',(86.396765515793,-5.520864218008,
    55.491496000795));
#6477 = CARTESIAN_POINT('',(86.649524229276,-5.89574633093,
    55.263799586266));
#6478 = CARTESIAN_POINT('',(86.912072231157,-6.246568288442,
    55.02889161298));
#6479 = CARTESIAN_POINT('',(87.183025130819,-6.575121542374,
    54.788382537955));
#6480 = CARTESIAN_POINT('',(87.461601122802,-6.883166643018,
    54.543405483742));
#6481 = CARTESIAN_POINT('',(87.983801623896,-7.411193051601,
    54.089309697011));
#6482 = CARTESIAN_POINT('',(88.224846584416,-7.636949656227,
    53.881565810728));
#6483 = CARTESIAN_POINT('',(88.470286522796,-7.850274901439,
    53.672180412574));
#6484 = CARTESIAN_POINT('',(88.719824308432,-8.051776757907,
    53.461774174891));
#6485 = CARTESIAN_POINT('',(88.973302908097,-8.242014739965,
    53.25090379365));
#6486 = CARTESIAN_POINT('',(89.230689270466,-8.421484225418,
    53.040105951481));
#6487 = CARTESIAN_POINT('',(89.492065913926,-8.590605518548,
    52.829952998226));
#6488 = CARTESIAN_POINT('',(90.056625235376,-8.928859716377,
    52.385998682547));
#6489 = CARTESIAN_POINT('',(90.359332306953,-9.09435716916,
    52.153807202481));
#6490 = CARTESIAN_POINT('',(90.667093960168,-9.247625036678,
    51.924565301668));
#6491 = CARTESIAN_POINT('',(90.981190907185,-9.389431872955,
    51.698750704031));
#6492 = CARTESIAN_POINT('',(91.302547140648,-9.51993042691,
    51.477641061363));
#6493 = CARTESIAN_POINT('',(91.631645227533,-9.638847539517,
    51.263579402971));
#6494 = CARTESIAN_POINT('',(91.96862072479,-9.745693965542,
    51.060073774248));
#6495 = CARTESIAN_POINT('',(92.416711698023,-9.868032591804,
    50.815252714498));
#6496 = CARTESIAN_POINT('',(92.520776243284,-9.89511501805,
    50.760132308504));
#6497 = CARTESIAN_POINT('',(92.625722093352,-9.921085356759,
    50.706397066055));
#6498 = CARTESIAN_POINT('',(92.731573327163,-9.945924375425,
    50.654175032582));
#6499 = CARTESIAN_POINT('',(92.838354285821,-9.969610341163,
    50.603605415264));
#6500 = CARTESIAN_POINT('',(92.946089572587,-9.992119020714,
    50.554838583029));
#6501 = CARTESIAN_POINT('',(93.05480405289,-10.01342368044,
    50.50803606655));
#6502 = CARTESIAN_POINT('',(93.380997175394,-10.07309581027,
    50.375245866238));
#6503 = CARTESIAN_POINT('',(93.60327234228,-10.10824192789,
    50.294669466578));
#6504 = CARTESIAN_POINT('',(93.829832685201,-10.13822339818,
    50.223961888499));
#6505 = CARTESIAN_POINT('',(94.05958664833,-10.16261219095,
    50.165068421926));
#6506 = CARTESIAN_POINT('',(94.291812641114,-10.18115017625,
    50.119544406794));
#6507 = CARTESIAN_POINT('',(94.526086344997,-10.19366300773,
    50.088550226239));
#6508 = CARTESIAN_POINT('',(94.762189475551,-10.2,50.072856003665));
#6509 = CARTESIAN_POINT('',(95.145768341466,-10.2,50.072856003665));
#6510 = CARTESIAN_POINT('',(95.291330367045,-10.19761921699,
    50.078752635703));
#6511 = CARTESIAN_POINT('',(95.436521659967,-10.19286948381,
    50.090516772787));
#6512 = CARTESIAN_POINT('',(95.58116820951,-10.18577443747,
    50.108034615266));
#6513 = CARTESIAN_POINT('',(95.725072311584,-10.17637104851,
    50.131106018745));
#6514 = CARTESIAN_POINT('',(95.867998529045,-10.16471419568,
    50.159443473767));
#6515 = CARTESIAN_POINT('',(96.00965971177,-10.15088428596,
    50.192671737244));
#6516 = CARTESIAN_POINT('',(96.425252611931,-10.10373988202,
    50.304420862551));
#6517 = CARTESIAN_POINT('',(96.694356725114,-10.06454152735,
    50.395607811493));
#6518 = CARTESIAN_POINT('',(96.957700646728,-10.01792547672,
    50.501227078837));
#6519 = CARTESIAN_POINT('',(97.21566163814,-9.964290171254,
    50.618781420258));
#6520 = CARTESIAN_POINT('',(97.468442622451,-9.9039816866,
    50.746025547087));
#6521 = CARTESIAN_POINT('',(97.716188582877,-9.837318540485,
    50.881029902986));
#6522 = CARTESIAN_POINT('',(97.959085728419,-9.764569493684,
    51.022220900938));
#6523 = CARTESIAN_POINT('',(98.468534782758,-9.596393365188,
    51.334648785923));
#6524 = CARTESIAN_POINT('',(98.734830602757,-9.498869189205,
    51.508009660829));
#6525 = CARTESIAN_POINT('',(98.996383333461,-9.393534605131,
    51.686607260179));
#6526 = CARTESIAN_POINT('',(99.253343943307,-9.280532638286,
    51.869002714239));
#6527 = CARTESIAN_POINT('',(99.505990311682,-9.159889292948,
    52.054181108429));
#6528 = CARTESIAN_POINT('',(99.754727395278,-9.031463226062,
    52.241493246591));
#6529 = CARTESIAN_POINT('',(100.00005231143,-8.894905570951,
    52.430566891773));
#6530 = CARTESIAN_POINT('',(100.70604806883,-8.471898303908,
    52.98574738139));
#6531 = CARTESIAN_POINT('',(101.15543344655,-8.164496767597,
    53.35319271783));
#6532 = CARTESIAN_POINT('',(101.59289436879,-7.825333696759,
    53.720742057701));
#6533 = CARTESIAN_POINT('',(102.01909633563,-7.451372550628,
    54.086470961574));
#6534 = CARTESIAN_POINT('',(102.43324940036,-7.038985071696,
    54.447825413881));
#6535 = CARTESIAN_POINT('',(102.83289774976,-6.58423011446,
    54.801239913255));
#6536 = CARTESIAN_POINT('',(103.21382614084,-6.083063351538,
    55.141724244104));
#6537 = CARTESIAN_POINT('',(103.77469550667,-5.214172364596,
    55.647250510394));
#6538 = CARTESIAN_POINT('',(103.9721590318,-4.878746277963,
    55.826177252583));
#6539 = CARTESIAN_POINT('',(104.16065003729,-4.524720411838,
    55.997768834373));
#6540 = CARTESIAN_POINT('',(104.33847686301,-4.15141645956,
    56.160305572665));
#6541 = CARTESIAN_POINT('',(104.50368589636,-3.758262620214,
    56.311827832151));
#6542 = CARTESIAN_POINT('',(104.65404597294,-3.344833519117,
    56.450121559483));
#6543 = CARTESIAN_POINT('',(104.78703023392,-2.910891656842,
    56.572705703802));
#6544 = CARTESIAN_POINT('',(104.96981707566,-2.17423233524,
    56.741472316621));
#6545 = CARTESIAN_POINT('',(105.03207232486,-1.884002054968,
    56.799029824991));
#6546 = CARTESIAN_POINT('',(105.08557739852,-1.586898956932,
    56.848552958234));
#6547 = CARTESIAN_POINT('',(105.12952750639,-1.284110186766,
    56.889268011177));
#6548 = CARTESIAN_POINT('',(105.16329635783,-0.976845589784,
    56.920570404637));
#6549 = CARTESIAN_POINT('',(105.18643566251,-0.666332676018,
    56.942026426057));
#6550 = CARTESIAN_POINT('',(105.19867463108,-0.353811585255,
    56.953374970143));
#6551 = CARTESIAN_POINT('',(105.20208018645,0.503241112886,
    56.95653284526));
#6552 = CARTESIAN_POINT('',(105.17108756753,1.041296644499,
    56.927794022506));
#6553 = CARTESIAN_POINT('',(105.10816944331,1.569344688652,
    56.869449116177));
#6554 = CARTESIAN_POINT('',(105.01540202795,2.083169794688,
    56.783495981372));
#6555 = CARTESIAN_POINT('',(104.89569514296,2.578753517339,
    56.672772755394));
#6556 = CARTESIAN_POINT('',(104.75279575413,3.052339902051,
    56.540935634312));
#6557 = CARTESIAN_POINT('',(104.59130982816,3.500445853694,
    56.392435694074));
#6558 = CARTESIAN_POINT('',(104.32156312876,4.148469883162,
    56.145290121291));
#6559 = CARTESIAN_POINT('',(104.22180650418,4.370234897556,
    56.054053429628));
#6560 = CARTESIAN_POINT('',(104.11789594649,4.585256941726,
    55.959205406944));
#6561 = CARTESIAN_POINT('',(104.0102122807,4.79369791221,55.86112785566)
  );
#6562 = CARTESIAN_POINT('',(103.89909511552,4.995733247244,
    55.760165169877));
#6563 = CARTESIAN_POINT('',(103.78484411339,5.191549081807,
    55.656625850445));
#6564 = CARTESIAN_POINT('',(103.66772026051,5.381339402659,
    55.55078402001));
#6565 = CARTESIAN_POINT('',(103.19182625107,6.112281938365,
    55.122053193602));
#6566 = CARTESIAN_POINT('',(102.81106798985,6.60961929557,
    54.781907847463));
#6567 = CARTESIAN_POINT('',(102.41186241214,7.061020490467,
    54.429104704155));
#6568 = CARTESIAN_POINT('',(101.99832387314,7.47047776688,
    54.068539780301));
#6569 = CARTESIAN_POINT('',(101.57284148311,7.841872705866,
    53.703719592634));
#6570 = CARTESIAN_POINT('',(101.13617114497,8.178772110603,
    53.337169940978));
#6571 = CARTESIAN_POINT('',(100.68764286018,8.484154027755,
    52.970819116376));
#6572 = CARTESIAN_POINT('',(99.835095404601,8.992663237611,
    52.30124761478));
#6573 = CARTESIAN_POINT('',(99.441562431181,9.200496129287,
    52.002184552552));
#6574 = CARTESIAN_POINT('',(99.039663349809,9.388411329102,
    51.708723126546));
#6575 = CARTESIAN_POINT('',(98.62535202043,9.558236848818,
    51.421151492016));
#6576 = CARTESIAN_POINT('',(98.196322850673,9.709607750156,
    51.142945338186));
#6577 = CARTESIAN_POINT('',(97.752156875267,9.840913563078,
    50.881511790273));
#6578 = CARTESIAN_POINT('',(97.293195533949,9.950592955547,
    50.648207195647));
#6579 = CARTESIAN_POINT('',(96.603568384745,10.075521695211,
    50.369678916165));
#6580 = CARTESIAN_POINT('',(96.383283477633,10.110011078593,
    50.290495136419));
#6581 = CARTESIAN_POINT('',(96.158805027705,10.139424313791,
    50.221061685672));
#6582 = CARTESIAN_POINT('',(95.931201926265,10.163345750099,
    50.163267053619));
#6583 = CARTESIAN_POINT('',(95.701184787135,10.181524258026,
    50.118617788673));
#6584 = CARTESIAN_POINT('',(95.469177264375,10.193790595815,
    50.088234290916));
#6585 = CARTESIAN_POINT('',(95.235404685472,10.2,50.072856003665));
#6586 = CARTESIAN_POINT('',(94.854231658534,10.2,50.072856003665));
#6587 = CARTESIAN_POINT('',(94.708669632955,10.197619216991,
    50.078752635703));
#6588 = CARTESIAN_POINT('',(94.563478340034,10.192869483815,
    50.090516772787));
#6589 = CARTESIAN_POINT('',(94.41883179049,10.185774437477,
    50.108034615266));
#6590 = CARTESIAN_POINT('',(94.274927688416,10.176371048514,
    50.131106018745));
#6591 = CARTESIAN_POINT('',(94.132001470955,10.164714195683,
    50.159443473768));
#6592 = CARTESIAN_POINT('',(93.99034028823,10.150884285965,
    50.192671737244));
#6593 = CARTESIAN_POINT('',(93.645813744894,10.111801571797,
    50.285311769949));
#6594 = CARTESIAN_POINT('',(93.444732406266,10.084215470079,
    50.349748917815));
#6595 = CARTESIAN_POINT('',(93.246811317385,10.05244637195,
    50.422567503637));
#6596 = CARTESIAN_POINT('',(93.051907932264,10.016667618308,
    50.502728956688));
#6597 = CARTESIAN_POINT('',(92.859955656478,9.977039261949,
    50.589244517472));
#6598 = CARTESIAN_POINT('',(92.670940610968,9.933719925958,
    50.681189187338));
#6599 = CARTESIAN_POINT('',(92.484878252375,9.886870392292,
    50.777713301348));
#6600 = CARTESIAN_POINT('',(91.958616583257,9.742515888161,
    51.066121880357));
#6601 = CARTESIAN_POINT('',(91.623269663208,9.635817404311,
    51.269030243998));
#6602 = CARTESIAN_POINT('',(91.295718811812,9.5171565209,51.482339502193
    ));
#6603 = CARTESIAN_POINT('',(90.97582639879,9.387011605555,
    51.702605981434));
#6604 = CARTESIAN_POINT('',(90.663114221136,9.245646843193,
    51.927527587919));
#6605 = CARTESIAN_POINT('',(90.356673507727,9.092908267836,
    52.155844525952));
#6606 = CARTESIAN_POINT('',(90.055248320239,8.928039720591,
    52.387079616605));
#6607 = CARTESIAN_POINT('',(89.317857004565,8.486221364156,
    52.966948925144));
#6608 = CARTESIAN_POINT('',(88.890717316489,8.195981311447,
    53.315488366164));
#6609 = CARTESIAN_POINT('',(88.474340657462,7.87716464305,
    53.664327562244));
#6610 = CARTESIAN_POINT('',(88.068187197954,7.527274038895,
    54.011695484825));
#6611 = CARTESIAN_POINT('',(87.672862195173,7.143325023406,
    54.355405597868));
#6612 = CARTESIAN_POINT('',(87.290269499473,6.722055304858,
    54.69251955317));
#6613 = CARTESIAN_POINT('',(86.923692012567,6.260082846671,
    55.019023236916));
#6614 = CARTESIAN_POINT('',(86.457298880409,5.577461273563,
    55.438006748234));
#6615 = CARTESIAN_POINT('',(86.338987864898,5.395199736836,
    55.544634202964));
#6616 = CARTESIAN_POINT('',(86.223303671082,5.207208234636,
    55.649204861489));
#6617 = CARTESIAN_POINT('',(86.110470173528,5.013290690349,
    55.751478824931));
#6618 = CARTESIAN_POINT('',(86.000749657524,4.813259160956,
    55.851182390597));
#6619 = CARTESIAN_POINT('',(85.89444263358,4.606933950662,
    55.948007760857));
#6620 = CARTESIAN_POINT('',(85.791887651926,4.394143724518,
    56.041612752027));
#6621 = CARTESIAN_POINT('',(85.559590173516,3.876292801853,
    56.254040972357));
#6622 = CARTESIAN_POINT('',(85.432872970789,3.564520016225,
    56.370249318985));
#6623 = CARTESIAN_POINT('',(85.31479941859,3.239831893549,
    56.478804971046));
#6624 = CARTESIAN_POINT('',(85.206803407298,2.902721152757,56.5783121256
    ));
#6625 = CARTESIAN_POINT('',(85.110266437633,2.55375232257,
    56.667421629944));
#6626 = CARTESIAN_POINT('',(85.026521250365,2.193565460732,
    56.744832862701));
#6627 = CARTESIAN_POINT('',(84.956855456031,1.822879873247,
    56.809295614908));
#6628 = CARTESIAN_POINT('',(84.902515164656,1.442497833621,
    56.859611971109));
#6629 = PCURVE('',#1410,#6630);
#6630 = DEFINITIONAL_REPRESENTATION('',(#6631),#6795);
#6631 = B_SPLINE_CURVE_WITH_KNOTS('',8,(#6632,#6633,#6634,#6635,#6636,
    #6637,#6638,#6639,#6640,#6641,#6642,#6643,#6644,#6645,#6646,#6647,
    #6648,#6649,#6650,#6651,#6652,#6653,#6654,#6655,#6656,#6657,#6658,
    #6659,#6660,#6661,#6662,#6663,#6664,#6665,#6666,#6667,#6668,#6669,
    #6670,#6671,#6672,#6673,#6674,#6675,#6676,#6677,#6678,#6679,#6680,
    #6681,#6682,#6683,#6684,#6685,#6686,#6687,#6688,#6689,#6690,#6691,
    #6692,#6693,#6694,#6695,#6696,#6697,#6698,#6699,#6700,#6701,#6702,
    #6703,#6704,#6705,#6706,#6707,#6708,#6709,#6710,#6711,#6712,#6713,
    #6714,#6715,#6716,#6717,#6718,#6719,#6720,#6721,#6722,#6723,#6724,
    #6725,#6726,#6727,#6728,#6729,#6730,#6731,#6732,#6733,#6734,#6735,
    #6736,#6737,#6738,#6739,#6740,#6741,#6742,#6743,#6744,#6745,#6746,
    #6747,#6748,#6749,#6750,#6751,#6752,#6753,#6754,#6755,#6756,#6757,
    #6758,#6759,#6760,#6761,#6762,#6763,#6764,#6765,#6766,#6767,#6768,
    #6769,#6770,#6771,#6772,#6773,#6774,#6775,#6776,#6777,#6778,#6779,
    #6780,#6781,#6782,#6783,#6784,#6785,#6786,#6787,#6788,#6789,#6790,
    #6791,#6792,#6793,#6794),.UNSPECIFIED.,.F.,.F.,(9,7,7,7,7,7,7,7,7,7,
    7,7,7,7,7,7,7,7,7,7,7,7,7,9),(0.,3.759939364857E-02,
    9.415023760559E-02,0.140850040282,0.19342867426,0.209162913621,
    0.240206442522,0.259234884311,0.296675275059,0.339257353854,
    0.420683715926,0.467587281086,0.496712083503,0.547264784708,
    0.574827645765,0.656780175629,0.725856818104,0.757065286364,
    0.776390333564,0.804607643879,0.857496993643,0.935601153336,
    0.962887524989,1.),.UNSPECIFIED.);
#6632 = CARTESIAN_POINT('',(3.273107610365,26.902515164656));
#6633 = CARTESIAN_POINT('',(3.308885472933,26.958252004424));
#6634 = CARTESIAN_POINT('',(3.343911214026,27.030096355681));
#6635 = CARTESIAN_POINT('',(3.378164903679,27.116692197084));
#6636 = CARTESIAN_POINT('',(3.411622121374,27.216648696334));
#6637 = CARTESIAN_POINT('',(3.444253549022,27.328536078477));
#6638 = CARTESIAN_POINT('',(3.476024563957,27.450881494208));
#6639 = CARTESIAN_POINT('',(3.506894831914,27.582164888178));
#6640 = CARTESIAN_POINT('',(3.581823273551,27.929349435887));
#6641 = CARTESIAN_POINT('',(3.624958425793,28.15581039397));
#6642 = CARTESIAN_POINT('',(3.666357038557,28.396765515793));
#6643 = CARTESIAN_POINT('',(3.70614801185,28.649524229276));
#6644 = CARTESIAN_POINT('',(3.744460476496,28.912072231157));
#6645 = CARTESIAN_POINT('',(3.781426280626,29.183025130819));
#6646 = CARTESIAN_POINT('',(3.817179950033,29.461601122802));
#6647 = CARTESIAN_POINT('',(3.88049177649,29.983801623896));
#6648 = CARTESIAN_POINT('',(3.908366535732,30.224846584416));
#6649 = CARTESIAN_POINT('',(3.935517547677,30.470286522796));
#6650 = CARTESIAN_POINT('',(3.961977683518,30.719824308432));
#6651 = CARTESIAN_POINT('',(3.987774141176,30.973302908097));
#6652 = CARTESIAN_POINT('',(4.012925926212,31.230689270466));
#6653 = CARTESIAN_POINT('',(4.037440210584,31.492065913926));
#6654 = CARTESIAN_POINT('',(4.088179483909,32.056625235376));
#6655 = CARTESIAN_POINT('',(4.114087740137,32.359332306953));
#6656 = CARTESIAN_POINT('',(4.139138582957,32.667093960168));
#6657 = CARTESIAN_POINT('',(4.163360163695,32.981190907185));
#6658 = CARTESIAN_POINT('',(4.186684478139,33.302547140648));
#6659 = CARTESIAN_POINT('',(4.208935240494,33.631645227533));
#6660 = CARTESIAN_POINT('',(4.229826443848,33.96862072479));
#6661 = CARTESIAN_POINT('',(4.254706999961,34.416711698023));
#6662 = CARTESIAN_POINT('',(4.260289991091,34.520776243284));
#6663 = CARTESIAN_POINT('',(4.265715436395,34.625722093352));
#6664 = CARTESIAN_POINT('',(4.270972365186,34.731573327163));
#6665 = CARTESIAN_POINT('',(4.276048730985,34.838354285821));
#6666 = CARTESIAN_POINT('',(4.28093141152,34.946089572587));
#6667 = CARTESIAN_POINT('',(4.285606208727,35.05480405289));
#6668 = CARTESIAN_POINT('',(4.298840899048,35.380997175394));
#6669 = CARTESIAN_POINT('',(4.306832018647,35.60327234228));
#6670 = CARTESIAN_POINT('',(4.313813476725,35.829832685201));
#6671 = CARTESIAN_POINT('',(4.319608074904,36.05958664833));
#6672 = CARTESIAN_POINT('',(4.324076549291,36.291812641114));
#6673 = CARTESIAN_POINT('',(4.327115215609,36.526086344997));
#6674 = CARTESIAN_POINT('',(4.328653857413,36.762189475551));
#6675 = CARTESIAN_POINT('',(4.328653857413,37.145768341466));
#6676 = CARTESIAN_POINT('',(4.328075756481,37.291330367045));
#6677 = CARTESIAN_POINT('',(4.326922409044,37.436521659967));
#6678 = CARTESIAN_POINT('',(4.325204218325,37.58116820951));
#6679 = CARTESIAN_POINT('',(4.322939312592,37.725072311584));
#6680 = CARTESIAN_POINT('',(4.32015376462,37.867998529045));
#6681 = CARTESIAN_POINT('',(4.316881854342,38.00965971177));
#6682 = CARTESIAN_POINT('',(4.305855791368,38.425252611931));
#6683 = CARTESIAN_POINT('',(4.296832789363,38.694356725114));
#6684 = CARTESIAN_POINT('',(4.28633828704,38.957700646728));
#6685 = CARTESIAN_POINT('',(4.274593638748,39.21566163814));
#6686 = CARTESIAN_POINT('',(4.261795423661,39.468442622451));
#6687 = CARTESIAN_POINT('',(4.248110883792,39.716188582877));
#6688 = CARTESIAN_POINT('',(4.233674011219,39.959085728419));
#6689 = CARTESIAN_POINT('',(4.201418011264,40.468534782758));
#6690 = CARTESIAN_POINT('',(4.183338468959,40.734830602757));
#6691 = CARTESIAN_POINT('',(4.164495497507,40.996383333461));
#6692 = CARTESIAN_POINT('',(4.144999236904,41.253343943307));
#6693 = CARTESIAN_POINT('',(4.124918152515,41.505990311682));
#6694 = CARTESIAN_POINT('',(4.104281870256,41.754727395278));
#6695 = CARTESIAN_POINT('',(4.083085970567,42.000052311436));
#6696 = CARTESIAN_POINT('',(4.01963425638,42.706048068836));
#6697 = CARTESIAN_POINT('',(3.9761272965,43.155433446545));
#6698 = CARTESIAN_POINT('',(3.930752650961,43.592894368807));
#6699 = CARTESIAN_POINT('',(3.883331155672,44.019096335608));
#6700 = CARTESIAN_POINT('',(3.833646409667,44.433249400381));
#6701 = CARTESIAN_POINT('',(3.781458742808,44.83289774976));
#6702 = CARTESIAN_POINT('',(3.726512416754,45.21382614084));
#6703 = CARTESIAN_POINT('',(3.635126017369,45.774695506677));
#6704 = CARTESIAN_POINT('',(3.600589072619,45.972159031809));
#6705 = CARTESIAN_POINT('',(3.564869217605,46.160650037299));
#6706 = CARTESIAN_POINT('',(3.527918659524,46.338476863016));
#6707 = CARTESIAN_POINT('',(3.489688967127,46.503685896362));
#6708 = CARTESIAN_POINT('',(3.450130127442,46.654045972946));
#6709 = CARTESIAN_POINT('',(3.409188470693,46.787030233929));
#6710 = CARTESIAN_POINT('',(3.340484462744,46.96981707566));
#6711 = CARTESIAN_POINT('',(3.313597664897,47.032072324864));
#6712 = CARTESIAN_POINT('',(3.286237252381,47.085577398523));
#6713 = CARTESIAN_POINT('',(3.258491206969,47.129527506393));
#6714 = CARTESIAN_POINT('',(3.230442808022,47.163296357838));
#6715 = CARTESIAN_POINT('',(3.202172130806,47.186435662517));
#6716 = CARTESIAN_POINT('',(3.173757544819,47.198674631088));
#6717 = CARTESIAN_POINT('',(3.095843134289,47.202080186453));
#6718 = CARTESIAN_POINT('',(3.046938897832,47.171087567536));
#6719 = CARTESIAN_POINT('',(2.99877045152,47.108169443313));
#6720 = CARTESIAN_POINT('',(2.951552463476,47.015402027958));
#6721 = CARTESIAN_POINT('',(2.905515237066,46.895695142968));
#6722 = CARTESIAN_POINT('',(2.860914001057,46.752795754139));
#6723 = CARTESIAN_POINT('',(2.81804057405,46.591309828168));
#6724 = CARTESIAN_POINT('',(2.754990280803,46.32156312876));
#6725 = CARTESIAN_POINT('',(2.733197642458,46.221806504183));
#6726 = CARTESIAN_POINT('',(2.711844020831,46.117895946496));
#6727 = CARTESIAN_POINT('',(2.690914100023,46.010212280704));
#6728 = CARTESIAN_POINT('',(2.670392621608,45.899095115521));
#6729 = CARTESIAN_POINT('',(2.650264290698,45.784844113393));
#6730 = CARTESIAN_POINT('',(2.630513682012,45.667720260514));
#6731 = CARTESIAN_POINT('',(2.553477299493,45.191826251071));
#6732 = CARTESIAN_POINT('',(2.498833615867,44.811067989855));
#6733 = CARTESIAN_POINT('',(2.446917874963,44.411862412135));
#6734 = CARTESIAN_POINT('',(2.397478279885,43.998323873162));
#6735 = CARTESIAN_POINT('',(2.350279465409,43.572841483104));
#6736 = CARTESIAN_POINT('',(2.305109896176,43.136171144977));
#6737 = CARTESIAN_POINT('',(2.261796380688,42.687642860185));
#6738 = CARTESIAN_POINT('',(2.185362018838,41.835095404601));
#6739 = CARTESIAN_POINT('',(2.152283441103,41.441562431182));
#6740 = CARTESIAN_POINT('',(2.120640513135,41.039663349807));
#6741 = CARTESIAN_POINT('',(2.090317443639,40.625352020433));
#6742 = CARTESIAN_POINT('',(2.06155719152,40.196322850671));
#6743 = CARTESIAN_POINT('',(2.034976132977,39.752156875268));
#6744 = CARTESIAN_POINT('',(2.011543527938,39.293195533949));
#6745 = CARTESIAN_POINT('',(1.983792391789,38.603568384745));
#6746 = CARTESIAN_POINT('',(1.975941158974,38.383283477633));
#6747 = CARTESIAN_POINT('',(1.969086479811,38.158805027705));
#6748 = CARTESIAN_POINT('',(1.963400414405,37.931201926265));
#6749 = CARTESIAN_POINT('',(1.959017912213,37.701184787135));
#6750 = CARTESIAN_POINT('',(1.956039117948,37.469177264375));
#6751 = CARTESIAN_POINT('',(1.954531449766,37.235404685472));
#6752 = CARTESIAN_POINT('',(1.954531449766,36.854231658534));
#6753 = CARTESIAN_POINT('',(1.955109550699,36.708669632955));
#6754 = CARTESIAN_POINT('',(1.956262898135,36.563478340034));
#6755 = CARTESIAN_POINT('',(1.957981088855,36.41883179049));
#6756 = CARTESIAN_POINT('',(1.960245994588,36.274927688416));
#6757 = CARTESIAN_POINT('',(1.963031542559,36.132001470955));
#6758 = CARTESIAN_POINT('',(1.966303452837,35.99034028823));
#6759 = CARTESIAN_POINT('',(1.975444059815,35.645813744894));
#6760 = CARTESIAN_POINT('',(1.981816134726,35.444732406266));
#6761 = CARTESIAN_POINT('',(1.989038293822,35.246811317385));
#6762 = CARTESIAN_POINT('',(1.997018026806,35.051907932264));
#6763 = CARTESIAN_POINT('',(2.005668001109,34.859955656478));
#6764 = CARTESIAN_POINT('',(2.014906868357,34.670940610968));
#6765 = CARTESIAN_POINT('',(2.024660052657,34.484878252375));
#6766 = CARTESIAN_POINT('',(2.053979852656,33.958616583257));
#6767 = CARTESIAN_POINT('',(2.074816749934,33.623269663208));
#6768 = CARTESIAN_POINT('',(2.096996499913,33.295718811812));
#6769 = CARTESIAN_POINT('',(2.120238640481,32.97582639879));
#6770 = CARTESIAN_POINT('',(2.144370319728,32.663114221136));
#6771 = CARTESIAN_POINT('',(2.169324724061,32.356673507727));
#6772 = CARTESIAN_POINT('',(2.195129165279,32.055248320239));
#6773 = CARTESIAN_POINT('',(2.261402570629,31.317857004565));
#6774 = CARTESIAN_POINT('',(2.302596897341,30.890717316488));
#6775 = CARTESIAN_POINT('',(2.345481393171,30.474340657463));
#6776 = CARTESIAN_POINT('',(2.390193076836,30.068187197952));
#6777 = CARTESIAN_POINT('',(2.436905977084,29.672862195174));
#6778 = CARTESIAN_POINT('',(2.48581644552,29.290269499473));
#6779 = CARTESIAN_POINT('',(2.537136470921,28.923692012567));
#6780 = CARTESIAN_POINT('',(2.609950021723,28.457298880409));
#6781 = CARTESIAN_POINT('',(2.62914210643,28.338987864898));
#6782 = CARTESIAN_POINT('',(2.648690562717,28.223303671082));
#6783 = CARTESIAN_POINT('',(2.668610907182,28.110470173528));
#6784 = CARTESIAN_POINT('',(2.688918262412,28.000749657524));
#6785 = CARTESIAN_POINT('',(2.709627688774,27.89444263358));
#6786 = CARTESIAN_POINT('',(2.730754516187,27.791887651926));
#6787 = CARTESIAN_POINT('',(2.781638871127,27.559590173516));
#6788 = CARTESIAN_POINT('',(2.811870741181,27.432872970789));
#6789 = CARTESIAN_POINT('',(2.842963249673,27.31479941859));
#6790 = CARTESIAN_POINT('',(2.874875259916,27.206803407298));
#6791 = CARTESIAN_POINT('',(2.907571099621,27.110266437633));
#6792 = CARTESIAN_POINT('',(2.941020125571,27.026521250365));
#6793 = CARTESIAN_POINT('',(2.97519628831,26.956855456031));
#6794 = CARTESIAN_POINT('',(3.010077696815,26.902515164656));
#6795 = ( GEOMETRIC_REPRESENTATION_CONTEXT(2) 
PARAMETRIC_REPRESENTATION_CONTEXT() REPRESENTATION_CONTEXT('2D SPACE',''
  ) );
#6796 = PCURVE('',#6797,#6802);
#6797 = CYLINDRICAL_SURFACE('',#6798,10.2);
#6798 = AXIS2_PLACEMENT_3D('',#6799,#6800,#6801);
#6799 = CARTESIAN_POINT('',(95.,0.,3.3));
#6800 = DIRECTION('',(-0.,-0.,-1.));
#6801 = DIRECTION('',(-0.989949493661,-0.141421356237,0.));
#6802 = DEFINITIONAL_REPRESENTATION('',(#6803),#6967);
#6803 = B_SPLINE_CURVE_WITH_KNOTS('',8,(#6804,#6805,#6806,#6807,#6808,
    #6809,#6810,#6811,#6812,#6813,#6814,#6815,#6816,#6817,#6818,#6819,
    #6820,#6821,#6822,#6823,#6824,#6825,#6826,#6827,#6828,#6829,#6830,
    #6831,#6832,#6833,#6834,#6835,#6836,#6837,#6838,#6839,#6840,#6841,
    #6842,#6843,#6844,#6845,#6846,#6847,#6848,#6849,#6850,#6851,#6852,
    #6853,#6854,#6855,#6856,#6857,#6858,#6859,#6860,#6861,#6862,#6863,
    #6864,#6865,#6866,#6867,#6868,#6869,#6870,#6871,#6872,#6873,#6874,
    #6875,#6876,#6877,#6878,#6879,#6880,#6881,#6882,#6883,#6884,#6885,
    #6886,#6887,#6888,#6889,#6890,#6891,#6892,#6893,#6894,#6895,#6896,
    #6897,#6898,#6899,#6900,#6901,#6902,#6903,#6904,#6905,#6906,#6907,
    #6908,#6909,#6910,#6911,#6912,#6913,#6914,#6915,#6916,#6917,#6918,
    #6919,#6920,#6921,#6922,#6923,#6924,#6925,#6926,#6927,#6928,#6929,
    #6930,#6931,#6932,#6933,#6934,#6935,#6936,#6937,#6938,#6939,#6940,
    #6941,#6942,#6943,#6944,#6945,#6946,#6947,#6948,#6949,#6950,#6951,
    #6952,#6953,#6954,#6955,#6956,#6957,#6958,#6959,#6960,#6961,#6962,
    #6963,#6964,#6965,#6966),.UNSPECIFIED.,.F.,.F.,(9,7,7,7,7,7,7,7,7,7,
    7,7,7,7,7,7,7,7,7,7,7,7,7,9),(0.,3.759939364857E-02,
    9.415023760559E-02,0.140850040282,0.19342867426,0.209162913621,
    0.240206442522,0.259234884311,0.296675275059,0.339257353854,
    0.420683715926,0.467587281086,0.496712083503,0.547264784708,
    0.574827645765,0.656780175629,0.725856818104,0.757065286364,
    0.776390333564,0.804607643879,0.857496993643,0.935601153336,
    0.962887524989,1.),.UNSPECIFIED.);
#6804 = CARTESIAN_POINT('',(0.,-53.5596119711));
#6805 = CARTESIAN_POINT('',(-3.863911506067E-02,-53.50800248186));
#6806 = CARTESIAN_POINT('',(-7.650077929017E-02,-53.44152478299));
#6807 = CARTESIAN_POINT('',(-0.11357403376,-53.36148207354));
#6808 = CARTESIAN_POINT('',(-0.149841942511,-53.26922488511));
#6809 = CARTESIAN_POINT('',(-0.185281023447,-53.16614918617));
#6810 = CARTESIAN_POINT('',(-0.219860679213,-53.05369448636));
#6811 = CARTESIAN_POINT('',(-0.253542628087,-52.93334194079));
#6812 = CARTESIAN_POINT('',(-0.335519026449,-52.61600673651));
#6813 = CARTESIAN_POINT('',(-0.382919758544,-52.40982194287));
#6814 = CARTESIAN_POINT('',(-0.428646843956,-52.19149600079));
#6815 = CARTESIAN_POINT('',(-0.472860015312,-51.96379958626));
#6816 = CARTESIAN_POINT('',(-0.51572097618,-51.72889161298));
#6817 = CARTESIAN_POINT('',(-0.557399206184,-51.48838253795));
#6818 = CARTESIAN_POINT('',(-0.598077020134,-51.24340548374));
#6819 = CARTESIAN_POINT('',(-0.670884274611,-50.78930969701));
#6820 = CARTESIAN_POINT('',(-0.703238548818,-50.58156581072));
#6821 = CARTESIAN_POINT('',(-0.735083630085,-50.37218041257));
#6822 = CARTESIAN_POINT('',(-0.766487893849,-50.16177417489));
#6823 = CARTESIAN_POINT('',(-0.79752066951,-49.95090379365));
#6824 = CARTESIAN_POINT('',(-0.828252449334,-49.74010595148));
#6825 = CARTESIAN_POINT('',(-0.858755801457,-49.52995299822));
#6826 = CARTESIAN_POINT('',(-0.923278948788,-49.08599868254));
#6827 = CARTESIAN_POINT('',(-0.957075556358,-48.85380720248));
#6828 = CARTESIAN_POINT('',(-0.990741891606,-48.62456530166));
#6829 = CARTESIAN_POINT('',(-1.024479392772,-48.39875070403));
#6830 = CARTESIAN_POINT('',(-1.058432537712,-48.17764106136));
#6831 = CARTESIAN_POINT('',(-1.09269405114,-47.96357940297));
#6832 = CARTESIAN_POINT('',(-1.127323364923,-47.76007377424));
#6833 = CARTESIAN_POINT('',(-1.172861737377,-47.51525271449));
#6834 = CARTESIAN_POINT('',(-1.183403244829,-47.4601323085));
#6835 = CARTESIAN_POINT('',(-1.194001131259,-47.40639706605));
#6836 = CARTESIAN_POINT('',(-1.204659009188,-47.35417503258));
#6837 = CARTESIAN_POINT('',(-1.215380555305,-47.30360541526));
#6838 = CARTESIAN_POINT('',(-1.226169510458,-47.25483858302));
#6839 = CARTESIAN_POINT('',(-1.237029679658,-47.20803606655));
#6840 = CARTESIAN_POINT('',(-1.269540097982,-47.07524586623));
#6841 = CARTESIAN_POINT('',(-1.291596081916,-46.99466946657));
#6842 = CARTESIAN_POINT('',(-1.313989580516,-46.92396188849));
#6843 = CARTESIAN_POINT('',(-1.33662581202,-46.86506842192));
#6844 = CARTESIAN_POINT('',(-1.359449796046,-46.81954440679));
#6845 = CARTESIAN_POINT('',(-1.382437166114,-46.78855022623));
#6846 = CARTESIAN_POINT('',(-1.405584514892,-46.77285600366));
#6847 = CARTESIAN_POINT('',(-1.44319028606,-46.77285600366));
#6848 = CARTESIAN_POINT('',(-1.457461071442,-46.7787526357));
#6849 = CARTESIAN_POINT('',(-1.471699963289,-46.79051677278));
#6850 = CARTESIAN_POINT('',(-1.485894284716,-46.80803461526));
#6851 = CARTESIAN_POINT('',(-1.5000289229,-46.83110601874));
#6852 = CARTESIAN_POINT('',(-1.514084838712,-46.85944347376));
#6853 = CARTESIAN_POINT('',(-1.528037510092,-46.89267173724));
#6854 = CARTESIAN_POINT('',(-1.5690432314,-47.00442086255));
#6855 = CARTESIAN_POINT('',(-1.595691071743,-47.09560781149));
#6856 = CARTESIAN_POINT('',(-1.62189019288,-47.20122707883));
#6857 = CARTESIAN_POINT('',(-1.647698885343,-47.31878142025));
#6858 = CARTESIAN_POINT('',(-1.673155720907,-47.44602554708));
#6859 = CARTESIAN_POINT('',(-1.698291618423,-47.58102990298));
#6860 = CARTESIAN_POINT('',(-1.723140622044,-47.72222090093));
#6861 = CARTESIAN_POINT('',(-1.775737683523,-48.03464878592));
#6862 = CARTESIAN_POINT('',(-1.803526406312,-48.20800966082));
#6863 = CARTESIAN_POINT('',(-1.831146994567,-48.38660726017));
#6864 = CARTESIAN_POINT('',(-1.858640543113,-48.56900271423));
#6865 = CARTESIAN_POINT('',(-1.886062251712,-48.75418110842));
#6866 = CARTESIAN_POINT('',(-1.913484460047,-48.94149324659));
#6867 = CARTESIAN_POINT('',(-1.94099703425,-49.13056689177));
#6868 = CARTESIAN_POINT('',(-2.021685462344,-49.68574738139));
#6869 = CARTESIAN_POINT('',(-2.074967973227,-50.05319271783));
#6870 = CARTESIAN_POINT('',(-2.129074662446,-50.42074205769));
#6871 = CARTESIAN_POINT('',(-2.184452167635,-50.78647096157));
#6872 = CARTESIAN_POINT('',(-2.241509639734,-51.14782541387));
#6873 = CARTESIAN_POINT('',(-2.300622213626,-51.50123991325));
#6874 = CARTESIAN_POINT('',(-2.362156719915,-51.8417242441));
#6875 = CARTESIAN_POINT('',(-2.463547755925,-52.34725051039));
#6876 = CARTESIAN_POINT('',(-2.501675617595,-52.52617725258));
#6877 = CARTESIAN_POINT('',(-2.540935908235,-52.69776883437));
#6878 = CARTESIAN_POINT('',(-2.581391123371,-52.86030557266));
#6879 = CARTESIAN_POINT('',(-2.623104375778,-53.01182783215));
#6880 = CARTESIAN_POINT('',(-2.666141097355,-53.15012155948));
#6881 = CARTESIAN_POINT('',(-2.710572138642,-53.2727057038));
#6882 = CARTESIAN_POINT('',(-2.784983708665,-53.44147231662));
#6883 = CARTESIAN_POINT('',(-2.814070107921,-53.49902982499));
#6884 = CARTESIAN_POINT('',(-2.843639117045,-53.54855295823));
#6885 = CARTESIAN_POINT('',(-2.873600193717,-53.58926801117));
#6886 = CARTESIAN_POINT('',(-2.903868717342,-53.62057040463));
#6887 = CARTESIAN_POINT('',(-2.93436410639,-53.64202642605));
#6888 = CARTESIAN_POINT('',(-2.965007935737,-53.65337497014));
#6889 = CARTESIAN_POINT('',(-3.049033373405,-53.65653284526));
#6890 = CARTESIAN_POINT('',(-3.101771451393,-53.6277940225));
#6891 = CARTESIAN_POINT('',(-3.153746775287,-53.56944911617));
#6892 = CARTESIAN_POINT('',(-3.204757042191,-53.48349598137));
#6893 = CARTESIAN_POINT('',(-3.254580245533,-53.37277275539));
#6894 = CARTESIAN_POINT('',(-3.30296325354,-53.24093563431));
#6895 = CARTESIAN_POINT('',(-3.349605879685,-53.09243569407));
#6896 = CARTESIAN_POINT('',(-3.41842203653,-52.84529012129));
#6897 = CARTESIAN_POINT('',(-3.442252613305,-52.75405342962));
#6898 = CARTESIAN_POINT('',(-3.465651164824,-52.65920540694));
#6899 = CARTESIAN_POINT('',(-3.488636447777,-52.56112785566));
#6900 = CARTESIAN_POINT('',(-3.511227165562,-52.46016516987));
#6901 = CARTESIAN_POINT('',(-3.533442147717,-52.35662585044));
#6902 = CARTESIAN_POINT('',(-3.555300529371,-52.25078402001));
#6903 = CARTESIAN_POINT('',(-3.64081141567,-51.8220531936));
#6904 = CARTESIAN_POINT('',(-3.70204026914,-51.48190784746));
#6905 = CARTESIAN_POINT('',(-3.760880958553,-51.12910470415));
#6906 = CARTESIAN_POINT('',(-3.817696327812,-50.7685397803));
#6907 = CARTESIAN_POINT('',(-3.872857413076,-50.40371959263));
#6908 = CARTESIAN_POINT('',(-3.926768628792,-50.03716994097));
#6909 = CARTESIAN_POINT('',(-3.979871044848,-49.67081911637));
#6910 = CARTESIAN_POINT('',(-4.077192870164,-49.00124761478));
#6911 = CARTESIAN_POINT('',(-4.120765712394,-48.70218455255));
#6912 = CARTESIAN_POINT('',(-4.16417682597,-48.40872312654));
#6913 = CARTESIAN_POINT('',(-4.207970382953,-48.12115149201));
#6914 = CARTESIAN_POINT('',(-4.252456496331,-47.84294533818));
#6915 = CARTESIAN_POINT('',(-4.297760780986,-47.58151179027));
#6916 = CARTESIAN_POINT('',(-4.343953131678,-47.34820719564));
#6917 = CARTESIAN_POINT('',(-4.412664060943,-47.06967891616));
#6918 = CARTESIAN_POINT('',(-4.434517454351,-46.99049513641));
#6919 = CARTESIAN_POINT('',(-4.456701649123,-46.92106168567));
#6920 = CARTESIAN_POINT('',(-4.479123793009,-46.86326705361));
#6921 = CARTESIAN_POINT('',(-4.501729557624,-46.81861778867));
#6922 = CARTESIAN_POINT('',(-4.524494171103,-46.78823429091));
#6923 = CARTESIAN_POINT('',(-4.547413035048,-46.77285600366));
#6924 = CARTESIAN_POINT('',(-4.58478293965,-46.77285600366));
#6925 = CARTESIAN_POINT('',(-4.599053725032,-46.7787526357));
#6926 = CARTESIAN_POINT('',(-4.613292616879,-46.79051677278));
#6927 = CARTESIAN_POINT('',(-4.627486938306,-46.80803461526));
#6928 = CARTESIAN_POINT('',(-4.641621576489,-46.83110601874));
#6929 = CARTESIAN_POINT('',(-4.655677492302,-46.85944347376));
#6930 = CARTESIAN_POINT('',(-4.669630163682,-46.89267173724));
#6931 = CARTESIAN_POINT('',(-4.703623909518,-46.98531176994));
#6932 = CARTESIAN_POINT('',(-4.723516984045,-47.04974891781));
#6933 = CARTESIAN_POINT('',(-4.743160919516,-47.12256750363));
#6934 = CARTESIAN_POINT('',(-4.762578782994,-47.20272895668));
#6935 = CARTESIAN_POINT('',(-4.781785338171,-47.28924451747));
#6936 = CARTESIAN_POINT('',(-4.800789373068,-47.38118918733));
#6937 = CARTESIAN_POINT('',(-4.81959599265,-47.47771330134));
#6938 = CARTESIAN_POINT('',(-4.873096089418,-47.76612188035));
#6939 = CARTESIAN_POINT('',(-4.907569236324,-47.96903024399));
#6940 = CARTESIAN_POINT('',(-4.941680161732,-48.18233950219));
#6941 = CARTESIAN_POINT('',(-4.975487957391,-48.40260598143));
#6942 = CARTESIAN_POINT('',(-5.00908449741,-48.62752758791));
#6943 = CARTESIAN_POINT('',(-5.042612268489,-48.85584452595));
#6944 = CARTESIAN_POINT('',(-5.076269365096,-49.0870796166));
#6945 = CARTESIAN_POINT('',(-5.160545999237,-49.66694892514));
#6946 = CARTESIAN_POINT('',(-5.211092917805,-50.01548836616));
#6947 = CARTESIAN_POINT('',(-5.262367941255,-50.36432756224));
#6948 = CARTESIAN_POINT('',(-5.314745391716,-50.71169548482));
#6949 = CARTESIAN_POINT('',(-5.368570385183,-51.05540559786));
#6950 = CARTESIAN_POINT('',(-5.424162282507,-51.39251955317));
#6951 = CARTESIAN_POINT('',(-5.481833064124,-51.71902323691));
#6952 = CARTESIAN_POINT('',(-5.562885752606,-52.13800674823));
#6953 = CARTESIAN_POINT('',(-5.584183146498,-52.24463420296));
#6954 = CARTESIAN_POINT('',(-5.605813201107,-52.34920486148));
#6955 = CARTESIAN_POINT('',(-5.627795224558,-52.45147882493));
#6956 = CARTESIAN_POINT('',(-5.650147881778,-52.55118239059));
#6957 = CARTESIAN_POINT('',(-5.672889637915,-52.64800776085));
#6958 = CARTESIAN_POINT('',(-5.696039201758,-52.74161275202));
#6959 = CARTESIAN_POINT('',(-5.751682973216,-52.95404097235));
#6960 = CARTESIAN_POINT('',(-5.78465617485,-53.07024931898));
#6961 = CARTESIAN_POINT('',(-5.818488145306,-53.17880497104));
#6962 = CARTESIAN_POINT('',(-5.853139394191,-53.2783121256));
#6963 = CARTESIAN_POINT('',(-5.888577762133,-53.36742162994));
#6964 = CARTESIAN_POINT('',(-5.924777813453,-53.4448328627));
#6965 = CARTESIAN_POINT('',(-5.961720228831,-53.5092956149));
#6966 = CARTESIAN_POINT('',(-5.999391197971,-53.5596119711));
#6967 = ( GEOMETRIC_REPRESENTATION_CONTEXT(2) 
PARAMETRIC_REPRESENTATION_CONTEXT() REPRESENTATION_CONTEXT('2D SPACE',''
  ) );
#6968 = ORIENTED_EDGE('',*,*,#6969,.F.);
#6969 = EDGE_CURVE('',#6970,#6462,#6972,.T.);
#6970 = VERTEX_POINT('',#6971);
#6971 = CARTESIAN_POINT('',(106.,7.945373618893,38.347302319478));
#6972 = SURFACE_CURVE('',#6973,(#6978,#7012),.PCURVE_S1.);
#6973 = ELLIPSE('',#6974,15.556349186104,11.);
#6974 = AXIS2_PLACEMENT_3D('',#6975,#6976,#6977);
#6975 = CARTESIAN_POINT('',(98.392698372208,0.,45.95460394727));
#6976 = DIRECTION('',(0.707106781187,0.,0.707106781187));
#6977 = DIRECTION('',(0.707106781187,0.,-0.707106781187));
#6978 = PCURVE('',#1410,#6979);
#6979 = DEFINITIONAL_REPRESENTATION('',(#6980),#7011);
#6980 = B_SPLINE_CURVE_WITH_KNOTS('',8,(#6981,#6982,#6983,#6984,#6985,
    #6986,#6987,#6988,#6989,#6990,#6991,#6992,#6993,#6994,#6995,#6996,
    #6997,#6998,#6999,#7000,#7001,#7002,#7003,#7004,#7005,#7006,#7007,
    #7008,#7009,#7010),.UNSPECIFIED.,.F.,.F.,(9,7,7,7,9),(0.80713188954,
    1.974362271565,3.725207844602,4.600630631121,5.476053417639),
  .UNSPECIFIED.);
#6981 = CARTESIAN_POINT('',(0.80713188954,48.0000006));
#6982 = CARTESIAN_POINT('',(0.953035687294,46.840740498254));
#6983 = CARTESIAN_POINT('',(1.098939485047,45.496401728296));
#6984 = CARTESIAN_POINT('',(1.2448432828,44.00459093415));
#6985 = CARTESIAN_POINT('',(1.390747080553,42.411312613156));
#6986 = CARTESIAN_POINT('',(1.536650878306,40.768431816555));
#6987 = CARTESIAN_POINT('',(1.682554676059,39.130111433059));
#6988 = CARTESIAN_POINT('',(1.828458473812,37.549006119093));
#6989 = CARTESIAN_POINT('',(2.193217968195,33.858978169938));
#6990 = CARTESIAN_POINT('',(2.412073664826,31.881422901544));
#6991 = CARTESIAN_POINT('',(2.630929361452,30.30192982564));
#6992 = CARTESIAN_POINT('',(2.849785058084,29.257904186845));
#6993 = CARTESIAN_POINT('',(3.068640754711,28.837935241987));
#6994 = CARTESIAN_POINT('',(3.287496451343,29.062755575902));
#6995 = CARTESIAN_POINT('',(3.506352147973,29.886871549455));
#6996 = CARTESIAN_POINT('',(3.834635692917,31.876758164615));
#6997 = CARTESIAN_POINT('',(3.944063541231,32.665672431698));
#6998 = CARTESIAN_POINT('',(4.053491389547,33.568102007936));
#6999 = CARTESIAN_POINT('',(4.162919237862,34.568736123261));
#7000 = CARTESIAN_POINT('',(4.272347086176,35.649515374935));
#7001 = CARTESIAN_POINT('',(4.381774934492,36.790308607441));
#7002 = CARTESIAN_POINT('',(4.491202782806,37.969716948836));
#7003 = CARTESIAN_POINT('',(4.710058479435,40.36211104709));
#7004 = CARTESIAN_POINT('',(4.819486327751,41.575096720247));
#7005 = CARTESIAN_POINT('',(4.928914176064,42.783044466402));
#7006 = CARTESIAN_POINT('',(5.03834202438,43.963698108744));
#7007 = CARTESIAN_POINT('',(5.147769872696,45.095210247669));
#7008 = CARTESIAN_POINT('',(5.257197721009,46.157003792046));
#7009 = CARTESIAN_POINT('',(5.366625569324,47.13055552369));
#7010 = CARTESIAN_POINT('',(5.476053417639,48.0000006));
#7011 = ( GEOMETRIC_REPRESENTATION_CONTEXT(2) 
PARAMETRIC_REPRESENTATION_CONTEXT() REPRESENTATION_CONTEXT('2D SPACE',''
  ) );
#7012 = PCURVE('',#5877,#7013);
#7013 = DEFINITIONAL_REPRESENTATION('',(#7014),#7018);
#7014 = ELLIPSE('',#7015,15.556349186104,11.);
#7015 = AXIS2_PLACEMENT_2D('',#7016,#7017);
#7016 = CARTESIAN_POINT('',(497.60099997449,-500.));
#7017 = DIRECTION('',(-1.,0.));
#7018 = ( GEOMETRIC_REPRESENTATION_CONTEXT(2) 
PARAMETRIC_REPRESENTATION_CONTEXT() REPRESENTATION_CONTEXT('2D SPACE',''
  ) );
#7019 = ORIENTED_EDGE('',*,*,#7020,.F.);
#7020 = EDGE_CURVE('',#5782,#6970,#7021,.T.);
#7021 = SURFACE_CURVE('',#7022,(#7027,#7034),.PCURVE_S1.);
#7022 = CIRCLE('',#7023,11.);
#7023 = AXIS2_PLACEMENT_3D('',#7024,#7025,#7026);
#7024 = CARTESIAN_POINT('',(106.,0.,45.95460394727));
#7025 = DIRECTION('',(1.,-0.,2.22044604925E-16));
#7026 = DIRECTION('',(2.22044604925E-16,0.,-1.));
#7027 = PCURVE('',#1410,#7028);
#7028 = DEFINITIONAL_REPRESENTATION('',(#7029),#7033);
#7029 = LINE('',#7030,#7031);
#7030 = CARTESIAN_POINT('',(0.,48.));
#7031 = VECTOR('',#7032,1.);
#7032 = DIRECTION('',(1.,0.));
#7033 = ( GEOMETRIC_REPRESENTATION_CONTEXT(2) 
PARAMETRIC_REPRESENTATION_CONTEXT() REPRESENTATION_CONTEXT('2D SPACE',''
  ) );
#7034 = PCURVE('',#5821,#7035);
#7035 = DEFINITIONAL_REPRESENTATION('',(#7036),#7040);
#7036 = CIRCLE('',#7037,11.);
#7037 = AXIS2_PLACEMENT_2D('',#7038,#7039);
#7038 = CARTESIAN_POINT('',(0.,0.));
#7039 = DIRECTION('',(1.,0.));
#7040 = ( GEOMETRIC_REPRESENTATION_CONTEXT(2) 
PARAMETRIC_REPRESENTATION_CONTEXT() REPRESENTATION_CONTEXT('2D SPACE',''
  ) );
#7041 = ORIENTED_EDGE('',*,*,#5781,.F.);
#7042 = ORIENTED_EDGE('',*,*,#7043,.T.);
#7043 = EDGE_CURVE('',#5505,#7044,#7046,.T.);
#7044 = VERTEX_POINT('',#7045);
#7045 = CARTESIAN_POINT('',(84.902515164656,1.442497833621,
    35.049595923431));
#7046 = SURFACE_CURVE('',#7047,(#7127,#7210),.PCURVE_S1.);
#7047 = B_SPLINE_CURVE_WITH_KNOTS('',8,(#7048,#7049,#7050,#7051,#7052,
    #7053,#7054,#7055,#7056,#7057,#7058,#7059,#7060,#7061,#7062,#7063,
    #7064,#7065,#7066,#7067,#7068,#7069,#7070,#7071,#7072,#7073,#7074,
    #7075,#7076,#7077,#7078,#7079,#7080,#7081,#7082,#7083,#7084,#7085,
    #7086,#7087,#7088,#7089,#7090,#7091,#7092,#7093,#7094,#7095,#7096,
    #7097,#7098,#7099,#7100,#7101,#7102,#7103,#7104,#7105,#7106,#7107,
    #7108,#7109,#7110,#7111,#7112,#7113,#7114,#7115,#7116,#7117,#7118,
    #7119,#7120,#7121,#7122,#7123,#7124,#7125,#7126),.UNSPECIFIED.,.F.,
  .F.,(9,7,7,7,7,7,7,7,7,7,7,9),(0.,9.961865972245E-02,0.154434554067,
    0.31741840195,0.454795210303,0.516861339607,0.555294206102,
    0.611411643175,0.716595827071,0.871926197609,0.926192221801,1.),
  .UNSPECIFIED.);
#7048 = CARTESIAN_POINT('',(105.2,-1.33226762955E-15,34.95460394727));
#7049 = CARTESIAN_POINT('',(105.2,0.538586346422,34.95460394727));
#7050 = CARTESIAN_POINT('',(105.16749891561,1.071159845144,
    34.98474161064));
#7051 = CARTESIAN_POINT('',(105.10376483173,1.593595262136,
    35.043839728475));
#7052 = CARTESIAN_POINT('',(105.01086637202,2.101848439695,
    35.129906983287));
#7053 = CARTESIAN_POINT('',(104.89165917813,2.592068048859,
    35.240158398696));
#7054 = CARTESIAN_POINT('',(104.74978951639,3.060656091123,
    35.371036529607));
#7055 = CARTESIAN_POINT('',(104.5897150117,3.504277149463,
    35.518233392867));
#7056 = CARTESIAN_POINT('',(104.32156312721,4.148469886865,
    35.763917774661));
#7057 = CARTESIAN_POINT('',(104.22180650516,4.370234895988,
    35.855154464026));
#7058 = CARTESIAN_POINT('',(104.1178959481,4.58525693833,35.950002486131
    ));
#7059 = CARTESIAN_POINT('',(104.01021228063,4.793697911754,
    36.048080038929));
#7060 = CARTESIAN_POINT('',(103.89909511384,4.995733250133,
    36.149042726176));
#7061 = CARTESIAN_POINT('',(103.78484411249,5.191549083805,
    36.252582044918));
#7062 = CARTESIAN_POINT('',(103.66772026223,5.38133940002,
    36.358423872982));
#7063 = CARTESIAN_POINT('',(103.19182625107,6.11228193836,
    36.787154700935));
#7064 = CARTESIAN_POINT('',(102.81106798985,6.60961929557,
    37.127300047074));
#7065 = CARTESIAN_POINT('',(102.41186241211,7.061020490486,
    37.480103190403));
#7066 = CARTESIAN_POINT('',(101.99832387319,7.470477766854,
    37.840668114216));
#7067 = CARTESIAN_POINT('',(101.57284148309,7.841872705877,
    38.205488301913));
#7068 = CARTESIAN_POINT('',(101.13617114497,8.178772110604,
    38.572037953565));
#7069 = CARTESIAN_POINT('',(100.68764286018,8.484154027753,
    38.938388778161));
#7070 = CARTESIAN_POINT('',(99.835095404608,8.992663237607,
    39.607960279754));
#7071 = CARTESIAN_POINT('',(99.441562431162,9.200496129303,
    39.907023342003));
#7072 = CARTESIAN_POINT('',(99.039663349832,9.388411329076,
    40.200484767976));
#7073 = CARTESIAN_POINT('',(98.625352020409,9.558236848843,
    40.488056402536));
#7074 = CARTESIAN_POINT('',(98.196322850697,9.709607750139,
    40.766262556343));
#7075 = CARTESIAN_POINT('',(97.752156875243,9.840913563086,
    41.027696104276));
#7076 = CARTESIAN_POINT('',(97.29319553396,9.950592955545,
    41.261000698889));
#7077 = CARTESIAN_POINT('',(96.603568381701,10.075521695763,
    41.539528979604));
#7078 = CARTESIAN_POINT('',(96.383283483116,10.110011077977,
    41.618712756728));
#7079 = CARTESIAN_POINT('',(96.158805027599,10.139424313544,
    41.688146208322));
#7080 = CARTESIAN_POINT('',(95.93120192106,10.163345750555,
    41.74594084196));
#7081 = CARTESIAN_POINT('',(95.70118478714,10.181524258279,
    41.790590106435));
#7082 = CARTESIAN_POINT('',(95.469177269945,10.193790595461,
    41.820973602816));
#7083 = CARTESIAN_POINT('',(95.235404682371,10.2,41.836351890875));
#7084 = CARTESIAN_POINT('',(94.854231658534,10.2,41.836351890875));
#7085 = CARTESIAN_POINT('',(94.708669632956,10.197619216991,
    41.830455258837));
#7086 = CARTESIAN_POINT('',(94.563478340033,10.192869483815,
    41.818691121753));
#7087 = CARTESIAN_POINT('',(94.418831790489,10.185774437477,
    41.801173279274));
#7088 = CARTESIAN_POINT('',(94.274927688416,10.176371048514,
    41.778101875795));
#7089 = CARTESIAN_POINT('',(94.132001470955,10.164714195684,
    41.749764420772));
#7090 = CARTESIAN_POINT('',(93.99034028823,10.150884285965,
    41.716536157296));
#7091 = CARTESIAN_POINT('',(93.645813744894,10.111801571797,
    41.623896124591));
#7092 = CARTESIAN_POINT('',(93.444732406266,10.084215470079,
    41.559458976725));
#7093 = CARTESIAN_POINT('',(93.246811317385,10.05244637195,
    41.486640390903));
#7094 = CARTESIAN_POINT('',(93.051907932264,10.016667618308,
    41.406478937852));
#7095 = CARTESIAN_POINT('',(92.859955656478,9.977039261949,
    41.319963377068));
#7096 = CARTESIAN_POINT('',(92.670940610968,9.933719925958,
    41.228018707202));
#7097 = CARTESIAN_POINT('',(92.484878252375,9.886870392292,
    41.131494593192));
#7098 = CARTESIAN_POINT('',(91.958616583257,9.742515888162,
    40.843086014183));
#7099 = CARTESIAN_POINT('',(91.623269663206,9.63581740431,40.64017765054
    ));
#7100 = CARTESIAN_POINT('',(91.295718811817,9.517156520903,
    40.42686839235));
#7101 = CARTESIAN_POINT('',(90.975826398789,9.387011605555,
    40.206601913105));
#7102 = CARTESIAN_POINT('',(90.66311422113,9.245646843189,
    39.981680306617));
#7103 = CARTESIAN_POINT('',(90.356673507729,9.092908267837,
    39.753363368589));
#7104 = CARTESIAN_POINT('',(90.05524832024,8.928039720591,
    39.522128277935));
#7105 = CARTESIAN_POINT('',(89.31785700456,8.486221364153,
    38.942258969392));
#7106 = CARTESIAN_POINT('',(88.890717316497,8.195981311455,
    38.593719528381));
#7107 = CARTESIAN_POINT('',(88.474340657459,7.877164643035,
    38.244880332294));
#7108 = CARTESIAN_POINT('',(88.068187197954,7.527274038917,
    37.897512409714));
#7109 = CARTESIAN_POINT('',(87.672862195171,7.143325023386,
    37.553802296669));
#7110 = CARTESIAN_POINT('',(87.290269499476,6.722055304867,
    37.216688341373));
#7111 = CARTESIAN_POINT('',(86.923692012566,6.26008284667,
    36.890184657623));
#7112 = CARTESIAN_POINT('',(86.457298880409,5.577461273564,
    36.471201146306));
#7113 = CARTESIAN_POINT('',(86.338987864898,5.395199736836,
    36.364573691575));
#7114 = CARTESIAN_POINT('',(86.223303671082,5.207208234636,
    36.260003033051));
#7115 = CARTESIAN_POINT('',(86.110470173528,5.013290690349,
    36.157729069609));
#7116 = CARTESIAN_POINT('',(86.000749657524,4.813259160956,
    36.058025503943));
#7117 = CARTESIAN_POINT('',(85.89444263358,4.606933950662,
    35.961200133682));
#7118 = CARTESIAN_POINT('',(85.791887651926,4.394143724518,
    35.867595142513));
#7119 = CARTESIAN_POINT('',(85.559590173516,3.876292801853,
    35.655166922183));
#7120 = CARTESIAN_POINT('',(85.432872970789,3.564520016225,
    35.538958575555));
#7121 = CARTESIAN_POINT('',(85.31479941859,3.239831893549,
    35.430402923494));
#7122 = CARTESIAN_POINT('',(85.206803407298,2.902721152757,
    35.330895768939));
#7123 = CARTESIAN_POINT('',(85.110266437633,2.55375232257,
    35.241786264595));
#7124 = CARTESIAN_POINT('',(85.026521250365,2.193565460732,
    35.164375031839));
#7125 = CARTESIAN_POINT('',(84.956855456031,1.822879873247,
    35.099912279632));
#7126 = CARTESIAN_POINT('',(84.902515164656,1.442497833621,
    35.049595923431));
#7127 = PCURVE('',#1410,#7128);
#7128 = DEFINITIONAL_REPRESENTATION('',(#7129),#7209);
#7129 = B_SPLINE_CURVE_WITH_KNOTS('',8,(#7130,#7131,#7132,#7133,#7134,
    #7135,#7136,#7137,#7138,#7139,#7140,#7141,#7142,#7143,#7144,#7145,
    #7146,#7147,#7148,#7149,#7150,#7151,#7152,#7153,#7154,#7155,#7156,
    #7157,#7158,#7159,#7160,#7161,#7162,#7163,#7164,#7165,#7166,#7167,
    #7168,#7169,#7170,#7171,#7172,#7173,#7174,#7175,#7176,#7177,#7178,
    #7179,#7180,#7181,#7182,#7183,#7184,#7185,#7186,#7187,#7188,#7189,
    #7190,#7191,#7192,#7193,#7194,#7195,#7196,#7197,#7198,#7199,#7200,
    #7201,#7202,#7203,#7204,#7205,#7206,#7207,#7208),.UNSPECIFIED.,.F.,
  .F.,(9,7,7,7,7,7,7,7,7,7,7,9),(0.,9.961865972245E-02,0.154434554067,
    0.31741840195,0.454795210303,0.516861339607,0.555294206102,
    0.611411643175,0.716595827071,0.871926197609,0.926192221801,1.),
  .UNSPECIFIED.);
#7130 = CARTESIAN_POINT('',(0.,47.2));
#7131 = CARTESIAN_POINT('',(4.896239512924E-02,47.2));
#7132 = CARTESIAN_POINT('',(9.737821863163E-02,47.167498915616));
#7133 = CARTESIAN_POINT('',(0.145051087173,47.103764831739));
#7134 = CARTESIAN_POINT('',(0.191775783486,47.010866372021));
#7135 = CARTESIAN_POINT('',(0.237331786161,46.891659178135));
#7136 = CARTESIAN_POINT('',(0.281474594747,46.749789516393));
#7137 = CARTESIAN_POINT('',(0.323924850163,46.589715011709));
#7138 = CARTESIAN_POINT('',(0.386602373147,46.321563127218));
#7139 = CARTESIAN_POINT('',(0.408395010968,46.221806505164));
#7140 = CARTESIAN_POINT('',(0.429748632422,46.117895948102));
#7141 = CARTESIAN_POINT('',(0.450678553531,46.010212280639));
#7142 = CARTESIAN_POINT('',(0.471200032279,45.899095113849));
#7143 = CARTESIAN_POINT('',(0.491328363088,45.784844112492));
#7144 = CARTESIAN_POINT('',(0.5110789713,45.667720262232));
#7145 = CARTESIAN_POINT('',(0.588115354096,45.191826251074));
#7146 = CARTESIAN_POINT('',(0.642759037722,44.81106798986));
#7147 = CARTESIAN_POINT('',(0.69467477863,44.411862412108));
#7148 = CARTESIAN_POINT('',(0.744114373701,43.998323873196));
#7149 = CARTESIAN_POINT('',(0.791313188183,43.57284148309));
#7150 = CARTESIAN_POINT('',(0.836482757414,43.136171144974));
#7151 = CARTESIAN_POINT('',(0.879796272901,42.687642860189));
#7152 = CARTESIAN_POINT('',(0.956230634752,41.835095404608));
#7153 = CARTESIAN_POINT('',(0.989309212488,41.441562431161));
#7154 = CARTESIAN_POINT('',(1.020952140454,41.039663349836));
#7155 = CARTESIAN_POINT('',(1.051275209952,40.625352020405));
#7156 = CARTESIAN_POINT('',(1.080035462069,40.1963228507));
#7157 = CARTESIAN_POINT('',(1.106616520614,39.752156875242));
#7158 = CARTESIAN_POINT('',(1.130049125651,39.29319553396));
#7159 = CARTESIAN_POINT('',(1.157800261923,38.603568381701));
#7160 = CARTESIAN_POINT('',(1.165651494477,38.383283483116));
#7161 = CARTESIAN_POINT('',(1.172506173724,38.158805027599));
#7162 = CARTESIAN_POINT('',(1.178192239288,37.93120192106));
#7163 = CARTESIAN_POINT('',(1.182574741433,37.70118478714));
#7164 = CARTESIAN_POINT('',(1.185553535561,37.469177269945));
#7165 = CARTESIAN_POINT('',(1.187061203824,37.235404682371));
#7166 = CARTESIAN_POINT('',(1.187061203824,36.854231658534));
#7167 = CARTESIAN_POINT('',(1.186483102891,36.708669632956));
#7168 = CARTESIAN_POINT('',(1.185329755454,36.563478340033));
#7169 = CARTESIAN_POINT('',(1.183611564735,36.418831790489));
#7170 = CARTESIAN_POINT('',(1.181346659002,36.274927688416));
#7171 = CARTESIAN_POINT('',(1.178561111031,36.132001470955));
#7172 = CARTESIAN_POINT('',(1.175289200753,35.99034028823));
#7173 = CARTESIAN_POINT('',(1.166148593775,35.645813744894));
#7174 = CARTESIAN_POINT('',(1.159776518864,35.444732406266));
#7175 = CARTESIAN_POINT('',(1.152554359768,35.246811317385));
#7176 = CARTESIAN_POINT('',(1.144574626784,35.051907932264));
#7177 = CARTESIAN_POINT('',(1.135924652481,34.859955656478));
#7178 = CARTESIAN_POINT('',(1.126685785233,34.670940610968));
#7179 = CARTESIAN_POINT('',(1.116932600933,34.484878252375));
#7180 = CARTESIAN_POINT('',(1.087612800934,33.958616583257));
#7181 = CARTESIAN_POINT('',(1.066775903655,33.623269663206));
#7182 = CARTESIAN_POINT('',(1.044596153677,33.295718811817));
#7183 = CARTESIAN_POINT('',(1.021354013109,32.975826398789));
#7184 = CARTESIAN_POINT('',(0.997222333861,32.66311422113));
#7185 = CARTESIAN_POINT('',(0.972267929529,32.356673507729));
#7186 = CARTESIAN_POINT('',(0.946463488311,32.05524832024));
#7187 = CARTESIAN_POINT('',(0.88019008296,31.31785700456));
#7188 = CARTESIAN_POINT('',(0.838995756249,30.890717316497));
#7189 = CARTESIAN_POINT('',(0.796111260418,30.474340657459));
#7190 = CARTESIAN_POINT('',(0.751399576754,30.068187197954));
#7191 = CARTESIAN_POINT('',(0.704686676505,29.672862195171));
#7192 = CARTESIAN_POINT('',(0.655776208071,29.290269499476));
#7193 = CARTESIAN_POINT('',(0.604456182669,28.923692012566));
#7194 = CARTESIAN_POINT('',(0.531642631867,28.457298880409));
#7195 = CARTESIAN_POINT('',(0.51245054716,28.338987864898));
#7196 = CARTESIAN_POINT('',(0.492902090872,28.223303671082));
#7197 = CARTESIAN_POINT('',(0.472981746408,28.110470173528));
#7198 = CARTESIAN_POINT('',(0.452674391177,28.000749657524));
#7199 = CARTESIAN_POINT('',(0.431964964816,27.89444263358));
#7200 = CARTESIAN_POINT('',(0.410838137403,27.791887651926));
#7201 = CARTESIAN_POINT('',(0.359953782463,27.559590173516));
#7202 = CARTESIAN_POINT('',(0.329721912409,27.432872970789));
#7203 = CARTESIAN_POINT('',(0.298629403917,27.31479941859));
#7204 = CARTESIAN_POINT('',(0.266717393674,27.206803407298));
#7205 = CARTESIAN_POINT('',(0.234021553969,27.110266437633));
#7206 = CARTESIAN_POINT('',(0.200572528018,27.026521250365));
#7207 = CARTESIAN_POINT('',(0.16639636528,26.956855456031));
#7208 = CARTESIAN_POINT('',(0.131514956775,26.902515164656));
#7209 = ( GEOMETRIC_REPRESENTATION_CONTEXT(2) 
PARAMETRIC_REPRESENTATION_CONTEXT() REPRESENTATION_CONTEXT('2D SPACE',''
  ) );
#7210 = PCURVE('',#5686,#7211);
#7211 = DEFINITIONAL_REPRESENTATION('',(#7212),#7292);
#7212 = B_SPLINE_CURVE_WITH_KNOTS('',8,(#7213,#7214,#7215,#7216,#7217,
    #7218,#7219,#7220,#7221,#7222,#7223,#7224,#7225,#7226,#7227,#7228,
    #7229,#7230,#7231,#7232,#7233,#7234,#7235,#7236,#7237,#7238,#7239,
    #7240,#7241,#7242,#7243,#7244,#7245,#7246,#7247,#7248,#7249,#7250,
    #7251,#7252,#7253,#7254,#7255,#7256,#7257,#7258,#7259,#7260,#7261,
    #7262,#7263,#7264,#7265,#7266,#7267,#7268,#7269,#7270,#7271,#7272,
    #7273,#7274,#7275,#7276,#7277,#7278,#7279,#7280,#7281,#7282,#7283,
    #7284,#7285,#7286,#7287,#7288,#7289,#7290,#7291),.UNSPECIFIED.,.F.,
  .F.,(9,7,7,7,7,7,7,7,7,7,7,9),(0.,9.961865972245E-02,0.154434554067,
    0.31741840195,0.454795210303,0.516861339607,0.555294206102,
    0.611411643175,0.716595827071,0.871926197609,0.926192221801,1.),
  .UNSPECIFIED.);
#7213 = CARTESIAN_POINT('',(-2.999695598986,-31.65460394727));
#7214 = CARTESIAN_POINT('',(-3.052498181968,-31.65460394727));
#7215 = CARTESIAN_POINT('',(-3.104711293862,-31.68474161064));
#7216 = CARTESIAN_POINT('',(-3.156154736286,-31.74383972847));
#7217 = CARTESIAN_POINT('',(-3.206635448914,-31.82990698328));
#7218 = CARTESIAN_POINT('',(-3.255941060838,-31.94015839869));
#7219 = CARTESIAN_POINT('',(-3.303829225568,-32.0710365296));
#7220 = CARTESIAN_POINT('',(-3.350012739675,-32.21823339286));
#7221 = CARTESIAN_POINT('',(-3.418422036924,-32.46391777466));
#7222 = CARTESIAN_POINT('',(-3.442252613124,-32.55515446402));
#7223 = CARTESIAN_POINT('',(-3.465651164454,-32.65000248613));
#7224 = CARTESIAN_POINT('',(-3.488636447741,-32.74808003892));
#7225 = CARTESIAN_POINT('',(-3.51122716589,-32.84904272617));
#7226 = CARTESIAN_POINT('',(-3.533442147932,-32.95258204491));
#7227 = CARTESIAN_POINT('',(-3.555300529063,-33.05842387298));
#7228 = CARTESIAN_POINT('',(-3.640811415669,-33.48715470093));
#7229 = CARTESIAN_POINT('',(-3.70204026914,-33.82730004707));
#7230 = CARTESIAN_POINT('',(-3.760880958554,-34.1801031904));
#7231 = CARTESIAN_POINT('',(-3.81769632781,-34.54066811421));
#7232 = CARTESIAN_POINT('',(-3.872857413076,-34.90548830191));
#7233 = CARTESIAN_POINT('',(-3.926768628792,-35.27203795356));
#7234 = CARTESIAN_POINT('',(-3.979871044847,-35.63838877816));
#7235 = CARTESIAN_POINT('',(-4.077192870163,-36.30796027975));
#7236 = CARTESIAN_POINT('',(-4.120765712396,-36.607023342));
#7237 = CARTESIAN_POINT('',(-4.164176825967,-36.90048476797));
#7238 = CARTESIAN_POINT('',(-4.207970382955,-37.18805640253));
#7239 = CARTESIAN_POINT('',(-4.252456496328,-37.46626255634));
#7240 = CARTESIAN_POINT('',(-4.297760780988,-37.72769610427));
#7241 = CARTESIAN_POINT('',(-4.343953131677,-37.96100069888));
#7242 = CARTESIAN_POINT('',(-4.412664061246,-38.2395289796));
#7243 = CARTESIAN_POINT('',(-4.434517453808,-38.31871275672));
#7244 = CARTESIAN_POINT('',(-4.456701649131,-38.38814620832));
#7245 = CARTESIAN_POINT('',(-4.479123793523,-38.44594084196));
#7246 = CARTESIAN_POINT('',(-4.501729557626,-38.49059010643));
#7247 = CARTESIAN_POINT('',(-4.524494170554,-38.52097360281));
#7248 = CARTESIAN_POINT('',(-4.547413035352,-38.53635189087));
#7249 = CARTESIAN_POINT('',(-4.58478293965,-38.53635189087));
#7250 = CARTESIAN_POINT('',(-4.599053725032,-38.53045525883));
#7251 = CARTESIAN_POINT('',(-4.613292616879,-38.51869112175));
#7252 = CARTESIAN_POINT('',(-4.627486938306,-38.50117327927));
#7253 = CARTESIAN_POINT('',(-4.641621576489,-38.47810187579));
#7254 = CARTESIAN_POINT('',(-4.655677492302,-38.44976442077));
#7255 = CARTESIAN_POINT('',(-4.669630163682,-38.41653615729));
#7256 = CARTESIAN_POINT('',(-4.703623909518,-38.32389612459));
#7257 = CARTESIAN_POINT('',(-4.723516984045,-38.25945897672));
#7258 = CARTESIAN_POINT('',(-4.743160919516,-38.1866403909));
#7259 = CARTESIAN_POINT('',(-4.762578782994,-38.10647893785));
#7260 = CARTESIAN_POINT('',(-4.781785338171,-38.01996337706));
#7261 = CARTESIAN_POINT('',(-4.800789373068,-37.9280187072));
#7262 = CARTESIAN_POINT('',(-4.81959599265,-37.83149459319));
#7263 = CARTESIAN_POINT('',(-4.873096089418,-37.54308601418));
#7264 = CARTESIAN_POINT('',(-4.907569236324,-37.34017765054));
#7265 = CARTESIAN_POINT('',(-4.941680161732,-37.12686839235));
#7266 = CARTESIAN_POINT('',(-4.975487957392,-36.9066019131));
#7267 = CARTESIAN_POINT('',(-5.00908449741,-36.68168030661));
#7268 = CARTESIAN_POINT('',(-5.04261226849,-36.45336336858));
#7269 = CARTESIAN_POINT('',(-5.076269365096,-36.22212827793));
#7270 = CARTESIAN_POINT('',(-5.160545999238,-35.64225896939));
#7271 = CARTESIAN_POINT('',(-5.211092917805,-35.29371952838));
#7272 = CARTESIAN_POINT('',(-5.262367941255,-34.94488033229));
#7273 = CARTESIAN_POINT('',(-5.314745391716,-34.59751240971));
#7274 = CARTESIAN_POINT('',(-5.368570385184,-34.25380229666));
#7275 = CARTESIAN_POINT('',(-5.424162282506,-33.91668834137));
#7276 = CARTESIAN_POINT('',(-5.481833064124,-33.59018465762));
#7277 = CARTESIAN_POINT('',(-5.562885752606,-33.1712011463));
#7278 = CARTESIAN_POINT('',(-5.584183146498,-33.06457369157));
#7279 = CARTESIAN_POINT('',(-5.605813201107,-32.96000303305));
#7280 = CARTESIAN_POINT('',(-5.627795224558,-32.8577290696));
#7281 = CARTESIAN_POINT('',(-5.650147881778,-32.75802550394));
#7282 = CARTESIAN_POINT('',(-5.672889637915,-32.66120013368));
#7283 = CARTESIAN_POINT('',(-5.696039201758,-32.56759514251));
#7284 = CARTESIAN_POINT('',(-5.751682973216,-32.35516692218));
#7285 = CARTESIAN_POINT('',(-5.78465617485,-32.23895857555));
#7286 = CARTESIAN_POINT('',(-5.818488145306,-32.13040292349));
#7287 = CARTESIAN_POINT('',(-5.853139394191,-32.03089576893));
#7288 = CARTESIAN_POINT('',(-5.888577762133,-31.94178626459));
#7289 = CARTESIAN_POINT('',(-5.924777813453,-31.86437503183));
#7290 = CARTESIAN_POINT('',(-5.961720228831,-31.79991227963));
#7291 = CARTESIAN_POINT('',(-5.999391197971,-31.74959592343));
#7292 = ( GEOMETRIC_REPRESENTATION_CONTEXT(2) 
PARAMETRIC_REPRESENTATION_CONTEXT() REPRESENTATION_CONTEXT('2D SPACE',''
  ) );
#7293 = ORIENTED_EDGE('',*,*,#7294,.F.);
#7294 = EDGE_CURVE('',#5450,#7044,#7295,.T.);
#7295 = SURFACE_CURVE('',#7296,(#7301,#7311),.PCURVE_S1.);
#7296 = ELLIPSE('',#7297,34.785054261852,11.);
#7297 = AXIS2_PLACEMENT_3D('',#7298,#7299,#7300);
#7298 = CARTESIAN_POINT('',(80.575021663794,0.,45.95460394727));
#7299 = DIRECTION('',(0.316227766017,-0.948683298051,0.));
#7300 = DIRECTION('',(0.948683298051,0.316227766017,2.340555645718E-16)
  );
#7301 = PCURVE('',#1410,#7302);
#7302 = DEFINITIONAL_REPRESENTATION('',(#7303),#7310);
#7303 = B_SPLINE_CURVE_WITH_KNOTS('',5,(#7304,#7305,#7306,#7307,#7308,
    #7309),.UNSPECIFIED.,.F.,.F.,(6,6),(4.712388980385,4.857143765065),
  .PIECEWISE_BEZIER_KNOTS.);
#7304 = CARTESIAN_POINT('',(0.,22.575021663794));
#7305 = CARTESIAN_POINT('',(2.895095693613E-02,23.530403242687));
#7306 = CARTESIAN_POINT('',(5.790191387227E-02,24.485784822172));
#7307 = CARTESIAN_POINT('',(8.68528708084E-02,25.439498147298));
#7308 = CARTESIAN_POINT('',(0.115803827745,26.389874977641));
#7309 = CARTESIAN_POINT('',(0.144754784681,27.335264514742));
#7310 = ( GEOMETRIC_REPRESENTATION_CONTEXT(2) 
PARAMETRIC_REPRESENTATION_CONTEXT() REPRESENTATION_CONTEXT('2D SPACE',''
  ) );
#7311 = PCURVE('',#7312,#7317);
#7312 = PLANE('',#7313);
#7313 = AXIS2_PLACEMENT_3D('',#7314,#7315,#7316);
#7314 = CARTESIAN_POINT('',(84.902515164656,1.442497833621,3.3));
#7315 = DIRECTION('',(0.316227766017,-0.948683298051,0.));
#7316 = DIRECTION('',(-0.948683298051,-0.316227766017,0.));
#7317 = DEFINITIONAL_REPRESENTATION('',(#7318),#7322);
#7318 = ELLIPSE('',#7319,34.785054261852,11.);
#7319 = AXIS2_PLACEMENT_2D('',#7320,#7321);
#7320 = CARTESIAN_POINT('',(4.5615786741,-42.65460394727));
#7321 = DIRECTION('',(-1.,-2.340555645718E-16));
#7322 = ( GEOMETRIC_REPRESENTATION_CONTEXT(2) 
PARAMETRIC_REPRESENTATION_CONTEXT() REPRESENTATION_CONTEXT('2D SPACE',''
  ) );
#7323 = ORIENTED_EDGE('',*,*,#5449,.F.);
#7324 = ORIENTED_EDGE('',*,*,#5194,.T.);
#7325 = ORIENTED_EDGE('',*,*,#1773,.F.);
#7326 = ORIENTED_EDGE('',*,*,#7327,.T.);
#7327 = EDGE_CURVE('',#1774,#1625,#7328,.T.);
#7328 = SURFACE_CURVE('',#7329,(#7334,#7341),.PCURVE_S1.);
#7329 = CIRCLE('',#7330,11.);
#7330 = AXIS2_PLACEMENT_3D('',#7331,#7332,#7333);
#7331 = CARTESIAN_POINT('',(58.,0.,45.95460394727));
#7332 = DIRECTION('',(1.,-0.,2.22044604925E-16));
#7333 = DIRECTION('',(2.22044604925E-16,0.,-1.));
#7334 = PCURVE('',#1410,#7335);
#7335 = DEFINITIONAL_REPRESENTATION('',(#7336),#7340);
#7336 = LINE('',#7337,#7338);
#7337 = CARTESIAN_POINT('',(0.,0.));
#7338 = VECTOR('',#7339,1.);
#7339 = DIRECTION('',(1.,0.));
#7340 = ( GEOMETRIC_REPRESENTATION_CONTEXT(2) 
PARAMETRIC_REPRESENTATION_CONTEXT() REPRESENTATION_CONTEXT('2D SPACE',''
  ) );
#7341 = PCURVE('',#1690,#7342);
#7342 = DEFINITIONAL_REPRESENTATION('',(#7343),#7347);
#7343 = CIRCLE('',#7344,11.);
#7344 = AXIS2_PLACEMENT_2D('',#7345,#7346);
#7345 = CARTESIAN_POINT('',(0.,0.));
#7346 = DIRECTION('',(1.,0.));
#7347 = ( GEOMETRIC_REPRESENTATION_CONTEXT(2) 
PARAMETRIC_REPRESENTATION_CONTEXT() REPRESENTATION_CONTEXT('2D SPACE',''
  ) );
#7348 = ORIENTED_EDGE('',*,*,#1624,.F.);
#7349 = ORIENTED_EDGE('',*,*,#7350,.F.);
#7350 = EDGE_CURVE('',#7351,#1591,#7353,.T.);
#7351 = VERTEX_POINT('',#7352);
#7352 = CARTESIAN_POINT('',(79.2,-2.6645352591E-15,56.95460394727));
#7353 = SURFACE_CURVE('',#7354,(#7518,#7685),.PCURVE_S1.);
#7354 = B_SPLINE_CURVE_WITH_KNOTS('',8,(#7355,#7356,#7357,#7358,#7359,
    #7360,#7361,#7362,#7363,#7364,#7365,#7366,#7367,#7368,#7369,#7370,
    #7371,#7372,#7373,#7374,#7375,#7376,#7377,#7378,#7379,#7380,#7381,
    #7382,#7383,#7384,#7385,#7386,#7387,#7388,#7389,#7390,#7391,#7392,
    #7393,#7394,#7395,#7396,#7397,#7398,#7399,#7400,#7401,#7402,#7403,
    #7404,#7405,#7406,#7407,#7408,#7409,#7410,#7411,#7412,#7413,#7414,
    #7415,#7416,#7417,#7418,#7419,#7420,#7421,#7422,#7423,#7424,#7425,
    #7426,#7427,#7428,#7429,#7430,#7431,#7432,#7433,#7434,#7435,#7436,
    #7437,#7438,#7439,#7440,#7441,#7442,#7443,#7444,#7445,#7446,#7447,
    #7448,#7449,#7450,#7451,#7452,#7453,#7454,#7455,#7456,#7457,#7458,
    #7459,#7460,#7461,#7462,#7463,#7464,#7465,#7466,#7467,#7468,#7469,
    #7470,#7471,#7472,#7473,#7474,#7475,#7476,#7477,#7478,#7479,#7480,
    #7481,#7482,#7483,#7484,#7485,#7486,#7487,#7488,#7489,#7490,#7491,
    #7492,#7493,#7494,#7495,#7496,#7497,#7498,#7499,#7500,#7501,#7502,
    #7503,#7504,#7505,#7506,#7507,#7508,#7509,#7510,#7511,#7512,#7513,
    #7514,#7515,#7516,#7517),.UNSPECIFIED.,.F.,.F.,(9,7,7,7,7,7,7,7,7,7,
    7,7,7,7,7,7,7,7,7,7,7,7,7,9),(0.,3.759938837914E-02,
    9.415022404977E-02,0.140850019648,0.193428645657,0.209162883832,
    0.240206412834,0.259234854684,0.296675244982,0.339257324058,
    0.420683688995,0.46758725584,0.49671205933,0.547264762599,
    0.574827625336,0.65678015902,0.725856804714,0.757065274428,
    0.776390322528,0.804607634225,0.857496986735,0.935601150485,
    0.962887523554,1.),.UNSPECIFIED.);
#7355 = CARTESIAN_POINT('',(58.902515164656,-1.442497833621,
    56.859611971109));
#7356 = CARTESIAN_POINT('',(58.958252004424,-1.832655711998,
    56.808002481864));
#7357 = CARTESIAN_POINT('',(59.030096355681,-2.212501486511,
    56.741524782998));
#7358 = CARTESIAN_POINT('',(59.116692197084,-2.581211970061,
    56.661482073547));
#7359 = CARTESIAN_POINT('',(59.216648696334,-2.938057159942,
    56.569224885115));
#7360 = CARTESIAN_POINT('',(59.328536078477,-3.282395425442,
    56.466149186176));
#7361 = CARTESIAN_POINT('',(59.450881494208,-3.613668695442,
    56.353694486369));
#7362 = CARTESIAN_POINT('',(59.582164888178,-3.93139764602,
    56.233341940793));
#7363 = CARTESIAN_POINT('',(59.929349434555,-4.692071820017,
    55.916006737733));
#7364 = CARTESIAN_POINT('',(60.155810396367,-5.120176281345,
    55.709821940728));
#7365 = CARTESIAN_POINT('',(60.396765515756,-5.520864218709,
    55.4914960008));
#7366 = CARTESIAN_POINT('',(60.649524227026,-5.895746327546,
    55.263799588271));
#7367 = CARTESIAN_POINT('',(60.912072231183,-6.246568287788,
    55.028891612985));
#7368 = CARTESIAN_POINT('',(61.183025133233,-6.575121545662,
    54.788382535819));
#7369 = CARTESIAN_POINT('',(61.461601121362,-6.883166641562,
    54.543405484994));
#7370 = CARTESIAN_POINT('',(61.983801623896,-7.411193051601,
    54.089309697011));
#7371 = CARTESIAN_POINT('',(62.224846584416,-7.636949656227,
    53.881565810728));
#7372 = CARTESIAN_POINT('',(62.470286522796,-7.850274901439,
    53.672180412574));
#7373 = CARTESIAN_POINT('',(62.719824308432,-8.051776757907,
    53.461774174891));
#7374 = CARTESIAN_POINT('',(62.973302908097,-8.242014739965,
    53.250903793649));
#7375 = CARTESIAN_POINT('',(63.230689270466,-8.421484225418,
    53.040105951481));
#7376 = CARTESIAN_POINT('',(63.492065913926,-8.590605518548,
    52.829952998226));
#7377 = CARTESIAN_POINT('',(64.056625235378,-8.928859716378,
    52.385998682546));
#7378 = CARTESIAN_POINT('',(64.359332306953,-9.09435716916,
    52.153807202481));
#7379 = CARTESIAN_POINT('',(64.667093960166,-9.247625036677,
    51.92456530167));
#7380 = CARTESIAN_POINT('',(64.981190907184,-9.389431872955,
    51.698750704031));
#7381 = CARTESIAN_POINT('',(65.30254714065,-9.519930426911,
    51.477641061362));
#7382 = CARTESIAN_POINT('',(65.631645227533,-9.638847539517,
    51.263579402971));
#7383 = CARTESIAN_POINT('',(65.968620724789,-9.745693965542,
    51.060073774249));
#7384 = CARTESIAN_POINT('',(66.416711705887,-9.868032593951,
    50.815252710202));
#7385 = CARTESIAN_POINT('',(66.520776245989,-9.895115019084,
    50.760132306573));
#7386 = CARTESIAN_POINT('',(66.625722088758,-9.921085355985,
    50.706397067829));
#7387 = CARTESIAN_POINT('',(66.731573319621,-9.94592437372,
    50.654175036163));
#7388 = CARTESIAN_POINT('',(66.838354281769,-9.969610339982,
    50.6036054176));
#7389 = CARTESIAN_POINT('',(66.946089576158,-9.992119021096,
    50.554838581996));
#7390 = CARTESIAN_POINT('',(67.054804061513,-10.01342368202,
    50.50803606304));
#7391 = CARTESIAN_POINT('',(67.380997175395,-10.07309581027,
    50.375245866238));
#7392 = CARTESIAN_POINT('',(67.60327234228,-10.10824192789,
    50.294669466578));
#7393 = CARTESIAN_POINT('',(67.829832685201,-10.13822339818,
    50.223961888499));
#7394 = CARTESIAN_POINT('',(68.05958664833,-10.16261219095,
    50.165068421926));
#7395 = CARTESIAN_POINT('',(68.291812641113,-10.18115017625,
    50.119544406794));
#7396 = CARTESIAN_POINT('',(68.526086344997,-10.19366300773,
    50.088550226239));
#7397 = CARTESIAN_POINT('',(68.762189475551,-10.2,50.072856003665));
#7398 = CARTESIAN_POINT('',(69.145768341467,-10.2,50.072856003665));
#7399 = CARTESIAN_POINT('',(69.291330367045,-10.19761921699,
    50.078752635703));
#7400 = CARTESIAN_POINT('',(69.436521659966,-10.19286948381,
    50.090516772787));
#7401 = CARTESIAN_POINT('',(69.58116820951,-10.18577443747,
    50.108034615266));
#7402 = CARTESIAN_POINT('',(69.725072311584,-10.17637104851,
    50.131106018745));
#7403 = CARTESIAN_POINT('',(69.867998529046,-10.16471419568,
    50.159443473768));
#7404 = CARTESIAN_POINT('',(70.00965971177,-10.15088428596,
    50.192671737244));
#7405 = CARTESIAN_POINT('',(70.42525260773,-10.1037398825,
    50.304420861421));
#7406 = CARTESIAN_POINT('',(70.694356731737,-10.06454152615,
    50.395607814024));
#7407 = CARTESIAN_POINT('',(70.957700647201,-10.01792547698,
    50.501227078459));
#7408 = CARTESIAN_POINT('',(71.2156616322,-9.964290172501,
    50.618781417707));
#7409 = CARTESIAN_POINT('',(71.468442621973,-9.903981686348,
    50.746025547435));
#7410 = CARTESIAN_POINT('',(71.716188588979,-9.837318539022,
    50.881029905887));
#7411 = CARTESIAN_POINT('',(71.959085725219,-9.76456949474,
    51.022220898976));
#7412 = CARTESIAN_POINT('',(72.468534791445,-9.59639336232,
    51.334648791251));
#7413 = CARTESIAN_POINT('',(72.7348305882,-9.498869193412,51.50800965225
    ));
#7414 = CARTESIAN_POINT('',(72.996383333875,-9.393534607019,
    51.68660725911));
#7415 = CARTESIAN_POINT('',(73.253343955709,-9.280532632669,
    51.869002722886));
#7416 = CARTESIAN_POINT('',(73.505990311231,-9.159889291059,
    52.054181109508));
#7417 = CARTESIAN_POINT('',(73.754727383217,-9.031463233892,
    52.24149323665));
#7418 = CARTESIAN_POINT('',(74.000052318366,-8.894905566799,
    52.430566897223));
#7419 = CARTESIAN_POINT('',(74.706048068836,-8.471898303909,
    52.98574738139));
#7420 = CARTESIAN_POINT('',(75.155433446529,-8.16449676761,
    53.353192717817));
#7421 = CARTESIAN_POINT('',(75.592894368853,-7.825333696718,
    53.720742057738));
#7422 = CARTESIAN_POINT('',(76.019096335545,-7.451372550687,
    54.086470961525));
#7423 = CARTESIAN_POINT('',(76.433249400428,-7.038985071647,
    54.447825413919));
#7424 = CARTESIAN_POINT('',(76.832897749739,-6.584230114485,
    54.801239913238));
#7425 = CARTESIAN_POINT('',(77.213826140844,-6.083063351532,
    55.141724244107));
#7426 = CARTESIAN_POINT('',(77.774695506823,-5.214172364369,
    55.647250510527));
#7427 = CARTESIAN_POINT('',(77.972159031849,-4.878746277862,
    55.826177252621));
#7428 = CARTESIAN_POINT('',(78.160650037204,-4.52472041197,
    55.997768834287));
#7429 = CARTESIAN_POINT('',(78.338476862888,-4.151416459835,
    56.160305572548));
#7430 = CARTESIAN_POINT('',(78.503685896319,-3.758262620407,
    56.311827832111));
#7431 = CARTESIAN_POINT('',(78.65404597302,-3.344833518996,
    56.450121559551));
#7432 = CARTESIAN_POINT('',(78.787030234033,-2.910891656423,
    56.572705703898));
#7433 = CARTESIAN_POINT('',(78.96981707566,-2.17423233524,
    56.741472316621));
#7434 = CARTESIAN_POINT('',(79.032072324864,-1.884002054968,
    56.799029824991));
#7435 = CARTESIAN_POINT('',(79.085577398522,-1.586898956933,
    56.848552958233));
#7436 = CARTESIAN_POINT('',(79.129527506393,-1.284110186767,
    56.889268011177));
#7437 = CARTESIAN_POINT('',(79.163296357837,-0.976845589785,
    56.920570404637));
#7438 = CARTESIAN_POINT('',(79.186435662517,-0.666332676018,
    56.942026426056));
#7439 = CARTESIAN_POINT('',(79.198674631088,-0.353811585256,
    56.953374970143));
#7440 = CARTESIAN_POINT('',(79.202080186462,0.503241115067,
    56.956532845268));
#7441 = CARTESIAN_POINT('',(79.171087567978,1.041296640972,
    56.927794022912));
#7442 = CARTESIAN_POINT('',(79.108169442997,1.569344688417,
    56.869449115886));
#7443 = CARTESIAN_POINT('',(79.015402027384,2.083169797876,
    56.783495980845));
#7444 = CARTESIAN_POINT('',(78.895695143268,2.578753517631,
    56.672772755668));
#7445 = CARTESIAN_POINT('',(78.752795754907,3.052339898804,
    56.540935635017));
#7446 = CARTESIAN_POINT('',(78.591309827499,3.500445855301,
    56.392435693461));
#7447 = CARTESIAN_POINT('',(78.321563127214,4.148469886874,
    56.145290119875));
#7448 = CARTESIAN_POINT('',(78.221806505162,4.370234895992,
    56.054053430512));
#7449 = CARTESIAN_POINT('',(78.117895948104,4.585256938326,
    55.95920540841));
#7450 = CARTESIAN_POINT('',(78.010212280643,4.793697911746,
    55.861127855615));
#7451 = CARTESIAN_POINT('',(77.899095113852,4.995733250128,
    55.760165168367));
#7452 = CARTESIAN_POINT('',(77.784844112491,5.191549083808,
    55.656625849621));
#7453 = CARTESIAN_POINT('',(77.667720262227,5.381339400028,
    55.550784021554));
#7454 = CARTESIAN_POINT('',(77.191826251072,6.112281938364,
    55.122053193603));
#7455 = CARTESIAN_POINT('',(76.811067989861,6.609619295561,
    54.781907847469));
#7456 = CARTESIAN_POINT('',(76.411862412114,7.061020490493,
    54.429104704134));
#7457 = CARTESIAN_POINT('',(75.998323873187,7.470477766848,
    54.068539780327));
#7458 = CARTESIAN_POINT('',(75.572841483092,7.841872705884,
    53.70371959262));
#7459 = CARTESIAN_POINT('',(75.136171144978,8.178772110599,
    53.33716994098));
#7460 = CARTESIAN_POINT('',(74.687642860187,8.484154027754,
    52.970819116377));
#7461 = CARTESIAN_POINT('',(73.835095404603,8.99266323761,
    52.301247614782));
#7462 = CARTESIAN_POINT('',(73.441562431156,9.200496129305,
    52.002184552537));
#7463 = CARTESIAN_POINT('',(73.039663349874,9.388411329055,
    51.708723126581));
#7464 = CARTESIAN_POINT('',(72.625352020353,9.558236848873,
    51.421151491979));
#7465 = CARTESIAN_POINT('',(72.196322850728,9.70960775012,51.14294533821
    ));
#7466 = CARTESIAN_POINT('',(71.752156875239,9.840913563091,
    50.881511790262));
#7467 = CARTESIAN_POINT('',(71.293195533959,9.950592955545,
    50.648207195651));
#7468 = CARTESIAN_POINT('',(70.603568384746,10.075521695211,
    50.369678916165));
#7469 = CARTESIAN_POINT('',(70.383283477633,10.110011078593,
    50.290495136419));
#7470 = CARTESIAN_POINT('',(70.158805027705,10.139424313791,
    50.221061685672));
#7471 = CARTESIAN_POINT('',(69.931201926265,10.163345750099,
    50.163267053619));
#7472 = CARTESIAN_POINT('',(69.701184787135,10.181524258026,
    50.118617788673));
#7473 = CARTESIAN_POINT('',(69.469177264376,10.193790595815,
    50.088234290916));
#7474 = CARTESIAN_POINT('',(69.235404685472,10.2,50.072856003665));
#7475 = CARTESIAN_POINT('',(68.854231658534,10.2,50.072856003665));
#7476 = CARTESIAN_POINT('',(68.708669632955,10.197619216991,
    50.078752635703));
#7477 = CARTESIAN_POINT('',(68.563478340034,10.192869483815,
    50.090516772787));
#7478 = CARTESIAN_POINT('',(68.41883179049,10.185774437477,
    50.108034615266));
#7479 = CARTESIAN_POINT('',(68.274927688416,10.176371048514,
    50.131106018745));
#7480 = CARTESIAN_POINT('',(68.132001470954,10.164714195684,
    50.159443473768));
#7481 = CARTESIAN_POINT('',(67.99034028823,10.150884285965,
    50.192671737244));
#7482 = CARTESIAN_POINT('',(67.645813744404,10.111801571741,
    50.28531177008));
#7483 = CARTESIAN_POINT('',(67.444732406021,10.084215470029,
    50.349748917931));
#7484 = CARTESIAN_POINT('',(67.246811317594,10.052446371965,
    50.422567503593));
#7485 = CARTESIAN_POINT('',(67.051907932733,10.016667618395,
    50.502728956489));
#7486 = CARTESIAN_POINT('',(66.859955656807,9.977039262039,
    50.589244517288));
#7487 = CARTESIAN_POINT('',(66.670940610822,9.933719925943,
    50.681189187385));
#7488 = CARTESIAN_POINT('',(66.484878251835,9.886870392143,
    50.777713301644));
#7489 = CARTESIAN_POINT('',(65.958616583257,9.742515888162,
    51.066121880356));
#7490 = CARTESIAN_POINT('',(65.623269663206,9.63581740431,
    51.269030243999));
#7491 = CARTESIAN_POINT('',(65.295718811816,9.517156520902,
    51.482339502191));
#7492 = CARTESIAN_POINT('',(64.975826398789,9.387011605555,
    51.702605981435));
#7493 = CARTESIAN_POINT('',(64.663114221131,9.24564684319,
    51.927527587922));
#7494 = CARTESIAN_POINT('',(64.356673507729,9.092908267837,
    52.155844525951));
#7495 = CARTESIAN_POINT('',(64.05524832024,8.928039720591,
    52.387079616605));
#7496 = CARTESIAN_POINT('',(63.317857004562,8.486221364154,
    52.966948925147));
#7497 = CARTESIAN_POINT('',(62.890717316494,8.195981311455,
    53.315488366159));
#7498 = CARTESIAN_POINT('',(62.474340657464,7.877164643036,
    53.664327562244));
#7499 = CARTESIAN_POINT('',(62.068187197946,7.527274038914,
    54.011695484828));
#7500 = CARTESIAN_POINT('',(61.672862195176,7.143325023389,
    54.355405597869));
#7501 = CARTESIAN_POINT('',(61.290269499473,6.722055304864,
    54.692519553169));
#7502 = CARTESIAN_POINT('',(60.923692012568,6.260082846672,
    55.019023236916));
#7503 = CARTESIAN_POINT('',(60.457298880409,5.577461273563,
    55.438006748234));
#7504 = CARTESIAN_POINT('',(60.338987864898,5.395199736836,
    55.544634202964));
#7505 = CARTESIAN_POINT('',(60.223303671082,5.207208234636,
    55.649204861489));
#7506 = CARTESIAN_POINT('',(60.110470173528,5.013290690349,
    55.751478824931));
#7507 = CARTESIAN_POINT('',(60.000749657524,4.813259160956,
    55.851182390597));
#7508 = CARTESIAN_POINT('',(59.89444263358,4.606933950662,
    55.948007760857));
#7509 = CARTESIAN_POINT('',(59.791887651926,4.394143724518,
    56.041612752027));
#7510 = CARTESIAN_POINT('',(59.559590175294,3.876292805818,
    56.25404097073));
#7511 = CARTESIAN_POINT('',(59.432872970237,3.56452001334,
    56.370249319495));
#7512 = CARTESIAN_POINT('',(59.314799417018,3.239831889079,
    56.478804972487));
#7513 = CARTESIAN_POINT('',(59.206803406812,2.902721152988,
    56.578312126042));
#7514 = CARTESIAN_POINT('',(59.110266438671,2.553752327333,
    56.667421628989));
#7515 = CARTESIAN_POINT('',(59.026521251393,2.193565463516,
    56.744832861758));
#7516 = CARTESIAN_POINT('',(58.95685545541,1.822879868896,
    56.809295615483));
#7517 = CARTESIAN_POINT('',(58.902515164656,1.442497833621,
    56.859611971109));
#7518 = PCURVE('',#1410,#7519);
#7519 = DEFINITIONAL_REPRESENTATION('',(#7520),#7684);
#7520 = B_SPLINE_CURVE_WITH_KNOTS('',8,(#7521,#7522,#7523,#7524,#7525,
    #7526,#7527,#7528,#7529,#7530,#7531,#7532,#7533,#7534,#7535,#7536,
    #7537,#7538,#7539,#7540,#7541,#7542,#7543,#7544,#7545,#7546,#7547,
    #7548,#7549,#7550,#7551,#7552,#7553,#7554,#7555,#7556,#7557,#7558,
    #7559,#7560,#7561,#7562,#7563,#7564,#7565,#7566,#7567,#7568,#7569,
    #7570,#7571,#7572,#7573,#7574,#7575,#7576,#7577,#7578,#7579,#7580,
    #7581,#7582,#7583,#7584,#7585,#7586,#7587,#7588,#7589,#7590,#7591,
    #7592,#7593,#7594,#7595,#7596,#7597,#7598,#7599,#7600,#7601,#7602,
    #7603,#7604,#7605,#7606,#7607,#7608,#7609,#7610,#7611,#7612,#7613,
    #7614,#7615,#7616,#7617,#7618,#7619,#7620,#7621,#7622,#7623,#7624,
    #7625,#7626,#7627,#7628,#7629,#7630,#7631,#7632,#7633,#7634,#7635,
    #7636,#7637,#7638,#7639,#7640,#7641,#7642,#7643,#7644,#7645,#7646,
    #7647,#7648,#7649,#7650,#7651,#7652,#7653,#7654,#7655,#7656,#7657,
    #7658,#7659,#7660,#7661,#7662,#7663,#7664,#7665,#7666,#7667,#7668,
    #7669,#7670,#7671,#7672,#7673,#7674,#7675,#7676,#7677,#7678,#7679,
    #7680,#7681,#7682,#7683),.UNSPECIFIED.,.F.,.F.,(9,7,7,7,7,7,7,7,7,7,
    7,7,7,7,7,7,7,7,7,7,7,7,7,9),(0.,3.759938837914E-02,
    9.415022404977E-02,0.140850019648,0.193428645657,0.209162883832,
    0.240206412834,0.259234854684,0.296675244982,0.339257324058,
    0.420683688995,0.46758725584,0.49671205933,0.547264762599,
    0.574827625336,0.65678015902,0.725856804714,0.757065274428,
    0.776390322528,0.804607634225,0.857496986735,0.935601150485,
    0.962887523554,1.),.UNSPECIFIED.);
#7521 = CARTESIAN_POINT('',(3.273107610365,0.902515164656));
#7522 = CARTESIAN_POINT('',(3.308885472933,0.958252004424));
#7523 = CARTESIAN_POINT('',(3.343911214026,1.030096355681));
#7524 = CARTESIAN_POINT('',(3.378164903679,1.116692197084));
#7525 = CARTESIAN_POINT('',(3.411622121374,1.216648696334));
#7526 = CARTESIAN_POINT('',(3.444253549022,1.328536078477));
#7527 = CARTESIAN_POINT('',(3.476024563957,1.450881494208));
#7528 = CARTESIAN_POINT('',(3.506894831914,1.582164888178));
#7529 = CARTESIAN_POINT('',(3.581823273264,1.929349434555));
#7530 = CARTESIAN_POINT('',(3.624958426211,2.155810396367));
#7531 = CARTESIAN_POINT('',(3.666357038612,2.396765515756));
#7532 = CARTESIAN_POINT('',(3.706148011489,2.649524227026));
#7533 = CARTESIAN_POINT('',(3.744460476444,2.912072231183));
#7534 = CARTESIAN_POINT('',(3.781426280986,3.183025133233));
#7535 = CARTESIAN_POINT('',(3.817179949858,3.461601121362));
#7536 = CARTESIAN_POINT('',(3.88049177649,3.983801623896));
#7537 = CARTESIAN_POINT('',(3.908366535732,4.224846584416));
#7538 = CARTESIAN_POINT('',(3.935517547677,4.470286522796));
#7539 = CARTESIAN_POINT('',(3.961977683518,4.719824308432));
#7540 = CARTESIAN_POINT('',(3.987774141176,4.973302908097));
#7541 = CARTESIAN_POINT('',(4.012925926212,5.230689270466));
#7542 = CARTESIAN_POINT('',(4.037440210584,5.492065913926));
#7543 = CARTESIAN_POINT('',(4.088179483909,6.056625235378));
#7544 = CARTESIAN_POINT('',(4.114087740137,6.359332306953));
#7545 = CARTESIAN_POINT('',(4.139138582957,6.667093960166));
#7546 = CARTESIAN_POINT('',(4.163360163695,6.981190907184));
#7547 = CARTESIAN_POINT('',(4.186684478139,7.30254714065));
#7548 = CARTESIAN_POINT('',(4.208935240495,7.631645227533));
#7549 = CARTESIAN_POINT('',(4.229826443848,7.968620724789));
#7550 = CARTESIAN_POINT('',(4.254707000397,8.416711705887));
#7551 = CARTESIAN_POINT('',(4.26028999129,8.520776245989));
#7552 = CARTESIAN_POINT('',(4.265715436219,8.625722088758));
#7553 = CARTESIAN_POINT('',(4.270972364825,8.731573319621));
#7554 = CARTESIAN_POINT('',(4.276048730747,8.838354281769));
#7555 = CARTESIAN_POINT('',(4.280931411619,8.946089576158));
#7556 = CARTESIAN_POINT('',(4.285606209077,9.054804061513));
#7557 = CARTESIAN_POINT('',(4.298840899048,9.380997175395));
#7558 = CARTESIAN_POINT('',(4.306832018647,9.60327234228));
#7559 = CARTESIAN_POINT('',(4.313813476725,9.829832685201));
#7560 = CARTESIAN_POINT('',(4.319608074904,10.05958664833));
#7561 = CARTESIAN_POINT('',(4.324076549291,10.291812641113));
#7562 = CARTESIAN_POINT('',(4.327115215609,10.526086344997));
#7563 = CARTESIAN_POINT('',(4.328653857413,10.762189475551));
#7564 = CARTESIAN_POINT('',(4.328653857413,11.145768341466));
#7565 = CARTESIAN_POINT('',(4.328075756481,11.291330367045));
#7566 = CARTESIAN_POINT('',(4.326922409044,11.436521659966));
#7567 = CARTESIAN_POINT('',(4.325204218325,11.58116820951));
#7568 = CARTESIAN_POINT('',(4.322939312592,11.725072311584));
#7569 = CARTESIAN_POINT('',(4.32015376462,11.867998529046));
#7570 = CARTESIAN_POINT('',(4.316881854342,12.00965971177));
#7571 = CARTESIAN_POINT('',(4.30585579148,12.42525260773));
#7572 = CARTESIAN_POINT('',(4.296832789108,12.694356731737));
#7573 = CARTESIAN_POINT('',(4.286338287081,12.957700647201));
#7574 = CARTESIAN_POINT('',(4.274593639007,13.2156616322));
#7575 = CARTESIAN_POINT('',(4.261795423622,13.468442621973));
#7576 = CARTESIAN_POINT('',(4.248110883497,13.716188588979));
#7577 = CARTESIAN_POINT('',(4.233674011422,13.959085725219));
#7578 = CARTESIAN_POINT('',(4.201418010713,14.468534791445));
#7579 = CARTESIAN_POINT('',(4.183338469824,14.734830588199));
#7580 = CARTESIAN_POINT('',(4.164495497682,14.996383333875));
#7581 = CARTESIAN_POINT('',(4.144999235965,15.253343955709));
#7582 = CARTESIAN_POINT('',(4.12491815234,15.50599031123));
#7583 = CARTESIAN_POINT('',(4.104281871404,15.754727383217));
#7584 = CARTESIAN_POINT('',(4.083085969944,16.000052318366));
#7585 = CARTESIAN_POINT('',(4.01963425638,16.706048068836));
#7586 = CARTESIAN_POINT('',(3.976127296502,17.155433446529));
#7587 = CARTESIAN_POINT('',(3.930752650954,17.592894368855));
#7588 = CARTESIAN_POINT('',(3.883331155681,18.019096335543));
#7589 = CARTESIAN_POINT('',(3.83364640966,18.433249400429));
#7590 = CARTESIAN_POINT('',(3.781458742812,18.832897749739));
#7591 = CARTESIAN_POINT('',(3.726512416754,19.213826140844));
#7592 = CARTESIAN_POINT('',(3.635126017345,19.774695506823));
#7593 = CARTESIAN_POINT('',(3.60058907261,19.972159031849));
#7594 = CARTESIAN_POINT('',(3.564869217619,20.160650037204));
#7595 = CARTESIAN_POINT('',(3.527918659551,20.338476862887));
#7596 = CARTESIAN_POINT('',(3.489688967145,20.503685896319));
#7597 = CARTESIAN_POINT('',(3.45013012743,20.65404597302));
#7598 = CARTESIAN_POINT('',(3.409188470654,20.787030234033));
#7599 = CARTESIAN_POINT('',(3.340484462744,20.96981707566));
#7600 = CARTESIAN_POINT('',(3.313597664897,21.032072324864));
#7601 = CARTESIAN_POINT('',(3.286237252381,21.085577398522));
#7602 = CARTESIAN_POINT('',(3.258491206969,21.129527506393));
#7603 = CARTESIAN_POINT('',(3.230442808022,21.163296357838));
#7604 = CARTESIAN_POINT('',(3.202172130806,21.186435662517));
#7605 = CARTESIAN_POINT('',(3.173757544819,21.198674631088));
#7606 = CARTESIAN_POINT('',(3.09584313409,21.202080186462));
#7607 = CARTESIAN_POINT('',(3.046938898159,21.171087567978));
#7608 = CARTESIAN_POINT('',(2.998770451537,21.108169442997));
#7609 = CARTESIAN_POINT('',(2.951552463179,21.015402027384));
#7610 = CARTESIAN_POINT('',(2.905515237044,20.895695143268));
#7611 = CARTESIAN_POINT('',(2.860914001363,20.752795754907));
#7612 = CARTESIAN_POINT('',(2.818040573894,20.591309827499));
#7613 = CARTESIAN_POINT('',(2.754990280441,20.321563127214));
#7614 = CARTESIAN_POINT('',(2.733197642621,20.221806505162));
#7615 = CARTESIAN_POINT('',(2.711844021168,20.117895948104));
#7616 = CARTESIAN_POINT('',(2.690914100059,20.010212280643));
#7617 = CARTESIAN_POINT('',(2.670392621311,19.899095113852));
#7618 = CARTESIAN_POINT('',(2.650264290501,19.784844112491));
#7619 = CARTESIAN_POINT('',(2.630513682289,19.667720262227));
#7620 = CARTESIAN_POINT('',(2.553477299493,19.191826251072));
#7621 = CARTESIAN_POINT('',(2.498833615868,18.811067989863));
#7622 = CARTESIAN_POINT('',(2.44691787496,18.411862412108));
#7623 = CARTESIAN_POINT('',(2.397478279889,17.998323873196));
#7624 = CARTESIAN_POINT('',(2.350279465406,17.572841483085));
#7625 = CARTESIAN_POINT('',(2.305109896176,17.13617114498));
#7626 = CARTESIAN_POINT('',(2.261796380689,16.687642860187));
#7627 = CARTESIAN_POINT('',(2.185362018838,15.835095404603));
#7628 = CARTESIAN_POINT('',(2.152283441102,15.441562431158));
#7629 = CARTESIAN_POINT('',(2.120640513138,15.039663349868));
#7630 = CARTESIAN_POINT('',(2.090317443635,14.625352020361));
#7631 = CARTESIAN_POINT('',(2.061557191522,14.196322850723));
#7632 = CARTESIAN_POINT('',(2.034976132976,13.75215687524));
#7633 = CARTESIAN_POINT('',(2.011543527939,13.293195533959));
#7634 = CARTESIAN_POINT('',(1.983792391789,12.603568384746));
#7635 = CARTESIAN_POINT('',(1.975941158974,12.383283477633));
#7636 = CARTESIAN_POINT('',(1.969086479811,12.158805027705));
#7637 = CARTESIAN_POINT('',(1.963400414405,11.931201926265));
#7638 = CARTESIAN_POINT('',(1.959017912213,11.701184787135));
#7639 = CARTESIAN_POINT('',(1.956039117948,11.469177264376));
#7640 = CARTESIAN_POINT('',(1.954531449766,11.235404685472));
#7641 = CARTESIAN_POINT('',(1.954531449766,10.854231658534));
#7642 = CARTESIAN_POINT('',(1.955109550699,10.708669632955));
#7643 = CARTESIAN_POINT('',(1.956262898135,10.563478340034));
#7644 = CARTESIAN_POINT('',(1.957981088855,10.41883179049));
#7645 = CARTESIAN_POINT('',(1.960245994588,10.274927688416));
#7646 = CARTESIAN_POINT('',(1.963031542559,10.132001470954));
#7647 = CARTESIAN_POINT('',(1.966303452837,9.99034028823));
#7648 = CARTESIAN_POINT('',(1.975444059828,9.645813744404));
#7649 = CARTESIAN_POINT('',(1.981816134737,9.444732406021));
#7650 = CARTESIAN_POINT('',(1.989038293817,9.246811317594));
#7651 = CARTESIAN_POINT('',(1.997018026786,9.051907932733));
#7652 = CARTESIAN_POINT('',(2.00566800109,8.859955656807));
#7653 = CARTESIAN_POINT('',(2.014906868361,8.670940610822));
#7654 = CARTESIAN_POINT('',(2.024660052687,8.484878251835));
#7655 = CARTESIAN_POINT('',(2.053979852656,7.958616583257));
#7656 = CARTESIAN_POINT('',(2.074816749934,7.623269663206));
#7657 = CARTESIAN_POINT('',(2.096996499912,7.295718811816));
#7658 = CARTESIAN_POINT('',(2.120238640481,6.975826398789));
#7659 = CARTESIAN_POINT('',(2.144370319729,6.663114221132));
#7660 = CARTESIAN_POINT('',(2.16932472406,6.356673507729));
#7661 = CARTESIAN_POINT('',(2.195129165279,6.05524832024));
#7662 = CARTESIAN_POINT('',(2.26140257063,5.317857004562));
#7663 = CARTESIAN_POINT('',(2.302596897341,4.890717316495));
#7664 = CARTESIAN_POINT('',(2.345481393171,4.474340657464));
#7665 = CARTESIAN_POINT('',(2.390193076836,4.068187197947));
#7666 = CARTESIAN_POINT('',(2.436905977084,3.672862195176));
#7667 = CARTESIAN_POINT('',(2.485816445519,3.290269499473));
#7668 = CARTESIAN_POINT('',(2.53713647092,2.923692012568));
#7669 = CARTESIAN_POINT('',(2.609950021723,2.457298880409));
#7670 = CARTESIAN_POINT('',(2.62914210643,2.338987864898));
#7671 = CARTESIAN_POINT('',(2.648690562717,2.223303671082));
#7672 = CARTESIAN_POINT('',(2.668610907182,2.110470173528));
#7673 = CARTESIAN_POINT('',(2.688918262412,2.000749657524));
#7674 = CARTESIAN_POINT('',(2.709627688774,1.89444263358));
#7675 = CARTESIAN_POINT('',(2.730754516187,1.791887651926));
#7676 = CARTESIAN_POINT('',(2.781638870737,1.559590175294));
#7677 = CARTESIAN_POINT('',(2.811870741447,1.432872970237));
#7678 = CARTESIAN_POINT('',(2.842963250102,1.314799417018));
#7679 = CARTESIAN_POINT('',(2.874875259906,1.206803406812));
#7680 = CARTESIAN_POINT('',(2.907571099177,1.110266438671));
#7681 = CARTESIAN_POINT('',(2.941020125303,1.026521251393));
#7682 = CARTESIAN_POINT('',(2.975196288709,0.95685545541));
#7683 = CARTESIAN_POINT('',(3.010077696815,0.902515164656));
#7684 = ( GEOMETRIC_REPRESENTATION_CONTEXT(2) 
PARAMETRIC_REPRESENTATION_CONTEXT() REPRESENTATION_CONTEXT('2D SPACE',''
  ) );
#7685 = PCURVE('',#1607,#7686);
#7686 = DEFINITIONAL_REPRESENTATION('',(#7687),#7851);
#7687 = B_SPLINE_CURVE_WITH_KNOTS('',8,(#7688,#7689,#7690,#7691,#7692,
    #7693,#7694,#7695,#7696,#7697,#7698,#7699,#7700,#7701,#7702,#7703,
    #7704,#7705,#7706,#7707,#7708,#7709,#7710,#7711,#7712,#7713,#7714,
    #7715,#7716,#7717,#7718,#7719,#7720,#7721,#7722,#7723,#7724,#7725,
    #7726,#7727,#7728,#7729,#7730,#7731,#7732,#7733,#7734,#7735,#7736,
    #7737,#7738,#7739,#7740,#7741,#7742,#7743,#7744,#7745,#7746,#7747,
    #7748,#7749,#7750,#7751,#7752,#7753,#7754,#7755,#7756,#7757,#7758,
    #7759,#7760,#7761,#7762,#7763,#7764,#7765,#7766,#7767,#7768,#7769,
    #7770,#7771,#7772,#7773,#7774,#7775,#7776,#7777,#7778,#7779,#7780,
    #7781,#7782,#7783,#7784,#7785,#7786,#7787,#7788,#7789,#7790,#7791,
    #7792,#7793,#7794,#7795,#7796,#7797,#7798,#7799,#7800,#7801,#7802,
    #7803,#7804,#7805,#7806,#7807,#7808,#7809,#7810,#7811,#7812,#7813,
    #7814,#7815,#7816,#7817,#7818,#7819,#7820,#7821,#7822,#7823,#7824,
    #7825,#7826,#7827,#7828,#7829,#7830,#7831,#7832,#7833,#7834,#7835,
    #7836,#7837,#7838,#7839,#7840,#7841,#7842,#7843,#7844,#7845,#7846,
    #7847,#7848,#7849,#7850),.UNSPECIFIED.,.F.,.F.,(9,7,7,7,7,7,7,7,7,7,
    7,7,7,7,7,7,7,7,7,7,7,7,7,9),(0.,3.759938837914E-02,
    9.415022404977E-02,0.140850019648,0.193428645657,0.209162883832,
    0.240206412834,0.259234854684,0.296675244982,0.339257324058,
    0.420683688995,0.46758725584,0.49671205933,0.547264762599,
    0.574827625336,0.65678015902,0.725856804714,0.757065274428,
    0.776390322528,0.804607634225,0.857496986735,0.935601150485,
    0.962887523554,1.),.UNSPECIFIED.);
#7688 = CARTESIAN_POINT('',(0.,-53.5596119711));
#7689 = CARTESIAN_POINT('',(-3.863911506073E-02,-53.50800248186));
#7690 = CARTESIAN_POINT('',(-7.65007792902E-02,-53.44152478299));
#7691 = CARTESIAN_POINT('',(-0.11357403376,-53.36148207354));
#7692 = CARTESIAN_POINT('',(-0.149841942511,-53.26922488511));
#7693 = CARTESIAN_POINT('',(-0.185281023447,-53.16614918617));
#7694 = CARTESIAN_POINT('',(-0.219860679213,-53.05369448636));
#7695 = CARTESIAN_POINT('',(-0.253542628087,-52.93334194079));
#7696 = CARTESIAN_POINT('',(-0.335519026134,-52.61600673773));
#7697 = CARTESIAN_POINT('',(-0.382919759008,-52.40982194072));
#7698 = CARTESIAN_POINT('',(-0.428646844011,-52.1914960008));
#7699 = CARTESIAN_POINT('',(-0.472860014909,-51.96379958827));
#7700 = CARTESIAN_POINT('',(-0.515720976128,-51.72889161298));
#7701 = CARTESIAN_POINT('',(-0.557399206588,-51.48838253581));
#7702 = CARTESIAN_POINT('',(-0.598077019934,-51.24340548499));
#7703 = CARTESIAN_POINT('',(-0.670884274611,-50.78930969701));
#7704 = CARTESIAN_POINT('',(-0.703238548819,-50.58156581072));
#7705 = CARTESIAN_POINT('',(-0.735083630085,-50.37218041257));
#7706 = CARTESIAN_POINT('',(-0.766487893849,-50.16177417489));
#7707 = CARTESIAN_POINT('',(-0.79752066951,-49.95090379364));
#7708 = CARTESIAN_POINT('',(-0.828252449334,-49.74010595148));
#7709 = CARTESIAN_POINT('',(-0.858755801456,-49.52995299822));
#7710 = CARTESIAN_POINT('',(-0.923278948788,-49.08599868254));
#7711 = CARTESIAN_POINT('',(-0.957075556358,-48.85380720248));
#7712 = CARTESIAN_POINT('',(-0.990741891606,-48.62456530167));
#7713 = CARTESIAN_POINT('',(-1.024479392772,-48.39875070403));
#7714 = CARTESIAN_POINT('',(-1.058432537713,-48.17764106136));
#7715 = CARTESIAN_POINT('',(-1.09269405114,-47.96357940297));
#7716 = CARTESIAN_POINT('',(-1.127323364923,-47.76007377424));
#7717 = CARTESIAN_POINT('',(-1.172861738176,-47.5152527102));
#7718 = CARTESIAN_POINT('',(-1.183403245111,-47.46013230657));
#7719 = CARTESIAN_POINT('',(-1.194001130802,-47.40639706782));
#7720 = CARTESIAN_POINT('',(-1.20465900843,-47.35417503616));
#7721 = CARTESIAN_POINT('',(-1.215380554892,-47.3036054176));
#7722 = CARTESIAN_POINT('',(-1.226169510808,-47.25483858199));
#7723 = CARTESIAN_POINT('',(-1.237029680518,-47.20803606304));
#7724 = CARTESIAN_POINT('',(-1.269540097982,-47.07524586623));
#7725 = CARTESIAN_POINT('',(-1.291596081916,-46.99466946657));
#7726 = CARTESIAN_POINT('',(-1.313989580516,-46.92396188849));
#7727 = CARTESIAN_POINT('',(-1.33662581202,-46.86506842192));
#7728 = CARTESIAN_POINT('',(-1.359449796046,-46.81954440679));
#7729 = CARTESIAN_POINT('',(-1.382437166114,-46.78855022623));
#7730 = CARTESIAN_POINT('',(-1.405584514892,-46.77285600366));
#7731 = CARTESIAN_POINT('',(-1.44319028606,-46.77285600366));
#7732 = CARTESIAN_POINT('',(-1.457461071442,-46.7787526357));
#7733 = CARTESIAN_POINT('',(-1.471699963289,-46.79051677278));
#7734 = CARTESIAN_POINT('',(-1.485894284716,-46.80803461526));
#7735 = CARTESIAN_POINT('',(-1.5000289229,-46.83110601874));
#7736 = CARTESIAN_POINT('',(-1.514084838712,-46.85944347376));
#7737 = CARTESIAN_POINT('',(-1.528037510092,-46.89267173724));
#7738 = CARTESIAN_POINT('',(-1.569043230986,-47.00442086142));
#7739 = CARTESIAN_POINT('',(-1.595691072406,-47.09560781402));
#7740 = CARTESIAN_POINT('',(-1.621890192921,-47.20122707845));
#7741 = CARTESIAN_POINT('',(-1.647698884745,-47.3187814177));
#7742 = CARTESIAN_POINT('',(-1.673155720867,-47.44602554743));
#7743 = CARTESIAN_POINT('',(-1.698291619041,-47.58102990588));
#7744 = CARTESIAN_POINT('',(-1.723140621714,-47.72222089897));
#7745 = CARTESIAN_POINT('',(-1.77573768442,-48.03464879125));
#7746 = CARTESIAN_POINT('',(-1.803526404835,-48.20800965225));
#7747 = CARTESIAN_POINT('',(-1.831146994527,-48.38660725911));
#7748 = CARTESIAN_POINT('',(-1.858640544454,-48.56900272288));
#7749 = CARTESIAN_POINT('',(-1.886062251748,-48.7541811095));
#7750 = CARTESIAN_POINT('',(-1.913484458646,-48.94149323665));
#7751 = CARTESIAN_POINT('',(-1.940997035042,-49.13056689722));
#7752 = CARTESIAN_POINT('',(-2.021685462344,-49.68574738139));
#7753 = CARTESIAN_POINT('',(-2.074967973226,-50.05319271781));
#7754 = CARTESIAN_POINT('',(-2.12907466245,-50.42074205773));
#7755 = CARTESIAN_POINT('',(-2.184452167629,-50.78647096152));
#7756 = CARTESIAN_POINT('',(-2.241509639738,-51.14782541391));
#7757 = CARTESIAN_POINT('',(-2.300622213623,-51.50123991323));
#7758 = CARTESIAN_POINT('',(-2.362156719916,-51.8417242441));
#7759 = CARTESIAN_POINT('',(-2.463547755951,-52.34725051052));
#7760 = CARTESIAN_POINT('',(-2.501675617605,-52.52617725262));
#7761 = CARTESIAN_POINT('',(-2.540935908219,-52.69776883428));
#7762 = CARTESIAN_POINT('',(-2.581391123342,-52.86030557254));
#7763 = CARTESIAN_POINT('',(-2.623104375759,-53.01182783211));
#7764 = CARTESIAN_POINT('',(-2.666141097368,-53.15012155955));
#7765 = CARTESIAN_POINT('',(-2.710572138685,-53.27270570389));
#7766 = CARTESIAN_POINT('',(-2.784983708665,-53.44147231662));
#7767 = CARTESIAN_POINT('',(-2.814070107921,-53.49902982499));
#7768 = CARTESIAN_POINT('',(-2.843639117045,-53.54855295823));
#7769 = CARTESIAN_POINT('',(-2.873600193717,-53.58926801117));
#7770 = CARTESIAN_POINT('',(-2.903868717342,-53.62057040463));
#7771 = CARTESIAN_POINT('',(-2.93436410639,-53.64202642605));
#7772 = CARTESIAN_POINT('',(-2.965007935737,-53.65337497014));
#7773 = CARTESIAN_POINT('',(-3.049033373619,-53.65653284526));
#7774 = CARTESIAN_POINT('',(-3.10177145104,-53.62779402291));
#7775 = CARTESIAN_POINT('',(-3.15374677527,-53.56944911588));
#7776 = CARTESIAN_POINT('',(-3.204757042514,-53.48349598084));
#7777 = CARTESIAN_POINT('',(-3.254580245555,-53.37277275566));
#7778 = CARTESIAN_POINT('',(-3.302963253208,-53.24093563501));
#7779 = CARTESIAN_POINT('',(-3.349605879856,-53.09243569346));
#7780 = CARTESIAN_POINT('',(-3.418422036925,-52.84529011987));
#7781 = CARTESIAN_POINT('',(-3.442252613124,-52.75405343051));
#7782 = CARTESIAN_POINT('',(-3.465651164454,-52.65920540841));
#7783 = CARTESIAN_POINT('',(-3.48863644774,-52.56112785561));
#7784 = CARTESIAN_POINT('',(-3.511227165889,-52.46016516836));
#7785 = CARTESIAN_POINT('',(-3.533442147932,-52.35662584962));
#7786 = CARTESIAN_POINT('',(-3.555300529064,-52.25078402155));
#7787 = CARTESIAN_POINT('',(-3.64081141567,-51.8220531936));
#7788 = CARTESIAN_POINT('',(-3.702040269138,-51.48190784747));
#7789 = CARTESIAN_POINT('',(-3.760880958557,-51.12910470413));
#7790 = CARTESIAN_POINT('',(-3.817696327807,-50.76853978032));
#7791 = CARTESIAN_POINT('',(-3.872857413079,-50.40371959261));
#7792 = CARTESIAN_POINT('',(-3.926768628791,-50.03716994098));
#7793 = CARTESIAN_POINT('',(-3.979871044848,-49.67081911637));
#7794 = CARTESIAN_POINT('',(-4.077192870164,-49.00124761478));
#7795 = CARTESIAN_POINT('',(-4.120765712396,-48.70218455253));
#7796 = CARTESIAN_POINT('',(-4.164176825965,-48.40872312657));
#7797 = CARTESIAN_POINT('',(-4.207970382959,-48.12115149198));
#7798 = CARTESIAN_POINT('',(-4.252456496327,-47.8429453382));
#7799 = CARTESIAN_POINT('',(-4.297760780988,-47.58151179026));
#7800 = CARTESIAN_POINT('',(-4.343953131677,-47.34820719565));
#7801 = CARTESIAN_POINT('',(-4.412664060943,-47.06967891616));
#7802 = CARTESIAN_POINT('',(-4.434517454351,-46.99049513641));
#7803 = CARTESIAN_POINT('',(-4.456701649123,-46.92106168567));
#7804 = CARTESIAN_POINT('',(-4.479123793009,-46.86326705361));
#7805 = CARTESIAN_POINT('',(-4.501729557624,-46.81861778867));
#7806 = CARTESIAN_POINT('',(-4.524494171103,-46.78823429091));
#7807 = CARTESIAN_POINT('',(-4.547413035048,-46.77285600366));
#7808 = CARTESIAN_POINT('',(-4.58478293965,-46.77285600366));
#7809 = CARTESIAN_POINT('',(-4.599053725032,-46.7787526357));
#7810 = CARTESIAN_POINT('',(-4.613292616879,-46.79051677278));
#7811 = CARTESIAN_POINT('',(-4.627486938306,-46.80803461526));
#7812 = CARTESIAN_POINT('',(-4.641621576489,-46.83110601874));
#7813 = CARTESIAN_POINT('',(-4.655677492302,-46.85944347376));
#7814 = CARTESIAN_POINT('',(-4.669630163682,-46.89267173724));
#7815 = CARTESIAN_POINT('',(-4.703623909566,-46.98531177008));
#7816 = CARTESIAN_POINT('',(-4.723516984069,-47.04974891793));
#7817 = CARTESIAN_POINT('',(-4.743160919496,-47.12256750359));
#7818 = CARTESIAN_POINT('',(-4.762578782947,-47.20272895648));
#7819 = CARTESIAN_POINT('',(-4.781785338138,-47.28924451728));
#7820 = CARTESIAN_POINT('',(-4.800789373083,-47.38118918738));
#7821 = CARTESIAN_POINT('',(-4.819595992705,-47.47771330164));
#7822 = CARTESIAN_POINT('',(-4.873096089418,-47.76612188035));
#7823 = CARTESIAN_POINT('',(-4.907569236324,-47.96903024399));
#7824 = CARTESIAN_POINT('',(-4.941680161732,-48.18233950219));
#7825 = CARTESIAN_POINT('',(-4.975487957392,-48.40260598143));
#7826 = CARTESIAN_POINT('',(-5.009084497411,-48.62752758792));
#7827 = CARTESIAN_POINT('',(-5.042612268489,-48.85584452595));
#7828 = CARTESIAN_POINT('',(-5.076269365096,-49.0870796166));
#7829 = CARTESIAN_POINT('',(-5.160545999238,-49.66694892514));
#7830 = CARTESIAN_POINT('',(-5.211092917805,-50.01548836615));
#7831 = CARTESIAN_POINT('',(-5.262367941253,-50.36432756224));
#7832 = CARTESIAN_POINT('',(-5.314745391719,-50.71169548482));
#7833 = CARTESIAN_POINT('',(-5.368570385182,-51.05540559786));
#7834 = CARTESIAN_POINT('',(-5.424162282507,-51.39251955316));
#7835 = CARTESIAN_POINT('',(-5.481833064124,-51.71902323691));
#7836 = CARTESIAN_POINT('',(-5.562885752606,-52.13800674823));
#7837 = CARTESIAN_POINT('',(-5.584183146498,-52.24463420296));
#7838 = CARTESIAN_POINT('',(-5.605813201107,-52.34920486148));
#7839 = CARTESIAN_POINT('',(-5.627795224558,-52.45147882493));
#7840 = CARTESIAN_POINT('',(-5.650147881778,-52.55118239059));
#7841 = CARTESIAN_POINT('',(-5.672889637915,-52.64800776085));
#7842 = CARTESIAN_POINT('',(-5.696039201758,-52.74161275202));
#7843 = CARTESIAN_POINT('',(-5.75168297279,-52.95404097073));
#7844 = CARTESIAN_POINT('',(-5.784656175139,-53.07024931949));
#7845 = CARTESIAN_POINT('',(-5.818488145774,-53.17880497248));
#7846 = CARTESIAN_POINT('',(-5.853139394182,-53.27831212604));
#7847 = CARTESIAN_POINT('',(-5.888577761653,-53.36742162898));
#7848 = CARTESIAN_POINT('',(-5.924777813161,-53.44483286175));
#7849 = CARTESIAN_POINT('',(-5.961720229262,-53.50929561548));
#7850 = CARTESIAN_POINT('',(-5.999391197971,-53.5596119711));
#7851 = ( GEOMETRIC_REPRESENTATION_CONTEXT(2) 
PARAMETRIC_REPRESENTATION_CONTEXT() REPRESENTATION_CONTEXT('2D SPACE',''
  ) );
#7852 = ORIENTED_EDGE('',*,*,#7853,.F.);
#7853 = EDGE_CURVE('',#1478,#7351,#7854,.T.);
#7854 = SURFACE_CURVE('',#7855,(#8019,#8186),.PCURVE_S1.);
#7855 = B_SPLINE_CURVE_WITH_KNOTS('',8,(#7856,#7857,#7858,#7859,#7860,
    #7861,#7862,#7863,#7864,#7865,#7866,#7867,#7868,#7869,#7870,#7871,
    #7872,#7873,#7874,#7875,#7876,#7877,#7878,#7879,#7880,#7881,#7882,
    #7883,#7884,#7885,#7886,#7887,#7888,#7889,#7890,#7891,#7892,#7893,
    #7894,#7895,#7896,#7897,#7898,#7899,#7900,#7901,#7902,#7903,#7904,
    #7905,#7906,#7907,#7908,#7909,#7910,#7911,#7912,#7913,#7914,#7915,
    #7916,#7917,#7918,#7919,#7920,#7921,#7922,#7923,#7924,#7925,#7926,
    #7927,#7928,#7929,#7930,#7931,#7932,#7933,#7934,#7935,#7936,#7937,
    #7938,#7939,#7940,#7941,#7942,#7943,#7944,#7945,#7946,#7947,#7948,
    #7949,#7950,#7951,#7952,#7953,#7954,#7955,#7956,#7957,#7958,#7959,
    #7960,#7961,#7962,#7963,#7964,#7965,#7966,#7967,#7968,#7969,#7970,
    #7971,#7972,#7973,#7974,#7975,#7976,#7977,#7978,#7979,#7980,#7981,
    #7982,#7983,#7984,#7985,#7986,#7987,#7988,#7989,#7990,#7991,#7992,
    #7993,#7994,#7995,#7996,#7997,#7998,#7999,#8000,#8001,#8002,#8003,
    #8004,#8005,#8006,#8007,#8008,#8009,#8010,#8011,#8012,#8013,#8014,
    #8015,#8016,#8017,#8018),.UNSPECIFIED.,.F.,.F.,(9,7,7,7,7,7,7,7,7,7,
    7,7,7,7,7,7,7,7,7,7,7,7,7,9),(0.,3.759938837914E-02,
    9.415022404977E-02,0.140850019648,0.193428645657,0.209162883832,
    0.240206412834,0.259234854684,0.296675244982,0.339257324058,
    0.420683688995,0.46758725584,0.49671205933,0.547264762599,
    0.574827625336,0.65678015902,0.725856804714,0.757065274428,
    0.776390322528,0.804607634225,0.857496986735,0.935601150485,
    0.962887523554,1.),.UNSPECIFIED.);
#7856 = CARTESIAN_POINT('',(58.902515164656,-1.442497833621,
    56.859611971109));
#7857 = CARTESIAN_POINT('',(58.958252004424,-1.832655711998,
    56.808002481864));
#7858 = CARTESIAN_POINT('',(59.030096355681,-2.212501486511,
    56.741524782998));
#7859 = CARTESIAN_POINT('',(59.116692197084,-2.581211970061,
    56.661482073547));
#7860 = CARTESIAN_POINT('',(59.216648696334,-2.938057159942,
    56.569224885115));
#7861 = CARTESIAN_POINT('',(59.328536078477,-3.282395425442,
    56.466149186176));
#7862 = CARTESIAN_POINT('',(59.450881494208,-3.613668695442,
    56.353694486369));
#7863 = CARTESIAN_POINT('',(59.582164888178,-3.93139764602,
    56.233341940793));
#7864 = CARTESIAN_POINT('',(59.929349434555,-4.692071820017,
    55.916006737733));
#7865 = CARTESIAN_POINT('',(60.155810396367,-5.120176281345,
    55.709821940728));
#7866 = CARTESIAN_POINT('',(60.396765515756,-5.520864218709,
    55.4914960008));
#7867 = CARTESIAN_POINT('',(60.649524227026,-5.895746327546,
    55.263799588271));
#7868 = CARTESIAN_POINT('',(60.912072231183,-6.246568287788,
    55.028891612985));
#7869 = CARTESIAN_POINT('',(61.183025133233,-6.575121545662,
    54.788382535819));
#7870 = CARTESIAN_POINT('',(61.461601121362,-6.883166641562,
    54.543405484994));
#7871 = CARTESIAN_POINT('',(61.983801623896,-7.411193051601,
    54.089309697011));
#7872 = CARTESIAN_POINT('',(62.224846584416,-7.636949656227,
    53.881565810728));
#7873 = CARTESIAN_POINT('',(62.470286522796,-7.850274901439,
    53.672180412574));
#7874 = CARTESIAN_POINT('',(62.719824308432,-8.051776757907,
    53.461774174891));
#7875 = CARTESIAN_POINT('',(62.973302908097,-8.242014739965,
    53.250903793649));
#7876 = CARTESIAN_POINT('',(63.230689270466,-8.421484225418,
    53.040105951481));
#7877 = CARTESIAN_POINT('',(63.492065913926,-8.590605518548,
    52.829952998226));
#7878 = CARTESIAN_POINT('',(64.056625235378,-8.928859716378,
    52.385998682546));
#7879 = CARTESIAN_POINT('',(64.359332306953,-9.09435716916,
    52.153807202481));
#7880 = CARTESIAN_POINT('',(64.667093960166,-9.247625036677,
    51.92456530167));
#7881 = CARTESIAN_POINT('',(64.981190907184,-9.389431872955,
    51.698750704031));
#7882 = CARTESIAN_POINT('',(65.30254714065,-9.519930426911,
    51.477641061362));
#7883 = CARTESIAN_POINT('',(65.631645227533,-9.638847539517,
    51.263579402971));
#7884 = CARTESIAN_POINT('',(65.968620724789,-9.745693965542,
    51.060073774249));
#7885 = CARTESIAN_POINT('',(66.416711705887,-9.868032593951,
    50.815252710202));
#7886 = CARTESIAN_POINT('',(66.520776245989,-9.895115019084,
    50.760132306573));
#7887 = CARTESIAN_POINT('',(66.625722088758,-9.921085355985,
    50.706397067829));
#7888 = CARTESIAN_POINT('',(66.731573319621,-9.94592437372,
    50.654175036163));
#7889 = CARTESIAN_POINT('',(66.838354281769,-9.969610339982,
    50.6036054176));
#7890 = CARTESIAN_POINT('',(66.946089576158,-9.992119021096,
    50.554838581996));
#7891 = CARTESIAN_POINT('',(67.054804061513,-10.01342368202,
    50.50803606304));
#7892 = CARTESIAN_POINT('',(67.380997175395,-10.07309581027,
    50.375245866238));
#7893 = CARTESIAN_POINT('',(67.60327234228,-10.10824192789,
    50.294669466578));
#7894 = CARTESIAN_POINT('',(67.829832685201,-10.13822339818,
    50.223961888499));
#7895 = CARTESIAN_POINT('',(68.05958664833,-10.16261219095,
    50.165068421926));
#7896 = CARTESIAN_POINT('',(68.291812641113,-10.18115017625,
    50.119544406794));
#7897 = CARTESIAN_POINT('',(68.526086344997,-10.19366300773,
    50.088550226239));
#7898 = CARTESIAN_POINT('',(68.762189475551,-10.2,50.072856003665));
#7899 = CARTESIAN_POINT('',(69.145768341467,-10.2,50.072856003665));
#7900 = CARTESIAN_POINT('',(69.291330367045,-10.19761921699,
    50.078752635703));
#7901 = CARTESIAN_POINT('',(69.436521659966,-10.19286948381,
    50.090516772787));
#7902 = CARTESIAN_POINT('',(69.58116820951,-10.18577443747,
    50.108034615266));
#7903 = CARTESIAN_POINT('',(69.725072311584,-10.17637104851,
    50.131106018745));
#7904 = CARTESIAN_POINT('',(69.867998529046,-10.16471419568,
    50.159443473768));
#7905 = CARTESIAN_POINT('',(70.00965971177,-10.15088428596,
    50.192671737244));
#7906 = CARTESIAN_POINT('',(70.42525260773,-10.1037398825,
    50.304420861421));
#7907 = CARTESIAN_POINT('',(70.694356731737,-10.06454152615,
    50.395607814024));
#7908 = CARTESIAN_POINT('',(70.957700647201,-10.01792547698,
    50.501227078459));
#7909 = CARTESIAN_POINT('',(71.2156616322,-9.964290172501,
    50.618781417707));
#7910 = CARTESIAN_POINT('',(71.468442621973,-9.903981686348,
    50.746025547435));
#7911 = CARTESIAN_POINT('',(71.716188588979,-9.837318539022,
    50.881029905887));
#7912 = CARTESIAN_POINT('',(71.959085725219,-9.76456949474,
    51.022220898976));
#7913 = CARTESIAN_POINT('',(72.468534791445,-9.59639336232,
    51.334648791251));
#7914 = CARTESIAN_POINT('',(72.7348305882,-9.498869193412,51.50800965225
    ));
#7915 = CARTESIAN_POINT('',(72.996383333875,-9.393534607019,
    51.68660725911));
#7916 = CARTESIAN_POINT('',(73.253343955709,-9.280532632669,
    51.869002722886));
#7917 = CARTESIAN_POINT('',(73.505990311231,-9.159889291059,
    52.054181109508));
#7918 = CARTESIAN_POINT('',(73.754727383217,-9.031463233892,
    52.24149323665));
#7919 = CARTESIAN_POINT('',(74.000052318366,-8.894905566799,
    52.430566897223));
#7920 = CARTESIAN_POINT('',(74.706048068836,-8.471898303909,
    52.98574738139));
#7921 = CARTESIAN_POINT('',(75.155433446529,-8.16449676761,
    53.353192717817));
#7922 = CARTESIAN_POINT('',(75.592894368853,-7.825333696718,
    53.720742057738));
#7923 = CARTESIAN_POINT('',(76.019096335545,-7.451372550687,
    54.086470961525));
#7924 = CARTESIAN_POINT('',(76.433249400428,-7.038985071647,
    54.447825413919));
#7925 = CARTESIAN_POINT('',(76.832897749739,-6.584230114485,
    54.801239913238));
#7926 = CARTESIAN_POINT('',(77.213826140844,-6.083063351532,
    55.141724244107));
#7927 = CARTESIAN_POINT('',(77.774695506823,-5.214172364369,
    55.647250510527));
#7928 = CARTESIAN_POINT('',(77.972159031849,-4.878746277862,
    55.826177252621));
#7929 = CARTESIAN_POINT('',(78.160650037204,-4.52472041197,
    55.997768834287));
#7930 = CARTESIAN_POINT('',(78.338476862888,-4.151416459835,
    56.160305572548));
#7931 = CARTESIAN_POINT('',(78.503685896319,-3.758262620407,
    56.311827832111));
#7932 = CARTESIAN_POINT('',(78.65404597302,-3.344833518996,
    56.450121559551));
#7933 = CARTESIAN_POINT('',(78.787030234033,-2.910891656423,
    56.572705703898));
#7934 = CARTESIAN_POINT('',(78.96981707566,-2.17423233524,
    56.741472316621));
#7935 = CARTESIAN_POINT('',(79.032072324864,-1.884002054968,
    56.799029824991));
#7936 = CARTESIAN_POINT('',(79.085577398522,-1.586898956933,
    56.848552958233));
#7937 = CARTESIAN_POINT('',(79.129527506393,-1.284110186767,
    56.889268011177));
#7938 = CARTESIAN_POINT('',(79.163296357837,-0.976845589785,
    56.920570404637));
#7939 = CARTESIAN_POINT('',(79.186435662517,-0.666332676018,
    56.942026426056));
#7940 = CARTESIAN_POINT('',(79.198674631088,-0.353811585256,
    56.953374970143));
#7941 = CARTESIAN_POINT('',(79.202080186462,0.503241115067,
    56.956532845268));
#7942 = CARTESIAN_POINT('',(79.171087567978,1.041296640972,
    56.927794022912));
#7943 = CARTESIAN_POINT('',(79.108169442997,1.569344688417,
    56.869449115886));
#7944 = CARTESIAN_POINT('',(79.015402027384,2.083169797876,
    56.783495980845));
#7945 = CARTESIAN_POINT('',(78.895695143268,2.578753517631,
    56.672772755668));
#7946 = CARTESIAN_POINT('',(78.752795754907,3.052339898804,
    56.540935635017));
#7947 = CARTESIAN_POINT('',(78.591309827499,3.500445855301,
    56.392435693461));
#7948 = CARTESIAN_POINT('',(78.321563127214,4.148469886874,
    56.145290119875));
#7949 = CARTESIAN_POINT('',(78.221806505162,4.370234895992,
    56.054053430512));
#7950 = CARTESIAN_POINT('',(78.117895948104,4.585256938326,
    55.95920540841));
#7951 = CARTESIAN_POINT('',(78.010212280643,4.793697911746,
    55.861127855615));
#7952 = CARTESIAN_POINT('',(77.899095113852,4.995733250128,
    55.760165168367));
#7953 = CARTESIAN_POINT('',(77.784844112491,5.191549083808,
    55.656625849621));
#7954 = CARTESIAN_POINT('',(77.667720262227,5.381339400028,
    55.550784021554));
#7955 = CARTESIAN_POINT('',(77.191826251072,6.112281938364,
    55.122053193603));
#7956 = CARTESIAN_POINT('',(76.811067989861,6.609619295561,
    54.781907847469));
#7957 = CARTESIAN_POINT('',(76.411862412114,7.061020490493,
    54.429104704134));
#7958 = CARTESIAN_POINT('',(75.998323873187,7.470477766848,
    54.068539780327));
#7959 = CARTESIAN_POINT('',(75.572841483092,7.841872705884,
    53.70371959262));
#7960 = CARTESIAN_POINT('',(75.136171144978,8.178772110599,
    53.33716994098));
#7961 = CARTESIAN_POINT('',(74.687642860187,8.484154027754,
    52.970819116377));
#7962 = CARTESIAN_POINT('',(73.835095404603,8.99266323761,
    52.301247614782));
#7963 = CARTESIAN_POINT('',(73.441562431156,9.200496129305,
    52.002184552537));
#7964 = CARTESIAN_POINT('',(73.039663349874,9.388411329055,
    51.708723126581));
#7965 = CARTESIAN_POINT('',(72.625352020353,9.558236848873,
    51.421151491979));
#7966 = CARTESIAN_POINT('',(72.196322850728,9.70960775012,51.14294533821
    ));
#7967 = CARTESIAN_POINT('',(71.752156875239,9.840913563091,
    50.881511790262));
#7968 = CARTESIAN_POINT('',(71.293195533959,9.950592955545,
    50.648207195651));
#7969 = CARTESIAN_POINT('',(70.603568384746,10.075521695211,
    50.369678916165));
#7970 = CARTESIAN_POINT('',(70.383283477633,10.110011078593,
    50.290495136419));
#7971 = CARTESIAN_POINT('',(70.158805027705,10.139424313791,
    50.221061685672));
#7972 = CARTESIAN_POINT('',(69.931201926265,10.163345750099,
    50.163267053619));
#7973 = CARTESIAN_POINT('',(69.701184787135,10.181524258026,
    50.118617788673));
#7974 = CARTESIAN_POINT('',(69.469177264376,10.193790595815,
    50.088234290916));
#7975 = CARTESIAN_POINT('',(69.235404685472,10.2,50.072856003665));
#7976 = CARTESIAN_POINT('',(68.854231658534,10.2,50.072856003665));
#7977 = CARTESIAN_POINT('',(68.708669632955,10.197619216991,
    50.078752635703));
#7978 = CARTESIAN_POINT('',(68.563478340034,10.192869483815,
    50.090516772787));
#7979 = CARTESIAN_POINT('',(68.41883179049,10.185774437477,
    50.108034615266));
#7980 = CARTESIAN_POINT('',(68.274927688416,10.176371048514,
    50.131106018745));
#7981 = CARTESIAN_POINT('',(68.132001470954,10.164714195684,
    50.159443473768));
#7982 = CARTESIAN_POINT('',(67.99034028823,10.150884285965,
    50.192671737244));
#7983 = CARTESIAN_POINT('',(67.645813744404,10.111801571741,
    50.28531177008));
#7984 = CARTESIAN_POINT('',(67.444732406021,10.084215470029,
    50.349748917931));
#7985 = CARTESIAN_POINT('',(67.246811317594,10.052446371965,
    50.422567503593));
#7986 = CARTESIAN_POINT('',(67.051907932733,10.016667618395,
    50.502728956489));
#7987 = CARTESIAN_POINT('',(66.859955656807,9.977039262039,
    50.589244517288));
#7988 = CARTESIAN_POINT('',(66.670940610822,9.933719925943,
    50.681189187385));
#7989 = CARTESIAN_POINT('',(66.484878251835,9.886870392143,
    50.777713301644));
#7990 = CARTESIAN_POINT('',(65.958616583257,9.742515888162,
    51.066121880356));
#7991 = CARTESIAN_POINT('',(65.623269663206,9.63581740431,
    51.269030243999));
#7992 = CARTESIAN_POINT('',(65.295718811816,9.517156520902,
    51.482339502191));
#7993 = CARTESIAN_POINT('',(64.975826398789,9.387011605555,
    51.702605981435));
#7994 = CARTESIAN_POINT('',(64.663114221131,9.24564684319,
    51.927527587922));
#7995 = CARTESIAN_POINT('',(64.356673507729,9.092908267837,
    52.155844525951));
#7996 = CARTESIAN_POINT('',(64.05524832024,8.928039720591,
    52.387079616605));
#7997 = CARTESIAN_POINT('',(63.317857004562,8.486221364154,
    52.966948925147));
#7998 = CARTESIAN_POINT('',(62.890717316494,8.195981311455,
    53.315488366159));
#7999 = CARTESIAN_POINT('',(62.474340657464,7.877164643036,
    53.664327562244));
#8000 = CARTESIAN_POINT('',(62.068187197946,7.527274038914,
    54.011695484828));
#8001 = CARTESIAN_POINT('',(61.672862195176,7.143325023389,
    54.355405597869));
#8002 = CARTESIAN_POINT('',(61.290269499473,6.722055304864,
    54.692519553169));
#8003 = CARTESIAN_POINT('',(60.923692012568,6.260082846672,
    55.019023236916));
#8004 = CARTESIAN_POINT('',(60.457298880409,5.577461273563,
    55.438006748234));
#8005 = CARTESIAN_POINT('',(60.338987864898,5.395199736836,
    55.544634202964));
#8006 = CARTESIAN_POINT('',(60.223303671082,5.207208234636,
    55.649204861489));
#8007 = CARTESIAN_POINT('',(60.110470173528,5.013290690349,
    55.751478824931));
#8008 = CARTESIAN_POINT('',(60.000749657524,4.813259160956,
    55.851182390597));
#8009 = CARTESIAN_POINT('',(59.89444263358,4.606933950662,
    55.948007760857));
#8010 = CARTESIAN_POINT('',(59.791887651926,4.394143724518,
    56.041612752027));
#8011 = CARTESIAN_POINT('',(59.559590175294,3.876292805818,
    56.25404097073));
#8012 = CARTESIAN_POINT('',(59.432872970237,3.56452001334,
    56.370249319495));
#8013 = CARTESIAN_POINT('',(59.314799417018,3.239831889079,
    56.478804972487));
#8014 = CARTESIAN_POINT('',(59.206803406812,2.902721152988,
    56.578312126042));
#8015 = CARTESIAN_POINT('',(59.110266438671,2.553752327333,
    56.667421628989));
#8016 = CARTESIAN_POINT('',(59.026521251393,2.193565463516,
    56.744832861758));
#8017 = CARTESIAN_POINT('',(58.95685545541,1.822879868896,
    56.809295615483));
#8018 = CARTESIAN_POINT('',(58.902515164656,1.442497833621,
    56.859611971109));
#8019 = PCURVE('',#1410,#8020);
#8020 = DEFINITIONAL_REPRESENTATION('',(#8021),#8185);
#8021 = B_SPLINE_CURVE_WITH_KNOTS('',8,(#8022,#8023,#8024,#8025,#8026,
    #8027,#8028,#8029,#8030,#8031,#8032,#8033,#8034,#8035,#8036,#8037,
    #8038,#8039,#8040,#8041,#8042,#8043,#8044,#8045,#8046,#8047,#8048,
    #8049,#8050,#8051,#8052,#8053,#8054,#8055,#8056,#8057,#8058,#8059,
    #8060,#8061,#8062,#8063,#8064,#8065,#8066,#8067,#8068,#8069,#8070,
    #8071,#8072,#8073,#8074,#8075,#8076,#8077,#8078,#8079,#8080,#8081,
    #8082,#8083,#8084,#8085,#8086,#8087,#8088,#8089,#8090,#8091,#8092,
    #8093,#8094,#8095,#8096,#8097,#8098,#8099,#8100,#8101,#8102,#8103,
    #8104,#8105,#8106,#8107,#8108,#8109,#8110,#8111,#8112,#8113,#8114,
    #8115,#8116,#8117,#8118,#8119,#8120,#8121,#8122,#8123,#8124,#8125,
    #8126,#8127,#8128,#8129,#8130,#8131,#8132,#8133,#8134,#8135,#8136,
    #8137,#8138,#8139,#8140,#8141,#8142,#8143,#8144,#8145,#8146,#8147,
    #8148,#8149,#8150,#8151,#8152,#8153,#8154,#8155,#8156,#8157,#8158,
    #8159,#8160,#8161,#8162,#8163,#8164,#8165,#8166,#8167,#8168,#8169,
    #8170,#8171,#8172,#8173,#8174,#8175,#8176,#8177,#8178,#8179,#8180,
    #8181,#8182,#8183,#8184),.UNSPECIFIED.,.F.,.F.,(9,7,7,7,7,7,7,7,7,7,
    7,7,7,7,7,7,7,7,7,7,7,7,7,9),(0.,3.759938837914E-02,
    9.415022404977E-02,0.140850019648,0.193428645657,0.209162883832,
    0.240206412834,0.259234854684,0.296675244982,0.339257324058,
    0.420683688995,0.46758725584,0.49671205933,0.547264762599,
    0.574827625336,0.65678015902,0.725856804714,0.757065274428,
    0.776390322528,0.804607634225,0.857496986735,0.935601150485,
    0.962887523554,1.),.UNSPECIFIED.);
#8022 = CARTESIAN_POINT('',(3.273107610365,0.902515164656));
#8023 = CARTESIAN_POINT('',(3.308885472933,0.958252004424));
#8024 = CARTESIAN_POINT('',(3.343911214026,1.030096355681));
#8025 = CARTESIAN_POINT('',(3.378164903679,1.116692197084));
#8026 = CARTESIAN_POINT('',(3.411622121374,1.216648696334));
#8027 = CARTESIAN_POINT('',(3.444253549022,1.328536078477));
#8028 = CARTESIAN_POINT('',(3.476024563957,1.450881494208));
#8029 = CARTESIAN_POINT('',(3.506894831914,1.582164888178));
#8030 = CARTESIAN_POINT('',(3.581823273264,1.929349434555));
#8031 = CARTESIAN_POINT('',(3.624958426211,2.155810396367));
#8032 = CARTESIAN_POINT('',(3.666357038612,2.396765515756));
#8033 = CARTESIAN_POINT('',(3.706148011489,2.649524227026));
#8034 = CARTESIAN_POINT('',(3.744460476444,2.912072231183));
#8035 = CARTESIAN_POINT('',(3.781426280986,3.183025133233));
#8036 = CARTESIAN_POINT('',(3.817179949858,3.461601121362));
#8037 = CARTESIAN_POINT('',(3.88049177649,3.983801623896));
#8038 = CARTESIAN_POINT('',(3.908366535732,4.224846584416));
#8039 = CARTESIAN_POINT('',(3.935517547677,4.470286522796));
#8040 = CARTESIAN_POINT('',(3.961977683518,4.719824308432));
#8041 = CARTESIAN_POINT('',(3.987774141176,4.973302908097));
#8042 = CARTESIAN_POINT('',(4.012925926212,5.230689270466));
#8043 = CARTESIAN_POINT('',(4.037440210584,5.492065913926));
#8044 = CARTESIAN_POINT('',(4.088179483909,6.056625235378));
#8045 = CARTESIAN_POINT('',(4.114087740137,6.359332306953));
#8046 = CARTESIAN_POINT('',(4.139138582957,6.667093960166));
#8047 = CARTESIAN_POINT('',(4.163360163695,6.981190907184));
#8048 = CARTESIAN_POINT('',(4.186684478139,7.30254714065));
#8049 = CARTESIAN_POINT('',(4.208935240495,7.631645227533));
#8050 = CARTESIAN_POINT('',(4.229826443848,7.968620724789));
#8051 = CARTESIAN_POINT('',(4.254707000397,8.416711705887));
#8052 = CARTESIAN_POINT('',(4.26028999129,8.520776245989));
#8053 = CARTESIAN_POINT('',(4.265715436219,8.625722088758));
#8054 = CARTESIAN_POINT('',(4.270972364825,8.731573319621));
#8055 = CARTESIAN_POINT('',(4.276048730747,8.838354281769));
#8056 = CARTESIAN_POINT('',(4.280931411619,8.946089576158));
#8057 = CARTESIAN_POINT('',(4.285606209077,9.054804061513));
#8058 = CARTESIAN_POINT('',(4.298840899048,9.380997175395));
#8059 = CARTESIAN_POINT('',(4.306832018647,9.60327234228));
#8060 = CARTESIAN_POINT('',(4.313813476725,9.829832685201));
#8061 = CARTESIAN_POINT('',(4.319608074904,10.05958664833));
#8062 = CARTESIAN_POINT('',(4.324076549291,10.291812641113));
#8063 = CARTESIAN_POINT('',(4.327115215609,10.526086344997));
#8064 = CARTESIAN_POINT('',(4.328653857413,10.762189475551));
#8065 = CARTESIAN_POINT('',(4.328653857413,11.145768341466));
#8066 = CARTESIAN_POINT('',(4.328075756481,11.291330367045));
#8067 = CARTESIAN_POINT('',(4.326922409044,11.436521659966));
#8068 = CARTESIAN_POINT('',(4.325204218325,11.58116820951));
#8069 = CARTESIAN_POINT('',(4.322939312592,11.725072311584));
#8070 = CARTESIAN_POINT('',(4.32015376462,11.867998529046));
#8071 = CARTESIAN_POINT('',(4.316881854342,12.00965971177));
#8072 = CARTESIAN_POINT('',(4.30585579148,12.42525260773));
#8073 = CARTESIAN_POINT('',(4.296832789108,12.694356731737));
#8074 = CARTESIAN_POINT('',(4.286338287081,12.957700647201));
#8075 = CARTESIAN_POINT('',(4.274593639007,13.2156616322));
#8076 = CARTESIAN_POINT('',(4.261795423622,13.468442621973));
#8077 = CARTESIAN_POINT('',(4.248110883497,13.716188588979));
#8078 = CARTESIAN_POINT('',(4.233674011422,13.959085725219));
#8079 = CARTESIAN_POINT('',(4.201418010713,14.468534791445));
#8080 = CARTESIAN_POINT('',(4.183338469824,14.734830588199));
#8081 = CARTESIAN_POINT('',(4.164495497682,14.996383333875));
#8082 = CARTESIAN_POINT('',(4.144999235965,15.253343955709));
#8083 = CARTESIAN_POINT('',(4.12491815234,15.50599031123));
#8084 = CARTESIAN_POINT('',(4.104281871404,15.754727383217));
#8085 = CARTESIAN_POINT('',(4.083085969944,16.000052318366));
#8086 = CARTESIAN_POINT('',(4.01963425638,16.706048068836));
#8087 = CARTESIAN_POINT('',(3.976127296502,17.155433446529));
#8088 = CARTESIAN_POINT('',(3.930752650954,17.592894368855));
#8089 = CARTESIAN_POINT('',(3.883331155681,18.019096335543));
#8090 = CARTESIAN_POINT('',(3.83364640966,18.433249400429));
#8091 = CARTESIAN_POINT('',(3.781458742812,18.832897749739));
#8092 = CARTESIAN_POINT('',(3.726512416754,19.213826140844));
#8093 = CARTESIAN_POINT('',(3.635126017345,19.774695506823));
#8094 = CARTESIAN_POINT('',(3.60058907261,19.972159031849));
#8095 = CARTESIAN_POINT('',(3.564869217619,20.160650037204));
#8096 = CARTESIAN_POINT('',(3.527918659551,20.338476862887));
#8097 = CARTESIAN_POINT('',(3.489688967145,20.503685896319));
#8098 = CARTESIAN_POINT('',(3.45013012743,20.65404597302));
#8099 = CARTESIAN_POINT('',(3.409188470654,20.787030234033));
#8100 = CARTESIAN_POINT('',(3.340484462744,20.96981707566));
#8101 = CARTESIAN_POINT('',(3.313597664897,21.032072324864));
#8102 = CARTESIAN_POINT('',(3.286237252381,21.085577398522));
#8103 = CARTESIAN_POINT('',(3.258491206969,21.129527506393));
#8104 = CARTESIAN_POINT('',(3.230442808022,21.163296357838));
#8105 = CARTESIAN_POINT('',(3.202172130806,21.186435662517));
#8106 = CARTESIAN_POINT('',(3.173757544819,21.198674631088));
#8107 = CARTESIAN_POINT('',(3.09584313409,21.202080186462));
#8108 = CARTESIAN_POINT('',(3.046938898159,21.171087567978));
#8109 = CARTESIAN_POINT('',(2.998770451537,21.108169442997));
#8110 = CARTESIAN_POINT('',(2.951552463179,21.015402027384));
#8111 = CARTESIAN_POINT('',(2.905515237044,20.895695143268));
#8112 = CARTESIAN_POINT('',(2.860914001363,20.752795754907));
#8113 = CARTESIAN_POINT('',(2.818040573894,20.591309827499));
#8114 = CARTESIAN_POINT('',(2.754990280441,20.321563127214));
#8115 = CARTESIAN_POINT('',(2.733197642621,20.221806505162));
#8116 = CARTESIAN_POINT('',(2.711844021168,20.117895948104));
#8117 = CARTESIAN_POINT('',(2.690914100059,20.010212280643));
#8118 = CARTESIAN_POINT('',(2.670392621311,19.899095113852));
#8119 = CARTESIAN_POINT('',(2.650264290501,19.784844112491));
#8120 = CARTESIAN_POINT('',(2.630513682289,19.667720262227));
#8121 = CARTESIAN_POINT('',(2.553477299493,19.191826251072));
#8122 = CARTESIAN_POINT('',(2.498833615868,18.811067989863));
#8123 = CARTESIAN_POINT('',(2.44691787496,18.411862412108));
#8124 = CARTESIAN_POINT('',(2.397478279889,17.998323873196));
#8125 = CARTESIAN_POINT('',(2.350279465406,17.572841483085));
#8126 = CARTESIAN_POINT('',(2.305109896176,17.13617114498));
#8127 = CARTESIAN_POINT('',(2.261796380689,16.687642860187));
#8128 = CARTESIAN_POINT('',(2.185362018838,15.835095404603));
#8129 = CARTESIAN_POINT('',(2.152283441102,15.441562431158));
#8130 = CARTESIAN_POINT('',(2.120640513138,15.039663349868));
#8131 = CARTESIAN_POINT('',(2.090317443635,14.625352020361));
#8132 = CARTESIAN_POINT('',(2.061557191522,14.196322850723));
#8133 = CARTESIAN_POINT('',(2.034976132976,13.75215687524));
#8134 = CARTESIAN_POINT('',(2.011543527939,13.293195533959));
#8135 = CARTESIAN_POINT('',(1.983792391789,12.603568384746));
#8136 = CARTESIAN_POINT('',(1.975941158974,12.383283477633));
#8137 = CARTESIAN_POINT('',(1.969086479811,12.158805027705));
#8138 = CARTESIAN_POINT('',(1.963400414405,11.931201926265));
#8139 = CARTESIAN_POINT('',(1.959017912213,11.701184787135));
#8140 = CARTESIAN_POINT('',(1.956039117948,11.469177264376));
#8141 = CARTESIAN_POINT('',(1.954531449766,11.235404685472));
#8142 = CARTESIAN_POINT('',(1.954531449766,10.854231658534));
#8143 = CARTESIAN_POINT('',(1.955109550699,10.708669632955));
#8144 = CARTESIAN_POINT('',(1.956262898135,10.563478340034));
#8145 = CARTESIAN_POINT('',(1.957981088855,10.41883179049));
#8146 = CARTESIAN_POINT('',(1.960245994588,10.274927688416));
#8147 = CARTESIAN_POINT('',(1.963031542559,10.132001470954));
#8148 = CARTESIAN_POINT('',(1.966303452837,9.99034028823));
#8149 = CARTESIAN_POINT('',(1.975444059828,9.645813744404));
#8150 = CARTESIAN_POINT('',(1.981816134737,9.444732406021));
#8151 = CARTESIAN_POINT('',(1.989038293817,9.246811317594));
#8152 = CARTESIAN_POINT('',(1.997018026786,9.051907932733));
#8153 = CARTESIAN_POINT('',(2.00566800109,8.859955656807));
#8154 = CARTESIAN_POINT('',(2.014906868361,8.670940610822));
#8155 = CARTESIAN_POINT('',(2.024660052687,8.484878251835));
#8156 = CARTESIAN_POINT('',(2.053979852656,7.958616583257));
#8157 = CARTESIAN_POINT('',(2.074816749934,7.623269663206));
#8158 = CARTESIAN_POINT('',(2.096996499912,7.295718811816));
#8159 = CARTESIAN_POINT('',(2.120238640481,6.975826398789));
#8160 = CARTESIAN_POINT('',(2.144370319729,6.663114221132));
#8161 = CARTESIAN_POINT('',(2.16932472406,6.356673507729));
#8162 = CARTESIAN_POINT('',(2.195129165279,6.05524832024));
#8163 = CARTESIAN_POINT('',(2.26140257063,5.317857004562));
#8164 = CARTESIAN_POINT('',(2.302596897341,4.890717316495));
#8165 = CARTESIAN_POINT('',(2.345481393171,4.474340657464));
#8166 = CARTESIAN_POINT('',(2.390193076836,4.068187197947));
#8167 = CARTESIAN_POINT('',(2.436905977084,3.672862195176));
#8168 = CARTESIAN_POINT('',(2.485816445519,3.290269499473));
#8169 = CARTESIAN_POINT('',(2.53713647092,2.923692012568));
#8170 = CARTESIAN_POINT('',(2.609950021723,2.457298880409));
#8171 = CARTESIAN_POINT('',(2.62914210643,2.338987864898));
#8172 = CARTESIAN_POINT('',(2.648690562717,2.223303671082));
#8173 = CARTESIAN_POINT('',(2.668610907182,2.110470173528));
#8174 = CARTESIAN_POINT('',(2.688918262412,2.000749657524));
#8175 = CARTESIAN_POINT('',(2.709627688774,1.89444263358));
#8176 = CARTESIAN_POINT('',(2.730754516187,1.791887651926));
#8177 = CARTESIAN_POINT('',(2.781638870737,1.559590175294));
#8178 = CARTESIAN_POINT('',(2.811870741447,1.432872970237));
#8179 = CARTESIAN_POINT('',(2.842963250102,1.314799417018));
#8180 = CARTESIAN_POINT('',(2.874875259906,1.206803406812));
#8181 = CARTESIAN_POINT('',(2.907571099177,1.110266438671));
#8182 = CARTESIAN_POINT('',(2.941020125303,1.026521251393));
#8183 = CARTESIAN_POINT('',(2.975196288709,0.95685545541));
#8184 = CARTESIAN_POINT('',(3.010077696815,0.902515164656));
#8185 = ( GEOMETRIC_REPRESENTATION_CONTEXT(2) 
PARAMETRIC_REPRESENTATION_CONTEXT() REPRESENTATION_CONTEXT('2D SPACE',''
  ) );
#8186 = PCURVE('',#1545,#8187);
#8187 = DEFINITIONAL_REPRESENTATION('',(#8188),#8352);
#8188 = B_SPLINE_CURVE_WITH_KNOTS('',8,(#8189,#8190,#8191,#8192,#8193,
    #8194,#8195,#8196,#8197,#8198,#8199,#8200,#8201,#8202,#8203,#8204,
    #8205,#8206,#8207,#8208,#8209,#8210,#8211,#8212,#8213,#8214,#8215,
    #8216,#8217,#8218,#8219,#8220,#8221,#8222,#8223,#8224,#8225,#8226,
    #8227,#8228,#8229,#8230,#8231,#8232,#8233,#8234,#8235,#8236,#8237,
    #8238,#8239,#8240,#8241,#8242,#8243,#8244,#8245,#8246,#8247,#8248,
    #8249,#8250,#8251,#8252,#8253,#8254,#8255,#8256,#8257,#8258,#8259,
    #8260,#8261,#8262,#8263,#8264,#8265,#8266,#8267,#8268,#8269,#8270,
    #8271,#8272,#8273,#8274,#8275,#8276,#8277,#8278,#8279,#8280,#8281,
    #8282,#8283,#8284,#8285,#8286,#8287,#8288,#8289,#8290,#8291,#8292,
    #8293,#8294,#8295,#8296,#8297,#8298,#8299,#8300,#8301,#8302,#8303,
    #8304,#8305,#8306,#8307,#8308,#8309,#8310,#8311,#8312,#8313,#8314,
    #8315,#8316,#8317,#8318,#8319,#8320,#8321,#8322,#8323,#8324,#8325,
    #8326,#8327,#8328,#8329,#8330,#8331,#8332,#8333,#8334,#8335,#8336,
    #8337,#8338,#8339,#8340,#8341,#8342,#8343,#8344,#8345,#8346,#8347,
    #8348,#8349,#8350,#8351),.UNSPECIFIED.,.F.,.F.,(9,7,7,7,7,7,7,7,7,7,
    7,7,7,7,7,7,7,7,7,7,7,7,7,9),(0.,3.759938837914E-02,
    9.415022404977E-02,0.140850019648,0.193428645657,0.209162883832,
    0.240206412834,0.259234854684,0.296675244982,0.339257324058,
    0.420683688995,0.46758725584,0.49671205933,0.547264762599,
    0.574827625336,0.65678015902,0.725856804714,0.757065274428,
    0.776390322528,0.804607634225,0.857496986735,0.935601150485,
    0.962887523554,1.),.UNSPECIFIED.);
#8189 = CARTESIAN_POINT('',(0.,-53.5596119711));
#8190 = CARTESIAN_POINT('',(-3.863911506073E-02,-53.50800248186));
#8191 = CARTESIAN_POINT('',(-7.65007792902E-02,-53.44152478299));
#8192 = CARTESIAN_POINT('',(-0.11357403376,-53.36148207354));
#8193 = CARTESIAN_POINT('',(-0.149841942511,-53.26922488511));
#8194 = CARTESIAN_POINT('',(-0.185281023447,-53.16614918617));
#8195 = CARTESIAN_POINT('',(-0.219860679213,-53.05369448636));
#8196 = CARTESIAN_POINT('',(-0.253542628087,-52.93334194079));
#8197 = CARTESIAN_POINT('',(-0.335519026134,-52.61600673773));
#8198 = CARTESIAN_POINT('',(-0.382919759008,-52.40982194072));
#8199 = CARTESIAN_POINT('',(-0.428646844011,-52.1914960008));
#8200 = CARTESIAN_POINT('',(-0.472860014909,-51.96379958827));
#8201 = CARTESIAN_POINT('',(-0.515720976128,-51.72889161298));
#8202 = CARTESIAN_POINT('',(-0.557399206588,-51.48838253581));
#8203 = CARTESIAN_POINT('',(-0.598077019934,-51.24340548499));
#8204 = CARTESIAN_POINT('',(-0.670884274611,-50.78930969701));
#8205 = CARTESIAN_POINT('',(-0.703238548819,-50.58156581072));
#8206 = CARTESIAN_POINT('',(-0.735083630085,-50.37218041257));
#8207 = CARTESIAN_POINT('',(-0.766487893849,-50.16177417489));
#8208 = CARTESIAN_POINT('',(-0.79752066951,-49.95090379364));
#8209 = CARTESIAN_POINT('',(-0.828252449334,-49.74010595148));
#8210 = CARTESIAN_POINT('',(-0.858755801456,-49.52995299822));
#8211 = CARTESIAN_POINT('',(-0.923278948788,-49.08599868254));
#8212 = CARTESIAN_POINT('',(-0.957075556358,-48.85380720248));
#8213 = CARTESIAN_POINT('',(-0.990741891606,-48.62456530167));
#8214 = CARTESIAN_POINT('',(-1.024479392772,-48.39875070403));
#8215 = CARTESIAN_POINT('',(-1.058432537713,-48.17764106136));
#8216 = CARTESIAN_POINT('',(-1.09269405114,-47.96357940297));
#8217 = CARTESIAN_POINT('',(-1.127323364923,-47.76007377424));
#8218 = CARTESIAN_POINT('',(-1.172861738176,-47.5152527102));
#8219 = CARTESIAN_POINT('',(-1.183403245111,-47.46013230657));
#8220 = CARTESIAN_POINT('',(-1.194001130802,-47.40639706782));
#8221 = CARTESIAN_POINT('',(-1.20465900843,-47.35417503616));
#8222 = CARTESIAN_POINT('',(-1.215380554892,-47.3036054176));
#8223 = CARTESIAN_POINT('',(-1.226169510808,-47.25483858199));
#8224 = CARTESIAN_POINT('',(-1.237029680518,-47.20803606304));
#8225 = CARTESIAN_POINT('',(-1.269540097982,-47.07524586623));
#8226 = CARTESIAN_POINT('',(-1.291596081916,-46.99466946657));
#8227 = CARTESIAN_POINT('',(-1.313989580516,-46.92396188849));
#8228 = CARTESIAN_POINT('',(-1.33662581202,-46.86506842192));
#8229 = CARTESIAN_POINT('',(-1.359449796046,-46.81954440679));
#8230 = CARTESIAN_POINT('',(-1.382437166114,-46.78855022623));
#8231 = CARTESIAN_POINT('',(-1.405584514892,-46.77285600366));
#8232 = CARTESIAN_POINT('',(-1.44319028606,-46.77285600366));
#8233 = CARTESIAN_POINT('',(-1.457461071442,-46.7787526357));
#8234 = CARTESIAN_POINT('',(-1.471699963289,-46.79051677278));
#8235 = CARTESIAN_POINT('',(-1.485894284716,-46.80803461526));
#8236 = CARTESIAN_POINT('',(-1.5000289229,-46.83110601874));
#8237 = CARTESIAN_POINT('',(-1.514084838712,-46.85944347376));
#8238 = CARTESIAN_POINT('',(-1.528037510092,-46.89267173724));
#8239 = CARTESIAN_POINT('',(-1.569043230986,-47.00442086142));
#8240 = CARTESIAN_POINT('',(-1.595691072406,-47.09560781402));
#8241 = CARTESIAN_POINT('',(-1.621890192921,-47.20122707845));
#8242 = CARTESIAN_POINT('',(-1.647698884745,-47.3187814177));
#8243 = CARTESIAN_POINT('',(-1.673155720867,-47.44602554743));
#8244 = CARTESIAN_POINT('',(-1.698291619041,-47.58102990588));
#8245 = CARTESIAN_POINT('',(-1.723140621714,-47.72222089897));
#8246 = CARTESIAN_POINT('',(-1.77573768442,-48.03464879125));
#8247 = CARTESIAN_POINT('',(-1.803526404835,-48.20800965225));
#8248 = CARTESIAN_POINT('',(-1.831146994527,-48.38660725911));
#8249 = CARTESIAN_POINT('',(-1.858640544454,-48.56900272288));
#8250 = CARTESIAN_POINT('',(-1.886062251748,-48.7541811095));
#8251 = CARTESIAN_POINT('',(-1.913484458646,-48.94149323665));
#8252 = CARTESIAN_POINT('',(-1.940997035042,-49.13056689722));
#8253 = CARTESIAN_POINT('',(-2.021685462344,-49.68574738139));
#8254 = CARTESIAN_POINT('',(-2.074967973226,-50.05319271781));
#8255 = CARTESIAN_POINT('',(-2.12907466245,-50.42074205773));
#8256 = CARTESIAN_POINT('',(-2.184452167629,-50.78647096152));
#8257 = CARTESIAN_POINT('',(-2.241509639738,-51.14782541391));
#8258 = CARTESIAN_POINT('',(-2.300622213623,-51.50123991323));
#8259 = CARTESIAN_POINT('',(-2.362156719916,-51.8417242441));
#8260 = CARTESIAN_POINT('',(-2.463547755951,-52.34725051052));
#8261 = CARTESIAN_POINT('',(-2.501675617605,-52.52617725262));
#8262 = CARTESIAN_POINT('',(-2.540935908219,-52.69776883428));
#8263 = CARTESIAN_POINT('',(-2.581391123342,-52.86030557254));
#8264 = CARTESIAN_POINT('',(-2.623104375759,-53.01182783211));
#8265 = CARTESIAN_POINT('',(-2.666141097368,-53.15012155955));
#8266 = CARTESIAN_POINT('',(-2.710572138685,-53.27270570389));
#8267 = CARTESIAN_POINT('',(-2.784983708665,-53.44147231662));
#8268 = CARTESIAN_POINT('',(-2.814070107921,-53.49902982499));
#8269 = CARTESIAN_POINT('',(-2.843639117045,-53.54855295823));
#8270 = CARTESIAN_POINT('',(-2.873600193717,-53.58926801117));
#8271 = CARTESIAN_POINT('',(-2.903868717342,-53.62057040463));
#8272 = CARTESIAN_POINT('',(-2.93436410639,-53.64202642605));
#8273 = CARTESIAN_POINT('',(-2.965007935737,-53.65337497014));
#8274 = CARTESIAN_POINT('',(-3.049033373619,-53.65653284526));
#8275 = CARTESIAN_POINT('',(-3.10177145104,-53.62779402291));
#8276 = CARTESIAN_POINT('',(-3.15374677527,-53.56944911588));
#8277 = CARTESIAN_POINT('',(-3.204757042514,-53.48349598084));
#8278 = CARTESIAN_POINT('',(-3.254580245555,-53.37277275566));
#8279 = CARTESIAN_POINT('',(-3.302963253208,-53.24093563501));
#8280 = CARTESIAN_POINT('',(-3.349605879856,-53.09243569346));
#8281 = CARTESIAN_POINT('',(-3.418422036925,-52.84529011987));
#8282 = CARTESIAN_POINT('',(-3.442252613124,-52.75405343051));
#8283 = CARTESIAN_POINT('',(-3.465651164454,-52.65920540841));
#8284 = CARTESIAN_POINT('',(-3.48863644774,-52.56112785561));
#8285 = CARTESIAN_POINT('',(-3.511227165889,-52.46016516836));
#8286 = CARTESIAN_POINT('',(-3.533442147932,-52.35662584962));
#8287 = CARTESIAN_POINT('',(-3.555300529064,-52.25078402155));
#8288 = CARTESIAN_POINT('',(-3.64081141567,-51.8220531936));
#8289 = CARTESIAN_POINT('',(-3.702040269138,-51.48190784747));
#8290 = CARTESIAN_POINT('',(-3.760880958557,-51.12910470413));
#8291 = CARTESIAN_POINT('',(-3.817696327807,-50.76853978032));
#8292 = CARTESIAN_POINT('',(-3.872857413079,-50.40371959261));
#8293 = CARTESIAN_POINT('',(-3.926768628791,-50.03716994098));
#8294 = CARTESIAN_POINT('',(-3.979871044848,-49.67081911637));
#8295 = CARTESIAN_POINT('',(-4.077192870164,-49.00124761478));
#8296 = CARTESIAN_POINT('',(-4.120765712396,-48.70218455253));
#8297 = CARTESIAN_POINT('',(-4.164176825965,-48.40872312657));
#8298 = CARTESIAN_POINT('',(-4.207970382959,-48.12115149198));
#8299 = CARTESIAN_POINT('',(-4.252456496327,-47.8429453382));
#8300 = CARTESIAN_POINT('',(-4.297760780988,-47.58151179026));
#8301 = CARTESIAN_POINT('',(-4.343953131677,-47.34820719565));
#8302 = CARTESIAN_POINT('',(-4.412664060943,-47.06967891616));
#8303 = CARTESIAN_POINT('',(-4.434517454351,-46.99049513641));
#8304 = CARTESIAN_POINT('',(-4.456701649123,-46.92106168567));
#8305 = CARTESIAN_POINT('',(-4.479123793009,-46.86326705361));
#8306 = CARTESIAN_POINT('',(-4.501729557624,-46.81861778867));
#8307 = CARTESIAN_POINT('',(-4.524494171103,-46.78823429091));
#8308 = CARTESIAN_POINT('',(-4.547413035048,-46.77285600366));
#8309 = CARTESIAN_POINT('',(-4.58478293965,-46.77285600366));
#8310 = CARTESIAN_POINT('',(-4.599053725032,-46.7787526357));
#8311 = CARTESIAN_POINT('',(-4.613292616879,-46.79051677278));
#8312 = CARTESIAN_POINT('',(-4.627486938306,-46.80803461526));
#8313 = CARTESIAN_POINT('',(-4.641621576489,-46.83110601874));
#8314 = CARTESIAN_POINT('',(-4.655677492302,-46.85944347376));
#8315 = CARTESIAN_POINT('',(-4.669630163682,-46.89267173724));
#8316 = CARTESIAN_POINT('',(-4.703623909566,-46.98531177008));
#8317 = CARTESIAN_POINT('',(-4.723516984069,-47.04974891793));
#8318 = CARTESIAN_POINT('',(-4.743160919496,-47.12256750359));
#8319 = CARTESIAN_POINT('',(-4.762578782947,-47.20272895648));
#8320 = CARTESIAN_POINT('',(-4.781785338138,-47.28924451728));
#8321 = CARTESIAN_POINT('',(-4.800789373083,-47.38118918738));
#8322 = CARTESIAN_POINT('',(-4.819595992705,-47.47771330164));
#8323 = CARTESIAN_POINT('',(-4.873096089418,-47.76612188035));
#8324 = CARTESIAN_POINT('',(-4.907569236324,-47.96903024399));
#8325 = CARTESIAN_POINT('',(-4.941680161732,-48.18233950219));
#8326 = CARTESIAN_POINT('',(-4.975487957392,-48.40260598143));
#8327 = CARTESIAN_POINT('',(-5.009084497411,-48.62752758792));
#8328 = CARTESIAN_POINT('',(-5.042612268489,-48.85584452595));
#8329 = CARTESIAN_POINT('',(-5.076269365096,-49.0870796166));
#8330 = CARTESIAN_POINT('',(-5.160545999238,-49.66694892514));
#8331 = CARTESIAN_POINT('',(-5.211092917805,-50.01548836615));
#8332 = CARTESIAN_POINT('',(-5.262367941253,-50.36432756224));
#8333 = CARTESIAN_POINT('',(-5.314745391719,-50.71169548482));
#8334 = CARTESIAN_POINT('',(-5.368570385182,-51.05540559786));
#8335 = CARTESIAN_POINT('',(-5.424162282507,-51.39251955316));
#8336 = CARTESIAN_POINT('',(-5.481833064124,-51.71902323691));
#8337 = CARTESIAN_POINT('',(-5.562885752606,-52.13800674823));
#8338 = CARTESIAN_POINT('',(-5.584183146498,-52.24463420296));
#8339 = CARTESIAN_POINT('',(-5.605813201107,-52.34920486148));
#8340 = CARTESIAN_POINT('',(-5.627795224558,-52.45147882493));
#8341 = CARTESIAN_POINT('',(-5.650147881778,-52.55118239059));
#8342 = CARTESIAN_POINT('',(-5.672889637915,-52.64800776085));
#8343 = CARTESIAN_POINT('',(-5.696039201758,-52.74161275202));
#8344 = CARTESIAN_POINT('',(-5.75168297279,-52.95404097073));
#8345 = CARTESIAN_POINT('',(-5.784656175139,-53.07024931949));
#8346 = CARTESIAN_POINT('',(-5.818488145774,-53.17880497248));
#8347 = CARTESIAN_POINT('',(-5.853139394182,-53.27831212604));
#8348 = CARTESIAN_POINT('',(-5.888577761653,-53.36742162898));
#8349 = CARTESIAN_POINT('',(-5.924777813161,-53.44483286175));
#8350 = CARTESIAN_POINT('',(-5.961720229262,-53.50929561548));
#8351 = CARTESIAN_POINT('',(-5.999391197971,-53.5596119711));
#8352 = ( GEOMETRIC_REPRESENTATION_CONTEXT(2) 
PARAMETRIC_REPRESENTATION_CONTEXT() REPRESENTATION_CONTEXT('2D SPACE',''
  ) );
#8353 = ORIENTED_EDGE('',*,*,#1477,.F.);
#8354 = ORIENTED_EDGE('',*,*,#8355,.T.);
#8355 = EDGE_CURVE('',#1457,#1368,#8356,.T.);
#8356 = SURFACE_CURVE('',#8357,(#8362,#8369),.PCURVE_S1.);
#8357 = CIRCLE('',#8358,11.);
#8358 = AXIS2_PLACEMENT_3D('',#8359,#8360,#8361);
#8359 = CARTESIAN_POINT('',(58.,0.,45.95460394727));
#8360 = DIRECTION('',(1.,-0.,2.22044604925E-16));
#8361 = DIRECTION('',(2.22044604925E-16,0.,-1.));
#8362 = PCURVE('',#1410,#8363);
#8363 = DEFINITIONAL_REPRESENTATION('',(#8364),#8368);
#8364 = LINE('',#8365,#8366);
#8365 = CARTESIAN_POINT('',(0.,0.));
#8366 = VECTOR('',#8367,1.);
#8367 = DIRECTION('',(1.,0.));
#8368 = ( GEOMETRIC_REPRESENTATION_CONTEXT(2) 
PARAMETRIC_REPRESENTATION_CONTEXT() REPRESENTATION_CONTEXT('2D SPACE',''
  ) );
#8369 = PCURVE('',#1382,#8370);
#8370 = DEFINITIONAL_REPRESENTATION('',(#8371),#8375);
#8371 = CIRCLE('',#8372,11.);
#8372 = AXIS2_PLACEMENT_2D('',#8373,#8374);
#8373 = CARTESIAN_POINT('',(0.,0.));
#8374 = DIRECTION('',(1.,0.));
#8375 = ( GEOMETRIC_REPRESENTATION_CONTEXT(2) 
PARAMETRIC_REPRESENTATION_CONTEXT() REPRESENTATION_CONTEXT('2D SPACE',''
  ) );
#8376 = ADVANCED_FACE('',(#8377),#1382,.T.);
#8377 = FACE_BOUND('',#8378,.T.);
#8378 = EDGE_LOOP('',(#8379,#8380,#8381));
#8379 = ORIENTED_EDGE('',*,*,#1456,.T.);
#8380 = ORIENTED_EDGE('',*,*,#8355,.T.);
#8381 = ORIENTED_EDGE('',*,*,#1367,.F.);
#8382 = ADVANCED_FACE('',(#8383),#1545,.F.);
#8383 = FACE_BOUND('',#8384,.T.);
#8384 = EDGE_LOOP('',(#8385,#8386,#8387));
#8385 = ORIENTED_EDGE('',*,*,#7853,.F.);
#8386 = ORIENTED_EDGE('',*,*,#1528,.T.);
#8387 = ORIENTED_EDGE('',*,*,#8388,.T.);
#8388 = EDGE_CURVE('',#1529,#7351,#8389,.T.);
#8389 = SURFACE_CURVE('',#8390,(#8395,#8402),.PCURVE_S1.);
#8390 = CIRCLE('',#8391,10.2);
#8391 = AXIS2_PLACEMENT_3D('',#8392,#8393,#8394);
#8392 = CARTESIAN_POINT('',(69.,0.,56.95460394727));
#8393 = DIRECTION('',(0.,0.,1.));
#8394 = DIRECTION('',(-0.989949493661,-0.141421356237,0.));
#8395 = PCURVE('',#1545,#8396);
#8396 = DEFINITIONAL_REPRESENTATION('',(#8397),#8401);
#8397 = LINE('',#8398,#8399);
#8398 = CARTESIAN_POINT('',(-0.,-53.65460394727));
#8399 = VECTOR('',#8400,1.);
#8400 = DIRECTION('',(-1.,0.));
#8401 = ( GEOMETRIC_REPRESENTATION_CONTEXT(2) 
PARAMETRIC_REPRESENTATION_CONTEXT() REPRESENTATION_CONTEXT('2D SPACE',''
  ) );
#8402 = PCURVE('',#1578,#8403);
#8403 = DEFINITIONAL_REPRESENTATION('',(#8404),#8408);
#8404 = CIRCLE('',#8405,10.2);
#8405 = AXIS2_PLACEMENT_2D('',#8406,#8407);
#8406 = CARTESIAN_POINT('',(0.,-1.728624217764E-15));
#8407 = DIRECTION('',(-0.989949493661,-0.141421356237));
#8408 = ( GEOMETRIC_REPRESENTATION_CONTEXT(2) 
PARAMETRIC_REPRESENTATION_CONTEXT() REPRESENTATION_CONTEXT('2D SPACE',''
  ) );
#8409 = ADVANCED_FACE('',(#8410),#1578,.F.);
#8410 = FACE_BOUND('',#8411,.F.);
#8411 = EDGE_LOOP('',(#8412,#8434,#8435));
#8412 = ORIENTED_EDGE('',*,*,#8413,.T.);
#8413 = EDGE_CURVE('',#7351,#1563,#8414,.T.);
#8414 = SURFACE_CURVE('',#8415,(#8420,#8427),.PCURVE_S1.);
#8415 = CIRCLE('',#8416,10.2);
#8416 = AXIS2_PLACEMENT_3D('',#8417,#8418,#8419);
#8417 = CARTESIAN_POINT('',(69.,0.,56.95460394727));
#8418 = DIRECTION('',(0.,0.,1.));
#8419 = DIRECTION('',(-0.989949493661,-0.141421356237,0.));
#8420 = PCURVE('',#1578,#8421);
#8421 = DEFINITIONAL_REPRESENTATION('',(#8422),#8426);
#8422 = CIRCLE('',#8423,10.2);
#8423 = AXIS2_PLACEMENT_2D('',#8424,#8425);
#8424 = CARTESIAN_POINT('',(0.,-1.728624217764E-15));
#8425 = DIRECTION('',(-0.989949493661,-0.141421356237));
#8426 = ( GEOMETRIC_REPRESENTATION_CONTEXT(2) 
PARAMETRIC_REPRESENTATION_CONTEXT() REPRESENTATION_CONTEXT('2D SPACE',''
  ) );
#8427 = PCURVE('',#1607,#8428);
#8428 = DEFINITIONAL_REPRESENTATION('',(#8429),#8433);
#8429 = LINE('',#8430,#8431);
#8430 = CARTESIAN_POINT('',(-0.,-53.65460394727));
#8431 = VECTOR('',#8432,1.);
#8432 = DIRECTION('',(-1.,0.));
#8433 = ( GEOMETRIC_REPRESENTATION_CONTEXT(2) 
PARAMETRIC_REPRESENTATION_CONTEXT() REPRESENTATION_CONTEXT('2D SPACE',''
  ) );
#8434 = ORIENTED_EDGE('',*,*,#1562,.F.);
#8435 = ORIENTED_EDGE('',*,*,#8388,.T.);
#8436 = ADVANCED_FACE('',(#8437),#1607,.F.);
#8437 = FACE_BOUND('',#8438,.T.);
#8438 = EDGE_LOOP('',(#8439,#8440,#8441));
#8439 = ORIENTED_EDGE('',*,*,#1590,.T.);
#8440 = ORIENTED_EDGE('',*,*,#7350,.F.);
#8441 = ORIENTED_EDGE('',*,*,#8413,.T.);
#8442 = ADVANCED_FACE('',(#8443),#1690,.T.);
#8443 = FACE_BOUND('',#8444,.T.);
#8444 = EDGE_LOOP('',(#8445,#8446,#8447));
#8445 = ORIENTED_EDGE('',*,*,#1800,.F.);
#8446 = ORIENTED_EDGE('',*,*,#7327,.T.);
#8447 = ORIENTED_EDGE('',*,*,#1675,.T.);
#8448 = ADVANCED_FACE('',(#8449),#2052,.F.);
#8449 = FACE_BOUND('',#8450,.F.);
#8450 = EDGE_LOOP('',(#8451,#8474,#8475,#8476,#8517,#8572,#8627));
#8451 = ORIENTED_EDGE('',*,*,#8452,.T.);
#8452 = EDGE_CURVE('',#8453,#2036,#8455,.T.);
#8453 = VERTEX_POINT('',#8454);
#8454 = CARTESIAN_POINT('',(276.61251702299,-2.694222958124E-15,51.3));
#8455 = SEAM_CURVE('',#8456,(#8460,#8467),.PCURVE_S1.);
#8456 = LINE('',#8457,#8458);
#8457 = CARTESIAN_POINT('',(276.61251702299,-2.694222958124E-15,29.3));
#8458 = VECTOR('',#8459,1.);
#8459 = DIRECTION('',(0.,0.,1.));
#8460 = PCURVE('',#2052,#8461);
#8461 = DEFINITIONAL_REPRESENTATION('',(#8462),#8466);
#8462 = LINE('',#8463,#8464);
#8463 = CARTESIAN_POINT('',(6.28318530718,-0.));
#8464 = VECTOR('',#8465,1.);
#8465 = DIRECTION('',(0.,1.));
#8466 = ( GEOMETRIC_REPRESENTATION_CONTEXT(2) 
PARAMETRIC_REPRESENTATION_CONTEXT() REPRESENTATION_CONTEXT('2D SPACE',''
  ) );
#8467 = PCURVE('',#2052,#8468);
#8468 = DEFINITIONAL_REPRESENTATION('',(#8469),#8473);
#8469 = LINE('',#8470,#8471);
#8470 = CARTESIAN_POINT('',(0.,-0.));
#8471 = VECTOR('',#8472,1.);
#8472 = DIRECTION('',(0.,1.));
#8473 = ( GEOMETRIC_REPRESENTATION_CONTEXT(2) 
PARAMETRIC_REPRESENTATION_CONTEXT() REPRESENTATION_CONTEXT('2D SPACE',''
  ) );
#8474 = ORIENTED_EDGE('',*,*,#2035,.F.);
#8475 = ORIENTED_EDGE('',*,*,#8452,.F.);
#8476 = ORIENTED_EDGE('',*,*,#8477,.F.);
#8477 = EDGE_CURVE('',#8478,#8453,#8480,.T.);
#8478 = VERTEX_POINT('',#8479);
#8479 = CARTESIAN_POINT('',(265.61251702299,11.,40.3));
#8480 = SURFACE_CURVE('',#8481,(#8486,#8499),.PCURVE_S1.);
#8481 = ELLIPSE('',#8482,15.556349186104,11.);
#8482 = AXIS2_PLACEMENT_3D('',#8483,#8484,#8485);
#8483 = CARTESIAN_POINT('',(265.61251702299,0.,40.3));
#8484 = DIRECTION('',(0.707106781187,0.,-0.707106781187));
#8485 = DIRECTION('',(0.707106781187,0.,0.707106781187));
#8486 = PCURVE('',#2052,#8487);
#8487 = DEFINITIONAL_REPRESENTATION('',(#8488),#8498);
#8488 = B_SPLINE_CURVE_WITH_KNOTS('',8,(#8489,#8490,#8491,#8492,#8493,
    #8494,#8495,#8496,#8497),.UNSPECIFIED.,.F.,.F.,(9,9),(4.712388980385
    ,6.28318530718),.PIECEWISE_BEZIER_KNOTS.);
#8489 = CARTESIAN_POINT('',(1.570796326795,11.));
#8490 = CARTESIAN_POINT('',(1.374446785946,13.159844949343));
#8491 = CARTESIAN_POINT('',(1.178097245097,15.319690411498));
#8492 = CARTESIAN_POINT('',(0.981747704241,17.352645873281));
#8493 = CARTESIAN_POINT('',(0.785398163403,19.131846256307));
#8494 = CARTESIAN_POINT('',(0.589048622543,20.545998509682));
#8495 = CARTESIAN_POINT('',(0.3926990817,21.515331464139));
#8496 = CARTESIAN_POINT('',(0.196349540849,22.));
#8497 = CARTESIAN_POINT('',(2.449293598295E-16,22.));
#8498 = ( GEOMETRIC_REPRESENTATION_CONTEXT(2) 
PARAMETRIC_REPRESENTATION_CONTEXT() REPRESENTATION_CONTEXT('2D SPACE',''
  ) );
#8499 = PCURVE('',#8500,#8505);
#8500 = CYLINDRICAL_SURFACE('',#8501,11.);
#8501 = AXIS2_PLACEMENT_3D('',#8502,#8503,#8504);
#8502 = CARTESIAN_POINT('',(254.61251702299,0.,40.3));
#8503 = DIRECTION('',(1.,0.,2.22044604925E-16));
#8504 = DIRECTION('',(2.22044604925E-16,0.,-1.));
#8505 = DEFINITIONAL_REPRESENTATION('',(#8506),#8516);
#8506 = B_SPLINE_CURVE_WITH_KNOTS('',8,(#8507,#8508,#8509,#8510,#8511,
    #8512,#8513,#8514,#8515),.UNSPECIFIED.,.F.,.F.,(9,9),(4.712388980385
    ,6.28318530718),.PIECEWISE_BEZIER_KNOTS.);
#8507 = CARTESIAN_POINT('',(1.570796326795,11.));
#8508 = CARTESIAN_POINT('',(1.767145867644,13.159844949343));
#8509 = CARTESIAN_POINT('',(1.963495408492,15.319690411483));
#8510 = CARTESIAN_POINT('',(2.15984494934,17.352645873281));
#8511 = CARTESIAN_POINT('',(2.356194490178,19.131846256249));
#8512 = CARTESIAN_POINT('',(2.552544031038,20.545998509711));
#8513 = CARTESIAN_POINT('',(2.748893571891,21.515331464132));
#8514 = CARTESIAN_POINT('',(2.94524311274,22.));
#8515 = CARTESIAN_POINT('',(3.14159265359,22.));
#8516 = ( GEOMETRIC_REPRESENTATION_CONTEXT(2) 
PARAMETRIC_REPRESENTATION_CONTEXT() REPRESENTATION_CONTEXT('2D SPACE',''
  ) );
#8517 = ORIENTED_EDGE('',*,*,#8518,.T.);
#8518 = EDGE_CURVE('',#8478,#8519,#8521,.T.);
#8519 = VERTEX_POINT('',#8520);
#8520 = CARTESIAN_POINT('',(254.61251702299,1.347111479062E-15,51.3));
#8521 = SURFACE_CURVE('',#8522,(#8527,#8547),.PCURVE_S1.);
#8522 = ELLIPSE('',#8523,15.556349186104,11.);
#8523 = AXIS2_PLACEMENT_3D('',#8524,#8525,#8526);
#8524 = CARTESIAN_POINT('',(265.61251702299,0.,40.3));
#8525 = DIRECTION('',(0.707106781187,0.,0.707106781187));
#8526 = DIRECTION('',(0.707106781187,0.,-0.707106781187));
#8527 = PCURVE('',#2052,#8528);
#8528 = DEFINITIONAL_REPRESENTATION('',(#8529),#8546);
#8529 = B_SPLINE_CURVE_WITH_KNOTS('',8,(#8530,#8531,#8532,#8533,#8534,
    #8535,#8536,#8537,#8538,#8539,#8540,#8541,#8542,#8543,#8544,#8545),
  .UNSPECIFIED.,.F.,.F.,(9,7,9),(1.570796326795,3.14159265359,
    4.712388980385),.UNSPECIFIED.);
#8530 = CARTESIAN_POINT('',(1.570796326795,11.));
#8531 = CARTESIAN_POINT('',(1.767145867644,13.159844949343));
#8532 = CARTESIAN_POINT('',(1.963495408495,15.319690411501));
#8533 = CARTESIAN_POINT('',(2.159844949331,17.352645873296));
#8534 = CARTESIAN_POINT('',(2.356194490201,19.131846256336));
#8535 = CARTESIAN_POINT('',(2.552544031028,20.545998509668));
#8536 = CARTESIAN_POINT('',(2.748893571894,21.515331464143));
#8537 = CARTESIAN_POINT('',(2.94524311274,22.));
#8538 = CARTESIAN_POINT('',(3.337942194439,22.));
#8539 = CARTESIAN_POINT('',(3.534291735285,21.515331464119));
#8540 = CARTESIAN_POINT('',(3.730641276145,20.545998509762));
#8541 = CARTESIAN_POINT('',(3.926990816984,19.131846256205));
#8542 = CARTESIAN_POINT('',(4.123340357841,17.352645873354));
#8543 = CARTESIAN_POINT('',(4.319689898684,15.319690411474));
#8544 = CARTESIAN_POINT('',(4.516039439535,13.159844949343));
#8545 = CARTESIAN_POINT('',(4.712388980385,11.));
#8546 = ( GEOMETRIC_REPRESENTATION_CONTEXT(2) 
PARAMETRIC_REPRESENTATION_CONTEXT() REPRESENTATION_CONTEXT('2D SPACE',''
  ) );
#8547 = PCURVE('',#8548,#8553);
#8548 = CYLINDRICAL_SURFACE('',#8549,11.);
#8549 = AXIS2_PLACEMENT_3D('',#8550,#8551,#8552);
#8550 = CARTESIAN_POINT('',(254.61251702299,0.,40.3));
#8551 = DIRECTION('',(1.,0.,2.22044604925E-16));
#8552 = DIRECTION('',(2.22044604925E-16,0.,-1.));
#8553 = DEFINITIONAL_REPRESENTATION('',(#8554),#8571);
#8554 = B_SPLINE_CURVE_WITH_KNOTS('',8,(#8555,#8556,#8557,#8558,#8559,
    #8560,#8561,#8562,#8563,#8564,#8565,#8566,#8567,#8568,#8569,#8570),
  .UNSPECIFIED.,.F.,.F.,(9,7,9),(1.570796326795,3.14159265359,
    4.712388980385),.UNSPECIFIED.);
#8555 = CARTESIAN_POINT('',(1.570796326795,11.));
#8556 = CARTESIAN_POINT('',(1.767145867644,8.840155050657));
#8557 = CARTESIAN_POINT('',(1.963495408489,6.6803095885));
#8558 = CARTESIAN_POINT('',(2.159844949349,4.647354126665));
#8559 = CARTESIAN_POINT('',(2.356194490172,2.868153743668));
#8560 = CARTESIAN_POINT('',(2.552544031047,1.454001490252));
#8561 = CARTESIAN_POINT('',(2.748893571887,0.484668535851));
#8562 = CARTESIAN_POINT('',(2.94524311274,2.645047203867E-16));
#8563 = CARTESIAN_POINT('',(3.337942194439,-2.645047203867E-16));
#8564 = CARTESIAN_POINT('',(3.534291735285,0.484668535848));
#8565 = CARTESIAN_POINT('',(3.730641276143,1.454001490272));
#8566 = CARTESIAN_POINT('',(3.926990816963,2.868153743639));
#8567 = CARTESIAN_POINT('',(4.123340357846,4.647354126679));
#8568 = CARTESIAN_POINT('',(4.319689898684,6.680309588498));
#8569 = CARTESIAN_POINT('',(4.516039439535,8.840155050657));
#8570 = CARTESIAN_POINT('',(4.712388980385,11.));
#8571 = ( GEOMETRIC_REPRESENTATION_CONTEXT(2) 
PARAMETRIC_REPRESENTATION_CONTEXT() REPRESENTATION_CONTEXT('2D SPACE',''
  ) );
#8572 = ORIENTED_EDGE('',*,*,#8573,.T.);
#8573 = EDGE_CURVE('',#8519,#8574,#8576,.T.);
#8574 = VERTEX_POINT('',#8575);
#8575 = CARTESIAN_POINT('',(265.61251702299,-11.,40.3));
#8576 = SURFACE_CURVE('',#8577,(#8582,#8602),.PCURVE_S1.);
#8577 = ELLIPSE('',#8578,15.556349186104,11.);
#8578 = AXIS2_PLACEMENT_3D('',#8579,#8580,#8581);
#8579 = CARTESIAN_POINT('',(265.61251702299,0.,40.3));
#8580 = DIRECTION('',(0.707106781187,0.,0.707106781187));
#8581 = DIRECTION('',(0.707106781187,0.,-0.707106781187));
#8582 = PCURVE('',#2052,#8583);
#8583 = DEFINITIONAL_REPRESENTATION('',(#8584),#8601);
#8584 = B_SPLINE_CURVE_WITH_KNOTS('',8,(#8585,#8586,#8587,#8588,#8589,
    #8590,#8591,#8592,#8593,#8594,#8595,#8596,#8597,#8598,#8599,#8600),
  .UNSPECIFIED.,.F.,.F.,(9,7,9),(1.570796326795,3.14159265359,
    4.712388980385),.UNSPECIFIED.);
#8585 = CARTESIAN_POINT('',(1.570796326795,11.));
#8586 = CARTESIAN_POINT('',(1.767145867644,13.159844949343));
#8587 = CARTESIAN_POINT('',(1.963495408495,15.319690411501));
#8588 = CARTESIAN_POINT('',(2.159844949331,17.352645873296));
#8589 = CARTESIAN_POINT('',(2.356194490201,19.131846256336));
#8590 = CARTESIAN_POINT('',(2.552544031028,20.545998509668));
#8591 = CARTESIAN_POINT('',(2.748893571894,21.515331464143));
#8592 = CARTESIAN_POINT('',(2.94524311274,22.));
#8593 = CARTESIAN_POINT('',(3.337942194439,22.));
#8594 = CARTESIAN_POINT('',(3.534291735285,21.515331464119));
#8595 = CARTESIAN_POINT('',(3.730641276145,20.545998509762));
#8596 = CARTESIAN_POINT('',(3.926990816984,19.131846256205));
#8597 = CARTESIAN_POINT('',(4.123340357841,17.352645873354));
#8598 = CARTESIAN_POINT('',(4.319689898684,15.319690411474));
#8599 = CARTESIAN_POINT('',(4.516039439535,13.159844949343));
#8600 = CARTESIAN_POINT('',(4.712388980385,11.));
#8601 = ( GEOMETRIC_REPRESENTATION_CONTEXT(2) 
PARAMETRIC_REPRESENTATION_CONTEXT() REPRESENTATION_CONTEXT('2D SPACE',''
  ) );
#8602 = PCURVE('',#8603,#8608);
#8603 = CYLINDRICAL_SURFACE('',#8604,11.);
#8604 = AXIS2_PLACEMENT_3D('',#8605,#8606,#8607);
#8605 = CARTESIAN_POINT('',(254.61251702299,0.,40.3));
#8606 = DIRECTION('',(1.,0.,2.22044604925E-16));
#8607 = DIRECTION('',(2.22044604925E-16,0.,-1.));
#8608 = DEFINITIONAL_REPRESENTATION('',(#8609),#8626);
#8609 = B_SPLINE_CURVE_WITH_KNOTS('',8,(#8610,#8611,#8612,#8613,#8614,
    #8615,#8616,#8617,#8618,#8619,#8620,#8621,#8622,#8623,#8624,#8625),
  .UNSPECIFIED.,.F.,.F.,(9,7,9),(1.570796326795,3.14159265359,
    4.712388980385),.UNSPECIFIED.);
#8610 = CARTESIAN_POINT('',(1.570796326795,11.));
#8611 = CARTESIAN_POINT('',(1.767145867644,8.840155050657));
#8612 = CARTESIAN_POINT('',(1.963495408489,6.6803095885));
#8613 = CARTESIAN_POINT('',(2.159844949349,4.647354126665));
#8614 = CARTESIAN_POINT('',(2.356194490172,2.868153743668));
#8615 = CARTESIAN_POINT('',(2.552544031047,1.454001490252));
#8616 = CARTESIAN_POINT('',(2.748893571887,0.484668535851));
#8617 = CARTESIAN_POINT('',(2.94524311274,2.645047203867E-16));
#8618 = CARTESIAN_POINT('',(3.337942194439,-2.645047203867E-16));
#8619 = CARTESIAN_POINT('',(3.534291735285,0.484668535848));
#8620 = CARTESIAN_POINT('',(3.730641276143,1.454001490272));
#8621 = CARTESIAN_POINT('',(3.926990816963,2.868153743639));
#8622 = CARTESIAN_POINT('',(4.123340357846,4.647354126679));
#8623 = CARTESIAN_POINT('',(4.319689898684,6.680309588498));
#8624 = CARTESIAN_POINT('',(4.516039439535,8.840155050657));
#8625 = CARTESIAN_POINT('',(4.712388980385,11.));
#8626 = ( GEOMETRIC_REPRESENTATION_CONTEXT(2) 
PARAMETRIC_REPRESENTATION_CONTEXT() REPRESENTATION_CONTEXT('2D SPACE',''
  ) );
#8627 = ORIENTED_EDGE('',*,*,#8628,.F.);
#8628 = EDGE_CURVE('',#8453,#8574,#8629,.T.);
#8629 = SURFACE_CURVE('',#8630,(#8635,#8648),.PCURVE_S1.);
#8630 = ELLIPSE('',#8631,15.556349186104,11.);
#8631 = AXIS2_PLACEMENT_3D('',#8632,#8633,#8634);
#8632 = CARTESIAN_POINT('',(265.61251702299,0.,40.3));
#8633 = DIRECTION('',(0.707106781187,0.,-0.707106781187));
#8634 = DIRECTION('',(0.707106781187,0.,0.707106781187));
#8635 = PCURVE('',#2052,#8636);
#8636 = DEFINITIONAL_REPRESENTATION('',(#8637),#8647);
#8637 = B_SPLINE_CURVE_WITH_KNOTS('',8,(#8638,#8639,#8640,#8641,#8642,
    #8643,#8644,#8645,#8646),.UNSPECIFIED.,.F.,.F.,(9,9),(0.,
    1.570796326795),.PIECEWISE_BEZIER_KNOTS.);
#8638 = CARTESIAN_POINT('',(6.28318530718,22.));
#8639 = CARTESIAN_POINT('',(6.08683576633,22.));
#8640 = CARTESIAN_POINT('',(5.890486225482,21.515331464134));
#8641 = CARTESIAN_POINT('',(5.69413668463,20.545998509791));
#8642 = CARTESIAN_POINT('',(5.497787143788,19.131846256205));
#8643 = CARTESIAN_POINT('',(5.301437602931,17.352645873354));
#8644 = CARTESIAN_POINT('',(5.105088062084,15.319690411481));
#8645 = CARTESIAN_POINT('',(4.908738521234,13.159844949343));
#8646 = CARTESIAN_POINT('',(4.712388980385,11.));
#8647 = ( GEOMETRIC_REPRESENTATION_CONTEXT(2) 
PARAMETRIC_REPRESENTATION_CONTEXT() REPRESENTATION_CONTEXT('2D SPACE',''
  ) );
#8648 = PCURVE('',#8500,#8649);
#8649 = DEFINITIONAL_REPRESENTATION('',(#8650),#8660);
#8650 = B_SPLINE_CURVE_WITH_KNOTS('',8,(#8651,#8652,#8653,#8654,#8655,
    #8656,#8657,#8658,#8659),.UNSPECIFIED.,.F.,.F.,(9,9),(0.,
    1.570796326795),.PIECEWISE_BEZIER_KNOTS.);
#8651 = CARTESIAN_POINT('',(3.14159265359,22.));
#8652 = CARTESIAN_POINT('',(3.337942194439,22.));
#8653 = CARTESIAN_POINT('',(3.534291735288,21.51533146411));
#8654 = CARTESIAN_POINT('',(3.730641276125,20.545998509799));
#8655 = CARTESIAN_POINT('',(3.926990817006,19.13184625619));
#8656 = CARTESIAN_POINT('',(4.123340357828,17.35264587339));
#8657 = CARTESIAN_POINT('',(4.319689898685,15.319690411467));
#8658 = CARTESIAN_POINT('',(4.516039439535,13.159844949343));
#8659 = CARTESIAN_POINT('',(4.712388980385,11.));
#8660 = ( GEOMETRIC_REPRESENTATION_CONTEXT(2) 
PARAMETRIC_REPRESENTATION_CONTEXT() REPRESENTATION_CONTEXT('2D SPACE',''
  ) );
#8661 = ADVANCED_FACE('',(#8662),#2135,.F.);
#8662 = FACE_BOUND('',#8663,.F.);
#8663 = EDGE_LOOP('',(#8664,#8881,#8902,#8903,#8904));
#8664 = ORIENTED_EDGE('',*,*,#8665,.F.);
#8665 = EDGE_CURVE('',#8666,#8668,#8670,.T.);
#8666 = VERTEX_POINT('',#8667);
#8667 = CARTESIAN_POINT('',(266.72901306364,-2.081899558551E-15,3.3));
#8668 = VERTEX_POINT('',#8669);
#8669 = CARTESIAN_POINT('',(254.72901306364,-2.694222958124E-15,3.3));
#8670 = SURFACE_CURVE('',#8671,(#8739,#8810),.PCURVE_S1.);
#8671 = B_SPLINE_CURVE_WITH_KNOTS('',6,(#8672,#8673,#8674,#8675,#8676,
    #8677,#8678,#8679,#8680,#8681,#8682,#8683,#8684,#8685,#8686,#8687,
    #8688,#8689,#8690,#8691,#8692,#8693,#8694,#8695,#8696,#8697,#8698,
    #8699,#8700,#8701,#8702,#8703,#8704,#8705,#8706,#8707,#8708,#8709,
    #8710,#8711,#8712,#8713,#8714,#8715,#8716,#8717,#8718,#8719,#8720,
    #8721,#8722,#8723,#8724,#8725,#8726,#8727,#8728,#8729,#8730,#8731,
    #8732,#8733,#8734,#8735,#8736,#8737,#8738),.UNSPECIFIED.,.F.,.F.,(7,
    5,5,5,5,5,5,5,5,5,5,5,5,7),(0.,0.110025250461,0.163566482175,
    0.203561679633,0.317222807182,0.405735768983,0.499207626537,
    0.499991967351,0.594206068673,0.682294826924,0.764679501475,
    0.834725381439,0.887382686716,1.),.UNSPECIFIED.);
#8672 = CARTESIAN_POINT('',(266.72901306364,-7.347880794884E-16,3.3));
#8673 = CARTESIAN_POINT('',(266.72901306364,0.432592658601,3.3));
#8674 = CARTESIAN_POINT('',(266.69158539305,0.861431453993,
    3.320415223436));
#8675 = CARTESIAN_POINT('',(266.61795049439,1.280058839814,
    3.360579042118));
#8676 = CARTESIAN_POINT('',(266.5112744813,1.682220458819,3.418096904522
    ));
#8677 = CARTESIAN_POINT('',(266.37666297143,2.062200412509,
    3.488978887849));
#8678 = CARTESIAN_POINT('',(266.14597491778,2.586835581488,
    3.607045907635));
#8679 = CARTESIAN_POINT('',(266.06522447864,2.752993046838,
    3.647903744775));
#8680 = CARTESIAN_POINT('',(265.97969365406,2.913580996237,
    3.690607387299));
#8681 = CARTESIAN_POINT('',(265.88980203813,3.068624391763,
    3.734812023762));
#8682 = CARTESIAN_POINT('',(265.79593233907,3.218167484788,3.78019464786
    ));
#8683 = CARTESIAN_POINT('',(265.62559838651,3.469919976302,
    3.861013584387));
#8684 = CARTESIAN_POINT('',(265.55072524251,3.574552927491,
    3.896067880855));
#8685 = CARTESIAN_POINT('',(265.47394112431,3.676216876218,
    3.931501596198));
#8686 = CARTESIAN_POINT('',(265.39536100391,3.774958594401,
    3.967204915052));
#8687 = CARTESIAN_POINT('',(265.31508566958,3.870826850892,
    4.003075753493));
#8688 = CARTESIAN_POINT('',(265.00049825265,4.228295742306,
    4.141167928253));
#8689 = CARTESIAN_POINT('',(264.75468499098,4.470055734563,
    4.243958235052));
#8690 = CARTESIAN_POINT('',(264.49786958289,4.690095302817,
    4.345156043705));
#8691 = CARTESIAN_POINT('',(264.23150976928,4.889295258872,
    4.442893800656));
#8692 = CARTESIAN_POINT('',(263.9565726975,5.068359555521,4.53554771416)
  );
#8693 = CARTESIAN_POINT('',(263.4534042176,5.351786415414,4.688638406367
    ));
#8694 = CARTESIAN_POINT('',(263.22832716048,5.463895359393,
    4.751659115139));
#8695 = CARTESIAN_POINT('',(262.99903145505,5.564077092809,
    4.809888027107));
#8696 = CARTESIAN_POINT('',(262.76602332052,5.652364677003,
    4.862611464768));
#8697 = CARTESIAN_POINT('',(262.52974813908,5.728761184157,
    4.909204178609));
#8698 = CARTESIAN_POINT('',(262.03803683706,5.861303201718,
    4.991319208881));
#8699 = CARTESIAN_POINT('',(261.78227542746,5.916072206047,
    5.026073796002));
#8700 = CARTESIAN_POINT('',(261.52413981502,5.957383965417,
    5.052727499844));
#8701 = CARTESIAN_POINT('',(261.26440722158,5.985164563896,5.07080087721
    ));
#8702 = CARTESIAN_POINT('',(261.00382222802,5.999370471408,
    5.080045852521));
#8703 = CARTESIAN_POINT('',(260.74093219763,5.99998855998,5.080448097649
    ));
#8704 = CARTESIAN_POINT('',(260.73874459,5.999992746198,5.080450821997)
  );
#8705 = CARTESIAN_POINT('',(260.73655698078,5.999995975288,5.08045292346
    ));
#8706 = CARTESIAN_POINT('',(260.73436937043,5.99999824725,5.080454402033
    ));
#8707 = CARTESIAN_POINT('',(260.73218175945,5.999999562084,
    5.080455257715));
#8708 = CARTESIAN_POINT('',(260.46722085838,6.000042886932,
    5.080483453152));
#8709 = CARTESIAN_POINT('',(260.20453863871,5.98627590396,5.071524021259
    ));
#8710 = CARTESIAN_POINT('',(259.94270026554,5.95871706948,5.053588552588
    ));
#8711 = CARTESIAN_POINT('',(259.68246695744,5.917410550558,
    5.026926253729));
#8712 = CARTESIAN_POINT('',(259.42463263234,5.862431047168,
    4.992025124582));
#8713 = CARTESIAN_POINT('',(258.93201380475,5.729882691572,
    4.909892363224));
#8714 = CARTESIAN_POINT('',(258.69682881763,5.654017441261,
    4.863611453726));
#8715 = CARTESIAN_POINT('',(258.46487377747,5.566374204415,
    4.811251389391));
#8716 = CARTESIAN_POINT('',(258.23658834322,5.466950641872,
    4.753427723334));
#8717 = CARTESIAN_POINT('',(258.01247166169,5.355715283563,
    4.690843034544));
#8718 = CARTESIAN_POINT('',(257.58790188579,5.117496812316,
    4.562014786037));
#8719 = CARTESIAN_POINT('',(257.38682731393,4.991983345994,
    4.496261618523));
#8720 = CARTESIAN_POINT('',(257.1901380747,4.855932351347,4.427592041116
    ));
#8721 = CARTESIAN_POINT('',(256.99819679179,4.709125626035,
    4.356622028182));
#8722 = CARTESIAN_POINT('',(256.81147923012,4.551292333905,
    4.284025088328));
#8723 = CARTESIAN_POINT('',(256.47681657539,4.238297090423,
    4.148082588556));
#8724 = CARTESIAN_POINT('',(256.32723751898,4.086261799739,
    4.084973921076));
#8725 = CARTESIAN_POINT('',(256.18218444048,3.925768041901,
    4.021660617783));
#8726 = CARTESIAN_POINT('',(256.04209389564,3.756560328008,
    3.958632792047));
#8727 = CARTESIAN_POINT('',(255.90751919743,3.578380211767,
    3.896442556251));
#8728 = CARTESIAN_POINT('',(255.68261160282,3.25007658339,3.790055354319
    ));
#8729 = CARTESIAN_POINT('',(255.58957035996,3.103940815181,
    3.745215193997));
#8730 = CARTESIAN_POINT('',(255.50032826123,2.952493449881,
    3.701471012926));
#8731 = CARTESIAN_POINT('',(255.4152426753,2.795686039704,3.659126339501
    ));
#8732 = CARTESIAN_POINT('',(255.33470647526,2.633487455029,
    3.618505678007));
#8733 = CARTESIAN_POINT('',(255.09755506907,2.107434408882,
    3.497500056722));
#8734 = CARTESIAN_POINT('',(254.95702112619,1.720467115233,
    3.423631051027));
#8735 = CARTESIAN_POINT('',(254.84543535509,1.310025340842,
    3.363502382917));
#8736 = CARTESIAN_POINT('',(254.76828494749,0.882060203327,
    3.321421192065));
#8737 = CARTESIAN_POINT('',(254.72901306364,0.443122226951,3.3));
#8738 = CARTESIAN_POINT('',(254.72901306364,1.102182119233E-15,3.3));
#8739 = PCURVE('',#2135,#8740);
#8740 = DEFINITIONAL_REPRESENTATION('',(#8741),#8809);
#8741 = B_SPLINE_CURVE_WITH_KNOTS('',6,(#8742,#8743,#8744,#8745,#8746,
    #8747,#8748,#8749,#8750,#8751,#8752,#8753,#8754,#8755,#8756,#8757,
    #8758,#8759,#8760,#8761,#8762,#8763,#8764,#8765,#8766,#8767,#8768,
    #8769,#8770,#8771,#8772,#8773,#8774,#8775,#8776,#8777,#8778,#8779,
    #8780,#8781,#8782,#8783,#8784,#8785,#8786,#8787,#8788,#8789,#8790,
    #8791,#8792,#8793,#8794,#8795,#8796,#8797,#8798,#8799,#8800,#8801,
    #8802,#8803,#8804,#8805,#8806,#8807,#8808),.UNSPECIFIED.,.F.,.F.,(7,
    5,5,5,5,5,5,5,5,5,5,5,5,7),(0.,0.110025250461,0.163566482175,
    0.203561679633,0.317222807182,0.405735768983,0.499207626537,
    0.499991967351,0.594206068673,0.682294826924,0.764679501475,
    0.834725381439,0.887382686716,1.),.UNSPECIFIED.);
#8742 = CARTESIAN_POINT('',(0.,5.3));
#8743 = CARTESIAN_POINT('',(7.209877643351E-02,5.3));
#8744 = CARTESIAN_POINT('',(0.143571866889,5.320415223436));
#8745 = CARTESIAN_POINT('',(0.214017958925,5.360579042118));
#8746 = CARTESIAN_POINT('',(0.283009330214,5.418096904522));
#8747 = CARTESIAN_POINT('',(0.350012929322,5.488978887849));
#8748 = CARTESIAN_POINT('',(0.445531839409,5.607045907635));
#8749 = CARTESIAN_POINT('',(0.476299524207,5.647903744775));
#8750 = CARTESIAN_POINT('',(0.506593153445,5.690607387299));
#8751 = CARTESIAN_POINT('',(0.536434732065,5.734812023762));
#8752 = CARTESIAN_POINT('',(0.56584465953,5.78019464786));
#8753 = CARTESIAN_POINT('',(0.616505013407,5.861013584387));
#8754 = CARTESIAN_POINT('',(0.637941449084,5.896067880856));
#8755 = CARTESIAN_POINT('',(0.65916466235,5.931501596198));
#8756 = CARTESIAN_POINT('',(0.680186926346,5.967204915052));
#8757 = CARTESIAN_POINT('',(0.701020608717,6.003075753493));
#8758 = CARTESIAN_POINT('',(0.78038426735,6.141167928253));
#8759 = CARTESIAN_POINT('',(0.837698636337,6.243958235052));
#8760 = CARTESIAN_POINT('',(0.893869664431,6.345156043705));
#8761 = CARTESIAN_POINT('',(0.949128612587,6.442893800656));
#8762 = CARTESIAN_POINT('',(1.003699893038,6.53554771416));
#8763 = CARTESIAN_POINT('',(1.099950333741,6.688638406367));
#8764 = CARTESIAN_POINT('',(1.141804780725,6.751659115139));
#8765 = CARTESIAN_POINT('',(1.183430953399,6.809888027107));
#8766 = CARTESIAN_POINT('',(1.224883582082,6.862611464768));
#8767 = CARTESIAN_POINT('',(1.266219556223,6.909204178609));
#8768 = CARTESIAN_POINT('',(1.351096491802,6.991319208881));
#8769 = CARTESIAN_POINT('',(1.394630093925,7.026073796002));
#8770 = CARTESIAN_POINT('',(1.438111187246,7.052727499844));
#8771 = CARTESIAN_POINT('',(1.481558403793,7.07080087721));
#8772 = CARTESIAN_POINT('',(1.524994677139,7.080045852521));
#8773 = CARTESIAN_POINT('',(1.568809803305,7.080448097649));
#8774 = CARTESIAN_POINT('',(1.569174405208,7.080450821997));
#8775 = CARTESIAN_POINT('',(1.569539007091,7.08045292346));
#8776 = CARTESIAN_POINT('',(1.56990360896,7.080454402033));
#8777 = CARTESIAN_POINT('',(1.570268210821,7.080455257715));
#8778 = CARTESIAN_POINT('',(1.614428361589,7.080483453152));
#8779 = CARTESIAN_POINT('',(1.658208349915,7.071524021259));
#8780 = CARTESIAN_POINT('',(1.70199855884,7.053588552588));
#8781 = CARTESIAN_POINT('',(1.745822652392,7.026926253729));
#8782 = CARTESIAN_POINT('',(1.789700014205,6.992025124582));
#8783 = CARTESIAN_POINT('',(1.874723275054,6.909892363224));
#8784 = CARTESIAN_POINT('',(1.915859858281,6.863611453726));
#8785 = CARTESIAN_POINT('',(1.957111421987,6.811251389391));
#8786 = CARTESIAN_POINT('',(1.998533879971,6.753427723334));
#8787 = CARTESIAN_POINT('',(2.040180998792,6.690843034544));
#8788 = CARTESIAN_POINT('',(2.121320031503,6.562014786037));
#8789 = CARTESIAN_POINT('',(2.160782376012,6.496261618523));
#8790 = CARTESIAN_POINT('',(2.200575332344,6.427592041116));
#8791 = CARTESIAN_POINT('',(2.240779160495,6.356622028182));
#8792 = CARTESIAN_POINT('',(2.281476021852,6.284025088328));
#8793 = CARTESIAN_POINT('',(2.35784593938,6.148082588556));
#8794 = CARTESIAN_POINT('',(2.393361943233,6.084973921076));
#8795 = CARTESIAN_POINT('',(2.42936788556,6.021660617783));
#8796 = CARTESIAN_POINT('',(2.465926631793,5.958632792047));
#8797 = CARTESIAN_POINT('',(2.503101911008,5.896442556251));
#8798 = CARTESIAN_POINT('',(2.569427433689,5.790055354319));
#8799 = CARTESIAN_POINT('',(2.59828450095,5.745215193997));
#8800 = CARTESIAN_POINT('',(2.627555582435,5.701471012926));
#8801 = CARTESIAN_POINT('',(2.65726085172,5.659126339501));
#8802 = CARTESIAN_POINT('',(2.687421893529,5.618505678007));
#8803 = CARTESIAN_POINT('',(2.783594856468,5.497500056722));
#8804 = CARTESIAN_POINT('',(2.852017011448,5.423631051027));
#8805 = CARTESIAN_POINT('',(2.922529782074,5.363502382917));
#8806 = CARTESIAN_POINT('',(2.994582666737,5.321421192065));
#8807 = CARTESIAN_POINT('',(3.067738949098,5.3));
#8808 = CARTESIAN_POINT('',(3.14159265359,5.3));
#8809 = ( GEOMETRIC_REPRESENTATION_CONTEXT(2) 
PARAMETRIC_REPRESENTATION_CONTEXT() REPRESENTATION_CONTEXT('2D SPACE',''
  ) );
#8810 = PCURVE('',#2433,#8811);
#8811 = DEFINITIONAL_REPRESENTATION('',(#8812),#8880);
#8812 = B_SPLINE_CURVE_WITH_KNOTS('',6,(#8813,#8814,#8815,#8816,#8817,
    #8818,#8819,#8820,#8821,#8822,#8823,#8824,#8825,#8826,#8827,#8828,
    #8829,#8830,#8831,#8832,#8833,#8834,#8835,#8836,#8837,#8838,#8839,
    #8840,#8841,#8842,#8843,#8844,#8845,#8846,#8847,#8848,#8849,#8850,
    #8851,#8852,#8853,#8854,#8855,#8856,#8857,#8858,#8859,#8860,#8861,
    #8862,#8863,#8864,#8865,#8866,#8867,#8868,#8869,#8870,#8871,#8872,
    #8873,#8874,#8875,#8876,#8877,#8878,#8879),.UNSPECIFIED.,.F.,.F.,(7,
    5,5,5,5,5,5,5,5,5,5,5,5,7),(0.,0.110025250461,0.163566482175,
    0.203561679633,0.317222807182,0.405735768983,0.499207626537,
    0.499991967351,0.594206068673,0.682294826924,0.764679501475,
    0.834725381439,0.887382686716,1.),.UNSPECIFIED.);
#8813 = CARTESIAN_POINT('',(0.,182.72901306364));
#8814 = CARTESIAN_POINT('',(3.932660532737E-02,182.72901306364));
#8815 = CARTESIAN_POINT('',(7.83120106451E-02,182.69158539305));
#8816 = CARTESIAN_POINT('',(0.116478231125,182.61795049439));
#8817 = CARTESIAN_POINT('',(0.153358108319,182.5112744813));
#8818 = CARTESIAN_POINT('',(0.188473702829,182.37666297143));
#8819 = CARTESIAN_POINT('',(0.237360642869,182.14597491778));
#8820 = CARTESIAN_POINT('',(0.252912805489,182.06522447864));
#8821 = CARTESIAN_POINT('',(0.268015219143,181.97969365406));
#8822 = CARTESIAN_POINT('',(0.282668518853,181.88980203813));
#8823 = CARTESIAN_POINT('',(0.296873765733,181.79593233907));
#8824 = CARTESIAN_POINT('',(0.320910758141,181.62559838651));
#8825 = CARTESIAN_POINT('',(0.330941682127,181.55072524251));
#8826 = CARTESIAN_POINT('',(0.34072808031,181.47394112431));
#8827 = CARTESIAN_POINT('',(0.350272467351,181.39536100391));
#8828 = CARTESIAN_POINT('',(0.359577356163,181.31508566958));
#8829 = CARTESIAN_POINT('',(0.394415050322,181.00049825265));
#8830 = CARTESIAN_POINT('',(0.418284096367,180.75468499098));
#8831 = CARTESIAN_POINT('',(0.440289453215,180.49786958289));
#8832 = CARTESIAN_POINT('',(0.460453753946,180.23150976928));
#8833 = CARTESIAN_POINT('',(0.478779447331,179.9565726975));
#8834 = CARTESIAN_POINT('',(0.5080639657,179.4534042176));
#8835 = CARTESIAN_POINT('',(0.519753945574,179.22832716048));
#8836 = CARTESIAN_POINT('',(0.530286658177,178.99903145505));
#8837 = CARTESIAN_POINT('',(0.539634401103,178.76602332052));
#8838 = CARTESIAN_POINT('',(0.547769064235,178.52974813908));
#8839 = CARTESIAN_POINT('',(0.561943381778,178.03803683706));
#8840 = CARTESIAN_POINT('',(0.567839895405,177.78227542746));
#8841 = CARTESIAN_POINT('',(0.572309285676,177.52413981502));
#8842 = CARTESIAN_POINT('',(0.575322222811,177.26440722158));
#8843 = CARTESIAN_POINT('',(0.576863063353,177.00382222802));
#8844 = CARTESIAN_POINT('',(0.576930104392,176.74093219763));
#8845 = CARTESIAN_POINT('',(0.576930558451,176.73874459));
#8846 = CARTESIAN_POINT('',(0.576930908695,176.73655698078));
#8847 = CARTESIAN_POINT('',(0.576931155124,176.73436937043));
#8848 = CARTESIAN_POINT('',(0.576931297738,176.73218175945));
#8849 = CARTESIAN_POINT('',(0.576935996977,176.46722085838));
#8850 = CARTESIAN_POINT('',(0.575442759346,176.20453863871));
#8851 = CARTESIAN_POINT('',(0.572453557622,175.94270026554));
#8852 = CARTESIAN_POINT('',(0.567984141132,175.68246695744));
#8853 = CARTESIAN_POINT('',(0.562064339246,175.42463263234));
#8854 = CARTESIAN_POINT('',(0.547888682933,174.93201380475));
#8855 = CARTESIAN_POINT('',(0.539810007808,174.69682881763));
#8856 = CARTESIAN_POINT('',(0.530529480598,174.46487377747));
#8857 = CARTESIAN_POINT('',(0.520074840366,174.23658834322));
#8858 = CARTESIAN_POINT('',(0.508473473454,174.01247166169));
#8859 = CARTESIAN_POINT('',(0.483853257737,173.58790188579));
#8860 = CARTESIAN_POINT('',(0.470973142262,173.38682731393));
#8861 = CARTESIAN_POINT('',(0.457121203013,173.1901380747));
#8862 = CARTESIAN_POINT('',(0.442301195691,172.99819679179));
#8863 = CARTESIAN_POINT('',(0.426511267953,172.81147923012));
#8864 = CARTESIAN_POINT('',(0.39548923024,172.47681657539));
#8865 = CARTESIAN_POINT('',(0.380526409175,172.32723751898));
#8866 = CARTESIAN_POINT('',(0.364845631444,172.18218444048));
#8867 = CARTESIAN_POINT('',(0.348435615461,172.04209389564));
#8868 = CARTESIAN_POINT('',(0.331283431362,171.90751919743));
#8869 = CARTESIAN_POINT('',(0.299909716362,171.68261160282));
#8870 = CARTESIAN_POINT('',(0.286015019169,171.58957035996));
#8871 = CARTESIAN_POINT('',(0.271687285512,171.50032826123));
#8872 = CARTESIAN_POINT('',(0.256925036248,171.4152426753));
#8873 = CARTESIAN_POINT('',(0.241727165176,171.33470647526));
#8874 = CARTESIAN_POINT('',(0.192655269217,171.09755506907));
#8875 = CARTESIAN_POINT('',(0.156866288679,170.95702112619));
#8876 = CARTESIAN_POINT('',(0.119210624822,170.84543535509));
#8877 = CARTESIAN_POINT('',(8.018735698962E-02,170.76828494749));
#8878 = CARTESIAN_POINT('',(4.02838388137E-02,170.72901306364));
#8879 = CARTESIAN_POINT('',(0.,170.72901306364));
#8880 = ( GEOMETRIC_REPRESENTATION_CONTEXT(2) 
PARAMETRIC_REPRESENTATION_CONTEXT() REPRESENTATION_CONTEXT('2D SPACE',''
  ) );
#8881 = ORIENTED_EDGE('',*,*,#8882,.F.);
#8882 = EDGE_CURVE('',#2119,#8666,#8883,.T.);
#8883 = SEAM_CURVE('',#8884,(#8888,#8895),.PCURVE_S1.);
#8884 = LINE('',#8885,#8886);
#8885 = CARTESIAN_POINT('',(266.72901306364,-1.469576158977E-15,-2.));
#8886 = VECTOR('',#8887,1.);
#8887 = DIRECTION('',(0.,0.,1.));
#8888 = PCURVE('',#2135,#8889);
#8889 = DEFINITIONAL_REPRESENTATION('',(#8890),#8894);
#8890 = LINE('',#8891,#8892);
#8891 = CARTESIAN_POINT('',(6.28318530718,-0.));
#8892 = VECTOR('',#8893,1.);
#8893 = DIRECTION('',(0.,1.));
#8894 = ( GEOMETRIC_REPRESENTATION_CONTEXT(2) 
PARAMETRIC_REPRESENTATION_CONTEXT() REPRESENTATION_CONTEXT('2D SPACE',''
  ) );
#8895 = PCURVE('',#2135,#8896);
#8896 = DEFINITIONAL_REPRESENTATION('',(#8897),#8901);
#8897 = LINE('',#8898,#8899);
#8898 = CARTESIAN_POINT('',(0.,-0.));
#8899 = VECTOR('',#8900,1.);
#8900 = DIRECTION('',(0.,1.));
#8901 = ( GEOMETRIC_REPRESENTATION_CONTEXT(2) 
PARAMETRIC_REPRESENTATION_CONTEXT() REPRESENTATION_CONTEXT('2D SPACE',''
  ) );
#8902 = ORIENTED_EDGE('',*,*,#2118,.T.);
#8903 = ORIENTED_EDGE('',*,*,#8882,.T.);
#8904 = ORIENTED_EDGE('',*,*,#8905,.F.);
#8905 = EDGE_CURVE('',#8668,#8666,#8906,.T.);
#8906 = SURFACE_CURVE('',#8907,(#8975,#9046),.PCURVE_S1.);
#8907 = B_SPLINE_CURVE_WITH_KNOTS('',6,(#8908,#8909,#8910,#8911,#8912,
    #8913,#8914,#8915,#8916,#8917,#8918,#8919,#8920,#8921,#8922,#8923,
    #8924,#8925,#8926,#8927,#8928,#8929,#8930,#8931,#8932,#8933,#8934,
    #8935,#8936,#8937,#8938,#8939,#8940,#8941,#8942,#8943,#8944,#8945,
    #8946,#8947,#8948,#8949,#8950,#8951,#8952,#8953,#8954,#8955,#8956,
    #8957,#8958,#8959,#8960,#8961,#8962,#8963,#8964,#8965,#8966,#8967,
    #8968,#8969,#8970,#8971,#8972,#8973,#8974),.UNSPECIFIED.,.F.,.F.,(7,
    5,5,5,5,5,5,5,5,5,5,5,5,7),(0.,0.11002543358,0.163566754417,
    0.20356201846,0.317223347071,0.405736456691,0.499544074862,
    0.499992269363,0.59420631416,0.68229501956,0.764679642689,
    0.83472548071,0.887382754458,1.),.UNSPECIFIED.);
#8908 = CARTESIAN_POINT('',(254.72901306364,0.,3.3));
#8909 = CARTESIAN_POINT('',(254.72901306364,-0.432592658601,3.3));
#8910 = CARTESIAN_POINT('',(254.76644073423,-0.861431453993,
    3.320415223436));
#8911 = CARTESIAN_POINT('',(254.84007563288,-1.280058839814,
    3.360579042118));
#8912 = CARTESIAN_POINT('',(254.94675164597,-1.682220458819,
    3.418096904522));
#8913 = CARTESIAN_POINT('',(255.08136315584,-2.062200412509,
    3.488978887849));
#8914 = CARTESIAN_POINT('',(255.31205120952,-2.586835581531,
    3.607045907645));
#8915 = CARTESIAN_POINT('',(255.39280164864,-2.752993046827,
    3.647903744774));
#8916 = CARTESIAN_POINT('',(255.4783324732,-2.9135809962,3.690607387289)
  );
#8917 = CARTESIAN_POINT('',(255.56822408913,-3.068624391755,
    3.734812023758));
#8918 = CARTESIAN_POINT('',(255.66209378823,-3.21816748482,3.78019464787
    ));
#8919 = CARTESIAN_POINT('',(255.83242774076,-3.469919976302,
    3.861013584387));
#8920 = CARTESIAN_POINT('',(255.90730088476,-3.57455292749,
    3.896067880855));
#8921 = CARTESIAN_POINT('',(255.98408500296,-3.676216876217,
    3.931501596198));
#8922 = CARTESIAN_POINT('',(256.06266512337,-3.774958594401,
    3.967204915052));
#8923 = CARTESIAN_POINT('',(256.14294045769,-3.870826850892,
    4.003075753493));
#8924 = CARTESIAN_POINT('',(256.45752789886,-4.228295769847,
    4.141167938892));
#8925 = CARTESIAN_POINT('',(256.70334109439,-4.470055698483,
    4.243958219253));
#8926 = CARTESIAN_POINT('',(256.96015654605,-4.690095297264,
    4.345156042684));
#8927 = CARTESIAN_POINT('',(257.22651640063,-4.889295292259,
    4.442893815943));
#8928 = CARTESIAN_POINT('',(257.50145340179,-5.068359539757,
    4.535547705645));
#8929 = CARTESIAN_POINT('',(258.00462190968,-5.351786415414,
    4.688638406367));
#8930 = CARTESIAN_POINT('',(258.2296989668,-5.463895359393,
    4.751659115139));
#8931 = CARTESIAN_POINT('',(258.45899467223,-5.564077092809,
    4.809888027107));
#8932 = CARTESIAN_POINT('',(258.69200280676,-5.652364677003,
    4.862611464768));
#8933 = CARTESIAN_POINT('',(258.92827798819,-5.728761184157,
    4.909204178609));
#8934 = CARTESIAN_POINT('',(259.42089607057,-5.861547626641,
    4.991470639804));
#8935 = CARTESIAN_POINT('',(259.67758965863,-5.916465950552,
    5.026323656979));
#8936 = CARTESIAN_POINT('',(259.93667246088,-5.957829446231,
    5.053014941695));
#8937 = CARTESIAN_POINT('',(260.19735779289,-5.985563399079,
    5.071060366736));
#8938 = CARTESIAN_POINT('',(260.45889211857,-5.999624157408,
    5.080210947935));
#8939 = CARTESIAN_POINT('',(260.72178166257,-5.999995772457,
    5.08045279146));
#8940 = CARTESIAN_POINT('',(260.72303172539,-5.999997226987,
    5.080453738054));
#8941 = CARTESIAN_POINT('',(260.72428178852,-5.999998368985,
    5.080454481257));
#8942 = CARTESIAN_POINT('',(260.72553185189,-5.999999198452,
    5.080455021066));
#8943 = CARTESIAN_POINT('',(260.7267819154,-5.999999715386,
    5.080455357483));
#8944 = CARTESIAN_POINT('',(260.9908052689,-6.000042886932,
    5.080483453152));
#8945 = CARTESIAN_POINT('',(261.25348748857,-5.98627590396,
    5.071524021259));
#8946 = CARTESIAN_POINT('',(261.51532586174,-5.95871706948,
    5.053588552588));
#8947 = CARTESIAN_POINT('',(261.77555916984,-5.917410550558,
    5.026926253729));
#8948 = CARTESIAN_POINT('',(262.03339349493,-5.862431047168,
    4.992025124582));
#8949 = CARTESIAN_POINT('',(262.52601232253,-5.729882691572,
    4.909892363224));
#8950 = CARTESIAN_POINT('',(262.76119730964,-5.654017441261,
    4.863611453726));
#8951 = CARTESIAN_POINT('',(262.99315234981,-5.566374204416,
    4.811251389391));
#8952 = CARTESIAN_POINT('',(263.22143778405,-5.466950641872,
    4.753427723334));
#8953 = CARTESIAN_POINT('',(263.44555446558,-5.355715283563,
    4.690843034544));
#8954 = CARTESIAN_POINT('',(263.87012423653,-5.1174968151,4.562014787543
    ));
#8955 = CARTESIAN_POINT('',(264.07119882105,-4.991983340518,
    4.496261615859));
#8956 = CARTESIAN_POINT('',(264.26788805274,-4.855932352053,
    4.427592041285));
#8957 = CARTESIAN_POINT('',(264.45982932786,-4.709125631848,
    4.356622030929));
#8958 = CARTESIAN_POINT('',(264.64654690174,-4.551292329614,
    4.284025086465));
#8959 = CARTESIAN_POINT('',(264.98120955188,-4.238297090423,
    4.148082588556));
#8960 = CARTESIAN_POINT('',(265.1307886083,-4.086261799739,
    4.084973921076));
#8961 = CARTESIAN_POINT('',(265.2758416868,-3.925768041901,
    4.021660617783));
#8962 = CARTESIAN_POINT('',(265.41593223163,-3.756560328008,
    3.958632792047));
#8963 = CARTESIAN_POINT('',(265.55050692984,-3.578380211767,
    3.896442556251));
#8964 = CARTESIAN_POINT('',(265.77541452446,-3.250076583384,
    3.790055354317));
#8965 = CARTESIAN_POINT('',(265.86845576731,-3.103940815183,
    3.745215193997));
#8966 = CARTESIAN_POINT('',(265.95769786604,-2.952493449888,
    3.701471012928));
#8967 = CARTESIAN_POINT('',(266.04278345198,-2.795686039707,
    3.659126339502));
#8968 = CARTESIAN_POINT('',(266.12331965202,-2.633487455022,
    3.618505678005));
#8969 = CARTESIAN_POINT('',(266.36047105775,-2.107434409895,
    3.497500056955));
#8970 = CARTESIAN_POINT('',(266.50100500146,-1.720467114824,
    3.423631050846));
#8971 = CARTESIAN_POINT('',(266.61259077243,-1.310025339662,
    3.363502382773));
#8972 = CARTESIAN_POINT('',(266.68974117957,-0.882060203066,
    3.321421192186));
#8973 = CARTESIAN_POINT('',(266.72901306364,-0.443122228181,3.3));
#8974 = CARTESIAN_POINT('',(266.72901306364,-1.7763568394E-15,3.3));
#8975 = PCURVE('',#2135,#8976);
#8976 = DEFINITIONAL_REPRESENTATION('',(#8977),#9045);
#8977 = B_SPLINE_CURVE_WITH_KNOTS('',6,(#8978,#8979,#8980,#8981,#8982,
    #8983,#8984,#8985,#8986,#8987,#8988,#8989,#8990,#8991,#8992,#8993,
    #8994,#8995,#8996,#8997,#8998,#8999,#9000,#9001,#9002,#9003,#9004,
    #9005,#9006,#9007,#9008,#9009,#9010,#9011,#9012,#9013,#9014,#9015,
    #9016,#9017,#9018,#9019,#9020,#9021,#9022,#9023,#9024,#9025,#9026,
    #9027,#9028,#9029,#9030,#9031,#9032,#9033,#9034,#9035,#9036,#9037,
    #9038,#9039,#9040,#9041,#9042,#9043,#9044),.UNSPECIFIED.,.F.,.F.,(7,
    5,5,5,5,5,5,5,5,5,5,5,5,7),(0.,0.11002543358,0.163566754417,
    0.20356201846,0.317223347071,0.405736456691,0.499544074862,
    0.499992269363,0.59420631416,0.68229501956,0.764679642689,
    0.83472548071,0.887382754458,1.),.UNSPECIFIED.);
#8978 = CARTESIAN_POINT('',(3.14159265359,5.3));
#8979 = CARTESIAN_POINT('',(3.213691430023,5.3));
#8980 = CARTESIAN_POINT('',(3.285164520478,5.320415223436));
#8981 = CARTESIAN_POINT('',(3.355610612514,5.360579042118));
#8982 = CARTESIAN_POINT('',(3.424601983804,5.418096904522));
#8983 = CARTESIAN_POINT('',(3.491605582912,5.488978887849));
#8984 = CARTESIAN_POINT('',(3.587124493007,5.607045907645));
#8985 = CARTESIAN_POINT('',(3.617892177795,5.647903744774));
#8986 = CARTESIAN_POINT('',(3.648185807027,5.690607387289));
#8987 = CARTESIAN_POINT('',(3.678027385653,5.734812023758));
#8988 = CARTESIAN_POINT('',(3.707437313126,5.78019464787));
#8989 = CARTESIAN_POINT('',(3.758097666997,5.861013584387));
#8990 = CARTESIAN_POINT('',(3.779534102674,5.896067880855));
#8991 = CARTESIAN_POINT('',(3.80075731594,5.931501596198));
#8992 = CARTESIAN_POINT('',(3.821779579936,5.967204915052));
#8993 = CARTESIAN_POINT('',(3.842613262306,6.003075753493));
#8994 = CARTESIAN_POINT('',(3.921976927054,6.141167938892));
#8995 = CARTESIAN_POINT('',(3.979291280604,6.243958219253));
#8996 = CARTESIAN_POINT('',(4.035462317649,6.345156042684));
#8997 = CARTESIAN_POINT('',(4.09072127531,6.442893815943));
#8998 = CARTESIAN_POINT('',(4.145292541274,6.535547705645));
#8999 = CARTESIAN_POINT('',(4.241542987331,6.688638406367));
#9000 = CARTESIAN_POINT('',(4.283397434315,6.751659115139));
#9001 = CARTESIAN_POINT('',(4.325023606989,6.809888027107));
#9002 = CARTESIAN_POINT('',(4.366476235672,6.862611464768));
#9003 = CARTESIAN_POINT('',(4.407812209813,6.909204178609));
#9004 = CARTESIAN_POINT('',(4.492845669631,6.991470639804));
#9005 = CARTESIAN_POINT('',(4.536535757559,7.026323656979));
#9006 = CARTESIAN_POINT('',(4.580173132607,7.053014941695));
#9007 = CARTESIAN_POINT('',(4.623776461091,7.071060366736));
#9008 = CARTESIAN_POINT('',(4.667368778835,7.080210947935));
#9009 = CARTESIAN_POINT('',(4.71118374661,7.08045279146));
#9010 = CARTESIAN_POINT('',(4.711392090548,7.080453738054));
#9011 = CARTESIAN_POINT('',(4.711600434481,7.080454481257));
#9012 = CARTESIAN_POINT('',(4.711808778412,7.080455021066));
#9013 = CARTESIAN_POINT('',(4.712017122341,7.080455357483));
#9014 = CARTESIAN_POINT('',(4.756021015179,7.080483453152));
#9015 = CARTESIAN_POINT('',(4.799801003505,7.071524021259));
#9016 = CARTESIAN_POINT('',(4.84359121243,7.053588552588));
#9017 = CARTESIAN_POINT('',(4.887415305982,7.026926253729));
#9018 = CARTESIAN_POINT('',(4.931292667794,6.992025124582));
#9019 = CARTESIAN_POINT('',(5.016315928643,6.909892363224));
#9020 = CARTESIAN_POINT('',(5.057452511871,6.863611453726));
#9021 = CARTESIAN_POINT('',(5.098704075577,6.811251389391));
#9022 = CARTESIAN_POINT('',(5.140126533561,6.753427723334));
#9023 = CARTESIAN_POINT('',(5.181773652381,6.690843034544));
#9024 = CARTESIAN_POINT('',(5.262912684144,6.562014787543));
#9025 = CARTESIAN_POINT('',(5.302375031187,6.496261615859));
#9026 = CARTESIAN_POINT('',(5.342167985886,6.427592041285));
#9027 = CARTESIAN_POINT('',(5.382371812476,6.356622030929));
#9028 = CARTESIAN_POINT('',(5.423068676489,6.284025086465));
#9029 = CARTESIAN_POINT('',(5.499438592969,6.148082588556));
#9030 = CARTESIAN_POINT('',(5.534954596822,6.084973921076));
#9031 = CARTESIAN_POINT('',(5.57096053915,6.021660617783));
#9032 = CARTESIAN_POINT('',(5.607519285383,5.958632792047));
#9033 = CARTESIAN_POINT('',(5.644694564598,5.896442556251));
#9034 = CARTESIAN_POINT('',(5.71102008728,5.790055354317));
#9035 = CARTESIAN_POINT('',(5.739877154539,5.745215193997));
#9036 = CARTESIAN_POINT('',(5.769148236023,5.701471012928));
#9037 = CARTESIAN_POINT('',(5.798853505309,5.659126339502));
#9038 = CARTESIAN_POINT('',(5.82901454712,5.618505678005));
#9039 = CARTESIAN_POINT('',(5.925187509873,5.497500056955));
#9040 = CARTESIAN_POINT('',(5.993609665126,5.423631050846));
#9041 = CARTESIAN_POINT('',(6.064122435854,5.363502382773));
#9042 = CARTESIAN_POINT('',(6.13617532037,5.321421192186));
#9043 = CARTESIAN_POINT('',(6.209331602483,5.3));
#9044 = CARTESIAN_POINT('',(6.28318530718,5.3));
#9045 = ( GEOMETRIC_REPRESENTATION_CONTEXT(2) 
PARAMETRIC_REPRESENTATION_CONTEXT() REPRESENTATION_CONTEXT('2D SPACE',''
  ) );
#9046 = PCURVE('',#2433,#9047);
#9047 = DEFINITIONAL_REPRESENTATION('',(#9048),#9116);
#9048 = B_SPLINE_CURVE_WITH_KNOTS('',6,(#9049,#9050,#9051,#9052,#9053,
    #9054,#9055,#9056,#9057,#9058,#9059,#9060,#9061,#9062,#9063,#9064,
    #9065,#9066,#9067,#9068,#9069,#9070,#9071,#9072,#9073,#9074,#9075,
    #9076,#9077,#9078,#9079,#9080,#9081,#9082,#9083,#9084,#9085,#9086,
    #9087,#9088,#9089,#9090,#9091,#9092,#9093,#9094,#9095,#9096,#9097,
    #9098,#9099,#9100,#9101,#9102,#9103,#9104,#9105,#9106,#9107,#9108,
    #9109,#9110,#9111,#9112,#9113,#9114,#9115),.UNSPECIFIED.,.F.,.F.,(7,
    5,5,5,5,5,5,5,5,5,5,5,5,7),(0.,0.11002543358,0.163566754417,
    0.20356201846,0.317223347071,0.405736456691,0.499544074862,
    0.499992269363,0.59420631416,0.68229501956,0.764679642689,
    0.83472548071,0.887382754458,1.),.UNSPECIFIED.);
#9049 = CARTESIAN_POINT('',(6.28318530718,170.72901306364));
#9050 = CARTESIAN_POINT('',(6.243858701852,170.72901306364));
#9051 = CARTESIAN_POINT('',(6.204873296534,170.76644073423));
#9052 = CARTESIAN_POINT('',(6.166707076054,170.84007563288));
#9053 = CARTESIAN_POINT('',(6.12982719886,170.94675164597));
#9054 = CARTESIAN_POINT('',(6.094711604351,171.08136315584));
#9055 = CARTESIAN_POINT('',(6.045824664306,171.31205120952));
#9056 = CARTESIAN_POINT('',(6.030272501691,171.39280164864));
#9057 = CARTESIAN_POINT('',(6.01517008804,171.4783324732));
#9058 = CARTESIAN_POINT('',(6.000516788327,171.56822408913));
#9059 = CARTESIAN_POINT('',(5.986311541443,171.66209378823));
#9060 = CARTESIAN_POINT('',(5.962274549039,171.83242774076));
#9061 = CARTESIAN_POINT('',(5.952243625053,171.90730088476));
#9062 = CARTESIAN_POINT('',(5.94245722687,171.98408500296));
#9063 = CARTESIAN_POINT('',(5.932912839828,172.06266512337));
#9064 = CARTESIAN_POINT('',(5.923607951017,172.14294045769));
#9065 = CARTESIAN_POINT('',(5.888770254173,172.45752789886));
#9066 = CARTESIAN_POINT('',(5.864901214399,172.70334109439));
#9067 = CARTESIAN_POINT('',(5.842895854462,172.96015654605));
#9068 = CARTESIAN_POINT('',(5.82273154989,173.22651640063));
#9069 = CARTESIAN_POINT('',(5.804405861478,173.50145340179));
#9070 = CARTESIAN_POINT('',(5.77512134148,174.00462190968));
#9071 = CARTESIAN_POINT('',(5.763431361605,174.2296989668));
#9072 = CARTESIAN_POINT('',(5.752898649003,174.45899467223));
#9073 = CARTESIAN_POINT('',(5.743550906077,174.69200280676));
#9074 = CARTESIAN_POINT('',(5.735416242945,174.92827798819));
#9075 = CARTESIAN_POINT('',(5.721215786095,175.42089607057));
#9076 = CARTESIAN_POINT('',(5.715303020495,175.67758965863));
#9077 = CARTESIAN_POINT('',(5.71082782505,175.93667246088));
#9078 = CARTESIAN_POINT('',(5.70781982802,176.19735779289));
#9079 = CARTESIAN_POINT('',(5.706294727779,176.45889211857));
#9080 = CARTESIAN_POINT('',(5.706254420485,176.72178166257));
#9081 = CARTESIAN_POINT('',(5.706254262719,176.72303172539));
#9082 = CARTESIAN_POINT('',(5.706254138852,176.72428178852));
#9083 = CARTESIAN_POINT('',(5.706254048883,176.72553185189));
#9084 = CARTESIAN_POINT('',(5.706253992814,176.7267819154));
#9085 = CARTESIAN_POINT('',(5.706249310202,176.9908052689));
#9086 = CARTESIAN_POINT('',(5.707742547833,177.25348748857));
#9087 = CARTESIAN_POINT('',(5.710731749558,177.51532586174));
#9088 = CARTESIAN_POINT('',(5.715201166048,177.77555916984));
#9089 = CARTESIAN_POINT('',(5.721120967934,178.03339349493));
#9090 = CARTESIAN_POINT('',(5.735296624247,178.52601232253));
#9091 = CARTESIAN_POINT('',(5.743375299371,178.76119730964));
#9092 = CARTESIAN_POINT('',(5.752655826582,178.99315234981));
#9093 = CARTESIAN_POINT('',(5.763110466813,179.22143778405));
#9094 = CARTESIAN_POINT('',(5.774711833725,179.44555446558));
#9095 = CARTESIAN_POINT('',(5.799332049155,179.87012423653));
#9096 = CARTESIAN_POINT('',(5.812212165472,180.07119882105));
#9097 = CARTESIAN_POINT('',(5.826064104102,180.26788805274));
#9098 = CARTESIAN_POINT('',(5.840884110904,180.45982932786));
#9099 = CARTESIAN_POINT('',(5.856674039652,180.64654690174));
#9100 = CARTESIAN_POINT('',(5.88769607694,180.98120955188));
#9101 = CARTESIAN_POINT('',(5.902658898004,181.1307886083));
#9102 = CARTESIAN_POINT('',(5.918339675736,181.2758416868));
#9103 = CARTESIAN_POINT('',(5.934749691718,181.41593223163));
#9104 = CARTESIAN_POINT('',(5.951901875818,181.55050692984));
#9105 = CARTESIAN_POINT('',(5.983275590818,181.77541452446));
#9106 = CARTESIAN_POINT('',(5.997170288011,181.86845576731));
#9107 = CARTESIAN_POINT('',(6.011498021667,181.95769786604));
#9108 = CARTESIAN_POINT('',(6.026260270931,182.04278345198));
#9109 = CARTESIAN_POINT('',(6.041458142004,182.12331965202));
#9110 = CARTESIAN_POINT('',(6.090530037869,182.36047105775));
#9111 = CARTESIAN_POINT('',(6.12631901854,182.50100500146));
#9112 = CARTESIAN_POINT('',(6.163974682464,182.61259077243));
#9113 = CARTESIAN_POINT('',(6.202997950214,182.68974117957));
#9114 = CARTESIAN_POINT('',(6.242901468254,182.72901306364));
#9115 = CARTESIAN_POINT('',(6.28318530718,182.72901306364));
#9116 = ( GEOMETRIC_REPRESENTATION_CONTEXT(2) 
PARAMETRIC_REPRESENTATION_CONTEXT() REPRESENTATION_CONTEXT('2D SPACE',''
  ) );
#9117 = ADVANCED_FACE('',(#9118),#2166,.F.);
#9118 = FACE_BOUND('',#9119,.F.);
#9119 = EDGE_LOOP('',(#9120,#9322,#9343,#9344,#9345));
#9120 = ORIENTED_EDGE('',*,*,#9121,.F.);
#9121 = EDGE_CURVE('',#9122,#9124,#9126,.T.);
#9122 = VERTEX_POINT('',#9123);
#9123 = CARTESIAN_POINT('',(278.95300251664,-1.928818708657E-15,3.3));
#9124 = VERTEX_POINT('',#9125);
#9125 = CARTESIAN_POINT('',(269.45300251664,-2.694222958124E-15,3.3));
#9126 = SURFACE_CURVE('',#9127,(#9190,#9256),.PCURVE_S1.);
#9127 = B_SPLINE_CURVE_WITH_KNOTS('',6,(#9128,#9129,#9130,#9131,#9132,
    #9133,#9134,#9135,#9136,#9137,#9138,#9139,#9140,#9141,#9142,#9143,
    #9144,#9145,#9146,#9147,#9148,#9149,#9150,#9151,#9152,#9153,#9154,
    #9155,#9156,#9157,#9158,#9159,#9160,#9161,#9162,#9163,#9164,#9165,
    #9166,#9167,#9168,#9169,#9170,#9171,#9172,#9173,#9174,#9175,#9176,
    #9177,#9178,#9179,#9180,#9181,#9182,#9183,#9184,#9185,#9186,#9187,
    #9188,#9189),.UNSPECIFIED.,.F.,.F.,(7,5,5,5,5,5,5,5,5,5,5,5,7),(0.,
    0.121571135705,0.179203935872,0.225331374532,0.263263608851,
    0.388741909712,0.500003973462,0.609868758797,0.736461314346,
    0.773909914366,0.819558392849,0.878410610051,1.),.UNSPECIFIED.);
#9128 = CARTESIAN_POINT('',(278.95300251664,-5.81707229595E-16,3.3));
#9129 = CARTESIAN_POINT('',(278.95300251664,0.373303635489,3.3));
#9130 = CARTESIAN_POINT('',(278.91779656355,0.743319557081,
    3.315202394146));
#9131 = CARTESIAN_POINT('',(278.84854950503,1.103867694631,
    3.345105313315));
#9132 = CARTESIAN_POINT('',(278.74832885934,1.448999320074,
    3.387693158993));
#9133 = CARTESIAN_POINT('',(278.6220800546,1.773404217392,3.439614907296
    ));
#9134 = CARTESIAN_POINT('',(278.40805321297,2.214707481868,
    3.524288651497));
#9135 = CARTESIAN_POINT('',(278.33462079373,2.351714287077,
    3.552896273496));
#9136 = CARTESIAN_POINT('',(278.25699471682,2.483790992542,
    3.582602614794));
#9137 = CARTESIAN_POINT('',(278.17555024221,2.610944361385,
    3.613145134148));
#9138 = CARTESIAN_POINT('',(278.09063197995,2.733199045596,
    3.644278652272));
#9139 = CARTESIAN_POINT('',(277.93206054554,2.944558440796,
    3.700988728085));
#9140 = CARTESIAN_POINT('',(277.85952961608,3.035426015721,
    3.726438486219));
#9141 = CARTESIAN_POINT('',(277.78510705462,3.123238843148,
    3.752017066398));
#9142 = CARTESIAN_POINT('',(277.70892288735,3.208038228741,
    3.777622406756));
#9143 = CARTESIAN_POINT('',(277.63109206039,3.289867607631,
    3.803160404827));
#9144 = CARTESIAN_POINT('',(277.48643939754,3.43365888187,3.849419505684
    ));
#9145 = CARTESIAN_POINT('',(277.42011937047,3.496566566964,
    3.870189915738));
#9146 = CARTESIAN_POINT('',(277.3528104357,3.557519956327,3.890808006827
    ));
#9147 = CARTESIAN_POINT('',(277.28456434374,3.616542032997,
    3.911228220026));
#9148 = CARTESIAN_POINT('',(277.21542851846,3.673654406422,
    3.931407578352));
#9149 = CARTESIAN_POINT('',(276.91394689804,3.911552457822,
    4.017127826694));
#9150 = CARTESIAN_POINT('',(276.6730382456,4.073667410819,4.079913226779
    ));
#9151 = CARTESIAN_POINT('',(276.42444055188,4.215766491029,
    4.138139376239));
#9152 = CARTESIAN_POINT('',(276.16948700914,4.338320021442,4.19056529012
    ));
#9153 = CARTESIAN_POINT('',(275.90923598767,4.441667931619,
    4.236196554112));
#9154 = CARTESIAN_POINT('',(275.4099151315,4.600708423203,4.307992825146
    ));
#9155 = CARTESIAN_POINT('',(275.17185943661,4.660450010585,
    4.335767519483));
#9156 = CARTESIAN_POINT('',(274.93131937409,4.705226288736,4.35699631235
    ));
#9157 = CARTESIAN_POINT('',(274.68913116872,4.735070852954,
    4.371285530253));
#9158 = CARTESIAN_POINT('',(274.44609446659,4.75,4.378432583508));
#9159 = CARTESIAN_POINT('',(273.96296342337,4.75,4.378432583508));
#9160 = CARTESIAN_POINT('',(273.72297631855,4.735443480277,
    4.371463904673));
#9161 = CARTESIAN_POINT('',(273.4838061816,4.706343206459,4.357531083624
    ));
#9162 = CARTESIAN_POINT('',(273.24622399141,4.662683937543,
    4.336826791723));
#9163 = CARTESIAN_POINT('',(273.01103503108,4.604434266911,
    4.309725654025));
#9164 = CARTESIAN_POINT('',(272.51186653271,4.447586750455,
    4.238813955622));
#9165 = CARTESIAN_POINT('',(272.24905741134,4.344228228451,
    4.193101342147));
#9166 = CARTESIAN_POINT('',(271.99159839733,4.221331078633,
    4.140436260822));
#9167 = CARTESIAN_POINT('',(271.74057353586,4.078550543373,
    4.081834389649));
#9168 = CARTESIAN_POINT('',(271.49734906181,3.915407319115,
    4.018566770379));
#9169 = CARTESIAN_POINT('',(271.19456914081,3.676896929182,
    3.932561591241));
#9170 = CARTESIAN_POINT('',(271.12627206207,3.62060690365,3.91265234945)
  );
#9171 = CARTESIAN_POINT('',(271.05884029263,3.562456451948,
    3.892506630112));
#9172 = CARTESIAN_POINT('',(270.99231933079,3.502424833788,
    3.872165703711));
#9173 = CARTESIAN_POINT('',(270.92675875725,3.440489989429,
    3.851673283003));
#9174 = CARTESIAN_POINT('',(270.78353237727,3.298783760071,3.80596760432
    ));
#9175 = CARTESIAN_POINT('',(270.7063606144,3.218077657791,3.780703681504
    ));
#9176 = CARTESIAN_POINT('',(270.63079328043,3.134466295407,
    3.755366963157));
#9177 = CARTESIAN_POINT('',(270.556941026,3.047907607069,3.730048233368)
  );
#9178 = CARTESIAN_POINT('',(270.48492881856,2.958361398499,
    3.704845851716));
#9179 = CARTESIAN_POINT('',(270.32460618494,2.746440999299,
    3.647660207134));
#9180 = CARTESIAN_POINT('',(270.23758403079,2.622033996935,
    3.615816285433));
#9181 = CARTESIAN_POINT('',(270.15416164292,2.492521914016,
    3.584572312541));
#9182 = CARTESIAN_POINT('',(270.07470379874,2.357876867981,
    3.554188276894));
#9183 = CARTESIAN_POINT('',(269.99960881577,2.218090235163,
    3.524943153035));
#9184 = CARTESIAN_POINT('',(269.78407019739,1.773773369056,
    3.439674508439));
#9185 = CARTESIAN_POINT('',(269.65776646854,1.449312972666,
    3.387731655287));
#9186 = CARTESIAN_POINT('',(269.55749965121,1.104105692706,
    3.345124343855));
#9187 = CARTESIAN_POINT('',(269.48822233023,0.743474317142,
    3.315208385899));
#9188 = CARTESIAN_POINT('',(269.45300251664,0.373377139986,3.3));
#9189 = CARTESIAN_POINT('',(269.45300251664,8.725608443925E-16,3.3));
#9190 = PCURVE('',#2166,#9191);
#9191 = DEFINITIONAL_REPRESENTATION('',(#9192),#9255);
#9192 = B_SPLINE_CURVE_WITH_KNOTS('',6,(#9193,#9194,#9195,#9196,#9197,
    #9198,#9199,#9200,#9201,#9202,#9203,#9204,#9205,#9206,#9207,#9208,
    #9209,#9210,#9211,#9212,#9213,#9214,#9215,#9216,#9217,#9218,#9219,
    #9220,#9221,#9222,#9223,#9224,#9225,#9226,#9227,#9228,#9229,#9230,
    #9231,#9232,#9233,#9234,#9235,#9236,#9237,#9238,#9239,#9240,#9241,
    #9242,#9243,#9244,#9245,#9246,#9247,#9248,#9249,#9250,#9251,#9252,
    #9253,#9254),.UNSPECIFIED.,.F.,.F.,(7,5,5,5,5,5,5,5,5,5,5,5,7),(0.,
    0.121571135705,0.179203935872,0.225331374532,0.263263608851,
    0.388741909712,0.500003973462,0.609868758797,0.736461314346,
    0.773909914366,0.819558392849,0.878410610051,1.),.UNSPECIFIED.);
#9193 = CARTESIAN_POINT('',(0.,5.3));
#9194 = CARTESIAN_POINT('',(7.859023905028E-02,5.3));
#9195 = CARTESIAN_POINT('',(0.156488263398,5.315202394146));
#9196 = CARTESIAN_POINT('',(0.233267233646,5.345105313315));
#9197 = CARTESIAN_POINT('',(0.30846951048,5.387693158993));
#9198 = CARTESIAN_POINT('',(0.381517865737,5.439614907296));
#9199 = CARTESIAN_POINT('',(0.484773686106,5.524288651497));
#9200 = CARTESIAN_POINT('',(0.517472221447,5.552896273496));
#9201 = CARTESIAN_POINT('',(0.549688009509,5.582602614794));
#9202 = CARTESIAN_POINT('',(0.581443795686,5.613145134148));
#9203 = CARTESIAN_POINT('',(0.612760383884,5.644278652272));
#9204 = CARTESIAN_POINT('',(0.668387832319,5.700988728085));
#9205 = CARTESIAN_POINT('',(0.692853885522,5.726438486219));
#9206 = CARTESIAN_POINT('',(0.717071485887,5.752017066398));
#9207 = CARTESIAN_POINT('',(0.741055733736,5.777622406756));
#9208 = CARTESIAN_POINT('',(0.764821711539,5.803160404827));
#9209 = CARTESIAN_POINT('',(0.807760990146,5.849419505684));
#9210 = CARTESIAN_POINT('',(0.826999886125,5.870189915738));
#9211 = CARTESIAN_POINT('',(0.846109402672,5.890808006827));
#9212 = CARTESIAN_POINT('',(0.865097464575,5.911228220026));
#9213 = CARTESIAN_POINT('',(0.883971690592,5.931407578352));
#9214 = CARTESIAN_POINT('',(0.964822197367,6.017127826694));
#9215 = CARTESIAN_POINT('',(1.025779051114,6.079913226779));
#9216 = CARTESIAN_POINT('',(1.085825952434,6.138139376239));
#9217 = CARTESIAN_POINT('',(1.145159513631,6.19056529012));
#9218 = CARTESIAN_POINT('',(1.203967985219,6.236196554112));
#9219 = CARTESIAN_POINT('',(1.31429164813,6.307992825146));
#9220 = CARTESIAN_POINT('',(1.365861897468,6.335767519483));
#9221 = CARTESIAN_POINT('',(1.417225216605,6.35699631235));
#9222 = CARTESIAN_POINT('',(1.468453439836,6.371285530253));
#9223 = CARTESIAN_POINT('',(1.519619074173,6.378432583508));
#9224 = CARTESIAN_POINT('',(1.621330872747,6.378432583508));
#9225 = CARTESIAN_POINT('',(1.671854485728,6.371463904673));
#9226 = CARTESIAN_POINT('',(1.722438352539,6.357531083624));
#9227 = CARTESIAN_POINT('',(1.77315207457,6.336826791723));
#9228 = CARTESIAN_POINT('',(1.82406460691,6.309725654025));
#9229 = CARTESIAN_POINT('',(1.934218432005,6.238813955622));
#9230 = CARTESIAN_POINT('',(1.993524873787,6.193101342147));
#9231 = CARTESIAN_POINT('',(2.053359803447,6.140436260822));
#9232 = CARTESIAN_POINT('',(2.11391561518,6.081834389649));
#9233 = CARTESIAN_POINT('',(2.175393284908,6.018566770379));
#9234 = CARTESIAN_POINT('',(2.256538245763,5.932561591241));
#9235 = CARTESIAN_POINT('',(2.275166266929,5.91265234945));
#9236 = CARTESIAN_POINT('',(2.293904928917,5.892506630112));
#9237 = CARTESIAN_POINT('',(2.312761551226,5.872165703711));
#9238 = CARTESIAN_POINT('',(2.331743745882,5.851673283003));
#9239 = CARTESIAN_POINT('',(2.374160724327,5.80596760432));
#9240 = CARTESIAN_POINT('',(2.39766011303,5.780703681504));
#9241 = CARTESIAN_POINT('',(2.421372124908,5.755366963157));
#9242 = CARTESIAN_POINT('',(2.445311343568,5.730048233368));
#9243 = CARTESIAN_POINT('',(2.469492394863,5.704845851716));
#9244 = CARTESIAN_POINT('',(2.525436016047,5.647660207134));
#9245 = CARTESIAN_POINT('',(2.557376351659,5.615816285433));
#9246 = CARTESIAN_POINT('',(2.589772917113,5.584572312541));
#9247 = CARTESIAN_POINT('',(2.622647999982,5.554188276894));
#9248 = CARTESIAN_POINT('',(2.65602596649,5.524943153035));
#9249 = CARTESIAN_POINT('',(2.759991520879,5.439674508439));
#9250 = CARTESIAN_POINT('',(2.833054893814,5.387731655287));
#9251 = CARTESIAN_POINT('',(2.908274801235,5.345124343855));
#9252 = CARTESIAN_POINT('',(2.98507180811,5.315208385899));
#9253 = CARTESIAN_POINT('',(3.062986939909,5.3));
#9254 = CARTESIAN_POINT('',(3.14159265359,5.3));
#9255 = ( GEOMETRIC_REPRESENTATION_CONTEXT(2) 
PARAMETRIC_REPRESENTATION_CONTEXT() REPRESENTATION_CONTEXT('2D SPACE',''
  ) );
#9256 = PCURVE('',#2433,#9257);
#9257 = DEFINITIONAL_REPRESENTATION('',(#9258),#9321);
#9258 = B_SPLINE_CURVE_WITH_KNOTS('',6,(#9259,#9260,#9261,#9262,#9263,
    #9264,#9265,#9266,#9267,#9268,#9269,#9270,#9271,#9272,#9273,#9274,
    #9275,#9276,#9277,#9278,#9279,#9280,#9281,#9282,#9283,#9284,#9285,
    #9286,#9287,#9288,#9289,#9290,#9291,#9292,#9293,#9294,#9295,#9296,
    #9297,#9298,#9299,#9300,#9301,#9302,#9303,#9304,#9305,#9306,#9307,
    #9308,#9309,#9310,#9311,#9312,#9313,#9314,#9315,#9316,#9317,#9318,
    #9319,#9320),.UNSPECIFIED.,.F.,.F.,(7,5,5,5,5,5,5,5,5,5,5,5,7),(0.,
    0.121571135705,0.179203935872,0.225331374532,0.263263608851,
    0.388741909712,0.500003973462,0.609868758797,0.736461314346,
    0.773909914366,0.819558392849,0.878410610051,1.),.UNSPECIFIED.);
#9259 = CARTESIAN_POINT('',(0.,194.95300251664));
#9260 = CARTESIAN_POINT('',(3.393669413535E-02,194.95300251664));
#9261 = CARTESIAN_POINT('',(6.757455472558E-02,194.91779656355));
#9262 = CARTESIAN_POINT('',(0.100421761051,194.84854950503));
#9263 = CARTESIAN_POINT('',(0.132002939064,194.74832885934));
#9264 = CARTESIAN_POINT('',(0.161855463259,194.6220800546));
#9265 = CARTESIAN_POINT('',(0.202705745655,194.40805321297));
#9266 = CARTESIAN_POINT('',(0.215427845203,194.33462079373));
#9267 = CARTESIAN_POINT('',(0.227732686319,194.25699471682));
#9268 = CARTESIAN_POINT('',(0.239619164853,194.17555024221));
#9269 = CARTESIAN_POINT('',(0.251087016488,194.09063197995));
#9270 = CARTESIAN_POINT('',(0.270981121815,193.93206054554));
#9271 = CARTESIAN_POINT('',(0.279559188817,193.85952961608));
#9272 = CARTESIAN_POINT('',(0.287873288758,193.78510705462));
#9273 = CARTESIAN_POINT('',(0.295925545271,193.70892288735));
#9274 = CARTESIAN_POINT('',(0.303718157078,193.63109206039));
#9275 = CARTESIAN_POINT('',(0.31744989475,193.48643939754));
#9276 = CARTESIAN_POINT('',(0.323472260865,193.42011937047));
#9277 = CARTESIAN_POINT('',(0.32932167927,193.3528104357));
#9278 = CARTESIAN_POINT('',(0.334999187575,193.28456434374));
#9279 = CARTESIAN_POINT('',(0.340505678072,193.21542851846));
#9280 = CARTESIAN_POINT('',(0.363493897088,192.91394689804));
#9281 = CARTESIAN_POINT('',(0.379293931527,192.6730382456));
#9282 = CARTESIAN_POINT('',(0.393251255116,192.42444055188));
#9283 = CARTESIAN_POINT('',(0.405367926172,192.16948700914));
#9284 = CARTESIAN_POINT('',(0.415637834255,191.90923598767));
#9285 = CARTESIAN_POINT('',(0.431501036254,191.4099151315));
#9286 = CARTESIAN_POINT('',(0.437490000196,191.17185943661));
#9287 = CARTESIAN_POINT('',(0.44199477708,190.93131937409));
#9288 = CARTESIAN_POINT('',(0.445002940951,190.68913116872));
#9289 = CARTESIAN_POINT('',(0.44650761705,190.44609446659));
#9290 = CARTESIAN_POINT('',(0.44650761705,189.96296342337));
#9291 = CARTESIAN_POINT('',(0.445040495459,189.72297631855));
#9292 = CARTESIAN_POINT('',(0.442107356961,189.4838061816));
#9293 = CARTESIAN_POINT('',(0.437714754977,189.24622399141));
#9294 = CARTESIAN_POINT('',(0.431874567136,189.01103503108));
#9295 = CARTESIAN_POINT('',(0.416226154128,188.51186653271));
#9296 = CARTESIAN_POINT('',(0.405952372143,188.24905741134));
#9297 = CARTESIAN_POINT('',(0.393798419391,187.99159839733));
#9298 = CARTESIAN_POINT('',(0.3797708674,187.74057353586));
#9299 = CARTESIAN_POINT('',(0.363867934172,187.49734906181));
#9300 = CARTESIAN_POINT('',(0.34081856263,187.19456914081));
#9301 = CARTESIAN_POINT('',(0.335390736857,187.12627206207));
#9302 = CARTESIAN_POINT('',(0.329796262258,187.05884029263));
#9303 = CARTESIAN_POINT('',(0.324034285629,186.99231933079));
#9304 = CARTESIAN_POINT('',(0.318103814712,186.92675875725));
#9305 = CARTESIAN_POINT('',(0.304567922877,186.78353237727));
#9306 = CARTESIAN_POINT('',(0.296880199143,186.7063606144));
#9307 = CARTESIAN_POINT('',(0.288938366853,186.63079328043));
#9308 = CARTESIAN_POINT('',(0.280740304199,186.556941026));
#9309 = CARTESIAN_POINT('',(0.2722839477,186.48492881856));
#9310 = CARTESIAN_POINT('',(0.252329360095,186.32460618494));
#9311 = CARTESIAN_POINT('',(0.240655996093,186.23758403079));
#9312 = CARTESIAN_POINT('',(0.228546215483,186.15416164292));
#9313 = CARTESIAN_POINT('',(0.216000184053,186.07470379874));
#9314 = CARTESIAN_POINT('',(0.203018971529,185.99960881577));
#9315 = CARTESIAN_POINT('',(0.161889442286,185.78407019739));
#9316 = CARTESIAN_POINT('',(0.132031632989,185.65776646854));
#9317 = CARTESIAN_POINT('',(0.100443439393,185.55749965121));
#9318 = CARTESIAN_POINT('',(6.758862338702E-02,185.48822233023));
#9319 = CARTESIAN_POINT('',(3.394337636234E-02,185.45300251664));
#9320 = CARTESIAN_POINT('',(0.,185.45300251664));
#9321 = ( GEOMETRIC_REPRESENTATION_CONTEXT(2) 
PARAMETRIC_REPRESENTATION_CONTEXT() REPRESENTATION_CONTEXT('2D SPACE',''
  ) );
#9322 = ORIENTED_EDGE('',*,*,#9323,.F.);
#9323 = EDGE_CURVE('',#2150,#9122,#9324,.T.);
#9324 = SEAM_CURVE('',#9325,(#9329,#9336),.PCURVE_S1.);
#9325 = LINE('',#9326,#9327);
#9326 = CARTESIAN_POINT('',(278.95300251664,-1.16341445919E-15,-2.));
#9327 = VECTOR('',#9328,1.);
#9328 = DIRECTION('',(0.,0.,1.));
#9329 = PCURVE('',#2166,#9330);
#9330 = DEFINITIONAL_REPRESENTATION('',(#9331),#9335);
#9331 = LINE('',#9332,#9333);
#9332 = CARTESIAN_POINT('',(6.28318530718,-0.));
#9333 = VECTOR('',#9334,1.);
#9334 = DIRECTION('',(0.,1.));
#9335 = ( GEOMETRIC_REPRESENTATION_CONTEXT(2) 
PARAMETRIC_REPRESENTATION_CONTEXT() REPRESENTATION_CONTEXT('2D SPACE',''
  ) );
#9336 = PCURVE('',#2166,#9337);
#9337 = DEFINITIONAL_REPRESENTATION('',(#9338),#9342);
#9338 = LINE('',#9339,#9340);
#9339 = CARTESIAN_POINT('',(0.,-0.));
#9340 = VECTOR('',#9341,1.);
#9341 = DIRECTION('',(0.,1.));
#9342 = ( GEOMETRIC_REPRESENTATION_CONTEXT(2) 
PARAMETRIC_REPRESENTATION_CONTEXT() REPRESENTATION_CONTEXT('2D SPACE',''
  ) );
#9343 = ORIENTED_EDGE('',*,*,#2149,.T.);
#9344 = ORIENTED_EDGE('',*,*,#9323,.T.);
#9345 = ORIENTED_EDGE('',*,*,#9346,.F.);
#9346 = EDGE_CURVE('',#9124,#9122,#9347,.T.);
#9347 = SURFACE_CURVE('',#9348,(#9411,#9477),.PCURVE_S1.);
#9348 = B_SPLINE_CURVE_WITH_KNOTS('',6,(#9349,#9350,#9351,#9352,#9353,
    #9354,#9355,#9356,#9357,#9358,#9359,#9360,#9361,#9362,#9363,#9364,
    #9365,#9366,#9367,#9368,#9369,#9370,#9371,#9372,#9373,#9374,#9375,
    #9376,#9377,#9378,#9379,#9380,#9381,#9382,#9383,#9384,#9385,#9386,
    #9387,#9388,#9389,#9390,#9391,#9392,#9393,#9394,#9395,#9396,#9397,
    #9398,#9399,#9400,#9401,#9402,#9403,#9404,#9405,#9406,#9407,#9408,
    #9409,#9410),.UNSPECIFIED.,.F.,.F.,(7,5,5,5,5,5,5,5,5,5,5,5,7),(0.,
    0.121571134322,0.179203933833,0.225331371969,0.263263605856,
    0.388741914164,0.500003977103,0.609868761636,0.736461316263,
    0.773909916009,0.819558394159,0.878410610932,1.),.UNSPECIFIED.);
#9349 = CARTESIAN_POINT('',(269.45300251664,-8.881784197001E-16,3.3));
#9350 = CARTESIAN_POINT('',(269.45300251664,-0.373303635489,3.3));
#9351 = CARTESIAN_POINT('',(269.48820846972,-0.743319557081,
    3.315202394146));
#9352 = CARTESIAN_POINT('',(269.55745552824,-1.103867694632,
    3.345105313315));
#9353 = CARTESIAN_POINT('',(269.65767617393,-1.448999320074,
    3.387693158993));
#9354 = CARTESIAN_POINT('',(269.78392497867,-1.773404217392,
    3.439614907296));
#9355 = CARTESIAN_POINT('',(269.99795182031,-2.214707481868,
    3.524288651497));
#9356 = CARTESIAN_POINT('',(270.07138423954,-2.351714287077,
    3.552896273496));
#9357 = CARTESIAN_POINT('',(270.14901031646,-2.483790992542,
    3.582602614794));
#9358 = CARTESIAN_POINT('',(270.23045479106,-2.610944361385,
    3.613145134148));
#9359 = CARTESIAN_POINT('',(270.31537305332,-2.733199045596,
    3.644278652272));
#9360 = CARTESIAN_POINT('',(270.47394448773,-2.944558440796,
    3.700988728085));
#9361 = CARTESIAN_POINT('',(270.54647541719,-3.035426015721,
    3.726438486219));
#9362 = CARTESIAN_POINT('',(270.62089797865,-3.123238843148,
    3.752017066398));
#9363 = CARTESIAN_POINT('',(270.69708214592,-3.208038228741,
    3.777622406756));
#9364 = CARTESIAN_POINT('',(270.77491297289,-3.289867607631,
    3.803160404827));
#9365 = CARTESIAN_POINT('',(270.91956563573,-3.43365888187,
    3.849419505684));
#9366 = CARTESIAN_POINT('',(270.98588566281,-3.496566566964,
    3.870189915738));
#9367 = CARTESIAN_POINT('',(271.05319459758,-3.557519956327,
    3.890808006827));
#9368 = CARTESIAN_POINT('',(271.12144068954,-3.616542032997,
    3.911228220026));
#9369 = CARTESIAN_POINT('',(271.19057651482,-3.673654406422,
    3.931407578352));
#9370 = CARTESIAN_POINT('',(271.4920581516,-3.91155247074,4.017127831349
    ));
#9371 = CARTESIAN_POINT('',(271.7329667604,-4.073667395283,
    4.079913220759));
#9372 = CARTESIAN_POINT('',(271.98156448194,-4.215766487626,
    4.138139375248));
#9373 = CARTESIAN_POINT('',(272.23651805164,-4.338320035361,
    4.190565295666));
#9374 = CARTESIAN_POINT('',(272.49676902797,-4.441667926002,
    4.236196551576));
#9375 = CARTESIAN_POINT('',(272.99608990177,-4.600708423203,
    4.307992825146));
#9376 = CARTESIAN_POINT('',(273.23414559666,-4.660450010585,
    4.335767519483));
#9377 = CARTESIAN_POINT('',(273.47468565918,-4.705226288736,
    4.35699631235));
#9378 = CARTESIAN_POINT('',(273.71687386456,-4.735070852954,
    4.371285530253));
#9379 = CARTESIAN_POINT('',(273.95991056668,-4.75,4.378432583508));
#9380 = CARTESIAN_POINT('',(274.44304160991,-4.75,4.378432583508));
#9381 = CARTESIAN_POINT('',(274.68302871473,-4.735443480277,
    4.371463904673));
#9382 = CARTESIAN_POINT('',(274.92219885168,-4.706343206459,
    4.357531083624));
#9383 = CARTESIAN_POINT('',(275.15978104187,-4.662683937543,
    4.336826791723));
#9384 = CARTESIAN_POINT('',(275.39497000219,-4.604434266911,
    4.309725654025));
#9385 = CARTESIAN_POINT('',(275.89413850057,-4.447586750455,
    4.238813955622));
#9386 = CARTESIAN_POINT('',(276.15694762194,-4.344228228451,
    4.193101342148));
#9387 = CARTESIAN_POINT('',(276.41440663594,-4.221331078633,
    4.140436260822));
#9388 = CARTESIAN_POINT('',(276.66543149742,-4.078550543373,
    4.081834389649));
#9389 = CARTESIAN_POINT('',(276.90865597146,-3.915407319115,
    4.018566770379));
#9390 = CARTESIAN_POINT('',(277.21143589246,-3.676896929182,
    3.932561591241));
#9391 = CARTESIAN_POINT('',(277.27973297121,-3.62060690365,3.91265234945
    ));
#9392 = CARTESIAN_POINT('',(277.34716474064,-3.562456451948,
    3.892506630112));
#9393 = CARTESIAN_POINT('',(277.41368570248,-3.502424833788,
    3.872165703711));
#9394 = CARTESIAN_POINT('',(277.47924627603,-3.440489989429,
    3.851673283003));
#9395 = CARTESIAN_POINT('',(277.62247265601,-3.298783760071,
    3.80596760432));
#9396 = CARTESIAN_POINT('',(277.69964441887,-3.218077657791,
    3.780703681504));
#9397 = CARTESIAN_POINT('',(277.77521175285,-3.134466295407,
    3.755366963157));
#9398 = CARTESIAN_POINT('',(277.84906400727,-3.047907607069,
    3.730048233368));
#9399 = CARTESIAN_POINT('',(277.92107621472,-2.958361398499,
    3.704845851716));
#9400 = CARTESIAN_POINT('',(278.08139884834,-2.746440999298,
    3.647660207134));
#9401 = CARTESIAN_POINT('',(278.16842100248,-2.622033996935,
    3.615816285434));
#9402 = CARTESIAN_POINT('',(278.25184339035,-2.492521914017,
    3.584572312541));
#9403 = CARTESIAN_POINT('',(278.33130123454,-2.357876867981,
    3.554188276894));
#9404 = CARTESIAN_POINT('',(278.40639621751,-2.218090235162,
    3.524943153035));
#9405 = CARTESIAN_POINT('',(278.62193483589,-1.773773369047,
    3.439674508437));
#9406 = CARTESIAN_POINT('',(278.74823856473,-1.449312972668,
    3.387731655288));
#9407 = CARTESIAN_POINT('',(278.84850538207,-1.104105692716,
    3.345124343856));
#9408 = CARTESIAN_POINT('',(278.91778270305,-0.743474317144,
    3.315208385898));
#9409 = CARTESIAN_POINT('',(278.95300251664,-0.373377139976,3.3));
#9410 = CARTESIAN_POINT('',(278.95300251664,-1.7763568394E-15,3.3));
#9411 = PCURVE('',#2166,#9412);
#9412 = DEFINITIONAL_REPRESENTATION('',(#9413),#9476);
#9413 = B_SPLINE_CURVE_WITH_KNOTS('',6,(#9414,#9415,#9416,#9417,#9418,
    #9419,#9420,#9421,#9422,#9423,#9424,#9425,#9426,#9427,#9428,#9429,
    #9430,#9431,#9432,#9433,#9434,#9435,#9436,#9437,#9438,#9439,#9440,
    #9441,#9442,#9443,#9444,#9445,#9446,#9447,#9448,#9449,#9450,#9451,
    #9452,#9453,#9454,#9455,#9456,#9457,#9458,#9459,#9460,#9461,#9462,
    #9463,#9464,#9465,#9466,#9467,#9468,#9469,#9470,#9471,#9472,#9473,
    #9474,#9475),.UNSPECIFIED.,.F.,.F.,(7,5,5,5,5,5,5,5,5,5,5,5,7),(0.,
    0.121571134322,0.179203933833,0.225331371969,0.263263605856,
    0.388741914164,0.500003977103,0.609868761636,0.736461316263,
    0.773909916009,0.819558394159,0.878410610932,1.),.UNSPECIFIED.);
#9414 = CARTESIAN_POINT('',(3.14159265359,5.3));
#9415 = CARTESIAN_POINT('',(3.22018289264,5.3));
#9416 = CARTESIAN_POINT('',(3.298080916988,5.315202394146));
#9417 = CARTESIAN_POINT('',(3.374859887236,5.345105313315));
#9418 = CARTESIAN_POINT('',(3.45006216407,5.387693158993));
#9419 = CARTESIAN_POINT('',(3.523110519327,5.439614907296));
#9420 = CARTESIAN_POINT('',(3.626366339696,5.524288651497));
#9421 = CARTESIAN_POINT('',(3.659064875037,5.552896273496));
#9422 = CARTESIAN_POINT('',(3.691280663099,5.582602614794));
#9423 = CARTESIAN_POINT('',(3.723036449275,5.613145134148));
#9424 = CARTESIAN_POINT('',(3.754353037473,5.644278652272));
#9425 = CARTESIAN_POINT('',(3.809980485909,5.700988728085));
#9426 = CARTESIAN_POINT('',(3.834446539112,5.726438486219));
#9427 = CARTESIAN_POINT('',(3.858664139476,5.752017066398));
#9428 = CARTESIAN_POINT('',(3.882648387326,5.777622406756));
#9429 = CARTESIAN_POINT('',(3.906414365129,5.803160404827));
#9430 = CARTESIAN_POINT('',(3.949353643735,5.849419505684));
#9431 = CARTESIAN_POINT('',(3.968592539715,5.870189915738));
#9432 = CARTESIAN_POINT('',(3.987702056262,5.890808006827));
#9433 = CARTESIAN_POINT('',(4.006690118165,5.911228220026));
#9434 = CARTESIAN_POINT('',(4.025564344182,5.931407578352));
#9435 = CARTESIAN_POINT('',(4.106414855347,6.017127831349));
#9436 = CARTESIAN_POINT('',(4.167371698008,6.079913220759));
#9437 = CARTESIAN_POINT('',(4.227418605786,6.138139375248));
#9438 = CARTESIAN_POINT('',(4.286752173797,6.190565295666));
#9439 = CARTESIAN_POINT('',(4.345560634912,6.236196551576));
#9440 = CARTESIAN_POINT('',(4.45588430172,6.307992825146));
#9441 = CARTESIAN_POINT('',(4.507454551058,6.335767519483));
#9442 = CARTESIAN_POINT('',(4.558817870195,6.35699631235));
#9443 = CARTESIAN_POINT('',(4.610046093426,6.371285530253));
#9444 = CARTESIAN_POINT('',(4.661211727763,6.378432583508));
#9445 = CARTESIAN_POINT('',(4.762923526337,6.378432583508));
#9446 = CARTESIAN_POINT('',(4.813447139318,6.371463904673));
#9447 = CARTESIAN_POINT('',(4.864031006129,6.357531083624));
#9448 = CARTESIAN_POINT('',(4.914744728159,6.336826791723));
#9449 = CARTESIAN_POINT('',(4.9656572605,6.309725654025));
#9450 = CARTESIAN_POINT('',(5.075811085595,6.238813955622));
#9451 = CARTESIAN_POINT('',(5.135117527377,6.193101342148));
#9452 = CARTESIAN_POINT('',(5.194952457037,6.140436260822));
#9453 = CARTESIAN_POINT('',(5.25550826877,6.081834389649));
#9454 = CARTESIAN_POINT('',(5.316985938497,6.018566770379));
#9455 = CARTESIAN_POINT('',(5.398130899353,5.932561591241));
#9456 = CARTESIAN_POINT('',(5.416758920519,5.91265234945));
#9457 = CARTESIAN_POINT('',(5.435497582506,5.892506630112));
#9458 = CARTESIAN_POINT('',(5.454354204816,5.872165703711));
#9459 = CARTESIAN_POINT('',(5.473336399472,5.851673283003));
#9460 = CARTESIAN_POINT('',(5.515753377917,5.80596760432));
#9461 = CARTESIAN_POINT('',(5.53925276662,5.780703681504));
#9462 = CARTESIAN_POINT('',(5.562964778498,5.755366963157));
#9463 = CARTESIAN_POINT('',(5.586903997158,5.730048233368));
#9464 = CARTESIAN_POINT('',(5.611085048453,5.704845851716));
#9465 = CARTESIAN_POINT('',(5.667028669637,5.647660207134));
#9466 = CARTESIAN_POINT('',(5.698969005248,5.615816285434));
#9467 = CARTESIAN_POINT('',(5.731365570703,5.584572312541));
#9468 = CARTESIAN_POINT('',(5.764240653572,5.554188276894));
#9469 = CARTESIAN_POINT('',(5.79761862008,5.524943153035));
#9470 = CARTESIAN_POINT('',(5.901584174471,5.439674508437));
#9471 = CARTESIAN_POINT('',(5.974647547403,5.387731655288));
#9472 = CARTESIAN_POINT('',(6.049867454823,5.345124343856));
#9473 = CARTESIAN_POINT('',(6.126664461699,5.315208385898));
#9474 = CARTESIAN_POINT('',(6.2045795935,5.3));
#9475 = CARTESIAN_POINT('',(6.28318530718,5.3));
#9476 = ( GEOMETRIC_REPRESENTATION_CONTEXT(2) 
PARAMETRIC_REPRESENTATION_CONTEXT() REPRESENTATION_CONTEXT('2D SPACE',''
  ) );
#9477 = PCURVE('',#2433,#9478);
#9478 = DEFINITIONAL_REPRESENTATION('',(#9479),#9542);
#9479 = B_SPLINE_CURVE_WITH_KNOTS('',6,(#9480,#9481,#9482,#9483,#9484,
    #9485,#9486,#9487,#9488,#9489,#9490,#9491,#9492,#9493,#9494,#9495,
    #9496,#9497,#9498,#9499,#9500,#9501,#9502,#9503,#9504,#9505,#9506,
    #9507,#9508,#9509,#9510,#9511,#9512,#9513,#9514,#9515,#9516,#9517,
    #9518,#9519,#9520,#9521,#9522,#9523,#9524,#9525,#9526,#9527,#9528,
    #9529,#9530,#9531,#9532,#9533,#9534,#9535,#9536,#9537,#9538,#9539,
    #9540,#9541),.UNSPECIFIED.,.F.,.F.,(7,5,5,5,5,5,5,5,5,5,5,5,7),(0.,
    0.121571134322,0.179203933833,0.225331371969,0.263263605856,
    0.388741914164,0.500003977103,0.609868761636,0.736461316263,
    0.773909916009,0.819558394159,0.878410610932,1.),.UNSPECIFIED.);
#9480 = CARTESIAN_POINT('',(6.28318530718,185.45300251664));
#9481 = CARTESIAN_POINT('',(6.249248613044,185.45300251664));
#9482 = CARTESIAN_POINT('',(6.215610752454,185.48820846972));
#9483 = CARTESIAN_POINT('',(6.182763546128,185.55745552824));
#9484 = CARTESIAN_POINT('',(6.151182368116,185.65767617393));
#9485 = CARTESIAN_POINT('',(6.121329843921,185.78392497867));
#9486 = CARTESIAN_POINT('',(6.080479561524,185.99795182031));
#9487 = CARTESIAN_POINT('',(6.067757461976,186.07138423954));
#9488 = CARTESIAN_POINT('',(6.05545262086,186.14901031646));
#9489 = CARTESIAN_POINT('',(6.043566142327,186.23045479106));
#9490 = CARTESIAN_POINT('',(6.032098290692,186.31537305332));
#9491 = CARTESIAN_POINT('',(6.012204185365,186.47394448773));
#9492 = CARTESIAN_POINT('',(6.003626118363,186.54647541719));
#9493 = CARTESIAN_POINT('',(5.995312018422,186.62089797865));
#9494 = CARTESIAN_POINT('',(5.987259761909,186.69708214592));
#9495 = CARTESIAN_POINT('',(5.979467150102,186.77491297289));
#9496 = CARTESIAN_POINT('',(5.965735412429,186.91956563573));
#9497 = CARTESIAN_POINT('',(5.959713046314,186.98588566281));
#9498 = CARTESIAN_POINT('',(5.95386362791,187.05319459758));
#9499 = CARTESIAN_POINT('',(5.948186119604,187.12144068954));
#9500 = CARTESIAN_POINT('',(5.942679629107,187.19057651482));
#9501 = CARTESIAN_POINT('',(5.919691408843,187.4920581516));
#9502 = CARTESIAN_POINT('',(5.903891377168,187.7329667604));
#9503 = CARTESIAN_POINT('',(5.889934052384,187.98156448194));
#9504 = CARTESIAN_POINT('',(5.877817379645,188.23651805164));
#9505 = CARTESIAN_POINT('',(5.867547473485,188.49676902797));
#9506 = CARTESIAN_POINT('',(5.851684270926,188.99608990177));
#9507 = CARTESIAN_POINT('',(5.845695306984,189.23414559666));
#9508 = CARTESIAN_POINT('',(5.8411905301,189.47468565918));
#9509 = CARTESIAN_POINT('',(5.838182366229,189.71687386456));
#9510 = CARTESIAN_POINT('',(5.83667769013,189.95991056668));
#9511 = CARTESIAN_POINT('',(5.83667769013,190.44304160991));
#9512 = CARTESIAN_POINT('',(5.838144811721,190.68302871473));
#9513 = CARTESIAN_POINT('',(5.841077950218,190.92219885168));
#9514 = CARTESIAN_POINT('',(5.845470552202,191.15978104187));
#9515 = CARTESIAN_POINT('',(5.851310740044,191.39497000219));
#9516 = CARTESIAN_POINT('',(5.866959153051,191.89413850057));
#9517 = CARTESIAN_POINT('',(5.877232935036,192.15694762194));
#9518 = CARTESIAN_POINT('',(5.889386887789,192.41440663594));
#9519 = CARTESIAN_POINT('',(5.90341443978,192.66543149741));
#9520 = CARTESIAN_POINT('',(5.919317373008,192.90865597146));
#9521 = CARTESIAN_POINT('',(5.942366744549,193.21143589246));
#9522 = CARTESIAN_POINT('',(5.947794570322,193.27973297121));
#9523 = CARTESIAN_POINT('',(5.953389044921,193.34716474064));
#9524 = CARTESIAN_POINT('',(5.95915102155,193.41368570248));
#9525 = CARTESIAN_POINT('',(5.965081492467,193.47924627603));
#9526 = CARTESIAN_POINT('',(5.978617384303,193.62247265601));
#9527 = CARTESIAN_POINT('',(5.986305108037,193.69964441887));
#9528 = CARTESIAN_POINT('',(5.994246940326,193.77521175285));
#9529 = CARTESIAN_POINT('',(6.002445002981,193.84906400727));
#9530 = CARTESIAN_POINT('',(6.01090135948,193.92107621472));
#9531 = CARTESIAN_POINT('',(6.030855947085,194.08139884834));
#9532 = CARTESIAN_POINT('',(6.042529311086,194.16842100248));
#9533 = CARTESIAN_POINT('',(6.054639091697,194.25184339035));
#9534 = CARTESIAN_POINT('',(6.067185123126,194.33130123454));
#9535 = CARTESIAN_POINT('',(6.080166335651,194.40639621751));
#9536 = CARTESIAN_POINT('',(6.121295864894,194.62193483589));
#9537 = CARTESIAN_POINT('',(6.15115367419,194.74823856473));
#9538 = CARTESIAN_POINT('',(6.182741867785,194.84850538207));
#9539 = CARTESIAN_POINT('',(6.215596683792,194.91778270305));
#9540 = CARTESIAN_POINT('',(6.249241930818,194.95300251664));
#9541 = CARTESIAN_POINT('',(6.28318530718,194.95300251664));
#9542 = ( GEOMETRIC_REPRESENTATION_CONTEXT(2) 
PARAMETRIC_REPRESENTATION_CONTEXT() REPRESENTATION_CONTEXT('2D SPACE',''
  ) );
#9543 = ADVANCED_FACE('',(#9544),#2197,.F.);
#9544 = FACE_BOUND('',#9545,.F.);
#9545 = EDGE_LOOP('',(#9546,#9577,#9598,#9599,#9600,#9624,#9650,#9865,
    #10080));
#9546 = ORIENTED_EDGE('',*,*,#9547,.F.);
#9547 = EDGE_CURVE('',#9548,#9550,#9552,.T.);
#9548 = VERTEX_POINT('',#9549);
#9549 = CARTESIAN_POINT('',(322.65,-9.184850993605E-16,3.3));
#9550 = VERTEX_POINT('',#9551);
#9551 = CARTESIAN_POINT('',(320.44427083333,3.417269025599,3.3));
#9552 = SURFACE_CURVE('',#9553,(#9558,#9565),.PCURVE_S1.);
#9553 = CIRCLE('',#9554,3.75);
#9554 = AXIS2_PLACEMENT_3D('',#9555,#9556,#9557);
#9555 = CARTESIAN_POINT('',(318.9,0.,3.3));
#9556 = DIRECTION('',(0.,0.,1.));
#9557 = DIRECTION('',(1.,0.,-0.));
#9558 = PCURVE('',#2197,#9559);
#9559 = DEFINITIONAL_REPRESENTATION('',(#9560),#9564);
#9560 = LINE('',#9561,#9562);
#9561 = CARTESIAN_POINT('',(0.,5.3));
#9562 = VECTOR('',#9563,1.);
#9563 = DIRECTION('',(1.,0.));
#9564 = ( GEOMETRIC_REPRESENTATION_CONTEXT(2) 
PARAMETRIC_REPRESENTATION_CONTEXT() REPRESENTATION_CONTEXT('2D SPACE',''
  ) );
#9565 = PCURVE('',#9566,#9571);
#9566 = PLANE('',#9567);
#9567 = AXIS2_PLACEMENT_3D('',#9568,#9569,#9570);
#9568 = CARTESIAN_POINT('',(330.9,0.,3.3));
#9569 = DIRECTION('',(0.,0.,1.));
#9570 = DIRECTION('',(1.,0.,-0.));
#9571 = DEFINITIONAL_REPRESENTATION('',(#9572),#9576);
#9572 = CIRCLE('',#9573,3.75);
#9573 = AXIS2_PLACEMENT_2D('',#9574,#9575);
#9574 = CARTESIAN_POINT('',(-12.,0.));
#9575 = DIRECTION('',(1.,0.));
#9576 = ( GEOMETRIC_REPRESENTATION_CONTEXT(2) 
PARAMETRIC_REPRESENTATION_CONTEXT() REPRESENTATION_CONTEXT('2D SPACE',''
  ) );
#9577 = ORIENTED_EDGE('',*,*,#9578,.F.);
#9578 = EDGE_CURVE('',#2181,#9548,#9579,.T.);
#9579 = SEAM_CURVE('',#9580,(#9584,#9591),.PCURVE_S1.);
#9580 = LINE('',#9581,#9582);
#9581 = CARTESIAN_POINT('',(322.65,-9.184850993605E-16,-2.));
#9582 = VECTOR('',#9583,1.);
#9583 = DIRECTION('',(0.,0.,1.));
#9584 = PCURVE('',#2197,#9585);
#9585 = DEFINITIONAL_REPRESENTATION('',(#9586),#9590);
#9586 = LINE('',#9587,#9588);
#9587 = CARTESIAN_POINT('',(6.28318530718,-0.));
#9588 = VECTOR('',#9589,1.);
#9589 = DIRECTION('',(0.,1.));
#9590 = ( GEOMETRIC_REPRESENTATION_CONTEXT(2) 
PARAMETRIC_REPRESENTATION_CONTEXT() REPRESENTATION_CONTEXT('2D SPACE',''
  ) );
#9591 = PCURVE('',#2197,#9592);
#9592 = DEFINITIONAL_REPRESENTATION('',(#9593),#9597);
#9593 = LINE('',#9594,#9595);
#9594 = CARTESIAN_POINT('',(0.,-0.));
#9595 = VECTOR('',#9596,1.);
#9596 = DIRECTION('',(0.,1.));
#9597 = ( GEOMETRIC_REPRESENTATION_CONTEXT(2) 
PARAMETRIC_REPRESENTATION_CONTEXT() REPRESENTATION_CONTEXT('2D SPACE',''
  ) );
#9598 = ORIENTED_EDGE('',*,*,#2180,.T.);
#9599 = ORIENTED_EDGE('',*,*,#9578,.T.);
#9600 = ORIENTED_EDGE('',*,*,#9601,.F.);
#9601 = EDGE_CURVE('',#9602,#9548,#9604,.T.);
#9602 = VERTEX_POINT('',#9603);
#9603 = CARTESIAN_POINT('',(320.44427083333,-3.417269025599,3.3));
#9604 = SURFACE_CURVE('',#9605,(#9610,#9617),.PCURVE_S1.);
#9605 = CIRCLE('',#9606,3.75);
#9606 = AXIS2_PLACEMENT_3D('',#9607,#9608,#9609);
#9607 = CARTESIAN_POINT('',(318.9,0.,3.3));
#9608 = DIRECTION('',(0.,0.,1.));
#9609 = DIRECTION('',(1.,0.,-0.));
#9610 = PCURVE('',#2197,#9611);
#9611 = DEFINITIONAL_REPRESENTATION('',(#9612),#9616);
#9612 = LINE('',#9613,#9614);
#9613 = CARTESIAN_POINT('',(0.,5.3));
#9614 = VECTOR('',#9615,1.);
#9615 = DIRECTION('',(1.,0.));
#9616 = ( GEOMETRIC_REPRESENTATION_CONTEXT(2) 
PARAMETRIC_REPRESENTATION_CONTEXT() REPRESENTATION_CONTEXT('2D SPACE',''
  ) );
#9617 = PCURVE('',#9566,#9618);
#9618 = DEFINITIONAL_REPRESENTATION('',(#9619),#9623);
#9619 = CIRCLE('',#9620,3.75);
#9620 = AXIS2_PLACEMENT_2D('',#9621,#9622);
#9621 = CARTESIAN_POINT('',(-12.,0.));
#9622 = DIRECTION('',(1.,0.));
#9623 = ( GEOMETRIC_REPRESENTATION_CONTEXT(2) 
PARAMETRIC_REPRESENTATION_CONTEXT() REPRESENTATION_CONTEXT('2D SPACE',''
  ) );
#9624 = ORIENTED_EDGE('',*,*,#9625,.T.);
#9625 = EDGE_CURVE('',#9602,#9626,#9628,.T.);
#9626 = VERTEX_POINT('',#9627);
#9627 = CARTESIAN_POINT('',(320.44427083333,-3.417269025599,
    3.844270833333));
#9628 = SURFACE_CURVE('',#9629,(#9633,#9639),.PCURVE_S1.);
#9629 = LINE('',#9630,#9631);
#9630 = CARTESIAN_POINT('',(320.44427083333,-3.417269025599,3.3));
#9631 = VECTOR('',#9632,1.);
#9632 = DIRECTION('',(0.,0.,1.));
#9633 = PCURVE('',#2197,#9634);
#9634 = DEFINITIONAL_REPRESENTATION('',(#9635),#9638);
#9635 = B_SPLINE_CURVE_WITH_KNOTS('',1,(#9636,#9637),.UNSPECIFIED.,.F.,
  .F.,(2,2),(-6.000000265516E-07,4.7000006),.PIECEWISE_BEZIER_KNOTS.);
#9636 = CARTESIAN_POINT('',(5.136823515628,5.2999994));
#9637 = CARTESIAN_POINT('',(5.136823515628,10.0000006));
#9638 = ( GEOMETRIC_REPRESENTATION_CONTEXT(2) 
PARAMETRIC_REPRESENTATION_CONTEXT() REPRESENTATION_CONTEXT('2D SPACE',''
  ) );
#9639 = PCURVE('',#9640,#9645);
#9640 = CYLINDRICAL_SURFACE('',#9641,11.);
#9641 = AXIS2_PLACEMENT_3D('',#9642,#9643,#9644);
#9642 = CARTESIAN_POINT('',(330.9,0.,3.3));
#9643 = DIRECTION('',(0.,0.,1.));
#9644 = DIRECTION('',(1.,0.,-0.));
#9645 = DEFINITIONAL_REPRESENTATION('',(#9646),#9649);
#9646 = B_SPLINE_CURVE_WITH_KNOTS('',1,(#9647,#9648),.UNSPECIFIED.,.F.,
  .F.,(2,2),(-6.000000265516E-07,4.7000006),.PIECEWISE_BEZIER_KNOTS.);
#9647 = CARTESIAN_POINT('',(3.457480826505,-6.000000265516E-07));
#9648 = CARTESIAN_POINT('',(3.457480826505,4.7000006));
#9649 = ( GEOMETRIC_REPRESENTATION_CONTEXT(2) 
PARAMETRIC_REPRESENTATION_CONTEXT() REPRESENTATION_CONTEXT('2D SPACE',''
  ) );
#9650 = ORIENTED_EDGE('',*,*,#9651,.F.);
#9651 = EDGE_CURVE('',#9652,#9626,#9654,.T.);
#9652 = VERTEX_POINT('',#9653);
#9653 = CARTESIAN_POINT('',(315.15,-2.694222958124E-15,3.3));
#9654 = SURFACE_CURVE('',#9655,(#9723,#9794),.PCURVE_S1.);
#9655 = B_SPLINE_CURVE_WITH_KNOTS('',6,(#9656,#9657,#9658,#9659,#9660,
    #9661,#9662,#9663,#9664,#9665,#9666,#9667,#9668,#9669,#9670,#9671,
    #9672,#9673,#9674,#9675,#9676,#9677,#9678,#9679,#9680,#9681,#9682,
    #9683,#9684,#9685,#9686,#9687,#9688,#9689,#9690,#9691,#9692,#9693,
    #9694,#9695,#9696,#9697,#9698,#9699,#9700,#9701,#9702,#9703,#9704,
    #9705,#9706,#9707,#9708,#9709,#9710,#9711,#9712,#9713,#9714,#9715,
    #9716,#9717,#9718,#9719,#9720,#9721,#9722),.UNSPECIFIED.,.F.,.F.,(7,
    5,5,5,5,5,5,5,5,5,5,5,5,7),(0.,8.369118075376E-02,0.204414694776,
    0.261160089497,0.308918333688,0.350297390599,0.384646034634,
    0.500064097282,0.648251161087,0.689338772755,0.738693811215,
    0.794622483051,0.864444478041,1.),.UNSPECIFIED.);
#9656 = CARTESIAN_POINT('',(315.15,-4.440892098501E-16,3.3));
#9657 = CARTESIAN_POINT('',(315.15,-0.200039733062,3.3));
#9658 = CARTESIAN_POINT('',(315.16280511716,-0.399698298638,
    3.304365357058));
#9659 = CARTESIAN_POINT('',(315.18832364767,-0.597154139825,
    3.313064967633));
#9660 = CARTESIAN_POINT('',(315.22601564241,-0.790606855034,
    3.325815430369));
#9661 = CARTESIAN_POINT('',(315.27490030582,-0.97834526624,
    3.342090760127));
#9662 = CARTESIAN_POINT('',(315.4181223193,-1.419137299286,
    3.388786583714));
#9663 = CARTESIAN_POINT('',(315.52297370619,-1.664251825246,
    3.422270831947));
#9664 = CARTESIAN_POINT('',(315.64494251151,-1.893175117615,
    3.45999555554));
#9665 = CARTESIAN_POINT('',(315.78119093924,-2.10536381906,
    3.500304369542));
#9666 = CARTESIAN_POINT('',(315.9291092889,-2.300614095349,
    3.541715011591));
#9667 = CARTESIAN_POINT('',(316.16013650791,-2.562837287964,
    3.602370765317));
#9668 = CARTESIAN_POINT('',(316.2361452594,-2.643065186031,3.62175783981
    ));
#9669 = CARTESIAN_POINT('',(316.3141055165,-2.719727162016,
    3.641021937205));
#9670 = CARTESIAN_POINT('',(316.39385023976,-2.792875379588,
    3.66005840372));
#9671 = CARTESIAN_POINT('',(316.47523192905,-2.862562403555,
    3.67877292714));
#9672 = CARTESIAN_POINT('',(316.62788519469,-2.984622712088,
    3.712489608835));
#9673 = CARTESIAN_POINT('',(316.69871541173,-3.037989225931,
    3.727609990562));
#9674 = CARTESIAN_POINT('',(316.77053623868,-3.088971136871,
    3.742391773403));
#9675 = CARTESIAN_POINT('',(316.84327638442,-3.137596609416,
    3.756788415818));
#9676 = CARTESIAN_POINT('',(316.91687021287,-3.183891433478,
    3.770757265599));
#9677 = CARTESIAN_POINT('',(317.05570914583,-3.265991083521,
    3.795958319181));
#9678 = CARTESIAN_POINT('',(317.12075587592,-3.302370964655,
    3.807306725506));
#9679 = CARTESIAN_POINT('',(317.18635858636,-3.337033723074,
    3.818279462105));
#9680 = CARTESIAN_POINT('',(317.25247969909,-3.369992928353,
    3.828853079063));
#9681 = CARTESIAN_POINT('',(317.31908340478,-3.401260664352,
    3.839005993297));
#9682 = CARTESIAN_POINT('',(317.44179556222,-3.455407506289,
    3.856780804804));
#9683 = CARTESIAN_POINT('',(317.49776440003,-3.478809258202,
    3.864539626031));
#9684 = CARTESIAN_POINT('',(317.554022602,-3.501058836209,3.871983651871
    ));
#9685 = CARTESIAN_POINT('',(317.61055106022,-3.522161670898,
    3.879102425346));
#9686 = CARTESIAN_POINT('',(317.66733113311,-3.542122572193,
    3.88588633287));
#9687 = CARTESIAN_POINT('',(317.91592103302,-3.624195164455,
    3.913967157066));
#9688 = CARTESIAN_POINT('',(318.11016375214,-3.674608796769,
    3.931731200466));
#9689 = CARTESIAN_POINT('',(318.30634099977,-3.712325265031,
    3.945279064177));
#9690 = CARTESIAN_POINT('',(318.50378957753,-3.737439907097,
    3.954386327655));
#9691 = CARTESIAN_POINT('',(318.70188306615,-3.75,3.958941060027));
#9692 = CARTESIAN_POINT('',(319.1543654437,-3.75,3.958941060027));
#9693 = CARTESIAN_POINT('',(319.4086506832,-3.729295484327,
    3.951432677181));
#9694 = CARTESIAN_POINT('',(319.66157249053,-3.68791079363,3.93642600678
    ));
#9695 = CARTESIAN_POINT('',(319.91183248656,-3.625709189439,
    3.914220661844));
#9696 = CARTESIAN_POINT('',(320.15799833884,-3.542415069158,
    3.885420682555));
#9697 = CARTESIAN_POINT('',(320.46503660809,-3.408584291154,
    3.841391655973));
#9698 = CARTESIAN_POINT('',(320.53125138403,-3.377877389242,
    3.83139682245));
#9699 = CARTESIAN_POINT('',(320.5969961138,-3.345505267127,
    3.820984036294));
#9700 = CARTESIAN_POINT('',(320.66223594854,-3.311456277736,
    3.810174194867));
#9701 = CARTESIAN_POINT('',(320.72693436394,-3.275717335125,
    3.798990001715));
#9702 = CARTESIAN_POINT('',(320.86807359357,-3.193296331442,
    3.773601115316));
#9703 = CARTESIAN_POINT('',(320.94425693094,-3.145859545638,
    3.759241637592));
#9704 = CARTESIAN_POINT('',(321.01953761227,-3.095938075632,
    3.744419818407));
#9705 = CARTESIAN_POINT('',(321.09384371445,-3.04350371137,
    3.729182353023));
#9706 = CARTESIAN_POINT('',(321.16709695134,-2.988525514187,
    3.71358034696));
#9707 = CARTESIAN_POINT('',(321.32093354152,-2.86574823433,
    3.679639083273));
#9708 = CARTESIAN_POINT('',(321.40119154366,-2.797218427199,
    3.661212638226));
#9709 = CARTESIAN_POINT('',(321.47986485815,-2.72532945446,
    3.642470285772));
#9710 = CARTESIAN_POINT('',(321.55681302712,-2.650030945006,
    3.623502120813));
#9711 = CARTESIAN_POINT('',(321.63187695684,-2.571273097569,
    3.604408028241));
#9712 = CARTESIAN_POINT('',(321.79601540253,-2.386304342974,
    3.561440108808));
#9713 = CARTESIAN_POINT('',(321.88396198312,-2.278107261787,3.5375511898
    ));
#9714 = CARTESIAN_POINT('',(321.96833594347,-2.164350905854,
    3.51385313736));
#9715 = CARTESIAN_POINT('',(322.04870974369,-2.044993695607,
    3.490595979616));
#9716 = CARTESIAN_POINT('',(322.12460997363,-1.920018395533,
    3.468054408111));
#9717 = CARTESIAN_POINT('',(322.3331770099,-1.535910203475,
    3.404725746534));
#9718 = CARTESIAN_POINT('',(322.45356076526,-1.258395418569,
    3.366271358972));
#9719 = CARTESIAN_POINT('',(322.54955245346,-0.960670167151,
    3.334245328171));
#9720 = CARTESIAN_POINT('',(322.61609377165,-0.647768663303,
    3.311558428039));
#9721 = CARTESIAN_POINT('',(322.65,-0.325508734161,3.3));
#9722 = CARTESIAN_POINT('',(322.65,-1.7763568394E-15,3.3));
#9723 = PCURVE('',#2197,#9724);
#9724 = DEFINITIONAL_REPRESENTATION('',(#9725),#9793);
#9725 = B_SPLINE_CURVE_WITH_KNOTS('',6,(#9726,#9727,#9728,#9729,#9730,
    #9731,#9732,#9733,#9734,#9735,#9736,#9737,#9738,#9739,#9740,#9741,
    #9742,#9743,#9744,#9745,#9746,#9747,#9748,#9749,#9750,#9751,#9752,
    #9753,#9754,#9755,#9756,#9757,#9758,#9759,#9760,#9761,#9762,#9763,
    #9764,#9765,#9766,#9767,#9768,#9769,#9770,#9771,#9772,#9773,#9774,
    #9775,#9776,#9777,#9778,#9779,#9780,#9781,#9782,#9783,#9784,#9785,
    #9786,#9787,#9788,#9789,#9790,#9791,#9792),.UNSPECIFIED.,.F.,.F.,(7,
    5,5,5,5,5,5,5,5,5,5,5,5,7),(0.,8.369118075376E-02,0.204414694776,
    0.261160089497,0.308918333688,0.350297390599,0.384646034634,
    0.500064097282,0.648251161087,0.689338772755,0.738693811215,
    0.794622483051,0.864444478041,1.),.UNSPECIFIED.);
#9726 = CARTESIAN_POINT('',(3.14159265359,5.3));
#9727 = CARTESIAN_POINT('',(3.194936582406,5.3));
#9728 = CARTESIAN_POINT('',(3.248178860119,5.304365357058));
#9729 = CARTESIAN_POINT('',(3.301107015141,5.313064967633));
#9730 = CARTESIAN_POINT('',(3.353508778354,5.325815430369));
#9731 = CARTESIAN_POINT('',(3.405150379973,5.342090760127));
#9732 = CARTESIAN_POINT('',(3.528744025704,5.388786583714));
#9733 = CARTESIAN_POINT('',(3.599549058186,5.422270831947));
#9734 = CARTESIAN_POINT('',(3.668357902431,5.45999555554));
#9735 = CARTESIAN_POINT('',(3.735290972108,5.500304369542));
#9736 = CARTESIAN_POINT('',(3.80043384634,5.541715011591));
#9737 = CARTESIAN_POINT('',(3.893627867578,5.602370765317));
#9738 = CARTESIAN_POINT('',(3.923079609247,5.62175783981));
#9739 = CARTESIAN_POINT('',(3.952209479547,5.641021937205));
#9740 = CARTESIAN_POINT('',(3.98104061178,5.66005840372));
#9741 = CARTESIAN_POINT('',(4.009595450642,5.67877292714));
#9742 = CARTESIAN_POINT('',(4.061716157334,5.712489608835));
#9743 = CARTESIAN_POINT('',(4.085355579741,5.727609990562));
#9744 = CARTESIAN_POINT('',(4.108828369199,5.742391773403));
#9745 = CARTESIAN_POINT('',(4.132147028664,5.756788415818));
#9746 = CARTESIAN_POINT('',(4.15532341594,5.770757265599));
#9747 = CARTESIAN_POINT('',(4.198335849776,5.795958319181));
#9748 = CARTESIAN_POINT('',(4.218204520771,5.807306725506));
#9749 = CARTESIAN_POINT('',(4.237982012374,5.818279462105));
#9750 = CARTESIAN_POINT('',(4.257675224935,5.828853079063));
#9751 = CARTESIAN_POINT('',(4.277290703451,5.839005993297));
#9752 = CARTESIAN_POINT('',(4.313058004792,5.856780804804));
#9753 = CARTESIAN_POINT('',(4.329232066834,5.864539626031));
#9754 = CARTESIAN_POINT('',(4.345360359366,5.871983651871));
#9755 = CARTESIAN_POINT('',(4.361446276082,5.879102425346));
#9756 = CARTESIAN_POINT('',(4.377493068692,5.88588633287));
#9757 = CARTESIAN_POINT('',(4.447303146914,5.913967157066));
#9758 = CARTESIAN_POINT('',(4.500704562779,5.931731200466));
#9759 = CARTESIAN_POINT('',(4.553814451719,5.945279064177));
#9760 = CARTESIAN_POINT('',(4.606732895668,5.954386327655));
#9761 = CARTESIAN_POINT('',(4.659557798025,5.958941060027));
#9762 = CARTESIAN_POINT('',(4.780219765373,5.958941060027));
#9763 = CARTESIAN_POINT('',(4.848028990155,5.951432677181));
#9764 = CARTESIAN_POINT('',(4.916036960289,5.93642600678));
#9765 = CARTESIAN_POINT('',(4.98445643348,5.914220661844));
#9766 = CARTESIAN_POINT('',(5.053508083973,5.885420682555));
#9767 = CARTESIAN_POINT('',(5.142824769357,5.841391655973));
#9768 = CARTESIAN_POINT('',(5.162283147885,5.83139682245));
#9769 = CARTESIAN_POINT('',(5.18181712095,5.820984036294));
#9770 = CARTESIAN_POINT('',(5.201433050296,5.810174194867));
#9771 = CARTESIAN_POINT('',(5.221137640979,5.798990001715));
#9772 = CARTESIAN_POINT('',(5.264722351032,5.773601115316));
#9773 = CARTESIAN_POINT('',(5.288644787701,5.759241637592));
#9774 = CARTESIAN_POINT('',(5.312717533169,5.744419818407));
#9775 = CARTESIAN_POINT('',(5.336953606011,5.729182353023));
#9776 = CARTESIAN_POINT('',(5.361366761595,5.71358034696));
#9777 = CARTESIAN_POINT('',(5.413853344468,5.679639083273));
#9778 = CARTESIAN_POINT('',(5.441980826697,5.661212638226));
#9779 = CARTESIAN_POINT('',(5.470375372701,5.642470285772));
#9780 = CARTESIAN_POINT('',(5.499058958013,5.623502120813));
#9781 = CARTESIAN_POINT('',(5.528054099763,5.604408028241));
#9782 = CARTESIAN_POINT('',(5.593999461406,5.561440108808));
#9783 = CARTESIAN_POINT('',(5.631146406681,5.5375511898));
#9784 = CARTESIAN_POINT('',(5.668858325373,5.51385313736));
#9785 = CARTESIAN_POINT('',(5.707168788015,5.490595979616));
#9786 = CARTESIAN_POINT('',(5.746114703606,5.468054408111));
#9787 = CARTESIAN_POINT('',(5.862669487848,5.404725746534));
#9788 = CARTESIAN_POINT('',(5.943023068046,5.366271358972));
#9789 = CARTESIAN_POINT('',(6.025828924283,5.334245328171));
#9790 = CARTESIAN_POINT('',(6.110447087806,5.311558428039));
#9791 = CARTESIAN_POINT('',(6.19638297807,5.3));
#9792 = CARTESIAN_POINT('',(6.28318530718,5.3));
#9793 = ( GEOMETRIC_REPRESENTATION_CONTEXT(2) 
PARAMETRIC_REPRESENTATION_CONTEXT() REPRESENTATION_CONTEXT('2D SPACE',''
  ) );
#9794 = PCURVE('',#2433,#9795);
#9795 = DEFINITIONAL_REPRESENTATION('',(#9796),#9864);
#9796 = B_SPLINE_CURVE_WITH_KNOTS('',6,(#9797,#9798,#9799,#9800,#9801,
    #9802,#9803,#9804,#9805,#9806,#9807,#9808,#9809,#9810,#9811,#9812,
    #9813,#9814,#9815,#9816,#9817,#9818,#9819,#9820,#9821,#9822,#9823,
    #9824,#9825,#9826,#9827,#9828,#9829,#9830,#9831,#9832,#9833,#9834,
    #9835,#9836,#9837,#9838,#9839,#9840,#9841,#9842,#9843,#9844,#9845,
    #9846,#9847,#9848,#9849,#9850,#9851,#9852,#9853,#9854,#9855,#9856,
    #9857,#9858,#9859,#9860,#9861,#9862,#9863),.UNSPECIFIED.,.F.,.F.,(7,
    5,5,5,5,5,5,5,5,5,5,5,5,7),(0.,8.369118075376E-02,0.204414694776,
    0.261160089497,0.308918333688,0.350297390599,0.384646034634,
    0.500064097282,0.648251161087,0.689338772755,0.738693811215,
    0.794622483051,0.864444478041,1.),.UNSPECIFIED.);
#9797 = CARTESIAN_POINT('',(6.28318530718,231.15));
#9798 = CARTESIAN_POINT('',(6.264999876901,231.15));
#9799 = CARTESIAN_POINT('',(6.246849094774,231.16280511716));
#9800 = CARTESIAN_POINT('',(6.228887755523,231.18832364767));
#9801 = CARTESIAN_POINT('',(6.211268827128,231.22601564241));
#9802 = CARTESIAN_POINT('',(6.194140796185,231.27490030582));
#9803 = CARTESIAN_POINT('',(6.153844567013,231.4181223193));
#9804 = CARTESIAN_POINT('',(6.131364752096,231.52297370619));
#9805 = CARTESIAN_POINT('',(6.110283756994,231.64494251151));
#9806 = CARTESIAN_POINT('',(6.090655944683,231.78119093924));
#9807 = CARTESIAN_POINT('',(6.072514146435,231.9291092889));
#9808 = CARTESIAN_POINT('',(6.04804623471,232.16013650791));
#9809 = CARTESIAN_POINT('',(6.040543220265,232.2361452594));
#9810 = CARTESIAN_POINT('',(6.033357700367,232.3141055165));
#9811 = CARTESIAN_POINT('',(6.026486685896,232.39385023976));
#9812 = CARTESIAN_POINT('',(6.019927200949,232.47523192905));
#9813 = CARTESIAN_POINT('',(6.00841524757,232.62788519469));
#9814 = CARTESIAN_POINT('',(6.003372878422,232.69871541173));
#9815 = CARTESIAN_POINT('',(5.99854741069,232.77053623868));
#9816 = CARTESIAN_POINT('',(5.993937337926,232.84327638442));
#9817 = CARTESIAN_POINT('',(5.989541348315,232.91687021287));
#9818 = CARTESIAN_POINT('',(5.981734037883,233.05570914583));
#9819 = CARTESIAN_POINT('',(5.978269633724,233.12075587592));
#9820 = CARTESIAN_POINT('',(5.974964399322,233.18635858636));
#9821 = CARTESIAN_POINT('',(5.971817728863,233.25247969909));
#9822 = CARTESIAN_POINT('',(5.968829123596,233.31908340478));
#9823 = CARTESIAN_POINT('',(5.963648242966,233.44179556222));
#9824 = CARTESIAN_POINT('',(5.961406939674,233.49776440003));
#9825 = CARTESIAN_POINT('',(5.959274058054,233.554022602));
#9826 = CARTESIAN_POINT('',(5.957249411755,233.61055106022));
#9827 = CARTESIAN_POINT('',(5.95533285197,233.66733113311));
#9828 = CARTESIAN_POINT('',(5.947447074896,233.91592103302));
#9829 = CARTESIAN_POINT('',(5.942588006408,234.11016375214));
#9830 = CARTESIAN_POINT('',(5.938944803717,234.30634099977));
#9831 = CARTESIAN_POINT('',(5.936516130691,234.50378957753));
#9832 = CARTESIAN_POINT('',(5.935301560042,234.70188306615));
#9833 = CARTESIAN_POINT('',(5.935301560042,235.1543654437));
#9834 = CARTESIAN_POINT('',(5.937303664472,235.4086506832));
#9835 = CARTESIAN_POINT('',(5.941305813779,235.66157249053));
#9836 = CARTESIAN_POINT('',(5.947309757817,235.91183248656));
#9837 = CARTESIAN_POINT('',(5.955320971491,236.15799833884));
#9838 = CARTESIAN_POINT('',(5.968128908184,236.46503660809));
#9839 = CARTESIAN_POINT('',(5.971064584105,236.53125138403));
#9840 = CARTESIAN_POINT('',(5.974155970768,236.5969961138));
#9841 = CARTESIAN_POINT('',(5.97740354381,236.66223594854));
#9842 = CARTESIAN_POINT('',(5.980807881917,236.72693436394));
#9843 = CARTESIAN_POINT('',(5.988648134801,236.86807359357));
#9844 = CARTESIAN_POINT('',(5.993153770837,236.94425693094));
#9845 = CARTESIAN_POINT('',(5.997887780044,237.01953761227));
#9846 = CARTESIAN_POINT('',(6.002851590511,237.09384371445));
#9847 = CARTESIAN_POINT('',(6.008046853303,237.16709695134));
#9848 = CARTESIAN_POINT('',(6.019627069344,237.32093354152));
#9849 = CARTESIAN_POINT('',(6.02607818454,237.40119154366));
#9850 = CARTESIAN_POINT('',(6.032831678719,237.47986485815));
#9851 = CARTESIAN_POINT('',(6.039890435073,237.55681302712));
#9852 = CARTESIAN_POINT('',(6.047257329315,237.63187695684));
#9853 = CARTESIAN_POINT('',(6.064520408505,237.79601540253));
#9854 = CARTESIAN_POINT('',(6.074592798365,237.88396198312));
#9855 = CARTESIAN_POINT('',(6.08515512881,237.96833594347));
#9856 = CARTESIAN_POINT('',(6.096208326884,238.04870974369));
#9857 = CARTESIAN_POINT('',(6.107751740194,238.12460997363));
#9858 = CARTESIAN_POINT('',(6.143142080963,238.3331770099));
#9859 = CARTESIAN_POINT('',(6.168603366433,238.45356076526));
#9860 = CARTESIAN_POINT('',(6.195805176144,238.54955245346));
#9861 = CARTESIAN_POINT('',(6.224297207725,238.61609377165));
#9862 = CARTESIAN_POINT('',(6.253593604074,238.65));
#9863 = CARTESIAN_POINT('',(6.28318530718,238.65));
#9864 = ( GEOMETRIC_REPRESENTATION_CONTEXT(2) 
PARAMETRIC_REPRESENTATION_CONTEXT() REPRESENTATION_CONTEXT('2D SPACE',''
  ) );
#9865 = ORIENTED_EDGE('',*,*,#9866,.F.);
#9866 = EDGE_CURVE('',#9867,#9652,#9869,.T.);
#9867 = VERTEX_POINT('',#9868);
#9868 = CARTESIAN_POINT('',(320.44427083333,3.417269025599,
    3.844270833333));
#9869 = SURFACE_CURVE('',#9870,(#9938,#10009),.PCURVE_S1.);
#9870 = B_SPLINE_CURVE_WITH_KNOTS('',6,(#9871,#9872,#9873,#9874,#9875,
    #9876,#9877,#9878,#9879,#9880,#9881,#9882,#9883,#9884,#9885,#9886,
    #9887,#9888,#9889,#9890,#9891,#9892,#9893,#9894,#9895,#9896,#9897,
    #9898,#9899,#9900,#9901,#9902,#9903,#9904,#9905,#9906,#9907,#9908,
    #9909,#9910,#9911,#9912,#9913,#9914,#9915,#9916,#9917,#9918,#9919,
    #9920,#9921,#9922,#9923,#9924,#9925,#9926,#9927,#9928,#9929,#9930,
    #9931,#9932,#9933,#9934,#9935,#9936,#9937),.UNSPECIFIED.,.F.,.F.,(7,
    5,5,5,5,5,5,5,5,5,5,5,5,7),(0.,8.369118168058E-02,0.204414696929,
    0.261160092185,0.308918336826,0.350297394127,0.384646038486,
    0.500064102222,0.648251157203,0.689338769325,0.73869380833,
    0.794622480784,0.864444476544,1.),.UNSPECIFIED.);
#9871 = CARTESIAN_POINT('',(322.65,-4.592425496803E-16,3.3));
#9872 = CARTESIAN_POINT('',(322.65,0.200039733023,3.3));
#9873 = CARTESIAN_POINT('',(322.63719488284,0.399698298647,
    3.304365357056));
#9874 = CARTESIAN_POINT('',(322.61167635232,0.597154139863,
    3.313064967635));
#9875 = CARTESIAN_POINT('',(322.57398435758,0.790606855044,
    3.325815430371));
#9876 = CARTESIAN_POINT('',(322.52509969418,0.978345266203,
    3.342090760123));
#9877 = CARTESIAN_POINT('',(322.38187768075,1.419137299101,
    3.388786583694));
#9878 = CARTESIAN_POINT('',(322.27702629382,1.664251825283,
    3.422270831941));
#9879 = CARTESIAN_POINT('',(322.1550574884,1.893175117768,3.459995555569
    ));
#9880 = CARTESIAN_POINT('',(322.01880906068,2.105363819097,
    3.500304369556));
#9881 = CARTESIAN_POINT('',(321.87089071121,2.300614095218,
    3.541715011561));
#9882 = CARTESIAN_POINT('',(321.63986349208,2.562837287964,
    3.602370765317));
#9883 = CARTESIAN_POINT('',(321.56385474059,2.643065186031,3.62175783981
    ));
#9884 = CARTESIAN_POINT('',(321.4858944835,2.719727162016,3.641021937205
    ));
#9885 = CARTESIAN_POINT('',(321.40614976023,2.792875379588,3.66005840372
    ));
#9886 = CARTESIAN_POINT('',(321.32476807094,2.862562403555,3.67877292714
    ));
#9887 = CARTESIAN_POINT('',(321.1721148053,2.984622712088,3.712489608835
    ));
#9888 = CARTESIAN_POINT('',(321.10128458826,3.037989225931,
    3.727609990562));
#9889 = CARTESIAN_POINT('',(321.02946376131,3.088971136871,
    3.742391773403));
#9890 = CARTESIAN_POINT('',(320.95672361557,3.137596609416,
    3.756788415818));
#9891 = CARTESIAN_POINT('',(320.88312978713,3.183891433478,
    3.770757265599));
#9892 = CARTESIAN_POINT('',(320.74429085416,3.265991083521,
    3.795958319181));
#9893 = CARTESIAN_POINT('',(320.67924412407,3.302370964655,
    3.807306725506));
#9894 = CARTESIAN_POINT('',(320.61364141363,3.337033723074,
    3.818279462105));
#9895 = CARTESIAN_POINT('',(320.5475203009,3.369992928353,3.828853079063
    ));
#9896 = CARTESIAN_POINT('',(320.48091659521,3.401260664352,
    3.839005993297));
#9897 = CARTESIAN_POINT('',(320.35820443777,3.455407506289,
    3.856780804804));
#9898 = CARTESIAN_POINT('',(320.30223559996,3.478809258202,
    3.864539626031));
#9899 = CARTESIAN_POINT('',(320.24597739799,3.501058836209,
    3.871983651871));
#9900 = CARTESIAN_POINT('',(320.18944893978,3.522161670898,
    3.879102425346));
#9901 = CARTESIAN_POINT('',(320.13266886688,3.542122572193,3.88588633287
    ));
#9902 = CARTESIAN_POINT('',(319.88407896697,3.624195164455,
    3.913967157066));
#9903 = CARTESIAN_POINT('',(319.68983624786,3.674608796769,
    3.931731200466));
#9904 = CARTESIAN_POINT('',(319.49365900022,3.712325265031,
    3.945279064177));
#9905 = CARTESIAN_POINT('',(319.29621042246,3.737439907097,
    3.954386327655));
#9906 = CARTESIAN_POINT('',(319.09811693384,3.75,3.958941060027));
#9907 = CARTESIAN_POINT('',(318.64563457383,3.75,3.958941060027));
#9908 = CARTESIAN_POINT('',(318.39134928892,3.729295479255,3.95143267549
    ));
#9909 = CARTESIAN_POINT('',(318.13842750921,3.687910797063,
    3.936426007911));
#9910 = CARTESIAN_POINT('',(317.88816754119,3.625709196129,
    3.914220664069));
#9911 = CARTESIAN_POINT('',(317.64200164418,3.542415061762,
    3.885420680121));
#9912 = CARTESIAN_POINT('',(317.3349633919,3.408584291154,3.841391655973
    ));
#9913 = CARTESIAN_POINT('',(317.26874861597,3.377877389242,3.83139682245
    ));
#9914 = CARTESIAN_POINT('',(317.20300388619,3.345505267127,
    3.820984036294));
#9915 = CARTESIAN_POINT('',(317.13776405145,3.311456277736,
    3.810174194867));
#9916 = CARTESIAN_POINT('',(317.07306563606,3.275717335125,
    3.798990001715));
#9917 = CARTESIAN_POINT('',(316.93192640642,3.193296331442,
    3.773601115316));
#9918 = CARTESIAN_POINT('',(316.85574306905,3.145859545638,
    3.759241637592));
#9919 = CARTESIAN_POINT('',(316.78046238772,3.095938075632,
    3.744419818407));
#9920 = CARTESIAN_POINT('',(316.70615628554,3.04350371137,3.729182353023
    ));
#9921 = CARTESIAN_POINT('',(316.63290304866,2.988525514187,3.71358034696
    ));
#9922 = CARTESIAN_POINT('',(316.47906645847,2.86574823433,3.679639083273
    ));
#9923 = CARTESIAN_POINT('',(316.39880845633,2.797218427199,
    3.661212638226));
#9924 = CARTESIAN_POINT('',(316.32013514184,2.72532945446,3.642470285772
    ));
#9925 = CARTESIAN_POINT('',(316.24318697287,2.650030945006,
    3.623502120813));
#9926 = CARTESIAN_POINT('',(316.16812304315,2.571273097569,
    3.604408028241));
#9927 = CARTESIAN_POINT('',(316.00398459746,2.386304342974,
    3.561440108808));
#9928 = CARTESIAN_POINT('',(315.91603801687,2.278107261787,3.5375511898)
  );
#9929 = CARTESIAN_POINT('',(315.83166405652,2.164350905854,3.51385313736
    ));
#9930 = CARTESIAN_POINT('',(315.7512902563,2.044993695607,3.490595979616
    ));
#9931 = CARTESIAN_POINT('',(315.67539002636,1.920018395533,
    3.468054408111));
#9932 = CARTESIAN_POINT('',(315.46682299009,1.535910203475,
    3.404725746534));
#9933 = CARTESIAN_POINT('',(315.34643923473,1.258395418569,
    3.366271358972));
#9934 = CARTESIAN_POINT('',(315.25044754653,0.96067016715,3.334245328171
    ));
#9935 = CARTESIAN_POINT('',(315.18390622834,0.647768663303,
    3.311558428039));
#9936 = CARTESIAN_POINT('',(315.15,0.325508734161,3.3));
#9937 = CARTESIAN_POINT('',(315.15,6.888638245204E-16,3.3));
#9938 = PCURVE('',#2197,#9939);
#9939 = DEFINITIONAL_REPRESENTATION('',(#9940),#10008);
#9940 = B_SPLINE_CURVE_WITH_KNOTS('',6,(#9941,#9942,#9943,#9944,#9945,
    #9946,#9947,#9948,#9949,#9950,#9951,#9952,#9953,#9954,#9955,#9956,
    #9957,#9958,#9959,#9960,#9961,#9962,#9963,#9964,#9965,#9966,#9967,
    #9968,#9969,#9970,#9971,#9972,#9973,#9974,#9975,#9976,#9977,#9978,
    #9979,#9980,#9981,#9982,#9983,#9984,#9985,#9986,#9987,#9988,#9989,
    #9990,#9991,#9992,#9993,#9994,#9995,#9996,#9997,#9998,#9999,#10000,
    #10001,#10002,#10003,#10004,#10005,#10006,#10007),.UNSPECIFIED.,.F.,
  .F.,(7,5,5,5,5,5,5,5,5,5,5,5,5,7),(0.,8.369118168058E-02,
    0.204414696929,0.261160092185,0.308918336826,0.350297394127,
    0.384646038486,0.500064102222,0.648251157203,0.689338769325,
    0.73869380833,0.794622480784,0.864444476544,1.),.UNSPECIFIED.);
#9941 = CARTESIAN_POINT('',(0.,5.3));
#9942 = CARTESIAN_POINT('',(5.334392880617E-02,5.3));
#9943 = CARTESIAN_POINT('',(0.106586206532,5.304365357056));
#9944 = CARTESIAN_POINT('',(0.159514361561,5.313064967635));
#9945 = CARTESIAN_POINT('',(0.211916124768,5.325815430371));
#9946 = CARTESIAN_POINT('',(0.263557726373,5.342090760123));
#9947 = CARTESIAN_POINT('',(0.387151372063,5.388786583694));
#9948 = CARTESIAN_POINT('',(0.457956404604,5.422270831941));
#9949 = CARTESIAN_POINT('',(0.526765248885,5.459995555569));
#9950 = CARTESIAN_POINT('',(0.593698318537,5.500304369556));
#9951 = CARTESIAN_POINT('',(0.658841192704,5.541715011561));
#9952 = CARTESIAN_POINT('',(0.752035213988,5.602370765317));
#9953 = CARTESIAN_POINT('',(0.781486955657,5.62175783981));
#9954 = CARTESIAN_POINT('',(0.810616825957,5.641021937205));
#9955 = CARTESIAN_POINT('',(0.83944795819,5.66005840372));
#9956 = CARTESIAN_POINT('',(0.868002797052,5.67877292714));
#9957 = CARTESIAN_POINT('',(0.920123503744,5.712489608835));
#9958 = CARTESIAN_POINT('',(0.943762926152,5.727609990562));
#9959 = CARTESIAN_POINT('',(0.96723571561,5.742391773403));
#9960 = CARTESIAN_POINT('',(0.990554375074,5.756788415818));
#9961 = CARTESIAN_POINT('',(1.01373076235,5.770757265599));
#9962 = CARTESIAN_POINT('',(1.056743196186,5.795958319181));
#9963 = CARTESIAN_POINT('',(1.076611867181,5.807306725506));
#9964 = CARTESIAN_POINT('',(1.096389358784,5.818279462105));
#9965 = CARTESIAN_POINT('',(1.116082571346,5.828853079063));
#9966 = CARTESIAN_POINT('',(1.135698049861,5.839005993297));
#9967 = CARTESIAN_POINT('',(1.171465351202,5.856780804804));
#9968 = CARTESIAN_POINT('',(1.187639413244,5.864539626031));
#9969 = CARTESIAN_POINT('',(1.203767705776,5.871983651871));
#9970 = CARTESIAN_POINT('',(1.219853622492,5.879102425346));
#9971 = CARTESIAN_POINT('',(1.235900415102,5.88588633287));
#9972 = CARTESIAN_POINT('',(1.305710493324,5.913967157066));
#9973 = CARTESIAN_POINT('',(1.359111909189,5.931731200466));
#9974 = CARTESIAN_POINT('',(1.412221798129,5.945279064177));
#9975 = CARTESIAN_POINT('',(1.465140242078,5.954386327655));
#9976 = CARTESIAN_POINT('',(1.517965144435,5.958941060027));
#9977 = CARTESIAN_POINT('',(1.638627107105,5.958941060027));
#9978 = CARTESIAN_POINT('',(1.706436344252,5.95143267549));
#9979 = CARTESIAN_POINT('',(1.774444306576,5.936426007911));
#9980 = CARTESIAN_POINT('',(1.842863772142,5.914220664069));
#9981 = CARTESIAN_POINT('',(1.911915435319,5.885420680121));
#9982 = CARTESIAN_POINT('',(2.001232115767,5.841391655973));
#9983 = CARTESIAN_POINT('',(2.020690494295,5.83139682245));
#9984 = CARTESIAN_POINT('',(2.040224467361,5.820984036294));
#9985 = CARTESIAN_POINT('',(2.059840396706,5.810174194867));
#9986 = CARTESIAN_POINT('',(2.079544987389,5.798990001715));
#9987 = CARTESIAN_POINT('',(2.123129697442,5.773601115316));
#9988 = CARTESIAN_POINT('',(2.147052134111,5.759241637592));
#9989 = CARTESIAN_POINT('',(2.171124879579,5.744419818407));
#9990 = CARTESIAN_POINT('',(2.195360952421,5.729182353023));
#9991 = CARTESIAN_POINT('',(2.219774108005,5.71358034696));
#9992 = CARTESIAN_POINT('',(2.272260690878,5.679639083273));
#9993 = CARTESIAN_POINT('',(2.300388173107,5.661212638226));
#9994 = CARTESIAN_POINT('',(2.328782719112,5.642470285772));
#9995 = CARTESIAN_POINT('',(2.357466304423,5.623502120813));
#9996 = CARTESIAN_POINT('',(2.386461446173,5.604408028241));
#9997 = CARTESIAN_POINT('',(2.452406807816,5.561440108808));
#9998 = CARTESIAN_POINT('',(2.489553753091,5.5375511898));
#9999 = CARTESIAN_POINT('',(2.527265671783,5.51385313736));
#10000 = CARTESIAN_POINT('',(2.565576134425,5.490595979616));
#10001 = CARTESIAN_POINT('',(2.604522050016,5.468054408111));
#10002 = CARTESIAN_POINT('',(2.721076834258,5.404725746534));
#10003 = CARTESIAN_POINT('',(2.801430414456,5.366271358972));
#10004 = CARTESIAN_POINT('',(2.884236270693,5.334245328171));
#10005 = CARTESIAN_POINT('',(2.968854434217,5.311558428039));
#10006 = CARTESIAN_POINT('',(3.05479032448,5.3));
#10007 = CARTESIAN_POINT('',(3.14159265359,5.3));
#10008 = ( GEOMETRIC_REPRESENTATION_CONTEXT(2) 
PARAMETRIC_REPRESENTATION_CONTEXT() REPRESENTATION_CONTEXT('2D SPACE',''
  ) );
#10009 = PCURVE('',#2433,#10010);
#10010 = DEFINITIONAL_REPRESENTATION('',(#10011),#10079);
#10011 = B_SPLINE_CURVE_WITH_KNOTS('',6,(#10012,#10013,#10014,#10015,
    #10016,#10017,#10018,#10019,#10020,#10021,#10022,#10023,#10024,
    #10025,#10026,#10027,#10028,#10029,#10030,#10031,#10032,#10033,
    #10034,#10035,#10036,#10037,#10038,#10039,#10040,#10041,#10042,
    #10043,#10044,#10045,#10046,#10047,#10048,#10049,#10050,#10051,
    #10052,#10053,#10054,#10055,#10056,#10057,#10058,#10059,#10060,
    #10061,#10062,#10063,#10064,#10065,#10066,#10067,#10068,#10069,
    #10070,#10071,#10072,#10073,#10074,#10075,#10076,#10077,#10078),
  .UNSPECIFIED.,.F.,.F.,(7,5,5,5,5,5,5,5,5,5,5,5,5,7),(0.,
    8.369118168058E-02,0.204414696929,0.261160092185,0.308918336826,
    0.350297394127,0.384646038486,0.500064102222,0.648251157203,
    0.689338769325,0.73869380833,0.794622480784,0.864444476544,1.),
  .UNSPECIFIED.);
#10012 = CARTESIAN_POINT('',(0.,238.65));
#10013 = CARTESIAN_POINT('',(1.818543027483E-02,238.65));
#10014 = CARTESIAN_POINT('',(3.633621240604E-02,238.63719488284));
#10015 = CARTESIAN_POINT('',(5.429755165982E-02,238.61167635232));
#10016 = CARTESIAN_POINT('',(7.191648005265E-02,238.57398435758));
#10017 = CARTESIAN_POINT('',(8.904451099164E-02,238.52509969418));
#10018 = CARTESIAN_POINT('',(0.129340740149,238.38187768075));
#10019 = CARTESIAN_POINT('',(0.151820555087,238.27702629382));
#10020 = CARTESIAN_POINT('',(0.172901550199,238.1550574884));
#10021 = CARTESIAN_POINT('',(0.1925293625,238.01880906068));
#10022 = CARTESIAN_POINT('',(0.210671160732,237.87089071121));
#10023 = CARTESIAN_POINT('',(0.235139072469,237.63986349208));
#10024 = CARTESIAN_POINT('',(0.242642086915,237.56385474059));
#10025 = CARTESIAN_POINT('',(0.249827606813,237.4858944835));
#10026 = CARTESIAN_POINT('',(0.256698621283,237.40614976023));
#10027 = CARTESIAN_POINT('',(0.26325810623,237.32476807094));
#10028 = CARTESIAN_POINT('',(0.27477005961,237.1721148053));
#10029 = CARTESIAN_POINT('',(0.279812428757,237.10128458826));
#10030 = CARTESIAN_POINT('',(0.28463789649,237.02946376131));
#10031 = CARTESIAN_POINT('',(0.289247969253,236.95672361557));
#10032 = CARTESIAN_POINT('',(0.293643958865,236.88312978713));
#10033 = CARTESIAN_POINT('',(0.301451269297,236.74429085416));
#10034 = CARTESIAN_POINT('',(0.304915673456,236.67924412407));
#10035 = CARTESIAN_POINT('',(0.308220907858,236.61364141363));
#10036 = CARTESIAN_POINT('',(0.311367578316,236.5475203009));
#10037 = CARTESIAN_POINT('',(0.314356183584,236.48091659521));
#10038 = CARTESIAN_POINT('',(0.319537064213,236.35820443777));
#10039 = CARTESIAN_POINT('',(0.321778367506,236.30223559996));
#10040 = CARTESIAN_POINT('',(0.323911249126,236.24597739799));
#10041 = CARTESIAN_POINT('',(0.325935895424,236.18944893978));
#10042 = CARTESIAN_POINT('',(0.327852455209,236.13266886688));
#10043 = CARTESIAN_POINT('',(0.335738232284,235.88407896697));
#10044 = CARTESIAN_POINT('',(0.340597300772,235.68983624786));
#10045 = CARTESIAN_POINT('',(0.344240503463,235.49365900022));
#10046 = CARTESIAN_POINT('',(0.346669176489,235.29621042246));
#10047 = CARTESIAN_POINT('',(0.347883747138,235.09811693384));
#10048 = CARTESIAN_POINT('',(0.347883747138,234.64563457383));
#10049 = CARTESIAN_POINT('',(0.345881642222,234.39134928892));
#10050 = CARTESIAN_POINT('',(0.341879493729,234.13842750921));
#10051 = CARTESIAN_POINT('',(0.335875550004,233.88816754119));
#10052 = CARTESIAN_POINT('',(0.327864334981,233.64200164418));
#10053 = CARTESIAN_POINT('',(0.315056398995,233.3349633919));
#10054 = CARTESIAN_POINT('',(0.312120723074,233.26874861597));
#10055 = CARTESIAN_POINT('',(0.309029336412,233.20300388619));
#10056 = CARTESIAN_POINT('',(0.30578176337,233.13776405145));
#10057 = CARTESIAN_POINT('',(0.302377425263,233.07306563606));
#10058 = CARTESIAN_POINT('',(0.294537172378,232.93192640642));
#10059 = CARTESIAN_POINT('',(0.290031536342,232.85574306905));
#10060 = CARTESIAN_POINT('',(0.285297527136,232.78046238772));
#10061 = CARTESIAN_POINT('',(0.280333716669,232.70615628554));
#10062 = CARTESIAN_POINT('',(0.275138453877,232.63290304866));
#10063 = CARTESIAN_POINT('',(0.263558237836,232.47906645847));
#10064 = CARTESIAN_POINT('',(0.257107122639,232.39880845633));
#10065 = CARTESIAN_POINT('',(0.25035362846,232.32013514184));
#10066 = CARTESIAN_POINT('',(0.243294872107,232.24318697287));
#10067 = CARTESIAN_POINT('',(0.235927977864,232.16812304315));
#10068 = CARTESIAN_POINT('',(0.218664898675,232.00398459746));
#10069 = CARTESIAN_POINT('',(0.208592508814,231.91603801687));
#10070 = CARTESIAN_POINT('',(0.19803017837,231.83166405652));
#10071 = CARTESIAN_POINT('',(0.186976980296,231.7512902563));
#10072 = CARTESIAN_POINT('',(0.175433566985,231.67539002636));
#10073 = CARTESIAN_POINT('',(0.140043226217,231.46682299009));
#10074 = CARTESIAN_POINT('',(0.114581940747,231.34643923473));
#10075 = CARTESIAN_POINT('',(8.738013103566E-02,231.25044754653));
#10076 = CARTESIAN_POINT('',(5.888809945461E-02,231.18390622834));
#10077 = CARTESIAN_POINT('',(2.959170310554E-02,231.15));
#10078 = CARTESIAN_POINT('',(0.,231.15));
#10079 = ( GEOMETRIC_REPRESENTATION_CONTEXT(2) 
PARAMETRIC_REPRESENTATION_CONTEXT() REPRESENTATION_CONTEXT('2D SPACE',''
  ) );
#10080 = ORIENTED_EDGE('',*,*,#10081,.F.);
#10081 = EDGE_CURVE('',#9550,#9867,#10082,.T.);
#10082 = SURFACE_CURVE('',#10083,(#10087,#10093),.PCURVE_S1.);
#10083 = LINE('',#10084,#10085);
#10084 = CARTESIAN_POINT('',(320.44427083333,3.417269025599,3.3));
#10085 = VECTOR('',#10086,1.);
#10086 = DIRECTION('',(0.,0.,1.));
#10087 = PCURVE('',#2197,#10088);
#10088 = DEFINITIONAL_REPRESENTATION('',(#10089),#10092);
#10089 = B_SPLINE_CURVE_WITH_KNOTS('',1,(#10090,#10091),.UNSPECIFIED.,
  .F.,.F.,(2,2),(-6.000000278839E-07,4.7000006),
  .PIECEWISE_BEZIER_KNOTS.);
#10090 = CARTESIAN_POINT('',(1.146361791552,5.2999994));
#10091 = CARTESIAN_POINT('',(1.146361791552,10.0000006));
#10092 = ( GEOMETRIC_REPRESENTATION_CONTEXT(2) 
PARAMETRIC_REPRESENTATION_CONTEXT() REPRESENTATION_CONTEXT('2D SPACE',''
  ) );
#10093 = PCURVE('',#10094,#10099);
#10094 = CYLINDRICAL_SURFACE('',#10095,11.);
#10095 = AXIS2_PLACEMENT_3D('',#10096,#10097,#10098);
#10096 = CARTESIAN_POINT('',(330.9,0.,3.3));
#10097 = DIRECTION('',(0.,0.,1.));
#10098 = DIRECTION('',(1.,0.,-0.));
#10099 = DEFINITIONAL_REPRESENTATION('',(#10100),#10103);
#10100 = B_SPLINE_CURVE_WITH_KNOTS('',1,(#10101,#10102),.UNSPECIFIED.,
  .F.,.F.,(2,2),(-6.000000278839E-07,4.7000006),
  .PIECEWISE_BEZIER_KNOTS.);
#10101 = CARTESIAN_POINT('',(2.825704480674,-6.000000278839E-07));
#10102 = CARTESIAN_POINT('',(2.825704480674,4.7000006));
#10103 = ( GEOMETRIC_REPRESENTATION_CONTEXT(2) 
PARAMETRIC_REPRESENTATION_CONTEXT() REPRESENTATION_CONTEXT('2D SPACE',''
  ) );
#10104 = ADVANCED_FACE('',(#10105),#2433,.F.);
#10105 = FACE_BOUND('',#10106,.F.);
#10106 = EDGE_LOOP('',(#10107,#10149,#10426,#10447,#10448,#10469,#10470,
    #10491,#10492,#10513,#10514,#10535,#10536,#10557,#10558,#10594,
    #10649,#10683,#10684,#10685,#10686,#10687,#10688,#10689,#10690,
    #10691,#10692,#10693,#10694,#10695,#10951,#10986,#11015,#11042,
    #11545,#11572));
#10107 = ORIENTED_EDGE('',*,*,#10108,.F.);
#10108 = EDGE_CURVE('',#10109,#10111,#10113,.T.);
#10109 = VERTEX_POINT('',#10110);
#10110 = CARTESIAN_POINT('',(95.803136198248,-10.16833183149,
    10.104165429544));
#10111 = VERTEX_POINT('',#10112);
#10112 = CARTESIAN_POINT('',(84.,-7.945373618893,21.907301627792));
#10113 = SURFACE_CURVE('',#10114,(#10119,#10137),.PCURVE_S1.);
#10114 = ELLIPSE('',#10115,15.556349186104,11.);
#10115 = AXIS2_PLACEMENT_3D('',#10116,#10117,#10118);
#10116 = CARTESIAN_POINT('',(91.607301627792,0.,14.3));
#10117 = DIRECTION('',(-0.707106781187,0.,-0.707106781187));
#10118 = DIRECTION('',(0.707106781187,0.,-0.707106781187));
#10119 = PCURVE('',#2433,#10120);
#10120 = DEFINITIONAL_REPRESENTATION('',(#10121),#10136);
#10121 = B_SPLINE_CURVE_WITH_KNOTS('',7,(#10122,#10123,#10124,#10125,
    #10126,#10127,#10128,#10129,#10130,#10131,#10132,#10133,#10134,
    #10135),.UNSPECIFIED.,.F.,.F.,(8,6,8),(0.,1.167230382025,
    2.334460764049),.UNSPECIFIED.);
#10122 = CARTESIAN_POINT('',(6.28318530718,18.607301627792));
#10123 = CARTESIAN_POINT('',(6.116438109747,18.607301627792));
#10124 = CARTESIAN_POINT('',(5.949690912315,18.250474353549));
#10125 = CARTESIAN_POINT('',(5.782943714883,17.536829813465));
#10126 = CARTESIAN_POINT('',(5.616196517451,16.490635621882));
#10127 = CARTESIAN_POINT('',(5.449449320019,15.160618048298));
#10128 = CARTESIAN_POINT('',(5.282702122587,13.613874980183));
#10129 = CARTESIAN_POINT('',(4.949207727723,10.240135140955));
#10130 = CARTESIAN_POINT('',(4.78246053029,8.413139708937));
#10131 = CARTESIAN_POINT('',(4.615713332859,6.52262526816));
#10132 = CARTESIAN_POINT('',(4.448966135425,4.654749505529));
#10133 = CARTESIAN_POINT('',(4.282218937995,2.896508333038));
#10134 = CARTESIAN_POINT('',(4.115471740562,1.32486808771));
#10135 = CARTESIAN_POINT('',(3.94872454313,-6.000000212225E-07));
#10136 = ( GEOMETRIC_REPRESENTATION_CONTEXT(2) 
PARAMETRIC_REPRESENTATION_CONTEXT() REPRESENTATION_CONTEXT('2D SPACE',''
  ) );
#10137 = PCURVE('',#10138,#10143);
#10138 = PLANE('',#10139);
#10139 = AXIS2_PLACEMENT_3D('',#10140,#10141,#10142);
#10140 = CARTESIAN_POINT('',(-260.2497397793,-500.,366.15704140717));
#10141 = DIRECTION('',(-0.707106781187,0.,-0.707106781187));
#10142 = DIRECTION('',(0.707106781187,0.,-0.707106781187));
#10143 = DEFINITIONAL_REPRESENTATION('',(#10144),#10148);
#10144 = ELLIPSE('',#10145,15.556349186104,11.);
#10145 = AXIS2_PLACEMENT_2D('',#10146,#10147);
#10146 = CARTESIAN_POINT('',(497.60099997449,-500.));
#10147 = DIRECTION('',(1.,0.));
#10148 = ( GEOMETRIC_REPRESENTATION_CONTEXT(2) 
PARAMETRIC_REPRESENTATION_CONTEXT() REPRESENTATION_CONTEXT('2D SPACE',''
  ) );
#10149 = ORIENTED_EDGE('',*,*,#10150,.T.);
#10150 = EDGE_CURVE('',#10109,#10151,#10153,.T.);
#10151 = VERTEX_POINT('',#10152);
#10152 = CARTESIAN_POINT('',(105.2,-3.446280706932E-13,3.3));
#10153 = SURFACE_CURVE('',#10154,(#10241,#10331),.PCURVE_S1.);
#10154 = B_SPLINE_CURVE_WITH_KNOTS('',8,(#10155,#10156,#10157,#10158,
    #10159,#10160,#10161,#10162,#10163,#10164,#10165,#10166,#10167,
    #10168,#10169,#10170,#10171,#10172,#10173,#10174,#10175,#10176,
    #10177,#10178,#10179,#10180,#10181,#10182,#10183,#10184,#10185,
    #10186,#10187,#10188,#10189,#10190,#10191,#10192,#10193,#10194,
    #10195,#10196,#10197,#10198,#10199,#10200,#10201,#10202,#10203,
    #10204,#10205,#10206,#10207,#10208,#10209,#10210,#10211,#10212,
    #10213,#10214,#10215,#10216,#10217,#10218,#10219,#10220,#10221,
    #10222,#10223,#10224,#10225,#10226,#10227,#10228,#10229,#10230,
    #10231,#10232,#10233,#10234,#10235,#10236,#10237,#10238,#10239,
    #10240),.UNSPECIFIED.,.F.,.F.,(9,7,7,7,7,7,7,7,7,7,7,7,9),(0.,
    7.562517270208E-02,0.189368157991,0.283297348027,0.389050867738,
    0.420697775753,0.483136874062,0.521409544976,0.596714909958,
    0.682361961821,0.846138091403,0.940477125797,1.),.UNSPECIFIED.);
#10155 = CARTESIAN_POINT('',(84.902515164656,-1.442497833621,
    3.394991976161));
#10156 = CARTESIAN_POINT('',(84.95825200529,-1.832655718056,
    3.446601466208));
#10157 = CARTESIAN_POINT('',(85.030096354558,-2.21250148372,
    3.513079163243));
#10158 = CARTESIAN_POINT('',(85.116692195847,-2.581211964309,
    3.593121872583));
#10159 = CARTESIAN_POINT('',(85.216648696818,-2.938057159255,
    3.685379062593));
#10160 = CARTESIAN_POINT('',(85.328536080247,-3.282395430442,
    3.788454762716));
#10161 = CARTESIAN_POINT('',(85.45088149486,-3.613668698917,
    3.900909461503));
#10162 = CARTESIAN_POINT('',(85.582164886165,-3.93139764161,
    4.021262004637));
#10163 = CARTESIAN_POINT('',(85.929349435887,-4.692071822935,
    4.338597210753));
#10164 = CARTESIAN_POINT('',(86.15581039397,-5.120176277329,
    4.544782004391));
#10165 = CARTESIAN_POINT('',(86.396765515793,-5.520864218008,
    4.763107946475));
#10166 = CARTESIAN_POINT('',(86.649524229276,-5.89574633093,
    4.990804361004));
#10167 = CARTESIAN_POINT('',(86.912072231157,-6.246568288442,
    5.22571233429));
#10168 = CARTESIAN_POINT('',(87.183025130819,-6.575121542374,
    5.466221409315));
#10169 = CARTESIAN_POINT('',(87.461601122802,-6.883166643018,
    5.711198463528));
#10170 = CARTESIAN_POINT('',(87.983801623896,-7.411193051601,
    6.165294250259));
#10171 = CARTESIAN_POINT('',(88.224846584416,-7.636949656227,
    6.373038136542));
#10172 = CARTESIAN_POINT('',(88.470286522796,-7.850274901439,
    6.582423534696));
#10173 = CARTESIAN_POINT('',(88.719824308432,-8.051776757907,
    6.792829772379));
#10174 = CARTESIAN_POINT('',(88.973302908097,-8.242014739965,
    7.00370015362));
#10175 = CARTESIAN_POINT('',(89.230689270466,-8.421484225418,
    7.214497995789));
#10176 = CARTESIAN_POINT('',(89.492065913926,-8.590605518548,
    7.424650949044));
#10177 = CARTESIAN_POINT('',(90.056625235379,-8.928859716379,
    7.868605264724));
#10178 = CARTESIAN_POINT('',(90.359332306952,-9.094357169159,
    8.100796744788));
#10179 = CARTESIAN_POINT('',(90.667093960166,-9.247625036677,
    8.3300386456));
#10180 = CARTESIAN_POINT('',(90.981190907184,-9.389431872955,
    8.555853243239));
#10181 = CARTESIAN_POINT('',(91.30254714065,-9.519930426911,
    8.776962885907));
#10182 = CARTESIAN_POINT('',(91.631645227534,-9.638847539518,
    8.9910245443));
#10183 = CARTESIAN_POINT('',(91.968620724789,-9.745693965542,
    9.194530173021));
#10184 = CARTESIAN_POINT('',(92.416711698066,-9.868032591816,
    9.439351232795));
#10185 = CARTESIAN_POINT('',(92.520776243299,-9.895115018055,
    9.494471638776));
#10186 = CARTESIAN_POINT('',(92.625722093327,-9.921085356755,
    9.548206881206));
#10187 = CARTESIAN_POINT('',(92.731573327123,-9.945924375416,
    9.600428914669));
#10188 = CARTESIAN_POINT('',(92.838354285799,-9.969610341156,
    9.650998531993));
#10189 = CARTESIAN_POINT('',(92.946089572606,-9.992119020716,
    9.699765364247));
#10190 = CARTESIAN_POINT('',(93.054804052937,-10.01342368045,
    9.746567880738));
#10191 = CARTESIAN_POINT('',(93.380997178531,-10.07309581084,
    9.879358082309));
#10192 = CARTESIAN_POINT('',(93.603272336519,-10.10824192725,
    9.959934479247));
#10193 = CARTESIAN_POINT('',(93.829832685453,-10.13822339793,
    10.030642058207));
#10194 = CARTESIAN_POINT('',(94.059586653845,-10.16261219143,
    10.089535526423));
#10195 = CARTESIAN_POINT('',(94.291812640899,-10.18115017651,
    10.135059541063));
#10196 = CARTESIAN_POINT('',(94.52608633898,-10.19366300736,
    10.166053720189));
#10197 = CARTESIAN_POINT('',(94.76218947918,-10.2,10.181747943605));
#10198 = CARTESIAN_POINT('',(95.145768341466,-10.2,10.181747943605));
#10199 = CARTESIAN_POINT('',(95.291330367046,-10.19761921699,
    10.175851311567));
#10200 = CARTESIAN_POINT('',(95.436521659966,-10.19286948381,
    10.164087174483));
#10201 = CARTESIAN_POINT('',(95.58116820951,-10.18577443747,
    10.146569332004));
#10202 = CARTESIAN_POINT('',(95.725072311584,-10.17637104851,
    10.123497928525));
#10203 = CARTESIAN_POINT('',(95.867998529046,-10.16471419568,
    10.095160473502));
#10204 = CARTESIAN_POINT('',(96.00965971177,-10.15088428596,
    10.061932210026));
#10205 = CARTESIAN_POINT('',(96.42525261193,-10.10373988202,
    9.950183084719));
#10206 = CARTESIAN_POINT('',(96.694356725115,-10.06454152735,
    9.858996135777));
#10207 = CARTESIAN_POINT('',(96.95770064673,-10.01792547671,
    9.753376868432));
#10208 = CARTESIAN_POINT('',(97.21566163814,-9.964290171253,
    9.635822527012));
#10209 = CARTESIAN_POINT('',(97.468442622449,-9.903981686601,
    9.508578400183));
#10210 = CARTESIAN_POINT('',(97.716188582876,-9.837318540486,
    9.373574044284));
#10211 = CARTESIAN_POINT('',(97.959085728421,-9.764569493683,
    9.23238304633));
#10212 = CARTESIAN_POINT('',(98.468534791443,-9.59639336232,
    8.91995515602));
#10213 = CARTESIAN_POINT('',(98.734830588194,-9.498869193414,
    8.746594295024));
#10214 = CARTESIAN_POINT('',(98.996383333877,-9.393534607019,
    8.56799668816));
#10215 = CARTESIAN_POINT('',(99.253343955712,-9.280532632667,
    8.385601224381));
#10216 = CARTESIAN_POINT('',(99.505990311231,-9.159889291058,
    8.200422837761));
#10217 = CARTESIAN_POINT('',(99.754727383218,-9.031463233891,
    8.01311071062));
#10218 = CARTESIAN_POINT('',(100.00005231836,-8.894905566801,
    7.82403705005));
#10219 = CARTESIAN_POINT('',(100.70604806883,-8.47189830391,
    7.268856565882));
#10220 = CARTESIAN_POINT('',(101.15543344654,-8.1644967676,
    6.901411229441));
#10221 = CARTESIAN_POINT('',(101.59289436881,-7.825333696746,
    6.533861889561));
#10222 = CARTESIAN_POINT('',(102.0190963356,-7.451372550644,
    6.168132985704));
#10223 = CARTESIAN_POINT('',(102.43324940038,-7.038985071683,
    5.806778533384));
#10224 = CARTESIAN_POINT('',(102.83289774975,-6.584230114471,
    5.45336403402));
#10225 = CARTESIAN_POINT('',(103.21382614084,-6.083063351533,
    5.112879703163));
#10226 = CARTESIAN_POINT('',(103.77469550685,-5.214172364327,
    4.607353436719));
#10227 = CARTESIAN_POINT('',(103.97215903182,-4.878746277885,
    4.428426694668));
#10228 = CARTESIAN_POINT('',(104.16065003718,-4.524720412021,
    4.256835113003));
#10229 = CARTESIAN_POINT('',(104.33847686289,-4.151416459839,
    4.094298374715));
#10230 = CARTESIAN_POINT('',(104.50368589634,-3.758262620347,
    3.942776115138));
#10231 = CARTESIAN_POINT('',(104.65404597302,-3.344833518956,
    3.804482387715));
#10232 = CARTESIAN_POINT('',(104.78703023401,-2.910891656493,
    3.681898243388));
#10233 = CARTESIAN_POINT('',(104.97094424094,-2.169689684328,
    3.512090921891));
#10234 = CARTESIAN_POINT('',(105.03408202284,-1.874626170637,
    3.453716034236));
#10235 = CARTESIAN_POINT('',(105.08817011437,-1.572467926781,
    3.403651171194));
#10236 = CARTESIAN_POINT('',(105.13236295789,-1.264472621603,
    3.362709148654));
#10237 = CARTESIAN_POINT('',(105.16600757948,-0.951921980699,
    3.33152031342));
#10238 = CARTESIAN_POINT('',(105.18864305897,-0.636116255424,
    3.310530668768));
#10239 = CARTESIAN_POINT('',(105.2,-0.318368691896,3.3));
#10240 = CARTESIAN_POINT('',(105.2,-3.552713678801E-15,3.3));
#10241 = PCURVE('',#2433,#10242);
#10242 = DEFINITIONAL_REPRESENTATION('',(#10243),#10330);
#10243 = B_SPLINE_CURVE_WITH_KNOTS('',8,(#10244,#10245,#10246,#10247,
    #10248,#10249,#10250,#10251,#10252,#10253,#10254,#10255,#10256,
    #10257,#10258,#10259,#10260,#10261,#10262,#10263,#10264,#10265,
    #10266,#10267,#10268,#10269,#10270,#10271,#10272,#10273,#10274,
    #10275,#10276,#10277,#10278,#10279,#10280,#10281,#10282,#10283,
    #10284,#10285,#10286,#10287,#10288,#10289,#10290,#10291,#10292,
    #10293,#10294,#10295,#10296,#10297,#10298,#10299,#10300,#10301,
    #10302,#10303,#10304,#10305,#10306,#10307,#10308,#10309,#10310,
    #10311,#10312,#10313,#10314,#10315,#10316,#10317,#10318,#10319,
    #10320,#10321,#10322,#10323,#10324,#10325,#10326,#10327,#10328,
    #10329),.UNSPECIFIED.,.F.,.F.,(9,7,7,7,7,7,7,7,7,7,7,7,9),(0.,
    7.562517270208E-02,0.189368157991,0.283297348027,0.389050867738,
    0.420697775753,0.483136874062,0.521409544976,0.596714909958,
    0.682361961821,0.846138091403,0.940477125797,1.),.UNSPECIFIED.);
#10244 = CARTESIAN_POINT('',(6.151670350404,0.902515164656));
#10245 = CARTESIAN_POINT('',(6.115892487281,0.95825200529));
#10246 = CARTESIAN_POINT('',(6.080866747014,1.030096354558));
#10247 = CARTESIAN_POINT('',(6.046613057626,1.116692195847));
#10248 = CARTESIAN_POINT('',(6.013155839446,1.216648696818));
#10249 = CARTESIAN_POINT('',(5.980524411266,1.328536080247));
#10250 = CARTESIAN_POINT('',(5.948753396492,1.45088149486));
#10251 = CARTESIAN_POINT('',(5.917883129289,1.582164886165));
#10252 = CARTESIAN_POINT('',(5.842954687218,1.929349435887));
#10253 = CARTESIAN_POINT('',(5.799819534976,2.15581039397));
#10254 = CARTESIAN_POINT('',(5.758420922212,2.396765515793));
#10255 = CARTESIAN_POINT('',(5.718629948919,2.649524229276));
#10256 = CARTESIAN_POINT('',(5.680317484274,2.912072231157));
#10257 = CARTESIAN_POINT('',(5.643351680143,3.183025130819));
#10258 = CARTESIAN_POINT('',(5.607598010736,3.461601122802));
#10259 = CARTESIAN_POINT('',(5.544286184279,3.983801623896));
#10260 = CARTESIAN_POINT('',(5.516411425038,4.224846584416));
#10261 = CARTESIAN_POINT('',(5.489260413093,4.470286522796));
#10262 = CARTESIAN_POINT('',(5.462800277251,4.719824308432));
#10263 = CARTESIAN_POINT('',(5.437003819594,4.973302908097));
#10264 = CARTESIAN_POINT('',(5.411852034557,5.230689270466));
#10265 = CARTESIAN_POINT('',(5.387337750185,5.492065913926));
#10266 = CARTESIAN_POINT('',(5.33659847686,6.056625235379));
#10267 = CARTESIAN_POINT('',(5.310690220633,6.359332306952));
#10268 = CARTESIAN_POINT('',(5.285639377813,6.667093960166));
#10269 = CARTESIAN_POINT('',(5.261417797075,6.981190907184));
#10270 = CARTESIAN_POINT('',(5.23809348263,7.30254714065));
#10271 = CARTESIAN_POINT('',(5.215842720275,7.631645227534));
#10272 = CARTESIAN_POINT('',(5.194951516922,7.968620724789));
#10273 = CARTESIAN_POINT('',(5.170070960806,8.416711698066));
#10274 = CARTESIAN_POINT('',(5.164487969677,8.520776243299));
#10275 = CARTESIAN_POINT('',(5.159062524375,8.625722093327));
#10276 = CARTESIAN_POINT('',(5.153805595585,8.731573327123));
#10277 = CARTESIAN_POINT('',(5.148729229786,8.838354285799));
#10278 = CARTESIAN_POINT('',(5.143846549249,8.946089572606));
#10279 = CARTESIAN_POINT('',(5.139171752041,9.054804052937));
#10280 = CARTESIAN_POINT('',(5.125937061594,9.380997178531));
#10281 = CARTESIAN_POINT('',(5.117945942266,9.603272336519));
#10282 = CARTESIAN_POINT('',(5.110964484101,9.829832685453));
#10283 = CARTESIAN_POINT('',(5.105169885758,10.059586653845));
#10284 = CARTESIAN_POINT('',(5.100701411419,10.291812640899));
#10285 = CARTESIAN_POINT('',(5.097662745244,10.52608633898));
#10286 = CARTESIAN_POINT('',(5.096124103356,10.76218947918));
#10287 = CARTESIAN_POINT('',(5.096124103356,11.145768341466));
#10288 = CARTESIAN_POINT('',(5.096702204288,11.291330367046));
#10289 = CARTESIAN_POINT('',(5.097855551725,11.436521659966));
#10290 = CARTESIAN_POINT('',(5.099573742445,11.58116820951));
#10291 = CARTESIAN_POINT('',(5.101838648177,11.725072311584));
#10292 = CARTESIAN_POINT('',(5.104624196149,11.867998529046));
#10293 = CARTESIAN_POINT('',(5.107896106427,12.00965971177));
#10294 = CARTESIAN_POINT('',(5.118922169401,12.42525261193));
#10295 = CARTESIAN_POINT('',(5.127945171407,12.694356725115));
#10296 = CARTESIAN_POINT('',(5.13843967373,12.95770064673));
#10297 = CARTESIAN_POINT('',(5.150184322021,13.21566163814));
#10298 = CARTESIAN_POINT('',(5.162982537108,13.468442622449));
#10299 = CARTESIAN_POINT('',(5.176667076977,13.716188582876));
#10300 = CARTESIAN_POINT('',(5.19110394955,13.959085728421));
#10301 = CARTESIAN_POINT('',(5.223359950056,14.468534791443));
#10302 = CARTESIAN_POINT('',(5.241439490945,14.734830588194));
#10303 = CARTESIAN_POINT('',(5.260282463088,14.996383333877));
#10304 = CARTESIAN_POINT('',(5.279778724805,15.253343955712));
#10305 = CARTESIAN_POINT('',(5.29985980843,15.505990311231));
#10306 = CARTESIAN_POINT('',(5.320496089365,15.754727383218));
#10307 = CARTESIAN_POINT('',(5.341691990825,16.000052318362));
#10308 = CARTESIAN_POINT('',(5.405143704389,16.706048068833));
#10309 = CARTESIAN_POINT('',(5.448650664268,17.155433446547));
#10310 = CARTESIAN_POINT('',(5.494025309811,17.592894368807));
#10311 = CARTESIAN_POINT('',(5.541446805094,18.01909633561));
#10312 = CARTESIAN_POINT('',(5.591131551105,18.433249400378));
#10313 = CARTESIAN_POINT('',(5.643319217959,18.832897749756));
#10314 = CARTESIAN_POINT('',(5.698265544016,19.213826140844));
#10315 = CARTESIAN_POINT('',(5.789651943428,19.774695506851));
#10316 = CARTESIAN_POINT('',(5.824188888157,19.972159031828));
#10317 = CARTESIAN_POINT('',(5.859908743146,20.160650037181));
#10318 = CARTESIAN_POINT('',(5.896859301218,20.338476862896));
#10319 = CARTESIAN_POINT('',(5.935088993631,20.503685896342));
#10320 = CARTESIAN_POINT('',(5.974647833343,20.654045973024));
#10321 = CARTESIAN_POINT('',(6.015589490109,20.787030234016));
#10322 = CARTESIAN_POINT('',(6.084717165134,20.970944240944));
#10323 = CARTESIAN_POINT('',(6.112048849585,21.034082022842));
#10324 = CARTESIAN_POINT('',(6.139869571543,21.088170114379));
#10325 = CARTESIAN_POINT('',(6.168086038689,21.132362957898));
#10326 = CARTESIAN_POINT('',(6.196609998319,21.166007579481));
#10327 = CARTESIAN_POINT('',(6.225356590099,21.188643058972));
#10328 = CARTESIAN_POINT('',(6.254242698825,21.2));
#10329 = CARTESIAN_POINT('',(6.28318530718,21.2));
#10330 = ( GEOMETRIC_REPRESENTATION_CONTEXT(2) 
PARAMETRIC_REPRESENTATION_CONTEXT() REPRESENTATION_CONTEXT('2D SPACE',''
  ) );
#10331 = PCURVE('',#10332,#10337);
#10332 = CYLINDRICAL_SURFACE('',#10333,10.2);
#10333 = AXIS2_PLACEMENT_3D('',#10334,#10335,#10336);
#10334 = CARTESIAN_POINT('',(95.,0.,3.3));
#10335 = DIRECTION('',(-0.,-0.,-1.));
#10336 = DIRECTION('',(-0.989949493661,-0.141421356237,0.));
#10337 = DEFINITIONAL_REPRESENTATION('',(#10338),#10425);
#10338 = B_SPLINE_CURVE_WITH_KNOTS('',8,(#10339,#10340,#10341,#10342,
    #10343,#10344,#10345,#10346,#10347,#10348,#10349,#10350,#10351,
    #10352,#10353,#10354,#10355,#10356,#10357,#10358,#10359,#10360,
    #10361,#10362,#10363,#10364,#10365,#10366,#10367,#10368,#10369,
    #10370,#10371,#10372,#10373,#10374,#10375,#10376,#10377,#10378,
    #10379,#10380,#10381,#10382,#10383,#10384,#10385,#10386,#10387,
    #10388,#10389,#10390,#10391,#10392,#10393,#10394,#10395,#10396,
    #10397,#10398,#10399,#10400,#10401,#10402,#10403,#10404,#10405,
    #10406,#10407,#10408,#10409,#10410,#10411,#10412,#10413,#10414,
    #10415,#10416,#10417,#10418,#10419,#10420,#10421,#10422,#10423,
    #10424),.UNSPECIFIED.,.F.,.F.,(9,7,7,7,7,7,7,7,7,7,7,7,9),(0.,
    7.562517270208E-02,0.189368157991,0.283297348027,0.389050867738,
    0.420697775753,0.483136874062,0.521409544976,0.596714909958,
    0.682361961821,0.846138091403,0.940477125797,1.),.UNSPECIFIED.);
#10339 = CARTESIAN_POINT('',(0.,-9.499197616068E-02));
#10340 = CARTESIAN_POINT('',(-3.863911566069E-02,-0.146601466208));
#10341 = CARTESIAN_POINT('',(-7.650077899476E-02,-0.213079163243));
#10342 = CARTESIAN_POINT('',(-0.113574033179,-0.293121872583));
#10343 = CARTESIAN_POINT('',(-0.14984194246,-0.385379062593));
#10344 = CARTESIAN_POINT('',(-0.185281023971,-0.488454762716));
#10345 = CARTESIAN_POINT('',(-0.21986067956,-0.600909461503));
#10346 = CARTESIAN_POINT('',(-0.253542627611,-0.721262004637));
#10347 = CARTESIAN_POINT('',(-0.335519026449,-1.038597210753));
#10348 = CARTESIAN_POINT('',(-0.382919758544,-1.244782004391));
#10349 = CARTESIAN_POINT('',(-0.428646843956,-1.463107946475));
#10350 = CARTESIAN_POINT('',(-0.472860015312,-1.690804361004));
#10351 = CARTESIAN_POINT('',(-0.51572097618,-1.92571233429));
#10352 = CARTESIAN_POINT('',(-0.557399206184,-2.166221409315));
#10353 = CARTESIAN_POINT('',(-0.598077020134,-2.411198463528));
#10354 = CARTESIAN_POINT('',(-0.670884274611,-2.865294250259));
#10355 = CARTESIAN_POINT('',(-0.703238548818,-3.073038136542));
#10356 = CARTESIAN_POINT('',(-0.735083630085,-3.282423534696));
#10357 = CARTESIAN_POINT('',(-0.766487893849,-3.492829772379));
#10358 = CARTESIAN_POINT('',(-0.79752066951,-3.70370015362));
#10359 = CARTESIAN_POINT('',(-0.828252449334,-3.914497995789));
#10360 = CARTESIAN_POINT('',(-0.858755801457,-4.124650949044));
#10361 = CARTESIAN_POINT('',(-0.923278948788,-4.568605264724));
#10362 = CARTESIAN_POINT('',(-0.957075556358,-4.800796744788));
#10363 = CARTESIAN_POINT('',(-0.990741891606,-5.0300386456));
#10364 = CARTESIAN_POINT('',(-1.024479392772,-5.255853243239));
#10365 = CARTESIAN_POINT('',(-1.058432537713,-5.476962885907));
#10366 = CARTESIAN_POINT('',(-1.09269405114,-5.6910245443));
#10367 = CARTESIAN_POINT('',(-1.127323364923,-5.894530173021));
#10368 = CARTESIAN_POINT('',(-1.172861737381,-6.139351232795));
#10369 = CARTESIAN_POINT('',(-1.183403244831,-6.194471638776));
#10370 = CARTESIAN_POINT('',(-1.194001131256,-6.248206881206));
#10371 = CARTESIAN_POINT('',(-1.204659009184,-6.300428914669));
#10372 = CARTESIAN_POINT('',(-1.215380555303,-6.350998531993));
#10373 = CARTESIAN_POINT('',(-1.22616951046,-6.399765364247));
#10374 = CARTESIAN_POINT('',(-1.237029679663,-6.446567880738));
#10375 = CARTESIAN_POINT('',(-1.269540098294,-6.579358082309));
#10376 = CARTESIAN_POINT('',(-1.291596081346,-6.659934479247));
#10377 = CARTESIAN_POINT('',(-1.313989580539,-6.730642058207));
#10378 = CARTESIAN_POINT('',(-1.336625812564,-6.789535526423));
#10379 = CARTESIAN_POINT('',(-1.359449796027,-6.835059541063));
#10380 = CARTESIAN_POINT('',(-1.382437165521,-6.866053720189));
#10381 = CARTESIAN_POINT('',(-1.405584515248,-6.881747943605));
#10382 = CARTESIAN_POINT('',(-1.44319028606,-6.881747943605));
#10383 = CARTESIAN_POINT('',(-1.457461071442,-6.875851311567));
#10384 = CARTESIAN_POINT('',(-1.471699963289,-6.864087174483));
#10385 = CARTESIAN_POINT('',(-1.485894284716,-6.846569332004));
#10386 = CARTESIAN_POINT('',(-1.5000289229,-6.823497928525));
#10387 = CARTESIAN_POINT('',(-1.514084838712,-6.795160473502));
#10388 = CARTESIAN_POINT('',(-1.528037510092,-6.761932210026));
#10389 = CARTESIAN_POINT('',(-1.5690432314,-6.650183084719));
#10390 = CARTESIAN_POINT('',(-1.595691071743,-6.558996135777));
#10391 = CARTESIAN_POINT('',(-1.621890192881,-6.453376868432));
#10392 = CARTESIAN_POINT('',(-1.647698885343,-6.335822527012));
#10393 = CARTESIAN_POINT('',(-1.673155720907,-6.208578400183));
#10394 = CARTESIAN_POINT('',(-1.698291618423,-6.073574044284));
#10395 = CARTESIAN_POINT('',(-1.723140622044,-5.93238304633));
#10396 = CARTESIAN_POINT('',(-1.77573768442,-5.61995515602));
#10397 = CARTESIAN_POINT('',(-1.803526404834,-5.446594295024));
#10398 = CARTESIAN_POINT('',(-1.831146994527,-5.267996688159));
#10399 = CARTESIAN_POINT('',(-1.858640544454,-5.085601224381));
#10400 = CARTESIAN_POINT('',(-1.886062251748,-4.900422837761));
#10401 = CARTESIAN_POINT('',(-1.913484458646,-4.71311071062));
#10402 = CARTESIAN_POINT('',(-1.940997035041,-4.52403705005));
#10403 = CARTESIAN_POINT('',(-2.021685462343,-3.968856565882));
#10404 = CARTESIAN_POINT('',(-2.074967973227,-3.601411229441));
#10405 = CARTESIAN_POINT('',(-2.129074662447,-3.233861889561));
#10406 = CARTESIAN_POINT('',(-2.184452167634,-2.868132985704));
#10407 = CARTESIAN_POINT('',(-2.241509639734,-2.506778533383));
#10408 = CARTESIAN_POINT('',(-2.300622213625,-2.15336403402));
#10409 = CARTESIAN_POINT('',(-2.362156719916,-1.812879703163));
#10410 = CARTESIAN_POINT('',(-2.463547755956,-1.307353436719));
#10411 = CARTESIAN_POINT('',(-2.501675617602,-1.128426694668));
#10412 = CARTESIAN_POINT('',(-2.540935908214,-0.956835113003));
#10413 = CARTESIAN_POINT('',(-2.581391123342,-0.794298374715));
#10414 = CARTESIAN_POINT('',(-2.623104375765,-0.642776115138));
#10415 = CARTESIAN_POINT('',(-2.666141097372,-0.504482387715));
#10416 = CARTESIAN_POINT('',(-2.710572138678,-0.381898243388));
#10417 = CARTESIAN_POINT('',(-2.785442571774,-0.212090921891));
#10418 = CARTESIAN_POINT('',(-2.815009711468,-0.153716034236));
#10419 = CARTESIAN_POINT('',(-2.845075229884,-0.103651171194));
#10420 = CARTESIAN_POINT('',(-2.875543084374,-6.270914865355E-02));
#10421 = CARTESIAN_POINT('',(-2.906323576077,-3.152031341992E-02));
#10422 = CARTESIAN_POINT('',(-2.937331281172,-1.053066876805E-02));
#10423 = CARTESIAN_POINT('',(-2.968482982133,2.48689957516E-14));
#10424 = CARTESIAN_POINT('',(-2.999695598986,2.48689957516E-14));
#10425 = ( GEOMETRIC_REPRESENTATION_CONTEXT(2) 
PARAMETRIC_REPRESENTATION_CONTEXT() REPRESENTATION_CONTEXT('2D SPACE',''
  ) );
#10426 = ORIENTED_EDGE('',*,*,#10427,.T.);
#10427 = EDGE_CURVE('',#10151,#2276,#10428,.T.);
#10428 = SEAM_CURVE('',#10429,(#10433,#10440),.PCURVE_S1.);
#10429 = LINE('',#10430,#10431);
#10430 = CARTESIAN_POINT('',(84.,-2.694222958124E-15,3.3));
#10431 = VECTOR('',#10432,1.);
#10432 = DIRECTION('',(1.,0.,2.22044604925E-16));
#10433 = PCURVE('',#2433,#10434);
#10434 = DEFINITIONAL_REPRESENTATION('',(#10435),#10439);
#10435 = LINE('',#10436,#10437);
#10436 = CARTESIAN_POINT('',(0.,-0.));
#10437 = VECTOR('',#10438,1.);
#10438 = DIRECTION('',(0.,1.));
#10439 = ( GEOMETRIC_REPRESENTATION_CONTEXT(2) 
PARAMETRIC_REPRESENTATION_CONTEXT() REPRESENTATION_CONTEXT('2D SPACE',''
  ) );
#10440 = PCURVE('',#2433,#10441);
#10441 = DEFINITIONAL_REPRESENTATION('',(#10442),#10446);
#10442 = LINE('',#10443,#10444);
#10443 = CARTESIAN_POINT('',(6.28318530718,-0.));
#10444 = VECTOR('',#10445,1.);
#10445 = DIRECTION('',(0.,1.));
#10446 = ( GEOMETRIC_REPRESENTATION_CONTEXT(2) 
PARAMETRIC_REPRESENTATION_CONTEXT() REPRESENTATION_CONTEXT('2D SPACE',''
  ) );
#10447 = ORIENTED_EDGE('',*,*,#2539,.T.);
#10448 = ORIENTED_EDGE('',*,*,#10449,.T.);
#10449 = EDGE_CURVE('',#2274,#2779,#10450,.T.);
#10450 = SEAM_CURVE('',#10451,(#10455,#10462),.PCURVE_S1.);
#10451 = LINE('',#10452,#10453);
#10452 = CARTESIAN_POINT('',(84.,-2.694222958124E-15,3.3));
#10453 = VECTOR('',#10454,1.);
#10454 = DIRECTION('',(1.,0.,2.22044604925E-16));
#10455 = PCURVE('',#2433,#10456);
#10456 = DEFINITIONAL_REPRESENTATION('',(#10457),#10461);
#10457 = LINE('',#10458,#10459);
#10458 = CARTESIAN_POINT('',(0.,-0.));
#10459 = VECTOR('',#10460,1.);
#10460 = DIRECTION('',(0.,1.));
#10461 = ( GEOMETRIC_REPRESENTATION_CONTEXT(2) 
PARAMETRIC_REPRESENTATION_CONTEXT() REPRESENTATION_CONTEXT('2D SPACE',''
  ) );
#10462 = PCURVE('',#2433,#10463);
#10463 = DEFINITIONAL_REPRESENTATION('',(#10464),#10468);
#10464 = LINE('',#10465,#10466);
#10465 = CARTESIAN_POINT('',(6.28318530718,-0.));
#10466 = VECTOR('',#10467,1.);
#10467 = DIRECTION('',(0.,1.));
#10468 = ( GEOMETRIC_REPRESENTATION_CONTEXT(2) 
PARAMETRIC_REPRESENTATION_CONTEXT() REPRESENTATION_CONTEXT('2D SPACE',''
  ) );
#10469 = ORIENTED_EDGE('',*,*,#3001,.T.);
#10470 = ORIENTED_EDGE('',*,*,#10471,.T.);
#10471 = EDGE_CURVE('',#2777,#3205,#10472,.T.);
#10472 = SEAM_CURVE('',#10473,(#10477,#10484),.PCURVE_S1.);
#10473 = LINE('',#10474,#10475);
#10474 = CARTESIAN_POINT('',(84.,-2.694222958124E-15,3.3));
#10475 = VECTOR('',#10476,1.);
#10476 = DIRECTION('',(1.,0.,2.22044604925E-16));
#10477 = PCURVE('',#2433,#10478);
#10478 = DEFINITIONAL_REPRESENTATION('',(#10479),#10483);
#10479 = LINE('',#10480,#10481);
#10480 = CARTESIAN_POINT('',(0.,-0.));
#10481 = VECTOR('',#10482,1.);
#10482 = DIRECTION('',(0.,1.));
#10483 = ( GEOMETRIC_REPRESENTATION_CONTEXT(2) 
PARAMETRIC_REPRESENTATION_CONTEXT() REPRESENTATION_CONTEXT('2D SPACE',''
  ) );
#10484 = PCURVE('',#2433,#10485);
#10485 = DEFINITIONAL_REPRESENTATION('',(#10486),#10490);
#10486 = LINE('',#10487,#10488);
#10487 = CARTESIAN_POINT('',(6.28318530718,-0.));
#10488 = VECTOR('',#10489,1.);
#10489 = DIRECTION('',(0.,1.));
#10490 = ( GEOMETRIC_REPRESENTATION_CONTEXT(2) 
PARAMETRIC_REPRESENTATION_CONTEXT() REPRESENTATION_CONTEXT('2D SPACE',''
  ) );
#10491 = ORIENTED_EDGE('',*,*,#3442,.T.);
#10492 = ORIENTED_EDGE('',*,*,#10493,.T.);
#10493 = EDGE_CURVE('',#3203,#8668,#10494,.T.);
#10494 = SEAM_CURVE('',#10495,(#10499,#10506),.PCURVE_S1.);
#10495 = LINE('',#10496,#10497);
#10496 = CARTESIAN_POINT('',(84.,-2.694222958124E-15,3.3));
#10497 = VECTOR('',#10498,1.);
#10498 = DIRECTION('',(1.,0.,2.22044604925E-16));
#10499 = PCURVE('',#2433,#10500);
#10500 = DEFINITIONAL_REPRESENTATION('',(#10501),#10505);
#10501 = LINE('',#10502,#10503);
#10502 = CARTESIAN_POINT('',(0.,-0.));
#10503 = VECTOR('',#10504,1.);
#10504 = DIRECTION('',(0.,1.));
#10505 = ( GEOMETRIC_REPRESENTATION_CONTEXT(2) 
PARAMETRIC_REPRESENTATION_CONTEXT() REPRESENTATION_CONTEXT('2D SPACE',''
  ) );
#10506 = PCURVE('',#2433,#10507);
#10507 = DEFINITIONAL_REPRESENTATION('',(#10508),#10512);
#10508 = LINE('',#10509,#10510);
#10509 = CARTESIAN_POINT('',(6.28318530718,-0.));
#10510 = VECTOR('',#10511,1.);
#10511 = DIRECTION('',(0.,1.));
#10512 = ( GEOMETRIC_REPRESENTATION_CONTEXT(2) 
PARAMETRIC_REPRESENTATION_CONTEXT() REPRESENTATION_CONTEXT('2D SPACE',''
  ) );
#10513 = ORIENTED_EDGE('',*,*,#8905,.T.);
#10514 = ORIENTED_EDGE('',*,*,#10515,.T.);
#10515 = EDGE_CURVE('',#8666,#9124,#10516,.T.);
#10516 = SEAM_CURVE('',#10517,(#10521,#10528),.PCURVE_S1.);
#10517 = LINE('',#10518,#10519);
#10518 = CARTESIAN_POINT('',(84.,-2.694222958124E-15,3.3));
#10519 = VECTOR('',#10520,1.);
#10520 = DIRECTION('',(1.,0.,2.22044604925E-16));
#10521 = PCURVE('',#2433,#10522);
#10522 = DEFINITIONAL_REPRESENTATION('',(#10523),#10527);
#10523 = LINE('',#10524,#10525);
#10524 = CARTESIAN_POINT('',(0.,-0.));
#10525 = VECTOR('',#10526,1.);
#10526 = DIRECTION('',(0.,1.));
#10527 = ( GEOMETRIC_REPRESENTATION_CONTEXT(2) 
PARAMETRIC_REPRESENTATION_CONTEXT() REPRESENTATION_CONTEXT('2D SPACE',''
  ) );
#10528 = PCURVE('',#2433,#10529);
#10529 = DEFINITIONAL_REPRESENTATION('',(#10530),#10534);
#10530 = LINE('',#10531,#10532);
#10531 = CARTESIAN_POINT('',(6.28318530718,-0.));
#10532 = VECTOR('',#10533,1.);
#10533 = DIRECTION('',(0.,1.));
#10534 = ( GEOMETRIC_REPRESENTATION_CONTEXT(2) 
PARAMETRIC_REPRESENTATION_CONTEXT() REPRESENTATION_CONTEXT('2D SPACE',''
  ) );
#10535 = ORIENTED_EDGE('',*,*,#9346,.T.);
#10536 = ORIENTED_EDGE('',*,*,#10537,.T.);
#10537 = EDGE_CURVE('',#9122,#9652,#10538,.T.);
#10538 = SEAM_CURVE('',#10539,(#10543,#10550),.PCURVE_S1.);
#10539 = LINE('',#10540,#10541);
#10540 = CARTESIAN_POINT('',(84.,-2.694222958124E-15,3.3));
#10541 = VECTOR('',#10542,1.);
#10542 = DIRECTION('',(1.,0.,2.22044604925E-16));
#10543 = PCURVE('',#2433,#10544);
#10544 = DEFINITIONAL_REPRESENTATION('',(#10545),#10549);
#10545 = LINE('',#10546,#10547);
#10546 = CARTESIAN_POINT('',(0.,-0.));
#10547 = VECTOR('',#10548,1.);
#10548 = DIRECTION('',(0.,1.));
#10549 = ( GEOMETRIC_REPRESENTATION_CONTEXT(2) 
PARAMETRIC_REPRESENTATION_CONTEXT() REPRESENTATION_CONTEXT('2D SPACE',''
  ) );
#10550 = PCURVE('',#2433,#10551);
#10551 = DEFINITIONAL_REPRESENTATION('',(#10552),#10556);
#10552 = LINE('',#10553,#10554);
#10553 = CARTESIAN_POINT('',(6.28318530718,-0.));
#10554 = VECTOR('',#10555,1.);
#10555 = DIRECTION('',(0.,1.));
#10556 = ( GEOMETRIC_REPRESENTATION_CONTEXT(2) 
PARAMETRIC_REPRESENTATION_CONTEXT() REPRESENTATION_CONTEXT('2D SPACE',''
  ) );
#10557 = ORIENTED_EDGE('',*,*,#9651,.T.);
#10558 = ORIENTED_EDGE('',*,*,#10559,.F.);
#10559 = EDGE_CURVE('',#10560,#9626,#10562,.T.);
#10560 = VERTEX_POINT('',#10561);
#10561 = CARTESIAN_POINT('',(330.9,-11.,14.3));
#10562 = SURFACE_CURVE('',#10563,(#10568,#10581),.PCURVE_S1.);
#10563 = ELLIPSE('',#10564,15.556349186104,11.);
#10564 = AXIS2_PLACEMENT_3D('',#10565,#10566,#10567);
#10565 = CARTESIAN_POINT('',(330.9,0.,14.3));
#10566 = DIRECTION('',(0.707106781187,0.,-0.707106781187));
#10567 = DIRECTION('',(0.707106781187,0.,0.707106781187));
#10568 = PCURVE('',#2433,#10569);
#10569 = DEFINITIONAL_REPRESENTATION('',(#10570),#10580);
#10570 = B_SPLINE_CURVE_WITH_KNOTS('',8,(#10571,#10572,#10573,#10574,
    #10575,#10576,#10577,#10578,#10579),.UNSPECIFIED.,.F.,.F.,(9,9),(
    1.570796326795,3.14159265359),.PIECEWISE_BEZIER_KNOTS.);
#10571 = CARTESIAN_POINT('',(4.712388980385,246.9));
#10572 = CARTESIAN_POINT('',(4.908738521234,244.74015505065));
#10573 = CARTESIAN_POINT('',(5.105088062078,242.58030958828));
#10574 = CARTESIAN_POINT('',(5.301437602946,240.54735412704));
#10575 = CARTESIAN_POINT('',(5.497787143748,238.76815374312));
#10576 = CARTESIAN_POINT('',(5.69413668464,237.35400149028));
#10577 = CARTESIAN_POINT('',(5.890486225476,236.38466853552));
#10578 = CARTESIAN_POINT('',(6.08683576633,235.9));
#10579 = CARTESIAN_POINT('',(6.28318530718,235.9));
#10580 = ( GEOMETRIC_REPRESENTATION_CONTEXT(2) 
PARAMETRIC_REPRESENTATION_CONTEXT() REPRESENTATION_CONTEXT('2D SPACE',''
  ) );
#10581 = PCURVE('',#9640,#10582);
#10582 = DEFINITIONAL_REPRESENTATION('',(#10583),#10593);
#10583 = B_SPLINE_CURVE_WITH_KNOTS('',8,(#10584,#10585,#10586,#10587,
    #10588,#10589,#10590,#10591,#10592),.UNSPECIFIED.,.F.,.F.,(9,9),(
    1.570796326795,3.14159265359),.PIECEWISE_BEZIER_KNOTS.);
#10584 = CARTESIAN_POINT('',(4.712388980385,11.));
#10585 = CARTESIAN_POINT('',(4.516039439535,8.840155050657));
#10586 = CARTESIAN_POINT('',(4.319689898685,6.680309588499));
#10587 = CARTESIAN_POINT('',(4.123340357828,4.647354126681));
#10588 = CARTESIAN_POINT('',(3.926990816984,2.868153743639));
#10589 = CARTESIAN_POINT('',(3.730641276132,1.454001490263));
#10590 = CARTESIAN_POINT('',(3.534291735287,0.484668535847));
#10591 = CARTESIAN_POINT('',(3.337942194439,-2.542168403366E-14));
#10592 = CARTESIAN_POINT('',(3.14159265359,-2.6645352591E-14));
#10593 = ( GEOMETRIC_REPRESENTATION_CONTEXT(2) 
PARAMETRIC_REPRESENTATION_CONTEXT() REPRESENTATION_CONTEXT('2D SPACE',''
  ) );
#10594 = ORIENTED_EDGE('',*,*,#10595,.F.);
#10595 = EDGE_CURVE('',#10596,#10560,#10598,.T.);
#10596 = VERTEX_POINT('',#10597);
#10597 = CARTESIAN_POINT('',(330.9,11.,14.3));
#10598 = SURFACE_CURVE('',#10599,(#10604,#10624),.PCURVE_S1.);
#10599 = ELLIPSE('',#10600,15.556349186104,11.);
#10600 = AXIS2_PLACEMENT_3D('',#10601,#10602,#10603);
#10601 = CARTESIAN_POINT('',(330.9,0.,14.3));
#10602 = DIRECTION('',(0.707106781187,0.,0.707106781187));
#10603 = DIRECTION('',(0.707106781187,0.,-0.707106781187));
#10604 = PCURVE('',#2433,#10605);
#10605 = DEFINITIONAL_REPRESENTATION('',(#10606),#10623);
#10606 = B_SPLINE_CURVE_WITH_KNOTS('',8,(#10607,#10608,#10609,#10610,
    #10611,#10612,#10613,#10614,#10615,#10616,#10617,#10618,#10619,
    #10620,#10621,#10622),.UNSPECIFIED.,.F.,.F.,(9,7,9),(1.570796326795,
    3.14159265359,4.712388980385),.UNSPECIFIED.);
#10607 = CARTESIAN_POINT('',(1.570796326795,246.9));
#10608 = CARTESIAN_POINT('',(1.767145867644,244.74015505065));
#10609 = CARTESIAN_POINT('',(1.96349540849,242.58030958828));
#10610 = CARTESIAN_POINT('',(2.159844949341,240.54735412704));
#10611 = CARTESIAN_POINT('',(2.356194490172,238.76815374312));
#10612 = CARTESIAN_POINT('',(2.552544031039,237.35400149028));
#10613 = CARTESIAN_POINT('',(2.748893571889,236.38466853552));
#10614 = CARTESIAN_POINT('',(2.94524311274,235.9));
#10615 = CARTESIAN_POINT('',(3.337942194439,235.9));
#10616 = CARTESIAN_POINT('',(3.534291735282,236.38466853558));
#10617 = CARTESIAN_POINT('',(3.730641276155,237.35400149098));
#10618 = CARTESIAN_POINT('',(3.926990816966,238.76815374242));
#10619 = CARTESIAN_POINT('',(4.12334035785,240.54735412716));
#10620 = CARTESIAN_POINT('',(4.319689898678,242.58030958799));
#10621 = CARTESIAN_POINT('',(4.516039439535,244.74015505065));
#10622 = CARTESIAN_POINT('',(4.712388980385,246.9));
#10623 = ( GEOMETRIC_REPRESENTATION_CONTEXT(2) 
PARAMETRIC_REPRESENTATION_CONTEXT() REPRESENTATION_CONTEXT('2D SPACE',''
  ) );
#10624 = PCURVE('',#10625,#10630);
#10625 = CYLINDRICAL_SURFACE('',#10626,11.);
#10626 = AXIS2_PLACEMENT_3D('',#10627,#10628,#10629);
#10627 = CARTESIAN_POINT('',(330.9,0.,3.3));
#10628 = DIRECTION('',(0.,0.,1.));
#10629 = DIRECTION('',(1.,0.,-0.));
#10630 = DEFINITIONAL_REPRESENTATION('',(#10631),#10648);
#10631 = B_SPLINE_CURVE_WITH_KNOTS('',8,(#10632,#10633,#10634,#10635,
    #10636,#10637,#10638,#10639,#10640,#10641,#10642,#10643,#10644,
    #10645,#10646,#10647),.UNSPECIFIED.,.F.,.F.,(9,7,9),(1.570796326795,
    3.14159265359,4.712388980385),.UNSPECIFIED.);
#10632 = CARTESIAN_POINT('',(1.570796326795,11.));
#10633 = CARTESIAN_POINT('',(1.767145867644,13.159844949343));
#10634 = CARTESIAN_POINT('',(1.963495408495,15.319690411499));
#10635 = CARTESIAN_POINT('',(2.159844949331,17.352645873303));
#10636 = CARTESIAN_POINT('',(2.356194490201,19.13184625635));
#10637 = CARTESIAN_POINT('',(2.552544031028,20.545998509711));
#10638 = CARTESIAN_POINT('',(2.748893571894,21.515331464157));
#10639 = CARTESIAN_POINT('',(2.94524311274,22.));
#10640 = CARTESIAN_POINT('',(3.337942194439,22.));
#10641 = CARTESIAN_POINT('',(3.534291735285,21.515331464136));
#10642 = CARTESIAN_POINT('',(3.730641276145,20.545998509726));
#10643 = CARTESIAN_POINT('',(3.926990816984,19.131846256263));
#10644 = CARTESIAN_POINT('',(4.123340357841,17.352645873325));
#10645 = CARTESIAN_POINT('',(4.319689898684,15.319690411477));
#10646 = CARTESIAN_POINT('',(4.516039439535,13.159844949343));
#10647 = CARTESIAN_POINT('',(4.712388980385,11.));
#10648 = ( GEOMETRIC_REPRESENTATION_CONTEXT(2) 
PARAMETRIC_REPRESENTATION_CONTEXT() REPRESENTATION_CONTEXT('2D SPACE',''
  ) );
#10649 = ORIENTED_EDGE('',*,*,#10650,.F.);
#10650 = EDGE_CURVE('',#9867,#10596,#10651,.T.);
#10651 = SURFACE_CURVE('',#10652,(#10657,#10670),.PCURVE_S1.);
#10652 = ELLIPSE('',#10653,15.556349186104,11.);
#10653 = AXIS2_PLACEMENT_3D('',#10654,#10655,#10656);
#10654 = CARTESIAN_POINT('',(330.9,0.,14.3));
#10655 = DIRECTION('',(0.707106781187,0.,-0.707106781187));
#10656 = DIRECTION('',(0.707106781187,0.,0.707106781187));
#10657 = PCURVE('',#2433,#10658);
#10658 = DEFINITIONAL_REPRESENTATION('',(#10659),#10669);
#10659 = B_SPLINE_CURVE_WITH_KNOTS('',8,(#10660,#10661,#10662,#10663,
    #10664,#10665,#10666,#10667,#10668),.UNSPECIFIED.,.F.,.F.,(9,9),(
    3.14159265359,4.712388980385),.PIECEWISE_BEZIER_KNOTS.);
#10660 = CARTESIAN_POINT('',(-8.881784197001E-16,235.9));
#10661 = CARTESIAN_POINT('',(0.196349540849,235.9));
#10662 = CARTESIAN_POINT('',(0.392699081698,236.38466853558));
#10663 = CARTESIAN_POINT('',(0.58904862255,237.35400149098));
#10664 = CARTESIAN_POINT('',(0.785398163393,238.76815374242));
#10665 = CARTESIAN_POINT('',(0.981747704247,240.54735412716));
#10666 = CARTESIAN_POINT('',(1.178097245096,242.58030958799));
#10667 = CARTESIAN_POINT('',(1.374446785946,244.74015505065));
#10668 = CARTESIAN_POINT('',(1.570796326795,246.9));
#10669 = ( GEOMETRIC_REPRESENTATION_CONTEXT(2) 
PARAMETRIC_REPRESENTATION_CONTEXT() REPRESENTATION_CONTEXT('2D SPACE',''
  ) );
#10670 = PCURVE('',#10094,#10671);
#10671 = DEFINITIONAL_REPRESENTATION('',(#10672),#10682);
#10672 = B_SPLINE_CURVE_WITH_KNOTS('',8,(#10673,#10674,#10675,#10676,
    #10677,#10678,#10679,#10680,#10681),.UNSPECIFIED.,.F.,.F.,(9,9),(
    3.14159265359,4.712388980385),.PIECEWISE_BEZIER_KNOTS.);
#10673 = CARTESIAN_POINT('',(3.14159265359,-2.6645352591E-14));
#10674 = CARTESIAN_POINT('',(2.94524311274,-2.786902114834E-14));
#10675 = CARTESIAN_POINT('',(2.74889357189,0.484668535852));
#10676 = CARTESIAN_POINT('',(2.552544031036,1.45400149025));
#10677 = CARTESIAN_POINT('',(2.356194490188,2.868153743664));
#10678 = CARTESIAN_POINT('',(2.15984494934,4.647354126666));
#10679 = CARTESIAN_POINT('',(1.963495408492,6.680309588501));
#10680 = CARTESIAN_POINT('',(1.767145867644,8.840155050657));
#10681 = CARTESIAN_POINT('',(1.570796326795,11.));
#10682 = ( GEOMETRIC_REPRESENTATION_CONTEXT(2) 
PARAMETRIC_REPRESENTATION_CONTEXT() REPRESENTATION_CONTEXT('2D SPACE',''
  ) );
#10683 = ORIENTED_EDGE('',*,*,#9866,.T.);
#10684 = ORIENTED_EDGE('',*,*,#10537,.F.);
#10685 = ORIENTED_EDGE('',*,*,#9121,.T.);
#10686 = ORIENTED_EDGE('',*,*,#10515,.F.);
#10687 = ORIENTED_EDGE('',*,*,#8665,.T.);
#10688 = ORIENTED_EDGE('',*,*,#10493,.F.);
#10689 = ORIENTED_EDGE('',*,*,#3202,.T.);
#10690 = ORIENTED_EDGE('',*,*,#10471,.F.);
#10691 = ORIENTED_EDGE('',*,*,#2776,.T.);
#10692 = ORIENTED_EDGE('',*,*,#10449,.F.);
#10693 = ORIENTED_EDGE('',*,*,#2273,.T.);
#10694 = ORIENTED_EDGE('',*,*,#10427,.F.);
#10695 = ORIENTED_EDGE('',*,*,#10696,.T.);
#10696 = EDGE_CURVE('',#10151,#10697,#10699,.T.);
#10697 = VERTEX_POINT('',#10698);
#10698 = CARTESIAN_POINT('',(95.803136209096,10.168331859274,
    10.104165418696));
#10699 = SURFACE_CURVE('',#10700,(#10780,#10863),.PCURVE_S1.);
#10700 = B_SPLINE_CURVE_WITH_KNOTS('',8,(#10701,#10702,#10703,#10704,
    #10705,#10706,#10707,#10708,#10709,#10710,#10711,#10712,#10713,
    #10714,#10715,#10716,#10717,#10718,#10719,#10720,#10721,#10722,
    #10723,#10724,#10725,#10726,#10727,#10728,#10729,#10730,#10731,
    #10732,#10733,#10734,#10735,#10736,#10737,#10738,#10739,#10740,
    #10741,#10742,#10743,#10744,#10745,#10746,#10747,#10748,#10749,
    #10750,#10751,#10752,#10753,#10754,#10755,#10756,#10757,#10758,
    #10759,#10760,#10761,#10762,#10763,#10764,#10765,#10766,#10767,
    #10768,#10769,#10770,#10771,#10772,#10773,#10774,#10775,#10776,
    #10777,#10778,#10779),.UNSPECIFIED.,.F.,.F.,(9,7,7,7,7,7,7,7,7,7,7,9
    ),(0.,9.961866209541E-02,0.154434557124,0.317418407134,
    0.454795217279,0.516861346514,0.555294212459,0.611411648729,
    0.716595831122,0.871926199439,0.926192222855,1.),.UNSPECIFIED.);
#10701 = CARTESIAN_POINT('',(105.2,-1.33226762955E-15,3.3));
#10702 = CARTESIAN_POINT('',(105.2,0.538586339745,3.3));
#10703 = CARTESIAN_POINT('',(105.16749891423,1.071159855941,
    3.330137664643));
#10704 = CARTESIAN_POINT('',(105.10376483269,1.593595262848,
    3.389235780325));
#10705 = CARTESIAN_POINT('',(105.0108663738,2.101848429932,
    3.475303034382));
#10706 = CARTESIAN_POINT('',(104.89165917722,2.592068047973,
    3.585554452255));
#10707 = CARTESIAN_POINT('',(104.74978951402,3.06065610107,
    3.716432584514));
#10708 = CARTESIAN_POINT('',(104.58971501376,3.504277144531,
    3.863629443716));
#10709 = CARTESIAN_POINT('',(104.32156312716,4.148469886985,
    4.109313827437));
#10710 = CARTESIAN_POINT('',(104.22180650513,4.370234896039,
    4.200550516783));
#10711 = CARTESIAN_POINT('',(104.11789594812,4.585256938277,
    4.295398538842));
#10712 = CARTESIAN_POINT('',(104.01021228069,4.793697911653,
    4.39347609161));
#10713 = CARTESIAN_POINT('',(103.89909511389,4.995733250071,
    4.494438778869));
#10714 = CARTESIAN_POINT('',(103.78484411247,5.191549083839,
    4.597978097662));
#10715 = CARTESIAN_POINT('',(103.66772026216,5.381339400122,
    4.703819925772));
#10716 = CARTESIAN_POINT('',(103.19182625107,6.112281938365,
    5.132550753668));
#10717 = CARTESIAN_POINT('',(102.81106798986,6.609619295561,5.4726960998
    ));
#10718 = CARTESIAN_POINT('',(102.41186241211,7.061020490491,
    5.825499243134));
#10719 = CARTESIAN_POINT('',(101.99832387319,7.470477766849,
    6.186064166944));
#10720 = CARTESIAN_POINT('',(101.57284148308,7.841872705885,
    6.55088435465));
#10721 = CARTESIAN_POINT('',(101.13617114497,8.1787721106,6.917434006292
    ));
#10722 = CARTESIAN_POINT('',(100.68764286018,8.484154027753,
    7.283784830891));
#10723 = CARTESIAN_POINT('',(99.835095404606,8.992663237608,
    7.953356332485));
#10724 = CARTESIAN_POINT('',(99.441562431159,9.200496129302,
    8.252419394734));
#10725 = CARTESIAN_POINT('',(99.039663349852,9.388411329073,
    8.545880820696));
#10726 = CARTESIAN_POINT('',(98.625352020382,9.558236848848,
    8.83345245528));
#10727 = CARTESIAN_POINT('',(98.196322850717,9.709607750135,
    9.111658609063));
#10728 = CARTESIAN_POINT('',(97.75215687524,9.840913563087,
    9.373092157009));
#10729 = CARTESIAN_POINT('',(97.293195533958,9.950592955545,
    9.60639675162));
#10730 = CARTESIAN_POINT('',(96.603568384745,10.075521695211,
    9.884925031105));
#10731 = CARTESIAN_POINT('',(96.383283477632,10.110011078593,
    9.964108810851));
#10732 = CARTESIAN_POINT('',(96.158805027705,10.139424313791,
    10.033542261597));
#10733 = CARTESIAN_POINT('',(95.931201926266,10.163345750099,
    10.091336893651));
#10734 = CARTESIAN_POINT('',(95.701184787136,10.181524258026,
    10.135986158597));
#10735 = CARTESIAN_POINT('',(95.469177264375,10.193790595815,
    10.166369656354));
#10736 = CARTESIAN_POINT('',(95.235404685472,10.2,10.181747943605));
#10737 = CARTESIAN_POINT('',(94.854231658534,10.2,10.181747943605));
#10738 = CARTESIAN_POINT('',(94.708669632955,10.197619216991,
    10.175851311567));
#10739 = CARTESIAN_POINT('',(94.563478340034,10.192869483815,
    10.164087174483));
#10740 = CARTESIAN_POINT('',(94.41883179049,10.185774437477,
    10.146569332004));
#10741 = CARTESIAN_POINT('',(94.274927688416,10.176371048514,
    10.123497928525));
#10742 = CARTESIAN_POINT('',(94.132001470955,10.164714195684,
    10.095160473502));
#10743 = CARTESIAN_POINT('',(93.99034028823,10.150884285965,
    10.061932210026));
#10744 = CARTESIAN_POINT('',(93.645813744894,10.111801571797,
    9.969292177321));
#10745 = CARTESIAN_POINT('',(93.444732406266,10.084215470079,
    9.904855029455));
#10746 = CARTESIAN_POINT('',(93.246811317385,10.05244637195,
    9.832036443633));
#10747 = CARTESIAN_POINT('',(93.051907932264,10.016667618308,
    9.751874990582));
#10748 = CARTESIAN_POINT('',(92.859955656478,9.977039261949,
    9.665359429798));
#10749 = CARTESIAN_POINT('',(92.670940610968,9.933719925958,
    9.573414759932));
#10750 = CARTESIAN_POINT('',(92.484878252375,9.886870392292,
    9.476890645922));
#10751 = CARTESIAN_POINT('',(91.958616583256,9.742515888161,
    9.188482066913));
#10752 = CARTESIAN_POINT('',(91.623269663205,9.63581740431,8.98557370327
    ));
#10753 = CARTESIAN_POINT('',(91.295718811817,9.517156520902,
    8.77226444508));
#10754 = CARTESIAN_POINT('',(90.97582639879,9.387011605555,
    8.551997965836));
#10755 = CARTESIAN_POINT('',(90.663114221131,9.24564684319,
    8.327076359348));
#10756 = CARTESIAN_POINT('',(90.356673507729,9.092908267837,
    8.098759421319));
#10757 = CARTESIAN_POINT('',(90.055248320239,8.928039720591,
    7.867524330665));
#10758 = CARTESIAN_POINT('',(89.317857004559,8.486221364152,
    7.28765502212));
#10759 = CARTESIAN_POINT('',(88.890717316498,8.195981311455,
    6.939115581113));
#10760 = CARTESIAN_POINT('',(88.474340657462,7.877164643043,
    6.590276385028));
#10761 = CARTESIAN_POINT('',(88.068187197946,7.527274038904,
    6.242908462437));
#10762 = CARTESIAN_POINT('',(87.672862195176,7.143325023394,
    5.899198349404));
#10763 = CARTESIAN_POINT('',(87.290269499476,6.722055304866,
    5.562084394102));
#10764 = CARTESIAN_POINT('',(86.923692012566,6.260082846669,
    5.235580710353));
#10765 = CARTESIAN_POINT('',(86.457298880409,5.577461273563,
    4.816597199036));
#10766 = CARTESIAN_POINT('',(86.338987864898,5.395199736836,
    4.709969744306));
#10767 = CARTESIAN_POINT('',(86.223303671082,5.207208234636,
    4.605399085781));
#10768 = CARTESIAN_POINT('',(86.110470173528,5.013290690349,
    4.503125122339));
#10769 = CARTESIAN_POINT('',(86.000749657524,4.813259160956,
    4.403421556673));
#10770 = CARTESIAN_POINT('',(85.89444263358,4.606933950662,
    4.306596186413));
#10771 = CARTESIAN_POINT('',(85.791887651926,4.394143724518,
    4.212991195243));
#10772 = CARTESIAN_POINT('',(85.559590173516,3.876292801853,
    4.000562974913));
#10773 = CARTESIAN_POINT('',(85.432872970789,3.564520016225,
    3.884354628285));
#10774 = CARTESIAN_POINT('',(85.31479941859,3.239831893549,
    3.775798976224));
#10775 = CARTESIAN_POINT('',(85.206803407298,2.902721152757,
    3.676291821669));
#10776 = CARTESIAN_POINT('',(85.110266437633,2.55375232257,
    3.587182317325));
#10777 = CARTESIAN_POINT('',(85.026521250365,2.193565460732,
    3.509771084569));
#10778 = CARTESIAN_POINT('',(84.956855456031,1.822879873247,
    3.445308332362));
#10779 = CARTESIAN_POINT('',(84.902515164656,1.442497833621,
    3.394991976161));
#10780 = PCURVE('',#2433,#10781);
#10781 = DEFINITIONAL_REPRESENTATION('',(#10782),#10862);
#10782 = B_SPLINE_CURVE_WITH_KNOTS('',8,(#10783,#10784,#10785,#10786,
    #10787,#10788,#10789,#10790,#10791,#10792,#10793,#10794,#10795,
    #10796,#10797,#10798,#10799,#10800,#10801,#10802,#10803,#10804,
    #10805,#10806,#10807,#10808,#10809,#10810,#10811,#10812,#10813,
    #10814,#10815,#10816,#10817,#10818,#10819,#10820,#10821,#10822,
    #10823,#10824,#10825,#10826,#10827,#10828,#10829,#10830,#10831,
    #10832,#10833,#10834,#10835,#10836,#10837,#10838,#10839,#10840,
    #10841,#10842,#10843,#10844,#10845,#10846,#10847,#10848,#10849,
    #10850,#10851,#10852,#10853,#10854,#10855,#10856,#10857,#10858,
    #10859,#10860,#10861),.UNSPECIFIED.,.F.,.F.,(9,7,7,7,7,7,7,7,7,7,7,9
    ),(0.,9.961866209541E-02,0.154434557124,0.317418407134,
    0.454795217279,0.516861346514,0.555294212459,0.611411648729,
    0.716595831122,0.871926199439,0.926192222855,1.),.UNSPECIFIED.);
#10783 = CARTESIAN_POINT('',(0.,21.2));
#10784 = CARTESIAN_POINT('',(4.896239452231E-02,21.2));
#10785 = CARTESIAN_POINT('',(9.737821963096E-02,21.16749891423));
#10786 = CARTESIAN_POINT('',(0.145051087223,21.103764832698));
#10787 = CARTESIAN_POINT('',(0.191775782575,21.010866373801));
#10788 = CARTESIAN_POINT('',(0.237331786095,20.891659177229));
#10789 = CARTESIAN_POINT('',(0.281474595685,20.749789514021));
#10790 = CARTESIAN_POINT('',(0.323924849683,20.589715013761));
#10791 = CARTESIAN_POINT('',(0.386602373159,20.321563127168));
#10792 = CARTESIAN_POINT('',(0.408395010973,20.221806505135));
#10793 = CARTESIAN_POINT('',(0.429748632417,20.117895948122));
#10794 = CARTESIAN_POINT('',(0.450678553521,20.010212280692));
#10795 = CARTESIAN_POINT('',(0.471200032272,19.89909511389));
#10796 = CARTESIAN_POINT('',(0.491328363091,19.784844112477));
#10797 = CARTESIAN_POINT('',(0.511078971311,19.667720262166));
#10798 = CARTESIAN_POINT('',(0.588115354097,19.191826251071));
#10799 = CARTESIAN_POINT('',(0.642759037722,18.811067989862));
#10800 = CARTESIAN_POINT('',(0.694674778629,18.411862412114));
#10801 = CARTESIAN_POINT('',(0.744114373701,17.99832387319));
#10802 = CARTESIAN_POINT('',(0.791313188183,17.572841483089));
#10803 = CARTESIAN_POINT('',(0.836482757414,17.136171144976));
#10804 = CARTESIAN_POINT('',(0.879796272901,16.687642860189));
#10805 = CARTESIAN_POINT('',(0.956230634752,15.835095404606));
#10806 = CARTESIAN_POINT('',(0.989309212488,15.441562431159));
#10807 = CARTESIAN_POINT('',(1.020952140453,15.03966334985));
#10808 = CARTESIAN_POINT('',(1.051275209954,14.625352020385));
#10809 = CARTESIAN_POINT('',(1.080035462068,14.196322850714));
#10810 = CARTESIAN_POINT('',(1.106616520614,13.75215687524));
#10811 = CARTESIAN_POINT('',(1.130049125651,13.293195533958));
#10812 = CARTESIAN_POINT('',(1.157800261801,12.603568384745));
#10813 = CARTESIAN_POINT('',(1.165651494616,12.383283477632));
#10814 = CARTESIAN_POINT('',(1.172506173779,12.158805027705));
#10815 = CARTESIAN_POINT('',(1.178192239185,11.931201926266));
#10816 = CARTESIAN_POINT('',(1.182574741376,11.701184787136));
#10817 = CARTESIAN_POINT('',(1.185553535642,11.469177264375));
#10818 = CARTESIAN_POINT('',(1.187061203824,11.235404685472));
#10819 = CARTESIAN_POINT('',(1.187061203824,10.854231658534));
#10820 = CARTESIAN_POINT('',(1.186483102891,10.708669632955));
#10821 = CARTESIAN_POINT('',(1.185329755454,10.563478340034));
#10822 = CARTESIAN_POINT('',(1.183611564735,10.41883179049));
#10823 = CARTESIAN_POINT('',(1.181346659002,10.274927688416));
#10824 = CARTESIAN_POINT('',(1.178561111031,10.132001470955));
#10825 = CARTESIAN_POINT('',(1.175289200753,9.99034028823));
#10826 = CARTESIAN_POINT('',(1.166148593775,9.645813744894));
#10827 = CARTESIAN_POINT('',(1.159776518864,9.444732406266));
#10828 = CARTESIAN_POINT('',(1.152554359768,9.246811317385));
#10829 = CARTESIAN_POINT('',(1.144574626784,9.051907932264));
#10830 = CARTESIAN_POINT('',(1.135924652481,8.859955656478));
#10831 = CARTESIAN_POINT('',(1.126685785233,8.670940610968));
#10832 = CARTESIAN_POINT('',(1.116932600933,8.484878252375));
#10833 = CARTESIAN_POINT('',(1.087612800934,7.958616583256));
#10834 = CARTESIAN_POINT('',(1.066775903655,7.623269663205));
#10835 = CARTESIAN_POINT('',(1.044596153677,7.295718811817));
#10836 = CARTESIAN_POINT('',(1.021354013109,6.97582639879));
#10837 = CARTESIAN_POINT('',(0.997222333861,6.663114221131));
#10838 = CARTESIAN_POINT('',(0.972267929529,6.356673507729));
#10839 = CARTESIAN_POINT('',(0.946463488311,6.055248320239));
#10840 = CARTESIAN_POINT('',(0.88019008296,5.317857004559));
#10841 = CARTESIAN_POINT('',(0.838995756249,4.890717316498));
#10842 = CARTESIAN_POINT('',(0.796111260419,4.474340657464));
#10843 = CARTESIAN_POINT('',(0.751399576753,4.068187197944));
#10844 = CARTESIAN_POINT('',(0.704686676505,3.672862195177));
#10845 = CARTESIAN_POINT('',(0.655776208071,3.290269499475));
#10846 = CARTESIAN_POINT('',(0.604456182669,2.923692012566));
#10847 = CARTESIAN_POINT('',(0.531642631867,2.457298880409));
#10848 = CARTESIAN_POINT('',(0.51245054716,2.338987864898));
#10849 = CARTESIAN_POINT('',(0.492902090872,2.223303671082));
#10850 = CARTESIAN_POINT('',(0.472981746408,2.110470173528));
#10851 = CARTESIAN_POINT('',(0.452674391177,2.000749657524));
#10852 = CARTESIAN_POINT('',(0.431964964816,1.89444263358));
#10853 = CARTESIAN_POINT('',(0.410838137403,1.791887651926));
#10854 = CARTESIAN_POINT('',(0.359953782463,1.559590173516));
#10855 = CARTESIAN_POINT('',(0.329721912409,1.432872970789));
#10856 = CARTESIAN_POINT('',(0.298629403917,1.31479941859));
#10857 = CARTESIAN_POINT('',(0.266717393674,1.206803407298));
#10858 = CARTESIAN_POINT('',(0.234021553969,1.110266437633));
#10859 = CARTESIAN_POINT('',(0.200572528018,1.026521250365));
#10860 = CARTESIAN_POINT('',(0.16639636528,0.956855456031));
#10861 = CARTESIAN_POINT('',(0.131514956775,0.902515164656));
#10862 = ( GEOMETRIC_REPRESENTATION_CONTEXT(2) 
PARAMETRIC_REPRESENTATION_CONTEXT() REPRESENTATION_CONTEXT('2D SPACE',''
  ) );
#10863 = PCURVE('',#10864,#10869);
#10864 = CYLINDRICAL_SURFACE('',#10865,10.2);
#10865 = AXIS2_PLACEMENT_3D('',#10866,#10867,#10868);
#10866 = CARTESIAN_POINT('',(95.,0.,3.3));
#10867 = DIRECTION('',(-0.,-0.,-1.));
#10868 = DIRECTION('',(-0.989949493661,-0.141421356237,0.));
#10869 = DEFINITIONAL_REPRESENTATION('',(#10870),#10950);
#10870 = B_SPLINE_CURVE_WITH_KNOTS('',8,(#10871,#10872,#10873,#10874,
    #10875,#10876,#10877,#10878,#10879,#10880,#10881,#10882,#10883,
    #10884,#10885,#10886,#10887,#10888,#10889,#10890,#10891,#10892,
    #10893,#10894,#10895,#10896,#10897,#10898,#10899,#10900,#10901,
    #10902,#10903,#10904,#10905,#10906,#10907,#10908,#10909,#10910,
    #10911,#10912,#10913,#10914,#10915,#10916,#10917,#10918,#10919,
    #10920,#10921,#10922,#10923,#10924,#10925,#10926,#10927,#10928,
    #10929,#10930,#10931,#10932,#10933,#10934,#10935,#10936,#10937,
    #10938,#10939,#10940,#10941,#10942,#10943,#10944,#10945,#10946,
    #10947,#10948,#10949),.UNSPECIFIED.,.F.,.F.,(9,7,7,7,7,7,7,7,7,7,7,9
    ),(0.,9.961866209541E-02,0.154434557124,0.317418407134,
    0.454795217279,0.516861346514,0.555294212459,0.611411648729,
    0.716595831122,0.871926199439,0.926192222855,1.),.UNSPECIFIED.);
#10871 = CARTESIAN_POINT('',(-2.999695598986,2.48689957516E-14));
#10872 = CARTESIAN_POINT('',(-3.052498181314,2.48689957516E-14));
#10873 = CARTESIAN_POINT('',(-3.104711294943,-3.013766464302E-02));
#10874 = CARTESIAN_POINT('',(-3.156154736338,-8.923578032547E-02));
#10875 = CARTESIAN_POINT('',(-3.206635447927,-0.175303034382));
#10876 = CARTESIAN_POINT('',(-3.25594106077,-0.285554452255));
#10877 = CARTESIAN_POINT('',(-3.303829226585,-0.416432584514));
#10878 = CARTESIAN_POINT('',(-3.350012739152,-0.563629443716));
#10879 = CARTESIAN_POINT('',(-3.418422036936,-0.809313827437));
#10880 = CARTESIAN_POINT('',(-3.44225261313,-0.900550516783));
#10881 = CARTESIAN_POINT('',(-3.465651164449,-0.995398538842));
#10882 = CARTESIAN_POINT('',(-3.488636447729,-1.09347609161));
#10883 = CARTESIAN_POINT('',(-3.511227165882,-1.194438778869));
#10884 = CARTESIAN_POINT('',(-3.533442147935,-1.297978097662));
#10885 = CARTESIAN_POINT('',(-3.555300529075,-1.403819925772));
#10886 = CARTESIAN_POINT('',(-3.64081141567,-1.832550753668));
#10887 = CARTESIAN_POINT('',(-3.702040269139,-2.172696099802));
#10888 = CARTESIAN_POINT('',(-3.760880958555,-2.52549924313));
#10889 = CARTESIAN_POINT('',(-3.81769632781,-2.88606416695));
#10890 = CARTESIAN_POINT('',(-3.872857413077,-3.250884354646));
#10891 = CARTESIAN_POINT('',(-3.926768628792,-3.617434006293));
#10892 = CARTESIAN_POINT('',(-3.979871044847,-3.983784830891));
#10893 = CARTESIAN_POINT('',(-4.077192870164,-4.653356332485));
#10894 = CARTESIAN_POINT('',(-4.120765712397,-4.952419394734));
#10895 = CARTESIAN_POINT('',(-4.164176825966,-5.245880820696));
#10896 = CARTESIAN_POINT('',(-4.207970382958,-5.53345245528));
#10897 = CARTESIAN_POINT('',(-4.252456496326,-5.811658609063));
#10898 = CARTESIAN_POINT('',(-4.297760780989,-6.073092157009));
#10899 = CARTESIAN_POINT('',(-4.343953131677,-6.30639675162));
#10900 = CARTESIAN_POINT('',(-4.412664060943,-6.584925031105));
#10901 = CARTESIAN_POINT('',(-4.434517454351,-6.664108810851));
#10902 = CARTESIAN_POINT('',(-4.456701649123,-6.733542261597));
#10903 = CARTESIAN_POINT('',(-4.479123793009,-6.791336893651));
#10904 = CARTESIAN_POINT('',(-4.501729557624,-6.835986158597));
#10905 = CARTESIAN_POINT('',(-4.524494171103,-6.866369656354));
#10906 = CARTESIAN_POINT('',(-4.547413035048,-6.881747943605));
#10907 = CARTESIAN_POINT('',(-4.58478293965,-6.881747943605));
#10908 = CARTESIAN_POINT('',(-4.599053725032,-6.875851311567));
#10909 = CARTESIAN_POINT('',(-4.613292616879,-6.864087174483));
#10910 = CARTESIAN_POINT('',(-4.627486938306,-6.846569332004));
#10911 = CARTESIAN_POINT('',(-4.641621576489,-6.823497928525));
#10912 = CARTESIAN_POINT('',(-4.655677492302,-6.795160473502));
#10913 = CARTESIAN_POINT('',(-4.669630163682,-6.761932210026));
#10914 = CARTESIAN_POINT('',(-4.703623909518,-6.669292177321));
#10915 = CARTESIAN_POINT('',(-4.723516984045,-6.604855029455));
#10916 = CARTESIAN_POINT('',(-4.743160919516,-6.532036443633));
#10917 = CARTESIAN_POINT('',(-4.762578782994,-6.451874990582));
#10918 = CARTESIAN_POINT('',(-4.781785338171,-6.365359429798));
#10919 = CARTESIAN_POINT('',(-4.800789373068,-6.273414759932));
#10920 = CARTESIAN_POINT('',(-4.81959599265,-6.176890645922));
#10921 = CARTESIAN_POINT('',(-4.873096089418,-5.888482066913));
#10922 = CARTESIAN_POINT('',(-4.907569236324,-5.68557370327));
#10923 = CARTESIAN_POINT('',(-4.941680161732,-5.47226444508));
#10924 = CARTESIAN_POINT('',(-4.975487957391,-5.251997965836));
#10925 = CARTESIAN_POINT('',(-5.009084497411,-5.027076359348));
#10926 = CARTESIAN_POINT('',(-5.042612268489,-4.798759421319));
#10927 = CARTESIAN_POINT('',(-5.076269365096,-4.567524330665));
#10928 = CARTESIAN_POINT('',(-5.160545999238,-3.98765502212));
#10929 = CARTESIAN_POINT('',(-5.211092917804,-3.639115581112));
#10930 = CARTESIAN_POINT('',(-5.262367941256,-3.290276385029));
#10931 = CARTESIAN_POINT('',(-5.314745391715,-2.942908462436));
#10932 = CARTESIAN_POINT('',(-5.368570385184,-2.599198349405));
#10933 = CARTESIAN_POINT('',(-5.424162282506,-2.262084394102));
#10934 = CARTESIAN_POINT('',(-5.481833064124,-1.935580710353));
#10935 = CARTESIAN_POINT('',(-5.562885752606,-1.516597199036));
#10936 = CARTESIAN_POINT('',(-5.584183146498,-1.409969744306));
#10937 = CARTESIAN_POINT('',(-5.605813201107,-1.305399085781));
#10938 = CARTESIAN_POINT('',(-5.627795224558,-1.203125122339));
#10939 = CARTESIAN_POINT('',(-5.650147881778,-1.103421556673));
#10940 = CARTESIAN_POINT('',(-5.672889637915,-1.006596186413));
#10941 = CARTESIAN_POINT('',(-5.696039201758,-0.912991195243));
#10942 = CARTESIAN_POINT('',(-5.751682973216,-0.700562974913));
#10943 = CARTESIAN_POINT('',(-5.78465617485,-0.584354628285));
#10944 = CARTESIAN_POINT('',(-5.818488145306,-0.475798976224));
#10945 = CARTESIAN_POINT('',(-5.853139394191,-0.376291821669));
#10946 = CARTESIAN_POINT('',(-5.888577762133,-0.287182317325));
#10947 = CARTESIAN_POINT('',(-5.924777813453,-0.209771084569));
#10948 = CARTESIAN_POINT('',(-5.961720228831,-0.145308332362));
#10949 = CARTESIAN_POINT('',(-5.999391197971,-9.499197616067E-02));
#10950 = ( GEOMETRIC_REPRESENTATION_CONTEXT(2) 
PARAMETRIC_REPRESENTATION_CONTEXT() REPRESENTATION_CONTEXT('2D SPACE',''
  ) );
#10951 = ORIENTED_EDGE('',*,*,#10952,.F.);
#10952 = EDGE_CURVE('',#10953,#10697,#10955,.T.);
#10953 = VERTEX_POINT('',#10954);
#10954 = CARTESIAN_POINT('',(84.,7.945373618893,21.907301627792));
#10955 = SURFACE_CURVE('',#10956,(#10961,#10979),.PCURVE_S1.);
#10956 = ELLIPSE('',#10957,15.556349186104,11.);
#10957 = AXIS2_PLACEMENT_3D('',#10958,#10959,#10960);
#10958 = CARTESIAN_POINT('',(91.607301627792,0.,14.3));
#10959 = DIRECTION('',(-0.707106781187,0.,-0.707106781187));
#10960 = DIRECTION('',(0.707106781187,0.,-0.707106781187));
#10961 = PCURVE('',#2433,#10962);
#10962 = DEFINITIONAL_REPRESENTATION('',(#10963),#10978);
#10963 = B_SPLINE_CURVE_WITH_KNOTS('',7,(#10964,#10965,#10966,#10967,
    #10968,#10969,#10970,#10971,#10972,#10973,#10974,#10975,#10976,
    #10977),.UNSPECIFIED.,.F.,.F.,(8,6,8),(3.94872454313,5.115954925155,
    6.28318530718),.UNSPECIFIED.);
#10964 = CARTESIAN_POINT('',(2.334460764049,-6.000000212225E-07));
#10965 = CARTESIAN_POINT('',(2.167713566617,1.32486808771));
#10966 = CARTESIAN_POINT('',(2.000966369185,2.896508333036));
#10967 = CARTESIAN_POINT('',(1.834219171753,4.654749505533));
#10968 = CARTESIAN_POINT('',(1.66747197432,6.522625268158));
#10969 = CARTESIAN_POINT('',(1.500724776889,8.413139708938));
#10970 = CARTESIAN_POINT('',(1.333977579457,10.240135140955));
#10971 = CARTESIAN_POINT('',(1.000483184593,13.613874980183));
#10972 = CARTESIAN_POINT('',(0.833735987161,15.160618048299));
#10973 = CARTESIAN_POINT('',(0.666988789728,16.490635621878));
#10974 = CARTESIAN_POINT('',(0.500241592297,17.536829813473));
#10975 = CARTESIAN_POINT('',(0.333494394864,18.250474353547));
#10976 = CARTESIAN_POINT('',(0.166747197432,18.607301627792));
#10977 = CARTESIAN_POINT('',(2.449293598295E-16,18.607301627792));
#10978 = ( GEOMETRIC_REPRESENTATION_CONTEXT(2) 
PARAMETRIC_REPRESENTATION_CONTEXT() REPRESENTATION_CONTEXT('2D SPACE',''
  ) );
#10979 = PCURVE('',#10138,#10980);
#10980 = DEFINITIONAL_REPRESENTATION('',(#10981),#10985);
#10981 = ELLIPSE('',#10982,15.556349186104,11.);
#10982 = AXIS2_PLACEMENT_2D('',#10983,#10984);
#10983 = CARTESIAN_POINT('',(497.60099997449,-500.));
#10984 = DIRECTION('',(1.,0.));
#10985 = ( GEOMETRIC_REPRESENTATION_CONTEXT(2) 
PARAMETRIC_REPRESENTATION_CONTEXT() REPRESENTATION_CONTEXT('2D SPACE',''
  ) );
#10986 = ORIENTED_EDGE('',*,*,#10987,.T.);
#10987 = EDGE_CURVE('',#10953,#10988,#10990,.T.);
#10988 = VERTEX_POINT('',#10989);
#10989 = CARTESIAN_POINT('',(84.,1.141659445402,25.240594760374));
#10990 = SURFACE_CURVE('',#10991,(#10996,#11003),.PCURVE_S1.);
#10991 = CIRCLE('',#10992,11.);
#10992 = AXIS2_PLACEMENT_3D('',#10993,#10994,#10995);
#10993 = CARTESIAN_POINT('',(84.,0.,14.3));
#10994 = DIRECTION('',(1.,-0.,2.22044604925E-16));
#10995 = DIRECTION('',(2.22044604925E-16,0.,-1.));
#10996 = PCURVE('',#2433,#10997);
#10997 = DEFINITIONAL_REPRESENTATION('',(#10998),#11002);
#10998 = LINE('',#10999,#11000);
#10999 = CARTESIAN_POINT('',(0.,0.));
#11000 = VECTOR('',#11001,1.);
#11001 = DIRECTION('',(1.,0.));
#11002 = ( GEOMETRIC_REPRESENTATION_CONTEXT(2) 
PARAMETRIC_REPRESENTATION_CONTEXT() REPRESENTATION_CONTEXT('2D SPACE',''
  ) );
#11003 = PCURVE('',#11004,#11009);
#11004 = PLANE('',#11005);
#11005 = AXIS2_PLACEMENT_3D('',#11006,#11007,#11008);
#11006 = CARTESIAN_POINT('',(84.,0.,14.3));
#11007 = DIRECTION('',(1.,0.,2.22044604925E-16));
#11008 = DIRECTION('',(2.22044604925E-16,0.,-1.));
#11009 = DEFINITIONAL_REPRESENTATION('',(#11010),#11014);
#11010 = CIRCLE('',#11011,11.);
#11011 = AXIS2_PLACEMENT_2D('',#11012,#11013);
#11012 = CARTESIAN_POINT('',(0.,0.));
#11013 = DIRECTION('',(1.,0.));
#11014 = ( GEOMETRIC_REPRESENTATION_CONTEXT(2) 
PARAMETRIC_REPRESENTATION_CONTEXT() REPRESENTATION_CONTEXT('2D SPACE',''
  ) );
#11015 = ORIENTED_EDGE('',*,*,#11016,.F.);
#11016 = EDGE_CURVE('',#11017,#10988,#11019,.T.);
#11017 = VERTEX_POINT('',#11018);
#11018 = CARTESIAN_POINT('',(84.902515164656,1.442497833621,
    25.205008023839));
#11019 = SURFACE_CURVE('',#11020,(#11025,#11035),.PCURVE_S1.);
#11020 = ELLIPSE('',#11021,34.785054261852,11.);
#11021 = AXIS2_PLACEMENT_3D('',#11022,#11023,#11024);
#11022 = CARTESIAN_POINT('',(80.575021663794,0.,14.3));
#11023 = DIRECTION('',(0.316227766017,-0.948683298051,0.));
#11024 = DIRECTION('',(0.948683298051,0.316227766017,2.340555645718E-16)
  );
#11025 = PCURVE('',#2433,#11026);
#11026 = DEFINITIONAL_REPRESENTATION('',(#11027),#11034);
#11027 = B_SPLINE_CURVE_WITH_KNOTS('',5,(#11028,#11029,#11030,#11031,
    #11032,#11033),.UNSPECIFIED.,.F.,.F.,(6,6),(1.426041542114,
    1.466821884755),.PIECEWISE_BEZIER_KNOTS.);
#11028 = CARTESIAN_POINT('',(2.996837868909,1.335264514742));
#11029 = CARTESIAN_POINT('',(3.004993937437,1.068929213033));
#11030 = CARTESIAN_POINT('',(3.013150005965,0.802198088481));
#11031 = CARTESIAN_POINT('',(3.021306074493,0.535108051522));
#11032 = CARTESIAN_POINT('',(3.029462143022,0.267696122322));
#11033 = CARTESIAN_POINT('',(3.03761821155,-6.000000070117E-07));
#11034 = ( GEOMETRIC_REPRESENTATION_CONTEXT(2) 
PARAMETRIC_REPRESENTATION_CONTEXT() REPRESENTATION_CONTEXT('2D SPACE',''
  ) );
#11035 = PCURVE('',#7312,#11036);
#11036 = DEFINITIONAL_REPRESENTATION('',(#11037),#11041);
#11037 = ELLIPSE('',#11038,34.785054261852,11.);
#11038 = AXIS2_PLACEMENT_2D('',#11039,#11040);
#11039 = CARTESIAN_POINT('',(4.5615786741,-11.));
#11040 = DIRECTION('',(-1.,-2.340555645718E-16));
#11041 = ( GEOMETRIC_REPRESENTATION_CONTEXT(2) 
PARAMETRIC_REPRESENTATION_CONTEXT() REPRESENTATION_CONTEXT('2D SPACE',''
  ) );
#11042 = ORIENTED_EDGE('',*,*,#11043,.F.);
#11043 = EDGE_CURVE('',#11044,#11017,#11046,.T.);
#11044 = VERTEX_POINT('',#11045);
#11045 = CARTESIAN_POINT('',(84.902515164656,-1.442497833621,
    25.205008023839));
#11046 = SURFACE_CURVE('',#11047,(#11211,#11378),.PCURVE_S1.);
#11047 = B_SPLINE_CURVE_WITH_KNOTS('',8,(#11048,#11049,#11050,#11051,
    #11052,#11053,#11054,#11055,#11056,#11057,#11058,#11059,#11060,
    #11061,#11062,#11063,#11064,#11065,#11066,#11067,#11068,#11069,
    #11070,#11071,#11072,#11073,#11074,#11075,#11076,#11077,#11078,
    #11079,#11080,#11081,#11082,#11083,#11084,#11085,#11086,#11087,
    #11088,#11089,#11090,#11091,#11092,#11093,#11094,#11095,#11096,
    #11097,#11098,#11099,#11100,#11101,#11102,#11103,#11104,#11105,
    #11106,#11107,#11108,#11109,#11110,#11111,#11112,#11113,#11114,
    #11115,#11116,#11117,#11118,#11119,#11120,#11121,#11122,#11123,
    #11124,#11125,#11126,#11127,#11128,#11129,#11130,#11131,#11132,
    #11133,#11134,#11135,#11136,#11137,#11138,#11139,#11140,#11141,
    #11142,#11143,#11144,#11145,#11146,#11147,#11148,#11149,#11150,
    #11151,#11152,#11153,#11154,#11155,#11156,#11157,#11158,#11159,
    #11160,#11161,#11162,#11163,#11164,#11165,#11166,#11167,#11168,
    #11169,#11170,#11171,#11172,#11173,#11174,#11175,#11176,#11177,
    #11178,#11179,#11180,#11181,#11182,#11183,#11184,#11185,#11186,
    #11187,#11188,#11189,#11190,#11191,#11192,#11193,#11194,#11195,
    #11196,#11197,#11198,#11199,#11200,#11201,#11202,#11203,#11204,
    #11205,#11206,#11207,#11208,#11209,#11210),.UNSPECIFIED.,.F.,.F.,(9,
    7,7,7,7,7,7,7,7,7,7,7,7,7,7,7,7,7,7,7,7,7,7,9),(0.,3.75993886704E-02
    ,9.415022510751E-02,0.140850021602,0.193428648621,0.209162887099,
    0.240206416696,0.259234858912,0.296675249929,0.339257328458,
    0.420683690018,0.467587254924,0.496712057205,0.547264759303,
    0.574827621437,0.656780154506,0.725856799682,0.757065269604,
    0.776390318088,0.804607630345,0.857496983905,0.935601149206,
    0.962887522817,1.),.UNSPECIFIED.);
#11048 = CARTESIAN_POINT('',(84.902515164656,-1.442497833621,
    25.205008023839));
#11049 = CARTESIAN_POINT('',(84.958252004424,-1.832655711995,
    25.153398534594));
#11050 = CARTESIAN_POINT('',(85.03009635568,-2.21250148651,
    25.086920835729));
#11051 = CARTESIAN_POINT('',(85.116692197084,-2.581211970062,
    25.006878126277));
#11052 = CARTESIAN_POINT('',(85.216648696335,-2.938057159944,
    24.914620937844));
#11053 = CARTESIAN_POINT('',(85.328536078478,-3.282395425443,
    24.811545238905));
#11054 = CARTESIAN_POINT('',(85.450881494208,-3.613668695441,
    24.699090539099));
#11055 = CARTESIAN_POINT('',(85.582164888177,-3.931397646017,
    24.578737993524));
#11056 = CARTESIAN_POINT('',(85.929349435768,-4.692071822675,
    24.261402789355));
#11057 = CARTESIAN_POINT('',(86.15581039399,-5.120176277451,
    24.055217995587));
#11058 = CARTESIAN_POINT('',(86.396765515943,-5.520864218239,
    23.836892053391));
#11059 = CARTESIAN_POINT('',(86.649524229339,-5.895746330946,
    23.609195638943));
#11060 = CARTESIAN_POINT('',(86.912072231014,-6.246568288245,
    23.374287665837));
#11061 = CARTESIAN_POINT('',(87.183025130673,-6.575121542256,
    23.133778590812));
#11062 = CARTESIAN_POINT('',(87.461601122978,-6.883166643195,
    22.888801536319));
#11063 = CARTESIAN_POINT('',(87.983801623896,-7.411193051601,
    22.434705749741));
#11064 = CARTESIAN_POINT('',(88.224846584416,-7.636949656227,
    22.226961863458));
#11065 = CARTESIAN_POINT('',(88.470286522796,-7.850274901439,
    22.017576465304));
#11066 = CARTESIAN_POINT('',(88.719824308432,-8.051776757907,
    21.807170227621));
#11067 = CARTESIAN_POINT('',(88.973302908097,-8.242014739965,
    21.596299846379));
#11068 = CARTESIAN_POINT('',(89.230689270466,-8.421484225418,
    21.385502004211));
#11069 = CARTESIAN_POINT('',(89.492065913926,-8.590605518548,
    21.175349050956));
#11070 = CARTESIAN_POINT('',(90.05662523538,-8.928859716379,
    20.731394735275));
#11071 = CARTESIAN_POINT('',(90.359332306952,-9.094357169159,
    20.499203255213));
#11072 = CARTESIAN_POINT('',(90.667093960166,-9.247625036677,
    20.2699613544));
#11073 = CARTESIAN_POINT('',(90.981190907184,-9.389431872955,
    20.044146756761));
#11074 = CARTESIAN_POINT('',(91.30254714065,-9.519930426911,
    19.823037114092));
#11075 = CARTESIAN_POINT('',(91.631645227535,-9.638847539518,
    19.6089754557));
#11076 = CARTESIAN_POINT('',(91.968620724787,-9.745693965541,
    19.40546982698));
#11077 = CARTESIAN_POINT('',(92.416711705887,-9.868032593951,
    19.160648762932));
#11078 = CARTESIAN_POINT('',(92.520776245989,-9.895115019084,
    19.105528359303));
#11079 = CARTESIAN_POINT('',(92.625722088759,-9.921085355985,
    19.051793120559));
#11080 = CARTESIAN_POINT('',(92.731573319621,-9.94592437372,
    18.999571088893));
#11081 = CARTESIAN_POINT('',(92.838354281769,-9.969610339982,
    18.94900147033));
#11082 = CARTESIAN_POINT('',(92.946089576158,-9.992119021096,
    18.900234634726));
#11083 = CARTESIAN_POINT('',(93.054804061513,-10.01342368202,
    18.85343211577));
#11084 = CARTESIAN_POINT('',(93.380997175394,-10.07309581027,
    18.720641918968));
#11085 = CARTESIAN_POINT('',(93.60327234228,-10.10824192789,
    18.640065519308));
#11086 = CARTESIAN_POINT('',(93.829832685202,-10.13822339818,
    18.569357941229));
#11087 = CARTESIAN_POINT('',(94.05958664833,-10.16261219095,
    18.510464474656));
#11088 = CARTESIAN_POINT('',(94.291812641113,-10.18115017625,
    18.464940459524));
#11089 = CARTESIAN_POINT('',(94.526086344996,-10.19366300773,
    18.43394627897));
#11090 = CARTESIAN_POINT('',(94.762189475552,-10.2,18.418252056395));
#11091 = CARTESIAN_POINT('',(95.145768341466,-10.2,18.418252056395));
#11092 = CARTESIAN_POINT('',(95.291330367045,-10.19761921699,
    18.424148688433));
#11093 = CARTESIAN_POINT('',(95.436521659966,-10.19286948381,
    18.435912825517));
#11094 = CARTESIAN_POINT('',(95.58116820951,-10.18577443747,
    18.453430667996));
#11095 = CARTESIAN_POINT('',(95.725072311584,-10.17637104851,
    18.476502071475));
#11096 = CARTESIAN_POINT('',(95.867998529045,-10.16471419568,
    18.504839526498));
#11097 = CARTESIAN_POINT('',(96.009659711771,-10.15088428596,
    18.538067789974));
#11098 = CARTESIAN_POINT('',(96.42525260773,-10.1037398825,
    18.649816914151));
#11099 = CARTESIAN_POINT('',(96.694356731737,-10.06454152615,
    18.741003866754));
#11100 = CARTESIAN_POINT('',(96.957700647201,-10.01792547698,
    18.846623131189));
#11101 = CARTESIAN_POINT('',(97.215661632201,-9.964290172501,
    18.964177470438));
#11102 = CARTESIAN_POINT('',(97.468442621973,-9.903981686348,
    19.091421600165));
#11103 = CARTESIAN_POINT('',(97.716188588979,-9.837318539022,
    19.226425958616));
#11104 = CARTESIAN_POINT('',(97.95908572522,-9.76456949474,
    19.367616951707));
#11105 = CARTESIAN_POINT('',(98.468534782753,-9.596393365189,
    19.68004483865));
#11106 = CARTESIAN_POINT('',(98.734830602757,-9.498869189205,
    19.853405713559));
#11107 = CARTESIAN_POINT('',(98.996383333462,-9.393534605131,
    20.032003312909));
#11108 = CARTESIAN_POINT('',(99.25334394331,-9.280532638285,
    20.214398766972));
#11109 = CARTESIAN_POINT('',(99.505990311684,-9.159889292946,
    20.399577161161));
#11110 = CARTESIAN_POINT('',(99.754727395274,-9.031463226064,
    20.586889299318));
#11111 = CARTESIAN_POINT('',(100.00005231143,-8.894905570953,
    20.7759629445));
#11112 = CARTESIAN_POINT('',(100.70604806883,-8.471898303911,
    21.331143434116));
#11113 = CARTESIAN_POINT('',(101.15543344655,-8.164496767598,
    21.698588770562));
#11114 = CARTESIAN_POINT('',(101.5928943688,-7.825333696751,
    22.066138110435));
#11115 = CARTESIAN_POINT('',(102.01909633561,-7.451372550637,
    22.431867014302));
#11116 = CARTESIAN_POINT('',(102.43324940037,-7.038985071691,
    22.793221466611));
#11117 = CARTESIAN_POINT('',(102.83289774975,-6.584230114465,
    23.146635965983));
#11118 = CARTESIAN_POINT('',(103.21382614084,-6.083063351535,
    23.487120296836));
#11119 = CARTESIAN_POINT('',(103.77469550685,-5.214172364327,
    23.992646563281));
#11120 = CARTESIAN_POINT('',(103.97215903182,-4.878746277885,
    24.171573305332));
#11121 = CARTESIAN_POINT('',(104.16065003718,-4.524720412021,
    24.343164886997));
#11122 = CARTESIAN_POINT('',(104.33847686289,-4.151416459838,
    24.505701625285));
#11123 = CARTESIAN_POINT('',(104.50368589634,-3.758262620347,
    24.657223884862));
#11124 = CARTESIAN_POINT('',(104.65404597302,-3.344833518956,
    24.795517612285));
#11125 = CARTESIAN_POINT('',(104.78703023401,-2.910891656494,
    24.918101756612));
#11126 = CARTESIAN_POINT('',(104.96981707566,-2.174232335241,
    25.086868369351));
#11127 = CARTESIAN_POINT('',(105.03207232486,-1.884002054969,
    25.144425877721));
#11128 = CARTESIAN_POINT('',(105.08557739852,-1.586898956933,
    25.193949010964));
#11129 = CARTESIAN_POINT('',(105.12952750639,-1.284110186767,
    25.234664063907));
#11130 = CARTESIAN_POINT('',(105.16329635783,-0.976845589784,
    25.265966457367));
#11131 = CARTESIAN_POINT('',(105.18643566251,-0.666332676018,
    25.287422478787));
#11132 = CARTESIAN_POINT('',(105.19867463108,-0.353811585256,
    25.298771022873));
#11133 = CARTESIAN_POINT('',(105.2020801865,0.50324112503,
    25.301928898035));
#11134 = CARTESIAN_POINT('',(105.17108757,1.041296624861,25.273190077501
    ));
#11135 = CARTESIAN_POINT('',(105.10816944154,1.56934468735,
    25.214845167288));
#11136 = CARTESIAN_POINT('',(105.01540202476,2.083169812443,
    25.128892031166));
#11137 = CARTESIAN_POINT('',(104.89569514463,2.57875351896,
    25.01816880965));
#11138 = CARTESIAN_POINT('',(104.75279575841,3.052339883968,
    24.88633169097));
#11139 = CARTESIAN_POINT('',(104.59130982444,3.500445862646,
    24.737831743389));
#11140 = CARTESIAN_POINT('',(104.32156312875,4.14846988317,
    24.490686174018));
#11141 = CARTESIAN_POINT('',(104.22180650418,4.370234897559,
    24.399449482356));
#11142 = CARTESIAN_POINT('',(104.11789594649,4.585256941722,
    24.304601459676));
#11143 = CARTESIAN_POINT('',(104.0102122807,4.793697912203,
    24.206523908393));
#11144 = CARTESIAN_POINT('',(103.89909511552,4.99573324724,
    24.10556122261));
#11145 = CARTESIAN_POINT('',(103.78484411339,5.191549081809,
    24.002021903174));
#11146 = CARTESIAN_POINT('',(103.6677202605,5.381339402666,
    23.896180072736));
#11147 = CARTESIAN_POINT('',(103.19182625107,6.112281938367,
    23.467449246331));
#11148 = CARTESIAN_POINT('',(102.81106798986,6.609619295557,
    23.127303900205));
#11149 = CARTESIAN_POINT('',(102.4118624121,7.061020490493,
    22.774500756856));
#11150 = CARTESIAN_POINT('',(101.9983238732,7.470477766852,
    22.413935833067));
#11151 = CARTESIAN_POINT('',(101.57284148307,7.841872705884,
    22.049115645339));
#11152 = CARTESIAN_POINT('',(101.13617114499,8.178772110594,
    21.68256599372));
#11153 = CARTESIAN_POINT('',(100.68764286018,8.484154027757,
    21.316215169103));
#11154 = CARTESIAN_POINT('',(99.835095404604,8.992663237609,
    20.646643667513));
#11155 = CARTESIAN_POINT('',(99.441562431163,9.200496129302,
    20.347580605268));
#11156 = CARTESIAN_POINT('',(99.039663349847,9.388411329068,
    20.054119179303));
#11157 = CARTESIAN_POINT('',(98.625352020384,9.558236848857,
    19.766547544717));
#11158 = CARTESIAN_POINT('',(98.196322850711,9.709607750129,
    19.488341390938));
#11159 = CARTESIAN_POINT('',(97.752156875245,9.840913563088,
    19.226907842993));
#11160 = CARTESIAN_POINT('',(97.293195533956,9.950592955546,
    18.99360324838));
#11161 = CARTESIAN_POINT('',(96.603568381702,10.075521695763,
    18.715074967666));
#11162 = CARTESIAN_POINT('',(96.383283483116,10.110011077977,
    18.635891190542));
#11163 = CARTESIAN_POINT('',(96.158805027598,10.139424313545,
    18.566457738948));
#11164 = CARTESIAN_POINT('',(95.93120192106,10.163345750555,
    18.50866310531));
#11165 = CARTESIAN_POINT('',(95.701184787141,10.181524258279,
    18.464013840835));
#11166 = CARTESIAN_POINT('',(95.469177269946,10.193790595461,
    18.433630344453));
#11167 = CARTESIAN_POINT('',(95.23540468237,10.2,18.418252056395));
#11168 = CARTESIAN_POINT('',(94.854231658534,10.2,18.418252056395));
#11169 = CARTESIAN_POINT('',(94.708669632954,10.197619216991,
    18.424148688433));
#11170 = CARTESIAN_POINT('',(94.563478340034,10.192869483815,
    18.435912825517));
#11171 = CARTESIAN_POINT('',(94.41883179049,10.185774437477,
    18.453430667996));
#11172 = CARTESIAN_POINT('',(94.274927688416,10.176371048514,
    18.476502071475));
#11173 = CARTESIAN_POINT('',(94.132001470954,10.164714195683,
    18.504839526498));
#11174 = CARTESIAN_POINT('',(93.99034028823,10.150884285965,
    18.538067789974));
#11175 = CARTESIAN_POINT('',(93.645813744404,10.111801571741,
    18.63070782281));
#11176 = CARTESIAN_POINT('',(93.44473240602,10.084215470029,
    18.695144970661));
#11177 = CARTESIAN_POINT('',(93.246811317594,10.052446371965,
    18.767963556323));
#11178 = CARTESIAN_POINT('',(93.051907932734,10.016667618395,
    18.848125009219));
#11179 = CARTESIAN_POINT('',(92.859955656807,9.977039262039,
    18.934640570018));
#11180 = CARTESIAN_POINT('',(92.670940610821,9.933719925943,
    19.026585240116));
#11181 = CARTESIAN_POINT('',(92.484878251835,9.886870392144,
    19.123109354374));
#11182 = CARTESIAN_POINT('',(91.958616583256,9.742515888161,
    19.411517933087));
#11183 = CARTESIAN_POINT('',(91.623269663207,9.63581740431,
    19.614426296729));
#11184 = CARTESIAN_POINT('',(91.295718811818,9.517156520903,
    19.827735554919));
#11185 = CARTESIAN_POINT('',(90.975826398789,9.387011605555,
    20.048002034165));
#11186 = CARTESIAN_POINT('',(90.663114221129,9.245646843189,
    20.272923640654));
#11187 = CARTESIAN_POINT('',(90.356673507729,9.092908267837,
    20.501240578681));
#11188 = CARTESIAN_POINT('',(90.055248320242,8.928039720592,
    20.732475669333));
#11189 = CARTESIAN_POINT('',(89.31785700456,8.486221364153,
    21.312344977879));
#11190 = CARTESIAN_POINT('',(88.890717316501,8.19598131146,
    21.660884418885));
#11191 = CARTESIAN_POINT('',(88.474340657449,7.877164643023,
    22.009723614983));
#11192 = CARTESIAN_POINT('',(88.068187197966,7.527274038934,
    22.357091537546));
#11193 = CARTESIAN_POINT('',(87.672862195161,7.143325023372,
    22.700801650609));
#11194 = CARTESIAN_POINT('',(87.29026949948,6.722055304874,
    23.037915605894));
#11195 = CARTESIAN_POINT('',(86.923692012566,6.260082846668,
    23.364419289648));
#11196 = CARTESIAN_POINT('',(86.457298880409,5.577461273563,
    23.783402800964));
#11197 = CARTESIAN_POINT('',(86.338987864898,5.395199736836,
    23.890030255694));
#11198 = CARTESIAN_POINT('',(86.223303671082,5.207208234636,
    23.994600914219));
#11199 = CARTESIAN_POINT('',(86.110470173528,5.013290690349,
    24.096874877661));
#11200 = CARTESIAN_POINT('',(86.000749657524,4.813259160956,
    24.196578443327));
#11201 = CARTESIAN_POINT('',(85.89444263358,4.606933950662,
    24.293403813587));
#11202 = CARTESIAN_POINT('',(85.791887651926,4.394143724518,
    24.387008804757));
#11203 = CARTESIAN_POINT('',(85.559590175294,3.876292805818,
    24.59943702346));
#11204 = CARTESIAN_POINT('',(85.432872970237,3.56452001334,
    24.715645372225));
#11205 = CARTESIAN_POINT('',(85.314799417018,3.239831889079,
    24.824201025217));
#11206 = CARTESIAN_POINT('',(85.206803406812,2.902721152988,
    24.923708178772));
#11207 = CARTESIAN_POINT('',(85.110266438671,2.553752327333,
    25.012817681719));
#11208 = CARTESIAN_POINT('',(85.026521251393,2.193565463516,
    25.090228914488));
#11209 = CARTESIAN_POINT('',(84.95685545541,1.822879868896,
    25.154691668213));
#11210 = CARTESIAN_POINT('',(84.902515164656,1.442497833621,
    25.205008023839));
#11211 = PCURVE('',#2433,#11212);
#11212 = DEFINITIONAL_REPRESENTATION('',(#11213),#11377);
#11213 = B_SPLINE_CURVE_WITH_KNOTS('',8,(#11214,#11215,#11216,#11217,
    #11218,#11219,#11220,#11221,#11222,#11223,#11224,#11225,#11226,
    #11227,#11228,#11229,#11230,#11231,#11232,#11233,#11234,#11235,
    #11236,#11237,#11238,#11239,#11240,#11241,#11242,#11243,#11244,
    #11245,#11246,#11247,#11248,#11249,#11250,#11251,#11252,#11253,
    #11254,#11255,#11256,#11257,#11258,#11259,#11260,#11261,#11262,
    #11263,#11264,#11265,#11266,#11267,#11268,#11269,#11270,#11271,
    #11272,#11273,#11274,#11275,#11276,#11277,#11278,#11279,#11280,
    #11281,#11282,#11283,#11284,#11285,#11286,#11287,#11288,#11289,
    #11290,#11291,#11292,#11293,#11294,#11295,#11296,#11297,#11298,
    #11299,#11300,#11301,#11302,#11303,#11304,#11305,#11306,#11307,
    #11308,#11309,#11310,#11311,#11312,#11313,#11314,#11315,#11316,
    #11317,#11318,#11319,#11320,#11321,#11322,#11323,#11324,#11325,
    #11326,#11327,#11328,#11329,#11330,#11331,#11332,#11333,#11334,
    #11335,#11336,#11337,#11338,#11339,#11340,#11341,#11342,#11343,
    #11344,#11345,#11346,#11347,#11348,#11349,#11350,#11351,#11352,
    #11353,#11354,#11355,#11356,#11357,#11358,#11359,#11360,#11361,
    #11362,#11363,#11364,#11365,#11366,#11367,#11368,#11369,#11370,
    #11371,#11372,#11373,#11374,#11375,#11376),.UNSPECIFIED.,.F.,.F.,(9,
    7,7,7,7,7,7,7,7,7,7,7,7,7,7,7,7,7,7,7,7,7,7,9),(0.,3.75993886704E-02
    ,9.415022510751E-02,0.140850021602,0.193428648621,0.209162887099,
    0.240206416696,0.259234858912,0.296675249929,0.339257328458,
    0.420683690018,0.467587254924,0.496712057205,0.547264759303,
    0.574827621437,0.656780154506,0.725856799682,0.757065269604,
    0.776390318088,0.804607630345,0.857496983905,0.935601149206,
    0.962887522817,1.),.UNSPECIFIED.);
#11214 = CARTESIAN_POINT('',(3.273107610365,0.902515164656));
#11215 = CARTESIAN_POINT('',(3.308885472932,0.958252004424));
#11216 = CARTESIAN_POINT('',(3.343911214026,1.03009635568));
#11217 = CARTESIAN_POINT('',(3.378164903679,1.116692197084));
#11218 = CARTESIAN_POINT('',(3.411622121374,1.216648696335));
#11219 = CARTESIAN_POINT('',(3.444253549022,1.328536078478));
#11220 = CARTESIAN_POINT('',(3.476024563956,1.450881494208));
#11221 = CARTESIAN_POINT('',(3.506894831914,1.582164888177));
#11222 = CARTESIAN_POINT('',(3.581823273525,1.929349435768));
#11223 = CARTESIAN_POINT('',(3.624958425804,2.15581039399));
#11224 = CARTESIAN_POINT('',(3.666357038582,2.396765515943));
#11225 = CARTESIAN_POINT('',(3.706148011854,2.649524229339));
#11226 = CARTESIAN_POINT('',(3.744460476474,2.912072231014));
#11227 = CARTESIAN_POINT('',(3.781426280611,3.183025130673));
#11228 = CARTESIAN_POINT('',(3.817179950054,3.461601122978));
#11229 = CARTESIAN_POINT('',(3.88049177649,3.983801623896));
#11230 = CARTESIAN_POINT('',(3.908366535732,4.224846584416));
#11231 = CARTESIAN_POINT('',(3.935517547677,4.470286522796));
#11232 = CARTESIAN_POINT('',(3.961977683518,4.719824308432));
#11233 = CARTESIAN_POINT('',(3.987774141176,4.973302908098));
#11234 = CARTESIAN_POINT('',(4.012925926212,5.230689270466));
#11235 = CARTESIAN_POINT('',(4.037440210584,5.492065913926));
#11236 = CARTESIAN_POINT('',(4.088179483909,6.05662523538));
#11237 = CARTESIAN_POINT('',(4.114087740137,6.359332306951));
#11238 = CARTESIAN_POINT('',(4.139138582957,6.667093960166));
#11239 = CARTESIAN_POINT('',(4.163360163695,6.981190907184));
#11240 = CARTESIAN_POINT('',(4.186684478139,7.30254714065));
#11241 = CARTESIAN_POINT('',(4.208935240495,7.631645227535));
#11242 = CARTESIAN_POINT('',(4.229826443847,7.968620724787));
#11243 = CARTESIAN_POINT('',(4.254707000397,8.416711705887));
#11244 = CARTESIAN_POINT('',(4.26028999129,8.520776245989));
#11245 = CARTESIAN_POINT('',(4.265715436219,8.625722088759));
#11246 = CARTESIAN_POINT('',(4.270972364825,8.731573319621));
#11247 = CARTESIAN_POINT('',(4.276048730747,8.838354281769));
#11248 = CARTESIAN_POINT('',(4.280931411619,8.946089576158));
#11249 = CARTESIAN_POINT('',(4.285606209077,9.054804061513));
#11250 = CARTESIAN_POINT('',(4.298840899048,9.380997175394));
#11251 = CARTESIAN_POINT('',(4.306832018647,9.60327234228));
#11252 = CARTESIAN_POINT('',(4.313813476725,9.829832685202));
#11253 = CARTESIAN_POINT('',(4.319608074904,10.05958664833));
#11254 = CARTESIAN_POINT('',(4.324076549291,10.291812641113));
#11255 = CARTESIAN_POINT('',(4.327115215609,10.526086344996));
#11256 = CARTESIAN_POINT('',(4.328653857413,10.762189475552));
#11257 = CARTESIAN_POINT('',(4.328653857413,11.145768341466));
#11258 = CARTESIAN_POINT('',(4.328075756481,11.291330367045));
#11259 = CARTESIAN_POINT('',(4.326922409044,11.436521659966));
#11260 = CARTESIAN_POINT('',(4.325204218325,11.58116820951));
#11261 = CARTESIAN_POINT('',(4.322939312592,11.725072311584));
#11262 = CARTESIAN_POINT('',(4.32015376462,11.867998529045));
#11263 = CARTESIAN_POINT('',(4.316881854342,12.009659711771));
#11264 = CARTESIAN_POINT('',(4.30585579148,12.42525260773));
#11265 = CARTESIAN_POINT('',(4.296832789108,12.694356731737));
#11266 = CARTESIAN_POINT('',(4.286338287081,12.957700647201));
#11267 = CARTESIAN_POINT('',(4.274593639007,13.2156616322));
#11268 = CARTESIAN_POINT('',(4.261795423623,13.468442621973));
#11269 = CARTESIAN_POINT('',(4.248110883497,13.716188588979));
#11270 = CARTESIAN_POINT('',(4.233674011422,13.95908572522));
#11271 = CARTESIAN_POINT('',(4.201418011264,14.468534782753));
#11272 = CARTESIAN_POINT('',(4.183338468959,14.734830602757));
#11273 = CARTESIAN_POINT('',(4.164495497507,14.996383333462));
#11274 = CARTESIAN_POINT('',(4.144999236904,15.25334394331));
#11275 = CARTESIAN_POINT('',(4.124918152515,15.505990311684));
#11276 = CARTESIAN_POINT('',(4.104281870257,15.754727395274));
#11277 = CARTESIAN_POINT('',(4.083085970567,16.000052311432));
#11278 = CARTESIAN_POINT('',(4.01963425638,16.706048068831));
#11279 = CARTESIAN_POINT('',(3.9761272965,17.15543344655));
#11280 = CARTESIAN_POINT('',(3.93075265096,17.592894368803));
#11281 = CARTESIAN_POINT('',(3.883331155673,18.019096335614));
#11282 = CARTESIAN_POINT('',(3.833646409667,18.433249400374));
#11283 = CARTESIAN_POINT('',(3.781458742809,18.832897749759));
#11284 = CARTESIAN_POINT('',(3.726512416754,19.213826140842));
#11285 = CARTESIAN_POINT('',(3.635126017341,19.77469550685));
#11286 = CARTESIAN_POINT('',(3.600589072612,19.972159031828));
#11287 = CARTESIAN_POINT('',(3.564869217624,20.160650037181));
#11288 = CARTESIAN_POINT('',(3.527918659551,20.338476862896));
#11289 = CARTESIAN_POINT('',(3.489688967139,20.503685896342));
#11290 = CARTESIAN_POINT('',(3.450130127426,20.654045973024));
#11291 = CARTESIAN_POINT('',(3.409188470661,20.787030234016));
#11292 = CARTESIAN_POINT('',(3.340484462744,20.96981707566));
#11293 = CARTESIAN_POINT('',(3.313597664897,21.032072324864));
#11294 = CARTESIAN_POINT('',(3.286237252381,21.085577398522));
#11295 = CARTESIAN_POINT('',(3.258491206969,21.129527506393));
#11296 = CARTESIAN_POINT('',(3.230442808022,21.163296357838));
#11297 = CARTESIAN_POINT('',(3.202172130806,21.186435662517));
#11298 = CARTESIAN_POINT('',(3.173757544819,21.198674631088));
#11299 = CARTESIAN_POINT('',(3.095843133185,21.202080186501));
#11300 = CARTESIAN_POINT('',(3.04693889965,21.171087570001));
#11301 = CARTESIAN_POINT('',(2.998770451613,21.108169441549));
#11302 = CARTESIAN_POINT('',(2.95155246182,21.015402024762));
#11303 = CARTESIAN_POINT('',(2.905515236945,20.895695144635));
#11304 = CARTESIAN_POINT('',(2.860914002761,20.752795758418));
#11305 = CARTESIAN_POINT('',(2.818040573179,20.591309824441));
#11306 = CARTESIAN_POINT('',(2.754990280802,20.321563128756));
#11307 = CARTESIAN_POINT('',(2.733197642458,20.221806504181));
#11308 = CARTESIAN_POINT('',(2.711844020831,20.117895946497));
#11309 = CARTESIAN_POINT('',(2.690914100024,20.010212280708));
#11310 = CARTESIAN_POINT('',(2.670392621608,19.899095115524));
#11311 = CARTESIAN_POINT('',(2.650264290698,19.784844113392));
#11312 = CARTESIAN_POINT('',(2.630513682011,19.667720260509));
#11313 = CARTESIAN_POINT('',(2.553477299493,19.19182625107));
#11314 = CARTESIAN_POINT('',(2.498833615869,18.81106798987));
#11315 = CARTESIAN_POINT('',(2.446917874959,18.411862412096));
#11316 = CARTESIAN_POINT('',(2.39747827989,17.998323873211));
#11317 = CARTESIAN_POINT('',(2.350279465406,17.572841483069));
#11318 = CARTESIAN_POINT('',(2.305109896177,17.136171144994));
#11319 = CARTESIAN_POINT('',(2.261796380688,16.687642860181));
#11320 = CARTESIAN_POINT('',(2.185362018838,15.835095404604));
#11321 = CARTESIAN_POINT('',(2.152283441102,15.441562431163));
#11322 = CARTESIAN_POINT('',(2.120640513137,15.039663349849));
#11323 = CARTESIAN_POINT('',(2.090317443635,14.625352020381));
#11324 = CARTESIAN_POINT('',(2.061557191522,14.196322850713));
#11325 = CARTESIAN_POINT('',(2.034976132976,13.752156875244));
#11326 = CARTESIAN_POINT('',(2.011543527939,13.293195533956));
#11327 = CARTESIAN_POINT('',(1.983792391667,12.603568381702));
#11328 = CARTESIAN_POINT('',(1.975941159112,12.383283483116));
#11329 = CARTESIAN_POINT('',(1.969086479865,12.158805027598));
#11330 = CARTESIAN_POINT('',(1.963400414301,11.93120192106));
#11331 = CARTESIAN_POINT('',(1.959017912157,11.701184787141));
#11332 = CARTESIAN_POINT('',(1.956039118028,11.469177269946));
#11333 = CARTESIAN_POINT('',(1.954531449766,11.23540468237));
#11334 = CARTESIAN_POINT('',(1.954531449766,10.854231658534));
#11335 = CARTESIAN_POINT('',(1.955109550699,10.708669632955));
#11336 = CARTESIAN_POINT('',(1.956262898135,10.563478340034));
#11337 = CARTESIAN_POINT('',(1.957981088855,10.41883179049));
#11338 = CARTESIAN_POINT('',(1.960245994588,10.274927688416));
#11339 = CARTESIAN_POINT('',(1.963031542559,10.132001470954));
#11340 = CARTESIAN_POINT('',(1.966303452837,9.99034028823));
#11341 = CARTESIAN_POINT('',(1.975444059828,9.645813744404));
#11342 = CARTESIAN_POINT('',(1.981816134737,9.44473240602));
#11343 = CARTESIAN_POINT('',(1.989038293817,9.246811317594));
#11344 = CARTESIAN_POINT('',(1.997018026786,9.051907932734));
#11345 = CARTESIAN_POINT('',(2.00566800109,8.859955656807));
#11346 = CARTESIAN_POINT('',(2.014906868361,8.670940610821));
#11347 = CARTESIAN_POINT('',(2.024660052687,8.484878251835));
#11348 = CARTESIAN_POINT('',(2.053979852656,7.958616583256));
#11349 = CARTESIAN_POINT('',(2.074816749934,7.623269663207));
#11350 = CARTESIAN_POINT('',(2.096996499912,7.295718811818));
#11351 = CARTESIAN_POINT('',(2.120238640481,6.975826398789));
#11352 = CARTESIAN_POINT('',(2.144370319729,6.663114221129));
#11353 = CARTESIAN_POINT('',(2.16932472406,6.356673507729));
#11354 = CARTESIAN_POINT('',(2.195129165279,6.055248320242));
#11355 = CARTESIAN_POINT('',(2.26140257063,5.31785700456));
#11356 = CARTESIAN_POINT('',(2.30259689734,4.890717316501));
#11357 = CARTESIAN_POINT('',(2.345481393172,4.474340657449));
#11358 = CARTESIAN_POINT('',(2.390193076834,4.068187197966));
#11359 = CARTESIAN_POINT('',(2.436905977086,3.672862195161));
#11360 = CARTESIAN_POINT('',(2.485816445519,3.29026949948));
#11361 = CARTESIAN_POINT('',(2.537136470921,2.923692012566));
#11362 = CARTESIAN_POINT('',(2.609950021723,2.457298880409));
#11363 = CARTESIAN_POINT('',(2.62914210643,2.338987864898));
#11364 = CARTESIAN_POINT('',(2.648690562717,2.223303671082));
#11365 = CARTESIAN_POINT('',(2.668610907182,2.110470173528));
#11366 = CARTESIAN_POINT('',(2.688918262412,2.000749657524));
#11367 = CARTESIAN_POINT('',(2.709627688774,1.89444263358));
#11368 = CARTESIAN_POINT('',(2.730754516187,1.791887651926));
#11369 = CARTESIAN_POINT('',(2.781638870737,1.559590175294));
#11370 = CARTESIAN_POINT('',(2.811870741447,1.432872970237));
#11371 = CARTESIAN_POINT('',(2.842963250102,1.314799417018));
#11372 = CARTESIAN_POINT('',(2.874875259906,1.206803406812));
#11373 = CARTESIAN_POINT('',(2.907571099177,1.110266438671));
#11374 = CARTESIAN_POINT('',(2.941020125303,1.026521251393));
#11375 = CARTESIAN_POINT('',(2.975196288709,0.95685545541));
#11376 = CARTESIAN_POINT('',(3.010077696815,0.902515164656));
#11377 = ( GEOMETRIC_REPRESENTATION_CONTEXT(2) 
PARAMETRIC_REPRESENTATION_CONTEXT() REPRESENTATION_CONTEXT('2D SPACE',''
  ) );
#11378 = PCURVE('',#5686,#11379);
#11379 = DEFINITIONAL_REPRESENTATION('',(#11380),#11544);
#11380 = B_SPLINE_CURVE_WITH_KNOTS('',8,(#11381,#11382,#11383,#11384,
    #11385,#11386,#11387,#11388,#11389,#11390,#11391,#11392,#11393,
    #11394,#11395,#11396,#11397,#11398,#11399,#11400,#11401,#11402,
    #11403,#11404,#11405,#11406,#11407,#11408,#11409,#11410,#11411,
    #11412,#11413,#11414,#11415,#11416,#11417,#11418,#11419,#11420,
    #11421,#11422,#11423,#11424,#11425,#11426,#11427,#11428,#11429,
    #11430,#11431,#11432,#11433,#11434,#11435,#11436,#11437,#11438,
    #11439,#11440,#11441,#11442,#11443,#11444,#11445,#11446,#11447,
    #11448,#11449,#11450,#11451,#11452,#11453,#11454,#11455,#11456,
    #11457,#11458,#11459,#11460,#11461,#11462,#11463,#11464,#11465,
    #11466,#11467,#11468,#11469,#11470,#11471,#11472,#11473,#11474,
    #11475,#11476,#11477,#11478,#11479,#11480,#11481,#11482,#11483,
    #11484,#11485,#11486,#11487,#11488,#11489,#11490,#11491,#11492,
    #11493,#11494,#11495,#11496,#11497,#11498,#11499,#11500,#11501,
    #11502,#11503,#11504,#11505,#11506,#11507,#11508,#11509,#11510,
    #11511,#11512,#11513,#11514,#11515,#11516,#11517,#11518,#11519,
    #11520,#11521,#11522,#11523,#11524,#11525,#11526,#11527,#11528,
    #11529,#11530,#11531,#11532,#11533,#11534,#11535,#11536,#11537,
    #11538,#11539,#11540,#11541,#11542,#11543),.UNSPECIFIED.,.F.,.F.,(9,
    7,7,7,7,7,7,7,7,7,7,7,7,7,7,7,7,7,7,7,7,7,7,9),(0.,3.75993886704E-02
    ,9.415022510751E-02,0.140850021602,0.193428648621,0.209162887099,
    0.240206416696,0.259234858912,0.296675249929,0.339257328458,
    0.420683690018,0.467587254924,0.496712057205,0.547264759303,
    0.574827621437,0.656780154506,0.725856799682,0.757065269604,
    0.776390318088,0.804607630345,0.857496983905,0.935601149206,
    0.962887522817,1.),.UNSPECIFIED.);
#11381 = CARTESIAN_POINT('',(0.,-21.90500802383));
#11382 = CARTESIAN_POINT('',(-3.863911506045E-02,-21.85339853459));
#11383 = CARTESIAN_POINT('',(-7.650077929007E-02,-21.78692083572));
#11384 = CARTESIAN_POINT('',(-0.11357403376,-21.70687812627));
#11385 = CARTESIAN_POINT('',(-0.149841942512,-21.61462093784));
#11386 = CARTESIAN_POINT('',(-0.185281023447,-21.5115452389));
#11387 = CARTESIAN_POINT('',(-0.219860679213,-21.39909053909));
#11388 = CARTESIAN_POINT('',(-0.253542628086,-21.27873799352));
#11389 = CARTESIAN_POINT('',(-0.335519026421,-20.96140278935));
#11390 = CARTESIAN_POINT('',(-0.382919758556,-20.75521799558));
#11391 = CARTESIAN_POINT('',(-0.428646843983,-20.53689205339));
#11392 = CARTESIAN_POINT('',(-0.472860015317,-20.30919563894));
#11393 = CARTESIAN_POINT('',(-0.515720976155,-20.07428766583));
#11394 = CARTESIAN_POINT('',(-0.557399206166,-19.83377859081));
#11395 = CARTESIAN_POINT('',(-0.598077020159,-19.58880153631));
#11396 = CARTESIAN_POINT('',(-0.670884274611,-19.13470574974));
#11397 = CARTESIAN_POINT('',(-0.703238548818,-18.92696186345));
#11398 = CARTESIAN_POINT('',(-0.735083630085,-18.7175764653));
#11399 = CARTESIAN_POINT('',(-0.766487893849,-18.50717022762));
#11400 = CARTESIAN_POINT('',(-0.79752066951,-18.29629984637));
#11401 = CARTESIAN_POINT('',(-0.828252449334,-18.08550200421));
#11402 = CARTESIAN_POINT('',(-0.858755801456,-17.87534905095));
#11403 = CARTESIAN_POINT('',(-0.923278948788,-17.43139473527));
#11404 = CARTESIAN_POINT('',(-0.957075556358,-17.19920325521));
#11405 = CARTESIAN_POINT('',(-0.990741891606,-16.9699613544));
#11406 = CARTESIAN_POINT('',(-1.024479392772,-16.74414675676));
#11407 = CARTESIAN_POINT('',(-1.058432537713,-16.52303711409));
#11408 = CARTESIAN_POINT('',(-1.09269405114,-16.3089754557));
#11409 = CARTESIAN_POINT('',(-1.127323364923,-16.10546982698));
#11410 = CARTESIAN_POINT('',(-1.172861738176,-15.86064876293));
#11411 = CARTESIAN_POINT('',(-1.183403245111,-15.8055283593));
#11412 = CARTESIAN_POINT('',(-1.194001130802,-15.75179312055));
#11413 = CARTESIAN_POINT('',(-1.20465900843,-15.69957108889));
#11414 = CARTESIAN_POINT('',(-1.215380554892,-15.64900147033));
#11415 = CARTESIAN_POINT('',(-1.226169510808,-15.60023463472));
#11416 = CARTESIAN_POINT('',(-1.237029680518,-15.55343211577));
#11417 = CARTESIAN_POINT('',(-1.269540097982,-15.42064191896));
#11418 = CARTESIAN_POINT('',(-1.291596081916,-15.3400655193));
#11419 = CARTESIAN_POINT('',(-1.313989580516,-15.26935794122));
#11420 = CARTESIAN_POINT('',(-1.33662581202,-15.21046447465));
#11421 = CARTESIAN_POINT('',(-1.359449796046,-15.16494045952));
#11422 = CARTESIAN_POINT('',(-1.382437166114,-15.13394627897));
#11423 = CARTESIAN_POINT('',(-1.405584514892,-15.11825205639));
#11424 = CARTESIAN_POINT('',(-1.44319028606,-15.11825205639));
#11425 = CARTESIAN_POINT('',(-1.457461071442,-15.12414868843));
#11426 = CARTESIAN_POINT('',(-1.471699963289,-15.13591282551));
#11427 = CARTESIAN_POINT('',(-1.485894284716,-15.15343066799));
#11428 = CARTESIAN_POINT('',(-1.5000289229,-15.17650207147));
#11429 = CARTESIAN_POINT('',(-1.514084838712,-15.20483952649));
#11430 = CARTESIAN_POINT('',(-1.528037510092,-15.23806778997));
#11431 = CARTESIAN_POINT('',(-1.569043230986,-15.34981691415));
#11432 = CARTESIAN_POINT('',(-1.595691072406,-15.44100386675));
#11433 = CARTESIAN_POINT('',(-1.621890192921,-15.54662313118));
#11434 = CARTESIAN_POINT('',(-1.647698884745,-15.66417747043));
#11435 = CARTESIAN_POINT('',(-1.673155720867,-15.79142160016));
#11436 = CARTESIAN_POINT('',(-1.69829161904,-15.92642595861));
#11437 = CARTESIAN_POINT('',(-1.723140621714,-16.0676169517));
#11438 = CARTESIAN_POINT('',(-1.775737683522,-16.38004483865));
#11439 = CARTESIAN_POINT('',(-1.803526406312,-16.55340571355));
#11440 = CARTESIAN_POINT('',(-1.831146994567,-16.73200331291));
#11441 = CARTESIAN_POINT('',(-1.858640543113,-16.91439876697));
#11442 = CARTESIAN_POINT('',(-1.886062251712,-17.09957716116));
#11443 = CARTESIAN_POINT('',(-1.913484460047,-17.28688929931));
#11444 = CARTESIAN_POINT('',(-1.940997034249,-17.4759629445));
#11445 = CARTESIAN_POINT('',(-2.021685462343,-18.03114343411));
#11446 = CARTESIAN_POINT('',(-2.074967973227,-18.39858877056));
#11447 = CARTESIAN_POINT('',(-2.129074662447,-18.76613811043));
#11448 = CARTESIAN_POINT('',(-2.184452167634,-19.13186701429));
#11449 = CARTESIAN_POINT('',(-2.241509639734,-19.49322146661));
#11450 = CARTESIAN_POINT('',(-2.300622213625,-19.84663596598));
#11451 = CARTESIAN_POINT('',(-2.362156719916,-20.18712029683));
#11452 = CARTESIAN_POINT('',(-2.463547755956,-20.69264656328));
#11453 = CARTESIAN_POINT('',(-2.501675617602,-20.87157330533));
#11454 = CARTESIAN_POINT('',(-2.540935908214,-21.04316488699));
#11455 = CARTESIAN_POINT('',(-2.581391123342,-21.20570162528));
#11456 = CARTESIAN_POINT('',(-2.623104375765,-21.35722388486));
#11457 = CARTESIAN_POINT('',(-2.666141097372,-21.49551761228));
#11458 = CARTESIAN_POINT('',(-2.710572138678,-21.61810175661));
#11459 = CARTESIAN_POINT('',(-2.784983708665,-21.78686836935));
#11460 = CARTESIAN_POINT('',(-2.814070107921,-21.84442587772));
#11461 = CARTESIAN_POINT('',(-2.843639117045,-21.89394901096));
#11462 = CARTESIAN_POINT('',(-2.873600193717,-21.9346640639));
#11463 = CARTESIAN_POINT('',(-2.903868717342,-21.96596645736));
#11464 = CARTESIAN_POINT('',(-2.93436410639,-21.98742247878));
#11465 = CARTESIAN_POINT('',(-2.965007935737,-21.99877102287));
#11466 = CARTESIAN_POINT('',(-3.049033374595,-22.00192889803));
#11467 = CARTESIAN_POINT('',(-3.101771449427,-21.9731900775));
#11468 = CARTESIAN_POINT('',(-3.153746775192,-21.91484516728));
#11469 = CARTESIAN_POINT('',(-3.204757043986,-21.82889203116));
#11470 = CARTESIAN_POINT('',(-3.254580245657,-21.71816880965));
#11471 = CARTESIAN_POINT('',(-3.302963251691,-21.58633169097));
#11472 = CARTESIAN_POINT('',(-3.349605880636,-21.43783174338));
#11473 = CARTESIAN_POINT('',(-3.418422036531,-21.19068617401));
#11474 = CARTESIAN_POINT('',(-3.442252613306,-21.09944948235));
#11475 = CARTESIAN_POINT('',(-3.465651164823,-21.00460145967));
#11476 = CARTESIAN_POINT('',(-3.488636447776,-20.90652390839));
#11477 = CARTESIAN_POINT('',(-3.511227165561,-20.80556122261));
#11478 = CARTESIAN_POINT('',(-3.533442147717,-20.70202190317));
#11479 = CARTESIAN_POINT('',(-3.555300529372,-20.59618007273));
#11480 = CARTESIAN_POINT('',(-3.64081141567,-20.16744924633));
#11481 = CARTESIAN_POINT('',(-3.702040269138,-19.8273039002));
#11482 = CARTESIAN_POINT('',(-3.760880958555,-19.47450075685));
#11483 = CARTESIAN_POINT('',(-3.81769632781,-19.11393583306));
#11484 = CARTESIAN_POINT('',(-3.872857413077,-18.74911564534));
#11485 = CARTESIAN_POINT('',(-3.926768628791,-18.38256599372));
#11486 = CARTESIAN_POINT('',(-3.979871044848,-18.0162151691));
#11487 = CARTESIAN_POINT('',(-4.077192870164,-17.34664366751));
#11488 = CARTESIAN_POINT('',(-4.120765712397,-17.04758060526));
#11489 = CARTESIAN_POINT('',(-4.164176825963,-16.7541191793));
#11490 = CARTESIAN_POINT('',(-4.207970382962,-16.46654754471));
#11491 = CARTESIAN_POINT('',(-4.252456496324,-16.18834139093));
#11492 = CARTESIAN_POINT('',(-4.297760780989,-15.92690784299));
#11493 = CARTESIAN_POINT('',(-4.343953131677,-15.69360324838));
#11494 = CARTESIAN_POINT('',(-4.412664061246,-15.41507496766));
#11495 = CARTESIAN_POINT('',(-4.434517453808,-15.33589119054));
#11496 = CARTESIAN_POINT('',(-4.456701649131,-15.26645773894));
#11497 = CARTESIAN_POINT('',(-4.479123793523,-15.20866310531));
#11498 = CARTESIAN_POINT('',(-4.501729557626,-15.16401384083));
#11499 = CARTESIAN_POINT('',(-4.524494170554,-15.13363034445));
#11500 = CARTESIAN_POINT('',(-4.547413035352,-15.11825205639));
#11501 = CARTESIAN_POINT('',(-4.58478293965,-15.11825205639));
#11502 = CARTESIAN_POINT('',(-4.599053725032,-15.12414868843));
#11503 = CARTESIAN_POINT('',(-4.613292616879,-15.13591282551));
#11504 = CARTESIAN_POINT('',(-4.627486938306,-15.15343066799));
#11505 = CARTESIAN_POINT('',(-4.641621576489,-15.17650207147));
#11506 = CARTESIAN_POINT('',(-4.655677492302,-15.20483952649));
#11507 = CARTESIAN_POINT('',(-4.669630163682,-15.23806778997));
#11508 = CARTESIAN_POINT('',(-4.703623909566,-15.33070782281));
#11509 = CARTESIAN_POINT('',(-4.723516984069,-15.39514497066));
#11510 = CARTESIAN_POINT('',(-4.743160919496,-15.46796355632));
#11511 = CARTESIAN_POINT('',(-4.762578782947,-15.54812500921));
#11512 = CARTESIAN_POINT('',(-4.781785338138,-15.63464057001));
#11513 = CARTESIAN_POINT('',(-4.800789373083,-15.72658524011));
#11514 = CARTESIAN_POINT('',(-4.819595992705,-15.82310935437));
#11515 = CARTESIAN_POINT('',(-4.873096089418,-16.11151793308));
#11516 = CARTESIAN_POINT('',(-4.907569236324,-16.31442629672));
#11517 = CARTESIAN_POINT('',(-4.941680161732,-16.52773555491));
#11518 = CARTESIAN_POINT('',(-4.975487957392,-16.74800203416));
#11519 = CARTESIAN_POINT('',(-5.009084497411,-16.97292364065));
#11520 = CARTESIAN_POINT('',(-5.042612268489,-17.20124057868));
#11521 = CARTESIAN_POINT('',(-5.076269365095,-17.43247566933));
#11522 = CARTESIAN_POINT('',(-5.160545999238,-18.01234497787));
#11523 = CARTESIAN_POINT('',(-5.211092917804,-18.36088441888));
#11524 = CARTESIAN_POINT('',(-5.262367941258,-18.70972361498));
#11525 = CARTESIAN_POINT('',(-5.314745391713,-19.05709153754));
#11526 = CARTESIAN_POINT('',(-5.368570385186,-19.40080165061));
#11527 = CARTESIAN_POINT('',(-5.424162282506,-19.73791560589));
#11528 = CARTESIAN_POINT('',(-5.481833064124,-20.06441928964));
#11529 = CARTESIAN_POINT('',(-5.562885752606,-20.48340280096));
#11530 = CARTESIAN_POINT('',(-5.584183146498,-20.59003025569));
#11531 = CARTESIAN_POINT('',(-5.605813201107,-20.69460091421));
#11532 = CARTESIAN_POINT('',(-5.627795224558,-20.79687487766));
#11533 = CARTESIAN_POINT('',(-5.650147881778,-20.89657844332));
#11534 = CARTESIAN_POINT('',(-5.672889637915,-20.99340381358));
#11535 = CARTESIAN_POINT('',(-5.696039201758,-21.08700880475));
#11536 = CARTESIAN_POINT('',(-5.75168297279,-21.29943702346));
#11537 = CARTESIAN_POINT('',(-5.784656175139,-21.41564537222));
#11538 = CARTESIAN_POINT('',(-5.818488145774,-21.52420102521));
#11539 = CARTESIAN_POINT('',(-5.853139394182,-21.62370817877));
#11540 = CARTESIAN_POINT('',(-5.888577761653,-21.71281768171));
#11541 = CARTESIAN_POINT('',(-5.924777813161,-21.79022891448));
#11542 = CARTESIAN_POINT('',(-5.961720229262,-21.85469166821));
#11543 = CARTESIAN_POINT('',(-5.999391197971,-21.90500802383));
#11544 = ( GEOMETRIC_REPRESENTATION_CONTEXT(2) 
PARAMETRIC_REPRESENTATION_CONTEXT() REPRESENTATION_CONTEXT('2D SPACE',''
  ) );
#11545 = ORIENTED_EDGE('',*,*,#11546,.F.);
#11546 = EDGE_CURVE('',#11547,#11044,#11549,.T.);
#11547 = VERTEX_POINT('',#11548);
#11548 = CARTESIAN_POINT('',(84.,-1.141659445402,25.240594760374));
#11549 = SURFACE_CURVE('',#11550,(#11555,#11565),.PCURVE_S1.);
#11550 = ELLIPSE('',#11551,34.785054261852,11.);
#11551 = AXIS2_PLACEMENT_3D('',#11552,#11553,#11554);
#11552 = CARTESIAN_POINT('',(80.575021663794,0.,14.3));
#11553 = DIRECTION('',(0.316227766017,0.948683298051,0.));
#11554 = DIRECTION('',(0.948683298051,-0.316227766017,2.340555645718E-16
    ));
#11555 = PCURVE('',#2433,#11556);
#11556 = DEFINITIONAL_REPRESENTATION('',(#11557),#11564);
#11557 = B_SPLINE_CURVE_WITH_KNOTS('',5,(#11558,#11559,#11560,#11561,
    #11562,#11563),.UNSPECIFIED.,.F.,.F.,(6,6),(4.816363422425,
    4.857143765065),.PIECEWISE_BEZIER_KNOTS.);
#11558 = CARTESIAN_POINT('',(3.24556709563,-6.000000212225E-07));
#11559 = CARTESIAN_POINT('',(3.253723164158,0.267696122322));
#11560 = CARTESIAN_POINT('',(3.261879232686,0.535108051522));
#11561 = CARTESIAN_POINT('',(3.270035301214,0.802198088481));
#11562 = CARTESIAN_POINT('',(3.278191369742,1.068929213033));
#11563 = CARTESIAN_POINT('',(3.28634743827,1.335264514742));
#11564 = ( GEOMETRIC_REPRESENTATION_CONTEXT(2) 
PARAMETRIC_REPRESENTATION_CONTEXT() REPRESENTATION_CONTEXT('2D SPACE',''
  ) );
#11565 = PCURVE('',#5492,#11566);
#11566 = DEFINITIONAL_REPRESENTATION('',(#11567),#11571);
#11567 = ELLIPSE('',#11568,34.785054261852,11.);
#11568 = AXIS2_PLACEMENT_2D('',#11569,#11570);
#11569 = CARTESIAN_POINT('',(-1.348160051933E-14,-11.));
#11570 = DIRECTION('',(1.,-2.340555645718E-16));
#11571 = ( GEOMETRIC_REPRESENTATION_CONTEXT(2) 
PARAMETRIC_REPRESENTATION_CONTEXT() REPRESENTATION_CONTEXT('2D SPACE',''
  ) );
#11572 = ORIENTED_EDGE('',*,*,#11573,.T.);
#11573 = EDGE_CURVE('',#11547,#10111,#11574,.T.);
#11574 = SURFACE_CURVE('',#11575,(#11580,#11587),.PCURVE_S1.);
#11575 = CIRCLE('',#11576,11.);
#11576 = AXIS2_PLACEMENT_3D('',#11577,#11578,#11579);
#11577 = CARTESIAN_POINT('',(84.,0.,14.3));
#11578 = DIRECTION('',(1.,-0.,2.22044604925E-16));
#11579 = DIRECTION('',(2.22044604925E-16,0.,-1.));
#11580 = PCURVE('',#2433,#11581);
#11581 = DEFINITIONAL_REPRESENTATION('',(#11582),#11586);
#11582 = LINE('',#11583,#11584);
#11583 = CARTESIAN_POINT('',(0.,0.));
#11584 = VECTOR('',#11585,1.);
#11585 = DIRECTION('',(1.,0.));
#11586 = ( GEOMETRIC_REPRESENTATION_CONTEXT(2) 
PARAMETRIC_REPRESENTATION_CONTEXT() REPRESENTATION_CONTEXT('2D SPACE',''
  ) );
#11587 = PCURVE('',#11588,#11593);
#11588 = PLANE('',#11589);
#11589 = AXIS2_PLACEMENT_3D('',#11590,#11591,#11592);
#11590 = CARTESIAN_POINT('',(84.,0.,14.3));
#11591 = DIRECTION('',(1.,0.,2.22044604925E-16));
#11592 = DIRECTION('',(2.22044604925E-16,0.,-1.));
#11593 = DEFINITIONAL_REPRESENTATION('',(#11594),#11598);
#11594 = CIRCLE('',#11595,11.);
#11595 = AXIS2_PLACEMENT_2D('',#11596,#11597);
#11596 = CARTESIAN_POINT('',(0.,0.));
#11597 = DIRECTION('',(1.,0.));
#11598 = ( GEOMETRIC_REPRESENTATION_CONTEXT(2) 
PARAMETRIC_REPRESENTATION_CONTEXT() REPRESENTATION_CONTEXT('2D SPACE',''
  ) );
#11599 = ADVANCED_FACE('',(#11600),#3872,.F.);
#11600 = FACE_BOUND('',#11601,.T.);
#11601 = EDGE_LOOP('',(#11602,#11633,#11654,#11655));
#11602 = ORIENTED_EDGE('',*,*,#11603,.F.);
#11603 = EDGE_CURVE('',#11604,#11606,#11608,.T.);
#11604 = VERTEX_POINT('',#11605);
#11605 = CARTESIAN_POINT('',(58.902515164656,-1.442497833621,3.3));
#11606 = VERTEX_POINT('',#11607);
#11607 = CARTESIAN_POINT('',(61.392698372208,-6.794774605812,3.3));
#11608 = SURFACE_CURVE('',#11609,(#11614,#11621),.PCURVE_S1.);
#11609 = CIRCLE('',#11610,10.2);
#11610 = AXIS2_PLACEMENT_3D('',#11611,#11612,#11613);
#11611 = CARTESIAN_POINT('',(69.,0.,3.3));
#11612 = DIRECTION('',(0.,0.,1.));
#11613 = DIRECTION('',(-0.989949493661,-0.141421356237,0.));
#11614 = PCURVE('',#3872,#11615);
#11615 = DEFINITIONAL_REPRESENTATION('',(#11616),#11620);
#11616 = LINE('',#11617,#11618);
#11617 = CARTESIAN_POINT('',(-0.,0.));
#11618 = VECTOR('',#11619,1.);
#11619 = DIRECTION('',(-1.,0.));
#11620 = ( GEOMETRIC_REPRESENTATION_CONTEXT(2) 
PARAMETRIC_REPRESENTATION_CONTEXT() REPRESENTATION_CONTEXT('2D SPACE',''
  ) );
#11621 = PCURVE('',#11622,#11627);
#11622 = PLANE('',#11623);
#11623 = AXIS2_PLACEMENT_3D('',#11624,#11625,#11626);
#11624 = CARTESIAN_POINT('',(69.,1.728624217764E-15,3.3));
#11625 = DIRECTION('',(0.,0.,1.));
#11626 = DIRECTION('',(1.,0.,0.));
#11627 = DEFINITIONAL_REPRESENTATION('',(#11628),#11632);
#11628 = CIRCLE('',#11629,10.2);
#11629 = AXIS2_PLACEMENT_2D('',#11630,#11631);
#11630 = CARTESIAN_POINT('',(0.,-1.728624217764E-15));
#11631 = DIRECTION('',(-0.989949493661,-0.141421356237));
#11632 = ( GEOMETRIC_REPRESENTATION_CONTEXT(2) 
PARAMETRIC_REPRESENTATION_CONTEXT() REPRESENTATION_CONTEXT('2D SPACE',''
  ) );
#11633 = ORIENTED_EDGE('',*,*,#11634,.T.);
#11634 = EDGE_CURVE('',#11604,#3689,#11635,.T.);
#11635 = SURFACE_CURVE('',#11636,(#11640,#11647),.PCURVE_S1.);
#11636 = LINE('',#11637,#11638);
#11637 = CARTESIAN_POINT('',(58.902515164656,-1.442497833621,3.3));
#11638 = VECTOR('',#11639,1.);
#11639 = DIRECTION('',(0.,0.,1.));
#11640 = PCURVE('',#3872,#11641);
#11641 = DEFINITIONAL_REPRESENTATION('',(#11642),#11646);
#11642 = LINE('',#11643,#11644);
#11643 = CARTESIAN_POINT('',(-0.,0.));
#11644 = VECTOR('',#11645,1.);
#11645 = DIRECTION('',(-0.,-1.));
#11646 = ( GEOMETRIC_REPRESENTATION_CONTEXT(2) 
PARAMETRIC_REPRESENTATION_CONTEXT() REPRESENTATION_CONTEXT('2D SPACE',''
  ) );
#11647 = PCURVE('',#4400,#11648);
#11648 = DEFINITIONAL_REPRESENTATION('',(#11649),#11653);
#11649 = LINE('',#11650,#11651);
#11650 = CARTESIAN_POINT('',(4.5615786741,0.));
#11651 = VECTOR('',#11652,1.);
#11652 = DIRECTION('',(0.,-1.));
#11653 = ( GEOMETRIC_REPRESENTATION_CONTEXT(2) 
PARAMETRIC_REPRESENTATION_CONTEXT() REPRESENTATION_CONTEXT('2D SPACE',''
  ) );
#11654 = ORIENTED_EDGE('',*,*,#3688,.T.);
#11655 = ORIENTED_EDGE('',*,*,#11656,.T.);
#11656 = EDGE_CURVE('',#3691,#11606,#11657,.T.);
#11657 = SURFACE_CURVE('',#11658,(#11663,#11675),.PCURVE_S1.);
#11658 = ELLIPSE('',#11659,14.424978336206,10.2);
#11659 = AXIS2_PLACEMENT_3D('',#11660,#11661,#11662);
#11660 = CARTESIAN_POINT('',(69.,0.,10.907301627792));
#11661 = DIRECTION('',(0.707106781187,0.,-0.707106781187));
#11662 = DIRECTION('',(-0.707106781187,0.,-0.707106781187));
#11663 = PCURVE('',#3872,#11664);
#11664 = DEFINITIONAL_REPRESENTATION('',(#11665),#11674);
#11665 = B_SPLINE_CURVE_WITH_KNOTS('',7,(#11666,#11667,#11668,#11669,
    #11670,#11671,#11672,#11673),.UNSPECIFIED.,.F.,.F.,(8,8),(
    4.783581759512,5.554144842094),.PIECEWISE_BEZIER_KNOTS.);
#11666 = CARTESIAN_POINT('',(-1.357706493063,-6.881748543605));
#11667 = CARTESIAN_POINT('',(-1.247626052694,-5.761772308531));
#11668 = CARTESIAN_POINT('',(-1.137545612326,-4.652053469789));
#11669 = CARTESIAN_POINT('',(-1.027465171957,-3.57475871795));
#11670 = CARTESIAN_POINT('',(-0.917384731588,-2.551750971063));
#11671 = CARTESIAN_POINT('',(-0.807304291219,-1.603489706357));
#11672 = CARTESIAN_POINT('',(-0.69722385085,-0.747971106869));
#11673 = CARTESIAN_POINT('',(-0.587143410481,5.999999945772E-07));
#11674 = ( GEOMETRIC_REPRESENTATION_CONTEXT(2) 
PARAMETRIC_REPRESENTATION_CONTEXT() REPRESENTATION_CONTEXT('2D SPACE',''
  ) );
#11675 = PCURVE('',#3995,#11676);
#11676 = DEFINITIONAL_REPRESENTATION('',(#11677),#11681);
#11677 = ELLIPSE('',#11678,14.424978336206,10.2);
#11678 = AXIS2_PLACEMENT_2D('',#11679,#11680);
#11679 = CARTESIAN_POINT('',(497.60099997449,-500.));
#11680 = DIRECTION('',(-1.,-0.));
#11681 = ( GEOMETRIC_REPRESENTATION_CONTEXT(2) 
PARAMETRIC_REPRESENTATION_CONTEXT() REPRESENTATION_CONTEXT('2D SPACE',''
  ) );
#11682 = ADVANCED_FACE('',(#11683),#4400,.T.);
#11683 = FACE_BOUND('',#11684,.T.);
#11684 = EDGE_LOOP('',(#11685,#11706,#11707));
#11685 = ORIENTED_EDGE('',*,*,#11686,.F.);
#11686 = EDGE_CURVE('',#4328,#11604,#11687,.T.);
#11687 = SURFACE_CURVE('',#11688,(#11692,#11699),.PCURVE_S1.);
#11688 = LINE('',#11689,#11690);
#11689 = CARTESIAN_POINT('',(54.575021663794,0.,3.3));
#11690 = VECTOR('',#11691,1.);
#11691 = DIRECTION('',(0.948683298051,-0.316227766017,0.));
#11692 = PCURVE('',#4400,#11693);
#11693 = DEFINITIONAL_REPRESENTATION('',(#11694),#11698);
#11694 = LINE('',#11695,#11696);
#11695 = CARTESIAN_POINT('',(0.,0.));
#11696 = VECTOR('',#11697,1.);
#11697 = DIRECTION('',(1.,0.));
#11698 = ( GEOMETRIC_REPRESENTATION_CONTEXT(2) 
PARAMETRIC_REPRESENTATION_CONTEXT() REPRESENTATION_CONTEXT('2D SPACE',''
  ) );
#11699 = PCURVE('',#11622,#11700);
#11700 = DEFINITIONAL_REPRESENTATION('',(#11701),#11705);
#11701 = LINE('',#11702,#11703);
#11702 = CARTESIAN_POINT('',(-14.4249783362,-1.728624217764E-15));
#11703 = VECTOR('',#11704,1.);
#11704 = DIRECTION('',(0.948683298051,-0.316227766017));
#11705 = ( GEOMETRIC_REPRESENTATION_CONTEXT(2) 
PARAMETRIC_REPRESENTATION_CONTEXT() REPRESENTATION_CONTEXT('2D SPACE',''
  ) );
#11706 = ORIENTED_EDGE('',*,*,#4382,.F.);
#11707 = ORIENTED_EDGE('',*,*,#11634,.F.);
#11708 = ADVANCED_FACE('',(#11709),#4347,.T.);
#11709 = FACE_BOUND('',#11710,.T.);
#11710 = EDGE_LOOP('',(#11711,#11734,#11755));
#11711 = ORIENTED_EDGE('',*,*,#11712,.F.);
#11712 = EDGE_CURVE('',#11713,#4328,#11715,.T.);
#11713 = VERTEX_POINT('',#11714);
#11714 = CARTESIAN_POINT('',(58.902515164656,1.442497833621,3.3));
#11715 = SURFACE_CURVE('',#11716,(#11720,#11727),.PCURVE_S1.);
#11716 = LINE('',#11717,#11718);
#11717 = CARTESIAN_POINT('',(76.212489168103,7.212489168103,3.3));
#11718 = VECTOR('',#11719,1.);
#11719 = DIRECTION('',(-0.948683298051,-0.316227766017,0.));
#11720 = PCURVE('',#4347,#11721);
#11721 = DEFINITIONAL_REPRESENTATION('',(#11722),#11726);
#11722 = LINE('',#11723,#11724);
#11723 = CARTESIAN_POINT('',(-18.24631469639,0.));
#11724 = VECTOR('',#11725,1.);
#11725 = DIRECTION('',(1.,0.));
#11726 = ( GEOMETRIC_REPRESENTATION_CONTEXT(2) 
PARAMETRIC_REPRESENTATION_CONTEXT() REPRESENTATION_CONTEXT('2D SPACE',''
  ) );
#11727 = PCURVE('',#11622,#11728);
#11728 = DEFINITIONAL_REPRESENTATION('',(#11729),#11733);
#11729 = LINE('',#11730,#11731);
#11730 = CARTESIAN_POINT('',(7.212489168103,7.212489168103));
#11731 = VECTOR('',#11732,1.);
#11732 = DIRECTION('',(-0.948683298051,-0.316227766017));
#11733 = ( GEOMETRIC_REPRESENTATION_CONTEXT(2) 
PARAMETRIC_REPRESENTATION_CONTEXT() REPRESENTATION_CONTEXT('2D SPACE',''
  ) );
#11734 = ORIENTED_EDGE('',*,*,#11735,.T.);
#11735 = EDGE_CURVE('',#11713,#4072,#11736,.T.);
#11736 = SURFACE_CURVE('',#11737,(#11741,#11748),.PCURVE_S1.);
#11737 = LINE('',#11738,#11739);
#11738 = CARTESIAN_POINT('',(58.902515164656,1.442497833621,3.3));
#11739 = VECTOR('',#11740,1.);
#11740 = DIRECTION('',(0.,0.,1.));
#11741 = PCURVE('',#4347,#11742);
#11742 = DEFINITIONAL_REPRESENTATION('',(#11743),#11747);
#11743 = LINE('',#11744,#11745);
#11744 = CARTESIAN_POINT('',(-7.021666937153E-17,0.));
#11745 = VECTOR('',#11746,1.);
#11746 = DIRECTION('',(0.,-1.));
#11747 = ( GEOMETRIC_REPRESENTATION_CONTEXT(2) 
PARAMETRIC_REPRESENTATION_CONTEXT() REPRESENTATION_CONTEXT('2D SPACE',''
  ) );
#11748 = PCURVE('',#4239,#11749);
#11749 = DEFINITIONAL_REPRESENTATION('',(#11750),#11754);
#11750 = LINE('',#11751,#11752);
#11751 = CARTESIAN_POINT('',(-5.999391197971,0.));
#11752 = VECTOR('',#11753,1.);
#11753 = DIRECTION('',(-0.,-1.));
#11754 = ( GEOMETRIC_REPRESENTATION_CONTEXT(2) 
PARAMETRIC_REPRESENTATION_CONTEXT() REPRESENTATION_CONTEXT('2D SPACE',''
  ) );
#11755 = ORIENTED_EDGE('',*,*,#4327,.F.);
#11756 = ADVANCED_FACE('',(#11757),#4239,.F.);
#11757 = FACE_BOUND('',#11758,.T.);
#11758 = EDGE_LOOP('',(#11759,#11783,#11810,#11811));
#11759 = ORIENTED_EDGE('',*,*,#11760,.F.);
#11760 = EDGE_CURVE('',#11761,#11713,#11763,.T.);
#11761 = VERTEX_POINT('',#11762);
#11762 = CARTESIAN_POINT('',(61.392698372208,6.794774605812,3.3));
#11763 = SURFACE_CURVE('',#11764,(#11769,#11776),.PCURVE_S1.);
#11764 = CIRCLE('',#11765,10.2);
#11765 = AXIS2_PLACEMENT_3D('',#11766,#11767,#11768);
#11766 = CARTESIAN_POINT('',(69.,0.,3.3));
#11767 = DIRECTION('',(0.,0.,1.));
#11768 = DIRECTION('',(-0.989949493661,-0.141421356237,0.));
#11769 = PCURVE('',#4239,#11770);
#11770 = DEFINITIONAL_REPRESENTATION('',(#11771),#11775);
#11771 = LINE('',#11772,#11773);
#11772 = CARTESIAN_POINT('',(-0.,0.));
#11773 = VECTOR('',#11774,1.);
#11774 = DIRECTION('',(-1.,0.));
#11775 = ( GEOMETRIC_REPRESENTATION_CONTEXT(2) 
PARAMETRIC_REPRESENTATION_CONTEXT() REPRESENTATION_CONTEXT('2D SPACE',''
  ) );
#11776 = PCURVE('',#11622,#11777);
#11777 = DEFINITIONAL_REPRESENTATION('',(#11778),#11782);
#11778 = CIRCLE('',#11779,10.2);
#11779 = AXIS2_PLACEMENT_2D('',#11780,#11781);
#11780 = CARTESIAN_POINT('',(0.,-1.728624217764E-15));
#11781 = DIRECTION('',(-0.989949493661,-0.141421356237));
#11782 = ( GEOMETRIC_REPRESENTATION_CONTEXT(2) 
PARAMETRIC_REPRESENTATION_CONTEXT() REPRESENTATION_CONTEXT('2D SPACE',''
  ) );
#11783 = ORIENTED_EDGE('',*,*,#11784,.T.);
#11784 = EDGE_CURVE('',#11761,#4037,#11785,.T.);
#11785 = SURFACE_CURVE('',#11786,(#11791,#11803),.PCURVE_S1.);
#11786 = ELLIPSE('',#11787,14.424978336206,10.2);
#11787 = AXIS2_PLACEMENT_3D('',#11788,#11789,#11790);
#11788 = CARTESIAN_POINT('',(69.,0.,10.907301627792));
#11789 = DIRECTION('',(0.707106781187,0.,-0.707106781187));
#11790 = DIRECTION('',(-0.707106781187,0.,-0.707106781187));
#11791 = PCURVE('',#4239,#11792);
#11792 = DEFINITIONAL_REPRESENTATION('',(#11793),#11802);
#11793 = B_SPLINE_CURVE_WITH_KNOTS('',7,(#11794,#11795,#11796,#11797,
    #11798,#11799,#11800,#11801),.UNSPECIFIED.,.F.,.F.,(8,8),(
    0.729040465086,1.499603547667),.PIECEWISE_BEZIER_KNOTS.);
#11794 = CARTESIAN_POINT('',(-5.41224778749,5.999999981299E-07));
#11795 = CARTESIAN_POINT('',(-5.302167347121,-0.747971106869));
#11796 = CARTESIAN_POINT('',(-5.192086906753,-1.603489706356));
#11797 = CARTESIAN_POINT('',(-5.082006466381,-2.551750971063));
#11798 = CARTESIAN_POINT('',(-4.971926026016,-3.574758717948));
#11799 = CARTESIAN_POINT('',(-4.861845585645,-4.652053469789));
#11800 = CARTESIAN_POINT('',(-4.751765145277,-5.761772308531));
#11801 = CARTESIAN_POINT('',(-4.641684704908,-6.881748543605));
#11802 = ( GEOMETRIC_REPRESENTATION_CONTEXT(2) 
PARAMETRIC_REPRESENTATION_CONTEXT() REPRESENTATION_CONTEXT('2D SPACE',''
  ) );
#11803 = PCURVE('',#3995,#11804);
#11804 = DEFINITIONAL_REPRESENTATION('',(#11805),#11809);
#11805 = ELLIPSE('',#11806,14.424978336206,10.2);
#11806 = AXIS2_PLACEMENT_2D('',#11807,#11808);
#11807 = CARTESIAN_POINT('',(497.60099997449,-500.));
#11808 = DIRECTION('',(-1.,-0.));
#11809 = ( GEOMETRIC_REPRESENTATION_CONTEXT(2) 
PARAMETRIC_REPRESENTATION_CONTEXT() REPRESENTATION_CONTEXT('2D SPACE',''
  ) );
#11810 = ORIENTED_EDGE('',*,*,#4071,.T.);
#11811 = ORIENTED_EDGE('',*,*,#11735,.F.);
#11812 = ADVANCED_FACE('',(#11813),#3995,.F.);
#11813 = FACE_BOUND('',#11814,.F.);
#11814 = EDGE_LOOP('',(#11815,#11834,#11835,#11836,#11855,#11856));
#11815 = ORIENTED_EDGE('',*,*,#11816,.F.);
#11816 = EDGE_CURVE('',#3968,#4008,#11817,.T.);
#11817 = SURFACE_CURVE('',#11818,(#11822,#11828),.PCURVE_S1.);
#11818 = LINE('',#11819,#11820);
#11819 = CARTESIAN_POINT('',(80.,-250.,21.907301627792));
#11820 = VECTOR('',#11821,1.);
#11821 = DIRECTION('',(-0.,1.,0.));
#11822 = PCURVE('',#3995,#11823);
#11823 = DEFINITIONAL_REPRESENTATION('',(#11824),#11827);
#11824 = B_SPLINE_CURVE_WITH_KNOTS('',1,(#11825,#11826),.UNSPECIFIED.,
  .F.,.F.,(2,2),(239.,261.),.PIECEWISE_BEZIER_KNOTS.);
#11825 = CARTESIAN_POINT('',(513.15734916059,-489.));
#11826 = CARTESIAN_POINT('',(513.15734916059,-511.));
#11827 = ( GEOMETRIC_REPRESENTATION_CONTEXT(2) 
PARAMETRIC_REPRESENTATION_CONTEXT() REPRESENTATION_CONTEXT('2D SPACE',''
  ) );
#11828 = PCURVE('',#4024,#11829);
#11829 = DEFINITIONAL_REPRESENTATION('',(#11830),#11833);
#11830 = B_SPLINE_CURVE_WITH_KNOTS('',1,(#11831,#11832),.UNSPECIFIED.,
  .F.,.F.,(2,2),(239.,261.),.PIECEWISE_BEZIER_KNOTS.);
#11831 = CARTESIAN_POINT('',(-7.607301627792,-11.));
#11832 = CARTESIAN_POINT('',(-7.607301627792,11.));
#11833 = ( GEOMETRIC_REPRESENTATION_CONTEXT(2) 
PARAMETRIC_REPRESENTATION_CONTEXT() REPRESENTATION_CONTEXT('2D SPACE',''
  ) );
#11834 = ORIENTED_EDGE('',*,*,#3967,.T.);
#11835 = ORIENTED_EDGE('',*,*,#11656,.T.);
#11836 = ORIENTED_EDGE('',*,*,#11837,.T.);
#11837 = EDGE_CURVE('',#11606,#11761,#11838,.T.);
#11838 = SURFACE_CURVE('',#11839,(#11843,#11849),.PCURVE_S1.);
#11839 = LINE('',#11840,#11841);
#11840 = CARTESIAN_POINT('',(61.392698372208,-250.,3.3));
#11841 = VECTOR('',#11842,1.);
#11842 = DIRECTION('',(-0.,1.,0.));
#11843 = PCURVE('',#3995,#11844);
#11844 = DEFINITIONAL_REPRESENTATION('',(#11845),#11848);
#11845 = B_SPLINE_CURVE_WITH_KNOTS('',1,(#11846,#11847),.UNSPECIFIED.,
  .F.,.F.,(2,2),(239.8,260.2),.PIECEWISE_BEZIER_KNOTS.);
#11846 = CARTESIAN_POINT('',(486.8426508394,-489.8));
#11847 = CARTESIAN_POINT('',(486.8426508394,-510.2));
#11848 = ( GEOMETRIC_REPRESENTATION_CONTEXT(2) 
PARAMETRIC_REPRESENTATION_CONTEXT() REPRESENTATION_CONTEXT('2D SPACE',''
  ) );
#11849 = PCURVE('',#11622,#11850);
#11850 = DEFINITIONAL_REPRESENTATION('',(#11851),#11854);
#11851 = B_SPLINE_CURVE_WITH_KNOTS('',1,(#11852,#11853),.UNSPECIFIED.,
  .F.,.F.,(2,2),(239.8,260.2),.PIECEWISE_BEZIER_KNOTS.);
#11852 = CARTESIAN_POINT('',(-7.607301627792,-10.2));
#11853 = CARTESIAN_POINT('',(-7.607301627792,10.2));
#11854 = ( GEOMETRIC_REPRESENTATION_CONTEXT(2) 
PARAMETRIC_REPRESENTATION_CONTEXT() REPRESENTATION_CONTEXT('2D SPACE',''
  ) );
#11855 = ORIENTED_EDGE('',*,*,#11784,.T.);
#11856 = ORIENTED_EDGE('',*,*,#4036,.T.);
#11857 = ADVANCED_FACE('',(#11858),#4024,.F.);
#11858 = FACE_BOUND('',#11859,.F.);
#11859 = EDGE_LOOP('',(#11860,#11861));
#11860 = ORIENTED_EDGE('',*,*,#11816,.T.);
#11861 = ORIENTED_EDGE('',*,*,#4007,.T.);
#11862 = ADVANCED_FACE('',(#11863),#7312,.T.);
#11863 = FACE_BOUND('',#11864,.T.);
#11864 = EDGE_LOOP('',(#11865,#11893,#11914,#11933,#11934,#11955,#11956)
  );
#11865 = ORIENTED_EDGE('',*,*,#11866,.T.);
#11866 = EDGE_CURVE('',#11867,#11869,#11871,.T.);
#11867 = VERTEX_POINT('',#11868);
#11868 = CARTESIAN_POINT('',(80.575021663794,0.,22.482323291586));
#11869 = VERTEX_POINT('',#11870);
#11870 = CARTESIAN_POINT('',(82.,0.474992778735,23.907301627792));
#11871 = SURFACE_CURVE('',#11872,(#11876,#11882),.PCURVE_S1.);
#11872 = LINE('',#11873,#11874);
#11873 = CARTESIAN_POINT('',(-134.4550601754,-71.67669394643,
    -192.5477585477));
#11874 = VECTOR('',#11875,1.);
#11875 = DIRECTION('',(0.688247201612,0.229415733871,0.688247201612));
#11876 = PCURVE('',#7312,#11877);
#11877 = DEFINITIONAL_REPRESENTATION('',(#11878),#11881);
#11878 = B_SPLINE_CURVE_WITH_KNOTS('',1,(#11879,#11880),.UNSPECIFIED.,
  .F.,.F.,(2,2),(312.43146551958,314.501911041),
  .PIECEWISE_BEZIER_KNOTS.);
#11879 = CARTESIAN_POINT('',(4.5615786741,-19.18232329158));
#11880 = CARTESIAN_POINT('',(3.059519621164,-20.60730162779));
#11881 = ( GEOMETRIC_REPRESENTATION_CONTEXT(2) 
PARAMETRIC_REPRESENTATION_CONTEXT() REPRESENTATION_CONTEXT('2D SPACE',''
  ) );
#11882 = PCURVE('',#11883,#11888);
#11883 = PLANE('',#11884);
#11884 = AXIS2_PLACEMENT_3D('',#11885,#11886,#11887);
#11885 = CARTESIAN_POINT('',(-282.8570414071,-500.,-340.9497397793));
#11886 = DIRECTION('',(0.707106781187,0.,-0.707106781187));
#11887 = DIRECTION('',(0.707106781187,0.,0.707106781187));
#11888 = DEFINITIONAL_REPRESENTATION('',(#11889),#11892);
#11889 = B_SPLINE_CURVE_WITH_KNOTS('',1,(#11890,#11891),.UNSPECIFIED.,
  .F.,.F.,(2,2),(312.43146551958,314.501911041),
  .PIECEWISE_BEZIER_KNOTS.);
#11890 = CARTESIAN_POINT('',(513.97055259619,-500.));
#11891 = CARTESIAN_POINT('',(515.98577628534,-500.4749927787));
#11892 = ( GEOMETRIC_REPRESENTATION_CONTEXT(2) 
PARAMETRIC_REPRESENTATION_CONTEXT() REPRESENTATION_CONTEXT('2D SPACE',''
  ) );
#11893 = ORIENTED_EDGE('',*,*,#11894,.T.);
#11894 = EDGE_CURVE('',#11869,#11895,#11897,.T.);
#11895 = VERTEX_POINT('',#11896);
#11896 = CARTESIAN_POINT('',(84.,1.141659445402,21.907301627792));
#11897 = SURFACE_CURVE('',#11898,(#11902,#11908),.PCURVE_S1.);
#11898 = LINE('',#11899,#11900);
#11899 = CARTESIAN_POINT('',(-113.9849849491,-64.85333553765,
    219.89228657695));
#11900 = VECTOR('',#11901,1.);
#11901 = DIRECTION('',(0.688247201612,0.229415733871,-0.688247201612));
#11902 = PCURVE('',#7312,#11903);
#11903 = DEFINITIONAL_REPRESENTATION('',(#11904),#11907);
#11904 = B_SPLINE_CURVE_WITH_KNOTS('',1,(#11905,#11906),.UNSPECIFIED.,
  .F.,.F.,(2,2),(284.75958128158,288.97683804319),
  .PIECEWISE_BEZIER_KNOTS.);
#11905 = CARTESIAN_POINT('',(3.059519621164,-20.60730162779));
#11906 = CARTESIAN_POINT('',(-5.684341886081E-14,-17.70478646313));
#11907 = ( GEOMETRIC_REPRESENTATION_CONTEXT(2) 
PARAMETRIC_REPRESENTATION_CONTEXT() REPRESENTATION_CONTEXT('2D SPACE',''
  ) );
#11908 = PCURVE('',#10138,#11909);
#11909 = DEFINITIONAL_REPRESENTATION('',(#11910),#11913);
#11910 = B_SPLINE_CURVE_WITH_KNOTS('',1,(#11911,#11912),.UNSPECIFIED.,
  .F.,.F.,(2,2),(284.75958128158,288.97683804319),
  .PIECEWISE_BEZIER_KNOTS.);
#11911 = CARTESIAN_POINT('',(484.01422371465,-500.4749927787));
#11912 = CARTESIAN_POINT('',(488.1190000255,-501.4424978336));
#11913 = ( GEOMETRIC_REPRESENTATION_CONTEXT(2) 
PARAMETRIC_REPRESENTATION_CONTEXT() REPRESENTATION_CONTEXT('2D SPACE',''
  ) );
#11914 = ORIENTED_EDGE('',*,*,#11915,.T.);
#11915 = EDGE_CURVE('',#11895,#10988,#11916,.T.);
#11916 = SURFACE_CURVE('',#11917,(#11921,#11927),.PCURVE_S1.);
#11917 = LINE('',#11918,#11919);
#11918 = CARTESIAN_POINT('',(84.,1.141659445402,8.8));
#11919 = VECTOR('',#11920,1.);
#11920 = DIRECTION('',(-2.22044604925E-16,-7.401486830834E-17,1.));
#11921 = PCURVE('',#7312,#11922);
#11922 = DEFINITIONAL_REPRESENTATION('',(#11923),#11926);
#11923 = B_SPLINE_CURVE_WITH_KNOTS('',1,(#11924,#11925),.UNSPECIFIED.,
  .F.,.F.,(2,2),(-5.5,16.5),.PIECEWISE_BEZIER_KNOTS.);
#11924 = CARTESIAN_POINT('',(0.951334514385,0.));
#11925 = CARTESIAN_POINT('',(0.951334514385,-22.));
#11926 = ( GEOMETRIC_REPRESENTATION_CONTEXT(2) 
PARAMETRIC_REPRESENTATION_CONTEXT() REPRESENTATION_CONTEXT('2D SPACE',''
  ) );
#11927 = PCURVE('',#11004,#11928);
#11928 = DEFINITIONAL_REPRESENTATION('',(#11929),#11932);
#11929 = B_SPLINE_CURVE_WITH_KNOTS('',1,(#11930,#11931),.UNSPECIFIED.,
  .F.,.F.,(2,2),(-5.5,16.5),.PIECEWISE_BEZIER_KNOTS.);
#11930 = CARTESIAN_POINT('',(11.,1.141659445402));
#11931 = CARTESIAN_POINT('',(-11.,1.141659445402));
#11932 = ( GEOMETRIC_REPRESENTATION_CONTEXT(2) 
PARAMETRIC_REPRESENTATION_CONTEXT() REPRESENTATION_CONTEXT('2D SPACE',''
  ) );
#11933 = ORIENTED_EDGE('',*,*,#11016,.F.);
#11934 = ORIENTED_EDGE('',*,*,#11935,.T.);
#11935 = EDGE_CURVE('',#11017,#7044,#11936,.T.);
#11936 = SURFACE_CURVE('',#11937,(#11941,#11948),.PCURVE_S1.);
#11937 = LINE('',#11938,#11939);
#11938 = CARTESIAN_POINT('',(84.902515164656,1.442497833621,3.3));
#11939 = VECTOR('',#11940,1.);
#11940 = DIRECTION('',(0.,0.,1.));
#11941 = PCURVE('',#7312,#11942);
#11942 = DEFINITIONAL_REPRESENTATION('',(#11943),#11947);
#11943 = LINE('',#11944,#11945);
#11944 = CARTESIAN_POINT('',(-7.021666937153E-17,0.));
#11945 = VECTOR('',#11946,1.);
#11946 = DIRECTION('',(0.,-1.));
#11947 = ( GEOMETRIC_REPRESENTATION_CONTEXT(2) 
PARAMETRIC_REPRESENTATION_CONTEXT() REPRESENTATION_CONTEXT('2D SPACE',''
  ) );
#11948 = PCURVE('',#5686,#11949);
#11949 = DEFINITIONAL_REPRESENTATION('',(#11950),#11954);
#11950 = LINE('',#11951,#11952);
#11951 = CARTESIAN_POINT('',(-5.999391197971,0.));
#11952 = VECTOR('',#11953,1.);
#11953 = DIRECTION('',(-0.,-1.));
#11954 = ( GEOMETRIC_REPRESENTATION_CONTEXT(2) 
PARAMETRIC_REPRESENTATION_CONTEXT() REPRESENTATION_CONTEXT('2D SPACE',''
  ) );
#11955 = ORIENTED_EDGE('',*,*,#7294,.F.);
#11956 = ORIENTED_EDGE('',*,*,#11957,.F.);
#11957 = EDGE_CURVE('',#11867,#5450,#11958,.T.);
#11958 = SURFACE_CURVE('',#11959,(#11963,#11970),.PCURVE_S1.);
#11959 = LINE('',#11960,#11961);
#11960 = CARTESIAN_POINT('',(80.575021663794,0.,3.3));
#11961 = VECTOR('',#11962,1.);
#11962 = DIRECTION('',(0.,0.,1.));
#11963 = PCURVE('',#7312,#11964);
#11964 = DEFINITIONAL_REPRESENTATION('',(#11965),#11969);
#11965 = LINE('',#11966,#11967);
#11966 = CARTESIAN_POINT('',(4.5615786741,0.));
#11967 = VECTOR('',#11968,1.);
#11968 = DIRECTION('',(0.,-1.));
#11969 = ( GEOMETRIC_REPRESENTATION_CONTEXT(2) 
PARAMETRIC_REPRESENTATION_CONTEXT() REPRESENTATION_CONTEXT('2D SPACE',''
  ) );
#11970 = PCURVE('',#5492,#11971);
#11971 = DEFINITIONAL_REPRESENTATION('',(#11972),#11976);
#11972 = LINE('',#11973,#11974);
#11973 = CARTESIAN_POINT('',(0.,0.));
#11974 = VECTOR('',#11975,1.);
#11975 = DIRECTION('',(0.,-1.));
#11976 = ( GEOMETRIC_REPRESENTATION_CONTEXT(2) 
PARAMETRIC_REPRESENTATION_CONTEXT() REPRESENTATION_CONTEXT('2D SPACE',''
  ) );
#11977 = ADVANCED_FACE('',(#11978),#5686,.F.);
#11978 = FACE_BOUND('',#11979,.T.);
#11979 = EDGE_LOOP('',(#11980,#11981,#12002,#12003,#12004));
#11980 = ORIENTED_EDGE('',*,*,#11043,.F.);
#11981 = ORIENTED_EDGE('',*,*,#11982,.T.);
#11982 = EDGE_CURVE('',#11044,#5473,#11983,.T.);
#11983 = SURFACE_CURVE('',#11984,(#11988,#11995),.PCURVE_S1.);
#11984 = LINE('',#11985,#11986);
#11985 = CARTESIAN_POINT('',(84.902515164656,-1.442497833621,3.3));
#11986 = VECTOR('',#11987,1.);
#11987 = DIRECTION('',(0.,0.,1.));
#11988 = PCURVE('',#5686,#11989);
#11989 = DEFINITIONAL_REPRESENTATION('',(#11990),#11994);
#11990 = LINE('',#11991,#11992);
#11991 = CARTESIAN_POINT('',(-0.,0.));
#11992 = VECTOR('',#11993,1.);
#11993 = DIRECTION('',(-0.,-1.));
#11994 = ( GEOMETRIC_REPRESENTATION_CONTEXT(2) 
PARAMETRIC_REPRESENTATION_CONTEXT() REPRESENTATION_CONTEXT('2D SPACE',''
  ) );
#11995 = PCURVE('',#5492,#11996);
#11996 = DEFINITIONAL_REPRESENTATION('',(#11997),#12001);
#11997 = LINE('',#11998,#11999);
#11998 = CARTESIAN_POINT('',(4.5615786741,0.));
#11999 = VECTOR('',#12000,1.);
#12000 = DIRECTION('',(0.,-1.));
#12001 = ( GEOMETRIC_REPRESENTATION_CONTEXT(2) 
PARAMETRIC_REPRESENTATION_CONTEXT() REPRESENTATION_CONTEXT('2D SPACE',''
  ) );
#12002 = ORIENTED_EDGE('',*,*,#5504,.T.);
#12003 = ORIENTED_EDGE('',*,*,#7043,.T.);
#12004 = ORIENTED_EDGE('',*,*,#11935,.F.);
#12005 = ADVANCED_FACE('',(#12006),#5821,.F.);
#12006 = FACE_BOUND('',#12007,.F.);
#12007 = EDGE_LOOP('',(#12008,#12009,#12010));
#12008 = ORIENTED_EDGE('',*,*,#5804,.T.);
#12009 = ORIENTED_EDGE('',*,*,#7020,.T.);
#12010 = ORIENTED_EDGE('',*,*,#12011,.T.);
#12011 = EDGE_CURVE('',#6970,#5805,#12012,.T.);
#12012 = SURFACE_CURVE('',#12013,(#12017,#12023),.PCURVE_S1.);
#12013 = LINE('',#12014,#12015);
#12014 = CARTESIAN_POINT('',(106.,-250.,38.347302319478));
#12015 = VECTOR('',#12016,1.);
#12016 = DIRECTION('',(0.,-1.,0.));
#12017 = PCURVE('',#5821,#12018);
#12018 = DEFINITIONAL_REPRESENTATION('',(#12019),#12022);
#12019 = B_SPLINE_CURVE_WITH_KNOTS('',1,(#12020,#12021),.UNSPECIFIED.,
  .F.,.F.,(2,2),(-261.,-239.),.PIECEWISE_BEZIER_KNOTS.);
#12020 = CARTESIAN_POINT('',(7.607301627792,11.));
#12021 = CARTESIAN_POINT('',(7.607301627792,-11.));
#12022 = ( GEOMETRIC_REPRESENTATION_CONTEXT(2) 
PARAMETRIC_REPRESENTATION_CONTEXT() REPRESENTATION_CONTEXT('2D SPACE',''
  ) );
#12023 = PCURVE('',#5877,#12024);
#12024 = DEFINITIONAL_REPRESENTATION('',(#12025),#12028);
#12025 = B_SPLINE_CURVE_WITH_KNOTS('',1,(#12026,#12027),.UNSPECIFIED.,
  .F.,.F.,(2,2),(-261.,-239.),.PIECEWISE_BEZIER_KNOTS.);
#12026 = CARTESIAN_POINT('',(486.8426508394,-511.));
#12027 = CARTESIAN_POINT('',(486.8426508394,-489.));
#12028 = ( GEOMETRIC_REPRESENTATION_CONTEXT(2) 
PARAMETRIC_REPRESENTATION_CONTEXT() REPRESENTATION_CONTEXT('2D SPACE',''
  ) );
#12029 = ADVANCED_FACE('',(#12030),#5877,.F.);
#12030 = FACE_BOUND('',#12031,.F.);
#12031 = EDGE_LOOP('',(#12032,#12033,#12034,#12063,#12089,#12116));
#12032 = ORIENTED_EDGE('',*,*,#12011,.F.);
#12033 = ORIENTED_EDGE('',*,*,#6969,.T.);
#12034 = ORIENTED_EDGE('',*,*,#12035,.T.);
#12035 = EDGE_CURVE('',#6462,#12036,#12038,.T.);
#12036 = VERTEX_POINT('',#12037);
#12037 = CARTESIAN_POINT('',(87.392698372208,6.794774605813,
    56.95460394727));
#12038 = SURFACE_CURVE('',#12039,(#12044,#12051),.PCURVE_S1.);
#12039 = ELLIPSE('',#12040,14.424978336206,10.2);
#12040 = AXIS2_PLACEMENT_3D('',#12041,#12042,#12043);
#12041 = CARTESIAN_POINT('',(95.,0.,49.347302319478));
#12042 = DIRECTION('',(0.707106781187,0.,0.707106781187));
#12043 = DIRECTION('',(0.707106781187,0.,-0.707106781187));
#12044 = PCURVE('',#5877,#12045);
#12045 = DEFINITIONAL_REPRESENTATION('',(#12046),#12050);
#12046 = ELLIPSE('',#12047,14.424978336206,10.2);
#12047 = AXIS2_PLACEMENT_2D('',#12048,#12049);
#12048 = CARTESIAN_POINT('',(502.3990000255,-500.));
#12049 = DIRECTION('',(-1.,0.));
#12050 = ( GEOMETRIC_REPRESENTATION_CONTEXT(2) 
PARAMETRIC_REPRESENTATION_CONTEXT() REPRESENTATION_CONTEXT('2D SPACE',''
  ) );
#12051 = PCURVE('',#6797,#12052);
#12052 = DEFINITIONAL_REPRESENTATION('',(#12053),#12062);
#12053 = B_SPLINE_CURVE_WITH_KNOTS('',7,(#12054,#12055,#12056,#12057,
    #12058,#12059,#12060,#12061),.UNSPECIFIED.,.F.,.F.,(8,8),(
    1.641989105922,2.412552188706),.PIECEWISE_BEZIER_KNOTS.);
#12054 = CARTESIAN_POINT('',(-4.641684704908,-46.77285540366));
#12055 = CARTESIAN_POINT('',(-4.751765145306,-47.89283163903));
#12056 = CARTESIAN_POINT('',(-4.861845585703,-49.00255047805));
#12057 = CARTESIAN_POINT('',(-4.971926026102,-50.07984523019));
#12058 = CARTESIAN_POINT('',(-5.082006466498,-51.10285297728));
#12059 = CARTESIAN_POINT('',(-5.192086906897,-52.05111424216));
#12060 = CARTESIAN_POINT('',(-5.302167347294,-52.90663284174));
#12061 = CARTESIAN_POINT('',(-5.412247787692,-53.65460454864));
#12062 = ( GEOMETRIC_REPRESENTATION_CONTEXT(2) 
PARAMETRIC_REPRESENTATION_CONTEXT() REPRESENTATION_CONTEXT('2D SPACE',''
  ) );
#12063 = ORIENTED_EDGE('',*,*,#12064,.F.);
#12064 = EDGE_CURVE('',#12065,#12036,#12067,.T.);
#12065 = VERTEX_POINT('',#12066);
#12066 = CARTESIAN_POINT('',(87.392698372208,-6.794774605813,
    56.95460394727));
#12067 = SURFACE_CURVE('',#12068,(#12072,#12078),.PCURVE_S1.);
#12068 = LINE('',#12069,#12070);
#12069 = CARTESIAN_POINT('',(87.392698372208,-250.,56.95460394727));
#12070 = VECTOR('',#12071,1.);
#12071 = DIRECTION('',(0.,1.,0.));
#12072 = PCURVE('',#5877,#12073);
#12073 = DEFINITIONAL_REPRESENTATION('',(#12074),#12077);
#12074 = B_SPLINE_CURVE_WITH_KNOTS('',1,(#12075,#12076),.UNSPECIFIED.,
  .F.,.F.,(2,2),(239.8,260.2),.PIECEWISE_BEZIER_KNOTS.);
#12075 = CARTESIAN_POINT('',(513.15734916059,-489.8));
#12076 = CARTESIAN_POINT('',(513.15734916059,-510.2));
#12077 = ( GEOMETRIC_REPRESENTATION_CONTEXT(2) 
PARAMETRIC_REPRESENTATION_CONTEXT() REPRESENTATION_CONTEXT('2D SPACE',''
  ) );
#12078 = PCURVE('',#12079,#12084);
#12079 = PLANE('',#12080);
#12080 = AXIS2_PLACEMENT_3D('',#12081,#12082,#12083);
#12081 = CARTESIAN_POINT('',(95.,1.728624217764E-15,56.95460394727));
#12082 = DIRECTION('',(0.,0.,1.));
#12083 = DIRECTION('',(1.,0.,0.));
#12084 = DEFINITIONAL_REPRESENTATION('',(#12085),#12088);
#12085 = B_SPLINE_CURVE_WITH_KNOTS('',1,(#12086,#12087),.UNSPECIFIED.,
  .F.,.F.,(2,2),(239.8,260.2),.PIECEWISE_BEZIER_KNOTS.);
#12086 = CARTESIAN_POINT('',(-7.607301627792,-10.2));
#12087 = CARTESIAN_POINT('',(-7.607301627792,10.2));
#12088 = ( GEOMETRIC_REPRESENTATION_CONTEXT(2) 
PARAMETRIC_REPRESENTATION_CONTEXT() REPRESENTATION_CONTEXT('2D SPACE',''
  ) );
#12089 = ORIENTED_EDGE('',*,*,#12090,.T.);
#12090 = EDGE_CURVE('',#12065,#5834,#12091,.T.);
#12091 = SURFACE_CURVE('',#12092,(#12097,#12104),.PCURVE_S1.);
#12092 = ELLIPSE('',#12093,14.424978336206,10.2);
#12093 = AXIS2_PLACEMENT_3D('',#12094,#12095,#12096);
#12094 = CARTESIAN_POINT('',(95.,0.,49.347302319478));
#12095 = DIRECTION('',(0.707106781187,0.,0.707106781187));
#12096 = DIRECTION('',(0.707106781187,0.,-0.707106781187));
#12097 = PCURVE('',#5877,#12098);
#12098 = DEFINITIONAL_REPRESENTATION('',(#12099),#12103);
#12099 = ELLIPSE('',#12100,14.424978336206,10.2);
#12100 = AXIS2_PLACEMENT_2D('',#12101,#12102);
#12101 = CARTESIAN_POINT('',(502.3990000255,-500.));
#12102 = DIRECTION('',(-1.,0.));
#12103 = ( GEOMETRIC_REPRESENTATION_CONTEXT(2) 
PARAMETRIC_REPRESENTATION_CONTEXT() REPRESENTATION_CONTEXT('2D SPACE',''
  ) );
#12104 = PCURVE('',#6225,#12105);
#12105 = DEFINITIONAL_REPRESENTATION('',(#12106),#12115);
#12106 = B_SPLINE_CURVE_WITH_KNOTS('',7,(#12107,#12108,#12109,#12110,
    #12111,#12112,#12113,#12114),.UNSPECIFIED.,.F.,.F.,(8,8),(
    3.870633118667,4.641196201257),.PIECEWISE_BEZIER_KNOTS.);
#12107 = CARTESIAN_POINT('',(-0.587143410473,-53.65460454732));
#12108 = CARTESIAN_POINT('',(-0.697223850843,-52.90663284045));
#12109 = CARTESIAN_POINT('',(-0.807304291213,-52.05111424097));
#12110 = CARTESIAN_POINT('',(-0.917384731583,-51.10285297625));
#12111 = CARTESIAN_POINT('',(-1.027465171953,-50.07984522936));
#12112 = CARTESIAN_POINT('',(-1.137545612323,-49.00255047751));
#12113 = CARTESIAN_POINT('',(-1.247626052693,-47.89283163875));
#12114 = CARTESIAN_POINT('',(-1.357706493063,-46.77285540366));
#12115 = ( GEOMETRIC_REPRESENTATION_CONTEXT(2) 
PARAMETRIC_REPRESENTATION_CONTEXT() REPRESENTATION_CONTEXT('2D SPACE',''
  ) );
#12116 = ORIENTED_EDGE('',*,*,#5833,.T.);
#12117 = ADVANCED_FACE('',(#12118),#6797,.F.);
#12118 = FACE_BOUND('',#12119,.T.);
#12119 = EDGE_LOOP('',(#12120,#12121,#12122,#12146));
#12120 = ORIENTED_EDGE('',*,*,#6461,.F.);
#12121 = ORIENTED_EDGE('',*,*,#12035,.T.);
#12122 = ORIENTED_EDGE('',*,*,#12123,.T.);
#12123 = EDGE_CURVE('',#12036,#12124,#12126,.T.);
#12124 = VERTEX_POINT('',#12125);
#12125 = CARTESIAN_POINT('',(84.902515164656,1.442497833621,
    56.95460394727));
#12126 = SURFACE_CURVE('',#12127,(#12132,#12139),.PCURVE_S1.);
#12127 = CIRCLE('',#12128,10.2);
#12128 = AXIS2_PLACEMENT_3D('',#12129,#12130,#12131);
#12129 = CARTESIAN_POINT('',(95.,0.,56.95460394727));
#12130 = DIRECTION('',(0.,0.,1.));
#12131 = DIRECTION('',(-0.989949493661,-0.141421356237,0.));
#12132 = PCURVE('',#6797,#12133);
#12133 = DEFINITIONAL_REPRESENTATION('',(#12134),#12138);
#12134 = LINE('',#12135,#12136);
#12135 = CARTESIAN_POINT('',(-0.,-53.65460394727));
#12136 = VECTOR('',#12137,1.);
#12137 = DIRECTION('',(-1.,0.));
#12138 = ( GEOMETRIC_REPRESENTATION_CONTEXT(2) 
PARAMETRIC_REPRESENTATION_CONTEXT() REPRESENTATION_CONTEXT('2D SPACE',''
  ) );
#12139 = PCURVE('',#12079,#12140);
#12140 = DEFINITIONAL_REPRESENTATION('',(#12141),#12145);
#12141 = CIRCLE('',#12142,10.2);
#12142 = AXIS2_PLACEMENT_2D('',#12143,#12144);
#12143 = CARTESIAN_POINT('',(0.,-1.728624217764E-15));
#12144 = DIRECTION('',(-0.989949493661,-0.141421356237));
#12145 = ( GEOMETRIC_REPRESENTATION_CONTEXT(2) 
PARAMETRIC_REPRESENTATION_CONTEXT() REPRESENTATION_CONTEXT('2D SPACE',''
  ) );
#12146 = ORIENTED_EDGE('',*,*,#12147,.F.);
#12147 = EDGE_CURVE('',#6430,#12124,#12148,.T.);
#12148 = SURFACE_CURVE('',#12149,(#12153,#12160),.PCURVE_S1.);
#12149 = LINE('',#12150,#12151);
#12150 = CARTESIAN_POINT('',(84.902515164656,1.442497833621,3.3));
#12151 = VECTOR('',#12152,1.);
#12152 = DIRECTION('',(0.,0.,1.));
#12153 = PCURVE('',#6797,#12154);
#12154 = DEFINITIONAL_REPRESENTATION('',(#12155),#12159);
#12155 = LINE('',#12156,#12157);
#12156 = CARTESIAN_POINT('',(-5.999391197971,0.));
#12157 = VECTOR('',#12158,1.);
#12158 = DIRECTION('',(-0.,-1.));
#12159 = ( GEOMETRIC_REPRESENTATION_CONTEXT(2) 
PARAMETRIC_REPRESENTATION_CONTEXT() REPRESENTATION_CONTEXT('2D SPACE',''
  ) );
#12160 = PCURVE('',#6449,#12161);
#12161 = DEFINITIONAL_REPRESENTATION('',(#12162),#12166);
#12162 = LINE('',#12163,#12164);
#12163 = CARTESIAN_POINT('',(-7.021666937153E-17,0.));
#12164 = VECTOR('',#12165,1.);
#12165 = DIRECTION('',(0.,-1.));
#12166 = ( GEOMETRIC_REPRESENTATION_CONTEXT(2) 
PARAMETRIC_REPRESENTATION_CONTEXT() REPRESENTATION_CONTEXT('2D SPACE',''
  ) );
#12167 = ADVANCED_FACE('',(#12168),#6449,.T.);
#12168 = FACE_BOUND('',#12169,.T.);
#12169 = EDGE_LOOP('',(#12170,#12171,#12172));
#12170 = ORIENTED_EDGE('',*,*,#6429,.F.);
#12171 = ORIENTED_EDGE('',*,*,#12147,.T.);
#12172 = ORIENTED_EDGE('',*,*,#12173,.T.);
#12173 = EDGE_CURVE('',#12124,#6398,#12174,.T.);
#12174 = SURFACE_CURVE('',#12175,(#12179,#12186),.PCURVE_S1.);
#12175 = LINE('',#12176,#12177);
#12176 = CARTESIAN_POINT('',(102.2124891681,7.212489168103,
    56.95460394727));
#12177 = VECTOR('',#12178,1.);
#12178 = DIRECTION('',(-0.948683298051,-0.316227766017,0.));
#12179 = PCURVE('',#6449,#12180);
#12180 = DEFINITIONAL_REPRESENTATION('',(#12181),#12185);
#12181 = LINE('',#12182,#12183);
#12182 = CARTESIAN_POINT('',(-18.24631469639,-53.65460394727));
#12183 = VECTOR('',#12184,1.);
#12184 = DIRECTION('',(1.,0.));
#12185 = ( GEOMETRIC_REPRESENTATION_CONTEXT(2) 
PARAMETRIC_REPRESENTATION_CONTEXT() REPRESENTATION_CONTEXT('2D SPACE',''
  ) );
#12186 = PCURVE('',#12079,#12187);
#12187 = DEFINITIONAL_REPRESENTATION('',(#12188),#12192);
#12188 = LINE('',#12189,#12190);
#12189 = CARTESIAN_POINT('',(7.212489168103,7.212489168103));
#12190 = VECTOR('',#12191,1.);
#12191 = DIRECTION('',(-0.948683298051,-0.316227766017));
#12192 = ( GEOMETRIC_REPRESENTATION_CONTEXT(2) 
PARAMETRIC_REPRESENTATION_CONTEXT() REPRESENTATION_CONTEXT('2D SPACE',''
  ) );
#12193 = ADVANCED_FACE('',(#12194),#6417,.T.);
#12194 = FACE_BOUND('',#12195,.T.);
#12195 = EDGE_LOOP('',(#12196,#12197,#12220));
#12196 = ORIENTED_EDGE('',*,*,#6397,.F.);
#12197 = ORIENTED_EDGE('',*,*,#12198,.T.);
#12198 = EDGE_CURVE('',#6398,#12199,#12201,.T.);
#12199 = VERTEX_POINT('',#12200);
#12200 = CARTESIAN_POINT('',(84.902515164656,-1.442497833621,
    56.95460394727));
#12201 = SURFACE_CURVE('',#12202,(#12206,#12213),.PCURVE_S1.);
#12202 = LINE('',#12203,#12204);
#12203 = CARTESIAN_POINT('',(80.575021663794,0.,56.95460394727));
#12204 = VECTOR('',#12205,1.);
#12205 = DIRECTION('',(0.948683298051,-0.316227766017,0.));
#12206 = PCURVE('',#6417,#12207);
#12207 = DEFINITIONAL_REPRESENTATION('',(#12208),#12212);
#12208 = LINE('',#12209,#12210);
#12209 = CARTESIAN_POINT('',(0.,-53.65460394727));
#12210 = VECTOR('',#12211,1.);
#12211 = DIRECTION('',(1.,0.));
#12212 = ( GEOMETRIC_REPRESENTATION_CONTEXT(2) 
PARAMETRIC_REPRESENTATION_CONTEXT() REPRESENTATION_CONTEXT('2D SPACE',''
  ) );
#12213 = PCURVE('',#12079,#12214);
#12214 = DEFINITIONAL_REPRESENTATION('',(#12215),#12219);
#12215 = LINE('',#12216,#12217);
#12216 = CARTESIAN_POINT('',(-14.4249783362,-1.728624217764E-15));
#12217 = VECTOR('',#12218,1.);
#12218 = DIRECTION('',(0.948683298051,-0.316227766017));
#12219 = ( GEOMETRIC_REPRESENTATION_CONTEXT(2) 
PARAMETRIC_REPRESENTATION_CONTEXT() REPRESENTATION_CONTEXT('2D SPACE',''
  ) );
#12220 = ORIENTED_EDGE('',*,*,#12221,.F.);
#12221 = EDGE_CURVE('',#5890,#12199,#12222,.T.);
#12222 = SURFACE_CURVE('',#12223,(#12227,#12234),.PCURVE_S1.);
#12223 = LINE('',#12224,#12225);
#12224 = CARTESIAN_POINT('',(84.902515164656,-1.442497833621,3.3));
#12225 = VECTOR('',#12226,1.);
#12226 = DIRECTION('',(0.,0.,1.));
#12227 = PCURVE('',#6417,#12228);
#12228 = DEFINITIONAL_REPRESENTATION('',(#12229),#12233);
#12229 = LINE('',#12230,#12231);
#12230 = CARTESIAN_POINT('',(4.5615786741,0.));
#12231 = VECTOR('',#12232,1.);
#12232 = DIRECTION('',(0.,-1.));
#12233 = ( GEOMETRIC_REPRESENTATION_CONTEXT(2) 
PARAMETRIC_REPRESENTATION_CONTEXT() REPRESENTATION_CONTEXT('2D SPACE',''
  ) );
#12234 = PCURVE('',#6225,#12235);
#12235 = DEFINITIONAL_REPRESENTATION('',(#12236),#12240);
#12236 = LINE('',#12237,#12238);
#12237 = CARTESIAN_POINT('',(-0.,0.));
#12238 = VECTOR('',#12239,1.);
#12239 = DIRECTION('',(-0.,-1.));
#12240 = ( GEOMETRIC_REPRESENTATION_CONTEXT(2) 
PARAMETRIC_REPRESENTATION_CONTEXT() REPRESENTATION_CONTEXT('2D SPACE',''
  ) );
#12241 = ADVANCED_FACE('',(#12242),#6225,.F.);
#12242 = FACE_BOUND('',#12243,.T.);
#12243 = EDGE_LOOP('',(#12244,#12245,#12246,#12268));
#12244 = ORIENTED_EDGE('',*,*,#5889,.F.);
#12245 = ORIENTED_EDGE('',*,*,#12221,.T.);
#12246 = ORIENTED_EDGE('',*,*,#12247,.T.);
#12247 = EDGE_CURVE('',#12199,#12065,#12248,.T.);
#12248 = SURFACE_CURVE('',#12249,(#12254,#12261),.PCURVE_S1.);
#12249 = CIRCLE('',#12250,10.2);
#12250 = AXIS2_PLACEMENT_3D('',#12251,#12252,#12253);
#12251 = CARTESIAN_POINT('',(95.,0.,56.95460394727));
#12252 = DIRECTION('',(0.,0.,1.));
#12253 = DIRECTION('',(-0.989949493661,-0.141421356237,0.));
#12254 = PCURVE('',#6225,#12255);
#12255 = DEFINITIONAL_REPRESENTATION('',(#12256),#12260);
#12256 = LINE('',#12257,#12258);
#12257 = CARTESIAN_POINT('',(-0.,-53.65460394727));
#12258 = VECTOR('',#12259,1.);
#12259 = DIRECTION('',(-1.,0.));
#12260 = ( GEOMETRIC_REPRESENTATION_CONTEXT(2) 
PARAMETRIC_REPRESENTATION_CONTEXT() REPRESENTATION_CONTEXT('2D SPACE',''
  ) );
#12261 = PCURVE('',#12079,#12262);
#12262 = DEFINITIONAL_REPRESENTATION('',(#12263),#12267);
#12263 = CIRCLE('',#12264,10.2);
#12264 = AXIS2_PLACEMENT_2D('',#12265,#12266);
#12265 = CARTESIAN_POINT('',(0.,-1.728624217764E-15));
#12266 = DIRECTION('',(-0.989949493661,-0.141421356237));
#12267 = ( GEOMETRIC_REPRESENTATION_CONTEXT(2) 
PARAMETRIC_REPRESENTATION_CONTEXT() REPRESENTATION_CONTEXT('2D SPACE',''
  ) );
#12268 = ORIENTED_EDGE('',*,*,#12090,.T.);
#12269 = ADVANCED_FACE('',(#12270),#5492,.T.);
#12270 = FACE_BOUND('',#12271,.T.);
#12271 = EDGE_LOOP('',(#12272,#12295,#12314,#12315,#12316,#12317,#12318)
  );
#12272 = ORIENTED_EDGE('',*,*,#12273,.T.);
#12273 = EDGE_CURVE('',#12274,#12276,#12278,.T.);
#12274 = VERTEX_POINT('',#12275);
#12275 = CARTESIAN_POINT('',(84.,-1.141659445402,21.907301627792));
#12276 = VERTEX_POINT('',#12277);
#12277 = CARTESIAN_POINT('',(82.,-0.474992778735,23.907301627792));
#12278 = SURFACE_CURVE('',#12279,(#12283,#12289),.PCURVE_S1.);
#12279 = LINE('',#12280,#12281);
#12280 = CARTESIAN_POINT('',(-36.17643060728,38.917150757027,
    142.08373223508));
#12281 = VECTOR('',#12282,1.);
#12282 = DIRECTION('',(-0.688247201612,0.229415733871,0.688247201612));
#12283 = PCURVE('',#5492,#12284);
#12284 = DEFINITIONAL_REPRESENTATION('',(#12285),#12288);
#12285 = B_SPLINE_CURVE_WITH_KNOTS('',1,(#12286,#12287),.UNSPECIFIED.,
  .F.,.F.,(2,2),(-175.9236296034,-171.7063728418),
  .PIECEWISE_BEZIER_KNOTS.);
#12286 = CARTESIAN_POINT('',(4.5615786741,-17.70478646313));
#12287 = CARTESIAN_POINT('',(1.502059052936,-20.60730162779));
#12288 = ( GEOMETRIC_REPRESENTATION_CONTEXT(2) 
PARAMETRIC_REPRESENTATION_CONTEXT() REPRESENTATION_CONTEXT('2D SPACE',''
  ) );
#12289 = PCURVE('',#10138,#12290);
#12290 = DEFINITIONAL_REPRESENTATION('',(#12291),#12294);
#12291 = B_SPLINE_CURVE_WITH_KNOTS('',1,(#12292,#12293),.UNSPECIFIED.,
  .F.,.F.,(2,2),(-175.9236296034,-171.7063728418),
  .PIECEWISE_BEZIER_KNOTS.);
#12292 = CARTESIAN_POINT('',(488.1190000255,-498.5575021663));
#12293 = CARTESIAN_POINT('',(484.01422371465,-499.5250072212));
#12294 = ( GEOMETRIC_REPRESENTATION_CONTEXT(2) 
PARAMETRIC_REPRESENTATION_CONTEXT() REPRESENTATION_CONTEXT('2D SPACE',''
  ) );
#12295 = ORIENTED_EDGE('',*,*,#12296,.T.);
#12296 = EDGE_CURVE('',#12276,#11867,#12297,.T.);
#12297 = SURFACE_CURVE('',#12298,(#12302,#12308),.PCURVE_S1.);
#12298 = LINE('',#12299,#12300);
#12299 = CARTESIAN_POINT('',(-56.64650583361,45.740509165804,
    -114.7392042058));
#12300 = VECTOR('',#12301,1.);
#12301 = DIRECTION('',(-0.688247201612,0.229415733871,-0.688247201612));
#12302 = PCURVE('',#5492,#12303);
#12303 = DEFINITIONAL_REPRESENTATION('',(#12304),#12307);
#12304 = B_SPLINE_CURVE_WITH_KNOTS('',1,(#12305,#12306),.UNSPECIFIED.,
  .F.,.F.,(2,2),(-201.4487026012,-199.3782570798),
  .PIECEWISE_BEZIER_KNOTS.);
#12305 = CARTESIAN_POINT('',(1.502059052936,-20.60730162779));
#12306 = CARTESIAN_POINT('',(2.84217094304E-14,-19.18232329158));
#12307 = ( GEOMETRIC_REPRESENTATION_CONTEXT(2) 
PARAMETRIC_REPRESENTATION_CONTEXT() REPRESENTATION_CONTEXT('2D SPACE',''
  ) );
#12308 = PCURVE('',#11883,#12309);
#12309 = DEFINITIONAL_REPRESENTATION('',(#12310),#12313);
#12310 = B_SPLINE_CURVE_WITH_KNOTS('',1,(#12311,#12312),.UNSPECIFIED.,
  .F.,.F.,(2,2),(-201.4487026012,-199.3782570798),
  .PIECEWISE_BEZIER_KNOTS.);
#12311 = CARTESIAN_POINT('',(515.98577628534,-499.5250072212));
#12312 = CARTESIAN_POINT('',(513.97055259619,-500.));
#12313 = ( GEOMETRIC_REPRESENTATION_CONTEXT(2) 
PARAMETRIC_REPRESENTATION_CONTEXT() REPRESENTATION_CONTEXT('2D SPACE',''
  ) );
#12314 = ORIENTED_EDGE('',*,*,#11957,.T.);
#12315 = ORIENTED_EDGE('',*,*,#5472,.F.);
#12316 = ORIENTED_EDGE('',*,*,#11982,.F.);
#12317 = ORIENTED_EDGE('',*,*,#11546,.F.);
#12318 = ORIENTED_EDGE('',*,*,#12319,.T.);
#12319 = EDGE_CURVE('',#11547,#12274,#12320,.T.);
#12320 = SURFACE_CURVE('',#12321,(#12325,#12331),.PCURVE_S1.);
#12321 = LINE('',#12322,#12323);
#12322 = CARTESIAN_POINT('',(84.,-1.141659445402,8.8));
#12323 = VECTOR('',#12324,1.);
#12324 = DIRECTION('',(2.22044604925E-16,-7.401486830834E-17,-1.));
#12325 = PCURVE('',#5492,#12326);
#12326 = DEFINITIONAL_REPRESENTATION('',(#12327),#12330);
#12327 = B_SPLINE_CURVE_WITH_KNOTS('',1,(#12328,#12329),.UNSPECIFIED.,
  .F.,.F.,(2,2),(-16.5,5.5),.PIECEWISE_BEZIER_KNOTS.);
#12328 = CARTESIAN_POINT('',(3.610244159715,-22.));
#12329 = CARTESIAN_POINT('',(3.610244159715,0.));
#12330 = ( GEOMETRIC_REPRESENTATION_CONTEXT(2) 
PARAMETRIC_REPRESENTATION_CONTEXT() REPRESENTATION_CONTEXT('2D SPACE',''
  ) );
#12331 = PCURVE('',#11588,#12332);
#12332 = DEFINITIONAL_REPRESENTATION('',(#12333),#12336);
#12333 = B_SPLINE_CURVE_WITH_KNOTS('',1,(#12334,#12335),.UNSPECIFIED.,
  .F.,.F.,(2,2),(-16.5,5.5),.PIECEWISE_BEZIER_KNOTS.);
#12334 = CARTESIAN_POINT('',(-11.,-1.141659445402));
#12335 = CARTESIAN_POINT('',(11.,-1.141659445402));
#12336 = ( GEOMETRIC_REPRESENTATION_CONTEXT(2) 
PARAMETRIC_REPRESENTATION_CONTEXT() REPRESENTATION_CONTEXT('2D SPACE',''
  ) );
#12337 = ADVANCED_FACE('',(#12338),#8500,.F.);
#12338 = FACE_BOUND('',#12339,.F.);
#12339 = EDGE_LOOP('',(#12340,#12383,#12419,#12442,#12481,#12482,#12483,
    #12522,#12523,#12559));
#12340 = ORIENTED_EDGE('',*,*,#12341,.F.);
#12341 = EDGE_CURVE('',#12342,#12344,#12346,.T.);
#12342 = VERTEX_POINT('',#12343);
#12343 = CARTESIAN_POINT('',(330.9,11.,40.3));
#12344 = VERTEX_POINT('',#12345);
#12345 = CARTESIAN_POINT('',(319.9,1.347111479062E-15,51.3));
#12346 = SURFACE_CURVE('',#12347,(#12352,#12365),.PCURVE_S1.);
#12347 = ELLIPSE('',#12348,15.556349186104,11.);
#12348 = AXIS2_PLACEMENT_3D('',#12349,#12350,#12351);
#12349 = CARTESIAN_POINT('',(330.9,0.,40.3));
#12350 = DIRECTION('',(0.707106781187,0.,0.707106781187));
#12351 = DIRECTION('',(-0.707106781187,0.,0.707106781187));
#12352 = PCURVE('',#8500,#12353);
#12353 = DEFINITIONAL_REPRESENTATION('',(#12354),#12364);
#12354 = B_SPLINE_CURVE_WITH_KNOTS('',8,(#12355,#12356,#12357,#12358,
    #12359,#12360,#12361,#12362,#12363),.UNSPECIFIED.,.F.,.F.,(9,9),(
    4.712388980385,6.28318530718),.PIECEWISE_BEZIER_KNOTS.);
#12355 = CARTESIAN_POINT('',(1.570796326795,76.287482977003));
#12356 = CARTESIAN_POINT('',(1.767145867644,74.12763802766));
#12357 = CARTESIAN_POINT('',(1.963495408492,71.967792565396));
#12358 = CARTESIAN_POINT('',(2.159844949349,69.934837103967));
#12359 = CARTESIAN_POINT('',(2.35619449019,68.155636720301));
#12360 = CARTESIAN_POINT('',(2.552544031047,66.741484467522));
#12361 = CARTESIAN_POINT('',(2.748893571887,65.772151512734));
#12362 = CARTESIAN_POINT('',(2.94524311274,65.287482977003));
#12363 = CARTESIAN_POINT('',(3.14159265359,65.287482977003));
#12364 = ( GEOMETRIC_REPRESENTATION_CONTEXT(2) 
PARAMETRIC_REPRESENTATION_CONTEXT() REPRESENTATION_CONTEXT('2D SPACE',''
  ) );
#12365 = PCURVE('',#12366,#12371);
#12366 = CYLINDRICAL_SURFACE('',#12367,11.);
#12367 = AXIS2_PLACEMENT_3D('',#12368,#12369,#12370);
#12368 = CARTESIAN_POINT('',(330.9,0.,3.3));
#12369 = DIRECTION('',(0.,0.,1.));
#12370 = DIRECTION('',(1.,0.,-0.));
#12371 = DEFINITIONAL_REPRESENTATION('',(#12372),#12382);
#12372 = B_SPLINE_CURVE_WITH_KNOTS('',8,(#12373,#12374,#12375,#12376,
    #12377,#12378,#12379,#12380,#12381),.UNSPECIFIED.,.F.,.F.,(9,9),(
    4.712388980385,6.28318530718),.PIECEWISE_BEZIER_KNOTS.);
#12373 = CARTESIAN_POINT('',(1.570796326795,37.));
#12374 = CARTESIAN_POINT('',(1.767145867644,39.159844949343));
#12375 = CARTESIAN_POINT('',(1.963495408492,41.319690411496));
#12376 = CARTESIAN_POINT('',(2.159844949342,43.35264587315));
#12377 = CARTESIAN_POINT('',(2.356194490187,45.131846256467));
#12378 = CARTESIAN_POINT('',(2.552544031039,46.545998509595));
#12379 = CARTESIAN_POINT('',(2.74889357189,47.515331464157));
#12380 = CARTESIAN_POINT('',(2.94524311274,48.));
#12381 = CARTESIAN_POINT('',(3.14159265359,48.));
#12382 = ( GEOMETRIC_REPRESENTATION_CONTEXT(2) 
PARAMETRIC_REPRESENTATION_CONTEXT() REPRESENTATION_CONTEXT('2D SPACE',''
  ) );
#12383 = ORIENTED_EDGE('',*,*,#12384,.T.);
#12384 = EDGE_CURVE('',#12342,#12385,#12387,.T.);
#12385 = VERTEX_POINT('',#12386);
#12386 = CARTESIAN_POINT('',(319.9,-2.694222958124E-15,29.3));
#12387 = SURFACE_CURVE('',#12388,(#12393,#12406),.PCURVE_S1.);
#12388 = ELLIPSE('',#12389,15.556349186104,11.);
#12389 = AXIS2_PLACEMENT_3D('',#12390,#12391,#12392);
#12390 = CARTESIAN_POINT('',(330.9,0.,40.3));
#12391 = DIRECTION('',(-0.707106781187,0.,0.707106781187));
#12392 = DIRECTION('',(0.707106781187,0.,0.707106781187));
#12393 = PCURVE('',#8500,#12394);
#12394 = DEFINITIONAL_REPRESENTATION('',(#12395),#12405);
#12395 = B_SPLINE_CURVE_WITH_KNOTS('',8,(#12396,#12397,#12398,#12399,
    #12400,#12401,#12402,#12403,#12404),.UNSPECIFIED.,.F.,.F.,(9,9),(
    1.570796326795,3.14159265359),.PIECEWISE_BEZIER_KNOTS.);
#12396 = CARTESIAN_POINT('',(1.570796326795,76.287482977003));
#12397 = CARTESIAN_POINT('',(1.374446785946,74.12763802766));
#12398 = CARTESIAN_POINT('',(1.178097245095,71.967792565396));
#12399 = CARTESIAN_POINT('',(0.981747704247,69.934837103967));
#12400 = CARTESIAN_POINT('',(0.785398163398,68.155636720301));
#12401 = CARTESIAN_POINT('',(0.589048622547,66.741484467522));
#12402 = CARTESIAN_POINT('',(0.392699081698,65.772151512734));
#12403 = CARTESIAN_POINT('',(0.196349540849,65.287482977003));
#12404 = CARTESIAN_POINT('',(1.224646799147E-16,65.287482977003));
#12405 = ( GEOMETRIC_REPRESENTATION_CONTEXT(2) 
PARAMETRIC_REPRESENTATION_CONTEXT() REPRESENTATION_CONTEXT('2D SPACE',''
  ) );
#12406 = PCURVE('',#10625,#12407);
#12407 = DEFINITIONAL_REPRESENTATION('',(#12408),#12418);
#12408 = B_SPLINE_CURVE_WITH_KNOTS('',8,(#12409,#12410,#12411,#12412,
    #12413,#12414,#12415,#12416,#12417),.UNSPECIFIED.,.F.,.F.,(9,9),(
    1.570796326795,3.14159265359),.PIECEWISE_BEZIER_KNOTS.);
#12409 = CARTESIAN_POINT('',(1.570796326795,37.));
#12410 = CARTESIAN_POINT('',(1.767145867644,34.840155050657));
#12411 = CARTESIAN_POINT('',(1.963495408495,32.680309588475));
#12412 = CARTESIAN_POINT('',(2.159844949331,30.647354126733));
#12413 = CARTESIAN_POINT('',(2.356194490201,28.868153743533));
#12414 = CARTESIAN_POINT('',(2.552544031028,27.454001490361));
#12415 = CARTESIAN_POINT('',(2.748893571894,26.484668535821));
#12416 = CARTESIAN_POINT('',(2.94524311274,26.));
#12417 = CARTESIAN_POINT('',(3.14159265359,26.));
#12418 = ( GEOMETRIC_REPRESENTATION_CONTEXT(2) 
PARAMETRIC_REPRESENTATION_CONTEXT() REPRESENTATION_CONTEXT('2D SPACE',''
  ) );
#12419 = ORIENTED_EDGE('',*,*,#12420,.F.);
#12420 = EDGE_CURVE('',#12421,#12385,#12423,.T.);
#12421 = VERTEX_POINT('',#12422);
#12422 = CARTESIAN_POINT('',(276.61251702299,-2.694222958124E-15,29.3));
#12423 = SEAM_CURVE('',#12424,(#12428,#12435),.PCURVE_S1.);
#12424 = LINE('',#12425,#12426);
#12425 = CARTESIAN_POINT('',(254.61251702299,-2.694222958124E-15,29.3));
#12426 = VECTOR('',#12427,1.);
#12427 = DIRECTION('',(1.,0.,2.22044604925E-16));
#12428 = PCURVE('',#8500,#12429);
#12429 = DEFINITIONAL_REPRESENTATION('',(#12430),#12434);
#12430 = LINE('',#12431,#12432);
#12431 = CARTESIAN_POINT('',(6.28318530718,-0.));
#12432 = VECTOR('',#12433,1.);
#12433 = DIRECTION('',(0.,1.));
#12434 = ( GEOMETRIC_REPRESENTATION_CONTEXT(2) 
PARAMETRIC_REPRESENTATION_CONTEXT() REPRESENTATION_CONTEXT('2D SPACE',''
  ) );
#12435 = PCURVE('',#8500,#12436);
#12436 = DEFINITIONAL_REPRESENTATION('',(#12437),#12441);
#12437 = LINE('',#12438,#12439);
#12438 = CARTESIAN_POINT('',(0.,-0.));
#12439 = VECTOR('',#12440,1.);
#12440 = DIRECTION('',(0.,1.));
#12441 = ( GEOMETRIC_REPRESENTATION_CONTEXT(2) 
PARAMETRIC_REPRESENTATION_CONTEXT() REPRESENTATION_CONTEXT('2D SPACE',''
  ) );
#12442 = ORIENTED_EDGE('',*,*,#12443,.T.);
#12443 = EDGE_CURVE('',#12421,#8478,#12444,.T.);
#12444 = SURFACE_CURVE('',#12445,(#12450,#12463),.PCURVE_S1.);
#12445 = ELLIPSE('',#12446,15.556349186104,11.);
#12446 = AXIS2_PLACEMENT_3D('',#12447,#12448,#12449);
#12447 = CARTESIAN_POINT('',(265.61251702299,0.,40.3));
#12448 = DIRECTION('',(0.707106781187,0.,0.707106781187));
#12449 = DIRECTION('',(0.707106781187,0.,-0.707106781187));
#12450 = PCURVE('',#8500,#12451);
#12451 = DEFINITIONAL_REPRESENTATION('',(#12452),#12462);
#12452 = B_SPLINE_CURVE_WITH_KNOTS('',8,(#12453,#12454,#12455,#12456,
    #12457,#12458,#12459,#12460,#12461),.UNSPECIFIED.,.F.,.F.,(9,9),(0.,
    1.570796326795),.PIECEWISE_BEZIER_KNOTS.);
#12453 = CARTESIAN_POINT('',(0.,22.));
#12454 = CARTESIAN_POINT('',(0.196349540849,22.));
#12455 = CARTESIAN_POINT('',(0.392699081697,21.51533146411));
#12456 = CARTESIAN_POINT('',(0.58904862255,20.545998509799));
#12457 = CARTESIAN_POINT('',(0.78539816339,19.13184625619));
#12458 = CARTESIAN_POINT('',(0.98174770425,17.35264587339));
#12459 = CARTESIAN_POINT('',(1.178097245095,15.319690411467));
#12460 = CARTESIAN_POINT('',(1.374446785946,13.159844949343));
#12461 = CARTESIAN_POINT('',(1.570796326795,11.));
#12462 = ( GEOMETRIC_REPRESENTATION_CONTEXT(2) 
PARAMETRIC_REPRESENTATION_CONTEXT() REPRESENTATION_CONTEXT('2D SPACE',''
  ) );
#12463 = PCURVE('',#12464,#12469);
#12464 = CYLINDRICAL_SURFACE('',#12465,11.);
#12465 = AXIS2_PLACEMENT_3D('',#12466,#12467,#12468);
#12466 = CARTESIAN_POINT('',(265.61251702299,0.,29.3));
#12467 = DIRECTION('',(0.,0.,1.));
#12468 = DIRECTION('',(1.,0.,-0.));
#12469 = DEFINITIONAL_REPRESENTATION('',(#12470),#12480);
#12470 = B_SPLINE_CURVE_WITH_KNOTS('',8,(#12471,#12472,#12473,#12474,
    #12475,#12476,#12477,#12478,#12479),.UNSPECIFIED.,.F.,.F.,(9,9),(0.,
    1.570796326795),.PIECEWISE_BEZIER_KNOTS.);
#12471 = CARTESIAN_POINT('',(0.,-7.105427357601E-15));
#12472 = CARTESIAN_POINT('',(0.196349540849,-7.105427357601E-15));
#12473 = CARTESIAN_POINT('',(0.392699081699,0.48466853585));
#12474 = CARTESIAN_POINT('',(0.589048622546,1.454001490256));
#12475 = CARTESIAN_POINT('',(0.7853981634,2.868153743646));
#12476 = CARTESIAN_POINT('',(0.981747704244,4.647354126671));
#12477 = CARTESIAN_POINT('',(1.178097245096,6.6803095885));
#12478 = CARTESIAN_POINT('',(1.374446785946,8.840155050657));
#12479 = CARTESIAN_POINT('',(1.570796326795,11.));
#12480 = ( GEOMETRIC_REPRESENTATION_CONTEXT(2) 
PARAMETRIC_REPRESENTATION_CONTEXT() REPRESENTATION_CONTEXT('2D SPACE',''
  ) );
#12481 = ORIENTED_EDGE('',*,*,#8477,.T.);
#12482 = ORIENTED_EDGE('',*,*,#8628,.T.);
#12483 = ORIENTED_EDGE('',*,*,#12484,.T.);
#12484 = EDGE_CURVE('',#8574,#12421,#12485,.T.);
#12485 = SURFACE_CURVE('',#12486,(#12491,#12504),.PCURVE_S1.);
#12486 = ELLIPSE('',#12487,15.556349186104,11.);
#12487 = AXIS2_PLACEMENT_3D('',#12488,#12489,#12490);
#12488 = CARTESIAN_POINT('',(265.61251702299,0.,40.3));
#12489 = DIRECTION('',(0.707106781187,0.,0.707106781187));
#12490 = DIRECTION('',(0.707106781187,0.,-0.707106781187));
#12491 = PCURVE('',#8500,#12492);
#12492 = DEFINITIONAL_REPRESENTATION('',(#12493),#12503);
#12493 = B_SPLINE_CURVE_WITH_KNOTS('',8,(#12494,#12495,#12496,#12497,
    #12498,#12499,#12500,#12501,#12502),.UNSPECIFIED.,.F.,.F.,(9,9),(
    4.712388980385,6.28318530718),.PIECEWISE_BEZIER_KNOTS.);
#12494 = CARTESIAN_POINT('',(4.712388980385,11.));
#12495 = CARTESIAN_POINT('',(4.908738521234,13.159844949343));
#12496 = CARTESIAN_POINT('',(5.105088062087,15.319690411483));
#12497 = CARTESIAN_POINT('',(5.301437602902,17.352645873281));
#12498 = CARTESIAN_POINT('',(5.49778714378,19.131846256249));
#12499 = CARTESIAN_POINT('',(5.694136684611,20.545998509711));
#12500 = CARTESIAN_POINT('',(5.89048622548,21.515331464132));
#12501 = CARTESIAN_POINT('',(6.08683576633,22.));
#12502 = CARTESIAN_POINT('',(6.28318530718,22.));
#12503 = ( GEOMETRIC_REPRESENTATION_CONTEXT(2) 
PARAMETRIC_REPRESENTATION_CONTEXT() REPRESENTATION_CONTEXT('2D SPACE',''
  ) );
#12504 = PCURVE('',#12505,#12510);
#12505 = CYLINDRICAL_SURFACE('',#12506,11.);
#12506 = AXIS2_PLACEMENT_3D('',#12507,#12508,#12509);
#12507 = CARTESIAN_POINT('',(265.61251702299,0.,29.3));
#12508 = DIRECTION('',(0.,0.,1.));
#12509 = DIRECTION('',(1.,0.,-0.));
#12510 = DEFINITIONAL_REPRESENTATION('',(#12511),#12521);
#12511 = B_SPLINE_CURVE_WITH_KNOTS('',8,(#12512,#12513,#12514,#12515,
    #12516,#12517,#12518,#12519,#12520),.UNSPECIFIED.,.F.,.F.,(9,9),(
    4.712388980385,6.28318530718),.PIECEWISE_BEZIER_KNOTS.);
#12512 = CARTESIAN_POINT('',(4.712388980385,11.));
#12513 = CARTESIAN_POINT('',(4.908738521234,8.840155050657));
#12514 = CARTESIAN_POINT('',(5.105088062086,6.6803095885));
#12515 = CARTESIAN_POINT('',(5.301437602935,4.647354126661));
#12516 = CARTESIAN_POINT('',(5.497787143762,2.86815374365));
#12517 = CARTESIAN_POINT('',(5.694136684629,1.454001490256));
#12518 = CARTESIAN_POINT('',(5.890486225479,0.484668535849));
#12519 = CARTESIAN_POINT('',(6.08683576633,-6.576417916828E-15));
#12520 = CARTESIAN_POINT('',(6.28318530718,-7.105427357601E-15));
#12521 = ( GEOMETRIC_REPRESENTATION_CONTEXT(2) 
PARAMETRIC_REPRESENTATION_CONTEXT() REPRESENTATION_CONTEXT('2D SPACE',''
  ) );
#12522 = ORIENTED_EDGE('',*,*,#12420,.T.);
#12523 = ORIENTED_EDGE('',*,*,#12524,.T.);
#12524 = EDGE_CURVE('',#12385,#12525,#12527,.T.);
#12525 = VERTEX_POINT('',#12526);
#12526 = CARTESIAN_POINT('',(330.9,-11.,40.3));
#12527 = SURFACE_CURVE('',#12528,(#12533,#12546),.PCURVE_S1.);
#12528 = ELLIPSE('',#12529,15.556349186104,11.);
#12529 = AXIS2_PLACEMENT_3D('',#12530,#12531,#12532);
#12530 = CARTESIAN_POINT('',(330.9,0.,40.3));
#12531 = DIRECTION('',(-0.707106781187,0.,0.707106781187));
#12532 = DIRECTION('',(0.707106781187,0.,0.707106781187));
#12533 = PCURVE('',#8500,#12534);
#12534 = DEFINITIONAL_REPRESENTATION('',(#12535),#12545);
#12535 = B_SPLINE_CURVE_WITH_KNOTS('',8,(#12536,#12537,#12538,#12539,
    #12540,#12541,#12542,#12543,#12544),.UNSPECIFIED.,.F.,.F.,(9,9),(
    3.14159265359,4.712388980385),.PIECEWISE_BEZIER_KNOTS.);
#12536 = CARTESIAN_POINT('',(6.28318530718,65.287482977003));
#12537 = CARTESIAN_POINT('',(6.08683576633,65.287482977003));
#12538 = CARTESIAN_POINT('',(5.890486225481,65.772151512785));
#12539 = CARTESIAN_POINT('',(5.694136684634,66.741484467406));
#12540 = CARTESIAN_POINT('',(5.497787143781,68.155636720185));
#12541 = CARTESIAN_POINT('',(5.301437602938,69.934837103909));
#12542 = CARTESIAN_POINT('',(5.105088062083,71.967792565425));
#12543 = CARTESIAN_POINT('',(4.908738521234,74.12763802766));
#12544 = CARTESIAN_POINT('',(4.712388980385,76.287482977003));
#12545 = ( GEOMETRIC_REPRESENTATION_CONTEXT(2) 
PARAMETRIC_REPRESENTATION_CONTEXT() REPRESENTATION_CONTEXT('2D SPACE',''
  ) );
#12546 = PCURVE('',#10625,#12547);
#12547 = DEFINITIONAL_REPRESENTATION('',(#12548),#12558);
#12548 = B_SPLINE_CURVE_WITH_KNOTS('',8,(#12549,#12550,#12551,#12552,
    #12553,#12554,#12555,#12556,#12557),.UNSPECIFIED.,.F.,.F.,(9,9),(
    3.14159265359,4.712388980385),.PIECEWISE_BEZIER_KNOTS.);
#12549 = CARTESIAN_POINT('',(3.14159265359,26.));
#12550 = CARTESIAN_POINT('',(3.337942194439,26.));
#12551 = CARTESIAN_POINT('',(3.534291735285,26.484668535813));
#12552 = CARTESIAN_POINT('',(3.730641276145,27.454001490332));
#12553 = CARTESIAN_POINT('',(3.926990816984,28.868153743504));
#12554 = CARTESIAN_POINT('',(4.123340357841,30.647354126791));
#12555 = CARTESIAN_POINT('',(4.319689898684,32.680309588468));
#12556 = CARTESIAN_POINT('',(4.516039439535,34.840155050657));
#12557 = CARTESIAN_POINT('',(4.712388980385,37.));
#12558 = ( GEOMETRIC_REPRESENTATION_CONTEXT(2) 
PARAMETRIC_REPRESENTATION_CONTEXT() REPRESENTATION_CONTEXT('2D SPACE',''
  ) );
#12559 = ORIENTED_EDGE('',*,*,#12560,.F.);
#12560 = EDGE_CURVE('',#12344,#12525,#12561,.T.);
#12561 = SURFACE_CURVE('',#12562,(#12567,#12580),.PCURVE_S1.);
#12562 = ELLIPSE('',#12563,15.556349186104,11.);
#12563 = AXIS2_PLACEMENT_3D('',#12564,#12565,#12566);
#12564 = CARTESIAN_POINT('',(330.9,0.,40.3));
#12565 = DIRECTION('',(0.707106781187,0.,0.707106781187));
#12566 = DIRECTION('',(-0.707106781187,0.,0.707106781187));
#12567 = PCURVE('',#8500,#12568);
#12568 = DEFINITIONAL_REPRESENTATION('',(#12569),#12579);
#12569 = B_SPLINE_CURVE_WITH_KNOTS('',8,(#12570,#12571,#12572,#12573,
    #12574,#12575,#12576,#12577,#12578),.UNSPECIFIED.,.F.,.F.,(9,9),(0.,
    1.570796326795),.PIECEWISE_BEZIER_KNOTS.);
#12570 = CARTESIAN_POINT('',(3.14159265359,65.287482977003));
#12571 = CARTESIAN_POINT('',(3.337942194439,65.287482977003));
#12572 = CARTESIAN_POINT('',(3.534291735286,65.772151512785));
#12573 = CARTESIAN_POINT('',(3.730641276132,66.741484467406));
#12574 = CARTESIAN_POINT('',(3.926990817006,68.155636720185));
#12575 = CARTESIAN_POINT('',(4.123340357828,69.934837103909));
#12576 = CARTESIAN_POINT('',(4.319689898685,71.967792565425));
#12577 = CARTESIAN_POINT('',(4.516039439535,74.12763802766));
#12578 = CARTESIAN_POINT('',(4.712388980385,76.287482977003));
#12579 = ( GEOMETRIC_REPRESENTATION_CONTEXT(2) 
PARAMETRIC_REPRESENTATION_CONTEXT() REPRESENTATION_CONTEXT('2D SPACE',''
  ) );
#12580 = PCURVE('',#12581,#12586);
#12581 = CYLINDRICAL_SURFACE('',#12582,11.);
#12582 = AXIS2_PLACEMENT_3D('',#12583,#12584,#12585);
#12583 = CARTESIAN_POINT('',(330.9,0.,3.3));
#12584 = DIRECTION('',(0.,0.,1.));
#12585 = DIRECTION('',(1.,0.,-0.));
#12586 = DEFINITIONAL_REPRESENTATION('',(#12587),#12597);
#12587 = B_SPLINE_CURVE_WITH_KNOTS('',8,(#12588,#12589,#12590,#12591,
    #12592,#12593,#12594,#12595,#12596),.UNSPECIFIED.,.F.,.F.,(9,9),(0.,
    1.570796326795),.PIECEWISE_BEZIER_KNOTS.);
#12588 = CARTESIAN_POINT('',(3.14159265359,48.));
#12589 = CARTESIAN_POINT('',(3.337942194439,48.));
#12590 = CARTESIAN_POINT('',(3.534291735285,47.51533146407));
#12591 = CARTESIAN_POINT('',(3.730641276143,46.545998509799));
#12592 = CARTESIAN_POINT('',(3.926990816999,45.131846255943));
#12593 = CARTESIAN_POINT('',(4.123340357832,43.352645873383));
#12594 = CARTESIAN_POINT('',(4.319689898684,41.319690411423));
#12595 = CARTESIAN_POINT('',(4.516039439535,39.159844949343));
#12596 = CARTESIAN_POINT('',(4.712388980385,37.));
#12597 = ( GEOMETRIC_REPRESENTATION_CONTEXT(2) 
PARAMETRIC_REPRESENTATION_CONTEXT() REPRESENTATION_CONTEXT('2D SPACE',''
  ) );
#12598 = ADVANCED_FACE('',(#12599),#8603,.F.);
#12599 = FACE_BOUND('',#12600,.F.);
#12600 = EDGE_LOOP('',(#12601,#12602,#12631,#12665));
#12601 = ORIENTED_EDGE('',*,*,#8573,.F.);
#12602 = ORIENTED_EDGE('',*,*,#12603,.T.);
#12603 = EDGE_CURVE('',#8519,#12604,#12606,.T.);
#12604 = VERTEX_POINT('',#12605);
#12605 = CARTESIAN_POINT('',(254.61251702299,-7.945373618893,
    47.907301627792));
#12606 = SURFACE_CURVE('',#12607,(#12612,#12619),.PCURVE_S1.);
#12607 = CIRCLE('',#12608,11.);
#12608 = AXIS2_PLACEMENT_3D('',#12609,#12610,#12611);
#12609 = CARTESIAN_POINT('',(254.61251702299,0.,40.3));
#12610 = DIRECTION('',(1.,-0.,2.22044604925E-16));
#12611 = DIRECTION('',(2.22044604925E-16,0.,-1.));
#12612 = PCURVE('',#8603,#12613);
#12613 = DEFINITIONAL_REPRESENTATION('',(#12614),#12618);
#12614 = LINE('',#12615,#12616);
#12615 = CARTESIAN_POINT('',(0.,0.));
#12616 = VECTOR('',#12617,1.);
#12617 = DIRECTION('',(1.,0.));
#12618 = ( GEOMETRIC_REPRESENTATION_CONTEXT(2) 
PARAMETRIC_REPRESENTATION_CONTEXT() REPRESENTATION_CONTEXT('2D SPACE',''
  ) );
#12619 = PCURVE('',#12620,#12625);
#12620 = PLANE('',#12621);
#12621 = AXIS2_PLACEMENT_3D('',#12622,#12623,#12624);
#12622 = CARTESIAN_POINT('',(254.61251702299,0.,40.3));
#12623 = DIRECTION('',(1.,0.,2.22044604925E-16));
#12624 = DIRECTION('',(2.22044604925E-16,0.,-1.));
#12625 = DEFINITIONAL_REPRESENTATION('',(#12626),#12630);
#12626 = CIRCLE('',#12627,11.);
#12627 = AXIS2_PLACEMENT_2D('',#12628,#12629);
#12628 = CARTESIAN_POINT('',(0.,0.));
#12629 = DIRECTION('',(1.,0.));
#12630 = ( GEOMETRIC_REPRESENTATION_CONTEXT(2) 
PARAMETRIC_REPRESENTATION_CONTEXT() REPRESENTATION_CONTEXT('2D SPACE',''
  ) );
#12631 = ORIENTED_EDGE('',*,*,#12632,.F.);
#12632 = EDGE_CURVE('',#12633,#12604,#12635,.T.);
#12633 = VERTEX_POINT('',#12634);
#12634 = CARTESIAN_POINT('',(263.91616783689,-10.8684129218,
    38.603650813896));
#12635 = SURFACE_CURVE('',#12636,(#12641,#12653),.PCURVE_S1.);
#12636 = ELLIPSE('',#12637,15.556349186104,11.);
#12637 = AXIS2_PLACEMENT_3D('',#12638,#12639,#12640);
#12638 = CARTESIAN_POINT('',(262.21981865078,0.,40.3));
#12639 = DIRECTION('',(-0.707106781187,0.,-0.707106781187));
#12640 = DIRECTION('',(0.707106781187,0.,-0.707106781187));
#12641 = PCURVE('',#8603,#12642);
#12642 = DEFINITIONAL_REPRESENTATION('',(#12643),#12652);
#12643 = B_SPLINE_CURVE_WITH_KNOTS('',7,(#12644,#12645,#12646,#12647,
    #12648,#12649,#12650,#12651),.UNSPECIFIED.,.F.,.F.,(8,8),(
    1.257257167284,2.334460764049),.PIECEWISE_BEZIER_KNOTS.);
#12644 = CARTESIAN_POINT('',(5.025928139895,11.0000006));
#12645 = CARTESIAN_POINT('',(4.872041911786,9.38977703946));
#12646 = CARTESIAN_POINT('',(4.718155683677,7.68582080795));
#12647 = CARTESIAN_POINT('',(4.564269455566,5.950412582673));
#12648 = CARTESIAN_POINT('',(4.410383227459,4.251275761855));
#12649 = CARTESIAN_POINT('',(4.256496999349,2.655539596463));
#12650 = CARTESIAN_POINT('',(4.10261077124,1.222682888728));
#12651 = CARTESIAN_POINT('',(3.94872454313,-5.999999643791E-07));
#12652 = ( GEOMETRIC_REPRESENTATION_CONTEXT(2) 
PARAMETRIC_REPRESENTATION_CONTEXT() REPRESENTATION_CONTEXT('2D SPACE',''
  ) );
#12653 = PCURVE('',#12654,#12659);
#12654 = PLANE('',#12655);
#12655 = AXIS2_PLACEMENT_3D('',#12656,#12657,#12658);
#12656 = CARTESIAN_POINT('',(-89.63722275638,-500.,392.15704140717));
#12657 = DIRECTION('',(-0.707106781187,0.,-0.707106781187));
#12658 = DIRECTION('',(0.707106781187,0.,-0.707106781187));
#12659 = DEFINITIONAL_REPRESENTATION('',(#12660),#12664);
#12660 = ELLIPSE('',#12661,15.556349186104,11.);
#12661 = AXIS2_PLACEMENT_2D('',#12662,#12663);
#12662 = CARTESIAN_POINT('',(497.60099997449,-500.));
#12663 = DIRECTION('',(1.,0.));
#12664 = ( GEOMETRIC_REPRESENTATION_CONTEXT(2) 
PARAMETRIC_REPRESENTATION_CONTEXT() REPRESENTATION_CONTEXT('2D SPACE',''
  ) );
#12665 = ORIENTED_EDGE('',*,*,#12666,.F.);
#12666 = EDGE_CURVE('',#8574,#12633,#12667,.T.);
#12667 = SURFACE_CURVE('',#12668,(#12673,#12686),.PCURVE_S1.);
#12668 = ELLIPSE('',#12669,15.556349186104,11.);
#12669 = AXIS2_PLACEMENT_3D('',#12670,#12671,#12672);
#12670 = CARTESIAN_POINT('',(265.61251702299,0.,40.3));
#12671 = DIRECTION('',(0.707106781187,0.,-0.707106781187));
#12672 = DIRECTION('',(0.707106781187,0.,0.707106781187));
#12673 = PCURVE('',#8603,#12674);
#12674 = DEFINITIONAL_REPRESENTATION('',(#12675),#12685);
#12675 = B_SPLINE_CURVE_WITH_KNOTS('',8,(#12676,#12677,#12678,#12679,
    #12680,#12681,#12682,#12683,#12684),.UNSPECIFIED.,.F.,.F.,(9,9),(
    1.570796326795,3.14159265359),.PIECEWISE_BEZIER_KNOTS.);
#12676 = CARTESIAN_POINT('',(4.712388980385,11.));
#12677 = CARTESIAN_POINT('',(4.908738521234,8.840155050657));
#12678 = CARTESIAN_POINT('',(5.105088062087,6.680309588502));
#12679 = CARTESIAN_POINT('',(5.301437602902,4.647354126657));
#12680 = CARTESIAN_POINT('',(5.497787143795,2.868153743653));
#12681 = CARTESIAN_POINT('',(5.694136684611,1.454001490258));
#12682 = CARTESIAN_POINT('',(5.89048622548,0.48466853585));
#12683 = CARTESIAN_POINT('',(6.08683576633,1.223668557339E-15));
#12684 = CARTESIAN_POINT('',(6.28318530718,0.));
#12685 = ( GEOMETRIC_REPRESENTATION_CONTEXT(2) 
PARAMETRIC_REPRESENTATION_CONTEXT() REPRESENTATION_CONTEXT('2D SPACE',''
  ) );
#12686 = PCURVE('',#12505,#12687);
#12687 = DEFINITIONAL_REPRESENTATION('',(#12688),#12698);
#12688 = B_SPLINE_CURVE_WITH_KNOTS('',8,(#12689,#12690,#12691,#12692,
    #12693,#12694,#12695,#12696,#12697),.UNSPECIFIED.,.F.,.F.,(9,9),(
    1.570796326795,3.14159265359),.PIECEWISE_BEZIER_KNOTS.);
#12689 = CARTESIAN_POINT('',(4.712388980385,11.));
#12690 = CARTESIAN_POINT('',(4.516039439535,8.840155050657));
#12691 = CARTESIAN_POINT('',(4.319689898685,6.6803095885));
#12692 = CARTESIAN_POINT('',(4.123340357828,4.647354126676));
#12693 = CARTESIAN_POINT('',(3.926990816984,2.868153743655));
#12694 = CARTESIAN_POINT('',(3.730641276132,1.45400149026));
#12695 = CARTESIAN_POINT('',(3.534291735287,0.484668535848));
#12696 = CARTESIAN_POINT('',(3.337942194439,-5.881758800262E-15));
#12697 = CARTESIAN_POINT('',(3.14159265359,-7.105427357601E-15));
#12698 = ( GEOMETRIC_REPRESENTATION_CONTEXT(2) 
PARAMETRIC_REPRESENTATION_CONTEXT() REPRESENTATION_CONTEXT('2D SPACE',''
  ) );
#12699 = ADVANCED_FACE('',(#12700),#8548,.F.);
#12700 = FACE_BOUND('',#12701,.F.);
#12701 = EDGE_LOOP('',(#12702,#12738,#12767,#12789));
#12702 = ORIENTED_EDGE('',*,*,#12703,.F.);
#12703 = EDGE_CURVE('',#12704,#8478,#12706,.T.);
#12704 = VERTEX_POINT('',#12705);
#12705 = CARTESIAN_POINT('',(263.91616783689,10.868412921803,
    38.603650813896));
#12706 = SURFACE_CURVE('',#12707,(#12712,#12725),.PCURVE_S1.);
#12707 = ELLIPSE('',#12708,15.556349186104,11.);
#12708 = AXIS2_PLACEMENT_3D('',#12709,#12710,#12711);
#12709 = CARTESIAN_POINT('',(265.61251702299,0.,40.3));
#12710 = DIRECTION('',(0.707106781187,0.,-0.707106781187));
#12711 = DIRECTION('',(0.707106781187,0.,0.707106781187));
#12712 = PCURVE('',#8548,#12713);
#12713 = DEFINITIONAL_REPRESENTATION('',(#12714),#12724);
#12714 = B_SPLINE_CURVE_WITH_KNOTS('',8,(#12715,#12716,#12717,#12718,
    #12719,#12720,#12721,#12722,#12723),.UNSPECIFIED.,.F.,.F.,(9,9),(
    3.14159265359,4.712388980385),.PIECEWISE_BEZIER_KNOTS.);
#12715 = CARTESIAN_POINT('',(-8.881784197001E-16,0.));
#12716 = CARTESIAN_POINT('',(0.196349540849,-1.223668557339E-15));
#12717 = CARTESIAN_POINT('',(0.392699081699,0.484668535848));
#12718 = CARTESIAN_POINT('',(0.589048622548,1.454001490263));
#12719 = CARTESIAN_POINT('',(0.785398163395,2.86815374365));
#12720 = CARTESIAN_POINT('',(0.981747704246,4.647354126677));
#12721 = CARTESIAN_POINT('',(1.178097245096,6.680309588499));
#12722 = CARTESIAN_POINT('',(1.374446785946,8.840155050657));
#12723 = CARTESIAN_POINT('',(1.570796326795,11.));
#12724 = ( GEOMETRIC_REPRESENTATION_CONTEXT(2) 
PARAMETRIC_REPRESENTATION_CONTEXT() REPRESENTATION_CONTEXT('2D SPACE',''
  ) );
#12725 = PCURVE('',#12464,#12726);
#12726 = DEFINITIONAL_REPRESENTATION('',(#12727),#12737);
#12727 = B_SPLINE_CURVE_WITH_KNOTS('',8,(#12728,#12729,#12730,#12731,
    #12732,#12733,#12734,#12735,#12736),.UNSPECIFIED.,.F.,.F.,(9,9),(
    3.14159265359,4.712388980385),.PIECEWISE_BEZIER_KNOTS.);
#12728 = CARTESIAN_POINT('',(3.14159265359,-7.105427357601E-15));
#12729 = CARTESIAN_POINT('',(2.94524311274,-8.32909591494E-15));
#12730 = CARTESIAN_POINT('',(2.74889357189,0.484668535848));
#12731 = CARTESIAN_POINT('',(2.552544031036,1.454001490267));
#12732 = CARTESIAN_POINT('',(2.356194490188,2.868153743631));
#12733 = CARTESIAN_POINT('',(2.15984494934,4.647354126673));
#12734 = CARTESIAN_POINT('',(1.963495408492,6.680309588497));
#12735 = CARTESIAN_POINT('',(1.767145867644,8.840155050657));
#12736 = CARTESIAN_POINT('',(1.570796326795,11.));
#12737 = ( GEOMETRIC_REPRESENTATION_CONTEXT(2) 
PARAMETRIC_REPRESENTATION_CONTEXT() REPRESENTATION_CONTEXT('2D SPACE',''
  ) );
#12738 = ORIENTED_EDGE('',*,*,#12739,.F.);
#12739 = EDGE_CURVE('',#12740,#12704,#12742,.T.);
#12740 = VERTEX_POINT('',#12741);
#12741 = CARTESIAN_POINT('',(254.61251702299,7.945373618893,
    47.907301627792));
#12742 = SURFACE_CURVE('',#12743,(#12748,#12760),.PCURVE_S1.);
#12743 = ELLIPSE('',#12744,15.556349186104,11.);
#12744 = AXIS2_PLACEMENT_3D('',#12745,#12746,#12747);
#12745 = CARTESIAN_POINT('',(262.21981865078,0.,40.3));
#12746 = DIRECTION('',(-0.707106781187,0.,-0.707106781187));
#12747 = DIRECTION('',(0.707106781187,0.,-0.707106781187));
#12748 = PCURVE('',#8548,#12749);
#12749 = DEFINITIONAL_REPRESENTATION('',(#12750),#12759);
#12750 = B_SPLINE_CURVE_WITH_KNOTS('',7,(#12751,#12752,#12753,#12754,
    #12755,#12756,#12757,#12758),.UNSPECIFIED.,.F.,.F.,(8,8),(
    3.94872454313,5.025928139895),.PIECEWISE_BEZIER_KNOTS.);
#12751 = CARTESIAN_POINT('',(2.334460764049,-5.999999643791E-07));
#12752 = CARTESIAN_POINT('',(2.18057453594,1.222682888728));
#12753 = CARTESIAN_POINT('',(2.026688307831,2.655539596462));
#12754 = CARTESIAN_POINT('',(1.872802079722,4.251275761857));
#12755 = CARTESIAN_POINT('',(1.718915851611,5.950412582669));
#12756 = CARTESIAN_POINT('',(1.565029623503,7.68582080795));
#12757 = CARTESIAN_POINT('',(1.411143395393,9.38977703946));
#12758 = CARTESIAN_POINT('',(1.257257167284,11.0000006));
#12759 = ( GEOMETRIC_REPRESENTATION_CONTEXT(2) 
PARAMETRIC_REPRESENTATION_CONTEXT() REPRESENTATION_CONTEXT('2D SPACE',''
  ) );
#12760 = PCURVE('',#12654,#12761);
#12761 = DEFINITIONAL_REPRESENTATION('',(#12762),#12766);
#12762 = ELLIPSE('',#12763,15.556349186104,11.);
#12763 = AXIS2_PLACEMENT_2D('',#12764,#12765);
#12764 = CARTESIAN_POINT('',(497.60099997449,-500.));
#12765 = DIRECTION('',(1.,0.));
#12766 = ( GEOMETRIC_REPRESENTATION_CONTEXT(2) 
PARAMETRIC_REPRESENTATION_CONTEXT() REPRESENTATION_CONTEXT('2D SPACE',''
  ) );
#12767 = ORIENTED_EDGE('',*,*,#12768,.T.);
#12768 = EDGE_CURVE('',#12740,#8519,#12769,.T.);
#12769 = SURFACE_CURVE('',#12770,(#12775,#12782),.PCURVE_S1.);
#12770 = CIRCLE('',#12771,11.);
#12771 = AXIS2_PLACEMENT_3D('',#12772,#12773,#12774);
#12772 = CARTESIAN_POINT('',(254.61251702299,0.,40.3));
#12773 = DIRECTION('',(1.,-0.,2.22044604925E-16));
#12774 = DIRECTION('',(2.22044604925E-16,0.,-1.));
#12775 = PCURVE('',#8548,#12776);
#12776 = DEFINITIONAL_REPRESENTATION('',(#12777),#12781);
#12777 = LINE('',#12778,#12779);
#12778 = CARTESIAN_POINT('',(0.,0.));
#12779 = VECTOR('',#12780,1.);
#12780 = DIRECTION('',(1.,0.));
#12781 = ( GEOMETRIC_REPRESENTATION_CONTEXT(2) 
PARAMETRIC_REPRESENTATION_CONTEXT() REPRESENTATION_CONTEXT('2D SPACE',''
  ) );
#12782 = PCURVE('',#12620,#12783);
#12783 = DEFINITIONAL_REPRESENTATION('',(#12784),#12788);
#12784 = CIRCLE('',#12785,11.);
#12785 = AXIS2_PLACEMENT_2D('',#12786,#12787);
#12786 = CARTESIAN_POINT('',(0.,0.));
#12787 = DIRECTION('',(1.,0.));
#12788 = ( GEOMETRIC_REPRESENTATION_CONTEXT(2) 
PARAMETRIC_REPRESENTATION_CONTEXT() REPRESENTATION_CONTEXT('2D SPACE',''
  ) );
#12789 = ORIENTED_EDGE('',*,*,#8518,.F.);
#12790 = ADVANCED_FACE('',(#12791),#9566,.T.);
#12791 = FACE_BOUND('',#12792,.T.);
#12792 = EDGE_LOOP('',(#12793,#12817,#12843,#12865,#12866));
#12793 = ORIENTED_EDGE('',*,*,#12794,.T.);
#12794 = EDGE_CURVE('',#9602,#12795,#12797,.T.);
#12795 = VERTEX_POINT('',#12796);
#12796 = CARTESIAN_POINT('',(323.2926983722,-7.945373618893,3.3));
#12797 = SURFACE_CURVE('',#12798,(#12803,#12810),.PCURVE_S1.);
#12798 = CIRCLE('',#12799,11.);
#12799 = AXIS2_PLACEMENT_3D('',#12800,#12801,#12802);
#12800 = CARTESIAN_POINT('',(330.9,0.,3.3));
#12801 = DIRECTION('',(0.,0.,1.));
#12802 = DIRECTION('',(1.,0.,-0.));
#12803 = PCURVE('',#9566,#12804);
#12804 = DEFINITIONAL_REPRESENTATION('',(#12805),#12809);
#12805 = CIRCLE('',#12806,11.);
#12806 = AXIS2_PLACEMENT_2D('',#12807,#12808);
#12807 = CARTESIAN_POINT('',(0.,0.));
#12808 = DIRECTION('',(1.,0.));
#12809 = ( GEOMETRIC_REPRESENTATION_CONTEXT(2) 
PARAMETRIC_REPRESENTATION_CONTEXT() REPRESENTATION_CONTEXT('2D SPACE',''
  ) );
#12810 = PCURVE('',#9640,#12811);
#12811 = DEFINITIONAL_REPRESENTATION('',(#12812),#12816);
#12812 = LINE('',#12813,#12814);
#12813 = CARTESIAN_POINT('',(0.,0.));
#12814 = VECTOR('',#12815,1.);
#12815 = DIRECTION('',(1.,0.));
#12816 = ( GEOMETRIC_REPRESENTATION_CONTEXT(2) 
PARAMETRIC_REPRESENTATION_CONTEXT() REPRESENTATION_CONTEXT('2D SPACE',''
  ) );
#12817 = ORIENTED_EDGE('',*,*,#12818,.T.);
#12818 = EDGE_CURVE('',#12795,#12819,#12821,.T.);
#12819 = VERTEX_POINT('',#12820);
#12820 = CARTESIAN_POINT('',(323.2926983722,7.945373618893,3.3));
#12821 = SURFACE_CURVE('',#12822,(#12826,#12832),.PCURVE_S1.);
#12822 = LINE('',#12823,#12824);
#12823 = CARTESIAN_POINT('',(323.2926983722,-250.,3.3));
#12824 = VECTOR('',#12825,1.);
#12825 = DIRECTION('',(-0.,1.,0.));
#12826 = PCURVE('',#9566,#12827);
#12827 = DEFINITIONAL_REPRESENTATION('',(#12828),#12831);
#12828 = B_SPLINE_CURVE_WITH_KNOTS('',1,(#12829,#12830),.UNSPECIFIED.,
  .F.,.F.,(2,2),(239.,261.),.PIECEWISE_BEZIER_KNOTS.);
#12829 = CARTESIAN_POINT('',(-7.607301627792,-11.));
#12830 = CARTESIAN_POINT('',(-7.607301627792,11.));
#12831 = ( GEOMETRIC_REPRESENTATION_CONTEXT(2) 
PARAMETRIC_REPRESENTATION_CONTEXT() REPRESENTATION_CONTEXT('2D SPACE',''
  ) );
#12832 = PCURVE('',#12833,#12838);
#12833 = PLANE('',#12834);
#12834 = AXIS2_PLACEMENT_3D('',#12835,#12836,#12837);
#12835 = CARTESIAN_POINT('',(-20.95704140717,-500.,-340.9497397793));
#12836 = DIRECTION('',(0.707106781187,0.,-0.707106781187));
#12837 = DIRECTION('',(0.707106781187,0.,0.707106781187));
#12838 = DEFINITIONAL_REPRESENTATION('',(#12839),#12842);
#12839 = B_SPLINE_CURVE_WITH_KNOTS('',1,(#12840,#12841),.UNSPECIFIED.,
  .F.,.F.,(2,2),(239.,261.),.PIECEWISE_BEZIER_KNOTS.);
#12840 = CARTESIAN_POINT('',(486.8426508394,-489.));
#12841 = CARTESIAN_POINT('',(486.8426508394,-511.));
#12842 = ( GEOMETRIC_REPRESENTATION_CONTEXT(2) 
PARAMETRIC_REPRESENTATION_CONTEXT() REPRESENTATION_CONTEXT('2D SPACE',''
  ) );
#12843 = ORIENTED_EDGE('',*,*,#12844,.T.);
#12844 = EDGE_CURVE('',#12819,#9550,#12845,.T.);
#12845 = SURFACE_CURVE('',#12846,(#12851,#12858),.PCURVE_S1.);
#12846 = CIRCLE('',#12847,11.);
#12847 = AXIS2_PLACEMENT_3D('',#12848,#12849,#12850);
#12848 = CARTESIAN_POINT('',(330.9,0.,3.3));
#12849 = DIRECTION('',(0.,0.,1.));
#12850 = DIRECTION('',(1.,0.,-0.));
#12851 = PCURVE('',#9566,#12852);
#12852 = DEFINITIONAL_REPRESENTATION('',(#12853),#12857);
#12853 = CIRCLE('',#12854,11.);
#12854 = AXIS2_PLACEMENT_2D('',#12855,#12856);
#12855 = CARTESIAN_POINT('',(0.,0.));
#12856 = DIRECTION('',(1.,0.));
#12857 = ( GEOMETRIC_REPRESENTATION_CONTEXT(2) 
PARAMETRIC_REPRESENTATION_CONTEXT() REPRESENTATION_CONTEXT('2D SPACE',''
  ) );
#12858 = PCURVE('',#10094,#12859);
#12859 = DEFINITIONAL_REPRESENTATION('',(#12860),#12864);
#12860 = LINE('',#12861,#12862);
#12861 = CARTESIAN_POINT('',(0.,0.));
#12862 = VECTOR('',#12863,1.);
#12863 = DIRECTION('',(1.,0.));
#12864 = ( GEOMETRIC_REPRESENTATION_CONTEXT(2) 
PARAMETRIC_REPRESENTATION_CONTEXT() REPRESENTATION_CONTEXT('2D SPACE',''
  ) );
#12865 = ORIENTED_EDGE('',*,*,#9547,.F.);
#12866 = ORIENTED_EDGE('',*,*,#9601,.F.);
#12867 = ADVANCED_FACE('',(#12868),#10094,.F.);
#12868 = FACE_BOUND('',#12869,.F.);
#12869 = EDGE_LOOP('',(#12870,#12911,#12938,#12939,#12940));
#12870 = ORIENTED_EDGE('',*,*,#12871,.F.);
#12871 = EDGE_CURVE('',#12872,#10596,#12874,.T.);
#12872 = VERTEX_POINT('',#12873);
#12873 = CARTESIAN_POINT('',(332.5963491861,10.868412921803,
    12.603650813896));
#12874 = SURFACE_CURVE('',#12875,(#12880,#12893),.PCURVE_S1.);
#12875 = ELLIPSE('',#12876,15.556349186104,11.);
#12876 = AXIS2_PLACEMENT_3D('',#12877,#12878,#12879);
#12877 = CARTESIAN_POINT('',(330.9,0.,14.3));
#12878 = DIRECTION('',(0.707106781187,0.,0.707106781187));
#12879 = DIRECTION('',(0.707106781187,0.,-0.707106781187));
#12880 = PCURVE('',#10094,#12881);
#12881 = DEFINITIONAL_REPRESENTATION('',(#12882),#12892);
#12882 = B_SPLINE_CURVE_WITH_KNOTS('',8,(#12883,#12884,#12885,#12886,
    #12887,#12888,#12889,#12890,#12891),.UNSPECIFIED.,.F.,.F.,(9,9),(0.,
    1.570796326795),.PIECEWISE_BEZIER_KNOTS.);
#12883 = CARTESIAN_POINT('',(0.,-2.30926389122E-14));
#12884 = CARTESIAN_POINT('',(0.196349540849,-2.30926389122E-14));
#12885 = CARTESIAN_POINT('',(0.392699081699,0.484668535844));
#12886 = CARTESIAN_POINT('',(0.589048622546,1.45400149028));
#12887 = CARTESIAN_POINT('',(0.7853981634,2.868153743635));
#12888 = CARTESIAN_POINT('',(0.981747704244,4.647354126688));
#12889 = CARTESIAN_POINT('',(1.178097245096,6.680309588496));
#12890 = CARTESIAN_POINT('',(1.374446785946,8.840155050657));
#12891 = CARTESIAN_POINT('',(1.570796326795,11.));
#12892 = ( GEOMETRIC_REPRESENTATION_CONTEXT(2) 
PARAMETRIC_REPRESENTATION_CONTEXT() REPRESENTATION_CONTEXT('2D SPACE',''
  ) );
#12893 = PCURVE('',#12894,#12899);
#12894 = CYLINDRICAL_SURFACE('',#12895,11.);
#12895 = AXIS2_PLACEMENT_3D('',#12896,#12897,#12898);
#12896 = CARTESIAN_POINT('',(84.,0.,14.3));
#12897 = DIRECTION('',(1.,0.,2.22044604925E-16));
#12898 = DIRECTION('',(2.22044604925E-16,0.,-1.));
#12899 = DEFINITIONAL_REPRESENTATION('',(#12900),#12910);
#12900 = B_SPLINE_CURVE_WITH_KNOTS('',8,(#12901,#12902,#12903,#12904,
    #12905,#12906,#12907,#12908,#12909),.UNSPECIFIED.,.F.,.F.,(9,9),(0.,
    1.570796326795),.PIECEWISE_BEZIER_KNOTS.);
#12901 = CARTESIAN_POINT('',(0.,257.9));
#12902 = CARTESIAN_POINT('',(0.196349540849,257.9));
#12903 = CARTESIAN_POINT('',(0.392699081699,257.41533146402));
#12904 = CARTESIAN_POINT('',(0.589048622548,256.44599850906));
#12905 = CARTESIAN_POINT('',(0.785398163398,255.03184625483));
#12906 = CARTESIAN_POINT('',(0.981747704245,253.25264587253));
#12907 = CARTESIAN_POINT('',(1.178097245096,251.21969041141));
#12908 = CARTESIAN_POINT('',(1.374446785946,249.05984494934));
#12909 = CARTESIAN_POINT('',(1.570796326795,246.9));
#12910 = ( GEOMETRIC_REPRESENTATION_CONTEXT(2) 
PARAMETRIC_REPRESENTATION_CONTEXT() REPRESENTATION_CONTEXT('2D SPACE',''
  ) );
#12911 = ORIENTED_EDGE('',*,*,#12912,.F.);
#12912 = EDGE_CURVE('',#12819,#12872,#12913,.T.);
#12913 = SURFACE_CURVE('',#12914,(#12919,#12931),.PCURVE_S1.);
#12914 = ELLIPSE('',#12915,15.556349186104,11.);
#12915 = AXIS2_PLACEMENT_3D('',#12916,#12917,#12918);
#12916 = CARTESIAN_POINT('',(330.9,0.,10.907301627792));
#12917 = DIRECTION('',(0.707106781187,0.,-0.707106781187));
#12918 = DIRECTION('',(0.707106781187,0.,0.707106781187));
#12919 = PCURVE('',#10094,#12920);
#12920 = DEFINITIONAL_REPRESENTATION('',(#12921),#12930);
#12921 = B_SPLINE_CURVE_WITH_KNOTS('',7,(#12922,#12923,#12924,#12925,
    #12926,#12927,#12928,#12929),.UNSPECIFIED.,.F.,.F.,(8,8),(
    3.94872454313,5.025928139895),.PIECEWISE_BEZIER_KNOTS.);
#12922 = CARTESIAN_POINT('',(2.334460764049,-6.000000016826E-07));
#12923 = CARTESIAN_POINT('',(2.18057453594,1.222682888728));
#12924 = CARTESIAN_POINT('',(2.02668830783,2.655539596461));
#12925 = CARTESIAN_POINT('',(1.872802079723,4.25127576186));
#12926 = CARTESIAN_POINT('',(1.718915851611,5.950412582669));
#12927 = CARTESIAN_POINT('',(1.565029623503,7.68582080795));
#12928 = CARTESIAN_POINT('',(1.411143395393,9.38977703946));
#12929 = CARTESIAN_POINT('',(1.257257167284,11.0000006));
#12930 = ( GEOMETRIC_REPRESENTATION_CONTEXT(2) 
PARAMETRIC_REPRESENTATION_CONTEXT() REPRESENTATION_CONTEXT('2D SPACE',''
  ) );
#12931 = PCURVE('',#12833,#12932);
#12932 = DEFINITIONAL_REPRESENTATION('',(#12933),#12937);
#12933 = ELLIPSE('',#12934,15.556349186104,11.);
#12934 = AXIS2_PLACEMENT_2D('',#12935,#12936);
#12935 = CARTESIAN_POINT('',(497.60099997449,-500.));
#12936 = DIRECTION('',(1.,0.));
#12937 = ( GEOMETRIC_REPRESENTATION_CONTEXT(2) 
PARAMETRIC_REPRESENTATION_CONTEXT() REPRESENTATION_CONTEXT('2D SPACE',''
  ) );
#12938 = ORIENTED_EDGE('',*,*,#12844,.T.);
#12939 = ORIENTED_EDGE('',*,*,#10081,.T.);
#12940 = ORIENTED_EDGE('',*,*,#10650,.T.);
#12941 = ADVANCED_FACE('',(#12942),#9640,.F.);
#12942 = FACE_BOUND('',#12943,.F.);
#12943 = EDGE_LOOP('',(#12944,#12985,#12986,#12987,#12988));
#12944 = ORIENTED_EDGE('',*,*,#12945,.F.);
#12945 = EDGE_CURVE('',#10560,#12946,#12948,.T.);
#12946 = VERTEX_POINT('',#12947);
#12947 = CARTESIAN_POINT('',(332.5963491861,-10.8684129218,
    12.603650813896));
#12948 = SURFACE_CURVE('',#12949,(#12954,#12967),.PCURVE_S1.);
#12949 = ELLIPSE('',#12950,15.556349186104,11.);
#12950 = AXIS2_PLACEMENT_3D('',#12951,#12952,#12953);
#12951 = CARTESIAN_POINT('',(330.9,0.,14.3));
#12952 = DIRECTION('',(0.707106781187,0.,0.707106781187));
#12953 = DIRECTION('',(0.707106781187,0.,-0.707106781187));
#12954 = PCURVE('',#9640,#12955);
#12955 = DEFINITIONAL_REPRESENTATION('',(#12956),#12966);
#12956 = B_SPLINE_CURVE_WITH_KNOTS('',8,(#12957,#12958,#12959,#12960,
    #12961,#12962,#12963,#12964,#12965),.UNSPECIFIED.,.F.,.F.,(9,9),(
    4.712388980385,6.28318530718),.PIECEWISE_BEZIER_KNOTS.);
#12957 = CARTESIAN_POINT('',(4.712388980385,11.));
#12958 = CARTESIAN_POINT('',(4.908738521234,8.840155050657));
#12959 = CARTESIAN_POINT('',(5.105088062086,6.680309588503));
#12960 = CARTESIAN_POINT('',(5.301437602935,4.647354126661));
#12961 = CARTESIAN_POINT('',(5.497787143762,2.868153743662));
#12962 = CARTESIAN_POINT('',(5.694136684629,1.45400149025));
#12963 = CARTESIAN_POINT('',(5.890486225479,0.484668535853));
#12964 = CARTESIAN_POINT('',(6.08683576633,-2.256362947143E-14));
#12965 = CARTESIAN_POINT('',(6.28318530718,-2.30926389122E-14));
#12966 = ( GEOMETRIC_REPRESENTATION_CONTEXT(2) 
PARAMETRIC_REPRESENTATION_CONTEXT() REPRESENTATION_CONTEXT('2D SPACE',''
  ) );
#12967 = PCURVE('',#12968,#12973);
#12968 = CYLINDRICAL_SURFACE('',#12969,11.);
#12969 = AXIS2_PLACEMENT_3D('',#12970,#12971,#12972);
#12970 = CARTESIAN_POINT('',(84.,0.,14.3));
#12971 = DIRECTION('',(1.,0.,2.22044604925E-16));
#12972 = DIRECTION('',(2.22044604925E-16,0.,-1.));
#12973 = DEFINITIONAL_REPRESENTATION('',(#12974),#12984);
#12974 = B_SPLINE_CURVE_WITH_KNOTS('',8,(#12975,#12976,#12977,#12978,
    #12979,#12980,#12981,#12982,#12983),.UNSPECIFIED.,.F.,.F.,(9,9),(
    4.712388980385,6.28318530718),.PIECEWISE_BEZIER_KNOTS.);
#12975 = CARTESIAN_POINT('',(4.712388980385,246.9));
#12976 = CARTESIAN_POINT('',(4.908738521234,249.05984494934));
#12977 = CARTESIAN_POINT('',(5.105088062081,251.21969041184));
#12978 = CARTESIAN_POINT('',(5.301437602931,253.25264587136));
#12979 = CARTESIAN_POINT('',(5.497787143806,255.03184625832));
#12980 = CARTESIAN_POINT('',(5.694136684611,256.44599850743));
#12981 = CARTESIAN_POINT('',(5.890486225479,257.4153314644));
#12982 = CARTESIAN_POINT('',(6.08683576633,257.9));
#12983 = CARTESIAN_POINT('',(6.28318530718,257.9));
#12984 = ( GEOMETRIC_REPRESENTATION_CONTEXT(2) 
PARAMETRIC_REPRESENTATION_CONTEXT() REPRESENTATION_CONTEXT('2D SPACE',''
  ) );
#12985 = ORIENTED_EDGE('',*,*,#10559,.T.);
#12986 = ORIENTED_EDGE('',*,*,#9625,.F.);
#12987 = ORIENTED_EDGE('',*,*,#12794,.T.);
#12988 = ORIENTED_EDGE('',*,*,#12989,.F.);
#12989 = EDGE_CURVE('',#12946,#12795,#12990,.T.);
#12990 = SURFACE_CURVE('',#12991,(#12996,#13008),.PCURVE_S1.);
#12991 = ELLIPSE('',#12992,15.556349186104,11.);
#12992 = AXIS2_PLACEMENT_3D('',#12993,#12994,#12995);
#12993 = CARTESIAN_POINT('',(330.9,0.,10.907301627792));
#12994 = DIRECTION('',(0.707106781187,0.,-0.707106781187));
#12995 = DIRECTION('',(0.707106781187,0.,0.707106781187));
#12996 = PCURVE('',#9640,#12997);
#12997 = DEFINITIONAL_REPRESENTATION('',(#12998),#13007);
#12998 = B_SPLINE_CURVE_WITH_KNOTS('',7,(#12999,#13000,#13001,#13002,
    #13003,#13004,#13005,#13006),.UNSPECIFIED.,.F.,.F.,(8,8),(
    1.257257167284,2.334460764049),.PIECEWISE_BEZIER_KNOTS.);
#12999 = CARTESIAN_POINT('',(5.025928139895,11.0000006));
#13000 = CARTESIAN_POINT('',(4.872041911786,9.38977703946));
#13001 = CARTESIAN_POINT('',(4.718155683677,7.685820807951));
#13002 = CARTESIAN_POINT('',(4.564269455569,5.950412582669));
#13003 = CARTESIAN_POINT('',(4.410383227457,4.251275761859));
#13004 = CARTESIAN_POINT('',(4.256496999349,2.655539596461));
#13005 = CARTESIAN_POINT('',(4.10261077124,1.222682888728));
#13006 = CARTESIAN_POINT('',(3.94872454313,-5.999999990181E-07));
#13007 = ( GEOMETRIC_REPRESENTATION_CONTEXT(2) 
PARAMETRIC_REPRESENTATION_CONTEXT() REPRESENTATION_CONTEXT('2D SPACE',''
  ) );
#13008 = PCURVE('',#12833,#13009);
#13009 = DEFINITIONAL_REPRESENTATION('',(#13010),#13014);
#13010 = ELLIPSE('',#13011,15.556349186104,11.);
#13011 = AXIS2_PLACEMENT_2D('',#13012,#13013);
#13012 = CARTESIAN_POINT('',(497.60099997449,-500.));
#13013 = DIRECTION('',(1.,0.));
#13014 = ( GEOMETRIC_REPRESENTATION_CONTEXT(2) 
PARAMETRIC_REPRESENTATION_CONTEXT() REPRESENTATION_CONTEXT('2D SPACE',''
  ) );
#13015 = ADVANCED_FACE('',(#13016),#10138,.F.);
#13016 = FACE_BOUND('',#13017,.F.);
#13017 = EDGE_LOOP('',(#13018,#13038,#13039,#13058,#13059,#13088,#13116,
    #13143,#13144,#13163));
#13018 = ORIENTED_EDGE('',*,*,#13019,.F.);
#13019 = EDGE_CURVE('',#11869,#12276,#13020,.T.);
#13020 = SURFACE_CURVE('',#13021,(#13025,#13032),.PCURVE_S1.);
#13021 = LINE('',#13022,#13023);
#13022 = CARTESIAN_POINT('',(82.,-256.5,23.907301627792));
#13023 = VECTOR('',#13024,1.);
#13024 = DIRECTION('',(0.,-1.,0.));
#13025 = PCURVE('',#10138,#13026);
#13026 = DEFINITIONAL_REPRESENTATION('',(#13027),#13031);
#13027 = LINE('',#13028,#13029);
#13028 = CARTESIAN_POINT('',(484.01422371465,-243.5));
#13029 = VECTOR('',#13030,1.);
#13030 = DIRECTION('',(0.,1.));
#13031 = ( GEOMETRIC_REPRESENTATION_CONTEXT(2) 
PARAMETRIC_REPRESENTATION_CONTEXT() REPRESENTATION_CONTEXT('2D SPACE',''
  ) );
#13032 = PCURVE('',#11883,#13033);
#13033 = DEFINITIONAL_REPRESENTATION('',(#13034),#13037);
#13034 = B_SPLINE_CURVE_WITH_KNOTS('',1,(#13035,#13036),.UNSPECIFIED.,
  .F.,.F.,(2,2),(-269.5,-243.5),.PIECEWISE_BEZIER_KNOTS.);
#13035 = CARTESIAN_POINT('',(515.98577628534,-513.));
#13036 = CARTESIAN_POINT('',(515.98577628534,-487.));
#13037 = ( GEOMETRIC_REPRESENTATION_CONTEXT(2) 
PARAMETRIC_REPRESENTATION_CONTEXT() REPRESENTATION_CONTEXT('2D SPACE',''
  ) );
#13038 = ORIENTED_EDGE('',*,*,#11894,.T.);
#13039 = ORIENTED_EDGE('',*,*,#13040,.T.);
#13040 = EDGE_CURVE('',#11895,#10953,#13041,.T.);
#13041 = SURFACE_CURVE('',#13042,(#13046,#13052),.PCURVE_S1.);
#13042 = LINE('',#13043,#13044);
#13043 = CARTESIAN_POINT('',(84.,-250.,21.907301627792));
#13044 = VECTOR('',#13045,1.);
#13045 = DIRECTION('',(-0.,1.,0.));
#13046 = PCURVE('',#10138,#13047);
#13047 = DEFINITIONAL_REPRESENTATION('',(#13048),#13051);
#13048 = B_SPLINE_CURVE_WITH_KNOTS('',1,(#13049,#13050),.UNSPECIFIED.,
  .F.,.F.,(2,2),(251.1416594454,261.),.PIECEWISE_BEZIER_KNOTS.);
#13049 = CARTESIAN_POINT('',(486.8426508394,-501.1416594454));
#13050 = CARTESIAN_POINT('',(486.8426508394,-511.));
#13051 = ( GEOMETRIC_REPRESENTATION_CONTEXT(2) 
PARAMETRIC_REPRESENTATION_CONTEXT() REPRESENTATION_CONTEXT('2D SPACE',''
  ) );
#13052 = PCURVE('',#11004,#13053);
#13053 = DEFINITIONAL_REPRESENTATION('',(#13054),#13057);
#13054 = B_SPLINE_CURVE_WITH_KNOTS('',1,(#13055,#13056),.UNSPECIFIED.,
  .F.,.F.,(2,2),(251.1416594454,261.),.PIECEWISE_BEZIER_KNOTS.);
#13055 = CARTESIAN_POINT('',(-7.607301627792,1.141659445402));
#13056 = CARTESIAN_POINT('',(-7.607301627792,11.));
#13057 = ( GEOMETRIC_REPRESENTATION_CONTEXT(2) 
PARAMETRIC_REPRESENTATION_CONTEXT() REPRESENTATION_CONTEXT('2D SPACE',''
  ) );
#13058 = ORIENTED_EDGE('',*,*,#10952,.T.);
#13059 = ORIENTED_EDGE('',*,*,#13060,.T.);
#13060 = EDGE_CURVE('',#10697,#13061,#13063,.T.);
#13061 = VERTEX_POINT('',#13062);
#13062 = CARTESIAN_POINT('',(102.60730162779,6.794774605812,3.3));
#13063 = SURFACE_CURVE('',#13064,(#13069,#13076),.PCURVE_S1.);
#13064 = ELLIPSE('',#13065,14.424978336206,10.2);
#13065 = AXIS2_PLACEMENT_3D('',#13066,#13067,#13068);
#13066 = CARTESIAN_POINT('',(95.,0.,10.907301627792));
#13067 = DIRECTION('',(-0.707106781187,0.,-0.707106781187));
#13068 = DIRECTION('',(0.707106781187,0.,-0.707106781187));
#13069 = PCURVE('',#10138,#13070);
#13070 = DEFINITIONAL_REPRESENTATION('',(#13071),#13075);
#13071 = ELLIPSE('',#13072,14.424978336206,10.2);
#13072 = AXIS2_PLACEMENT_2D('',#13073,#13074);
#13073 = CARTESIAN_POINT('',(502.3990000255,-500.));
#13074 = DIRECTION('',(1.,0.));
#13075 = ( GEOMETRIC_REPRESENTATION_CONTEXT(2) 
PARAMETRIC_REPRESENTATION_CONTEXT() REPRESENTATION_CONTEXT('2D SPACE',''
  ) );
#13076 = PCURVE('',#10864,#13077);
#13077 = DEFINITIONAL_REPRESENTATION('',(#13078),#13087);
#13078 = B_SPLINE_CURVE_WITH_KNOTS('',7,(#13079,#13080,#13081,#13082,
    #13083,#13084,#13085,#13086),.UNSPECIFIED.,.F.,.F.,(8,8),(
    4.783581759512,5.554144842094),.PIECEWISE_BEZIER_KNOTS.);
#13079 = CARTESIAN_POINT('',(-4.499299146653,-6.881748543605));
#13080 = CARTESIAN_POINT('',(-4.389218706284,-5.761772308531));
#13081 = CARTESIAN_POINT('',(-4.279138265915,-4.652053469789));
#13082 = CARTESIAN_POINT('',(-4.169057825547,-3.57475871795));
#13083 = CARTESIAN_POINT('',(-4.05897738518,-2.551750971063));
#13084 = CARTESIAN_POINT('',(-3.948896944809,-1.603489706356));
#13085 = CARTESIAN_POINT('',(-3.83881650444,-0.747971106869));
#13086 = CARTESIAN_POINT('',(-3.728736064071,6.000000274398E-07));
#13087 = ( GEOMETRIC_REPRESENTATION_CONTEXT(2) 
PARAMETRIC_REPRESENTATION_CONTEXT() REPRESENTATION_CONTEXT('2D SPACE',''
  ) );
#13088 = ORIENTED_EDGE('',*,*,#13089,.T.);
#13089 = EDGE_CURVE('',#13061,#13090,#13092,.T.);
#13090 = VERTEX_POINT('',#13091);
#13091 = CARTESIAN_POINT('',(102.60730162779,-6.794774605812,3.3));
#13092 = SURFACE_CURVE('',#13093,(#13097,#13104),.PCURVE_S1.);
#13093 = LINE('',#13094,#13095);
#13094 = CARTESIAN_POINT('',(102.60730162779,6.794774605812,3.3));
#13095 = VECTOR('',#13096,1.);
#13096 = DIRECTION('',(-1.045719360805E-15,-1.,0.));
#13097 = PCURVE('',#10138,#13098);
#13098 = DEFINITIONAL_REPRESENTATION('',(#13099),#13103);
#13099 = LINE('',#13100,#13101);
#13100 = CARTESIAN_POINT('',(513.15734916059,-506.7947746058));
#13101 = VECTOR('',#13102,1.);
#13102 = DIRECTION('',(-7.394352512429E-16,1.));
#13103 = ( GEOMETRIC_REPRESENTATION_CONTEXT(2) 
PARAMETRIC_REPRESENTATION_CONTEXT() REPRESENTATION_CONTEXT('2D SPACE',''
  ) );
#13104 = PCURVE('',#13105,#13110);
#13105 = PLANE('',#13106);
#13106 = AXIS2_PLACEMENT_3D('',#13107,#13108,#13109);
#13107 = CARTESIAN_POINT('',(95.,1.728624217764E-15,3.3));
#13108 = DIRECTION('',(0.,0.,1.));
#13109 = DIRECTION('',(1.,0.,0.));
#13110 = DEFINITIONAL_REPRESENTATION('',(#13111),#13115);
#13111 = LINE('',#13112,#13113);
#13112 = CARTESIAN_POINT('',(7.607301627792,6.794774605812));
#13113 = VECTOR('',#13114,1.);
#13114 = DIRECTION('',(-1.045719360805E-15,-1.));
#13115 = ( GEOMETRIC_REPRESENTATION_CONTEXT(2) 
PARAMETRIC_REPRESENTATION_CONTEXT() REPRESENTATION_CONTEXT('2D SPACE',''
  ) );
#13116 = ORIENTED_EDGE('',*,*,#13117,.T.);
#13117 = EDGE_CURVE('',#13090,#10109,#13118,.T.);
#13118 = SURFACE_CURVE('',#13119,(#13124,#13131),.PCURVE_S1.);
#13119 = ELLIPSE('',#13120,14.424978336206,10.2);
#13120 = AXIS2_PLACEMENT_3D('',#13121,#13122,#13123);
#13121 = CARTESIAN_POINT('',(95.,0.,10.907301627792));
#13122 = DIRECTION('',(-0.707106781187,0.,-0.707106781187));
#13123 = DIRECTION('',(0.707106781187,0.,-0.707106781187));
#13124 = PCURVE('',#10138,#13125);
#13125 = DEFINITIONAL_REPRESENTATION('',(#13126),#13130);
#13126 = ELLIPSE('',#13127,14.424978336206,10.2);
#13127 = AXIS2_PLACEMENT_2D('',#13128,#13129);
#13128 = CARTESIAN_POINT('',(502.3990000255,-500.));
#13129 = DIRECTION('',(1.,0.));
#13130 = ( GEOMETRIC_REPRESENTATION_CONTEXT(2) 
PARAMETRIC_REPRESENTATION_CONTEXT() REPRESENTATION_CONTEXT('2D SPACE',''
  ) );
#13131 = PCURVE('',#10332,#13132);
#13132 = DEFINITIONAL_REPRESENTATION('',(#13133),#13142);
#13133 = B_SPLINE_CURVE_WITH_KNOTS('',7,(#13134,#13135,#13136,#13137,
    #13138,#13139,#13140,#13141),.UNSPECIFIED.,.F.,.F.,(8,8),(
    0.729040465086,1.499603547667),.PIECEWISE_BEZIER_KNOTS.);
#13134 = CARTESIAN_POINT('',(-2.2706551339,6.000000256634E-07));
#13135 = CARTESIAN_POINT('',(-2.160574693531,-0.747971106869));
#13136 = CARTESIAN_POINT('',(-2.050494253162,-1.603489706356));
#13137 = CARTESIAN_POINT('',(-1.940413812795,-2.551750971063));
#13138 = CARTESIAN_POINT('',(-1.830333372425,-3.574758717949));
#13139 = CARTESIAN_POINT('',(-1.720252932056,-4.65205346979));
#13140 = CARTESIAN_POINT('',(-1.610172491687,-5.761772308531));
#13141 = CARTESIAN_POINT('',(-1.500092051318,-6.881748543605));
#13142 = ( GEOMETRIC_REPRESENTATION_CONTEXT(2) 
PARAMETRIC_REPRESENTATION_CONTEXT() REPRESENTATION_CONTEXT('2D SPACE',''
  ) );
#13143 = ORIENTED_EDGE('',*,*,#10108,.T.);
#13144 = ORIENTED_EDGE('',*,*,#13145,.T.);
#13145 = EDGE_CURVE('',#10111,#12274,#13146,.T.);
#13146 = SURFACE_CURVE('',#13147,(#13151,#13157),.PCURVE_S1.);
#13147 = LINE('',#13148,#13149);
#13148 = CARTESIAN_POINT('',(84.,-250.,21.907301627792));
#13149 = VECTOR('',#13150,1.);
#13150 = DIRECTION('',(-0.,1.,0.));
#13151 = PCURVE('',#10138,#13152);
#13152 = DEFINITIONAL_REPRESENTATION('',(#13153),#13156);
#13153 = B_SPLINE_CURVE_WITH_KNOTS('',1,(#13154,#13155),.UNSPECIFIED.,
  .F.,.F.,(2,2),(239.,248.85834055459),.PIECEWISE_BEZIER_KNOTS.);
#13154 = CARTESIAN_POINT('',(486.8426508394,-489.));
#13155 = CARTESIAN_POINT('',(486.8426508394,-498.8583405545));
#13156 = ( GEOMETRIC_REPRESENTATION_CONTEXT(2) 
PARAMETRIC_REPRESENTATION_CONTEXT() REPRESENTATION_CONTEXT('2D SPACE',''
  ) );
#13157 = PCURVE('',#11588,#13158);
#13158 = DEFINITIONAL_REPRESENTATION('',(#13159),#13162);
#13159 = B_SPLINE_CURVE_WITH_KNOTS('',1,(#13160,#13161),.UNSPECIFIED.,
  .F.,.F.,(2,2),(239.,248.85834055459),.PIECEWISE_BEZIER_KNOTS.);
#13160 = CARTESIAN_POINT('',(-7.607301627792,-11.));
#13161 = CARTESIAN_POINT('',(-7.607301627792,-1.141659445402));
#13162 = ( GEOMETRIC_REPRESENTATION_CONTEXT(2) 
PARAMETRIC_REPRESENTATION_CONTEXT() REPRESENTATION_CONTEXT('2D SPACE',''
  ) );
#13163 = ORIENTED_EDGE('',*,*,#12273,.T.);
#13164 = ADVANCED_FACE('',(#13165),#11588,.T.);
#13165 = FACE_BOUND('',#13166,.T.);
#13166 = EDGE_LOOP('',(#13167,#13168,#13169));
#13167 = ORIENTED_EDGE('',*,*,#12319,.F.);
#13168 = ORIENTED_EDGE('',*,*,#11573,.T.);
#13169 = ORIENTED_EDGE('',*,*,#13145,.T.);
#13170 = ADVANCED_FACE('',(#13171),#11004,.T.);
#13171 = FACE_BOUND('',#13172,.T.);
#13172 = EDGE_LOOP('',(#13173,#13174,#13175));
#13173 = ORIENTED_EDGE('',*,*,#11915,.F.);
#13174 = ORIENTED_EDGE('',*,*,#13040,.T.);
#13175 = ORIENTED_EDGE('',*,*,#10987,.T.);
#13176 = ADVANCED_FACE('',(#13177),#10864,.F.);
#13177 = FACE_BOUND('',#13178,.T.);
#13178 = EDGE_LOOP('',(#13179,#13201,#13202));
#13179 = ORIENTED_EDGE('',*,*,#13180,.F.);
#13180 = EDGE_CURVE('',#10151,#13061,#13181,.T.);
#13181 = SURFACE_CURVE('',#13182,(#13187,#13194),.PCURVE_S1.);
#13182 = CIRCLE('',#13183,10.2);
#13183 = AXIS2_PLACEMENT_3D('',#13184,#13185,#13186);
#13184 = CARTESIAN_POINT('',(95.,0.,3.3));
#13185 = DIRECTION('',(0.,0.,1.));
#13186 = DIRECTION('',(-0.989949493661,-0.141421356237,0.));
#13187 = PCURVE('',#10864,#13188);
#13188 = DEFINITIONAL_REPRESENTATION('',(#13189),#13193);
#13189 = LINE('',#13190,#13191);
#13190 = CARTESIAN_POINT('',(-0.,0.));
#13191 = VECTOR('',#13192,1.);
#13192 = DIRECTION('',(-1.,0.));
#13193 = ( GEOMETRIC_REPRESENTATION_CONTEXT(2) 
PARAMETRIC_REPRESENTATION_CONTEXT() REPRESENTATION_CONTEXT('2D SPACE',''
  ) );
#13194 = PCURVE('',#13105,#13195);
#13195 = DEFINITIONAL_REPRESENTATION('',(#13196),#13200);
#13196 = CIRCLE('',#13197,10.2);
#13197 = AXIS2_PLACEMENT_2D('',#13198,#13199);
#13198 = CARTESIAN_POINT('',(0.,-1.728624217764E-15));
#13199 = DIRECTION('',(-0.989949493661,-0.141421356237));
#13200 = ( GEOMETRIC_REPRESENTATION_CONTEXT(2) 
PARAMETRIC_REPRESENTATION_CONTEXT() REPRESENTATION_CONTEXT('2D SPACE',''
  ) );
#13201 = ORIENTED_EDGE('',*,*,#10696,.T.);
#13202 = ORIENTED_EDGE('',*,*,#13060,.T.);
#13203 = ADVANCED_FACE('',(#13204),#10625,.F.);
#13204 = FACE_BOUND('',#13205,.F.);
#13205 = EDGE_LOOP('',(#13206,#13242,#13265,#13304,#13305,#13306,#13345,
    #13346,#13380));
#13206 = ORIENTED_EDGE('',*,*,#13207,.F.);
#13207 = EDGE_CURVE('',#13208,#10560,#13210,.T.);
#13208 = VERTEX_POINT('',#13209);
#13209 = CARTESIAN_POINT('',(341.9,-3.426222473241E-13,25.3));
#13210 = SURFACE_CURVE('',#13211,(#13216,#13229),.PCURVE_S1.);
#13211 = ELLIPSE('',#13212,15.556349186104,11.);
#13212 = AXIS2_PLACEMENT_3D('',#13213,#13214,#13215);
#13213 = CARTESIAN_POINT('',(330.9,0.,14.3));
#13214 = DIRECTION('',(0.707106781187,0.,-0.707106781187));
#13215 = DIRECTION('',(0.707106781187,0.,0.707106781187));
#13216 = PCURVE('',#10625,#13217);
#13217 = DEFINITIONAL_REPRESENTATION('',(#13218),#13228);
#13218 = B_SPLINE_CURVE_WITH_KNOTS('',8,(#13219,#13220,#13221,#13222,
    #13223,#13224,#13225,#13226,#13227),.UNSPECIFIED.,.F.,.F.,(9,9),(0.,
    1.570796326795),.PIECEWISE_BEZIER_KNOTS.);
#13219 = CARTESIAN_POINT('',(6.28318530718,22.));
#13220 = CARTESIAN_POINT('',(6.08683576633,22.));
#13221 = CARTESIAN_POINT('',(5.890486225482,21.515331464148));
#13222 = CARTESIAN_POINT('',(5.69413668463,20.545998509704));
#13223 = CARTESIAN_POINT('',(5.497787143788,19.13184625635));
#13224 = CARTESIAN_POINT('',(5.301437602931,17.352645873303));
#13225 = CARTESIAN_POINT('',(5.105088062084,15.319690411485));
#13226 = CARTESIAN_POINT('',(4.908738521234,13.159844949343));
#13227 = CARTESIAN_POINT('',(4.712388980385,11.));
#13228 = ( GEOMETRIC_REPRESENTATION_CONTEXT(2) 
PARAMETRIC_REPRESENTATION_CONTEXT() REPRESENTATION_CONTEXT('2D SPACE',''
  ) );
#13229 = PCURVE('',#12968,#13230);
#13230 = DEFINITIONAL_REPRESENTATION('',(#13231),#13241);
#13231 = B_SPLINE_CURVE_WITH_KNOTS('',8,(#13232,#13233,#13234,#13235,
    #13236,#13237,#13238,#13239,#13240),.UNSPECIFIED.,.F.,.F.,(9,9),(0.,
    1.570796326795),.PIECEWISE_BEZIER_KNOTS.);
#13232 = CARTESIAN_POINT('',(3.14159265359,257.9));
#13233 = CARTESIAN_POINT('',(3.337942194439,257.9));
#13234 = CARTESIAN_POINT('',(3.534291735287,257.41533146402));
#13235 = CARTESIAN_POINT('',(3.73064127613,256.44599850906));
#13236 = CARTESIAN_POINT('',(3.926990816977,255.03184625483));
#13237 = CARTESIAN_POINT('',(4.123340357824,253.25264587253));
#13238 = CARTESIAN_POINT('',(4.319689898685,251.21969041141));
#13239 = CARTESIAN_POINT('',(4.516039439535,249.05984494934));
#13240 = CARTESIAN_POINT('',(4.712388980385,246.9));
#13241 = ( GEOMETRIC_REPRESENTATION_CONTEXT(2) 
PARAMETRIC_REPRESENTATION_CONTEXT() REPRESENTATION_CONTEXT('2D SPACE',''
  ) );
#13242 = ORIENTED_EDGE('',*,*,#13243,.T.);
#13243 = EDGE_CURVE('',#13208,#13244,#13246,.T.);
#13244 = VERTEX_POINT('',#13245);
#13245 = CARTESIAN_POINT('',(341.9,-2.694222958124E-15,29.3));
#13246 = SEAM_CURVE('',#13247,(#13251,#13258),.PCURVE_S1.);
#13247 = LINE('',#13248,#13249);
#13248 = CARTESIAN_POINT('',(341.9,-2.694222958124E-15,3.3));
#13249 = VECTOR('',#13250,1.);
#13250 = DIRECTION('',(0.,0.,1.));
#13251 = PCURVE('',#10625,#13252);
#13252 = DEFINITIONAL_REPRESENTATION('',(#13253),#13257);
#13253 = LINE('',#13254,#13255);
#13254 = CARTESIAN_POINT('',(0.,-0.));
#13255 = VECTOR('',#13256,1.);
#13256 = DIRECTION('',(0.,1.));
#13257 = ( GEOMETRIC_REPRESENTATION_CONTEXT(2) 
PARAMETRIC_REPRESENTATION_CONTEXT() REPRESENTATION_CONTEXT('2D SPACE',''
  ) );
#13258 = PCURVE('',#10625,#13259);
#13259 = DEFINITIONAL_REPRESENTATION('',(#13260),#13264);
#13260 = LINE('',#13261,#13262);
#13261 = CARTESIAN_POINT('',(6.28318530718,-0.));
#13262 = VECTOR('',#13263,1.);
#13263 = DIRECTION('',(0.,1.));
#13264 = ( GEOMETRIC_REPRESENTATION_CONTEXT(2) 
PARAMETRIC_REPRESENTATION_CONTEXT() REPRESENTATION_CONTEXT('2D SPACE',''
  ) );
#13265 = ORIENTED_EDGE('',*,*,#13266,.F.);
#13266 = EDGE_CURVE('',#12525,#13244,#13267,.T.);
#13267 = SURFACE_CURVE('',#13268,(#13273,#13286),.PCURVE_S1.);
#13268 = ELLIPSE('',#13269,15.556349186104,11.);
#13269 = AXIS2_PLACEMENT_3D('',#13270,#13271,#13272);
#13270 = CARTESIAN_POINT('',(330.9,0.,40.3));
#13271 = DIRECTION('',(0.707106781187,0.,0.707106781187));
#13272 = DIRECTION('',(-0.707106781187,0.,0.707106781187));
#13273 = PCURVE('',#10625,#13274);
#13274 = DEFINITIONAL_REPRESENTATION('',(#13275),#13285);
#13275 = B_SPLINE_CURVE_WITH_KNOTS('',8,(#13276,#13277,#13278,#13279,
    #13280,#13281,#13282,#13283,#13284),.UNSPECIFIED.,.F.,.F.,(9,9),(
    1.570796326795,3.14159265359),.PIECEWISE_BEZIER_KNOTS.);
#13276 = CARTESIAN_POINT('',(4.712388980385,37.));
#13277 = CARTESIAN_POINT('',(4.908738521234,34.840155050657));
#13278 = CARTESIAN_POINT('',(5.105088062082,32.680309588479));
#13279 = CARTESIAN_POINT('',(5.30143760295,30.647354126733));
#13280 = CARTESIAN_POINT('',(5.497787143748,28.868153743562));
#13281 = CARTESIAN_POINT('',(5.694136684629,27.454001490347));
#13282 = CARTESIAN_POINT('',(5.890486225476,26.484668535824));
#13283 = CARTESIAN_POINT('',(6.08683576633,26.));
#13284 = CARTESIAN_POINT('',(6.28318530718,26.));
#13285 = ( GEOMETRIC_REPRESENTATION_CONTEXT(2) 
PARAMETRIC_REPRESENTATION_CONTEXT() REPRESENTATION_CONTEXT('2D SPACE',''
  ) );
#13286 = PCURVE('',#13287,#13292);
#13287 = CYLINDRICAL_SURFACE('',#13288,11.);
#13288 = AXIS2_PLACEMENT_3D('',#13289,#13290,#13291);
#13289 = CARTESIAN_POINT('',(254.61251702299,0.,40.3));
#13290 = DIRECTION('',(1.,0.,2.22044604925E-16));
#13291 = DIRECTION('',(2.22044604925E-16,0.,-1.));
#13292 = DEFINITIONAL_REPRESENTATION('',(#13293),#13303);
#13293 = B_SPLINE_CURVE_WITH_KNOTS('',8,(#13294,#13295,#13296,#13297,
    #13298,#13299,#13300,#13301,#13302),.UNSPECIFIED.,.F.,.F.,(9,9),(
    1.570796326795,3.14159265359),.PIECEWISE_BEZIER_KNOTS.);
#13294 = CARTESIAN_POINT('',(4.712388980385,76.287482977003));
#13295 = CARTESIAN_POINT('',(4.908738521234,78.447327926346));
#13296 = CARTESIAN_POINT('',(5.105088062082,80.607173388511));
#13297 = CARTESIAN_POINT('',(5.301437602902,82.64012884986));
#13298 = CARTESIAN_POINT('',(5.497787143802,84.419329233293));
#13299 = CARTESIAN_POINT('',(5.694136684611,85.833481486479));
#13300 = CARTESIAN_POINT('',(5.89048622548,86.802814441195));
#13301 = CARTESIAN_POINT('',(6.08683576633,87.287482977003));
#13302 = CARTESIAN_POINT('',(6.28318530718,87.287482977003));
#13303 = ( GEOMETRIC_REPRESENTATION_CONTEXT(2) 
PARAMETRIC_REPRESENTATION_CONTEXT() REPRESENTATION_CONTEXT('2D SPACE',''
  ) );
#13304 = ORIENTED_EDGE('',*,*,#12524,.F.);
#13305 = ORIENTED_EDGE('',*,*,#12384,.F.);
#13306 = ORIENTED_EDGE('',*,*,#13307,.F.);
#13307 = EDGE_CURVE('',#13244,#12342,#13308,.T.);
#13308 = SURFACE_CURVE('',#13309,(#13314,#13327),.PCURVE_S1.);
#13309 = ELLIPSE('',#13310,15.556349186104,11.);
#13310 = AXIS2_PLACEMENT_3D('',#13311,#13312,#13313);
#13311 = CARTESIAN_POINT('',(330.9,0.,40.3));
#13312 = DIRECTION('',(0.707106781187,0.,0.707106781187));
#13313 = DIRECTION('',(-0.707106781187,0.,0.707106781187));
#13314 = PCURVE('',#10625,#13315);
#13315 = DEFINITIONAL_REPRESENTATION('',(#13316),#13326);
#13316 = B_SPLINE_CURVE_WITH_KNOTS('',8,(#13317,#13318,#13319,#13320,
    #13321,#13322,#13323,#13324,#13325),.UNSPECIFIED.,.F.,.F.,(9,9),(
    3.14159265359,4.712388980385),.PIECEWISE_BEZIER_KNOTS.);
#13317 = CARTESIAN_POINT('',(-8.881784197001E-16,26.));
#13318 = CARTESIAN_POINT('',(0.196349540849,26.));
#13319 = CARTESIAN_POINT('',(0.392699081699,26.48466853585));
#13320 = CARTESIAN_POINT('',(0.589048622544,27.454001490245));
#13321 = CARTESIAN_POINT('',(0.785398163401,28.86815374365));
#13322 = CARTESIAN_POINT('',(0.981747704245,30.647354126646));
#13323 = CARTESIAN_POINT('',(1.178097245097,32.68030958849));
#13324 = CARTESIAN_POINT('',(1.374446785946,34.840155050657));
#13325 = CARTESIAN_POINT('',(1.570796326795,37.));
#13326 = ( GEOMETRIC_REPRESENTATION_CONTEXT(2) 
PARAMETRIC_REPRESENTATION_CONTEXT() REPRESENTATION_CONTEXT('2D SPACE',''
  ) );
#13327 = PCURVE('',#13328,#13333);
#13328 = CYLINDRICAL_SURFACE('',#13329,11.);
#13329 = AXIS2_PLACEMENT_3D('',#13330,#13331,#13332);
#13330 = CARTESIAN_POINT('',(254.61251702299,0.,40.3));
#13331 = DIRECTION('',(1.,0.,2.22044604925E-16));
#13332 = DIRECTION('',(2.22044604925E-16,0.,-1.));
#13333 = DEFINITIONAL_REPRESENTATION('',(#13334),#13344);
#13334 = B_SPLINE_CURVE_WITH_KNOTS('',8,(#13335,#13336,#13337,#13338,
    #13339,#13340,#13341,#13342,#13343),.UNSPECIFIED.,.F.,.F.,(9,9),(
    3.14159265359,4.712388980385),.PIECEWISE_BEZIER_KNOTS.);
#13335 = CARTESIAN_POINT('',(-8.881784197001E-16,87.287482977003));
#13336 = CARTESIAN_POINT('',(0.196349540849,87.287482977003));
#13337 = CARTESIAN_POINT('',(0.392699081698,86.802814441064));
#13338 = CARTESIAN_POINT('',(0.58904862255,85.83348148677));
#13339 = CARTESIAN_POINT('',(0.785398163392,84.419329232827));
#13340 = CARTESIAN_POINT('',(0.981747704247,82.640128850529));
#13341 = CARTESIAN_POINT('',(1.178097245096,80.607173388402));
#13342 = CARTESIAN_POINT('',(1.374446785946,78.447327926346));
#13343 = CARTESIAN_POINT('',(1.570796326795,76.287482977003));
#13344 = ( GEOMETRIC_REPRESENTATION_CONTEXT(2) 
PARAMETRIC_REPRESENTATION_CONTEXT() REPRESENTATION_CONTEXT('2D SPACE',''
  ) );
#13345 = ORIENTED_EDGE('',*,*,#13243,.F.);
#13346 = ORIENTED_EDGE('',*,*,#13347,.F.);
#13347 = EDGE_CURVE('',#10596,#13208,#13348,.T.);
#13348 = SURFACE_CURVE('',#13349,(#13354,#13367),.PCURVE_S1.);
#13349 = ELLIPSE('',#13350,15.556349186104,11.);
#13350 = AXIS2_PLACEMENT_3D('',#13351,#13352,#13353);
#13351 = CARTESIAN_POINT('',(330.9,0.,14.3));
#13352 = DIRECTION('',(0.707106781187,0.,-0.707106781187));
#13353 = DIRECTION('',(0.707106781187,0.,0.707106781187));
#13354 = PCURVE('',#10625,#13355);
#13355 = DEFINITIONAL_REPRESENTATION('',(#13356),#13366);
#13356 = B_SPLINE_CURVE_WITH_KNOTS('',8,(#13357,#13358,#13359,#13360,
    #13361,#13362,#13363,#13364,#13365),.UNSPECIFIED.,.F.,.F.,(9,9),(
    4.712388980385,6.28318530718),.PIECEWISE_BEZIER_KNOTS.);
#13357 = CARTESIAN_POINT('',(1.570796326795,11.));
#13358 = CARTESIAN_POINT('',(1.374446785946,13.159844949343));
#13359 = CARTESIAN_POINT('',(1.178097245097,15.319690411485));
#13360 = CARTESIAN_POINT('',(0.981747704241,17.352645873332));
#13361 = CARTESIAN_POINT('',(0.785398163403,19.131846256234));
#13362 = CARTESIAN_POINT('',(0.589048622543,20.54599850974));
#13363 = CARTESIAN_POINT('',(0.3926990817,21.515331464143));
#13364 = CARTESIAN_POINT('',(0.196349540849,22.));
#13365 = CARTESIAN_POINT('',(2.449293598295E-16,22.));
#13366 = ( GEOMETRIC_REPRESENTATION_CONTEXT(2) 
PARAMETRIC_REPRESENTATION_CONTEXT() REPRESENTATION_CONTEXT('2D SPACE',''
  ) );
#13367 = PCURVE('',#12894,#13368);
#13368 = DEFINITIONAL_REPRESENTATION('',(#13369),#13379);
#13369 = B_SPLINE_CURVE_WITH_KNOTS('',8,(#13370,#13371,#13372,#13373,
    #13374,#13375,#13376,#13377,#13378),.UNSPECIFIED.,.F.,.F.,(9,9),(
    4.712388980385,6.28318530718),.PIECEWISE_BEZIER_KNOTS.);
#13370 = CARTESIAN_POINT('',(1.570796326795,246.9));
#13371 = CARTESIAN_POINT('',(1.767145867644,249.05984494934));
#13372 = CARTESIAN_POINT('',(1.963495408491,251.21969041184));
#13373 = CARTESIAN_POINT('',(2.159844949345,253.25264587136));
#13374 = CARTESIAN_POINT('',(2.356194490187,255.03184625832));
#13375 = CARTESIAN_POINT('',(2.552544031036,256.44599850743));
#13376 = CARTESIAN_POINT('',(2.748893571889,257.4153314644));
#13377 = CARTESIAN_POINT('',(2.94524311274,257.9));
#13378 = CARTESIAN_POINT('',(3.14159265359,257.9));
#13379 = ( GEOMETRIC_REPRESENTATION_CONTEXT(2) 
PARAMETRIC_REPRESENTATION_CONTEXT() REPRESENTATION_CONTEXT('2D SPACE',''
  ) );
#13380 = ORIENTED_EDGE('',*,*,#10595,.T.);
#13381 = ADVANCED_FACE('',(#13382),#10332,.F.);
#13382 = FACE_BOUND('',#13383,.T.);
#13383 = EDGE_LOOP('',(#13384,#13406,#13407));
#13384 = ORIENTED_EDGE('',*,*,#13385,.F.);
#13385 = EDGE_CURVE('',#13090,#10151,#13386,.T.);
#13386 = SURFACE_CURVE('',#13387,(#13392,#13399),.PCURVE_S1.);
#13387 = CIRCLE('',#13388,10.2);
#13388 = AXIS2_PLACEMENT_3D('',#13389,#13390,#13391);
#13389 = CARTESIAN_POINT('',(95.,0.,3.3));
#13390 = DIRECTION('',(0.,0.,1.));
#13391 = DIRECTION('',(-0.989949493661,-0.141421356237,0.));
#13392 = PCURVE('',#10332,#13393);
#13393 = DEFINITIONAL_REPRESENTATION('',(#13394),#13398);
#13394 = LINE('',#13395,#13396);
#13395 = CARTESIAN_POINT('',(-0.,0.));
#13396 = VECTOR('',#13397,1.);
#13397 = DIRECTION('',(-1.,0.));
#13398 = ( GEOMETRIC_REPRESENTATION_CONTEXT(2) 
PARAMETRIC_REPRESENTATION_CONTEXT() REPRESENTATION_CONTEXT('2D SPACE',''
  ) );
#13399 = PCURVE('',#13105,#13400);
#13400 = DEFINITIONAL_REPRESENTATION('',(#13401),#13405);
#13401 = CIRCLE('',#13402,10.2);
#13402 = AXIS2_PLACEMENT_2D('',#13403,#13404);
#13403 = CARTESIAN_POINT('',(0.,-1.728624217764E-15));
#13404 = DIRECTION('',(-0.989949493661,-0.141421356237));
#13405 = ( GEOMETRIC_REPRESENTATION_CONTEXT(2) 
PARAMETRIC_REPRESENTATION_CONTEXT() REPRESENTATION_CONTEXT('2D SPACE',''
  ) );
#13406 = ORIENTED_EDGE('',*,*,#13117,.T.);
#13407 = ORIENTED_EDGE('',*,*,#10150,.T.);
#13408 = ADVANCED_FACE('',(#13409),#11622,.T.);
#13409 = FACE_BOUND('',#13410,.T.);
#13410 = EDGE_LOOP('',(#13411,#13412,#13413,#13414,#13415));
#13411 = ORIENTED_EDGE('',*,*,#11686,.T.);
#13412 = ORIENTED_EDGE('',*,*,#11603,.T.);
#13413 = ORIENTED_EDGE('',*,*,#11837,.T.);
#13414 = ORIENTED_EDGE('',*,*,#11760,.T.);
#13415 = ORIENTED_EDGE('',*,*,#11712,.T.);
#13416 = ADVANCED_FACE('',(#13417),#11883,.F.);
#13417 = FACE_BOUND('',#13418,.F.);
#13418 = EDGE_LOOP('',(#13419,#13420,#13421));
#13419 = ORIENTED_EDGE('',*,*,#11866,.T.);
#13420 = ORIENTED_EDGE('',*,*,#13019,.T.);
#13421 = ORIENTED_EDGE('',*,*,#12296,.T.);
#13422 = ADVANCED_FACE('',(#13423),#12079,.F.);
#13423 = FACE_BOUND('',#13424,.F.);
#13424 = EDGE_LOOP('',(#13425,#13426,#13427,#13428,#13429));
#13425 = ORIENTED_EDGE('',*,*,#12064,.T.);
#13426 = ORIENTED_EDGE('',*,*,#12123,.T.);
#13427 = ORIENTED_EDGE('',*,*,#12173,.T.);
#13428 = ORIENTED_EDGE('',*,*,#12198,.T.);
#13429 = ORIENTED_EDGE('',*,*,#12247,.T.);
#13430 = ADVANCED_FACE('',(#13431),#12366,.F.);
#13431 = FACE_BOUND('',#13432,.F.);
#13432 = EDGE_LOOP('',(#13433,#13462,#13496,#13530));
#13433 = ORIENTED_EDGE('',*,*,#13434,.F.);
#13434 = EDGE_CURVE('',#13435,#12344,#13437,.T.);
#13435 = VERTEX_POINT('',#13436);
#13436 = CARTESIAN_POINT('',(323.2926983722,7.945373618893,51.3));
#13437 = SURFACE_CURVE('',#13438,(#13443,#13450),.PCURVE_S1.);
#13438 = CIRCLE('',#13439,11.);
#13439 = AXIS2_PLACEMENT_3D('',#13440,#13441,#13442);
#13440 = CARTESIAN_POINT('',(330.9,0.,51.3));
#13441 = DIRECTION('',(0.,0.,1.));
#13442 = DIRECTION('',(1.,0.,-0.));
#13443 = PCURVE('',#12366,#13444);
#13444 = DEFINITIONAL_REPRESENTATION('',(#13445),#13449);
#13445 = LINE('',#13446,#13447);
#13446 = CARTESIAN_POINT('',(0.,48.));
#13447 = VECTOR('',#13448,1.);
#13448 = DIRECTION('',(1.,0.));
#13449 = ( GEOMETRIC_REPRESENTATION_CONTEXT(2) 
PARAMETRIC_REPRESENTATION_CONTEXT() REPRESENTATION_CONTEXT('2D SPACE',''
  ) );
#13450 = PCURVE('',#13451,#13456);
#13451 = PLANE('',#13452);
#13452 = AXIS2_PLACEMENT_3D('',#13453,#13454,#13455);
#13453 = CARTESIAN_POINT('',(330.9,0.,51.3));
#13454 = DIRECTION('',(0.,0.,1.));
#13455 = DIRECTION('',(1.,0.,-0.));
#13456 = DEFINITIONAL_REPRESENTATION('',(#13457),#13461);
#13457 = CIRCLE('',#13458,11.);
#13458 = AXIS2_PLACEMENT_2D('',#13459,#13460);
#13459 = CARTESIAN_POINT('',(0.,0.));
#13460 = DIRECTION('',(1.,0.));
#13461 = ( GEOMETRIC_REPRESENTATION_CONTEXT(2) 
PARAMETRIC_REPRESENTATION_CONTEXT() REPRESENTATION_CONTEXT('2D SPACE',''
  ) );
#13462 = ORIENTED_EDGE('',*,*,#13463,.F.);
#13463 = EDGE_CURVE('',#13464,#13435,#13466,.T.);
#13464 = VERTEX_POINT('',#13465);
#13465 = CARTESIAN_POINT('',(332.5963491861,10.868412921803,
    41.996349186104));
#13466 = SURFACE_CURVE('',#13467,(#13472,#13484),.PCURVE_S1.);
#13467 = ELLIPSE('',#13468,15.556349186104,11.);
#13468 = AXIS2_PLACEMENT_3D('',#13469,#13470,#13471);
#13469 = CARTESIAN_POINT('',(330.9,0.,43.692698372208));
#13470 = DIRECTION('',(0.707106781187,0.,0.707106781187));
#13471 = DIRECTION('',(-0.707106781187,0.,0.707106781187));
#13472 = PCURVE('',#12366,#13473);
#13473 = DEFINITIONAL_REPRESENTATION('',(#13474),#13483);
#13474 = B_SPLINE_CURVE_WITH_KNOTS('',7,(#13475,#13476,#13477,#13478,
    #13479,#13480,#13481,#13482),.UNSPECIFIED.,.F.,.F.,(8,8),(
    4.398849820874,5.476053417639),.PIECEWISE_BEZIER_KNOTS.);
#13475 = CARTESIAN_POINT('',(1.257257167284,36.9999994));
#13476 = CARTESIAN_POINT('',(1.411143395393,38.61022296054));
#13477 = CARTESIAN_POINT('',(1.565029623502,40.314179192044));
#13478 = CARTESIAN_POINT('',(1.718915851613,42.049587417343));
#13479 = CARTESIAN_POINT('',(1.872802079721,43.748724238132));
#13480 = CARTESIAN_POINT('',(2.026688307831,45.344460403539));
#13481 = CARTESIAN_POINT('',(2.18057453594,46.777317111272));
#13482 = CARTESIAN_POINT('',(2.334460764049,48.0000006));
#13483 = ( GEOMETRIC_REPRESENTATION_CONTEXT(2) 
PARAMETRIC_REPRESENTATION_CONTEXT() REPRESENTATION_CONTEXT('2D SPACE',''
  ) );
#13484 = PCURVE('',#13485,#13490);
#13485 = PLANE('',#13486);
#13486 = AXIS2_PLACEMENT_3D('',#13487,#13488,#13489);
#13487 = CARTESIAN_POINT('',(686.14973977937,-500.,-311.5570414071));
#13488 = DIRECTION('',(0.707106781187,0.,0.707106781187));
#13489 = DIRECTION('',(-0.707106781187,0.,0.707106781187));
#13490 = DEFINITIONAL_REPRESENTATION('',(#13491),#13495);
#13491 = ELLIPSE('',#13492,15.556349186104,11.);
#13492 = AXIS2_PLACEMENT_2D('',#13493,#13494);
#13493 = CARTESIAN_POINT('',(502.3990000255,-500.));
#13494 = DIRECTION('',(1.,0.));
#13495 = ( GEOMETRIC_REPRESENTATION_CONTEXT(2) 
PARAMETRIC_REPRESENTATION_CONTEXT() REPRESENTATION_CONTEXT('2D SPACE',''
  ) );
#13496 = ORIENTED_EDGE('',*,*,#13497,.T.);
#13497 = EDGE_CURVE('',#13464,#12342,#13498,.T.);
#13498 = SURFACE_CURVE('',#13499,(#13504,#13517),.PCURVE_S1.);
#13499 = ELLIPSE('',#13500,15.556349186104,11.);
#13500 = AXIS2_PLACEMENT_3D('',#13501,#13502,#13503);
#13501 = CARTESIAN_POINT('',(330.9,0.,40.3));
#13502 = DIRECTION('',(-0.707106781187,0.,0.707106781187));
#13503 = DIRECTION('',(0.707106781187,0.,0.707106781187));
#13504 = PCURVE('',#12366,#13505);
#13505 = DEFINITIONAL_REPRESENTATION('',(#13506),#13516);
#13506 = B_SPLINE_CURVE_WITH_KNOTS('',8,(#13507,#13508,#13509,#13510,
    #13511,#13512,#13513,#13514,#13515),.UNSPECIFIED.,.F.,.F.,(9,9),(0.,
    1.570796326795),.PIECEWISE_BEZIER_KNOTS.);
#13507 = CARTESIAN_POINT('',(0.,48.));
#13508 = CARTESIAN_POINT('',(0.196349540849,48.));
#13509 = CARTESIAN_POINT('',(0.392699081699,47.515331464099));
#13510 = CARTESIAN_POINT('',(0.589048622546,46.545998509682));
#13511 = CARTESIAN_POINT('',(0.7853981634,45.131846255943));
#13512 = CARTESIAN_POINT('',(0.981747704244,43.352645873267));
#13513 = CARTESIAN_POINT('',(1.178097245096,41.319690411452));
#13514 = CARTESIAN_POINT('',(1.374446785946,39.159844949343));
#13515 = CARTESIAN_POINT('',(1.570796326795,37.));
#13516 = ( GEOMETRIC_REPRESENTATION_CONTEXT(2) 
PARAMETRIC_REPRESENTATION_CONTEXT() REPRESENTATION_CONTEXT('2D SPACE',''
  ) );
#13517 = PCURVE('',#13328,#13518);
#13518 = DEFINITIONAL_REPRESENTATION('',(#13519),#13529);
#13519 = B_SPLINE_CURVE_WITH_KNOTS('',8,(#13520,#13521,#13522,#13523,
    #13524,#13525,#13526,#13527,#13528),.UNSPECIFIED.,.F.,.F.,(9,9),(0.,
    1.570796326795),.PIECEWISE_BEZIER_KNOTS.);
#13520 = CARTESIAN_POINT('',(3.14159265359,87.287482977003));
#13521 = CARTESIAN_POINT('',(2.94524311274,87.287482977003));
#13522 = CARTESIAN_POINT('',(2.748893571892,86.802814441064));
#13523 = CARTESIAN_POINT('',(2.552544031034,85.83348148677));
#13524 = CARTESIAN_POINT('',(2.356194490188,84.419329232827));
#13525 = CARTESIAN_POINT('',(2.159844949339,82.640128850529));
#13526 = CARTESIAN_POINT('',(1.963495408494,80.607173388402));
#13527 = CARTESIAN_POINT('',(1.767145867644,78.447327926346));
#13528 = CARTESIAN_POINT('',(1.570796326795,76.287482977003));
#13529 = ( GEOMETRIC_REPRESENTATION_CONTEXT(2) 
PARAMETRIC_REPRESENTATION_CONTEXT() REPRESENTATION_CONTEXT('2D SPACE',''
  ) );
#13530 = ORIENTED_EDGE('',*,*,#12341,.T.);
#13531 = ADVANCED_FACE('',(#13532),#12581,.F.);
#13532 = FACE_BOUND('',#13533,.F.);
#13533 = EDGE_LOOP('',(#13534,#13535,#13571,#13600));
#13534 = ORIENTED_EDGE('',*,*,#12560,.T.);
#13535 = ORIENTED_EDGE('',*,*,#13536,.T.);
#13536 = EDGE_CURVE('',#12525,#13537,#13539,.T.);
#13537 = VERTEX_POINT('',#13538);
#13538 = CARTESIAN_POINT('',(332.5963491861,-10.8684129218,
    41.996349186104));
#13539 = SURFACE_CURVE('',#13540,(#13545,#13558),.PCURVE_S1.);
#13540 = ELLIPSE('',#13541,15.556349186104,11.);
#13541 = AXIS2_PLACEMENT_3D('',#13542,#13543,#13544);
#13542 = CARTESIAN_POINT('',(330.9,0.,40.3));
#13543 = DIRECTION('',(-0.707106781187,0.,0.707106781187));
#13544 = DIRECTION('',(0.707106781187,0.,0.707106781187));
#13545 = PCURVE('',#12581,#13546);
#13546 = DEFINITIONAL_REPRESENTATION('',(#13547),#13557);
#13547 = B_SPLINE_CURVE_WITH_KNOTS('',8,(#13548,#13549,#13550,#13551,
    #13552,#13553,#13554,#13555,#13556),.UNSPECIFIED.,.F.,.F.,(9,9),(
    4.712388980385,6.28318530718),.PIECEWISE_BEZIER_KNOTS.);
#13548 = CARTESIAN_POINT('',(4.712388980385,37.));
#13549 = CARTESIAN_POINT('',(4.908738521234,39.159844949343));
#13550 = CARTESIAN_POINT('',(5.105088062086,41.31969041151));
#13551 = CARTESIAN_POINT('',(5.301437602935,43.352645873092));
#13552 = CARTESIAN_POINT('',(5.497787143762,45.131846256467));
#13553 = CARTESIAN_POINT('',(5.694136684629,46.545998509537));
#13554 = CARTESIAN_POINT('',(5.890486225479,47.515331464143));
#13555 = CARTESIAN_POINT('',(6.08683576633,48.));
#13556 = CARTESIAN_POINT('',(6.28318530718,48.));
#13557 = ( GEOMETRIC_REPRESENTATION_CONTEXT(2) 
PARAMETRIC_REPRESENTATION_CONTEXT() REPRESENTATION_CONTEXT('2D SPACE',''
  ) );
#13558 = PCURVE('',#13287,#13559);
#13559 = DEFINITIONAL_REPRESENTATION('',(#13560),#13570);
#13560 = B_SPLINE_CURVE_WITH_KNOTS('',8,(#13561,#13562,#13563,#13564,
    #13565,#13566,#13567,#13568,#13569),.UNSPECIFIED.,.F.,.F.,(9,9),(
    4.712388980385,6.28318530718),.PIECEWISE_BEZIER_KNOTS.);
#13561 = CARTESIAN_POINT('',(4.712388980385,76.287482977003));
#13562 = CARTESIAN_POINT('',(4.516039439535,78.447327926346));
#13563 = CARTESIAN_POINT('',(4.319689898686,80.607173388511));
#13564 = CARTESIAN_POINT('',(4.123340357823,82.64012884986));
#13565 = CARTESIAN_POINT('',(3.926990816999,84.419329233293));
#13566 = CARTESIAN_POINT('',(3.730641276126,85.833481486479));
#13567 = CARTESIAN_POINT('',(3.534291735289,86.802814441195));
#13568 = CARTESIAN_POINT('',(3.337942194439,87.287482977003));
#13569 = CARTESIAN_POINT('',(3.14159265359,87.287482977003));
#13570 = ( GEOMETRIC_REPRESENTATION_CONTEXT(2) 
PARAMETRIC_REPRESENTATION_CONTEXT() REPRESENTATION_CONTEXT('2D SPACE',''
  ) );
#13571 = ORIENTED_EDGE('',*,*,#13572,.F.);
#13572 = EDGE_CURVE('',#13573,#13537,#13575,.T.);
#13573 = VERTEX_POINT('',#13574);
#13574 = CARTESIAN_POINT('',(323.2926983722,-7.945373618893,51.3));
#13575 = SURFACE_CURVE('',#13576,(#13581,#13593),.PCURVE_S1.);
#13576 = ELLIPSE('',#13577,15.556349186104,11.);
#13577 = AXIS2_PLACEMENT_3D('',#13578,#13579,#13580);
#13578 = CARTESIAN_POINT('',(330.9,0.,43.692698372208));
#13579 = DIRECTION('',(0.707106781187,0.,0.707106781187));
#13580 = DIRECTION('',(-0.707106781187,0.,0.707106781187));
#13581 = PCURVE('',#12581,#13582);
#13582 = DEFINITIONAL_REPRESENTATION('',(#13583),#13592);
#13583 = B_SPLINE_CURVE_WITH_KNOTS('',7,(#13584,#13585,#13586,#13587,
    #13588,#13589,#13590,#13591),.UNSPECIFIED.,.F.,.F.,(8,8),(
    0.80713188954,1.884335486306),.PIECEWISE_BEZIER_KNOTS.);
#13584 = CARTESIAN_POINT('',(3.94872454313,48.0000006));
#13585 = CARTESIAN_POINT('',(4.10261077124,46.777317111272));
#13586 = CARTESIAN_POINT('',(4.256496999349,45.344460403538));
#13587 = CARTESIAN_POINT('',(4.41038322746,43.74872423815));
#13588 = CARTESIAN_POINT('',(4.564269455566,42.049587417339));
#13589 = CARTESIAN_POINT('',(4.718155683677,40.314179192052));
#13590 = CARTESIAN_POINT('',(4.872041911786,38.61022296054));
#13591 = CARTESIAN_POINT('',(5.025928139895,36.9999994));
#13592 = ( GEOMETRIC_REPRESENTATION_CONTEXT(2) 
PARAMETRIC_REPRESENTATION_CONTEXT() REPRESENTATION_CONTEXT('2D SPACE',''
  ) );
#13593 = PCURVE('',#13485,#13594);
#13594 = DEFINITIONAL_REPRESENTATION('',(#13595),#13599);
#13595 = ELLIPSE('',#13596,15.556349186104,11.);
#13596 = AXIS2_PLACEMENT_2D('',#13597,#13598);
#13597 = CARTESIAN_POINT('',(502.3990000255,-500.));
#13598 = DIRECTION('',(1.,0.));
#13599 = ( GEOMETRIC_REPRESENTATION_CONTEXT(2) 
PARAMETRIC_REPRESENTATION_CONTEXT() REPRESENTATION_CONTEXT('2D SPACE',''
  ) );
#13600 = ORIENTED_EDGE('',*,*,#13601,.F.);
#13601 = EDGE_CURVE('',#12344,#13573,#13602,.T.);
#13602 = SURFACE_CURVE('',#13603,(#13608,#13615),.PCURVE_S1.);
#13603 = CIRCLE('',#13604,11.);
#13604 = AXIS2_PLACEMENT_3D('',#13605,#13606,#13607);
#13605 = CARTESIAN_POINT('',(330.9,0.,51.3));
#13606 = DIRECTION('',(0.,0.,1.));
#13607 = DIRECTION('',(1.,0.,-0.));
#13608 = PCURVE('',#12581,#13609);
#13609 = DEFINITIONAL_REPRESENTATION('',(#13610),#13614);
#13610 = LINE('',#13611,#13612);
#13611 = CARTESIAN_POINT('',(0.,48.));
#13612 = VECTOR('',#13613,1.);
#13613 = DIRECTION('',(1.,0.));
#13614 = ( GEOMETRIC_REPRESENTATION_CONTEXT(2) 
PARAMETRIC_REPRESENTATION_CONTEXT() REPRESENTATION_CONTEXT('2D SPACE',''
  ) );
#13615 = PCURVE('',#13451,#13616);
#13616 = DEFINITIONAL_REPRESENTATION('',(#13617),#13621);
#13617 = CIRCLE('',#13618,11.);
#13618 = AXIS2_PLACEMENT_2D('',#13619,#13620);
#13619 = CARTESIAN_POINT('',(0.,0.));
#13620 = DIRECTION('',(1.,0.));
#13621 = ( GEOMETRIC_REPRESENTATION_CONTEXT(2) 
PARAMETRIC_REPRESENTATION_CONTEXT() REPRESENTATION_CONTEXT('2D SPACE',''
  ) );
#13622 = ADVANCED_FACE('',(#13623),#12505,.F.);
#13623 = FACE_BOUND('',#13624,.F.);
#13624 = EDGE_LOOP('',(#13625,#13654,#13681,#13682));
#13625 = ORIENTED_EDGE('',*,*,#13626,.F.);
#13626 = EDGE_CURVE('',#13627,#12633,#13629,.T.);
#13627 = VERTEX_POINT('',#13628);
#13628 = CARTESIAN_POINT('',(273.21981865078,-7.945373618893,29.3));
#13629 = SURFACE_CURVE('',#13630,(#13635,#13647),.PCURVE_S1.);
#13630 = ELLIPSE('',#13631,15.556349186104,11.);
#13631 = AXIS2_PLACEMENT_3D('',#13632,#13633,#13634);
#13632 = CARTESIAN_POINT('',(265.61251702299,0.,36.907301627792));
#13633 = DIRECTION('',(-0.707106781187,0.,-0.707106781187));
#13634 = DIRECTION('',(-0.707106781187,0.,0.707106781187));
#13635 = PCURVE('',#12505,#13636);
#13636 = DEFINITIONAL_REPRESENTATION('',(#13637),#13646);
#13637 = B_SPLINE_CURVE_WITH_KNOTS('',7,(#13638,#13639,#13640,#13641,
    #13642,#13643,#13644,#13645),.UNSPECIFIED.,.F.,.F.,(8,8),(
    3.94872454313,5.025928139895),.PIECEWISE_BEZIER_KNOTS.);
#13638 = CARTESIAN_POINT('',(5.476053417639,-5.999999999062E-07));
#13639 = CARTESIAN_POINT('',(5.32216718953,1.222682888728));
#13640 = CARTESIAN_POINT('',(5.168280961421,2.655539596463));
#13641 = CARTESIAN_POINT('',(5.014394733311,4.251275761855));
#13642 = CARTESIAN_POINT('',(4.860508505201,5.950412582674));
#13643 = CARTESIAN_POINT('',(4.706622277092,7.685820807949));
#13644 = CARTESIAN_POINT('',(4.552736048983,9.38977703946));
#13645 = CARTESIAN_POINT('',(4.398849820874,11.0000006));
#13646 = ( GEOMETRIC_REPRESENTATION_CONTEXT(2) 
PARAMETRIC_REPRESENTATION_CONTEXT() REPRESENTATION_CONTEXT('2D SPACE',''
  ) );
#13647 = PCURVE('',#12654,#13648);
#13648 = DEFINITIONAL_REPRESENTATION('',(#13649),#13653);
#13649 = ELLIPSE('',#13650,15.556349186104,11.);
#13650 = AXIS2_PLACEMENT_2D('',#13651,#13652);
#13651 = CARTESIAN_POINT('',(502.3990000255,-500.));
#13652 = DIRECTION('',(-1.,-0.));
#13653 = ( GEOMETRIC_REPRESENTATION_CONTEXT(2) 
PARAMETRIC_REPRESENTATION_CONTEXT() REPRESENTATION_CONTEXT('2D SPACE',''
  ) );
#13654 = ORIENTED_EDGE('',*,*,#13655,.T.);
#13655 = EDGE_CURVE('',#13627,#12421,#13656,.T.);
#13656 = SURFACE_CURVE('',#13657,(#13662,#13669),.PCURVE_S1.);
#13657 = CIRCLE('',#13658,11.);
#13658 = AXIS2_PLACEMENT_3D('',#13659,#13660,#13661);
#13659 = CARTESIAN_POINT('',(265.61251702299,0.,29.3));
#13660 = DIRECTION('',(0.,0.,1.));
#13661 = DIRECTION('',(1.,0.,-0.));
#13662 = PCURVE('',#12505,#13663);
#13663 = DEFINITIONAL_REPRESENTATION('',(#13664),#13668);
#13664 = LINE('',#13665,#13666);
#13665 = CARTESIAN_POINT('',(0.,0.));
#13666 = VECTOR('',#13667,1.);
#13667 = DIRECTION('',(1.,0.));
#13668 = ( GEOMETRIC_REPRESENTATION_CONTEXT(2) 
PARAMETRIC_REPRESENTATION_CONTEXT() REPRESENTATION_CONTEXT('2D SPACE',''
  ) );
#13669 = PCURVE('',#13670,#13675);
#13670 = PLANE('',#13671);
#13671 = AXIS2_PLACEMENT_3D('',#13672,#13673,#13674);
#13672 = CARTESIAN_POINT('',(265.61251702299,0.,29.3));
#13673 = DIRECTION('',(0.,0.,1.));
#13674 = DIRECTION('',(1.,0.,-0.));
#13675 = DEFINITIONAL_REPRESENTATION('',(#13676),#13680);
#13676 = CIRCLE('',#13677,11.);
#13677 = AXIS2_PLACEMENT_2D('',#13678,#13679);
#13678 = CARTESIAN_POINT('',(0.,0.));
#13679 = DIRECTION('',(1.,0.));
#13680 = ( GEOMETRIC_REPRESENTATION_CONTEXT(2) 
PARAMETRIC_REPRESENTATION_CONTEXT() REPRESENTATION_CONTEXT('2D SPACE',''
  ) );
#13681 = ORIENTED_EDGE('',*,*,#12484,.F.);
#13682 = ORIENTED_EDGE('',*,*,#12666,.T.);
#13683 = ADVANCED_FACE('',(#13684),#12464,.F.);
#13684 = FACE_BOUND('',#13685,.F.);
#13685 = EDGE_LOOP('',(#13686,#13687,#13711,#13738));
#13686 = ORIENTED_EDGE('',*,*,#12443,.F.);
#13687 = ORIENTED_EDGE('',*,*,#13688,.T.);
#13688 = EDGE_CURVE('',#12421,#13689,#13691,.T.);
#13689 = VERTEX_POINT('',#13690);
#13690 = CARTESIAN_POINT('',(273.21981865078,7.945373618893,29.3));
#13691 = SURFACE_CURVE('',#13692,(#13697,#13704),.PCURVE_S1.);
#13692 = CIRCLE('',#13693,11.);
#13693 = AXIS2_PLACEMENT_3D('',#13694,#13695,#13696);
#13694 = CARTESIAN_POINT('',(265.61251702299,0.,29.3));
#13695 = DIRECTION('',(0.,0.,1.));
#13696 = DIRECTION('',(1.,0.,-0.));
#13697 = PCURVE('',#12464,#13698);
#13698 = DEFINITIONAL_REPRESENTATION('',(#13699),#13703);
#13699 = LINE('',#13700,#13701);
#13700 = CARTESIAN_POINT('',(0.,0.));
#13701 = VECTOR('',#13702,1.);
#13702 = DIRECTION('',(1.,0.));
#13703 = ( GEOMETRIC_REPRESENTATION_CONTEXT(2) 
PARAMETRIC_REPRESENTATION_CONTEXT() REPRESENTATION_CONTEXT('2D SPACE',''
  ) );
#13704 = PCURVE('',#13670,#13705);
#13705 = DEFINITIONAL_REPRESENTATION('',(#13706),#13710);
#13706 = CIRCLE('',#13707,11.);
#13707 = AXIS2_PLACEMENT_2D('',#13708,#13709);
#13708 = CARTESIAN_POINT('',(0.,0.));
#13709 = DIRECTION('',(1.,0.));
#13710 = ( GEOMETRIC_REPRESENTATION_CONTEXT(2) 
PARAMETRIC_REPRESENTATION_CONTEXT() REPRESENTATION_CONTEXT('2D SPACE',''
  ) );
#13711 = ORIENTED_EDGE('',*,*,#13712,.F.);
#13712 = EDGE_CURVE('',#12704,#13689,#13713,.T.);
#13713 = SURFACE_CURVE('',#13714,(#13719,#13731),.PCURVE_S1.);
#13714 = ELLIPSE('',#13715,15.556349186104,11.);
#13715 = AXIS2_PLACEMENT_3D('',#13716,#13717,#13718);
#13716 = CARTESIAN_POINT('',(265.61251702299,0.,36.907301627792));
#13717 = DIRECTION('',(-0.707106781187,0.,-0.707106781187));
#13718 = DIRECTION('',(-0.707106781187,0.,0.707106781187));
#13719 = PCURVE('',#12464,#13720);
#13720 = DEFINITIONAL_REPRESENTATION('',(#13721),#13730);
#13721 = B_SPLINE_CURVE_WITH_KNOTS('',7,(#13722,#13723,#13724,#13725,
    #13726,#13727,#13728,#13729),.UNSPECIFIED.,.F.,.F.,(8,8),(
    1.257257167284,2.334460764049),.PIECEWISE_BEZIER_KNOTS.);
#13722 = CARTESIAN_POINT('',(1.884335486306,11.0000006));
#13723 = CARTESIAN_POINT('',(1.730449258196,9.38977703946));
#13724 = CARTESIAN_POINT('',(1.576563030087,7.68582080795));
#13725 = CARTESIAN_POINT('',(1.422676801977,5.950412582671));
#13726 = CARTESIAN_POINT('',(1.268790573869,4.251275761858));
#13727 = CARTESIAN_POINT('',(1.114904345759,2.655539596462));
#13728 = CARTESIAN_POINT('',(0.96101811765,1.222682888728));
#13729 = CARTESIAN_POINT('',(0.80713188954,-5.999999963535E-07));
#13730 = ( GEOMETRIC_REPRESENTATION_CONTEXT(2) 
PARAMETRIC_REPRESENTATION_CONTEXT() REPRESENTATION_CONTEXT('2D SPACE',''
  ) );
#13731 = PCURVE('',#12654,#13732);
#13732 = DEFINITIONAL_REPRESENTATION('',(#13733),#13737);
#13733 = ELLIPSE('',#13734,15.556349186104,11.);
#13734 = AXIS2_PLACEMENT_2D('',#13735,#13736);
#13735 = CARTESIAN_POINT('',(502.3990000255,-500.));
#13736 = DIRECTION('',(-1.,-0.));
#13737 = ( GEOMETRIC_REPRESENTATION_CONTEXT(2) 
PARAMETRIC_REPRESENTATION_CONTEXT() REPRESENTATION_CONTEXT('2D SPACE',''
  ) );
#13738 = ORIENTED_EDGE('',*,*,#12703,.T.);
#13739 = ADVANCED_FACE('',(#13740),#12654,.F.);
#13740 = FACE_BOUND('',#13741,.F.);
#13741 = EDGE_LOOP('',(#13742,#13761,#13762,#13763,#13782,#13783));
#13742 = ORIENTED_EDGE('',*,*,#13743,.T.);
#13743 = EDGE_CURVE('',#13689,#13627,#13744,.T.);
#13744 = SURFACE_CURVE('',#13745,(#13749,#13755),.PCURVE_S1.);
#13745 = LINE('',#13746,#13747);
#13746 = CARTESIAN_POINT('',(273.21981865078,-250.,29.3));
#13747 = VECTOR('',#13748,1.);
#13748 = DIRECTION('',(-0.,-1.,0.));
#13749 = PCURVE('',#12654,#13750);
#13750 = DEFINITIONAL_REPRESENTATION('',(#13751),#13754);
#13751 = B_SPLINE_CURVE_WITH_KNOTS('',1,(#13752,#13753),.UNSPECIFIED.,
  .F.,.F.,(2,2),(-261.,-239.),.PIECEWISE_BEZIER_KNOTS.);
#13752 = CARTESIAN_POINT('',(513.15734916059,-511.));
#13753 = CARTESIAN_POINT('',(513.15734916059,-489.));
#13754 = ( GEOMETRIC_REPRESENTATION_CONTEXT(2) 
PARAMETRIC_REPRESENTATION_CONTEXT() REPRESENTATION_CONTEXT('2D SPACE',''
  ) );
#13755 = PCURVE('',#13670,#13756);
#13756 = DEFINITIONAL_REPRESENTATION('',(#13757),#13760);
#13757 = B_SPLINE_CURVE_WITH_KNOTS('',1,(#13758,#13759),.UNSPECIFIED.,
  .F.,.F.,(2,2),(-261.,-239.),.PIECEWISE_BEZIER_KNOTS.);
#13758 = CARTESIAN_POINT('',(7.607301627792,11.));
#13759 = CARTESIAN_POINT('',(7.607301627792,-11.));
#13760 = ( GEOMETRIC_REPRESENTATION_CONTEXT(2) 
PARAMETRIC_REPRESENTATION_CONTEXT() REPRESENTATION_CONTEXT('2D SPACE',''
  ) );
#13761 = ORIENTED_EDGE('',*,*,#13626,.T.);
#13762 = ORIENTED_EDGE('',*,*,#12632,.T.);
#13763 = ORIENTED_EDGE('',*,*,#13764,.T.);
#13764 = EDGE_CURVE('',#12604,#12740,#13765,.T.);
#13765 = SURFACE_CURVE('',#13766,(#13770,#13776),.PCURVE_S1.);
#13766 = LINE('',#13767,#13768);
#13767 = CARTESIAN_POINT('',(254.61251702299,-250.,47.907301627792));
#13768 = VECTOR('',#13769,1.);
#13769 = DIRECTION('',(-0.,1.,0.));
#13770 = PCURVE('',#12654,#13771);
#13771 = DEFINITIONAL_REPRESENTATION('',(#13772),#13775);
#13772 = B_SPLINE_CURVE_WITH_KNOTS('',1,(#13773,#13774),.UNSPECIFIED.,
  .F.,.F.,(2,2),(239.,261.),.PIECEWISE_BEZIER_KNOTS.);
#13773 = CARTESIAN_POINT('',(486.8426508394,-489.));
#13774 = CARTESIAN_POINT('',(486.8426508394,-511.));
#13775 = ( GEOMETRIC_REPRESENTATION_CONTEXT(2) 
PARAMETRIC_REPRESENTATION_CONTEXT() REPRESENTATION_CONTEXT('2D SPACE',''
  ) );
#13776 = PCURVE('',#12620,#13777);
#13777 = DEFINITIONAL_REPRESENTATION('',(#13778),#13781);
#13778 = B_SPLINE_CURVE_WITH_KNOTS('',1,(#13779,#13780),.UNSPECIFIED.,
  .F.,.F.,(2,2),(239.,261.),.PIECEWISE_BEZIER_KNOTS.);
#13779 = CARTESIAN_POINT('',(-7.607301627792,-11.));
#13780 = CARTESIAN_POINT('',(-7.607301627792,11.));
#13781 = ( GEOMETRIC_REPRESENTATION_CONTEXT(2) 
PARAMETRIC_REPRESENTATION_CONTEXT() REPRESENTATION_CONTEXT('2D SPACE',''
  ) );
#13782 = ORIENTED_EDGE('',*,*,#12739,.T.);
#13783 = ORIENTED_EDGE('',*,*,#13712,.T.);
#13784 = ADVANCED_FACE('',(#13785),#12620,.T.);
#13785 = FACE_BOUND('',#13786,.T.);
#13786 = EDGE_LOOP('',(#13787,#13788,#13789));
#13787 = ORIENTED_EDGE('',*,*,#12768,.T.);
#13788 = ORIENTED_EDGE('',*,*,#12603,.T.);
#13789 = ORIENTED_EDGE('',*,*,#13764,.T.);
#13790 = ADVANCED_FACE('',(#13791),#12833,.F.);
#13791 = FACE_BOUND('',#13792,.F.);
#13792 = EDGE_LOOP('',(#13793,#13822,#13823,#13824,#13825,#13854));
#13793 = ORIENTED_EDGE('',*,*,#13794,.T.);
#13794 = EDGE_CURVE('',#13795,#12946,#13797,.T.);
#13795 = VERTEX_POINT('',#13796);
#13796 = CARTESIAN_POINT('',(341.9,-7.945373618893,21.907301627792));
#13797 = SURFACE_CURVE('',#13798,(#13803,#13810),.PCURVE_S1.);
#13798 = ELLIPSE('',#13799,15.556349186104,11.);
#13799 = AXIS2_PLACEMENT_3D('',#13800,#13801,#13802);
#13800 = CARTESIAN_POINT('',(334.2926983722,0.,14.3));
#13801 = DIRECTION('',(0.707106781187,0.,-0.707106781187));
#13802 = DIRECTION('',(0.707106781187,0.,0.707106781187));
#13803 = PCURVE('',#12833,#13804);
#13804 = DEFINITIONAL_REPRESENTATION('',(#13805),#13809);
#13805 = ELLIPSE('',#13806,15.556349186104,11.);
#13806 = AXIS2_PLACEMENT_2D('',#13807,#13808);
#13807 = CARTESIAN_POINT('',(502.3990000255,-500.));
#13808 = DIRECTION('',(1.,0.));
#13809 = ( GEOMETRIC_REPRESENTATION_CONTEXT(2) 
PARAMETRIC_REPRESENTATION_CONTEXT() REPRESENTATION_CONTEXT('2D SPACE',''
  ) );
#13810 = PCURVE('',#12968,#13811);
#13811 = DEFINITIONAL_REPRESENTATION('',(#13812),#13821);
#13812 = B_SPLINE_CURVE_WITH_KNOTS('',7,(#13813,#13814,#13815,#13816,
    #13817,#13818,#13819,#13820),.UNSPECIFIED.,.F.,.F.,(8,8),(
    0.80713188954,1.884335486306),.PIECEWISE_BEZIER_KNOTS.);
#13813 = CARTESIAN_POINT('',(3.94872454313,257.9000006));
#13814 = CARTESIAN_POINT('',(4.10261077124,256.67731711127));
#13815 = CARTESIAN_POINT('',(4.25649699935,255.24446040352));
#13816 = CARTESIAN_POINT('',(4.410383227455,253.64872423809));
#13817 = CARTESIAN_POINT('',(4.56426945557,251.94958741735));
#13818 = CARTESIAN_POINT('',(4.718155683676,250.21417919207));
#13819 = CARTESIAN_POINT('',(4.872041911786,248.51022296054));
#13820 = CARTESIAN_POINT('',(5.025928139895,246.8999994));
#13821 = ( GEOMETRIC_REPRESENTATION_CONTEXT(2) 
PARAMETRIC_REPRESENTATION_CONTEXT() REPRESENTATION_CONTEXT('2D SPACE',''
  ) );
#13822 = ORIENTED_EDGE('',*,*,#12989,.T.);
#13823 = ORIENTED_EDGE('',*,*,#12818,.T.);
#13824 = ORIENTED_EDGE('',*,*,#12912,.T.);
#13825 = ORIENTED_EDGE('',*,*,#13826,.T.);
#13826 = EDGE_CURVE('',#12872,#13827,#13829,.T.);
#13827 = VERTEX_POINT('',#13828);
#13828 = CARTESIAN_POINT('',(341.9,7.945373618893,21.907301627792));
#13829 = SURFACE_CURVE('',#13830,(#13835,#13842),.PCURVE_S1.);
#13830 = ELLIPSE('',#13831,15.556349186104,11.);
#13831 = AXIS2_PLACEMENT_3D('',#13832,#13833,#13834);
#13832 = CARTESIAN_POINT('',(334.2926983722,0.,14.3));
#13833 = DIRECTION('',(0.707106781187,0.,-0.707106781187));
#13834 = DIRECTION('',(0.707106781187,0.,0.707106781187));
#13835 = PCURVE('',#12833,#13836);
#13836 = DEFINITIONAL_REPRESENTATION('',(#13837),#13841);
#13837 = ELLIPSE('',#13838,15.556349186104,11.);
#13838 = AXIS2_PLACEMENT_2D('',#13839,#13840);
#13839 = CARTESIAN_POINT('',(502.3990000255,-500.));
#13840 = DIRECTION('',(1.,0.));
#13841 = ( GEOMETRIC_REPRESENTATION_CONTEXT(2) 
PARAMETRIC_REPRESENTATION_CONTEXT() REPRESENTATION_CONTEXT('2D SPACE',''
  ) );
#13842 = PCURVE('',#12894,#13843);
#13843 = DEFINITIONAL_REPRESENTATION('',(#13844),#13853);
#13844 = B_SPLINE_CURVE_WITH_KNOTS('',7,(#13845,#13846,#13847,#13848,
    #13849,#13850,#13851,#13852),.UNSPECIFIED.,.F.,.F.,(8,8),(
    4.398849820874,5.476053417639),.PIECEWISE_BEZIER_KNOTS.);
#13845 = CARTESIAN_POINT('',(1.257257167284,246.8999994));
#13846 = CARTESIAN_POINT('',(1.411143395393,248.51022296054));
#13847 = CARTESIAN_POINT('',(1.565029623503,250.21417919208));
#13848 = CARTESIAN_POINT('',(1.718915851611,251.94958741735));
#13849 = CARTESIAN_POINT('',(1.872802079723,253.64872423815));
#13850 = CARTESIAN_POINT('',(2.02668830783,255.24446040351));
#13851 = CARTESIAN_POINT('',(2.18057453594,256.67731711127));
#13852 = CARTESIAN_POINT('',(2.334460764049,257.9000006));
#13853 = ( GEOMETRIC_REPRESENTATION_CONTEXT(2) 
PARAMETRIC_REPRESENTATION_CONTEXT() REPRESENTATION_CONTEXT('2D SPACE',''
  ) );
#13854 = ORIENTED_EDGE('',*,*,#13855,.F.);
#13855 = EDGE_CURVE('',#13795,#13827,#13856,.T.);
#13856 = SURFACE_CURVE('',#13857,(#13861,#13867),.PCURVE_S1.);
#13857 = LINE('',#13858,#13859);
#13858 = CARTESIAN_POINT('',(341.9,-250.,21.907301627792));
#13859 = VECTOR('',#13860,1.);
#13860 = DIRECTION('',(-0.,1.,0.));
#13861 = PCURVE('',#12833,#13862);
#13862 = DEFINITIONAL_REPRESENTATION('',(#13863),#13866);
#13863 = B_SPLINE_CURVE_WITH_KNOTS('',1,(#13864,#13865),.UNSPECIFIED.,
  .F.,.F.,(2,2),(239.,261.),.PIECEWISE_BEZIER_KNOTS.);
#13864 = CARTESIAN_POINT('',(513.15734916059,-489.));
#13865 = CARTESIAN_POINT('',(513.15734916059,-511.));
#13866 = ( GEOMETRIC_REPRESENTATION_CONTEXT(2) 
PARAMETRIC_REPRESENTATION_CONTEXT() REPRESENTATION_CONTEXT('2D SPACE',''
  ) );
#13867 = PCURVE('',#13868,#13873);
#13868 = PLANE('',#13869);
#13869 = AXIS2_PLACEMENT_3D('',#13870,#13871,#13872);
#13870 = CARTESIAN_POINT('',(341.9,0.,14.3));
#13871 = DIRECTION('',(1.,0.,2.22044604925E-16));
#13872 = DIRECTION('',(2.22044604925E-16,0.,-1.));
#13873 = DEFINITIONAL_REPRESENTATION('',(#13874),#13877);
#13874 = B_SPLINE_CURVE_WITH_KNOTS('',1,(#13875,#13876),.UNSPECIFIED.,
  .F.,.F.,(2,2),(239.,261.),.PIECEWISE_BEZIER_KNOTS.);
#13875 = CARTESIAN_POINT('',(-7.607301627792,-11.));
#13876 = CARTESIAN_POINT('',(-7.607301627792,11.));
#13877 = ( GEOMETRIC_REPRESENTATION_CONTEXT(2) 
PARAMETRIC_REPRESENTATION_CONTEXT() REPRESENTATION_CONTEXT('2D SPACE',''
  ) );
#13878 = ADVANCED_FACE('',(#13879),#12894,.F.);
#13879 = FACE_BOUND('',#13880,.F.);
#13880 = EDGE_LOOP('',(#13881,#13903,#13904,#13905));
#13881 = ORIENTED_EDGE('',*,*,#13882,.F.);
#13882 = EDGE_CURVE('',#13827,#13208,#13883,.T.);
#13883 = SURFACE_CURVE('',#13884,(#13889,#13896),.PCURVE_S1.);
#13884 = CIRCLE('',#13885,11.);
#13885 = AXIS2_PLACEMENT_3D('',#13886,#13887,#13888);
#13886 = CARTESIAN_POINT('',(341.9,0.,14.3));
#13887 = DIRECTION('',(1.,-0.,2.22044604925E-16));
#13888 = DIRECTION('',(2.22044604925E-16,0.,-1.));
#13889 = PCURVE('',#12894,#13890);
#13890 = DEFINITIONAL_REPRESENTATION('',(#13891),#13895);
#13891 = LINE('',#13892,#13893);
#13892 = CARTESIAN_POINT('',(0.,257.9));
#13893 = VECTOR('',#13894,1.);
#13894 = DIRECTION('',(1.,0.));
#13895 = ( GEOMETRIC_REPRESENTATION_CONTEXT(2) 
PARAMETRIC_REPRESENTATION_CONTEXT() REPRESENTATION_CONTEXT('2D SPACE',''
  ) );
#13896 = PCURVE('',#13868,#13897);
#13897 = DEFINITIONAL_REPRESENTATION('',(#13898),#13902);
#13898 = CIRCLE('',#13899,11.);
#13899 = AXIS2_PLACEMENT_2D('',#13900,#13901);
#13900 = CARTESIAN_POINT('',(0.,0.));
#13901 = DIRECTION('',(1.,0.));
#13902 = ( GEOMETRIC_REPRESENTATION_CONTEXT(2) 
PARAMETRIC_REPRESENTATION_CONTEXT() REPRESENTATION_CONTEXT('2D SPACE',''
  ) );
#13903 = ORIENTED_EDGE('',*,*,#13826,.F.);
#13904 = ORIENTED_EDGE('',*,*,#12871,.T.);
#13905 = ORIENTED_EDGE('',*,*,#13347,.T.);
#13906 = ADVANCED_FACE('',(#13907),#12968,.F.);
#13907 = FACE_BOUND('',#13908,.F.);
#13908 = EDGE_LOOP('',(#13909,#13910,#13911,#13912));
#13909 = ORIENTED_EDGE('',*,*,#13207,.T.);
#13910 = ORIENTED_EDGE('',*,*,#12945,.T.);
#13911 = ORIENTED_EDGE('',*,*,#13794,.F.);
#13912 = ORIENTED_EDGE('',*,*,#13913,.F.);
#13913 = EDGE_CURVE('',#13208,#13795,#13914,.T.);
#13914 = SURFACE_CURVE('',#13915,(#13920,#13927),.PCURVE_S1.);
#13915 = CIRCLE('',#13916,11.);
#13916 = AXIS2_PLACEMENT_3D('',#13917,#13918,#13919);
#13917 = CARTESIAN_POINT('',(341.9,0.,14.3));
#13918 = DIRECTION('',(1.,-0.,2.22044604925E-16));
#13919 = DIRECTION('',(2.22044604925E-16,0.,-1.));
#13920 = PCURVE('',#12968,#13921);
#13921 = DEFINITIONAL_REPRESENTATION('',(#13922),#13926);
#13922 = LINE('',#13923,#13924);
#13923 = CARTESIAN_POINT('',(0.,257.9));
#13924 = VECTOR('',#13925,1.);
#13925 = DIRECTION('',(1.,0.));
#13926 = ( GEOMETRIC_REPRESENTATION_CONTEXT(2) 
PARAMETRIC_REPRESENTATION_CONTEXT() REPRESENTATION_CONTEXT('2D SPACE',''
  ) );
#13927 = PCURVE('',#13868,#13928);
#13928 = DEFINITIONAL_REPRESENTATION('',(#13929),#13933);
#13929 = CIRCLE('',#13930,11.);
#13930 = AXIS2_PLACEMENT_2D('',#13931,#13932);
#13931 = CARTESIAN_POINT('',(0.,0.));
#13932 = DIRECTION('',(1.,0.));
#13933 = ( GEOMETRIC_REPRESENTATION_CONTEXT(2) 
PARAMETRIC_REPRESENTATION_CONTEXT() REPRESENTATION_CONTEXT('2D SPACE',''
  ) );
#13934 = ADVANCED_FACE('',(#13935),#13105,.T.);
#13935 = FACE_BOUND('',#13936,.T.);
#13936 = EDGE_LOOP('',(#13937,#13938,#13939));
#13937 = ORIENTED_EDGE('',*,*,#13385,.T.);
#13938 = ORIENTED_EDGE('',*,*,#13180,.T.);
#13939 = ORIENTED_EDGE('',*,*,#13089,.T.);
#13940 = ADVANCED_FACE('',(#13941),#13328,.F.);
#13941 = FACE_BOUND('',#13942,.F.);
#13942 = EDGE_LOOP('',(#13943,#13972,#13973,#13974));
#13943 = ORIENTED_EDGE('',*,*,#13944,.F.);
#13944 = EDGE_CURVE('',#13244,#13945,#13947,.T.);
#13945 = VERTEX_POINT('',#13946);
#13946 = CARTESIAN_POINT('',(341.9,7.945373618893,32.692698372208));
#13947 = SURFACE_CURVE('',#13948,(#13953,#13960),.PCURVE_S1.);
#13948 = CIRCLE('',#13949,11.);
#13949 = AXIS2_PLACEMENT_3D('',#13950,#13951,#13952);
#13950 = CARTESIAN_POINT('',(341.9,0.,40.3));
#13951 = DIRECTION('',(1.,-0.,2.22044604925E-16));
#13952 = DIRECTION('',(2.22044604925E-16,0.,-1.));
#13953 = PCURVE('',#13328,#13954);
#13954 = DEFINITIONAL_REPRESENTATION('',(#13955),#13959);
#13955 = LINE('',#13956,#13957);
#13956 = CARTESIAN_POINT('',(0.,87.287482977003));
#13957 = VECTOR('',#13958,1.);
#13958 = DIRECTION('',(1.,0.));
#13959 = ( GEOMETRIC_REPRESENTATION_CONTEXT(2) 
PARAMETRIC_REPRESENTATION_CONTEXT() REPRESENTATION_CONTEXT('2D SPACE',''
  ) );
#13960 = PCURVE('',#13961,#13966);
#13961 = PLANE('',#13962);
#13962 = AXIS2_PLACEMENT_3D('',#13963,#13964,#13965);
#13963 = CARTESIAN_POINT('',(341.9,0.,40.3));
#13964 = DIRECTION('',(1.,0.,2.22044604925E-16));
#13965 = DIRECTION('',(2.22044604925E-16,0.,-1.));
#13966 = DEFINITIONAL_REPRESENTATION('',(#13967),#13971);
#13967 = CIRCLE('',#13968,11.);
#13968 = AXIS2_PLACEMENT_2D('',#13969,#13970);
#13969 = CARTESIAN_POINT('',(0.,0.));
#13970 = DIRECTION('',(1.,0.));
#13971 = ( GEOMETRIC_REPRESENTATION_CONTEXT(2) 
PARAMETRIC_REPRESENTATION_CONTEXT() REPRESENTATION_CONTEXT('2D SPACE',''
  ) );
#13972 = ORIENTED_EDGE('',*,*,#13307,.T.);
#13973 = ORIENTED_EDGE('',*,*,#13497,.F.);
#13974 = ORIENTED_EDGE('',*,*,#13975,.F.);
#13975 = EDGE_CURVE('',#13945,#13464,#13976,.T.);
#13976 = SURFACE_CURVE('',#13977,(#13982,#13994),.PCURVE_S1.);
#13977 = ELLIPSE('',#13978,15.556349186104,11.);
#13978 = AXIS2_PLACEMENT_3D('',#13979,#13980,#13981);
#13979 = CARTESIAN_POINT('',(334.2926983722,0.,40.3));
#13980 = DIRECTION('',(0.707106781187,0.,0.707106781187));
#13981 = DIRECTION('',(0.707106781187,0.,-0.707106781187));
#13982 = PCURVE('',#13328,#13983);
#13983 = DEFINITIONAL_REPRESENTATION('',(#13984),#13993);
#13984 = B_SPLINE_CURVE_WITH_KNOTS('',7,(#13985,#13986,#13987,#13988,
    #13989,#13990,#13991,#13992),.UNSPECIFIED.,.F.,.F.,(8,8),(
    0.80713188954,1.884335486306),.PIECEWISE_BEZIER_KNOTS.);
#13985 = CARTESIAN_POINT('',(0.80713188954,87.287483577003));
#13986 = CARTESIAN_POINT('',(0.96101811765,86.064800088276));
#13987 = CARTESIAN_POINT('',(1.114904345759,84.631943380544));
#13988 = CARTESIAN_POINT('',(1.268790573868,83.036207215133));
#13989 = CARTESIAN_POINT('',(1.422676801978,81.337070394344));
#13990 = CARTESIAN_POINT('',(1.576563030087,79.601662169047));
#13991 = CARTESIAN_POINT('',(1.730449258196,77.897705937543));
#13992 = CARTESIAN_POINT('',(1.884335486306,76.287482377003));
#13993 = ( GEOMETRIC_REPRESENTATION_CONTEXT(2) 
PARAMETRIC_REPRESENTATION_CONTEXT() REPRESENTATION_CONTEXT('2D SPACE',''
  ) );
#13994 = PCURVE('',#13485,#13995);
#13995 = DEFINITIONAL_REPRESENTATION('',(#13996),#14000);
#13996 = ELLIPSE('',#13997,15.556349186104,11.);
#13997 = AXIS2_PLACEMENT_2D('',#13998,#13999);
#13998 = CARTESIAN_POINT('',(497.60099997449,-500.));
#13999 = DIRECTION('',(-1.,0.));
#14000 = ( GEOMETRIC_REPRESENTATION_CONTEXT(2) 
PARAMETRIC_REPRESENTATION_CONTEXT() REPRESENTATION_CONTEXT('2D SPACE',''
  ) );
#14001 = ADVANCED_FACE('',(#14002),#13287,.F.);
#14002 = FACE_BOUND('',#14003,.F.);
#14003 = EDGE_LOOP('',(#14004,#14005,#14006,#14030));
#14004 = ORIENTED_EDGE('',*,*,#13536,.F.);
#14005 = ORIENTED_EDGE('',*,*,#13266,.T.);
#14006 = ORIENTED_EDGE('',*,*,#14007,.F.);
#14007 = EDGE_CURVE('',#14008,#13244,#14010,.T.);
#14008 = VERTEX_POINT('',#14009);
#14009 = CARTESIAN_POINT('',(341.9,-7.945373618893,32.692698372208));
#14010 = SURFACE_CURVE('',#14011,(#14016,#14023),.PCURVE_S1.);
#14011 = CIRCLE('',#14012,11.);
#14012 = AXIS2_PLACEMENT_3D('',#14013,#14014,#14015);
#14013 = CARTESIAN_POINT('',(341.9,0.,40.3));
#14014 = DIRECTION('',(1.,-0.,2.22044604925E-16));
#14015 = DIRECTION('',(2.22044604925E-16,0.,-1.));
#14016 = PCURVE('',#13287,#14017);
#14017 = DEFINITIONAL_REPRESENTATION('',(#14018),#14022);
#14018 = LINE('',#14019,#14020);
#14019 = CARTESIAN_POINT('',(0.,87.287482977003));
#14020 = VECTOR('',#14021,1.);
#14021 = DIRECTION('',(1.,0.));
#14022 = ( GEOMETRIC_REPRESENTATION_CONTEXT(2) 
PARAMETRIC_REPRESENTATION_CONTEXT() REPRESENTATION_CONTEXT('2D SPACE',''
  ) );
#14023 = PCURVE('',#13961,#14024);
#14024 = DEFINITIONAL_REPRESENTATION('',(#14025),#14029);
#14025 = CIRCLE('',#14026,11.);
#14026 = AXIS2_PLACEMENT_2D('',#14027,#14028);
#14027 = CARTESIAN_POINT('',(0.,0.));
#14028 = DIRECTION('',(1.,0.));
#14029 = ( GEOMETRIC_REPRESENTATION_CONTEXT(2) 
PARAMETRIC_REPRESENTATION_CONTEXT() REPRESENTATION_CONTEXT('2D SPACE',''
  ) );
#14030 = ORIENTED_EDGE('',*,*,#14031,.F.);
#14031 = EDGE_CURVE('',#13537,#14008,#14032,.T.);
#14032 = SURFACE_CURVE('',#14033,(#14038,#14050),.PCURVE_S1.);
#14033 = ELLIPSE('',#14034,15.556349186104,11.);
#14034 = AXIS2_PLACEMENT_3D('',#14035,#14036,#14037);
#14035 = CARTESIAN_POINT('',(334.2926983722,0.,40.3));
#14036 = DIRECTION('',(0.707106781187,0.,0.707106781187));
#14037 = DIRECTION('',(0.707106781187,0.,-0.707106781187));
#14038 = PCURVE('',#13287,#14039);
#14039 = DEFINITIONAL_REPRESENTATION('',(#14040),#14049);
#14040 = B_SPLINE_CURVE_WITH_KNOTS('',7,(#14041,#14042,#14043,#14044,
    #14045,#14046,#14047,#14048),.UNSPECIFIED.,.F.,.F.,(8,8),(
    4.398849820874,5.476053417639),.PIECEWISE_BEZIER_KNOTS.);
#14041 = CARTESIAN_POINT('',(4.398849820874,76.287482377003));
#14042 = CARTESIAN_POINT('',(4.552736048983,77.897705937543));
#14043 = CARTESIAN_POINT('',(4.706622277093,79.601662169061));
#14044 = CARTESIAN_POINT('',(4.8605085052,81.337070394358));
#14045 = CARTESIAN_POINT('',(5.014394733313,83.036207215169));
#14046 = CARTESIAN_POINT('',(5.16828096142,84.631943380533));
#14047 = CARTESIAN_POINT('',(5.32216718953,86.064800088276));
#14048 = CARTESIAN_POINT('',(5.476053417639,87.287483577003));
#14049 = ( GEOMETRIC_REPRESENTATION_CONTEXT(2) 
PARAMETRIC_REPRESENTATION_CONTEXT() REPRESENTATION_CONTEXT('2D SPACE',''
  ) );
#14050 = PCURVE('',#13485,#14051);
#14051 = DEFINITIONAL_REPRESENTATION('',(#14052),#14056);
#14052 = ELLIPSE('',#14053,15.556349186104,11.);
#14053 = AXIS2_PLACEMENT_2D('',#14054,#14055);
#14054 = CARTESIAN_POINT('',(497.60099997449,-500.));
#14055 = DIRECTION('',(-1.,0.));
#14056 = ( GEOMETRIC_REPRESENTATION_CONTEXT(2) 
PARAMETRIC_REPRESENTATION_CONTEXT() REPRESENTATION_CONTEXT('2D SPACE',''
  ) );
#14057 = ADVANCED_FACE('',(#14058),#13451,.F.);
#14058 = FACE_BOUND('',#14059,.F.);
#14059 = EDGE_LOOP('',(#14060,#14079,#14080));
#14060 = ORIENTED_EDGE('',*,*,#14061,.T.);
#14061 = EDGE_CURVE('',#13573,#13435,#14062,.T.);
#14062 = SURFACE_CURVE('',#14063,(#14067,#14073),.PCURVE_S1.);
#14063 = LINE('',#14064,#14065);
#14064 = CARTESIAN_POINT('',(323.2926983722,-250.,51.3));
#14065 = VECTOR('',#14066,1.);
#14066 = DIRECTION('',(0.,1.,0.));
#14067 = PCURVE('',#13451,#14068);
#14068 = DEFINITIONAL_REPRESENTATION('',(#14069),#14072);
#14069 = B_SPLINE_CURVE_WITH_KNOTS('',1,(#14070,#14071),.UNSPECIFIED.,
  .F.,.F.,(2,2),(239.,261.),.PIECEWISE_BEZIER_KNOTS.);
#14070 = CARTESIAN_POINT('',(-7.607301627792,-11.));
#14071 = CARTESIAN_POINT('',(-7.607301627792,11.));
#14072 = ( GEOMETRIC_REPRESENTATION_CONTEXT(2) 
PARAMETRIC_REPRESENTATION_CONTEXT() REPRESENTATION_CONTEXT('2D SPACE',''
  ) );
#14073 = PCURVE('',#13485,#14074);
#14074 = DEFINITIONAL_REPRESENTATION('',(#14075),#14078);
#14075 = B_SPLINE_CURVE_WITH_KNOTS('',1,(#14076,#14077),.UNSPECIFIED.,
  .F.,.F.,(2,2),(239.,261.),.PIECEWISE_BEZIER_KNOTS.);
#14076 = CARTESIAN_POINT('',(513.15734916059,-489.));
#14077 = CARTESIAN_POINT('',(513.15734916059,-511.));
#14078 = ( GEOMETRIC_REPRESENTATION_CONTEXT(2) 
PARAMETRIC_REPRESENTATION_CONTEXT() REPRESENTATION_CONTEXT('2D SPACE',''
  ) );
#14079 = ORIENTED_EDGE('',*,*,#13434,.T.);
#14080 = ORIENTED_EDGE('',*,*,#13601,.T.);
#14081 = ADVANCED_FACE('',(#14082),#13485,.F.);
#14082 = FACE_BOUND('',#14083,.F.);
#14083 = EDGE_LOOP('',(#14084,#14103,#14104,#14105,#14106,#14107));
#14084 = ORIENTED_EDGE('',*,*,#14085,.F.);
#14085 = EDGE_CURVE('',#13945,#14008,#14086,.T.);
#14086 = SURFACE_CURVE('',#14087,(#14091,#14097),.PCURVE_S1.);
#14087 = LINE('',#14088,#14089);
#14088 = CARTESIAN_POINT('',(341.9,-250.,32.692698372208));
#14089 = VECTOR('',#14090,1.);
#14090 = DIRECTION('',(0.,-1.,0.));
#14091 = PCURVE('',#13485,#14092);
#14092 = DEFINITIONAL_REPRESENTATION('',(#14093),#14096);
#14093 = B_SPLINE_CURVE_WITH_KNOTS('',1,(#14094,#14095),.UNSPECIFIED.,
  .F.,.F.,(2,2),(-261.,-239.),.PIECEWISE_BEZIER_KNOTS.);
#14094 = CARTESIAN_POINT('',(486.8426508394,-511.));
#14095 = CARTESIAN_POINT('',(486.8426508394,-489.));
#14096 = ( GEOMETRIC_REPRESENTATION_CONTEXT(2) 
PARAMETRIC_REPRESENTATION_CONTEXT() REPRESENTATION_CONTEXT('2D SPACE',''
  ) );
#14097 = PCURVE('',#13961,#14098);
#14098 = DEFINITIONAL_REPRESENTATION('',(#14099),#14102);
#14099 = B_SPLINE_CURVE_WITH_KNOTS('',1,(#14100,#14101),.UNSPECIFIED.,
  .F.,.F.,(2,2),(-261.,-239.),.PIECEWISE_BEZIER_KNOTS.);
#14100 = CARTESIAN_POINT('',(7.607301627792,11.));
#14101 = CARTESIAN_POINT('',(7.607301627792,-11.));
#14102 = ( GEOMETRIC_REPRESENTATION_CONTEXT(2) 
PARAMETRIC_REPRESENTATION_CONTEXT() REPRESENTATION_CONTEXT('2D SPACE',''
  ) );
#14103 = ORIENTED_EDGE('',*,*,#13975,.T.);
#14104 = ORIENTED_EDGE('',*,*,#13463,.T.);
#14105 = ORIENTED_EDGE('',*,*,#14061,.F.);
#14106 = ORIENTED_EDGE('',*,*,#13572,.T.);
#14107 = ORIENTED_EDGE('',*,*,#14031,.T.);
#14108 = ADVANCED_FACE('',(#14109),#13670,.T.);
#14109 = FACE_BOUND('',#14110,.T.);
#14110 = EDGE_LOOP('',(#14111,#14112,#14113));
#14111 = ORIENTED_EDGE('',*,*,#13743,.T.);
#14112 = ORIENTED_EDGE('',*,*,#13655,.T.);
#14113 = ORIENTED_EDGE('',*,*,#13688,.T.);
#14114 = ADVANCED_FACE('',(#14115),#13868,.F.);
#14115 = FACE_BOUND('',#14116,.F.);
#14116 = EDGE_LOOP('',(#14117,#14118,#14119));
#14117 = ORIENTED_EDGE('',*,*,#13855,.T.);
#14118 = ORIENTED_EDGE('',*,*,#13882,.T.);
#14119 = ORIENTED_EDGE('',*,*,#13913,.T.);
#14120 = ADVANCED_FACE('',(#14121),#13961,.F.);
#14121 = FACE_BOUND('',#14122,.F.);
#14122 = EDGE_LOOP('',(#14123,#14124,#14125));
#14123 = ORIENTED_EDGE('',*,*,#14007,.T.);
#14124 = ORIENTED_EDGE('',*,*,#13944,.T.);
#14125 = ORIENTED_EDGE('',*,*,#14085,.T.);
#14126 = ( GEOMETRIC_REPRESENTATION_CONTEXT(3) 
GLOBAL_UNCERTAINTY_ASSIGNED_CONTEXT((#14130)) 
GLOBAL_UNIT_ASSIGNED_CONTEXT((#14127,#14128,#14129)) 
REPRESENTATION_CONTEXT('Context #1',
  '3D Context with UNIT and UNCERTAINTY') );
#14127 = ( LENGTH_UNIT() NAMED_UNIT(*) SI_UNIT(.MILLI.,.METRE.) );
#14128 = ( NAMED_UNIT(*) PLANE_ANGLE_UNIT() SI_UNIT($,.RADIAN.) );
#14129 = ( NAMED_UNIT(*) SI_UNIT($,.STERADIAN.) SOLID_ANGLE_UNIT() );
#14130 = UNCERTAINTY_MEASURE_WITH_UNIT(LENGTH_MEASURE(2.E-07),#14127,
  'distance_accuracy_value','confusion accuracy');
#14131 = PRODUCT_RELATED_PRODUCT_CATEGORY('part',$,(#7));
ENDSEC;
END-ISO-10303-21;
