ISO-10303-21;
HEADER;
FILE_DESCRIPTION(('Open CASCADE Model'),'2;1');
FILE_NAME('left_shell_print','2026-07-03T13:00:31',('Author'),(
    'Open CASCADE'),'Open CASCADE STEP processor 7.9','build123d',
  'Unknown');
FILE_SCHEMA(('AUTOMOTIVE_DESIGN { 1 0 10303 214 1 1 1 1 }'));
ENDSEC;
DATA;
#1 = APPLICATION_PROTOCOL_DEFINITION('international standard',
  'automotive_design',2000,#2);
#2 = APPLICATION_CONTEXT(
  'core data for automotive mechanical design processes');
#3 = SHAPE_DEFINITION_REPRESENTATION(#4,#10);
#4 = PRODUCT_DEFINITION_SHAPE('','',#5);
#5 = PRODUCT_DEFINITION('design','',#6,#9);
#6 = PRODUCT_DEFINITION_FORMATION('','',#7);
#7 = PRODUCT('left_shell_print','left_shell_print','',(#8));
#8 = PRODUCT_CONTEXT('',#2,'mechanical');
#9 = PRODUCT_DEFINITION_CONTEXT('part definition',#2,'design');
#10 = SHAPE_REPRESENTATION('',(#11,#15),#19);
#11 = AXIS2_PLACEMENT_3D('',#12,#13,#14);
#12 = CARTESIAN_POINT('',(0.,0.,0.));
#13 = DIRECTION('',(0.,0.,1.));
#14 = DIRECTION('',(1.,0.,-0.));
#15 = AXIS2_PLACEMENT_3D('',#16,#17,#18);
#16 = CARTESIAN_POINT('',(0.,0.,15.));
#17 = DIRECTION('',(-0.,1.,1.110223024625E-16));
#18 = DIRECTION('',(1.,0.,0.));
#19 = ( GEOMETRIC_REPRESENTATION_CONTEXT(3) 
GLOBAL_UNCERTAINTY_ASSIGNED_CONTEXT((#23)) GLOBAL_UNIT_ASSIGNED_CONTEXT(
(#20,#21,#22)) REPRESENTATION_CONTEXT('Context #1',
  '3D Context with UNIT and UNCERTAINTY') );
#20 = ( LENGTH_UNIT() NAMED_UNIT(*) SI_UNIT(.MILLI.,.METRE.) );
#21 = ( NAMED_UNIT(*) PLANE_ANGLE_UNIT() SI_UNIT($,.RADIAN.) );
#22 = ( NAMED_UNIT(*) SI_UNIT($,.STERADIAN.) SOLID_ANGLE_UNIT() );
#23 = UNCERTAINTY_MEASURE_WITH_UNIT(LENGTH_MEASURE(1.E-07),#20,
  'distance_accuracy_value','confusion accuracy');
#24 = PRODUCT_RELATED_PRODUCT_CATEGORY('part',$,(#7));
#25 = SHAPE_DEFINITION_REPRESENTATION(#26,#32);
#26 = PRODUCT_DEFINITION_SHAPE('','',#27);
#27 = PRODUCT_DEFINITION('design','',#28,#31);
#28 = PRODUCT_DEFINITION_FORMATION('','',#29);
#29 = PRODUCT('left_shell_print','left_shell_print','',(#30));
#30 = PRODUCT_CONTEXT('',#2,'mechanical');
#31 = PRODUCT_DEFINITION_CONTEXT('part definition',#2,'design');
#32 = ADVANCED_BREP_SHAPE_REPRESENTATION('',(#11,#33),#3920);
#33 = MANIFOLD_SOLID_BREP('',#34);
#34 = CLOSED_SHELL('',(#35,#255,#453,#556,#605,#652,#866,#1077,#1585,
    #1610,#1916,#1948,#1953,#2096,#2123,#2170,#2559,#2607,#2674,#2699,
    #2706,#2777,#2874,#2989,#3101,#3128,#3243,#3268,#3293,#3320,#3350,
    #3405,#3432,#3479,#3561,#3588,#3635,#3642,#3694,#3701,#3756,#3811,
    #3818,#3858,#3898,#3905,#3912,#3916));
#35 = ADVANCED_FACE('',(#36),#50,.F.);
#36 = FACE_BOUND('',#37,.F.);
#37 = EDGE_LOOP('',(#38,#73,#99,#127,#153,#179,#205,#231));
#38 = ORIENTED_EDGE('',*,*,#39,.T.);
#39 = EDGE_CURVE('',#40,#42,#44,.T.);
#40 = VERTEX_POINT('',#41);
#41 = CARTESIAN_POINT('',(215.,-3.208574613766E-15,1.2));
#42 = VERTEX_POINT('',#43);
#43 = CARTESIAN_POINT('',(235.4,-3.208574613766E-15,1.2));
#44 = SURFACE_CURVE('',#45,(#49,#61),.PCURVE_S1.);
#45 = LINE('',#46,#47);
#46 = CARTESIAN_POINT('',(215.,-3.208574613766E-15,1.2));
#47 = VECTOR('',#48,1.);
#48 = DIRECTION('',(1.,0.,2.22044604925E-16));
#49 = PCURVE('',#50,#55);
#50 = PLANE('',#51);
#51 = AXIS2_PLACEMENT_3D('',#52,#53,#54);
#52 = CARTESIAN_POINT('',(-500.,0.,-500.));
#53 = DIRECTION('',(-0.,1.,0.));
#54 = DIRECTION('',(0.,0.,1.));
#55 = DEFINITIONAL_REPRESENTATION('',(#56),#60);
#56 = LINE('',#57,#58);
#57 = CARTESIAN_POINT('',(501.2,715.));
#58 = VECTOR('',#59,1.);
#59 = DIRECTION('',(2.22044604925E-16,1.));
#60 = ( GEOMETRIC_REPRESENTATION_CONTEXT(2) 
PARAMETRIC_REPRESENTATION_CONTEXT() REPRESENTATION_CONTEXT('2D SPACE',''
  ) );
#61 = PCURVE('',#62,#67);
#62 = CYLINDRICAL_SURFACE('',#63,13.1);
#63 = AXIS2_PLACEMENT_3D('',#64,#65,#66);
#64 = CARTESIAN_POINT('',(215.,0.,14.3));
#65 = DIRECTION('',(1.,0.,2.22044604925E-16));
#66 = DIRECTION('',(2.22044604925E-16,0.,-1.));
#67 = DEFINITIONAL_REPRESENTATION('',(#68),#72);
#68 = LINE('',#69,#70);
#69 = CARTESIAN_POINT('',(0.,-0.));
#70 = VECTOR('',#71,1.);
#71 = DIRECTION('',(0.,1.));
#72 = ( GEOMETRIC_REPRESENTATION_CONTEXT(2) 
PARAMETRIC_REPRESENTATION_CONTEXT() REPRESENTATION_CONTEXT('2D SPACE',''
  ) );
#73 = ORIENTED_EDGE('',*,*,#74,.F.);
#74 = EDGE_CURVE('',#75,#42,#77,.T.);
#75 = VERTEX_POINT('',#76);
#76 = CARTESIAN_POINT('',(235.4,-2.694222958124E-15,3.3));
#77 = SURFACE_CURVE('',#78,(#82,#88),.PCURVE_S1.);
#78 = LINE('',#79,#80);
#79 = CARTESIAN_POINT('',(235.4,0.,-242.85));
#80 = VECTOR('',#81,1.);
#81 = DIRECTION('',(2.22044604925E-16,0.,-1.));
#82 = PCURVE('',#50,#83);
#83 = DEFINITIONAL_REPRESENTATION('',(#84),#87);
#84 = B_SPLINE_CURVE_WITH_KNOTS('',1,(#85,#86),.UNSPECIFIED.,.F.,.F.,(2,
    2),(-270.25,-244.05),.PIECEWISE_BEZIER_KNOTS.);
#85 = CARTESIAN_POINT('',(527.4,735.4));
#86 = CARTESIAN_POINT('',(501.2,735.4));
#87 = ( GEOMETRIC_REPRESENTATION_CONTEXT(2) 
PARAMETRIC_REPRESENTATION_CONTEXT() REPRESENTATION_CONTEXT('2D SPACE',''
  ) );
#88 = PCURVE('',#89,#94);
#89 = PLANE('',#90);
#90 = AXIS2_PLACEMENT_3D('',#91,#92,#93);
#91 = CARTESIAN_POINT('',(235.4,0.,14.3));
#92 = DIRECTION('',(1.,0.,2.22044604925E-16));
#93 = DIRECTION('',(2.22044604925E-16,0.,-1.));
#94 = DEFINITIONAL_REPRESENTATION('',(#95),#98);
#95 = B_SPLINE_CURVE_WITH_KNOTS('',1,(#96,#97),.UNSPECIFIED.,.F.,.F.,(2,
    2),(-270.25,-244.05),.PIECEWISE_BEZIER_KNOTS.);
#96 = CARTESIAN_POINT('',(-13.1,0.));
#97 = CARTESIAN_POINT('',(13.1,0.));
#98 = ( GEOMETRIC_REPRESENTATION_CONTEXT(2) 
PARAMETRIC_REPRESENTATION_CONTEXT() REPRESENTATION_CONTEXT('2D SPACE',''
  ) );
#99 = ORIENTED_EDGE('',*,*,#100,.T.);
#100 = EDGE_CURVE('',#75,#101,#103,.T.);
#101 = VERTEX_POINT('',#102);
#102 = CARTESIAN_POINT('',(262.56513925461,-2.694222958124E-15,3.3));
#103 = SURFACE_CURVE('',#104,(#108,#115),.PCURVE_S1.);
#104 = LINE('',#105,#106);
#105 = CARTESIAN_POINT('',(84.,-2.694222958124E-15,3.3));
#106 = VECTOR('',#107,1.);
#107 = DIRECTION('',(1.,0.,2.22044604925E-16));
#108 = PCURVE('',#50,#109);
#109 = DEFINITIONAL_REPRESENTATION('',(#110),#114);
#110 = LINE('',#111,#112);
#111 = CARTESIAN_POINT('',(503.3,584.));
#112 = VECTOR('',#113,1.);
#113 = DIRECTION('',(2.22044604925E-16,1.));
#114 = ( GEOMETRIC_REPRESENTATION_CONTEXT(2) 
PARAMETRIC_REPRESENTATION_CONTEXT() REPRESENTATION_CONTEXT('2D SPACE',''
  ) );
#115 = PCURVE('',#116,#121);
#116 = CYLINDRICAL_SURFACE('',#117,11.);
#117 = AXIS2_PLACEMENT_3D('',#118,#119,#120);
#118 = CARTESIAN_POINT('',(84.,0.,14.3));
#119 = DIRECTION('',(1.,0.,2.22044604925E-16));
#120 = DIRECTION('',(2.22044604925E-16,0.,-1.));
#121 = DEFINITIONAL_REPRESENTATION('',(#122),#126);
#122 = LINE('',#123,#124);
#123 = CARTESIAN_POINT('',(0.,-0.));
#124 = VECTOR('',#125,1.);
#125 = DIRECTION('',(0.,1.));
#126 = ( GEOMETRIC_REPRESENTATION_CONTEXT(2) 
PARAMETRIC_REPRESENTATION_CONTEXT() REPRESENTATION_CONTEXT('2D SPACE',''
  ) );
#127 = ORIENTED_EDGE('',*,*,#128,.F.);
#128 = EDGE_CURVE('',#129,#101,#131,.T.);
#129 = VERTEX_POINT('',#130);
#130 = CARTESIAN_POINT('',(262.56513925461,7.347880794884E-16,0.));
#131 = SURFACE_CURVE('',#132,(#136,#142),.PCURVE_S1.);
#132 = LINE('',#133,#134);
#133 = CARTESIAN_POINT('',(262.56513925461,0.,-3.5));
#134 = VECTOR('',#135,1.);
#135 = DIRECTION('',(0.,0.,1.));
#136 = PCURVE('',#50,#137);
#137 = DEFINITIONAL_REPRESENTATION('',(#138),#141);
#138 = B_SPLINE_CURVE_WITH_KNOTS('',1,(#139,#140),.UNSPECIFIED.,.F.,.F.,
  (2,2),(3.4999994,8.580456142707),.PIECEWISE_BEZIER_KNOTS.);
#139 = CARTESIAN_POINT('',(499.9999994,762.56513925461));
#140 = CARTESIAN_POINT('',(505.0804561427,762.56513925461));
#141 = ( GEOMETRIC_REPRESENTATION_CONTEXT(2) 
PARAMETRIC_REPRESENTATION_CONTEXT() REPRESENTATION_CONTEXT('2D SPACE',''
  ) );
#142 = PCURVE('',#143,#148);
#143 = CYLINDRICAL_SURFACE('',#144,6.);
#144 = AXIS2_PLACEMENT_3D('',#145,#146,#147);
#145 = CARTESIAN_POINT('',(268.56513925461,0.,-3.5));
#146 = DIRECTION('',(0.,0.,1.));
#147 = DIRECTION('',(1.,0.,-0.));
#148 = DEFINITIONAL_REPRESENTATION('',(#149),#152);
#149 = B_SPLINE_CURVE_WITH_KNOTS('',1,(#150,#151),.UNSPECIFIED.,.F.,.F.,
  (2,2),(3.4999994,8.580456142707),.PIECEWISE_BEZIER_KNOTS.);
#150 = CARTESIAN_POINT('',(3.14159265359,3.4999994));
#151 = CARTESIAN_POINT('',(3.14159265359,8.580456142707));
#152 = ( GEOMETRIC_REPRESENTATION_CONTEXT(2) 
PARAMETRIC_REPRESENTATION_CONTEXT() REPRESENTATION_CONTEXT('2D SPACE',''
  ) );
#153 = ORIENTED_EDGE('',*,*,#154,.F.);
#154 = EDGE_CURVE('',#155,#129,#157,.T.);
#155 = VERTEX_POINT('',#156);
#156 = CARTESIAN_POINT('',(237.,0.,0.));
#157 = SURFACE_CURVE('',#158,(#162,#168),.PCURVE_S1.);
#158 = LINE('',#159,#160);
#159 = CARTESIAN_POINT('',(-222.,0.,0.));
#160 = VECTOR('',#161,1.);
#161 = DIRECTION('',(1.,0.,-0.));
#162 = PCURVE('',#50,#163);
#163 = DEFINITIONAL_REPRESENTATION('',(#164),#167);
#164 = B_SPLINE_CURVE_WITH_KNOTS('',1,(#165,#166),.UNSPECIFIED.,.F.,.F.,
  (2,2),(459.,566.4),.PIECEWISE_BEZIER_KNOTS.);
#165 = CARTESIAN_POINT('',(500.,737.));
#166 = CARTESIAN_POINT('',(500.,844.4));
#167 = ( GEOMETRIC_REPRESENTATION_CONTEXT(2) 
PARAMETRIC_REPRESENTATION_CONTEXT() REPRESENTATION_CONTEXT('2D SPACE',''
  ) );
#168 = PCURVE('',#169,#174);
#169 = PLANE('',#170);
#170 = AXIS2_PLACEMENT_3D('',#171,#172,#173);
#171 = CARTESIAN_POINT('',(56.,-15.,0.));
#172 = DIRECTION('',(0.,0.,1.));
#173 = DIRECTION('',(1.,0.,-0.));
#174 = DEFINITIONAL_REPRESENTATION('',(#175),#178);
#175 = B_SPLINE_CURVE_WITH_KNOTS('',1,(#176,#177),.UNSPECIFIED.,.F.,.F.,
  (2,2),(459.,566.4),.PIECEWISE_BEZIER_KNOTS.);
#176 = CARTESIAN_POINT('',(181.,15.));
#177 = CARTESIAN_POINT('',(288.4,15.));
#178 = ( GEOMETRIC_REPRESENTATION_CONTEXT(2) 
PARAMETRIC_REPRESENTATION_CONTEXT() REPRESENTATION_CONTEXT('2D SPACE',''
  ) );
#179 = ORIENTED_EDGE('',*,*,#180,.T.);
#180 = EDGE_CURVE('',#155,#181,#183,.T.);
#181 = VERTEX_POINT('',#182);
#182 = CARTESIAN_POINT('',(237.,0.,-1.));
#183 = SURFACE_CURVE('',#184,(#188,#194),.PCURVE_S1.);
#184 = LINE('',#185,#186);
#185 = CARTESIAN_POINT('',(237.,0.,-250.5));
#186 = VECTOR('',#187,1.);
#187 = DIRECTION('',(-0.,0.,-1.));
#188 = PCURVE('',#50,#189);
#189 = DEFINITIONAL_REPRESENTATION('',(#190),#193);
#190 = B_SPLINE_CURVE_WITH_KNOTS('',1,(#191,#192),.UNSPECIFIED.,.F.,.F.,
  (2,2),(-250.5,-249.5),.PIECEWISE_BEZIER_KNOTS.);
#191 = CARTESIAN_POINT('',(500.,737.));
#192 = CARTESIAN_POINT('',(499.,737.));
#193 = ( GEOMETRIC_REPRESENTATION_CONTEXT(2) 
PARAMETRIC_REPRESENTATION_CONTEXT() REPRESENTATION_CONTEXT('2D SPACE',''
  ) );
#194 = PCURVE('',#195,#200);
#195 = PLANE('',#196);
#196 = AXIS2_PLACEMENT_3D('',#197,#198,#199);
#197 = CARTESIAN_POINT('',(237.,-15.,-1.));
#198 = DIRECTION('',(1.,0.,-0.));
#199 = DIRECTION('',(0.,0.,1.));
#200 = DEFINITIONAL_REPRESENTATION('',(#201),#204);
#201 = B_SPLINE_CURVE_WITH_KNOTS('',1,(#202,#203),.UNSPECIFIED.,.F.,.F.,
  (2,2),(-250.5,-249.5),.PIECEWISE_BEZIER_KNOTS.);
#202 = CARTESIAN_POINT('',(1.,-15.));
#203 = CARTESIAN_POINT('',(0.,-15.));
#204 = ( GEOMETRIC_REPRESENTATION_CONTEXT(2) 
PARAMETRIC_REPRESENTATION_CONTEXT() REPRESENTATION_CONTEXT('2D SPACE',''
  ) );
#205 = ORIENTED_EDGE('',*,*,#206,.F.);
#206 = EDGE_CURVE('',#207,#181,#209,.T.);
#207 = VERTEX_POINT('',#208);
#208 = CARTESIAN_POINT('',(215.,0.,-1.));
#209 = SURFACE_CURVE('',#210,(#214,#220),.PCURVE_S1.);
#210 = LINE('',#211,#212);
#211 = CARTESIAN_POINT('',(-142.5,0.,-1.));
#212 = VECTOR('',#213,1.);
#213 = DIRECTION('',(1.,0.,-0.));
#214 = PCURVE('',#50,#215);
#215 = DEFINITIONAL_REPRESENTATION('',(#216),#219);
#216 = B_SPLINE_CURVE_WITH_KNOTS('',1,(#217,#218),.UNSPECIFIED.,.F.,.F.,
  (2,2),(357.5,379.5),.PIECEWISE_BEZIER_KNOTS.);
#217 = CARTESIAN_POINT('',(499.,715.));
#218 = CARTESIAN_POINT('',(499.,737.));
#219 = ( GEOMETRIC_REPRESENTATION_CONTEXT(2) 
PARAMETRIC_REPRESENTATION_CONTEXT() REPRESENTATION_CONTEXT('2D SPACE',''
  ) );
#220 = PCURVE('',#221,#226);
#221 = PLANE('',#222);
#222 = AXIS2_PLACEMENT_3D('',#223,#224,#225);
#223 = CARTESIAN_POINT('',(215.,-15.,-1.));
#224 = DIRECTION('',(0.,0.,1.));
#225 = DIRECTION('',(1.,0.,-0.));
#226 = DEFINITIONAL_REPRESENTATION('',(#227),#230);
#227 = B_SPLINE_CURVE_WITH_KNOTS('',1,(#228,#229),.UNSPECIFIED.,.F.,.F.,
  (2,2),(357.5,379.5),.PIECEWISE_BEZIER_KNOTS.);
#228 = CARTESIAN_POINT('',(0.,15.));
#229 = CARTESIAN_POINT('',(22.,15.));
#230 = ( GEOMETRIC_REPRESENTATION_CONTEXT(2) 
PARAMETRIC_REPRESENTATION_CONTEXT() REPRESENTATION_CONTEXT('2D SPACE',''
  ) );
#231 = ORIENTED_EDGE('',*,*,#232,.F.);
#232 = EDGE_CURVE('',#40,#207,#233,.T.);
#233 = SURFACE_CURVE('',#234,(#238,#244),.PCURVE_S1.);
#234 = LINE('',#235,#236);
#235 = CARTESIAN_POINT('',(215.,0.,-500.));
#236 = VECTOR('',#237,1.);
#237 = DIRECTION('',(-0.,0.,-1.));
#238 = PCURVE('',#50,#239);
#239 = DEFINITIONAL_REPRESENTATION('',(#240),#243);
#240 = B_SPLINE_CURVE_WITH_KNOTS('',1,(#241,#242),.UNSPECIFIED.,.F.,.F.,
  (2,2),(-531.,-499.),.PIECEWISE_BEZIER_KNOTS.);
#241 = CARTESIAN_POINT('',(531.,715.));
#242 = CARTESIAN_POINT('',(499.,715.));
#243 = ( GEOMETRIC_REPRESENTATION_CONTEXT(2) 
PARAMETRIC_REPRESENTATION_CONTEXT() REPRESENTATION_CONTEXT('2D SPACE',''
  ) );
#244 = PCURVE('',#245,#250);
#245 = PLANE('',#246);
#246 = AXIS2_PLACEMENT_3D('',#247,#248,#249);
#247 = CARTESIAN_POINT('',(215.,-500.,-500.));
#248 = DIRECTION('',(1.,0.,-0.));
#249 = DIRECTION('',(0.,0.,1.));
#250 = DEFINITIONAL_REPRESENTATION('',(#251),#254);
#251 = B_SPLINE_CURVE_WITH_KNOTS('',1,(#252,#253),.UNSPECIFIED.,.F.,.F.,
  (2,2),(-531.,-499.),.PIECEWISE_BEZIER_KNOTS.);
#252 = CARTESIAN_POINT('',(531.,-500.));
#253 = CARTESIAN_POINT('',(499.,-500.));
#254 = ( GEOMETRIC_REPRESENTATION_CONTEXT(2) 
PARAMETRIC_REPRESENTATION_CONTEXT() REPRESENTATION_CONTEXT('2D SPACE',''
  ) );
#255 = ADVANCED_FACE('',(#256),#62,.F.);
#256 = FACE_BOUND('',#257,.F.);
#257 = EDGE_LOOP('',(#258,#282,#283,#307,#333,#373,#399,#434));
#258 = ORIENTED_EDGE('',*,*,#259,.F.);
#259 = EDGE_CURVE('',#42,#260,#262,.T.);
#260 = VERTEX_POINT('',#261);
#261 = CARTESIAN_POINT('',(235.4,1.604287306883E-15,27.4));
#262 = SURFACE_CURVE('',#263,(#268,#275),.PCURVE_S1.);
#263 = CIRCLE('',#264,13.1);
#264 = AXIS2_PLACEMENT_3D('',#265,#266,#267);
#265 = CARTESIAN_POINT('',(235.4,0.,14.3));
#266 = DIRECTION('',(1.,-0.,2.22044604925E-16));
#267 = DIRECTION('',(2.22044604925E-16,0.,-1.));
#268 = PCURVE('',#62,#269);
#269 = DEFINITIONAL_REPRESENTATION('',(#270),#274);
#270 = LINE('',#271,#272);
#271 = CARTESIAN_POINT('',(0.,20.4));
#272 = VECTOR('',#273,1.);
#273 = DIRECTION('',(1.,0.));
#274 = ( GEOMETRIC_REPRESENTATION_CONTEXT(2) 
PARAMETRIC_REPRESENTATION_CONTEXT() REPRESENTATION_CONTEXT('2D SPACE',''
  ) );
#275 = PCURVE('',#89,#276);
#276 = DEFINITIONAL_REPRESENTATION('',(#277),#281);
#277 = CIRCLE('',#278,13.1);
#278 = AXIS2_PLACEMENT_2D('',#279,#280);
#279 = CARTESIAN_POINT('',(0.,0.));
#280 = DIRECTION('',(1.,0.));
#281 = ( GEOMETRIC_REPRESENTATION_CONTEXT(2) 
PARAMETRIC_REPRESENTATION_CONTEXT() REPRESENTATION_CONTEXT('2D SPACE',''
  ) );
#282 = ORIENTED_EDGE('',*,*,#39,.F.);
#283 = ORIENTED_EDGE('',*,*,#284,.T.);
#284 = EDGE_CURVE('',#40,#285,#287,.T.);
#285 = VERTEX_POINT('',#286);
#286 = CARTESIAN_POINT('',(215.,1.604287306883E-15,27.4));
#287 = SURFACE_CURVE('',#288,(#293,#300),.PCURVE_S1.);
#288 = CIRCLE('',#289,13.1);
#289 = AXIS2_PLACEMENT_3D('',#290,#291,#292);
#290 = CARTESIAN_POINT('',(215.,0.,14.3));
#291 = DIRECTION('',(1.,-0.,2.22044604925E-16));
#292 = DIRECTION('',(2.22044604925E-16,0.,-1.));
#293 = PCURVE('',#62,#294);
#294 = DEFINITIONAL_REPRESENTATION('',(#295),#299);
#295 = LINE('',#296,#297);
#296 = CARTESIAN_POINT('',(0.,0.));
#297 = VECTOR('',#298,1.);
#298 = DIRECTION('',(1.,0.));
#299 = ( GEOMETRIC_REPRESENTATION_CONTEXT(2) 
PARAMETRIC_REPRESENTATION_CONTEXT() REPRESENTATION_CONTEXT('2D SPACE',''
  ) );
#300 = PCURVE('',#245,#301);
#301 = DEFINITIONAL_REPRESENTATION('',(#302),#306);
#302 = CIRCLE('',#303,13.1);
#303 = AXIS2_PLACEMENT_2D('',#304,#305);
#304 = CARTESIAN_POINT('',(514.3,-500.));
#305 = DIRECTION('',(-1.,0.));
#306 = ( GEOMETRIC_REPRESENTATION_CONTEXT(2) 
PARAMETRIC_REPRESENTATION_CONTEXT() REPRESENTATION_CONTEXT('2D SPACE',''
  ) );
#307 = ORIENTED_EDGE('',*,*,#308,.T.);
#308 = EDGE_CURVE('',#285,#309,#311,.T.);
#309 = VERTEX_POINT('',#310);
#310 = CARTESIAN_POINT('',(228.76610373207,-2.22044604925E-17,27.4));
#311 = SURFACE_CURVE('',#312,(#316,#322),.PCURVE_S1.);
#312 = LINE('',#313,#314);
#313 = CARTESIAN_POINT('',(215.,0.,27.4));
#314 = VECTOR('',#315,1.);
#315 = DIRECTION('',(1.,0.,2.22044604925E-16));
#316 = PCURVE('',#62,#317);
#317 = DEFINITIONAL_REPRESENTATION('',(#318),#321);
#318 = B_SPLINE_CURVE_WITH_KNOTS('',1,(#319,#320),.UNSPECIFIED.,.F.,.F.,
  (2,2),(-5.999999928008E-07,20.4000006),.PIECEWISE_BEZIER_KNOTS.);
#319 = CARTESIAN_POINT('',(3.14159265359,-5.99999989892E-07));
#320 = CARTESIAN_POINT('',(3.14159265359,20.4000006));
#321 = ( GEOMETRIC_REPRESENTATION_CONTEXT(2) 
PARAMETRIC_REPRESENTATION_CONTEXT() REPRESENTATION_CONTEXT('2D SPACE',''
  ) );
#322 = PCURVE('',#323,#328);
#323 = PLANE('',#324);
#324 = AXIS2_PLACEMENT_3D('',#325,#326,#327);
#325 = CARTESIAN_POINT('',(-500.,0.,-500.));
#326 = DIRECTION('',(-0.,1.,0.));
#327 = DIRECTION('',(0.,0.,1.));
#328 = DEFINITIONAL_REPRESENTATION('',(#329),#332);
#329 = B_SPLINE_CURVE_WITH_KNOTS('',1,(#330,#331),.UNSPECIFIED.,.F.,.F.,
  (2,2),(-5.999999928008E-07,20.4000006),.PIECEWISE_BEZIER_KNOTS.);
#330 = CARTESIAN_POINT('',(527.4,714.9999994));
#331 = CARTESIAN_POINT('',(527.4,735.4000006));
#332 = ( GEOMETRIC_REPRESENTATION_CONTEXT(2) 
PARAMETRIC_REPRESENTATION_CONTEXT() REPRESENTATION_CONTEXT('2D SPACE',''
  ) );
#333 = ORIENTED_EDGE('',*,*,#334,.T.);
#334 = EDGE_CURVE('',#309,#335,#337,.T.);
#335 = VERTEX_POINT('',#336);
#336 = CARTESIAN_POINT('',(228.81110880628,2.2,27.213945950019));
#337 = SURFACE_CURVE('',#338,(#346,#357),.PCURVE_S1.);
#338 = B_SPLINE_CURVE_WITH_KNOTS('',6,(#339,#340,#341,#342,#343,#344,
    #345),.UNSPECIFIED.,.F.,.F.,(7,7),(0.,1.),.PIECEWISE_BEZIER_KNOTS.);
#339 = CARTESIAN_POINT('',(228.76610373207,1.690322073142E-15,27.4));
#340 = CARTESIAN_POINT('',(228.76610373207,0.36850590393,27.4));
#341 = CARTESIAN_POINT('',(228.76812040768,0.73651583233,27.387560783754
    ));
#342 = CARTESIAN_POINT('',(228.77214117805,1.104047072745,
    27.362744047001));
#343 = CARTESIAN_POINT('',(228.77914267093,1.471103674335,
    27.325523393739));
#344 = CARTESIAN_POINT('',(228.79103111014,1.837052416581,
    27.275777160301));
#345 = CARTESIAN_POINT('',(228.81110883947,2.2000006,27.213945847803));
#346 = PCURVE('',#62,#347);
#347 = DEFINITIONAL_REPRESENTATION('',(#348),#356);
#348 = B_SPLINE_CURVE_WITH_KNOTS('',6,(#349,#350,#351,#352,#353,#354,
    #355),.UNSPECIFIED.,.F.,.F.,(7,7),(0.,1.),.PIECEWISE_BEZIER_KNOTS.);
#349 = CARTESIAN_POINT('',(3.14159265359,13.766103732075));
#350 = CARTESIAN_POINT('',(3.113462431916,13.766103732075));
#351 = CARTESIAN_POINT('',(3.085370101943,13.768120407688));
#352 = CARTESIAN_POINT('',(3.057274070004,13.772141178052));
#353 = CARTESIAN_POINT('',(3.029135188973,13.779142670936));
#354 = CARTESIAN_POINT('',(3.00095920935,13.791031110145));
#355 = CARTESIAN_POINT('',(2.97285407497,13.811108839476));
#356 = ( GEOMETRIC_REPRESENTATION_CONTEXT(2) 
PARAMETRIC_REPRESENTATION_CONTEXT() REPRESENTATION_CONTEXT('2D SPACE',''
  ) );
#357 = PCURVE('',#358,#363);
#358 = CYLINDRICAL_SURFACE('',#359,1.25);
#359 = AXIS2_PLACEMENT_3D('',#360,#361,#362);
#360 = CARTESIAN_POINT('',(230.,2.2,27.6));
#361 = DIRECTION('',(0.,-1.,2.22044604925E-16));
#362 = DIRECTION('',(1.,0.,0.));
#363 = DEFINITIONAL_REPRESENTATION('',(#364),#372);
#364 = B_SPLINE_CURVE_WITH_KNOTS('',6,(#365,#366,#367,#368,#369,#370,
    #371),.UNSPECIFIED.,.F.,.F.,(7,7),(0.,0.999999724479),
  .PIECEWISE_BEZIER_KNOTS.);
#365 = CARTESIAN_POINT('',(9.585468613721,2.2));
#366 = CARTESIAN_POINT('',(9.585468613721,1.831494197601));
#367 = CARTESIAN_POINT('',(9.595550885082,1.463484370459));
#368 = CARTESIAN_POINT('',(9.615658913527,1.095953231043));
#369 = CARTESIAN_POINT('',(9.645957274864,0.728896730193));
#370 = CARTESIAN_POINT('',(9.686747018501,0.362948087553));
#371 = CARTESIAN_POINT('',(9.738754535372,1.329192066154E-15));
#372 = ( GEOMETRIC_REPRESENTATION_CONTEXT(2) 
PARAMETRIC_REPRESENTATION_CONTEXT() REPRESENTATION_CONTEXT('2D SPACE',''
  ) );
#373 = ORIENTED_EDGE('',*,*,#374,.T.);
#374 = EDGE_CURVE('',#335,#375,#377,.T.);
#375 = VERTEX_POINT('',#376);
#376 = CARTESIAN_POINT('',(231.18889119371,2.2,27.213945950019));
#377 = SURFACE_CURVE('',#378,(#382,#388),.PCURVE_S1.);
#378 = LINE('',#379,#380);
#379 = CARTESIAN_POINT('',(215.,2.2,27.213945950019));
#380 = VECTOR('',#381,1.);
#381 = DIRECTION('',(1.,0.,2.22044604925E-16));
#382 = PCURVE('',#62,#383);
#383 = DEFINITIONAL_REPRESENTATION('',(#384),#387);
#384 = B_SPLINE_CURVE_WITH_KNOTS('',1,(#385,#386),.UNSPECIFIED.,.F.,.F.,
  (2,2),(13.5,16.5),.PIECEWISE_BEZIER_KNOTS.);
#385 = CARTESIAN_POINT('',(2.972854121432,13.5));
#386 = CARTESIAN_POINT('',(2.972854121432,16.5));
#387 = ( GEOMETRIC_REPRESENTATION_CONTEXT(2) 
PARAMETRIC_REPRESENTATION_CONTEXT() REPRESENTATION_CONTEXT('2D SPACE',''
  ) );
#388 = PCURVE('',#389,#394);
#389 = PLANE('',#390);
#390 = AXIS2_PLACEMENT_3D('',#391,#392,#393);
#391 = CARTESIAN_POINT('',(230.,2.2,27.6));
#392 = DIRECTION('',(0.,-1.,2.22044604925E-16));
#393 = DIRECTION('',(1.,0.,0.));
#394 = DEFINITIONAL_REPRESENTATION('',(#395),#398);
#395 = B_SPLINE_CURVE_WITH_KNOTS('',1,(#396,#397),.UNSPECIFIED.,.F.,.F.,
  (2,2),(13.5,16.5),.PIECEWISE_BEZIER_KNOTS.);
#396 = CARTESIAN_POINT('',(-1.5,-0.386054049981));
#397 = CARTESIAN_POINT('',(1.5,-0.386054049981));
#398 = ( GEOMETRIC_REPRESENTATION_CONTEXT(2) 
PARAMETRIC_REPRESENTATION_CONTEXT() REPRESENTATION_CONTEXT('2D SPACE',''
  ) );
#399 = ORIENTED_EDGE('',*,*,#400,.T.);
#400 = EDGE_CURVE('',#375,#401,#403,.T.);
#401 = VERTEX_POINT('',#402);
#402 = CARTESIAN_POINT('',(231.23389626792,-2.22044604925E-17,27.4));
#403 = SURFACE_CURVE('',#404,(#412,#423),.PCURVE_S1.);
#404 = B_SPLINE_CURVE_WITH_KNOTS('',6,(#405,#406,#407,#408,#409,#410,
    #411),.UNSPECIFIED.,.F.,.F.,(7,7),(0.,1.),.PIECEWISE_BEZIER_KNOTS.);
#405 = CARTESIAN_POINT('',(231.18889116052,2.2000006,27.213945847803));
#406 = CARTESIAN_POINT('',(231.2089693895,1.837043384415,27.275778699007
    ));
#407 = CARTESIAN_POINT('',(231.2208571836,1.471098853623,27.325523590698
    ));
#408 = CARTESIAN_POINT('',(231.22785878486,1.104049920594,
    27.362743411309));
#409 = CARTESIAN_POINT('',(231.23187951253,0.736522947676,
    27.387560431283));
#410 = CARTESIAN_POINT('',(231.23389626792,0.368511151719,27.4));
#411 = CARTESIAN_POINT('',(231.23389626792,1.690322073142E-15,27.4));
#412 = PCURVE('',#62,#413);
#413 = DEFINITIONAL_REPRESENTATION('',(#414),#422);
#414 = B_SPLINE_CURVE_WITH_KNOTS('',6,(#415,#416,#417,#418,#419,#420,
    #421),.UNSPECIFIED.,.F.,.F.,(7,7),(0.,1.),.PIECEWISE_BEZIER_KNOTS.);
#415 = CARTESIAN_POINT('',(2.97285407497,16.188891160524));
#416 = CARTESIAN_POINT('',(3.000959908761,16.208969389501));
#417 = CARTESIAN_POINT('',(3.02913555465,16.220857183605));
#418 = CARTESIAN_POINT('',(3.057273850003,16.227858784864));
#419 = CARTESIAN_POINT('',(3.085369559252,16.231879512532));
#420 = CARTESIAN_POINT('',(3.113462031321,16.233896267925));
#421 = CARTESIAN_POINT('',(3.14159265359,16.233896267925));
#422 = ( GEOMETRIC_REPRESENTATION_CONTEXT(2) 
PARAMETRIC_REPRESENTATION_CONTEXT() REPRESENTATION_CONTEXT('2D SPACE',''
  ) );
#423 = PCURVE('',#358,#424);
#424 = DEFINITIONAL_REPRESENTATION('',(#425),#433);
#425 = B_SPLINE_CURVE_WITH_KNOTS('',6,(#426,#427,#428,#429,#430,#431,
    #432),.UNSPECIFIED.,.F.,.F.,(7,7),(2.755145658852E-07,1.),
  .PIECEWISE_BEZIER_KNOTS.);
#426 = CARTESIAN_POINT('',(5.969208732577,1.640892474802E-15));
#427 = CARTESIAN_POINT('',(6.021217543681,0.362957119701));
#428 = CARTESIAN_POINT('',(6.06200609441,0.728901550886));
#429 = CARTESIAN_POINT('',(6.092303887779,1.095950383183));
#430 = CARTESIAN_POINT('',(6.112412074469,1.463477255109));
#431 = CARTESIAN_POINT('',(6.122494654228,1.831488949811));
#432 = CARTESIAN_POINT('',(6.122494654228,2.2));
#433 = ( GEOMETRIC_REPRESENTATION_CONTEXT(2) 
PARAMETRIC_REPRESENTATION_CONTEXT() REPRESENTATION_CONTEXT('2D SPACE',''
  ) );
#434 = ORIENTED_EDGE('',*,*,#435,.T.);
#435 = EDGE_CURVE('',#401,#260,#436,.T.);
#436 = SURFACE_CURVE('',#437,(#441,#447),.PCURVE_S1.);
#437 = LINE('',#438,#439);
#438 = CARTESIAN_POINT('',(215.,0.,27.4));
#439 = VECTOR('',#440,1.);
#440 = DIRECTION('',(1.,0.,2.22044604925E-16));
#441 = PCURVE('',#62,#442);
#442 = DEFINITIONAL_REPRESENTATION('',(#443),#446);
#443 = B_SPLINE_CURVE_WITH_KNOTS('',1,(#444,#445),.UNSPECIFIED.,.F.,.F.,
  (2,2),(-5.999999928008E-07,20.4000006),.PIECEWISE_BEZIER_KNOTS.);
#444 = CARTESIAN_POINT('',(3.14159265359,-5.99999989892E-07));
#445 = CARTESIAN_POINT('',(3.14159265359,20.4000006));
#446 = ( GEOMETRIC_REPRESENTATION_CONTEXT(2) 
PARAMETRIC_REPRESENTATION_CONTEXT() REPRESENTATION_CONTEXT('2D SPACE',''
  ) );
#447 = PCURVE('',#323,#448);
#448 = DEFINITIONAL_REPRESENTATION('',(#449),#452);
#449 = B_SPLINE_CURVE_WITH_KNOTS('',1,(#450,#451),.UNSPECIFIED.,.F.,.F.,
  (2,2),(-5.999999928008E-07,20.4000006),.PIECEWISE_BEZIER_KNOTS.);
#450 = CARTESIAN_POINT('',(527.4,714.9999994));
#451 = CARTESIAN_POINT('',(527.4,735.4000006));
#452 = ( GEOMETRIC_REPRESENTATION_CONTEXT(2) 
PARAMETRIC_REPRESENTATION_CONTEXT() REPRESENTATION_CONTEXT('2D SPACE',''
  ) );
#453 = ADVANCED_FACE('',(#454),#245,.F.);
#454 = FACE_BOUND('',#455,.F.);
#455 = EDGE_LOOP('',(#456,#486,#514,#533,#534,#535));
#456 = ORIENTED_EDGE('',*,*,#457,.F.);
#457 = EDGE_CURVE('',#458,#460,#462,.T.);
#458 = VERTEX_POINT('',#459);
#459 = CARTESIAN_POINT('',(215.,15.,31.));
#460 = VERTEX_POINT('',#461);
#461 = CARTESIAN_POINT('',(215.,15.,-1.));
#462 = SURFACE_CURVE('',#463,(#467,#474),.PCURVE_S1.);
#463 = LINE('',#464,#465);
#464 = CARTESIAN_POINT('',(215.,15.,31.));
#465 = VECTOR('',#466,1.);
#466 = DIRECTION('',(0.,0.,-1.));
#467 = PCURVE('',#245,#468);
#468 = DEFINITIONAL_REPRESENTATION('',(#469),#473);
#469 = LINE('',#470,#471);
#470 = CARTESIAN_POINT('',(531.,-515.));
#471 = VECTOR('',#472,1.);
#472 = DIRECTION('',(-1.,0.));
#473 = ( GEOMETRIC_REPRESENTATION_CONTEXT(2) 
PARAMETRIC_REPRESENTATION_CONTEXT() REPRESENTATION_CONTEXT('2D SPACE',''
  ) );
#474 = PCURVE('',#475,#480);
#475 = PLANE('',#476);
#476 = AXIS2_PLACEMENT_3D('',#477,#478,#479);
#477 = CARTESIAN_POINT('',(56.,15.,0.));
#478 = DIRECTION('',(-0.,1.,0.));
#479 = DIRECTION('',(0.,0.,1.));
#480 = DEFINITIONAL_REPRESENTATION('',(#481),#485);
#481 = LINE('',#482,#483);
#482 = CARTESIAN_POINT('',(31.,159.));
#483 = VECTOR('',#484,1.);
#484 = DIRECTION('',(-1.,0.));
#485 = ( GEOMETRIC_REPRESENTATION_CONTEXT(2) 
PARAMETRIC_REPRESENTATION_CONTEXT() REPRESENTATION_CONTEXT('2D SPACE',''
  ) );
#486 = ORIENTED_EDGE('',*,*,#487,.F.);
#487 = EDGE_CURVE('',#488,#458,#490,.T.);
#488 = VERTEX_POINT('',#489);
#489 = CARTESIAN_POINT('',(215.,0.,31.));
#490 = SURFACE_CURVE('',#491,(#495,#502),.PCURVE_S1.);
#491 = LINE('',#492,#493);
#492 = CARTESIAN_POINT('',(215.,-15.,31.));
#493 = VECTOR('',#494,1.);
#494 = DIRECTION('',(-0.,1.,0.));
#495 = PCURVE('',#245,#496);
#496 = DEFINITIONAL_REPRESENTATION('',(#497),#501);
#497 = LINE('',#498,#499);
#498 = CARTESIAN_POINT('',(531.,-485.));
#499 = VECTOR('',#500,1.);
#500 = DIRECTION('',(0.,-1.));
#501 = ( GEOMETRIC_REPRESENTATION_CONTEXT(2) 
PARAMETRIC_REPRESENTATION_CONTEXT() REPRESENTATION_CONTEXT('2D SPACE',''
  ) );
#502 = PCURVE('',#503,#508);
#503 = PLANE('',#504);
#504 = AXIS2_PLACEMENT_3D('',#505,#506,#507);
#505 = CARTESIAN_POINT('',(215.,-15.,31.));
#506 = DIRECTION('',(0.,0.,1.));
#507 = DIRECTION('',(1.,0.,-0.));
#508 = DEFINITIONAL_REPRESENTATION('',(#509),#513);
#509 = LINE('',#510,#511);
#510 = CARTESIAN_POINT('',(0.,0.));
#511 = VECTOR('',#512,1.);
#512 = DIRECTION('',(0.,1.));
#513 = ( GEOMETRIC_REPRESENTATION_CONTEXT(2) 
PARAMETRIC_REPRESENTATION_CONTEXT() REPRESENTATION_CONTEXT('2D SPACE',''
  ) );
#514 = ORIENTED_EDGE('',*,*,#515,.T.);
#515 = EDGE_CURVE('',#488,#285,#516,.T.);
#516 = SURFACE_CURVE('',#517,(#521,#527),.PCURVE_S1.);
#517 = LINE('',#518,#519);
#518 = CARTESIAN_POINT('',(215.,0.,-500.));
#519 = VECTOR('',#520,1.);
#520 = DIRECTION('',(-0.,0.,-1.));
#521 = PCURVE('',#245,#522);
#522 = DEFINITIONAL_REPRESENTATION('',(#523),#526);
#523 = B_SPLINE_CURVE_WITH_KNOTS('',1,(#524,#525),.UNSPECIFIED.,.F.,.F.,
  (2,2),(-531.,-499.),.PIECEWISE_BEZIER_KNOTS.);
#524 = CARTESIAN_POINT('',(531.,-500.));
#525 = CARTESIAN_POINT('',(499.,-500.));
#526 = ( GEOMETRIC_REPRESENTATION_CONTEXT(2) 
PARAMETRIC_REPRESENTATION_CONTEXT() REPRESENTATION_CONTEXT('2D SPACE',''
  ) );
#527 = PCURVE('',#323,#528);
#528 = DEFINITIONAL_REPRESENTATION('',(#529),#532);
#529 = B_SPLINE_CURVE_WITH_KNOTS('',1,(#530,#531),.UNSPECIFIED.,.F.,.F.,
  (2,2),(-531.,-499.),.PIECEWISE_BEZIER_KNOTS.);
#530 = CARTESIAN_POINT('',(531.,715.));
#531 = CARTESIAN_POINT('',(499.,715.));
#532 = ( GEOMETRIC_REPRESENTATION_CONTEXT(2) 
PARAMETRIC_REPRESENTATION_CONTEXT() REPRESENTATION_CONTEXT('2D SPACE',''
  ) );
#533 = ORIENTED_EDGE('',*,*,#284,.F.);
#534 = ORIENTED_EDGE('',*,*,#232,.T.);
#535 = ORIENTED_EDGE('',*,*,#536,.T.);
#536 = EDGE_CURVE('',#207,#460,#537,.T.);
#537 = SURFACE_CURVE('',#538,(#542,#549),.PCURVE_S1.);
#538 = LINE('',#539,#540);
#539 = CARTESIAN_POINT('',(215.,-15.,-1.));
#540 = VECTOR('',#541,1.);
#541 = DIRECTION('',(-0.,1.,0.));
#542 = PCURVE('',#245,#543);
#543 = DEFINITIONAL_REPRESENTATION('',(#544),#548);
#544 = LINE('',#545,#546);
#545 = CARTESIAN_POINT('',(499.,-485.));
#546 = VECTOR('',#547,1.);
#547 = DIRECTION('',(0.,-1.));
#548 = ( GEOMETRIC_REPRESENTATION_CONTEXT(2) 
PARAMETRIC_REPRESENTATION_CONTEXT() REPRESENTATION_CONTEXT('2D SPACE',''
  ) );
#549 = PCURVE('',#221,#550);
#550 = DEFINITIONAL_REPRESENTATION('',(#551),#555);
#551 = LINE('',#552,#553);
#552 = CARTESIAN_POINT('',(0.,0.));
#553 = VECTOR('',#554,1.);
#554 = DIRECTION('',(0.,1.));
#555 = ( GEOMETRIC_REPRESENTATION_CONTEXT(2) 
PARAMETRIC_REPRESENTATION_CONTEXT() REPRESENTATION_CONTEXT('2D SPACE',''
  ) );
#556 = ADVANCED_FACE('',(#557),#221,.F.);
#557 = FACE_BOUND('',#558,.F.);
#558 = EDGE_LOOP('',(#559,#560,#561,#584));
#559 = ORIENTED_EDGE('',*,*,#536,.F.);
#560 = ORIENTED_EDGE('',*,*,#206,.T.);
#561 = ORIENTED_EDGE('',*,*,#562,.T.);
#562 = EDGE_CURVE('',#181,#563,#565,.T.);
#563 = VERTEX_POINT('',#564);
#564 = CARTESIAN_POINT('',(237.,15.,-1.));
#565 = SURFACE_CURVE('',#566,(#570,#577),.PCURVE_S1.);
#566 = LINE('',#567,#568);
#567 = CARTESIAN_POINT('',(237.,-15.,-1.));
#568 = VECTOR('',#569,1.);
#569 = DIRECTION('',(-0.,1.,0.));
#570 = PCURVE('',#221,#571);
#571 = DEFINITIONAL_REPRESENTATION('',(#572),#576);
#572 = LINE('',#573,#574);
#573 = CARTESIAN_POINT('',(22.,0.));
#574 = VECTOR('',#575,1.);
#575 = DIRECTION('',(0.,1.));
#576 = ( GEOMETRIC_REPRESENTATION_CONTEXT(2) 
PARAMETRIC_REPRESENTATION_CONTEXT() REPRESENTATION_CONTEXT('2D SPACE',''
  ) );
#577 = PCURVE('',#195,#578);
#578 = DEFINITIONAL_REPRESENTATION('',(#579),#583);
#579 = LINE('',#580,#581);
#580 = CARTESIAN_POINT('',(0.,0.));
#581 = VECTOR('',#582,1.);
#582 = DIRECTION('',(0.,-1.));
#583 = ( GEOMETRIC_REPRESENTATION_CONTEXT(2) 
PARAMETRIC_REPRESENTATION_CONTEXT() REPRESENTATION_CONTEXT('2D SPACE',''
  ) );
#584 = ORIENTED_EDGE('',*,*,#585,.F.);
#585 = EDGE_CURVE('',#460,#563,#586,.T.);
#586 = SURFACE_CURVE('',#587,(#591,#598),.PCURVE_S1.);
#587 = LINE('',#588,#589);
#588 = CARTESIAN_POINT('',(215.,15.,-1.));
#589 = VECTOR('',#590,1.);
#590 = DIRECTION('',(1.,0.,-0.));
#591 = PCURVE('',#221,#592);
#592 = DEFINITIONAL_REPRESENTATION('',(#593),#597);
#593 = LINE('',#594,#595);
#594 = CARTESIAN_POINT('',(0.,30.));
#595 = VECTOR('',#596,1.);
#596 = DIRECTION('',(1.,0.));
#597 = ( GEOMETRIC_REPRESENTATION_CONTEXT(2) 
PARAMETRIC_REPRESENTATION_CONTEXT() REPRESENTATION_CONTEXT('2D SPACE',''
  ) );
#598 = PCURVE('',#475,#599);
#599 = DEFINITIONAL_REPRESENTATION('',(#600),#604);
#600 = LINE('',#601,#602);
#601 = CARTESIAN_POINT('',(-1.,159.));
#602 = VECTOR('',#603,1.);
#603 = DIRECTION('',(0.,1.));
#604 = ( GEOMETRIC_REPRESENTATION_CONTEXT(2) 
PARAMETRIC_REPRESENTATION_CONTEXT() REPRESENTATION_CONTEXT('2D SPACE',''
  ) );
#605 = ADVANCED_FACE('',(#606),#195,.T.);
#606 = FACE_BOUND('',#607,.T.);
#607 = EDGE_LOOP('',(#608,#609,#610,#633));
#608 = ORIENTED_EDGE('',*,*,#180,.T.);
#609 = ORIENTED_EDGE('',*,*,#562,.T.);
#610 = ORIENTED_EDGE('',*,*,#611,.T.);
#611 = EDGE_CURVE('',#563,#612,#614,.T.);
#612 = VERTEX_POINT('',#613);
#613 = CARTESIAN_POINT('',(237.,15.,0.));
#614 = SURFACE_CURVE('',#615,(#619,#626),.PCURVE_S1.);
#615 = LINE('',#616,#617);
#616 = CARTESIAN_POINT('',(237.,15.,-1.));
#617 = VECTOR('',#618,1.);
#618 = DIRECTION('',(0.,0.,1.));
#619 = PCURVE('',#195,#620);
#620 = DEFINITIONAL_REPRESENTATION('',(#621),#625);
#621 = LINE('',#622,#623);
#622 = CARTESIAN_POINT('',(0.,-30.));
#623 = VECTOR('',#624,1.);
#624 = DIRECTION('',(1.,0.));
#625 = ( GEOMETRIC_REPRESENTATION_CONTEXT(2) 
PARAMETRIC_REPRESENTATION_CONTEXT() REPRESENTATION_CONTEXT('2D SPACE',''
  ) );
#626 = PCURVE('',#475,#627);
#627 = DEFINITIONAL_REPRESENTATION('',(#628),#632);
#628 = LINE('',#629,#630);
#629 = CARTESIAN_POINT('',(-1.,181.));
#630 = VECTOR('',#631,1.);
#631 = DIRECTION('',(1.,0.));
#632 = ( GEOMETRIC_REPRESENTATION_CONTEXT(2) 
PARAMETRIC_REPRESENTATION_CONTEXT() REPRESENTATION_CONTEXT('2D SPACE',''
  ) );
#633 = ORIENTED_EDGE('',*,*,#634,.F.);
#634 = EDGE_CURVE('',#155,#612,#635,.T.);
#635 = SURFACE_CURVE('',#636,(#640,#646),.PCURVE_S1.);
#636 = LINE('',#637,#638);
#637 = CARTESIAN_POINT('',(237.,-15.,0.));
#638 = VECTOR('',#639,1.);
#639 = DIRECTION('',(-0.,1.,0.));
#640 = PCURVE('',#195,#641);
#641 = DEFINITIONAL_REPRESENTATION('',(#642),#645);
#642 = B_SPLINE_CURVE_WITH_KNOTS('',1,(#643,#644),.UNSPECIFIED.,.F.,.F.,
  (2,2),(0.,30.),.PIECEWISE_BEZIER_KNOTS.);
#643 = CARTESIAN_POINT('',(1.,0.));
#644 = CARTESIAN_POINT('',(1.,-30.));
#645 = ( GEOMETRIC_REPRESENTATION_CONTEXT(2) 
PARAMETRIC_REPRESENTATION_CONTEXT() REPRESENTATION_CONTEXT('2D SPACE',''
  ) );
#646 = PCURVE('',#169,#647);
#647 = DEFINITIONAL_REPRESENTATION('',(#648),#651);
#648 = B_SPLINE_CURVE_WITH_KNOTS('',1,(#649,#650),.UNSPECIFIED.,.F.,.F.,
  (2,2),(0.,30.),.PIECEWISE_BEZIER_KNOTS.);
#649 = CARTESIAN_POINT('',(181.,0.));
#650 = CARTESIAN_POINT('',(181.,30.));
#651 = ( GEOMETRIC_REPRESENTATION_CONTEXT(2) 
PARAMETRIC_REPRESENTATION_CONTEXT() REPRESENTATION_CONTEXT('2D SPACE',''
  ) );
#652 = ADVANCED_FACE('',(#653),#169,.F.);
#653 = FACE_BOUND('',#654,.F.);
#654 = EDGE_LOOP('',(#655,#656,#657,#681,#707,#736,#762,#791,#817,#845)
  );
#655 = ORIENTED_EDGE('',*,*,#634,.F.);
#656 = ORIENTED_EDGE('',*,*,#154,.T.);
#657 = ORIENTED_EDGE('',*,*,#658,.F.);
#658 = EDGE_CURVE('',#659,#129,#661,.T.);
#659 = VERTEX_POINT('',#660);
#660 = CARTESIAN_POINT('',(274.56513925461,-1.469576158977E-15,0.));
#661 = SURFACE_CURVE('',#662,(#667,#674),.PCURVE_S1.);
#662 = CIRCLE('',#663,6.);
#663 = AXIS2_PLACEMENT_3D('',#664,#665,#666);
#664 = CARTESIAN_POINT('',(268.56513925461,0.,0.));
#665 = DIRECTION('',(0.,0.,1.));
#666 = DIRECTION('',(1.,0.,-0.));
#667 = PCURVE('',#169,#668);
#668 = DEFINITIONAL_REPRESENTATION('',(#669),#673);
#669 = CIRCLE('',#670,6.);
#670 = AXIS2_PLACEMENT_2D('',#671,#672);
#671 = CARTESIAN_POINT('',(212.56513925461,15.));
#672 = DIRECTION('',(1.,0.));
#673 = ( GEOMETRIC_REPRESENTATION_CONTEXT(2) 
PARAMETRIC_REPRESENTATION_CONTEXT() REPRESENTATION_CONTEXT('2D SPACE',''
  ) );
#674 = PCURVE('',#143,#675);
#675 = DEFINITIONAL_REPRESENTATION('',(#676),#680);
#676 = LINE('',#677,#678);
#677 = CARTESIAN_POINT('',(0.,3.5));
#678 = VECTOR('',#679,1.);
#679 = DIRECTION('',(1.,0.));
#680 = ( GEOMETRIC_REPRESENTATION_CONTEXT(2) 
PARAMETRIC_REPRESENTATION_CONTEXT() REPRESENTATION_CONTEXT('2D SPACE',''
  ) );
#681 = ORIENTED_EDGE('',*,*,#682,.T.);
#682 = EDGE_CURVE('',#659,#683,#685,.T.);
#683 = VERTEX_POINT('',#684);
#684 = CARTESIAN_POINT('',(284.53399836738,7.654042494671E-16,0.));
#685 = SURFACE_CURVE('',#686,(#690,#696),.PCURVE_S1.);
#686 = LINE('',#687,#688);
#687 = CARTESIAN_POINT('',(-222.,0.,0.));
#688 = VECTOR('',#689,1.);
#689 = DIRECTION('',(1.,0.,-0.));
#690 = PCURVE('',#169,#691);
#691 = DEFINITIONAL_REPRESENTATION('',(#692),#695);
#692 = B_SPLINE_CURVE_WITH_KNOTS('',1,(#693,#694),.UNSPECIFIED.,.F.,.F.,
  (2,2),(459.,566.4),.PIECEWISE_BEZIER_KNOTS.);
#693 = CARTESIAN_POINT('',(181.,15.));
#694 = CARTESIAN_POINT('',(288.4,15.));
#695 = ( GEOMETRIC_REPRESENTATION_CONTEXT(2) 
PARAMETRIC_REPRESENTATION_CONTEXT() REPRESENTATION_CONTEXT('2D SPACE',''
  ) );
#696 = PCURVE('',#697,#702);
#697 = PLANE('',#698);
#698 = AXIS2_PLACEMENT_3D('',#699,#700,#701);
#699 = CARTESIAN_POINT('',(-500.,0.,-500.));
#700 = DIRECTION('',(-0.,1.,0.));
#701 = DIRECTION('',(0.,0.,1.));
#702 = DEFINITIONAL_REPRESENTATION('',(#703),#706);
#703 = B_SPLINE_CURVE_WITH_KNOTS('',1,(#704,#705),.UNSPECIFIED.,.F.,.F.,
  (2,2),(459.,566.4),.PIECEWISE_BEZIER_KNOTS.);
#704 = CARTESIAN_POINT('',(500.,737.));
#705 = CARTESIAN_POINT('',(500.,844.4));
#706 = ( GEOMETRIC_REPRESENTATION_CONTEXT(2) 
PARAMETRIC_REPRESENTATION_CONTEXT() REPRESENTATION_CONTEXT('2D SPACE',''
  ) );
#707 = ORIENTED_EDGE('',*,*,#708,.F.);
#708 = EDGE_CURVE('',#709,#683,#711,.T.);
#709 = VERTEX_POINT('',#710);
#710 = CARTESIAN_POINT('',(297.03399836738,-1.530808498934E-15,0.));
#711 = SURFACE_CURVE('',#712,(#717,#724),.PCURVE_S1.);
#712 = CIRCLE('',#713,6.25);
#713 = AXIS2_PLACEMENT_3D('',#714,#715,#716);
#714 = CARTESIAN_POINT('',(290.78399836738,0.,0.));
#715 = DIRECTION('',(0.,0.,1.));
#716 = DIRECTION('',(1.,0.,-0.));
#717 = PCURVE('',#169,#718);
#718 = DEFINITIONAL_REPRESENTATION('',(#719),#723);
#719 = CIRCLE('',#720,6.25);
#720 = AXIS2_PLACEMENT_2D('',#721,#722);
#721 = CARTESIAN_POINT('',(234.78399836738,15.));
#722 = DIRECTION('',(1.,0.));
#723 = ( GEOMETRIC_REPRESENTATION_CONTEXT(2) 
PARAMETRIC_REPRESENTATION_CONTEXT() REPRESENTATION_CONTEXT('2D SPACE',''
  ) );
#724 = PCURVE('',#725,#730);
#725 = CYLINDRICAL_SURFACE('',#726,6.25);
#726 = AXIS2_PLACEMENT_3D('',#727,#728,#729);
#727 = CARTESIAN_POINT('',(290.78399836738,0.,-3.5));
#728 = DIRECTION('',(0.,0.,1.));
#729 = DIRECTION('',(1.,0.,-0.));
#730 = DEFINITIONAL_REPRESENTATION('',(#731),#735);
#731 = LINE('',#732,#733);
#732 = CARTESIAN_POINT('',(0.,3.5));
#733 = VECTOR('',#734,1.);
#734 = DIRECTION('',(1.,0.));
#735 = ( GEOMETRIC_REPRESENTATION_CONTEXT(2) 
PARAMETRIC_REPRESENTATION_CONTEXT() REPRESENTATION_CONTEXT('2D SPACE',''
  ) );
#736 = ORIENTED_EDGE('',*,*,#737,.T.);
#737 = EDGE_CURVE('',#709,#738,#740,.T.);
#738 = VERTEX_POINT('',#739);
#739 = CARTESIAN_POINT('',(310.9,9.797174393179E-16,0.));
#740 = SURFACE_CURVE('',#741,(#745,#751),.PCURVE_S1.);
#741 = LINE('',#742,#743);
#742 = CARTESIAN_POINT('',(-222.,0.,0.));
#743 = VECTOR('',#744,1.);
#744 = DIRECTION('',(1.,0.,-0.));
#745 = PCURVE('',#169,#746);
#746 = DEFINITIONAL_REPRESENTATION('',(#747),#750);
#747 = B_SPLINE_CURVE_WITH_KNOTS('',1,(#748,#749),.UNSPECIFIED.,.F.,.F.,
  (2,2),(459.,566.4),.PIECEWISE_BEZIER_KNOTS.);
#748 = CARTESIAN_POINT('',(181.,15.));
#749 = CARTESIAN_POINT('',(288.4,15.));
#750 = ( GEOMETRIC_REPRESENTATION_CONTEXT(2) 
PARAMETRIC_REPRESENTATION_CONTEXT() REPRESENTATION_CONTEXT('2D SPACE',''
  ) );
#751 = PCURVE('',#752,#757);
#752 = PLANE('',#753);
#753 = AXIS2_PLACEMENT_3D('',#754,#755,#756);
#754 = CARTESIAN_POINT('',(-500.,0.,-500.));
#755 = DIRECTION('',(-0.,1.,0.));
#756 = DIRECTION('',(0.,0.,1.));
#757 = DEFINITIONAL_REPRESENTATION('',(#758),#761);
#758 = B_SPLINE_CURVE_WITH_KNOTS('',1,(#759,#760),.UNSPECIFIED.,.F.,.F.,
  (2,2),(459.,566.4),.PIECEWISE_BEZIER_KNOTS.);
#759 = CARTESIAN_POINT('',(500.,737.));
#760 = CARTESIAN_POINT('',(500.,844.4));
#761 = ( GEOMETRIC_REPRESENTATION_CONTEXT(2) 
PARAMETRIC_REPRESENTATION_CONTEXT() REPRESENTATION_CONTEXT('2D SPACE',''
  ) );
#762 = ORIENTED_EDGE('',*,*,#763,.F.);
#763 = EDGE_CURVE('',#764,#738,#766,.T.);
#764 = VERTEX_POINT('',#765);
#765 = CARTESIAN_POINT('',(326.9,-1.959434878636E-15,0.));
#766 = SURFACE_CURVE('',#767,(#772,#779),.PCURVE_S1.);
#767 = CIRCLE('',#768,8.);
#768 = AXIS2_PLACEMENT_3D('',#769,#770,#771);
#769 = CARTESIAN_POINT('',(318.9,0.,0.));
#770 = DIRECTION('',(0.,0.,1.));
#771 = DIRECTION('',(1.,0.,-0.));
#772 = PCURVE('',#169,#773);
#773 = DEFINITIONAL_REPRESENTATION('',(#774),#778);
#774 = CIRCLE('',#775,8.);
#775 = AXIS2_PLACEMENT_2D('',#776,#777);
#776 = CARTESIAN_POINT('',(262.9,15.));
#777 = DIRECTION('',(1.,0.));
#778 = ( GEOMETRIC_REPRESENTATION_CONTEXT(2) 
PARAMETRIC_REPRESENTATION_CONTEXT() REPRESENTATION_CONTEXT('2D SPACE',''
  ) );
#779 = PCURVE('',#780,#785);
#780 = CYLINDRICAL_SURFACE('',#781,8.);
#781 = AXIS2_PLACEMENT_3D('',#782,#783,#784);
#782 = CARTESIAN_POINT('',(318.9,0.,-1.2));
#783 = DIRECTION('',(0.,0.,1.));
#784 = DIRECTION('',(1.,0.,-0.));
#785 = DEFINITIONAL_REPRESENTATION('',(#786),#790);
#786 = LINE('',#787,#788);
#787 = CARTESIAN_POINT('',(0.,1.2));
#788 = VECTOR('',#789,1.);
#789 = DIRECTION('',(1.,0.));
#790 = ( GEOMETRIC_REPRESENTATION_CONTEXT(2) 
PARAMETRIC_REPRESENTATION_CONTEXT() REPRESENTATION_CONTEXT('2D SPACE',''
  ) );
#791 = ORIENTED_EDGE('',*,*,#792,.T.);
#792 = EDGE_CURVE('',#764,#793,#795,.T.);
#793 = VERTEX_POINT('',#794);
#794 = CARTESIAN_POINT('',(344.4,0.,0.));
#795 = SURFACE_CURVE('',#796,(#800,#806),.PCURVE_S1.);
#796 = LINE('',#797,#798);
#797 = CARTESIAN_POINT('',(-222.,0.,0.));
#798 = VECTOR('',#799,1.);
#799 = DIRECTION('',(1.,0.,-0.));
#800 = PCURVE('',#169,#801);
#801 = DEFINITIONAL_REPRESENTATION('',(#802),#805);
#802 = B_SPLINE_CURVE_WITH_KNOTS('',1,(#803,#804),.UNSPECIFIED.,.F.,.F.,
  (2,2),(459.,566.4),.PIECEWISE_BEZIER_KNOTS.);
#803 = CARTESIAN_POINT('',(181.,15.));
#804 = CARTESIAN_POINT('',(288.4,15.));
#805 = ( GEOMETRIC_REPRESENTATION_CONTEXT(2) 
PARAMETRIC_REPRESENTATION_CONTEXT() REPRESENTATION_CONTEXT('2D SPACE',''
  ) );
#806 = PCURVE('',#807,#812);
#807 = PLANE('',#808);
#808 = AXIS2_PLACEMENT_3D('',#809,#810,#811);
#809 = CARTESIAN_POINT('',(-500.,0.,-500.));
#810 = DIRECTION('',(-0.,1.,0.));
#811 = DIRECTION('',(0.,0.,1.));
#812 = DEFINITIONAL_REPRESENTATION('',(#813),#816);
#813 = B_SPLINE_CURVE_WITH_KNOTS('',1,(#814,#815),.UNSPECIFIED.,.F.,.F.,
  (2,2),(459.,566.4),.PIECEWISE_BEZIER_KNOTS.);
#814 = CARTESIAN_POINT('',(500.,737.));
#815 = CARTESIAN_POINT('',(500.,844.4));
#816 = ( GEOMETRIC_REPRESENTATION_CONTEXT(2) 
PARAMETRIC_REPRESENTATION_CONTEXT() REPRESENTATION_CONTEXT('2D SPACE',''
  ) );
#817 = ORIENTED_EDGE('',*,*,#818,.T.);
#818 = EDGE_CURVE('',#793,#819,#821,.T.);
#819 = VERTEX_POINT('',#820);
#820 = CARTESIAN_POINT('',(344.4,15.,0.));
#821 = SURFACE_CURVE('',#822,(#826,#833),.PCURVE_S1.);
#822 = LINE('',#823,#824);
#823 = CARTESIAN_POINT('',(344.4,-15.,0.));
#824 = VECTOR('',#825,1.);
#825 = DIRECTION('',(-0.,1.,0.));
#826 = PCURVE('',#169,#827);
#827 = DEFINITIONAL_REPRESENTATION('',(#828),#832);
#828 = LINE('',#829,#830);
#829 = CARTESIAN_POINT('',(288.4,0.));
#830 = VECTOR('',#831,1.);
#831 = DIRECTION('',(0.,1.));
#832 = ( GEOMETRIC_REPRESENTATION_CONTEXT(2) 
PARAMETRIC_REPRESENTATION_CONTEXT() REPRESENTATION_CONTEXT('2D SPACE',''
  ) );
#833 = PCURVE('',#834,#839);
#834 = PLANE('',#835);
#835 = AXIS2_PLACEMENT_3D('',#836,#837,#838);
#836 = CARTESIAN_POINT('',(344.4,-15.,0.));
#837 = DIRECTION('',(1.,0.,-0.));
#838 = DIRECTION('',(0.,0.,1.));
#839 = DEFINITIONAL_REPRESENTATION('',(#840),#844);
#840 = LINE('',#841,#842);
#841 = CARTESIAN_POINT('',(0.,0.));
#842 = VECTOR('',#843,1.);
#843 = DIRECTION('',(0.,-1.));
#844 = ( GEOMETRIC_REPRESENTATION_CONTEXT(2) 
PARAMETRIC_REPRESENTATION_CONTEXT() REPRESENTATION_CONTEXT('2D SPACE',''
  ) );
#845 = ORIENTED_EDGE('',*,*,#846,.F.);
#846 = EDGE_CURVE('',#612,#819,#847,.T.);
#847 = SURFACE_CURVE('',#848,(#852,#859),.PCURVE_S1.);
#848 = LINE('',#849,#850);
#849 = CARTESIAN_POINT('',(56.,15.,0.));
#850 = VECTOR('',#851,1.);
#851 = DIRECTION('',(1.,0.,0.));
#852 = PCURVE('',#169,#853);
#853 = DEFINITIONAL_REPRESENTATION('',(#854),#858);
#854 = LINE('',#855,#856);
#855 = CARTESIAN_POINT('',(0.,30.));
#856 = VECTOR('',#857,1.);
#857 = DIRECTION('',(1.,0.));
#858 = ( GEOMETRIC_REPRESENTATION_CONTEXT(2) 
PARAMETRIC_REPRESENTATION_CONTEXT() REPRESENTATION_CONTEXT('2D SPACE',''
  ) );
#859 = PCURVE('',#475,#860);
#860 = DEFINITIONAL_REPRESENTATION('',(#861),#865);
#861 = LINE('',#862,#863);
#862 = CARTESIAN_POINT('',(0.,0.));
#863 = VECTOR('',#864,1.);
#864 = DIRECTION('',(0.,1.));
#865 = ( GEOMETRIC_REPRESENTATION_CONTEXT(2) 
PARAMETRIC_REPRESENTATION_CONTEXT() REPRESENTATION_CONTEXT('2D SPACE',''
  ) );
#866 = ADVANCED_FACE('',(#867),#143,.F.);
#867 = FACE_BOUND('',#868,.F.);
#868 = EDGE_LOOP('',(#869,#1054,#1075,#1076));
#869 = ORIENTED_EDGE('',*,*,#870,.F.);
#870 = EDGE_CURVE('',#871,#101,#873,.T.);
#871 = VERTEX_POINT('',#872);
#872 = CARTESIAN_POINT('',(274.56513925461,-2.081899558551E-15,3.3));
#873 = SURFACE_CURVE('',#874,(#932,#993),.PCURVE_S1.);
#874 = B_SPLINE_CURVE_WITH_KNOTS('',6,(#875,#876,#877,#878,#879,#880,
    #881,#882,#883,#884,#885,#886,#887,#888,#889,#890,#891,#892,#893,
    #894,#895,#896,#897,#898,#899,#900,#901,#902,#903,#904,#905,#906,
    #907,#908,#909,#910,#911,#912,#913,#914,#915,#916,#917,#918,#919,
    #920,#921,#922,#923,#924,#925,#926,#927,#928,#929,#930,#931),
  .UNSPECIFIED.,.F.,.F.,(7,5,5,5,5,5,5,5,5,5,5,7),(0.,0.111943727576,
    0.163457156853,0.233604557791,0.31703463293,0.405518336495,
    0.499773573629,0.593900127983,0.681961809007,0.83624537645,
    0.928869833792,1.),.UNSPECIFIED.);
#875 = CARTESIAN_POINT('',(274.56513925461,-7.347880794884E-16,3.3));
#876 = CARTESIAN_POINT('',(274.56513925461,0.440623594657,3.3));
#877 = CARTESIAN_POINT('',(274.52630900754,0.87725084295,3.321180282057)
  );
#878 = CARTESIAN_POINT('',(274.4499718981,1.303124901217,3.362817939234)
  );
#879 = CARTESIAN_POINT('',(274.33950503213,1.711714377137,3.422352603188
    ));
#880 = CARTESIAN_POINT('',(274.20033225332,2.09707393673,3.495535087771)
  );
#881 = CARTESIAN_POINT('',(273.96662692278,2.618464303631,3.614867398005
    ));
#882 = CARTESIAN_POINT('',(273.88818691034,2.777607629015,3.654470903308
    ));
#883 = CARTESIAN_POINT('',(273.80536285939,2.931588210387,3.69574750072)
  );
#884 = CARTESIAN_POINT('',(273.7185256223,3.080432481131,3.738391610335)
  );
#885 = CARTESIAN_POINT('',(273.62801380997,3.224183072659,3.782116691689
    ));
#886 = CARTESIAN_POINT('',(273.40629636015,3.551791237885,3.887308793715
    ));
#887 = CARTESIAN_POINT('',(273.27218337952,3.731392964176,3.949486869848
    ));
#888 = CARTESIAN_POINT('',(273.13247825561,3.901965167346,4.01256137835)
  );
#889 = CARTESIAN_POINT('',(272.98774609175,4.063767462326,4.075972394553
    ));
#890 = CARTESIAN_POINT('',(272.83843335308,4.217057643825,4.13922321696)
  );
#891 = CARTESIAN_POINT('',(272.50222173685,4.534588839033,4.276387300664
    ));
#892 = CARTESIAN_POINT('',(272.31353537429,4.695428952385,4.35006111444)
  );
#893 = CARTESIAN_POINT('',(272.11945779625,4.844933898259,4.422110570045
    ));
#894 = CARTESIAN_POINT('',(271.92048771352,4.983389263642,4.491833440726
    ));
#895 = CARTESIAN_POINT('',(271.71700322424,5.111025315137,4.558588638912
    ));
#896 = CARTESIAN_POINT('',(271.28900032096,5.352055674876,4.688788772707
    ));
#897 = CARTESIAN_POINT('',(271.06392198545,5.464137604491,4.751798346814
    ));
#898 = CARTESIAN_POINT('',(270.83462597121,5.564293182708,4.810015313289
    ));
#899 = CARTESIAN_POINT('',(270.60161848107,5.652555376222,4.862726124231
    ));
#900 = CARTESIAN_POINT('',(270.36534490629,5.72892719331,4.909305675317)
  );
#901 = CARTESIAN_POINT('',(269.871438128,5.862012830762,4.991760296027)
  );
#902 = CARTESIAN_POINT('',(269.6134272693,5.917116309174,5.026737066419)
  );
#903 = CARTESIAN_POINT('',(269.35301040749,5.958526839623,5.053465163347
    ));
#904 = CARTESIAN_POINT('',(269.09098308103,5.986169516194,5.071454784517
    ));
#905 = CARTESIAN_POINT('',(268.82810797595,6.,5.080455542707));
#906 = CARTESIAN_POINT('',(268.30252955359,6.,5.080455542707));
#907 = CARTESIAN_POINT('',(268.04001287758,5.986207254604,5.071479344334
    ));
#908 = CARTESIAN_POINT('',(267.7783405249,5.958639914927,5.053538751829)
  );
#909 = CARTESIAN_POINT('',(267.51827225441,5.917342111867,5.026882809607
    ));
#910 = CARTESIAN_POINT('',(267.2606004611,5.862388436838,4.991998721357)
  );
#911 = CARTESIAN_POINT('',(266.76813999571,5.729882691572,4.909892363224
    ));
#912 = CARTESIAN_POINT('',(266.5329550086,5.654017441261,4.863611453726)
  );
#913 = CARTESIAN_POINT('',(266.30099996844,5.566374204415,4.811251389391
    ));
#914 = CARTESIAN_POINT('',(266.07271453419,5.466950641872,4.753427723334
    ));
#915 = CARTESIAN_POINT('',(265.84859785266,5.355715283563,4.690843034544
    ));
#916 = CARTESIAN_POINT('',(265.24484333477,5.016959473749,4.507644320265
    ));
#917 = CARTESIAN_POINT('',(264.87541239101,4.765131963185,4.378910384281
    ));
#918 = CARTESIAN_POINT('',(264.522133739,4.476046763979,4.241773667104)
  );
#919 = CARTESIAN_POINT('',(264.18756749574,4.147545103103,4.100287346375
    ));
#920 = CARTESIAN_POINT('',(263.87618798695,3.77689916228,3.959538033889)
  );
#921 = CARTESIAN_POINT('',(263.42675577238,3.112485279739,3.746282206202
    ));
#922 = CARTESIAN_POINT('',(263.26869975221,2.846502045239,3.668760941458
    ));
#923 = CARTESIAN_POINT('',(263.12336097354,2.563793208689,3.59542943583)
  );
#924 = CARTESIAN_POINT('',(262.9930390625,2.264555690639,3.528155916793)
  );
#925 = CARTESIAN_POINT('',(262.88020422798,1.949221157469,3.468918630471
    ));
#926 = CARTESIAN_POINT('',(262.71641656956,1.364551842962,3.381945102869
    ));
#927 = CARTESIAN_POINT('',(262.6571703495,1.101489761773,3.350083704838)
  );
#928 = CARTESIAN_POINT('',(262.61152736001,0.831342112054,3.325302605451
    ));
#929 = CARTESIAN_POINT('',(262.58063912936,0.556240602222,3.30845447629)
  );
#930 = CARTESIAN_POINT('',(262.56513925461,0.278386745394,3.3));
#931 = CARTESIAN_POINT('',(262.56513925461,1.102182119233E-15,3.3));
#932 = PCURVE('',#143,#933);
#933 = DEFINITIONAL_REPRESENTATION('',(#934),#992);
#934 = B_SPLINE_CURVE_WITH_KNOTS('',6,(#935,#936,#937,#938,#939,#940,
    #941,#942,#943,#944,#945,#946,#947,#948,#949,#950,#951,#952,#953,
    #954,#955,#956,#957,#958,#959,#960,#961,#962,#963,#964,#965,#966,
    #967,#968,#969,#970,#971,#972,#973,#974,#975,#976,#977,#978,#979,
    #980,#981,#982,#983,#984,#985,#986,#987,#988,#989,#990,#991),
  .UNSPECIFIED.,.F.,.F.,(7,5,5,5,5,5,5,5,5,5,5,7),(0.,0.111943727576,
    0.163457156853,0.233604557791,0.31703463293,0.405518336495,
    0.499773573629,0.593900127983,0.681961809007,0.83624537645,
    0.928869833792,1.),.UNSPECIFIED.);
#935 = CARTESIAN_POINT('',(0.,6.8));
#936 = CARTESIAN_POINT('',(7.343726577621E-02,6.8));
#937 = CARTESIAN_POINT('',(0.146208428628,6.821180282057));
#938 = CARTESIAN_POINT('',(0.217900594333,6.862817939234));
#939 = CARTESIAN_POINT('',(0.288071893529,6.922352603188));
#940 = CARTESIAN_POINT('',(0.356167632622,6.995535087771));
#941 = CARTESIAN_POINT('',(0.451396318809,7.114867398005));
#942 = CARTESIAN_POINT('',(0.48094730976,7.154470903308));
#943 = CARTESIAN_POINT('',(0.51006059967,7.19574750072));
#944 = CARTESIAN_POINT('',(0.538756205888,7.238391610335));
#945 = CARTESIAN_POINT('',(0.567052810052,7.282116691689));
#946 = CARTESIAN_POINT('',(0.632983273733,7.387308793715));
#947 = CARTESIAN_POINT('',(0.670301313923,7.449486869848));
#948 = CARTESIAN_POINT('',(0.706994178166,7.51256137835));
#949 = CARTESIAN_POINT('',(0.743126032474,7.575972394553));
#950 = CARTESIAN_POINT('',(0.778760155205,7.63922321696));
#951 = CARTESIAN_POINT('',(0.855835931558,7.776387300664));
#952 = CARTESIAN_POINT('',(0.897104994236,7.85006111444));
#953 = CARTESIAN_POINT('',(0.937862105472,7.922110570045));
#954 = CARTESIAN_POINT('',(0.978193117539,7.991833440726));
#955 = CARTESIAN_POINT('',(1.018181874025,8.058588638912));
#956 = CARTESIAN_POINT('',(1.100049334582,8.188788772707));
#957 = CARTESIAN_POINT('',(1.141901972816,8.251798346814));
#958 = CARTESIAN_POINT('',(1.183526457209,8.310015313289));
#959 = CARTESIAN_POINT('',(1.224977494647,8.362726124231));
#960 = CARTESIAN_POINT('',(1.266311953499,8.409305675317));
#961 = CARTESIAN_POINT('',(1.351565772661,8.491760296027));
#962 = CARTESIAN_POINT('',(1.395476082249,8.526737066419));
#963 = CARTESIAN_POINT('',(1.439332904448,8.553465163347));
#964 = CARTESIAN_POINT('',(1.483155694932,8.571454784517));
#965 = CARTESIAN_POINT('',(1.526968206571,8.580455542707));
#966 = CARTESIAN_POINT('',(1.614564610297,8.580455542707));
#967 = CARTESIAN_POINT('',(1.658317383807,8.571479344334));
#968 = CARTESIAN_POINT('',(1.702080391923,8.553538751829));
#969 = CARTESIAN_POINT('',(1.745877261561,8.526882809607));
#970 = CARTESIAN_POINT('',(1.789727346638,8.491998721357));
#971 = CARTESIAN_POINT('',(1.874723275054,8.409892363224));
#972 = CARTESIAN_POINT('',(1.915859858281,8.363611453726));
#973 = CARTESIAN_POINT('',(1.957111421987,8.311251389391));
#974 = CARTESIAN_POINT('',(1.998533879971,8.253427723334));
#975 = CARTESIAN_POINT('',(2.040180998792,8.190843034544));
#976 = CARTESIAN_POINT('',(2.155563817722,8.007644320265));
#977 = CARTESIAN_POINT('',(2.229798540431,7.878910384281));
#978 = CARTESIAN_POINT('',(2.305435787071,7.741773667104));
#979 = CARTESIAN_POINT('',(2.383075198708,7.600287346375));
#980 = CARTESIAN_POINT('',(2.463320127881,7.459538033889));
#981 = CARTESIAN_POINT('',(2.597010807645,7.246282206202));
#982 = CARTESIAN_POINT('',(2.648489196643,7.168760941458));
#983 = CARTESIAN_POINT('',(2.7013159507,7.09542943583));
#984 = CARTESIAN_POINT('',(2.755536649063,7.028155916793));
#985 = CARTESIAN_POINT('',(2.811217077824,6.968918630471));
#986 = CARTESIAN_POINT('',(2.912413339883,6.881945102869));
#987 = CARTESIAN_POINT('',(2.957295353877,6.850083704838));
#988 = CARTESIAN_POINT('',(3.002855830898,6.825302605451));
#989 = CARTESIAN_POINT('',(3.048885889751,6.80845447629));
#990 = CARTESIAN_POINT('',(3.095194862691,6.8));
#991 = CARTESIAN_POINT('',(3.14159265359,6.8));
#992 = ( GEOMETRIC_REPRESENTATION_CONTEXT(2) 
PARAMETRIC_REPRESENTATION_CONTEXT() REPRESENTATION_CONTEXT('2D SPACE',''
  ) );
#993 = PCURVE('',#116,#994);
#994 = DEFINITIONAL_REPRESENTATION('',(#995),#1053);
#995 = B_SPLINE_CURVE_WITH_KNOTS('',6,(#996,#997,#998,#999,#1000,#1001,
    #1002,#1003,#1004,#1005,#1006,#1007,#1008,#1009,#1010,#1011,#1012,
    #1013,#1014,#1015,#1016,#1017,#1018,#1019,#1020,#1021,#1022,#1023,
    #1024,#1025,#1026,#1027,#1028,#1029,#1030,#1031,#1032,#1033,#1034,
    #1035,#1036,#1037,#1038,#1039,#1040,#1041,#1042,#1043,#1044,#1045,
    #1046,#1047,#1048,#1049,#1050,#1051,#1052),.UNSPECIFIED.,.F.,.F.,(7,
    5,5,5,5,5,5,5,5,5,5,7),(0.,0.111943727576,0.163457156853,
    0.233604557791,0.31703463293,0.405518336495,0.499773573629,
    0.593900127983,0.681961809007,0.83624537645,0.928869833792,1.),
  .UNSPECIFIED.);
#996 = CARTESIAN_POINT('',(0.,190.56513925461));
#997 = CARTESIAN_POINT('',(4.005669042338E-02,190.56513925461));
#998 = CARTESIAN_POINT('',(7.975014118111E-02,190.52630900754));
#999 = CARTESIAN_POINT('',(0.118581337146,190.4499718981));
#1000 = CARTESIAN_POINT('',(0.156063280608,190.33950503213));
#1001 = CARTESIAN_POINT('',(0.191697314024,190.20033225332));
#1002 = CARTESIAN_POINT('',(0.240322046275,189.96662692278));
#1003 = CARTESIAN_POINT('',(0.255228206885,189.88818691034));
#1004 = CARTESIAN_POINT('',(0.269717267275,189.80536285939));
#1005 = CARTESIAN_POINT('',(0.283790085812,189.7185256223));
#1006 = CARTESIAN_POINT('',(0.297447872811,189.62801380997));
#1007 = CARTESIAN_POINT('',(0.328728063286,189.40629636015));
#1008 = CARTESIAN_POINT('',(0.346001865633,189.27218337952));
#1009 = CARTESIAN_POINT('',(0.362529544192,189.13247825561));
#1010 = CARTESIAN_POINT('',(0.378324195156,188.98774609175));
#1011 = CARTESIAN_POINT('',(0.393397323077,188.83843335308));
#1012 = CARTESIAN_POINT('',(0.424841888728,188.50222173685));
#1013 = CARTESIAN_POINT('',(0.440920874687,188.31353537429));
#1014 = CARTESIAN_POINT('',(0.456004240396,188.11945779625));
#1015 = CARTESIAN_POINT('',(0.470094337996,187.92048771352));
#1016 = CARTESIAN_POINT('',(0.48318760209,187.71700322424));
#1017 = CARTESIAN_POINT('',(0.508091999318,187.28900032096));
#1018 = CARTESIAN_POINT('',(0.5197793434,187.06392198545));
#1019 = CARTESIAN_POINT('',(0.530309455581,186.83462597121));
#1020 = CARTESIAN_POINT('',(0.539654628819,186.60161848107));
#1021 = CARTESIAN_POINT('',(0.54778675284,186.36534490629));
#1022 = CARTESIAN_POINT('',(0.562019340105,185.871438128));
#1023 = CARTESIAN_POINT('',(0.567952340411,185.6134272693));
#1024 = CARTESIAN_POINT('',(0.572432944632,185.35301040749));
#1025 = CARTESIAN_POINT('',(0.575431219956,185.09098308103));
#1026 = CARTESIAN_POINT('',(0.576931345236,184.82810797595));
#1027 = CARTESIAN_POINT('',(0.576931345236,184.30252955359));
#1028 = CARTESIAN_POINT('',(0.575435313248,184.04001287758));
#1029 = CARTESIAN_POINT('',(0.57244520942,183.7783405249));
#1030 = CARTESIAN_POINT('',(0.567976772189,183.51827225441));
#1031 = CARTESIAN_POINT('',(0.562059782196,183.2606004611));
#1032 = CARTESIAN_POINT('',(0.547888682933,182.76813999571));
#1033 = CARTESIAN_POINT('',(0.539810007808,182.5329550086));
#1034 = CARTESIAN_POINT('',(0.530529480598,182.30099996844));
#1035 = CARTESIAN_POINT('',(0.520074840366,182.07271453419));
#1036 = CARTESIAN_POINT('',(0.508473473454,181.84859785266));
#1037 = CARTESIAN_POINT('',(0.47346258169,181.24484333477));
#1038 = CARTESIAN_POINT('',(0.447758175601,180.87541239101));
#1039 = CARTESIAN_POINT('',(0.418691324442,180.522133739));
#1040 = CARTESIAN_POINT('',(0.386213512,180.18756749574));
#1041 = CARTESIAN_POINT('',(0.350220064428,179.87618798695));
#1042 = CARTESIAN_POINT('',(0.286783764932,179.42675577238));
#1043 = CARTESIAN_POINT('',(0.261606586212,179.26869975221));
#1044 = CARTESIAN_POINT('',(0.235073773687,179.12336097354));
#1045 = CARTESIAN_POINT('',(0.207216023392,178.9930390625));
#1046 = CARTESIAN_POINT('',(0.178068892177,178.88020422798));
#1047 = CARTESIAN_POINT('',(0.124332267716,178.71641656956));
#1048 = CARTESIAN_POINT('',(0.100251632537,178.6571703495));
#1049 = CARTESIAN_POINT('',(7.560571174042E-02,178.61152736001));
#1050 = CARTESIAN_POINT('',(5.056733281555E-02,178.58063912936));
#1051 = CARTESIAN_POINT('',(2.530788594492E-02,178.56513925461));
#1052 = CARTESIAN_POINT('',(0.,178.56513925461));
#1053 = ( GEOMETRIC_REPRESENTATION_CONTEXT(2) 
PARAMETRIC_REPRESENTATION_CONTEXT() REPRESENTATION_CONTEXT('2D SPACE',''
  ) );
#1054 = ORIENTED_EDGE('',*,*,#1055,.F.);
#1055 = EDGE_CURVE('',#659,#871,#1056,.T.);
#1056 = SURFACE_CURVE('',#1057,(#1061,#1068),.PCURVE_S1.);
#1057 = LINE('',#1058,#1059);
#1058 = CARTESIAN_POINT('',(274.56513925461,-1.469576158977E-15,-3.5));
#1059 = VECTOR('',#1060,1.);
#1060 = DIRECTION('',(0.,0.,1.));
#1061 = PCURVE('',#143,#1062);
#1062 = DEFINITIONAL_REPRESENTATION('',(#1063),#1067);
#1063 = LINE('',#1064,#1065);
#1064 = CARTESIAN_POINT('',(0.,-0.));
#1065 = VECTOR('',#1066,1.);
#1066 = DIRECTION('',(0.,1.));
#1067 = ( GEOMETRIC_REPRESENTATION_CONTEXT(2) 
PARAMETRIC_REPRESENTATION_CONTEXT() REPRESENTATION_CONTEXT('2D SPACE',''
  ) );
#1068 = PCURVE('',#697,#1069);
#1069 = DEFINITIONAL_REPRESENTATION('',(#1070),#1074);
#1070 = LINE('',#1071,#1072);
#1071 = CARTESIAN_POINT('',(496.5,774.56513925461));
#1072 = VECTOR('',#1073,1.);
#1073 = DIRECTION('',(1.,0.));
#1074 = ( GEOMETRIC_REPRESENTATION_CONTEXT(2) 
PARAMETRIC_REPRESENTATION_CONTEXT() REPRESENTATION_CONTEXT('2D SPACE',''
  ) );
#1075 = ORIENTED_EDGE('',*,*,#658,.T.);
#1076 = ORIENTED_EDGE('',*,*,#128,.T.);
#1077 = ADVANCED_FACE('',(#1078),#116,.F.);
#1078 = FACE_BOUND('',#1079,.F.);
#1079 = EDGE_LOOP('',(#1080,#1081,#1105,#1126,#1181,#1222,#1355,#1378,
    #1563,#1584));
#1080 = ORIENTED_EDGE('',*,*,#100,.F.);
#1081 = ORIENTED_EDGE('',*,*,#1082,.T.);
#1082 = EDGE_CURVE('',#75,#1083,#1085,.T.);
#1083 = VERTEX_POINT('',#1084);
#1084 = CARTESIAN_POINT('',(235.4,1.347111479062E-15,25.3));
#1085 = SURFACE_CURVE('',#1086,(#1091,#1098),.PCURVE_S1.);
#1086 = CIRCLE('',#1087,11.);
#1087 = AXIS2_PLACEMENT_3D('',#1088,#1089,#1090);
#1088 = CARTESIAN_POINT('',(235.4,0.,14.3));
#1089 = DIRECTION('',(1.,0.,2.22044604925E-16));
#1090 = DIRECTION('',(2.22044604925E-16,0.,-1.));
#1091 = PCURVE('',#116,#1092);
#1092 = DEFINITIONAL_REPRESENTATION('',(#1093),#1097);
#1093 = LINE('',#1094,#1095);
#1094 = CARTESIAN_POINT('',(0.,151.4));
#1095 = VECTOR('',#1096,1.);
#1096 = DIRECTION('',(1.,0.));
#1097 = ( GEOMETRIC_REPRESENTATION_CONTEXT(2) 
PARAMETRIC_REPRESENTATION_CONTEXT() REPRESENTATION_CONTEXT('2D SPACE',''
  ) );
#1098 = PCURVE('',#89,#1099);
#1099 = DEFINITIONAL_REPRESENTATION('',(#1100),#1104);
#1100 = CIRCLE('',#1101,11.);
#1101 = AXIS2_PLACEMENT_2D('',#1102,#1103);
#1102 = CARTESIAN_POINT('',(-1.7763568394E-15,0.));
#1103 = DIRECTION('',(1.,0.));
#1104 = ( GEOMETRIC_REPRESENTATION_CONTEXT(2) 
PARAMETRIC_REPRESENTATION_CONTEXT() REPRESENTATION_CONTEXT('2D SPACE',''
  ) );
#1105 = ORIENTED_EDGE('',*,*,#1106,.T.);
#1106 = EDGE_CURVE('',#1083,#1107,#1109,.T.);
#1107 = VERTEX_POINT('',#1108);
#1108 = CARTESIAN_POINT('',(319.9,1.347111479062E-15,25.3));
#1109 = SURFACE_CURVE('',#1110,(#1114,#1120),.PCURVE_S1.);
#1110 = LINE('',#1111,#1112);
#1111 = CARTESIAN_POINT('',(84.,0.,25.3));
#1112 = VECTOR('',#1113,1.);
#1113 = DIRECTION('',(1.,0.,2.22044604925E-16));
#1114 = PCURVE('',#116,#1115);
#1115 = DEFINITIONAL_REPRESENTATION('',(#1116),#1119);
#1116 = B_SPLINE_CURVE_WITH_KNOTS('',1,(#1117,#1118),.UNSPECIFIED.,.F.,
  .F.,(2,2),(151.3999994,246.9000006),.PIECEWISE_BEZIER_KNOTS.);
#1117 = CARTESIAN_POINT('',(3.14159265359,151.3999994));
#1118 = CARTESIAN_POINT('',(3.14159265359,246.9000006));
#1119 = ( GEOMETRIC_REPRESENTATION_CONTEXT(2) 
PARAMETRIC_REPRESENTATION_CONTEXT() REPRESENTATION_CONTEXT('2D SPACE',''
  ) );
#1120 = PCURVE('',#323,#1121);
#1121 = DEFINITIONAL_REPRESENTATION('',(#1122),#1125);
#1122 = B_SPLINE_CURVE_WITH_KNOTS('',1,(#1123,#1124),.UNSPECIFIED.,.F.,
  .F.,(2,2),(151.3999994,246.9000006),.PIECEWISE_BEZIER_KNOTS.);
#1123 = CARTESIAN_POINT('',(525.3,735.3999994));
#1124 = CARTESIAN_POINT('',(525.3,830.9000006));
#1125 = ( GEOMETRIC_REPRESENTATION_CONTEXT(2) 
PARAMETRIC_REPRESENTATION_CONTEXT() REPRESENTATION_CONTEXT('2D SPACE',''
  ) );
#1126 = ORIENTED_EDGE('',*,*,#1127,.F.);
#1127 = EDGE_CURVE('',#1128,#1107,#1130,.T.);
#1128 = VERTEX_POINT('',#1129);
#1129 = CARTESIAN_POINT('',(330.9,11.,14.3));
#1130 = SURFACE_CURVE('',#1131,(#1136,#1156),.PCURVE_S1.);
#1131 = ELLIPSE('',#1132,15.556349186104,11.);
#1132 = AXIS2_PLACEMENT_3D('',#1133,#1134,#1135);
#1133 = CARTESIAN_POINT('',(330.9,0.,14.3));
#1134 = DIRECTION('',(0.707106781187,0.,0.707106781187));
#1135 = DIRECTION('',(0.707106781187,0.,-0.707106781187));
#1136 = PCURVE('',#116,#1137);
#1137 = DEFINITIONAL_REPRESENTATION('',(#1138),#1155);
#1138 = B_SPLINE_CURVE_WITH_KNOTS('',8,(#1139,#1140,#1141,#1142,#1143,
    #1144,#1145,#1146,#1147,#1148,#1149,#1150,#1151,#1152,#1153,#1154),
  .UNSPECIFIED.,.F.,.F.,(9,7,9),(1.570796326795,3.14159265359,
    4.712388980385),.UNSPECIFIED.);
#1139 = CARTESIAN_POINT('',(1.570796326795,246.9));
#1140 = CARTESIAN_POINT('',(1.767145867644,244.74015505065));
#1141 = CARTESIAN_POINT('',(1.96349540849,242.58030958828));
#1142 = CARTESIAN_POINT('',(2.159844949341,240.54735412704));
#1143 = CARTESIAN_POINT('',(2.356194490172,238.76815374312));
#1144 = CARTESIAN_POINT('',(2.552544031039,237.35400149028));
#1145 = CARTESIAN_POINT('',(2.748893571889,236.38466853552));
#1146 = CARTESIAN_POINT('',(2.94524311274,235.9));
#1147 = CARTESIAN_POINT('',(3.337942194439,235.9));
#1148 = CARTESIAN_POINT('',(3.534291735282,236.38466853558));
#1149 = CARTESIAN_POINT('',(3.730641276155,237.35400149098));
#1150 = CARTESIAN_POINT('',(3.926990816966,238.76815374242));
#1151 = CARTESIAN_POINT('',(4.12334035785,240.54735412716));
#1152 = CARTESIAN_POINT('',(4.319689898678,242.58030958799));
#1153 = CARTESIAN_POINT('',(4.516039439535,244.74015505065));
#1154 = CARTESIAN_POINT('',(4.712388980385,246.9));
#1155 = ( GEOMETRIC_REPRESENTATION_CONTEXT(2) 
PARAMETRIC_REPRESENTATION_CONTEXT() REPRESENTATION_CONTEXT('2D SPACE',''
  ) );
#1156 = PCURVE('',#1157,#1162);
#1157 = CYLINDRICAL_SURFACE('',#1158,11.);
#1158 = AXIS2_PLACEMENT_3D('',#1159,#1160,#1161);
#1159 = CARTESIAN_POINT('',(330.9,0.,3.3));
#1160 = DIRECTION('',(0.,0.,1.));
#1161 = DIRECTION('',(1.,0.,-0.));
#1162 = DEFINITIONAL_REPRESENTATION('',(#1163),#1180);
#1163 = B_SPLINE_CURVE_WITH_KNOTS('',8,(#1164,#1165,#1166,#1167,#1168,
    #1169,#1170,#1171,#1172,#1173,#1174,#1175,#1176,#1177,#1178,#1179),
  .UNSPECIFIED.,.F.,.F.,(9,7,9),(1.570796326795,3.14159265359,
    4.712388980385),.UNSPECIFIED.);
#1164 = CARTESIAN_POINT('',(1.570796326795,11.));
#1165 = CARTESIAN_POINT('',(1.767145867644,13.159844949343));
#1166 = CARTESIAN_POINT('',(1.963495408495,15.319690411499));
#1167 = CARTESIAN_POINT('',(2.159844949331,17.352645873303));
#1168 = CARTESIAN_POINT('',(2.356194490201,19.13184625635));
#1169 = CARTESIAN_POINT('',(2.552544031028,20.545998509711));
#1170 = CARTESIAN_POINT('',(2.748893571894,21.515331464157));
#1171 = CARTESIAN_POINT('',(2.94524311274,22.));
#1172 = CARTESIAN_POINT('',(3.337942194439,22.));
#1173 = CARTESIAN_POINT('',(3.534291735285,21.515331464136));
#1174 = CARTESIAN_POINT('',(3.730641276145,20.545998509726));
#1175 = CARTESIAN_POINT('',(3.926990816984,19.131846256263));
#1176 = CARTESIAN_POINT('',(4.123340357841,17.352645873325));
#1177 = CARTESIAN_POINT('',(4.319689898684,15.319690411477));
#1178 = CARTESIAN_POINT('',(4.516039439535,13.159844949343));
#1179 = CARTESIAN_POINT('',(4.712388980385,11.));
#1180 = ( GEOMETRIC_REPRESENTATION_CONTEXT(2) 
PARAMETRIC_REPRESENTATION_CONTEXT() REPRESENTATION_CONTEXT('2D SPACE',''
  ) );
#1181 = ORIENTED_EDGE('',*,*,#1182,.F.);
#1182 = EDGE_CURVE('',#1183,#1128,#1185,.T.);
#1183 = VERTEX_POINT('',#1184);
#1184 = CARTESIAN_POINT('',(320.39833333333,3.273377036368,
    3.798333333333));
#1185 = SURFACE_CURVE('',#1186,(#1191,#1204),.PCURVE_S1.);
#1186 = ELLIPSE('',#1187,15.556349186104,11.);
#1187 = AXIS2_PLACEMENT_3D('',#1188,#1189,#1190);
#1188 = CARTESIAN_POINT('',(330.9,0.,14.3));
#1189 = DIRECTION('',(0.707106781187,0.,-0.707106781187));
#1190 = DIRECTION('',(0.707106781187,0.,0.707106781187));
#1191 = PCURVE('',#116,#1192);
#1192 = DEFINITIONAL_REPRESENTATION('',(#1193),#1203);
#1193 = B_SPLINE_CURVE_WITH_KNOTS('',8,(#1194,#1195,#1196,#1197,#1198,
    #1199,#1200,#1201,#1202),.UNSPECIFIED.,.F.,.F.,(9,9),(3.14159265359,
    4.712388980385),.PIECEWISE_BEZIER_KNOTS.);
#1194 = CARTESIAN_POINT('',(-8.881784197001E-16,235.9));
#1195 = CARTESIAN_POINT('',(0.196349540849,235.9));
#1196 = CARTESIAN_POINT('',(0.392699081698,236.38466853558));
#1197 = CARTESIAN_POINT('',(0.58904862255,237.35400149098));
#1198 = CARTESIAN_POINT('',(0.785398163393,238.76815374242));
#1199 = CARTESIAN_POINT('',(0.981747704247,240.54735412716));
#1200 = CARTESIAN_POINT('',(1.178097245096,242.58030958799));
#1201 = CARTESIAN_POINT('',(1.374446785946,244.74015505065));
#1202 = CARTESIAN_POINT('',(1.570796326795,246.9));
#1203 = ( GEOMETRIC_REPRESENTATION_CONTEXT(2) 
PARAMETRIC_REPRESENTATION_CONTEXT() REPRESENTATION_CONTEXT('2D SPACE',''
  ) );
#1204 = PCURVE('',#1205,#1210);
#1205 = CYLINDRICAL_SURFACE('',#1206,11.);
#1206 = AXIS2_PLACEMENT_3D('',#1207,#1208,#1209);
#1207 = CARTESIAN_POINT('',(330.9,0.,3.3));
#1208 = DIRECTION('',(0.,0.,1.));
#1209 = DIRECTION('',(1.,0.,-0.));
#1210 = DEFINITIONAL_REPRESENTATION('',(#1211),#1221);
#1211 = B_SPLINE_CURVE_WITH_KNOTS('',8,(#1212,#1213,#1214,#1215,#1216,
    #1217,#1218,#1219,#1220),.UNSPECIFIED.,.F.,.F.,(9,9),(3.14159265359,
    4.712388980385),.PIECEWISE_BEZIER_KNOTS.);
#1212 = CARTESIAN_POINT('',(3.14159265359,-2.6645352591E-14));
#1213 = CARTESIAN_POINT('',(2.94524311274,-2.786902114834E-14));
#1214 = CARTESIAN_POINT('',(2.74889357189,0.484668535852));
#1215 = CARTESIAN_POINT('',(2.552544031036,1.45400149025));
#1216 = CARTESIAN_POINT('',(2.356194490188,2.868153743664));
#1217 = CARTESIAN_POINT('',(2.15984494934,4.647354126666));
#1218 = CARTESIAN_POINT('',(1.963495408492,6.680309588501));
#1219 = CARTESIAN_POINT('',(1.767145867644,8.840155050657));
#1220 = CARTESIAN_POINT('',(1.570796326795,11.));
#1221 = ( GEOMETRIC_REPRESENTATION_CONTEXT(2) 
PARAMETRIC_REPRESENTATION_CONTEXT() REPRESENTATION_CONTEXT('2D SPACE',''
  ) );
#1222 = ORIENTED_EDGE('',*,*,#1223,.T.);
#1223 = EDGE_CURVE('',#1183,#1224,#1226,.T.);
#1224 = VERTEX_POINT('',#1225);
#1225 = CARTESIAN_POINT('',(315.3,-2.694222958124E-15,3.3));
#1226 = SURFACE_CURVE('',#1227,(#1266,#1308),.PCURVE_S1.);
#1227 = B_SPLINE_CURVE_WITH_KNOTS('',7,(#1228,#1229,#1230,#1231,#1232,
    #1233,#1234,#1235,#1236,#1237,#1238,#1239,#1240,#1241,#1242,#1243,
    #1244,#1245,#1246,#1247,#1248,#1249,#1250,#1251,#1252,#1253,#1254,
    #1255,#1256,#1257,#1258,#1259,#1260,#1261,#1262,#1263,#1264,#1265),
  .UNSPECIFIED.,.F.,.F.,(8,6,6,6,6,6,8),(0.,0.136888771819,0.31995425461
    ,0.499999995443,0.680045736276,0.863111222694,1.),.UNSPECIFIED.);
#1228 = CARTESIAN_POINT('',(322.5,-4.40872847693E-16,3.3));
#1229 = CARTESIAN_POINT('',(322.5,0.270106009754,3.3));
#1230 = CARTESIAN_POINT('',(322.4763562016,0.538021162931,3.30773758028)
  );
#1231 = CARTESIAN_POINT('',(322.42976026581,0.800302389491,
    3.322988458416));
#1232 = CARTESIAN_POINT('',(322.36172151585,1.05363136781,3.344968223792
    ));
#1233 = CARTESIAN_POINT('',(322.27455267429,1.294956864477,
    3.372399540725));
#1234 = CARTESIAN_POINT('',(322.17138549936,1.521633875389,3.40367865345
    ));
#1235 = CARTESIAN_POINT('',(321.90219710448,2.012299527842,
    3.481891656154));
#1236 = CARTESIAN_POINT('',(321.72495493012,2.26628391136,3.531057063015
    ));
#1237 = CARTESIAN_POINT('',(321.52957685766,2.493780304077,3.58185181224
    ));
#1238 = CARTESIAN_POINT('',(321.31993543595,2.695584660109,
    3.631971296475));
#1239 = CARTESIAN_POINT('',(321.09899108643,2.87266690892,3.679646237654
    ));
#1240 = CARTESIAN_POINT('',(320.86898216057,3.025961825952,
    3.723514602115));
#1241 = CARTESIAN_POINT('',(320.39805336094,3.284322212595,
    3.800899513181));
#1242 = CARTESIAN_POINT('',(320.15726716781,3.390201530224,
    3.834592804091));
#1243 = CARTESIAN_POINT('',(319.91104019116,3.474369578942,
    3.862556624838));
#1244 = CARTESIAN_POINT('',(319.66091003031,3.537230861702,3.88403107111
    ));
#1245 = CARTESIAN_POINT('',(319.40821117613,3.579063707796,
    3.898519606666));
#1246 = CARTESIAN_POINT('',(319.15417053757,3.6,3.905770831851));
#1247 = CARTESIAN_POINT('',(318.64582946242,3.6,3.905770831851));
#1248 = CARTESIAN_POINT('',(318.39178882386,3.579063707796,
    3.898519606666));
#1249 = CARTESIAN_POINT('',(318.13908996968,3.537230861702,3.88403107111
    ));
#1250 = CARTESIAN_POINT('',(317.88895980883,3.474369578942,
    3.862556624838));
#1251 = CARTESIAN_POINT('',(317.64273283218,3.390201530224,
    3.834592804091));
#1252 = CARTESIAN_POINT('',(317.40194663906,3.284322212595,
    3.800899513181));
#1253 = CARTESIAN_POINT('',(316.93101783472,3.025961823371,
    3.723514601342));
#1254 = CARTESIAN_POINT('',(316.70100892516,2.872666913921,3.67964623947
    ));
#1255 = CARTESIAN_POINT('',(316.48006455467,2.695584661185,
    3.631971295503));
#1256 = CARTESIAN_POINT('',(316.27042314085,2.493780291841,
    3.581851810841));
#1257 = CARTESIAN_POINT('',(316.07504507631,2.266283924982,3.53105706511
    ));
#1258 = CARTESIAN_POINT('',(315.89780289254,2.012299522416,
    3.481891655289));
#1259 = CARTESIAN_POINT('',(315.62861450052,1.521633875192,
    3.403678653419));
#1260 = CARTESIAN_POINT('',(315.52544732572,1.294956864457,
    3.372399540731));
#1261 = CARTESIAN_POINT('',(315.43827848421,1.053631367979,
    3.344968223815));
#1262 = CARTESIAN_POINT('',(315.37023973419,0.800302389661,
    3.322988458422));
#1263 = CARTESIAN_POINT('',(315.32364379835,0.538021162904,
    3.307737580267));
#1264 = CARTESIAN_POINT('',(315.3,0.270106009532,3.3));
#1265 = CARTESIAN_POINT('',(315.3,6.613092715396E-16,3.3));
#1266 = PCURVE('',#116,#1267);
#1267 = DEFINITIONAL_REPRESENTATION('',(#1268),#1307);
#1268 = B_SPLINE_CURVE_WITH_KNOTS('',7,(#1269,#1270,#1271,#1272,#1273,
    #1274,#1275,#1276,#1277,#1278,#1279,#1280,#1281,#1282,#1283,#1284,
    #1285,#1286,#1287,#1288,#1289,#1290,#1291,#1292,#1293,#1294,#1295,
    #1296,#1297,#1298,#1299,#1300,#1301,#1302,#1303,#1304,#1305,#1306),
  .UNSPECIFIED.,.F.,.F.,(8,6,6,6,6,6,8),(0.,0.136888771819,0.31995425461
    ,0.499999995443,0.680045736276,0.863111222694,1.),.UNSPECIFIED.);
#1269 = CARTESIAN_POINT('',(0.,238.5));
#1270 = CARTESIAN_POINT('',(2.455509179582E-02,238.5));
#1271 = CARTESIAN_POINT('',(4.89110403138E-02,238.4763562016));
#1272 = CARTESIAN_POINT('',(7.277887403479E-02,238.42976026581));
#1273 = CARTESIAN_POINT('',(9.58797266817E-02,238.36172151585));
#1274 = CARTESIAN_POINT('',(0.117949154608,238.27455267429));
#1275 = CARTESIAN_POINT('',(0.138746881202,238.17138549936));
#1276 = CARTESIAN_POINT('',(0.183915990105,237.90219710448));
#1277 = CARTESIAN_POINT('',(0.20742118646,237.72495493012));
#1278 = CARTESIAN_POINT('',(0.228599947137,237.52957685766));
#1279 = CARTESIAN_POINT('',(0.24749583785,237.31993543595));
#1280 = CARTESIAN_POINT('',(0.264163952584,237.09899108643));
#1281 = CARTESIAN_POINT('',(0.278658162296,236.86898216057));
#1282 = CARTESIAN_POINT('',(0.303176415548,236.39805336093));
#1283 = CARTESIAN_POINT('',(0.313275952365,236.15726716781));
#1284 = CARTESIAN_POINT('',(0.321338199734,235.91104019116));
#1285 = CARTESIAN_POINT('',(0.32737707341,235.66091003031));
#1286 = CARTESIAN_POINT('',(0.331401684298,235.40821117613));
#1287 = CARTESIAN_POINT('',(0.333415910209,235.15417053757));
#1288 = CARTESIAN_POINT('',(0.333415910209,234.64582946242));
#1289 = CARTESIAN_POINT('',(0.331401684298,234.39178882386));
#1290 = CARTESIAN_POINT('',(0.32737707341,234.13908996968));
#1291 = CARTESIAN_POINT('',(0.321338199734,233.88895980883));
#1292 = CARTESIAN_POINT('',(0.313275952365,233.64273283218));
#1293 = CARTESIAN_POINT('',(0.303176415548,233.40194663906));
#1294 = CARTESIAN_POINT('',(0.278658162051,232.93101783472));
#1295 = CARTESIAN_POINT('',(0.264163953064,232.70100892516));
#1296 = CARTESIAN_POINT('',(0.247495837926,232.48006455467));
#1297 = CARTESIAN_POINT('',(0.228599946021,232.27042314085));
#1298 = CARTESIAN_POINT('',(0.207421187712,232.07504507631));
#1299 = CARTESIAN_POINT('',(0.183915989606,231.89780289254));
#1300 = CARTESIAN_POINT('',(0.138746881184,231.62861450052));
#1301 = CARTESIAN_POINT('',(0.117949154606,231.52544732572));
#1302 = CARTESIAN_POINT('',(9.587972669714E-02,231.43827848421));
#1303 = CARTESIAN_POINT('',(7.277887405019E-02,231.37023973419));
#1304 = CARTESIAN_POINT('',(4.891104031132E-02,231.32364379835));
#1305 = CARTESIAN_POINT('',(2.455509177566E-02,231.3));
#1306 = CARTESIAN_POINT('',(0.,231.3));
#1307 = ( GEOMETRIC_REPRESENTATION_CONTEXT(2) 
PARAMETRIC_REPRESENTATION_CONTEXT() REPRESENTATION_CONTEXT('2D SPACE',''
  ) );
#1308 = PCURVE('',#1309,#1314);
#1309 = CYLINDRICAL_SURFACE('',#1310,3.6);
#1310 = AXIS2_PLACEMENT_3D('',#1311,#1312,#1313);
#1311 = CARTESIAN_POINT('',(318.9,0.,-3.5));
#1312 = DIRECTION('',(0.,0.,1.));
#1313 = DIRECTION('',(1.,0.,-0.));
#1314 = DEFINITIONAL_REPRESENTATION('',(#1315),#1354);
#1315 = B_SPLINE_CURVE_WITH_KNOTS('',7,(#1316,#1317,#1318,#1319,#1320,
    #1321,#1322,#1323,#1324,#1325,#1326,#1327,#1328,#1329,#1330,#1331,
    #1332,#1333,#1334,#1335,#1336,#1337,#1338,#1339,#1340,#1341,#1342,
    #1343,#1344,#1345,#1346,#1347,#1348,#1349,#1350,#1351,#1352,#1353),
  .UNSPECIFIED.,.F.,.F.,(8,6,6,6,6,6,8),(0.,0.136888771819,0.31995425461
    ,0.499999995443,0.680045736276,0.863111222694,1.),.UNSPECIFIED.);
#1316 = CARTESIAN_POINT('',(0.,6.8));
#1317 = CARTESIAN_POINT('',(7.502944715388E-02,6.8));
#1318 = CARTESIAN_POINT('',(0.149450257817,6.80773758028));
#1319 = CARTESIAN_POINT('',(0.222996303597,6.822988458416));
#1320 = CARTESIAN_POINT('',(0.2953841657,6.844968223792));
#1321 = CARTESIAN_POINT('',(0.366282603586,6.872399540725));
#1322 = CARTESIAN_POINT('',(0.435270339654,6.90367865345));
#1323 = CARTESIAN_POINT('',(0.590730423065,6.981891656154));
#1324 = CARTESIAN_POINT('',(0.67626558577,7.031057063015));
#1325 = CARTESIAN_POINT('',(0.758922168659,7.08185181224));
#1326 = CARTESIAN_POINT('',(0.839130858053,7.131971296475));
#1327 = CARTESIAN_POINT('',(0.917293723857,7.179646237654));
#1328 = CARTESIAN_POINT('',(0.993790364562,7.223514602115));
#1329 = CARTESIAN_POINT('',(1.142997120946,7.300899513181));
#1330 = CARTESIAN_POINT('',(1.215783500713,7.334592804091));
#1331 = CARTESIAN_POINT('',(1.287654843398,7.362556624838));
#1332 = CARTESIAN_POINT('',(1.358857960324,7.38403107111));
#1333 = CARTESIAN_POINT('',(1.429626399937,7.398519606666));
#1334 = CARTESIAN_POINT('',(1.500193399691,7.405770831851));
#1335 = CARTESIAN_POINT('',(1.641399253899,7.405770831851));
#1336 = CARTESIAN_POINT('',(1.711966253653,7.398519606666));
#1337 = CARTESIAN_POINT('',(1.782734693265,7.38403107111));
#1338 = CARTESIAN_POINT('',(1.853937810192,7.362556624838));
#1339 = CARTESIAN_POINT('',(1.925809152877,7.334592804091));
#1340 = CARTESIAN_POINT('',(1.998595532644,7.300899513181));
#1341 = CARTESIAN_POINT('',(2.147802290518,7.223514601342));
#1342 = CARTESIAN_POINT('',(2.224298926362,7.17964623947));
#1343 = CARTESIAN_POINT('',(2.302461797208,7.131971295503));
#1344 = CARTESIAN_POINT('',(2.382670487724,7.081851810841));
#1345 = CARTESIAN_POINT('',(2.465327063735,7.03105706511));
#1346 = CARTESIAN_POINT('',(2.550862232244,6.981891655289));
#1347 = CARTESIAN_POINT('',(2.706322313998,6.903678653419));
#1348 = CARTESIAN_POINT('',(2.775310050005,6.872399540731));
#1349 = CARTESIAN_POINT('',(2.846208487841,6.844968223815));
#1350 = CARTESIAN_POINT('',(2.918596349947,6.822988458422));
#1351 = CARTESIAN_POINT('',(2.99214239578,6.807737580267));
#1352 = CARTESIAN_POINT('',(3.066563206497,6.8));
#1353 = CARTESIAN_POINT('',(3.14159265359,6.8));
#1354 = ( GEOMETRIC_REPRESENTATION_CONTEXT(2) 
PARAMETRIC_REPRESENTATION_CONTEXT() REPRESENTATION_CONTEXT('2D SPACE',''
  ) );
#1355 = ORIENTED_EDGE('',*,*,#1356,.F.);
#1356 = EDGE_CURVE('',#1357,#1224,#1359,.T.);
#1357 = VERTEX_POINT('',#1358);
#1358 = CARTESIAN_POINT('',(297.03399836738,-2.112515728529E-15,3.3));
#1359 = SURFACE_CURVE('',#1360,(#1364,#1371),.PCURVE_S1.);
#1360 = LINE('',#1361,#1362);
#1361 = CARTESIAN_POINT('',(84.,-2.694222958124E-15,3.3));
#1362 = VECTOR('',#1363,1.);
#1363 = DIRECTION('',(1.,0.,2.22044604925E-16));
#1364 = PCURVE('',#116,#1365);
#1365 = DEFINITIONAL_REPRESENTATION('',(#1366),#1370);
#1366 = LINE('',#1367,#1368);
#1367 = CARTESIAN_POINT('',(0.,-0.));
#1368 = VECTOR('',#1369,1.);
#1369 = DIRECTION('',(0.,1.));
#1370 = ( GEOMETRIC_REPRESENTATION_CONTEXT(2) 
PARAMETRIC_REPRESENTATION_CONTEXT() REPRESENTATION_CONTEXT('2D SPACE',''
  ) );
#1371 = PCURVE('',#752,#1372);
#1372 = DEFINITIONAL_REPRESENTATION('',(#1373),#1377);
#1373 = LINE('',#1374,#1375);
#1374 = CARTESIAN_POINT('',(503.3,584.));
#1375 = VECTOR('',#1376,1.);
#1376 = DIRECTION('',(2.22044604925E-16,1.));
#1377 = ( GEOMETRIC_REPRESENTATION_CONTEXT(2) 
PARAMETRIC_REPRESENTATION_CONTEXT() REPRESENTATION_CONTEXT('2D SPACE',''
  ) );
#1378 = ORIENTED_EDGE('',*,*,#1379,.T.);
#1379 = EDGE_CURVE('',#1357,#1380,#1382,.T.);
#1380 = VERTEX_POINT('',#1381);
#1381 = CARTESIAN_POINT('',(284.53399836738,-2.694222958124E-15,3.3));
#1382 = SURFACE_CURVE('',#1383,(#1441,#1502),.PCURVE_S1.);
#1383 = B_SPLINE_CURVE_WITH_KNOTS('',6,(#1384,#1385,#1386,#1387,#1388,
    #1389,#1390,#1391,#1392,#1393,#1394,#1395,#1396,#1397,#1398,#1399,
    #1400,#1401,#1402,#1403,#1404,#1405,#1406,#1407,#1408,#1409,#1410,
    #1411,#1412,#1413,#1414,#1415,#1416,#1417,#1418,#1419,#1420,#1421,
    #1422,#1423,#1424,#1425,#1426,#1427,#1428,#1429,#1430,#1431,#1432,
    #1433,#1434,#1435,#1436,#1437,#1438,#1439,#1440),.UNSPECIFIED.,.F.,
  .F.,(7,5,5,5,5,5,5,5,5,5,5,7),(0.,0.109884463951,0.161757862537,
    0.200236131084,0.308811637433,0.401773192758,0.499924947069,
    0.597546653091,0.689994862336,0.838084151482,0.890420788115,1.),
  .UNSPECIFIED.);
#1384 = CARTESIAN_POINT('',(297.03399836738,-7.654042494671E-16,3.3));
#1385 = CARTESIAN_POINT('',(297.03399836738,0.451723798148,3.3));
#1386 = CARTESIAN_POINT('',(296.99481948852,0.899311725341,
    3.322260932071));
#1387 = CARTESIAN_POINT('',(296.91780971326,1.335976611365,
    3.366015452465));
#1388 = CARTESIAN_POINT('',(296.80636734319,1.755152840426,
    3.428629102002));
#1389 = CARTESIAN_POINT('',(296.66593768503,2.150842334434,
    3.505739645424));
#1390 = CARTESIAN_POINT('',(296.42810330054,2.691174735428,
    3.632794952922));
#1391 = CARTESIAN_POINT('',(296.34674241599,2.858935713772,
    3.675793554686));
#1392 = CARTESIAN_POINT('',(296.26072973626,3.021196460743,
    3.720686616215));
#1393 = CARTESIAN_POINT('',(296.17046703652,3.177990793984,
    3.767134843063));
#1394 = CARTESIAN_POINT('',(296.07631967732,3.329370313918,
    3.814820746932));
#1395 = CARTESIAN_POINT('',(295.90614464287,3.583727650685,
    3.899522541894));
#1396 = CARTESIAN_POINT('',(295.83170328452,3.689128494144,
    3.936120118766));
#1397 = CARTESIAN_POINT('',(295.7554142161,3.791651374014,3.973129849368
    ));
#1398 = CARTESIAN_POINT('',(295.67738496835,3.891342964403,
    4.010445775092));
#1399 = CARTESIAN_POINT('',(295.59770978071,3.988251687086,
    4.047969257142));
#1400 = CARTESIAN_POINT('',(295.28723128211,4.348167567347,
    4.191818318727));
#1401 = CARTESIAN_POINT('',(295.04542660903,4.592270628608,
    4.299001466645));
#1402 = CARTESIAN_POINT('',(294.79298240815,4.815664202818,
    4.405041561323));
#1403 = CARTESIAN_POINT('',(294.5312215749,5.019215831103,4.508159389437
    ));
#1404 = CARTESIAN_POINT('',(294.26100518181,5.203627311633,
    4.606790627262));
#1405 = CARTESIAN_POINT('',(293.74474120218,5.511201061029,
    4.778808565598));
#1406 = CARTESIAN_POINT('',(293.50080616532,5.639358335009,4.85378611566
    ));
#1407 = CARTESIAN_POINT('',(293.25174430709,5.753868834437,
    4.923360440705));
#1408 = CARTESIAN_POINT('',(292.99814432136,5.854774797659,
    4.986580093724));
#1409 = CARTESIAN_POINT('',(292.74051085272,5.942072656808,
    5.042597274611));
#1410 = CARTESIAN_POINT('',(292.20343661284,6.093424271076,5.14146295021
    ));
#1411 = CARTESIAN_POINT('',(291.92357402614,6.155909613053,
    5.183402769386));
#1412 = CARTESIAN_POINT('',(291.64074160664,6.202904647656,
    5.215549027261));
#1413 = CARTESIAN_POINT('',(291.35591804924,6.234291512422,
    5.237220422147));
#1414 = CARTESIAN_POINT('',(291.07003208761,6.25,5.248066504884));
#1415 = CARTESIAN_POINT('',(290.49950931322,6.25,5.248066504884));
#1416 = CARTESIAN_POINT('',(290.21516428094,6.234460713832,
    5.237337248855));
#1417 = CARTESIAN_POINT('',(289.93186456487,6.203411334771,
    5.215898875024));
#1418 = CARTESIAN_POINT('',(289.65052513989,6.156920775005,
    5.184094466635));
#1419 = CARTESIAN_POINT('',(289.37210967159,6.095104972173,
    5.142591219359));
#1420 = CARTESIAN_POINT('',(288.83776238813,5.945377859258,
    5.044728451846));
#1421 = CARTESIAN_POINT('',(288.58141561037,5.859022114949,
    4.989271988793));
#1422 = CARTESIAN_POINT('',(288.32904188648,5.759205485321,
    4.926668852425));
#1423 = CARTESIAN_POINT('',(288.08113927921,5.645933490395,
    4.857751107554));
#1424 = CARTESIAN_POINT('',(287.83828756071,5.519167719499,
    4.783453060577));
#1425 = CARTESIAN_POINT('',(287.2212888991,5.154068352994,4.578787045781
    ));
#1426 = CARTESIAN_POINT('',(286.85640369561,4.89469007966,4.441689149389
    ));
#1427 = CARTESIAN_POINT('',(286.50751138401,4.599562116125,
    4.297164251595));
#1428 = CARTESIAN_POINT('',(286.17693273953,4.266530670346,
    4.149145378822));
#1429 = CARTESIAN_POINT('',(285.86881727288,3.892912891579,
    4.002523496646));
#1430 = CARTESIAN_POINT('',(285.4914647776,3.329109896984,3.814719495465
    ));
#1431 = CARTESIAN_POINT('',(285.39654006186,3.176449227218,
    3.766636692975));
#1432 = CARTESIAN_POINT('',(285.30556627499,3.018282079155,
    3.719813378654));
#1433 = CARTESIAN_POINT('',(285.21891866367,2.854556386322,
    3.674575442319));
#1434 = CARTESIAN_POINT('',(285.13700993937,2.685238551591,
    3.631271225346));
#1435 = CARTESIAN_POINT('',(284.89966220688,2.144067626122,
    3.504423127577));
#1436 = CARTESIAN_POINT('',(284.76010635962,1.749416296821,3.42777353331
    ));
#1437 = CARTESIAN_POINT('',(284.64939260535,1.331481602343,
    3.365564088276));
#1438 = CARTESIAN_POINT('',(284.57290473076,0.896220942202,
    3.322106092808));
#1439 = CARTESIAN_POINT('',(284.53399836738,0.450150077087,3.3));
#1440 = CARTESIAN_POINT('',(284.53399836738,1.148106374201E-15,3.3));
#1441 = PCURVE('',#116,#1442);
#1442 = DEFINITIONAL_REPRESENTATION('',(#1443),#1501);
#1443 = B_SPLINE_CURVE_WITH_KNOTS('',6,(#1444,#1445,#1446,#1447,#1448,
    #1449,#1450,#1451,#1452,#1453,#1454,#1455,#1456,#1457,#1458,#1459,
    #1460,#1461,#1462,#1463,#1464,#1465,#1466,#1467,#1468,#1469,#1470,
    #1471,#1472,#1473,#1474,#1475,#1476,#1477,#1478,#1479,#1480,#1481,
    #1482,#1483,#1484,#1485,#1486,#1487,#1488,#1489,#1490,#1491,#1492,
    #1493,#1494,#1495,#1496,#1497,#1498,#1499,#1500),.UNSPECIFIED.,.F.,
  .F.,(7,5,5,5,5,5,5,5,5,5,5,7),(0.,0.109884463951,0.161757862537,
    0.200236131084,0.308811637433,0.401773192758,0.499924947069,
    0.597546653091,0.689994862336,0.838084151482,0.890420788115,1.),
  .UNSPECIFIED.);
#1444 = CARTESIAN_POINT('',(0.,213.03399836738));
#1445 = CARTESIAN_POINT('',(4.106579983161E-02,213.03399836738));
#1446 = CARTESIAN_POINT('',(8.175567822828E-02,212.99481948852));
#1447 = CARTESIAN_POINT('',(0.121576817679,212.91780971326));
#1448 = CARTESIAN_POINT('',(0.160047169248,212.80636734319));
#1449 = CARTESIAN_POINT('',(0.196668544575,212.66593768503));
#1450 = CARTESIAN_POINT('',(0.247129408612,212.42810330054));
#1451 = CARTESIAN_POINT('',(0.26287025398,212.34674241599));
#1452 = CARTESIAN_POINT('',(0.278171401405,212.26072973626));
#1453 = CARTESIAN_POINT('',(0.29303433555,212.17046703652));
#1454 = CARTESIAN_POINT('',(0.307460844534,212.07631967732));
#1455 = CARTESIAN_POINT('',(0.331832628931,211.90614464287));
#1456 = CARTESIAN_POINT('',(0.341974895732,211.83170328452));
#1457 = CARTESIAN_POINT('',(0.351882751741,211.7554142161));
#1458 = CARTESIAN_POINT('',(0.361558763836,211.67738496835));
#1459 = CARTESIAN_POINT('',(0.371005476495,211.59770978071));
#1460 = CARTESIAN_POINT('',(0.406241632956,211.28723128211));
#1461 = CARTESIAN_POINT('',(0.430464303656,211.04542660903));
#1462 = CARTESIAN_POINT('',(0.452931510513,210.79298240815));
#1463 = CARTESIAN_POINT('',(0.473667268642,210.5312215749));
#1464 = CARTESIAN_POINT('',(0.492675717329,210.26100518181));
#1465 = CARTESIAN_POINT('',(0.524712857763,209.74474120218));
#1466 = CARTESIAN_POINT('',(0.538208381008,209.50080616532));
#1467 = CARTESIAN_POINT('',(0.550387150574,209.25174430709));
#1468 = CARTESIAN_POINT('',(0.561211103556,208.99814432136));
#1469 = CARTESIAN_POINT('',(0.570640315256,208.74051085272));
#1470 = CARTESIAN_POINT('',(0.587074942314,208.20343661284));
#1471 = CARTESIAN_POINT('',(0.59391579991,207.92357402614));
#1472 = CARTESIAN_POINT('',(0.599091888633,207.64074160664));
#1473 = CARTESIAN_POINT('',(0.602559321637,207.35591804924));
#1474 = CARTESIAN_POINT('',(0.604294692793,207.07003208761));
#1475 = CARTESIAN_POINT('',(0.604294692793,206.49950931322));
#1476 = CARTESIAN_POINT('',(0.602578013829,206.21516428094));
#1477 = CARTESIAN_POINT('',(0.599147864579,205.93186456487));
#1478 = CARTESIAN_POINT('',(0.594027171715,205.65052513989));
#1479 = CARTESIAN_POINT('',(0.587258954385,205.37210967159));
#1480 = CARTESIAN_POINT('',(0.570997828605,204.83776238813));
#1481 = CARTESIAN_POINT('',(0.561668218048,204.58141561037));
#1482 = CARTESIAN_POINT('',(0.550957909356,204.32904188648));
#1483 = CARTESIAN_POINT('',(0.538906288582,204.08113927921));
#1484 = CARTESIAN_POINT('',(0.525551063619,203.83828756071));
#1485 = CARTESIAN_POINT('',(0.487500887412,203.2212888991));
#1486 = CARTESIAN_POINT('',(0.460837912295,202.85640369561));
#1487 = CARTESIAN_POINT('',(0.430986872592,202.50751138401));
#1488 = CARTESIAN_POINT('',(0.39789604031,202.17693273953));
#1489 = CARTESIAN_POINT('',(0.361459050781,201.86881727288));
#1490 = CARTESIAN_POINT('',(0.307435474693,201.4914647776));
#1491 = CARTESIAN_POINT('',(0.292887084742,201.39654006186));
#1492 = CARTESIAN_POINT('',(0.277894891461,201.30556627499));
#1493 = CARTESIAN_POINT('',(0.262457136929,201.21891866367));
#1494 = CARTESIAN_POINT('',(0.24657238001,201.13700993937));
#1495 = CARTESIAN_POINT('',(0.196041609539,200.89966220688));
#1496 = CARTESIAN_POINT('',(0.159520698741,200.76010635962));
#1497 = CARTESIAN_POINT('',(0.121166883761,200.64939260535));
#1498 = CARTESIAN_POINT('',(8.14746978923E-02,200.57290473076));
#1499 = CARTESIAN_POINT('',(4.092273428062E-02,200.53399836738));
#1500 = CARTESIAN_POINT('',(0.,200.53399836738));
#1501 = ( GEOMETRIC_REPRESENTATION_CONTEXT(2) 
PARAMETRIC_REPRESENTATION_CONTEXT() REPRESENTATION_CONTEXT('2D SPACE',''
  ) );
#1502 = PCURVE('',#725,#1503);
#1503 = DEFINITIONAL_REPRESENTATION('',(#1504),#1562);
#1504 = B_SPLINE_CURVE_WITH_KNOTS('',6,(#1505,#1506,#1507,#1508,#1509,
    #1510,#1511,#1512,#1513,#1514,#1515,#1516,#1517,#1518,#1519,#1520,
    #1521,#1522,#1523,#1524,#1525,#1526,#1527,#1528,#1529,#1530,#1531,
    #1532,#1533,#1534,#1535,#1536,#1537,#1538,#1539,#1540,#1541,#1542,
    #1543,#1544,#1545,#1546,#1547,#1548,#1549,#1550,#1551,#1552,#1553,
    #1554,#1555,#1556,#1557,#1558,#1559,#1560,#1561),.UNSPECIFIED.,.F.,
  .F.,(7,5,5,5,5,5,5,5,5,5,5,7),(0.,0.109884463951,0.161757862537,
    0.200236131084,0.308811637433,0.401773192758,0.499924947069,
    0.597546653091,0.689994862336,0.838084151482,0.890420788115,1.),
  .UNSPECIFIED.);
#1505 = CARTESIAN_POINT('',(0.,6.8));
#1506 = CARTESIAN_POINT('',(7.227580770363E-02,6.8));
#1507 = CARTESIAN_POINT('',(0.143889835099,6.822260932071));
#1508 = CARTESIAN_POINT('',(0.214436056809,6.866015452465));
#1509 = CARTESIAN_POINT('',(0.28347994329,6.928629102002));
#1510 = CARTESIAN_POINT('',(0.350477150961,7.005739645424));
#1511 = CARTESIAN_POINT('',(0.444934665374,7.132794952922));
#1512 = CARTESIAN_POINT('',(0.474746235166,7.175793554686));
#1513 = CARTESIAN_POINT('',(0.504102182925,7.220686616215));
#1514 = CARTESIAN_POINT('',(0.533023764843,7.267134843063));
#1515 = CARTESIAN_POINT('',(0.561530867332,7.314820746932));
#1516 = CARTESIAN_POINT('',(0.610496408748,7.399522541894));
#1517 = CARTESIAN_POINT('',(0.631135990681,7.436120118766));
#1518 = CARTESIAN_POINT('',(0.651573431603,7.473129849368));
#1519 = CARTESIAN_POINT('',(0.671820163599,7.510445775092));
#1520 = CARTESIAN_POINT('',(0.691887708064,7.547969257142));
#1521 = CARTESIAN_POINT('',(0.767940126022,7.691818318727));
#1522 = CARTESIAN_POINT('',(0.822784843184,7.799001466645));
#1523 = CARTESIAN_POINT('',(0.876550094671,7.905041561323));
#1524 = CARTESIAN_POINT('',(0.929450245212,8.008159389437));
#1525 = CARTESIAN_POINT('',(0.98169424687,8.106790627262));
#1526 = CARTESIAN_POINT('',(1.077844809866,8.278808565598));
#1527 = CARTESIAN_POINT('',(1.121869792072,8.35378611566));
#1528 = CARTESIAN_POINT('',(1.16563901873,8.423360440705));
#1529 = CARTESIAN_POINT('',(1.20922043281,8.486580093724));
#1530 = CARTESIAN_POINT('',(1.252685078836,8.542597274611));
#1531 = CARTESIAN_POINT('',(1.341963939085,8.64146295021));
#1532 = CARTESIAN_POINT('',(1.387775050373,8.683402769386));
#1533 = CARTESIAN_POINT('',(1.433544831464,8.715549027261));
#1534 = CARTESIAN_POINT('',(1.479289188096,8.737220422147));
#1535 = CARTESIAN_POINT('',(1.525030931558,8.748066504884));
#1536 = CARTESIAN_POINT('',(1.616314575461,8.748066504884));
#1537 = CARTESIAN_POINT('',(1.661809770579,8.737337248855));
#1538 = CARTESIAN_POINT('',(1.707307530726,8.715898875025));
#1539 = CARTESIAN_POINT('',(1.752830128262,8.684094466635));
#1540 = CARTESIAN_POINT('',(1.798393079327,8.642591219359));
#1541 = CARTESIAN_POINT('',(1.88718157987,8.544728451846));
#1542 = CARTESIAN_POINT('',(1.930403911945,8.489271988793));
#1543 = CARTESIAN_POINT('',(1.973740150653,8.426668852425));
#1544 = CARTESIAN_POINT('',(2.017259745501,8.357751107554));
#1545 = CARTESIAN_POINT('',(2.061029019102,8.283453060577));
#1546 = CARTESIAN_POINT('',(2.175737402988,8.078787045781));
#1547 = CARTESIAN_POINT('',(2.247116142328,7.941689149389));
#1548 = CARTESIAN_POINT('',(2.3198382138,7.797164251595));
#1549 = CARTESIAN_POINT('',(2.394466999136,7.649145378822));
#1550 = CARTESIAN_POINT('',(2.471566332283,7.502523496646));
#1551 = CARTESIAN_POINT('',(2.580115304152,7.314719495465));
#1552 = CARTESIAN_POINT('',(2.608861765785,7.266636692975));
#1553 = CARTESIAN_POINT('',(2.638029821526,7.219813378654));
#1554 = CARTESIAN_POINT('',(2.667639718471,7.174575442319));
#1555 = CARTESIAN_POINT('',(2.697713130869,7.131271225346));
#1556 = CARTESIAN_POINT('',(2.792262154487,7.004423127577));
#1557 = CARTESIAN_POINT('',(2.859057579869,6.92777353331));
#1558 = CARTESIAN_POINT('',(2.927882877926,6.865564088276));
#1559 = CARTESIAN_POINT('',(2.998197343769,6.822106092808));
#1560 = CARTESIAN_POINT('',(3.069568641256,6.8));
#1561 = CARTESIAN_POINT('',(3.14159265359,6.8));
#1562 = ( GEOMETRIC_REPRESENTATION_CONTEXT(2) 
PARAMETRIC_REPRESENTATION_CONTEXT() REPRESENTATION_CONTEXT('2D SPACE',''
  ) );
#1563 = ORIENTED_EDGE('',*,*,#1564,.F.);
#1564 = EDGE_CURVE('',#871,#1380,#1565,.T.);
#1565 = SURFACE_CURVE('',#1566,(#1570,#1577),.PCURVE_S1.);
#1566 = LINE('',#1567,#1568);
#1567 = CARTESIAN_POINT('',(84.,-2.694222958124E-15,3.3));
#1568 = VECTOR('',#1569,1.);
#1569 = DIRECTION('',(1.,0.,2.22044604925E-16));
#1570 = PCURVE('',#116,#1571);
#1571 = DEFINITIONAL_REPRESENTATION('',(#1572),#1576);
#1572 = LINE('',#1573,#1574);
#1573 = CARTESIAN_POINT('',(0.,-0.));
#1574 = VECTOR('',#1575,1.);
#1575 = DIRECTION('',(0.,1.));
#1576 = ( GEOMETRIC_REPRESENTATION_CONTEXT(2) 
PARAMETRIC_REPRESENTATION_CONTEXT() REPRESENTATION_CONTEXT('2D SPACE',''
  ) );
#1577 = PCURVE('',#697,#1578);
#1578 = DEFINITIONAL_REPRESENTATION('',(#1579),#1583);
#1579 = LINE('',#1580,#1581);
#1580 = CARTESIAN_POINT('',(503.3,584.));
#1581 = VECTOR('',#1582,1.);
#1582 = DIRECTION('',(2.22044604925E-16,1.));
#1583 = ( GEOMETRIC_REPRESENTATION_CONTEXT(2) 
PARAMETRIC_REPRESENTATION_CONTEXT() REPRESENTATION_CONTEXT('2D SPACE',''
  ) );
#1584 = ORIENTED_EDGE('',*,*,#870,.T.);
#1585 = ADVANCED_FACE('',(#1586),#89,.F.);
#1586 = FACE_BOUND('',#1587,.F.);
#1587 = EDGE_LOOP('',(#1588,#1589,#1590,#1609));
#1588 = ORIENTED_EDGE('',*,*,#74,.T.);
#1589 = ORIENTED_EDGE('',*,*,#259,.T.);
#1590 = ORIENTED_EDGE('',*,*,#1591,.T.);
#1591 = EDGE_CURVE('',#260,#1083,#1592,.T.);
#1592 = SURFACE_CURVE('',#1593,(#1597,#1603),.PCURVE_S1.);
#1593 = LINE('',#1594,#1595);
#1594 = CARTESIAN_POINT('',(235.4,0.,-242.85));
#1595 = VECTOR('',#1596,1.);
#1596 = DIRECTION('',(2.22044604925E-16,0.,-1.));
#1597 = PCURVE('',#89,#1598);
#1598 = DEFINITIONAL_REPRESENTATION('',(#1599),#1602);
#1599 = B_SPLINE_CURVE_WITH_KNOTS('',1,(#1600,#1601),.UNSPECIFIED.,.F.,
  .F.,(2,2),(-270.25,-244.05),.PIECEWISE_BEZIER_KNOTS.);
#1600 = CARTESIAN_POINT('',(-13.1,0.));
#1601 = CARTESIAN_POINT('',(13.1,0.));
#1602 = ( GEOMETRIC_REPRESENTATION_CONTEXT(2) 
PARAMETRIC_REPRESENTATION_CONTEXT() REPRESENTATION_CONTEXT('2D SPACE',''
  ) );
#1603 = PCURVE('',#323,#1604);
#1604 = DEFINITIONAL_REPRESENTATION('',(#1605),#1608);
#1605 = B_SPLINE_CURVE_WITH_KNOTS('',1,(#1606,#1607),.UNSPECIFIED.,.F.,
  .F.,(2,2),(-270.25,-244.05),.PIECEWISE_BEZIER_KNOTS.);
#1606 = CARTESIAN_POINT('',(527.4,735.4));
#1607 = CARTESIAN_POINT('',(501.2,735.4));
#1608 = ( GEOMETRIC_REPRESENTATION_CONTEXT(2) 
PARAMETRIC_REPRESENTATION_CONTEXT() REPRESENTATION_CONTEXT('2D SPACE',''
  ) );
#1609 = ORIENTED_EDGE('',*,*,#1082,.F.);
#1610 = ADVANCED_FACE('',(#1611),#323,.F.);
#1611 = FACE_BOUND('',#1612,.F.);
#1612 = EDGE_LOOP('',(#1613,#1641,#1667,#1695,#1714,#1715,#1716,#1717,
    #1739,#1740,#1741,#1762,#1788,#1814,#1840,#1866,#1892));
#1613 = ORIENTED_EDGE('',*,*,#1614,.F.);
#1614 = EDGE_CURVE('',#1615,#1617,#1619,.T.);
#1615 = VERTEX_POINT('',#1616);
#1616 = CARTESIAN_POINT('',(265.13403699601,0.,29.3));
#1617 = VERTEX_POINT('',#1618);
#1618 = CARTESIAN_POINT('',(246.52673536822,0.,47.907301627792));
#1619 = SURFACE_CURVE('',#1620,(#1624,#1630),.PCURVE_S1.);
#1620 = LINE('',#1621,#1622);
#1621 = CARTESIAN_POINT('',(24.747007043425,0.,269.68702995258));
#1622 = VECTOR('',#1623,1.);
#1623 = DIRECTION('',(-0.707106781187,-0.,0.707106781187));
#1624 = PCURVE('',#323,#1625);
#1625 = DEFINITIONAL_REPRESENTATION('',(#1626),#1629);
#1626 = B_SPLINE_CURVE_WITH_KNOTS('',1,(#1627,#1628),.UNSPECIFIED.,.F.,
  .F.,(2,2),(-339.9585979775,-313.6438996563),.PIECEWISE_BEZIER_KNOTS.);
#1627 = CARTESIAN_POINT('',(529.3,765.13403699601));
#1628 = CARTESIAN_POINT('',(547.90730162779,746.52673536822));
#1629 = ( GEOMETRIC_REPRESENTATION_CONTEXT(2) 
PARAMETRIC_REPRESENTATION_CONTEXT() REPRESENTATION_CONTEXT('2D SPACE',''
  ) );
#1630 = PCURVE('',#1631,#1636);
#1631 = PLANE('',#1632);
#1632 = AXIS2_PLACEMENT_3D('',#1633,#1634,#1635);
#1633 = CARTESIAN_POINT('',(-97.72300441115,-500.,392.15704140717));
#1634 = DIRECTION('',(-0.707106781187,0.,-0.707106781187));
#1635 = DIRECTION('',(0.707106781187,0.,-0.707106781187));
#1636 = DEFINITIONAL_REPRESENTATION('',(#1637),#1640);
#1637 = B_SPLINE_CURVE_WITH_KNOTS('',1,(#1638,#1639),.UNSPECIFIED.,.F.,
  .F.,(2,2),(-339.9585979775,-313.6438996563),.PIECEWISE_BEZIER_KNOTS.);
#1638 = CARTESIAN_POINT('',(513.15734916059,-500.));
#1639 = CARTESIAN_POINT('',(486.8426508394,-500.));
#1640 = ( GEOMETRIC_REPRESENTATION_CONTEXT(2) 
PARAMETRIC_REPRESENTATION_CONTEXT() REPRESENTATION_CONTEXT('2D SPACE',''
  ) );
#1641 = ORIENTED_EDGE('',*,*,#1642,.T.);
#1642 = EDGE_CURVE('',#1615,#1643,#1645,.T.);
#1643 = VERTEX_POINT('',#1644);
#1644 = CARTESIAN_POINT('',(268.52673536822,-2.694222958124E-15,29.3));
#1645 = SURFACE_CURVE('',#1646,(#1650,#1656),.PCURVE_S1.);
#1646 = LINE('',#1647,#1648);
#1647 = CARTESIAN_POINT('',(-121.2366323158,0.,29.3));
#1648 = VECTOR('',#1649,1.);
#1649 = DIRECTION('',(1.,0.,-0.));
#1650 = PCURVE('',#323,#1651);
#1651 = DEFINITIONAL_REPRESENTATION('',(#1652),#1655);
#1652 = B_SPLINE_CURVE_WITH_KNOTS('',1,(#1653,#1654),.UNSPECIFIED.,.F.,
  .F.,(2,2),(386.3706693119,389.76336768411),.PIECEWISE_BEZIER_KNOTS.);
#1653 = CARTESIAN_POINT('',(529.3,765.13403699601));
#1654 = CARTESIAN_POINT('',(529.3,768.52673536822));
#1655 = ( GEOMETRIC_REPRESENTATION_CONTEXT(2) 
PARAMETRIC_REPRESENTATION_CONTEXT() REPRESENTATION_CONTEXT('2D SPACE',''
  ) );
#1656 = PCURVE('',#1657,#1662);
#1657 = PLANE('',#1658);
#1658 = AXIS2_PLACEMENT_3D('',#1659,#1660,#1661);
#1659 = CARTESIAN_POINT('',(257.52673536822,0.,29.3));
#1660 = DIRECTION('',(0.,0.,1.));
#1661 = DIRECTION('',(1.,0.,-0.));
#1662 = DEFINITIONAL_REPRESENTATION('',(#1663),#1666);
#1663 = B_SPLINE_CURVE_WITH_KNOTS('',1,(#1664,#1665),.UNSPECIFIED.,.F.,
  .F.,(2,2),(386.3706693119,389.76336768411),.PIECEWISE_BEZIER_KNOTS.);
#1664 = CARTESIAN_POINT('',(7.607301627792,0.));
#1665 = CARTESIAN_POINT('',(11.,0.));
#1666 = ( GEOMETRIC_REPRESENTATION_CONTEXT(2) 
PARAMETRIC_REPRESENTATION_CONTEXT() REPRESENTATION_CONTEXT('2D SPACE',''
  ) );
#1667 = ORIENTED_EDGE('',*,*,#1668,.T.);
#1668 = EDGE_CURVE('',#1643,#1669,#1671,.T.);
#1669 = VERTEX_POINT('',#1670);
#1670 = CARTESIAN_POINT('',(319.89999999999,-2.694222958124E-15,29.3));
#1671 = SURFACE_CURVE('',#1672,(#1676,#1683),.PCURVE_S1.);
#1672 = LINE('',#1673,#1674);
#1673 = CARTESIAN_POINT('',(246.52673536822,-2.694222958124E-15,29.3));
#1674 = VECTOR('',#1675,1.);
#1675 = DIRECTION('',(1.,0.,2.22044604925E-16));
#1676 = PCURVE('',#323,#1677);
#1677 = DEFINITIONAL_REPRESENTATION('',(#1678),#1682);
#1678 = LINE('',#1679,#1680);
#1679 = CARTESIAN_POINT('',(529.3,746.52673536822));
#1680 = VECTOR('',#1681,1.);
#1681 = DIRECTION('',(2.22044604925E-16,1.));
#1682 = ( GEOMETRIC_REPRESENTATION_CONTEXT(2) 
PARAMETRIC_REPRESENTATION_CONTEXT() REPRESENTATION_CONTEXT('2D SPACE',''
  ) );
#1683 = PCURVE('',#1684,#1689);
#1684 = CYLINDRICAL_SURFACE('',#1685,11.);
#1685 = AXIS2_PLACEMENT_3D('',#1686,#1687,#1688);
#1686 = CARTESIAN_POINT('',(246.52673536822,0.,40.3));
#1687 = DIRECTION('',(1.,0.,2.22044604925E-16));
#1688 = DIRECTION('',(2.22044604925E-16,0.,-1.));
#1689 = DEFINITIONAL_REPRESENTATION('',(#1690),#1694);
#1690 = LINE('',#1691,#1692);
#1691 = CARTESIAN_POINT('',(0.,-0.));
#1692 = VECTOR('',#1693,1.);
#1693 = DIRECTION('',(0.,1.));
#1694 = ( GEOMETRIC_REPRESENTATION_CONTEXT(2) 
PARAMETRIC_REPRESENTATION_CONTEXT() REPRESENTATION_CONTEXT('2D SPACE',''
  ) );
#1695 = ORIENTED_EDGE('',*,*,#1696,.F.);
#1696 = EDGE_CURVE('',#1107,#1669,#1697,.T.);
#1697 = SURFACE_CURVE('',#1698,(#1702,#1708),.PCURVE_S1.);
#1698 = LINE('',#1699,#1700);
#1699 = CARTESIAN_POINT('',(319.9,0.,3.3));
#1700 = VECTOR('',#1701,1.);
#1701 = DIRECTION('',(0.,0.,1.));
#1702 = PCURVE('',#323,#1703);
#1703 = DEFINITIONAL_REPRESENTATION('',(#1704),#1707);
#1704 = B_SPLINE_CURVE_WITH_KNOTS('',1,(#1705,#1706),.UNSPECIFIED.,.F.,
  .F.,(2,2),(10.9999994,37.0000006),.PIECEWISE_BEZIER_KNOTS.);
#1705 = CARTESIAN_POINT('',(514.2999994,819.9));
#1706 = CARTESIAN_POINT('',(540.3000006,819.9));
#1707 = ( GEOMETRIC_REPRESENTATION_CONTEXT(2) 
PARAMETRIC_REPRESENTATION_CONTEXT() REPRESENTATION_CONTEXT('2D SPACE',''
  ) );
#1708 = PCURVE('',#1157,#1709);
#1709 = DEFINITIONAL_REPRESENTATION('',(#1710),#1713);
#1710 = B_SPLINE_CURVE_WITH_KNOTS('',1,(#1711,#1712),.UNSPECIFIED.,.F.,
  .F.,(2,2),(10.9999994,37.0000006),.PIECEWISE_BEZIER_KNOTS.);
#1711 = CARTESIAN_POINT('',(3.14159265359,10.9999994));
#1712 = CARTESIAN_POINT('',(3.14159265359,37.0000006));
#1713 = ( GEOMETRIC_REPRESENTATION_CONTEXT(2) 
PARAMETRIC_REPRESENTATION_CONTEXT() REPRESENTATION_CONTEXT('2D SPACE',''
  ) );
#1714 = ORIENTED_EDGE('',*,*,#1106,.F.);
#1715 = ORIENTED_EDGE('',*,*,#1591,.F.);
#1716 = ORIENTED_EDGE('',*,*,#435,.F.);
#1717 = ORIENTED_EDGE('',*,*,#1718,.F.);
#1718 = EDGE_CURVE('',#309,#401,#1719,.T.);
#1719 = SURFACE_CURVE('',#1720,(#1725,#1732),.PCURVE_S1.);
#1720 = CIRCLE('',#1721,1.25);
#1721 = AXIS2_PLACEMENT_3D('',#1722,#1723,#1724);
#1722 = CARTESIAN_POINT('',(230.,0.,27.6));
#1723 = DIRECTION('',(3.926381795186E-17,1.,-3.532596946391E-16));
#1724 = DIRECTION('',(-0.98711701434,-1.7763568394E-17,-0.16));
#1725 = PCURVE('',#323,#1726);
#1726 = DEFINITIONAL_REPRESENTATION('',(#1727),#1731);
#1727 = CIRCLE('',#1728,1.25);
#1728 = AXIS2_PLACEMENT_2D('',#1729,#1730);
#1729 = CARTESIAN_POINT('',(527.6,730.));
#1730 = DIRECTION('',(-0.16,-0.98711701434));
#1731 = ( GEOMETRIC_REPRESENTATION_CONTEXT(2) 
PARAMETRIC_REPRESENTATION_CONTEXT() REPRESENTATION_CONTEXT('2D SPACE',''
  ) );
#1732 = PCURVE('',#358,#1733);
#1733 = DEFINITIONAL_REPRESENTATION('',(#1734),#1738);
#1734 = LINE('',#1735,#1736);
#1735 = CARTESIAN_POINT('',(9.585468613721,2.2));
#1736 = VECTOR('',#1737,1.);
#1737 = DIRECTION('',(-1.,-0.));
#1738 = ( GEOMETRIC_REPRESENTATION_CONTEXT(2) 
PARAMETRIC_REPRESENTATION_CONTEXT() REPRESENTATION_CONTEXT('2D SPACE',''
  ) );
#1739 = ORIENTED_EDGE('',*,*,#308,.F.);
#1740 = ORIENTED_EDGE('',*,*,#515,.F.);
#1741 = ORIENTED_EDGE('',*,*,#1742,.T.);
#1742 = EDGE_CURVE('',#488,#1743,#1745,.T.);
#1743 = VERTEX_POINT('',#1744);
#1744 = CARTESIAN_POINT('',(237.,0.,31.));
#1745 = SURFACE_CURVE('',#1746,(#1750,#1756),.PCURVE_S1.);
#1746 = LINE('',#1747,#1748);
#1747 = CARTESIAN_POINT('',(-142.5,0.,31.));
#1748 = VECTOR('',#1749,1.);
#1749 = DIRECTION('',(1.,0.,-0.));
#1750 = PCURVE('',#323,#1751);
#1751 = DEFINITIONAL_REPRESENTATION('',(#1752),#1755);
#1752 = B_SPLINE_CURVE_WITH_KNOTS('',1,(#1753,#1754),.UNSPECIFIED.,.F.,
  .F.,(2,2),(357.5,379.5),.PIECEWISE_BEZIER_KNOTS.);
#1753 = CARTESIAN_POINT('',(531.,715.));
#1754 = CARTESIAN_POINT('',(531.,737.));
#1755 = ( GEOMETRIC_REPRESENTATION_CONTEXT(2) 
PARAMETRIC_REPRESENTATION_CONTEXT() REPRESENTATION_CONTEXT('2D SPACE',''
  ) );
#1756 = PCURVE('',#503,#1757);
#1757 = DEFINITIONAL_REPRESENTATION('',(#1758),#1761);
#1758 = B_SPLINE_CURVE_WITH_KNOTS('',1,(#1759,#1760),.UNSPECIFIED.,.F.,
  .F.,(2,2),(357.5,379.5),.PIECEWISE_BEZIER_KNOTS.);
#1759 = CARTESIAN_POINT('',(0.,15.));
#1760 = CARTESIAN_POINT('',(22.,15.));
#1761 = ( GEOMETRIC_REPRESENTATION_CONTEXT(2) 
PARAMETRIC_REPRESENTATION_CONTEXT() REPRESENTATION_CONTEXT('2D SPACE',''
  ) );
#1762 = ORIENTED_EDGE('',*,*,#1763,.T.);
#1763 = EDGE_CURVE('',#1743,#1764,#1766,.T.);
#1764 = VERTEX_POINT('',#1765);
#1765 = CARTESIAN_POINT('',(237.,0.,30.));
#1766 = SURFACE_CURVE('',#1767,(#1771,#1777),.PCURVE_S1.);
#1767 = LINE('',#1768,#1769);
#1768 = CARTESIAN_POINT('',(237.,0.,-250.5));
#1769 = VECTOR('',#1770,1.);
#1770 = DIRECTION('',(-0.,0.,-1.));
#1771 = PCURVE('',#323,#1772);
#1772 = DEFINITIONAL_REPRESENTATION('',(#1773),#1776);
#1773 = B_SPLINE_CURVE_WITH_KNOTS('',1,(#1774,#1775),.UNSPECIFIED.,.F.,
  .F.,(2,2),(-281.5,-280.5),.PIECEWISE_BEZIER_KNOTS.);
#1774 = CARTESIAN_POINT('',(531.,737.));
#1775 = CARTESIAN_POINT('',(530.,737.));
#1776 = ( GEOMETRIC_REPRESENTATION_CONTEXT(2) 
PARAMETRIC_REPRESENTATION_CONTEXT() REPRESENTATION_CONTEXT('2D SPACE',''
  ) );
#1777 = PCURVE('',#1778,#1783);
#1778 = PLANE('',#1779);
#1779 = AXIS2_PLACEMENT_3D('',#1780,#1781,#1782);
#1780 = CARTESIAN_POINT('',(237.,-15.,-1.));
#1781 = DIRECTION('',(1.,0.,-0.));
#1782 = DIRECTION('',(0.,0.,1.));
#1783 = DEFINITIONAL_REPRESENTATION('',(#1784),#1787);
#1784 = B_SPLINE_CURVE_WITH_KNOTS('',1,(#1785,#1786),.UNSPECIFIED.,.F.,
  .F.,(2,2),(-281.5,-280.5),.PIECEWISE_BEZIER_KNOTS.);
#1785 = CARTESIAN_POINT('',(32.,-15.));
#1786 = CARTESIAN_POINT('',(31.,-15.));
#1787 = ( GEOMETRIC_REPRESENTATION_CONTEXT(2) 
PARAMETRIC_REPRESENTATION_CONTEXT() REPRESENTATION_CONTEXT('2D SPACE',''
  ) );
#1788 = ORIENTED_EDGE('',*,*,#1789,.T.);
#1789 = EDGE_CURVE('',#1764,#1790,#1792,.T.);
#1790 = VERTEX_POINT('',#1791);
#1791 = CARTESIAN_POINT('',(244.02673536822,0.,30.));
#1792 = SURFACE_CURVE('',#1793,(#1797,#1803),.PCURVE_S1.);
#1793 = LINE('',#1794,#1795);
#1794 = CARTESIAN_POINT('',(-222.,0.,30.));
#1795 = VECTOR('',#1796,1.);
#1796 = DIRECTION('',(1.,0.,-0.));
#1797 = PCURVE('',#323,#1798);
#1798 = DEFINITIONAL_REPRESENTATION('',(#1799),#1802);
#1799 = B_SPLINE_CURVE_WITH_KNOTS('',1,(#1800,#1801),.UNSPECIFIED.,.F.,
  .F.,(2,2),(459.,466.02673536822),.PIECEWISE_BEZIER_KNOTS.);
#1800 = CARTESIAN_POINT('',(530.,737.));
#1801 = CARTESIAN_POINT('',(530.,744.02673536822));
#1802 = ( GEOMETRIC_REPRESENTATION_CONTEXT(2) 
PARAMETRIC_REPRESENTATION_CONTEXT() REPRESENTATION_CONTEXT('2D SPACE',''
  ) );
#1803 = PCURVE('',#1804,#1809);
#1804 = PLANE('',#1805);
#1805 = AXIS2_PLACEMENT_3D('',#1806,#1807,#1808);
#1806 = CARTESIAN_POINT('',(56.,-15.,30.));
#1807 = DIRECTION('',(0.,0.,1.));
#1808 = DIRECTION('',(1.,0.,-0.));
#1809 = DEFINITIONAL_REPRESENTATION('',(#1810),#1813);
#1810 = B_SPLINE_CURVE_WITH_KNOTS('',1,(#1811,#1812),.UNSPECIFIED.,.F.,
  .F.,(2,2),(459.,466.02673536822),.PIECEWISE_BEZIER_KNOTS.);
#1811 = CARTESIAN_POINT('',(181.,15.));
#1812 = CARTESIAN_POINT('',(188.02673536822,15.));
#1813 = ( GEOMETRIC_REPRESENTATION_CONTEXT(2) 
PARAMETRIC_REPRESENTATION_CONTEXT() REPRESENTATION_CONTEXT('2D SPACE',''
  ) );
#1814 = ORIENTED_EDGE('',*,*,#1815,.F.);
#1815 = EDGE_CURVE('',#1816,#1790,#1818,.T.);
#1816 = VERTEX_POINT('',#1817);
#1817 = CARTESIAN_POINT('',(244.02673536822,0.,56.));
#1818 = SURFACE_CURVE('',#1819,(#1823,#1829),.PCURVE_S1.);
#1819 = LINE('',#1820,#1821);
#1820 = CARTESIAN_POINT('',(244.02673536822,0.,-250.));
#1821 = VECTOR('',#1822,1.);
#1822 = DIRECTION('',(-0.,0.,-1.));
#1823 = PCURVE('',#323,#1824);
#1824 = DEFINITIONAL_REPRESENTATION('',(#1825),#1828);
#1825 = B_SPLINE_CURVE_WITH_KNOTS('',1,(#1826,#1827),.UNSPECIFIED.,.F.,
  .F.,(2,2),(-306.,-280.),.PIECEWISE_BEZIER_KNOTS.);
#1826 = CARTESIAN_POINT('',(556.,744.02673536822));
#1827 = CARTESIAN_POINT('',(530.,744.02673536822));
#1828 = ( GEOMETRIC_REPRESENTATION_CONTEXT(2) 
PARAMETRIC_REPRESENTATION_CONTEXT() REPRESENTATION_CONTEXT('2D SPACE',''
  ) );
#1829 = PCURVE('',#1830,#1835);
#1830 = PLANE('',#1831);
#1831 = AXIS2_PLACEMENT_3D('',#1832,#1833,#1834);
#1832 = CARTESIAN_POINT('',(244.02673536822,-15.,0.));
#1833 = DIRECTION('',(1.,0.,-0.));
#1834 = DIRECTION('',(0.,0.,1.));
#1835 = DEFINITIONAL_REPRESENTATION('',(#1836),#1839);
#1836 = B_SPLINE_CURVE_WITH_KNOTS('',1,(#1837,#1838),.UNSPECIFIED.,.F.,
  .F.,(2,2),(-306.,-280.),.PIECEWISE_BEZIER_KNOTS.);
#1837 = CARTESIAN_POINT('',(56.,-15.));
#1838 = CARTESIAN_POINT('',(30.,-15.));
#1839 = ( GEOMETRIC_REPRESENTATION_CONTEXT(2) 
PARAMETRIC_REPRESENTATION_CONTEXT() REPRESENTATION_CONTEXT('2D SPACE',''
  ) );
#1840 = ORIENTED_EDGE('',*,*,#1841,.T.);
#1841 = EDGE_CURVE('',#1816,#1842,#1844,.T.);
#1842 = VERTEX_POINT('',#1843);
#1843 = CARTESIAN_POINT('',(246.52673536822,1.347111479062E-15,56.));
#1844 = SURFACE_CURVE('',#1845,(#1849,#1855),.PCURVE_S1.);
#1845 = LINE('',#1846,#1847);
#1846 = CARTESIAN_POINT('',(-127.9866323158,0.,56.));
#1847 = VECTOR('',#1848,1.);
#1848 = DIRECTION('',(1.,0.,-0.));
#1849 = PCURVE('',#323,#1850);
#1850 = DEFINITIONAL_REPRESENTATION('',(#1851),#1854);
#1851 = B_SPLINE_CURVE_WITH_KNOTS('',1,(#1852,#1853),.UNSPECIFIED.,.F.,
  .F.,(2,2),(372.01336768411,472.38663231588),.PIECEWISE_BEZIER_KNOTS.);
#1852 = CARTESIAN_POINT('',(556.,744.02673536822));
#1853 = CARTESIAN_POINT('',(556.,844.4));
#1854 = ( GEOMETRIC_REPRESENTATION_CONTEXT(2) 
PARAMETRIC_REPRESENTATION_CONTEXT() REPRESENTATION_CONTEXT('2D SPACE',''
  ) );
#1855 = PCURVE('',#1856,#1861);
#1856 = PLANE('',#1857);
#1857 = AXIS2_PLACEMENT_3D('',#1858,#1859,#1860);
#1858 = CARTESIAN_POINT('',(244.02673536822,-15.,56.));
#1859 = DIRECTION('',(0.,0.,1.));
#1860 = DIRECTION('',(1.,0.,-0.));
#1861 = DEFINITIONAL_REPRESENTATION('',(#1862),#1865);
#1862 = B_SPLINE_CURVE_WITH_KNOTS('',1,(#1863,#1864),.UNSPECIFIED.,.F.,
  .F.,(2,2),(372.01336768411,472.38663231588),.PIECEWISE_BEZIER_KNOTS.);
#1863 = CARTESIAN_POINT('',(0.,15.));
#1864 = CARTESIAN_POINT('',(100.37326463177,15.));
#1865 = ( GEOMETRIC_REPRESENTATION_CONTEXT(2) 
PARAMETRIC_REPRESENTATION_CONTEXT() REPRESENTATION_CONTEXT('2D SPACE',''
  ) );
#1866 = ORIENTED_EDGE('',*,*,#1867,.F.);
#1867 = EDGE_CURVE('',#1868,#1842,#1870,.T.);
#1868 = VERTEX_POINT('',#1869);
#1869 = CARTESIAN_POINT('',(246.52673536822,1.347111479062E-15,51.3));
#1870 = SURFACE_CURVE('',#1871,(#1875,#1881),.PCURVE_S1.);
#1871 = LINE('',#1872,#1873);
#1872 = CARTESIAN_POINT('',(246.52673536822,0.,29.3));
#1873 = VECTOR('',#1874,1.);
#1874 = DIRECTION('',(0.,0.,1.));
#1875 = PCURVE('',#323,#1876);
#1876 = DEFINITIONAL_REPRESENTATION('',(#1877),#1880);
#1877 = B_SPLINE_CURVE_WITH_KNOTS('',1,(#1878,#1879),.UNSPECIFIED.,.F.,
  .F.,(2,2),(10.9999994,26.7000006),.PIECEWISE_BEZIER_KNOTS.);
#1878 = CARTESIAN_POINT('',(540.2999994,746.52673536822));
#1879 = CARTESIAN_POINT('',(556.0000006,746.52673536822));
#1880 = ( GEOMETRIC_REPRESENTATION_CONTEXT(2) 
PARAMETRIC_REPRESENTATION_CONTEXT() REPRESENTATION_CONTEXT('2D SPACE',''
  ) );
#1881 = PCURVE('',#1882,#1887);
#1882 = CYLINDRICAL_SURFACE('',#1883,11.);
#1883 = AXIS2_PLACEMENT_3D('',#1884,#1885,#1886);
#1884 = CARTESIAN_POINT('',(257.52673536822,0.,29.3));
#1885 = DIRECTION('',(0.,0.,1.));
#1886 = DIRECTION('',(1.,0.,-0.));
#1887 = DEFINITIONAL_REPRESENTATION('',(#1888),#1891);
#1888 = B_SPLINE_CURVE_WITH_KNOTS('',1,(#1889,#1890),.UNSPECIFIED.,.F.,
  .F.,(2,2),(10.9999994,26.7000006),.PIECEWISE_BEZIER_KNOTS.);
#1889 = CARTESIAN_POINT('',(3.14159265359,10.9999994));
#1890 = CARTESIAN_POINT('',(3.14159265359,26.7000006));
#1891 = ( GEOMETRIC_REPRESENTATION_CONTEXT(2) 
PARAMETRIC_REPRESENTATION_CONTEXT() REPRESENTATION_CONTEXT('2D SPACE',''
  ) );
#1892 = ORIENTED_EDGE('',*,*,#1893,.T.);
#1893 = EDGE_CURVE('',#1868,#1617,#1894,.T.);
#1894 = SURFACE_CURVE('',#1895,(#1899,#1905),.PCURVE_S1.);
#1895 = LINE('',#1896,#1897);
#1896 = CARTESIAN_POINT('',(246.52673536822,0.,-229.85));
#1897 = VECTOR('',#1898,1.);
#1898 = DIRECTION('',(2.22044604925E-16,0.,-1.));
#1899 = PCURVE('',#323,#1900);
#1900 = DEFINITIONAL_REPRESENTATION('',(#1901),#1904);
#1901 = B_SPLINE_CURVE_WITH_KNOTS('',1,(#1902,#1903),.UNSPECIFIED.,.F.,
  .F.,(2,2),(-281.15,-277.7573016277),.PIECEWISE_BEZIER_KNOTS.);
#1902 = CARTESIAN_POINT('',(551.3,746.52673536822));
#1903 = CARTESIAN_POINT('',(547.90730162779,746.52673536822));
#1904 = ( GEOMETRIC_REPRESENTATION_CONTEXT(2) 
PARAMETRIC_REPRESENTATION_CONTEXT() REPRESENTATION_CONTEXT('2D SPACE',''
  ) );
#1905 = PCURVE('',#1906,#1911);
#1906 = PLANE('',#1907);
#1907 = AXIS2_PLACEMENT_3D('',#1908,#1909,#1910);
#1908 = CARTESIAN_POINT('',(246.52673536822,0.,40.3));
#1909 = DIRECTION('',(1.,0.,2.22044604925E-16));
#1910 = DIRECTION('',(2.22044604925E-16,0.,-1.));
#1911 = DEFINITIONAL_REPRESENTATION('',(#1912),#1915);
#1912 = B_SPLINE_CURVE_WITH_KNOTS('',1,(#1913,#1914),.UNSPECIFIED.,.F.,
  .F.,(2,2),(-281.15,-277.7573016277),.PIECEWISE_BEZIER_KNOTS.);
#1913 = CARTESIAN_POINT('',(-11.,0.));
#1914 = CARTESIAN_POINT('',(-7.607301627792,0.));
#1915 = ( GEOMETRIC_REPRESENTATION_CONTEXT(2) 
PARAMETRIC_REPRESENTATION_CONTEXT() REPRESENTATION_CONTEXT('2D SPACE',''
  ) );
#1916 = ADVANCED_FACE('',(#1917),#358,.F.);
#1917 = FACE_BOUND('',#1918,.F.);
#1918 = EDGE_LOOP('',(#1919,#1945,#1946,#1947));
#1919 = ORIENTED_EDGE('',*,*,#1920,.F.);
#1920 = EDGE_CURVE('',#335,#375,#1921,.T.);
#1921 = SURFACE_CURVE('',#1922,(#1927,#1934),.PCURVE_S1.);
#1922 = CIRCLE('',#1923,1.25);
#1923 = AXIS2_PLACEMENT_3D('',#1924,#1925,#1926);
#1924 = CARTESIAN_POINT('',(230.,2.2,27.6));
#1925 = DIRECTION('',(1.110892665842E-16,1.,-3.421102583033E-16));
#1926 = DIRECTION('',(-0.951112954972,0.,-0.308843239985));
#1927 = PCURVE('',#358,#1928);
#1928 = DEFINITIONAL_REPRESENTATION('',(#1929),#1933);
#1929 = LINE('',#1930,#1931);
#1930 = CARTESIAN_POINT('',(9.738754535372,0.));
#1931 = VECTOR('',#1932,1.);
#1932 = DIRECTION('',(-1.,-0.));
#1933 = ( GEOMETRIC_REPRESENTATION_CONTEXT(2) 
PARAMETRIC_REPRESENTATION_CONTEXT() REPRESENTATION_CONTEXT('2D SPACE',''
  ) );
#1934 = PCURVE('',#389,#1935);
#1935 = DEFINITIONAL_REPRESENTATION('',(#1936),#1944);
#1936 = ( BOUNDED_CURVE() B_SPLINE_CURVE(2,(#1937,#1938,#1939,#1940,
#1941,#1942,#1943),.UNSPECIFIED.,.T.,.F.) B_SPLINE_CURVE_WITH_KNOTS((1,2
    ,2,2,2,1),(-2.094395102393,0.,2.094395102393,4.188790204786,
6.28318530718,8.377580409573),.UNSPECIFIED.) CURVE() 
GEOMETRIC_REPRESENTATION_ITEM() RATIONAL_B_SPLINE_CURVE((1.,0.5,1.,0.5,
1.,0.5,1.)) REPRESENTATION_ITEM('') );
#1937 = CARTESIAN_POINT('',(-1.188891193715,-0.386054049981));
#1938 = CARTESIAN_POINT('',(-1.857556422751,1.673165902204));
#1939 = CARTESIAN_POINT('',(0.26011298234,1.222637001083));
#1940 = CARTESIAN_POINT('',(2.37778238743,0.772108099963));
#1941 = CARTESIAN_POINT('',(0.928778211375,-0.836582951102));
#1942 = CARTESIAN_POINT('',(-0.520225964679,-2.445274002167));
#1943 = CARTESIAN_POINT('',(-1.188891193715,-0.386054049981));
#1944 = ( GEOMETRIC_REPRESENTATION_CONTEXT(2) 
PARAMETRIC_REPRESENTATION_CONTEXT() REPRESENTATION_CONTEXT('2D SPACE',''
  ) );
#1945 = ORIENTED_EDGE('',*,*,#334,.F.);
#1946 = ORIENTED_EDGE('',*,*,#1718,.T.);
#1947 = ORIENTED_EDGE('',*,*,#400,.F.);
#1948 = ADVANCED_FACE('',(#1949),#389,.T.);
#1949 = FACE_BOUND('',#1950,.T.);
#1950 = EDGE_LOOP('',(#1951,#1952));
#1951 = ORIENTED_EDGE('',*,*,#374,.T.);
#1952 = ORIENTED_EDGE('',*,*,#1920,.F.);
#1953 = ADVANCED_FACE('',(#1954),#475,.T.);
#1954 = FACE_BOUND('',#1955,.T.);
#1955 = EDGE_LOOP('',(#1956,#1957,#1958,#1981,#2004,#2027,#2050,#2073,
    #2094,#2095));
#1956 = ORIENTED_EDGE('',*,*,#585,.F.);
#1957 = ORIENTED_EDGE('',*,*,#457,.F.);
#1958 = ORIENTED_EDGE('',*,*,#1959,.T.);
#1959 = EDGE_CURVE('',#458,#1960,#1962,.T.);
#1960 = VERTEX_POINT('',#1961);
#1961 = CARTESIAN_POINT('',(237.,15.,31.));
#1962 = SURFACE_CURVE('',#1963,(#1967,#1974),.PCURVE_S1.);
#1963 = LINE('',#1964,#1965);
#1964 = CARTESIAN_POINT('',(215.,15.,31.));
#1965 = VECTOR('',#1966,1.);
#1966 = DIRECTION('',(1.,0.,-0.));
#1967 = PCURVE('',#475,#1968);
#1968 = DEFINITIONAL_REPRESENTATION('',(#1969),#1973);
#1969 = LINE('',#1970,#1971);
#1970 = CARTESIAN_POINT('',(31.,159.));
#1971 = VECTOR('',#1972,1.);
#1972 = DIRECTION('',(0.,1.));
#1973 = ( GEOMETRIC_REPRESENTATION_CONTEXT(2) 
PARAMETRIC_REPRESENTATION_CONTEXT() REPRESENTATION_CONTEXT('2D SPACE',''
  ) );
#1974 = PCURVE('',#503,#1975);
#1975 = DEFINITIONAL_REPRESENTATION('',(#1976),#1980);
#1976 = LINE('',#1977,#1978);
#1977 = CARTESIAN_POINT('',(0.,30.));
#1978 = VECTOR('',#1979,1.);
#1979 = DIRECTION('',(1.,0.));
#1980 = ( GEOMETRIC_REPRESENTATION_CONTEXT(2) 
PARAMETRIC_REPRESENTATION_CONTEXT() REPRESENTATION_CONTEXT('2D SPACE',''
  ) );
#1981 = ORIENTED_EDGE('',*,*,#1982,.F.);
#1982 = EDGE_CURVE('',#1983,#1960,#1985,.T.);
#1983 = VERTEX_POINT('',#1984);
#1984 = CARTESIAN_POINT('',(237.,15.,30.));
#1985 = SURFACE_CURVE('',#1986,(#1990,#1997),.PCURVE_S1.);
#1986 = LINE('',#1987,#1988);
#1987 = CARTESIAN_POINT('',(237.,15.,-1.));
#1988 = VECTOR('',#1989,1.);
#1989 = DIRECTION('',(0.,0.,1.));
#1990 = PCURVE('',#475,#1991);
#1991 = DEFINITIONAL_REPRESENTATION('',(#1992),#1996);
#1992 = LINE('',#1993,#1994);
#1993 = CARTESIAN_POINT('',(-1.,181.));
#1994 = VECTOR('',#1995,1.);
#1995 = DIRECTION('',(1.,0.));
#1996 = ( GEOMETRIC_REPRESENTATION_CONTEXT(2) 
PARAMETRIC_REPRESENTATION_CONTEXT() REPRESENTATION_CONTEXT('2D SPACE',''
  ) );
#1997 = PCURVE('',#1778,#1998);
#1998 = DEFINITIONAL_REPRESENTATION('',(#1999),#2003);
#1999 = LINE('',#2000,#2001);
#2000 = CARTESIAN_POINT('',(0.,-30.));
#2001 = VECTOR('',#2002,1.);
#2002 = DIRECTION('',(1.,0.));
#2003 = ( GEOMETRIC_REPRESENTATION_CONTEXT(2) 
PARAMETRIC_REPRESENTATION_CONTEXT() REPRESENTATION_CONTEXT('2D SPACE',''
  ) );
#2004 = ORIENTED_EDGE('',*,*,#2005,.T.);
#2005 = EDGE_CURVE('',#1983,#2006,#2008,.T.);
#2006 = VERTEX_POINT('',#2007);
#2007 = CARTESIAN_POINT('',(244.02673536822,15.,30.));
#2008 = SURFACE_CURVE('',#2009,(#2013,#2020),.PCURVE_S1.);
#2009 = LINE('',#2010,#2011);
#2010 = CARTESIAN_POINT('',(56.,15.,30.));
#2011 = VECTOR('',#2012,1.);
#2012 = DIRECTION('',(1.,0.,-0.));
#2013 = PCURVE('',#475,#2014);
#2014 = DEFINITIONAL_REPRESENTATION('',(#2015),#2019);
#2015 = LINE('',#2016,#2017);
#2016 = CARTESIAN_POINT('',(30.,0.));
#2017 = VECTOR('',#2018,1.);
#2018 = DIRECTION('',(0.,1.));
#2019 = ( GEOMETRIC_REPRESENTATION_CONTEXT(2) 
PARAMETRIC_REPRESENTATION_CONTEXT() REPRESENTATION_CONTEXT('2D SPACE',''
  ) );
#2020 = PCURVE('',#1804,#2021);
#2021 = DEFINITIONAL_REPRESENTATION('',(#2022),#2026);
#2022 = LINE('',#2023,#2024);
#2023 = CARTESIAN_POINT('',(0.,30.));
#2024 = VECTOR('',#2025,1.);
#2025 = DIRECTION('',(1.,0.));
#2026 = ( GEOMETRIC_REPRESENTATION_CONTEXT(2) 
PARAMETRIC_REPRESENTATION_CONTEXT() REPRESENTATION_CONTEXT('2D SPACE',''
  ) );
#2027 = ORIENTED_EDGE('',*,*,#2028,.T.);
#2028 = EDGE_CURVE('',#2006,#2029,#2031,.T.);
#2029 = VERTEX_POINT('',#2030);
#2030 = CARTESIAN_POINT('',(244.02673536822,15.,56.));
#2031 = SURFACE_CURVE('',#2032,(#2036,#2043),.PCURVE_S1.);
#2032 = LINE('',#2033,#2034);
#2033 = CARTESIAN_POINT('',(244.02673536822,15.,0.));
#2034 = VECTOR('',#2035,1.);
#2035 = DIRECTION('',(0.,0.,1.));
#2036 = PCURVE('',#475,#2037);
#2037 = DEFINITIONAL_REPRESENTATION('',(#2038),#2042);
#2038 = LINE('',#2039,#2040);
#2039 = CARTESIAN_POINT('',(0.,188.02673536822));
#2040 = VECTOR('',#2041,1.);
#2041 = DIRECTION('',(1.,0.));
#2042 = ( GEOMETRIC_REPRESENTATION_CONTEXT(2) 
PARAMETRIC_REPRESENTATION_CONTEXT() REPRESENTATION_CONTEXT('2D SPACE',''
  ) );
#2043 = PCURVE('',#1830,#2044);
#2044 = DEFINITIONAL_REPRESENTATION('',(#2045),#2049);
#2045 = LINE('',#2046,#2047);
#2046 = CARTESIAN_POINT('',(0.,-30.));
#2047 = VECTOR('',#2048,1.);
#2048 = DIRECTION('',(1.,0.));
#2049 = ( GEOMETRIC_REPRESENTATION_CONTEXT(2) 
PARAMETRIC_REPRESENTATION_CONTEXT() REPRESENTATION_CONTEXT('2D SPACE',''
  ) );
#2050 = ORIENTED_EDGE('',*,*,#2051,.T.);
#2051 = EDGE_CURVE('',#2029,#2052,#2054,.T.);
#2052 = VERTEX_POINT('',#2053);
#2053 = CARTESIAN_POINT('',(344.4,15.,56.));
#2054 = SURFACE_CURVE('',#2055,(#2059,#2066),.PCURVE_S1.);
#2055 = LINE('',#2056,#2057);
#2056 = CARTESIAN_POINT('',(244.02673536822,15.,56.));
#2057 = VECTOR('',#2058,1.);
#2058 = DIRECTION('',(1.,0.,-0.));
#2059 = PCURVE('',#475,#2060);
#2060 = DEFINITIONAL_REPRESENTATION('',(#2061),#2065);
#2061 = LINE('',#2062,#2063);
#2062 = CARTESIAN_POINT('',(56.,188.02673536822));
#2063 = VECTOR('',#2064,1.);
#2064 = DIRECTION('',(0.,1.));
#2065 = ( GEOMETRIC_REPRESENTATION_CONTEXT(2) 
PARAMETRIC_REPRESENTATION_CONTEXT() REPRESENTATION_CONTEXT('2D SPACE',''
  ) );
#2066 = PCURVE('',#1856,#2067);
#2067 = DEFINITIONAL_REPRESENTATION('',(#2068),#2072);
#2068 = LINE('',#2069,#2070);
#2069 = CARTESIAN_POINT('',(0.,30.));
#2070 = VECTOR('',#2071,1.);
#2071 = DIRECTION('',(1.,0.));
#2072 = ( GEOMETRIC_REPRESENTATION_CONTEXT(2) 
PARAMETRIC_REPRESENTATION_CONTEXT() REPRESENTATION_CONTEXT('2D SPACE',''
  ) );
#2073 = ORIENTED_EDGE('',*,*,#2074,.T.);
#2074 = EDGE_CURVE('',#2052,#819,#2075,.T.);
#2075 = SURFACE_CURVE('',#2076,(#2080,#2087),.PCURVE_S1.);
#2076 = LINE('',#2077,#2078);
#2077 = CARTESIAN_POINT('',(344.4,15.,56.));
#2078 = VECTOR('',#2079,1.);
#2079 = DIRECTION('',(0.,0.,-1.));
#2080 = PCURVE('',#475,#2081);
#2081 = DEFINITIONAL_REPRESENTATION('',(#2082),#2086);
#2082 = LINE('',#2083,#2084);
#2083 = CARTESIAN_POINT('',(56.,288.4));
#2084 = VECTOR('',#2085,1.);
#2085 = DIRECTION('',(-1.,0.));
#2086 = ( GEOMETRIC_REPRESENTATION_CONTEXT(2) 
PARAMETRIC_REPRESENTATION_CONTEXT() REPRESENTATION_CONTEXT('2D SPACE',''
  ) );
#2087 = PCURVE('',#834,#2088);
#2088 = DEFINITIONAL_REPRESENTATION('',(#2089),#2093);
#2089 = LINE('',#2090,#2091);
#2090 = CARTESIAN_POINT('',(56.,-30.));
#2091 = VECTOR('',#2092,1.);
#2092 = DIRECTION('',(-1.,0.));
#2093 = ( GEOMETRIC_REPRESENTATION_CONTEXT(2) 
PARAMETRIC_REPRESENTATION_CONTEXT() REPRESENTATION_CONTEXT('2D SPACE',''
  ) );
#2094 = ORIENTED_EDGE('',*,*,#846,.F.);
#2095 = ORIENTED_EDGE('',*,*,#611,.F.);
#2096 = ADVANCED_FACE('',(#2097),#503,.T.);
#2097 = FACE_BOUND('',#2098,.T.);
#2098 = EDGE_LOOP('',(#2099,#2100,#2101,#2122));
#2099 = ORIENTED_EDGE('',*,*,#487,.F.);
#2100 = ORIENTED_EDGE('',*,*,#1742,.T.);
#2101 = ORIENTED_EDGE('',*,*,#2102,.T.);
#2102 = EDGE_CURVE('',#1743,#1960,#2103,.T.);
#2103 = SURFACE_CURVE('',#2104,(#2108,#2115),.PCURVE_S1.);
#2104 = LINE('',#2105,#2106);
#2105 = CARTESIAN_POINT('',(237.,-15.,31.));
#2106 = VECTOR('',#2107,1.);
#2107 = DIRECTION('',(-0.,1.,0.));
#2108 = PCURVE('',#503,#2109);
#2109 = DEFINITIONAL_REPRESENTATION('',(#2110),#2114);
#2110 = LINE('',#2111,#2112);
#2111 = CARTESIAN_POINT('',(22.,0.));
#2112 = VECTOR('',#2113,1.);
#2113 = DIRECTION('',(0.,1.));
#2114 = ( GEOMETRIC_REPRESENTATION_CONTEXT(2) 
PARAMETRIC_REPRESENTATION_CONTEXT() REPRESENTATION_CONTEXT('2D SPACE',''
  ) );
#2115 = PCURVE('',#1778,#2116);
#2116 = DEFINITIONAL_REPRESENTATION('',(#2117),#2121);
#2117 = LINE('',#2118,#2119);
#2118 = CARTESIAN_POINT('',(32.,0.));
#2119 = VECTOR('',#2120,1.);
#2120 = DIRECTION('',(0.,-1.));
#2121 = ( GEOMETRIC_REPRESENTATION_CONTEXT(2) 
PARAMETRIC_REPRESENTATION_CONTEXT() REPRESENTATION_CONTEXT('2D SPACE',''
  ) );
#2122 = ORIENTED_EDGE('',*,*,#1959,.F.);
#2123 = ADVANCED_FACE('',(#2124),#834,.T.);
#2124 = FACE_BOUND('',#2125,.T.);
#2125 = EDGE_LOOP('',(#2126,#2147,#2148,#2149));
#2126 = ORIENTED_EDGE('',*,*,#2127,.T.);
#2127 = EDGE_CURVE('',#2128,#793,#2130,.T.);
#2128 = VERTEX_POINT('',#2129);
#2129 = CARTESIAN_POINT('',(344.4,0.,56.));
#2130 = SURFACE_CURVE('',#2131,(#2135,#2141),.PCURVE_S1.);
#2131 = LINE('',#2132,#2133);
#2132 = CARTESIAN_POINT('',(344.4,0.,-250.));
#2133 = VECTOR('',#2134,1.);
#2134 = DIRECTION('',(-0.,0.,-1.));
#2135 = PCURVE('',#834,#2136);
#2136 = DEFINITIONAL_REPRESENTATION('',(#2137),#2140);
#2137 = B_SPLINE_CURVE_WITH_KNOTS('',1,(#2138,#2139),.UNSPECIFIED.,.F.,
  .F.,(2,2),(-306.,-250.),.PIECEWISE_BEZIER_KNOTS.);
#2138 = CARTESIAN_POINT('',(56.,-15.));
#2139 = CARTESIAN_POINT('',(0.,-15.));
#2140 = ( GEOMETRIC_REPRESENTATION_CONTEXT(2) 
PARAMETRIC_REPRESENTATION_CONTEXT() REPRESENTATION_CONTEXT('2D SPACE',''
  ) );
#2141 = PCURVE('',#807,#2142);
#2142 = DEFINITIONAL_REPRESENTATION('',(#2143),#2146);
#2143 = B_SPLINE_CURVE_WITH_KNOTS('',1,(#2144,#2145),.UNSPECIFIED.,.F.,
  .F.,(2,2),(-306.,-250.),.PIECEWISE_BEZIER_KNOTS.);
#2144 = CARTESIAN_POINT('',(556.,844.4));
#2145 = CARTESIAN_POINT('',(500.,844.4));
#2146 = ( GEOMETRIC_REPRESENTATION_CONTEXT(2) 
PARAMETRIC_REPRESENTATION_CONTEXT() REPRESENTATION_CONTEXT('2D SPACE',''
  ) );
#2147 = ORIENTED_EDGE('',*,*,#818,.T.);
#2148 = ORIENTED_EDGE('',*,*,#2074,.F.);
#2149 = ORIENTED_EDGE('',*,*,#2150,.F.);
#2150 = EDGE_CURVE('',#2128,#2052,#2151,.T.);
#2151 = SURFACE_CURVE('',#2152,(#2156,#2163),.PCURVE_S1.);
#2152 = LINE('',#2153,#2154);
#2153 = CARTESIAN_POINT('',(344.4,-15.,56.));
#2154 = VECTOR('',#2155,1.);
#2155 = DIRECTION('',(-0.,1.,0.));
#2156 = PCURVE('',#834,#2157);
#2157 = DEFINITIONAL_REPRESENTATION('',(#2158),#2162);
#2158 = LINE('',#2159,#2160);
#2159 = CARTESIAN_POINT('',(56.,0.));
#2160 = VECTOR('',#2161,1.);
#2161 = DIRECTION('',(0.,-1.));
#2162 = ( GEOMETRIC_REPRESENTATION_CONTEXT(2) 
PARAMETRIC_REPRESENTATION_CONTEXT() REPRESENTATION_CONTEXT('2D SPACE',''
  ) );
#2163 = PCURVE('',#1856,#2164);
#2164 = DEFINITIONAL_REPRESENTATION('',(#2165),#2169);
#2165 = LINE('',#2166,#2167);
#2166 = CARTESIAN_POINT('',(100.37326463177,0.));
#2167 = VECTOR('',#2168,1.);
#2168 = DIRECTION('',(0.,1.));
#2169 = ( GEOMETRIC_REPRESENTATION_CONTEXT(2) 
PARAMETRIC_REPRESENTATION_CONTEXT() REPRESENTATION_CONTEXT('2D SPACE',''
  ) );
#2170 = ADVANCED_FACE('',(#2171,#2489,#2524),#807,.F.);
#2171 = FACE_BOUND('',#2172,.F.);
#2172 = EDGE_LOOP('',(#2173,#2196,#2219,#2238,#2239,#2240,#2263,#2289,
    #2312,#2338,#2364,#2390,#2413,#2439,#2465));
#2173 = ORIENTED_EDGE('',*,*,#2174,.F.);
#2174 = EDGE_CURVE('',#2175,#2177,#2179,.T.);
#2175 = VERTEX_POINT('',#2176);
#2176 = CARTESIAN_POINT('',(268.52673536822,-2.694222958124E-15,51.3));
#2177 = VERTEX_POINT('',#2178);
#2178 = CARTESIAN_POINT('',(319.9,1.347111479062E-15,51.3));
#2179 = SURFACE_CURVE('',#2180,(#2184,#2190),.PCURVE_S1.);
#2180 = LINE('',#2181,#2182);
#2181 = CARTESIAN_POINT('',(246.52673536822,0.,51.3));
#2182 = VECTOR('',#2183,1.);
#2183 = DIRECTION('',(1.,0.,2.22044604925E-16));
#2184 = PCURVE('',#807,#2185);
#2185 = DEFINITIONAL_REPRESENTATION('',(#2186),#2189);
#2186 = B_SPLINE_CURVE_WITH_KNOTS('',1,(#2187,#2188),.UNSPECIFIED.,.F.,
  .F.,(2,2),(10.9999994,84.373265231778),.PIECEWISE_BEZIER_KNOTS.);
#2187 = CARTESIAN_POINT('',(551.3,757.52673476822));
#2188 = CARTESIAN_POINT('',(551.3,830.9000006));
#2189 = ( GEOMETRIC_REPRESENTATION_CONTEXT(2) 
PARAMETRIC_REPRESENTATION_CONTEXT() REPRESENTATION_CONTEXT('2D SPACE',''
  ) );
#2190 = PCURVE('',#1684,#2191);
#2191 = DEFINITIONAL_REPRESENTATION('',(#2192),#2195);
#2192 = B_SPLINE_CURVE_WITH_KNOTS('',1,(#2193,#2194),.UNSPECIFIED.,.F.,
  .F.,(2,2),(10.9999994,84.373265231778),.PIECEWISE_BEZIER_KNOTS.);
#2193 = CARTESIAN_POINT('',(3.14159265359,10.9999994));
#2194 = CARTESIAN_POINT('',(3.14159265359,84.373265231778));
#2195 = ( GEOMETRIC_REPRESENTATION_CONTEXT(2) 
PARAMETRIC_REPRESENTATION_CONTEXT() REPRESENTATION_CONTEXT('2D SPACE',''
  ) );
#2196 = ORIENTED_EDGE('',*,*,#2197,.T.);
#2197 = EDGE_CURVE('',#2175,#2198,#2200,.T.);
#2198 = VERTEX_POINT('',#2199);
#2199 = CARTESIAN_POINT('',(268.52673536822,-2.694222958124E-15,56.));
#2200 = SURFACE_CURVE('',#2201,(#2205,#2212),.PCURVE_S1.);
#2201 = LINE('',#2202,#2203);
#2202 = CARTESIAN_POINT('',(268.52673536822,-2.694222958124E-15,29.3));
#2203 = VECTOR('',#2204,1.);
#2204 = DIRECTION('',(0.,0.,1.));
#2205 = PCURVE('',#807,#2206);
#2206 = DEFINITIONAL_REPRESENTATION('',(#2207),#2211);
#2207 = LINE('',#2208,#2209);
#2208 = CARTESIAN_POINT('',(529.3,768.52673536822));
#2209 = VECTOR('',#2210,1.);
#2210 = DIRECTION('',(1.,0.));
#2211 = ( GEOMETRIC_REPRESENTATION_CONTEXT(2) 
PARAMETRIC_REPRESENTATION_CONTEXT() REPRESENTATION_CONTEXT('2D SPACE',''
  ) );
#2212 = PCURVE('',#1882,#2213);
#2213 = DEFINITIONAL_REPRESENTATION('',(#2214),#2218);
#2214 = LINE('',#2215,#2216);
#2215 = CARTESIAN_POINT('',(0.,-0.));
#2216 = VECTOR('',#2217,1.);
#2217 = DIRECTION('',(0.,1.));
#2218 = ( GEOMETRIC_REPRESENTATION_CONTEXT(2) 
PARAMETRIC_REPRESENTATION_CONTEXT() REPRESENTATION_CONTEXT('2D SPACE',''
  ) );
#2219 = ORIENTED_EDGE('',*,*,#2220,.T.);
#2220 = EDGE_CURVE('',#2198,#2128,#2221,.T.);
#2221 = SURFACE_CURVE('',#2222,(#2226,#2232),.PCURVE_S1.);
#2222 = LINE('',#2223,#2224);
#2223 = CARTESIAN_POINT('',(-127.9866323158,0.,56.));
#2224 = VECTOR('',#2225,1.);
#2225 = DIRECTION('',(1.,0.,-0.));
#2226 = PCURVE('',#807,#2227);
#2227 = DEFINITIONAL_REPRESENTATION('',(#2228),#2231);
#2228 = B_SPLINE_CURVE_WITH_KNOTS('',1,(#2229,#2230),.UNSPECIFIED.,.F.,
  .F.,(2,2),(372.01336768411,472.38663231588),.PIECEWISE_BEZIER_KNOTS.);
#2229 = CARTESIAN_POINT('',(556.,744.02673536822));
#2230 = CARTESIAN_POINT('',(556.,844.4));
#2231 = ( GEOMETRIC_REPRESENTATION_CONTEXT(2) 
PARAMETRIC_REPRESENTATION_CONTEXT() REPRESENTATION_CONTEXT('2D SPACE',''
  ) );
#2232 = PCURVE('',#1856,#2233);
#2233 = DEFINITIONAL_REPRESENTATION('',(#2234),#2237);
#2234 = B_SPLINE_CURVE_WITH_KNOTS('',1,(#2235,#2236),.UNSPECIFIED.,.F.,
  .F.,(2,2),(372.01336768411,472.38663231588),.PIECEWISE_BEZIER_KNOTS.);
#2235 = CARTESIAN_POINT('',(0.,15.));
#2236 = CARTESIAN_POINT('',(100.37326463177,15.));
#2237 = ( GEOMETRIC_REPRESENTATION_CONTEXT(2) 
PARAMETRIC_REPRESENTATION_CONTEXT() REPRESENTATION_CONTEXT('2D SPACE',''
  ) );
#2238 = ORIENTED_EDGE('',*,*,#2127,.T.);
#2239 = ORIENTED_EDGE('',*,*,#792,.F.);
#2240 = ORIENTED_EDGE('',*,*,#2241,.F.);
#2241 = EDGE_CURVE('',#2242,#764,#2244,.T.);
#2242 = VERTEX_POINT('',#2243);
#2243 = CARTESIAN_POINT('',(326.9,-1.959434878636E-15,-1.2));
#2244 = SURFACE_CURVE('',#2245,(#2249,#2256),.PCURVE_S1.);
#2245 = LINE('',#2246,#2247);
#2246 = CARTESIAN_POINT('',(326.9,-1.959434878636E-15,-1.2));
#2247 = VECTOR('',#2248,1.);
#2248 = DIRECTION('',(0.,0.,1.));
#2249 = PCURVE('',#807,#2250);
#2250 = DEFINITIONAL_REPRESENTATION('',(#2251),#2255);
#2251 = LINE('',#2252,#2253);
#2252 = CARTESIAN_POINT('',(498.8,826.9));
#2253 = VECTOR('',#2254,1.);
#2254 = DIRECTION('',(1.,0.));
#2255 = ( GEOMETRIC_REPRESENTATION_CONTEXT(2) 
PARAMETRIC_REPRESENTATION_CONTEXT() REPRESENTATION_CONTEXT('2D SPACE',''
  ) );
#2256 = PCURVE('',#780,#2257);
#2257 = DEFINITIONAL_REPRESENTATION('',(#2258),#2262);
#2258 = LINE('',#2259,#2260);
#2259 = CARTESIAN_POINT('',(0.,-0.));
#2260 = VECTOR('',#2261,1.);
#2261 = DIRECTION('',(0.,1.));
#2262 = ( GEOMETRIC_REPRESENTATION_CONTEXT(2) 
PARAMETRIC_REPRESENTATION_CONTEXT() REPRESENTATION_CONTEXT('2D SPACE',''
  ) );
#2263 = ORIENTED_EDGE('',*,*,#2264,.F.);
#2264 = EDGE_CURVE('',#2265,#2242,#2267,.T.);
#2265 = VERTEX_POINT('',#2266);
#2266 = CARTESIAN_POINT('',(322.5,-8.817456953861E-16,-1.2));
#2267 = SURFACE_CURVE('',#2268,(#2272,#2278),.PCURVE_S1.);
#2268 = LINE('',#2269,#2270);
#2269 = CARTESIAN_POINT('',(-90.55,0.,-1.2));
#2270 = VECTOR('',#2271,1.);
#2271 = DIRECTION('',(1.,0.,-0.));
#2272 = PCURVE('',#807,#2273);
#2273 = DEFINITIONAL_REPRESENTATION('',(#2274),#2277);
#2274 = B_SPLINE_CURVE_WITH_KNOTS('',1,(#2275,#2276),.UNSPECIFIED.,.F.,
  .F.,(2,2),(401.45,417.45),.PIECEWISE_BEZIER_KNOTS.);
#2275 = CARTESIAN_POINT('',(498.8,810.9));
#2276 = CARTESIAN_POINT('',(498.8,826.9));
#2277 = ( GEOMETRIC_REPRESENTATION_CONTEXT(2) 
PARAMETRIC_REPRESENTATION_CONTEXT() REPRESENTATION_CONTEXT('2D SPACE',''
  ) );
#2278 = PCURVE('',#2279,#2284);
#2279 = PLANE('',#2280);
#2280 = AXIS2_PLACEMENT_3D('',#2281,#2282,#2283);
#2281 = CARTESIAN_POINT('',(318.9,0.,-1.2));
#2282 = DIRECTION('',(0.,0.,1.));
#2283 = DIRECTION('',(1.,0.,-0.));
#2284 = DEFINITIONAL_REPRESENTATION('',(#2285),#2288);
#2285 = B_SPLINE_CURVE_WITH_KNOTS('',1,(#2286,#2287),.UNSPECIFIED.,.F.,
  .F.,(2,2),(401.45,417.45),.PIECEWISE_BEZIER_KNOTS.);
#2286 = CARTESIAN_POINT('',(-8.,0.));
#2287 = CARTESIAN_POINT('',(8.,0.));
#2288 = ( GEOMETRIC_REPRESENTATION_CONTEXT(2) 
PARAMETRIC_REPRESENTATION_CONTEXT() REPRESENTATION_CONTEXT('2D SPACE',''
  ) );
#2289 = ORIENTED_EDGE('',*,*,#2290,.T.);
#2290 = EDGE_CURVE('',#2265,#2291,#2293,.T.);
#2291 = VERTEX_POINT('',#2292);
#2292 = CARTESIAN_POINT('',(322.5,-8.817456953861E-16,3.3));
#2293 = SURFACE_CURVE('',#2294,(#2298,#2305),.PCURVE_S1.);
#2294 = LINE('',#2295,#2296);
#2295 = CARTESIAN_POINT('',(322.5,-8.817456953861E-16,-3.5));
#2296 = VECTOR('',#2297,1.);
#2297 = DIRECTION('',(0.,0.,1.));
#2298 = PCURVE('',#807,#2299);
#2299 = DEFINITIONAL_REPRESENTATION('',(#2300),#2304);
#2300 = LINE('',#2301,#2302);
#2301 = CARTESIAN_POINT('',(496.5,822.5));
#2302 = VECTOR('',#2303,1.);
#2303 = DIRECTION('',(1.,0.));
#2304 = ( GEOMETRIC_REPRESENTATION_CONTEXT(2) 
PARAMETRIC_REPRESENTATION_CONTEXT() REPRESENTATION_CONTEXT('2D SPACE',''
  ) );
#2305 = PCURVE('',#1309,#2306);
#2306 = DEFINITIONAL_REPRESENTATION('',(#2307),#2311);
#2307 = LINE('',#2308,#2309);
#2308 = CARTESIAN_POINT('',(0.,-0.));
#2309 = VECTOR('',#2310,1.);
#2310 = DIRECTION('',(0.,1.));
#2311 = ( GEOMETRIC_REPRESENTATION_CONTEXT(2) 
PARAMETRIC_REPRESENTATION_CONTEXT() REPRESENTATION_CONTEXT('2D SPACE',''
  ) );
#2312 = ORIENTED_EDGE('',*,*,#2313,.T.);
#2313 = EDGE_CURVE('',#2291,#2314,#2316,.T.);
#2314 = VERTEX_POINT('',#2315);
#2315 = CARTESIAN_POINT('',(323.2926983722,0.,3.3));
#2316 = SURFACE_CURVE('',#2317,(#2321,#2327),.PCURVE_S1.);
#2317 = LINE('',#2318,#2319);
#2318 = CARTESIAN_POINT('',(-84.55,0.,3.3));
#2319 = VECTOR('',#2320,1.);
#2320 = DIRECTION('',(1.,0.,-0.));
#2321 = PCURVE('',#807,#2322);
#2322 = DEFINITIONAL_REPRESENTATION('',(#2323),#2326);
#2323 = B_SPLINE_CURVE_WITH_KNOTS('',1,(#2324,#2325),.UNSPECIFIED.,.F.,
  .F.,(2,2),(404.94833333333,407.8426983722),.PIECEWISE_BEZIER_KNOTS.);
#2324 = CARTESIAN_POINT('',(503.3,820.39833333333));
#2325 = CARTESIAN_POINT('',(503.3,823.2926983722));
#2326 = ( GEOMETRIC_REPRESENTATION_CONTEXT(2) 
PARAMETRIC_REPRESENTATION_CONTEXT() REPRESENTATION_CONTEXT('2D SPACE',''
  ) );
#2327 = PCURVE('',#2328,#2333);
#2328 = PLANE('',#2329);
#2329 = AXIS2_PLACEMENT_3D('',#2330,#2331,#2332);
#2330 = CARTESIAN_POINT('',(330.9,0.,3.3));
#2331 = DIRECTION('',(0.,0.,1.));
#2332 = DIRECTION('',(1.,0.,-0.));
#2333 = DEFINITIONAL_REPRESENTATION('',(#2334),#2337);
#2334 = B_SPLINE_CURVE_WITH_KNOTS('',1,(#2335,#2336),.UNSPECIFIED.,.F.,
  .F.,(2,2),(404.94833333333,407.8426983722),.PIECEWISE_BEZIER_KNOTS.);
#2335 = CARTESIAN_POINT('',(-10.50166666666,0.));
#2336 = CARTESIAN_POINT('',(-7.607301627792,0.));
#2337 = ( GEOMETRIC_REPRESENTATION_CONTEXT(2) 
PARAMETRIC_REPRESENTATION_CONTEXT() REPRESENTATION_CONTEXT('2D SPACE',''
  ) );
#2338 = ORIENTED_EDGE('',*,*,#2339,.F.);
#2339 = EDGE_CURVE('',#2340,#2314,#2342,.T.);
#2340 = VERTEX_POINT('',#2341);
#2341 = CARTESIAN_POINT('',(341.9,0.,21.907301627792));
#2342 = SURFACE_CURVE('',#2343,(#2347,#2353),.PCURVE_S1.);
#2343 = LINE('',#2344,#2345);
#2344 = CARTESIAN_POINT('',(-180.4803461105,0.,-500.4730444827));
#2345 = VECTOR('',#2346,1.);
#2346 = DIRECTION('',(-0.707106781187,0.,-0.707106781187));
#2347 = PCURVE('',#807,#2348);
#2348 = DEFINITIONAL_REPRESENTATION('',(#2349),#2352);
#2349 = B_SPLINE_CURVE_WITH_KNOTS('',1,(#2350,#2351),.UNSPECIFIED.,.F.,
  .F.,(2,2),(-738.7573701866,-712.4426718654),.PIECEWISE_BEZIER_KNOTS.);
#2350 = CARTESIAN_POINT('',(521.90730162779,841.9));
#2351 = CARTESIAN_POINT('',(503.3,823.2926983722));
#2352 = ( GEOMETRIC_REPRESENTATION_CONTEXT(2) 
PARAMETRIC_REPRESENTATION_CONTEXT() REPRESENTATION_CONTEXT('2D SPACE',''
  ) );
#2353 = PCURVE('',#2354,#2359);
#2354 = PLANE('',#2355);
#2355 = AXIS2_PLACEMENT_3D('',#2356,#2357,#2358);
#2356 = CARTESIAN_POINT('',(-20.95704140717,-500.,-340.9497397793));
#2357 = DIRECTION('',(0.707106781187,0.,-0.707106781187));
#2358 = DIRECTION('',(0.707106781187,0.,0.707106781187));
#2359 = DEFINITIONAL_REPRESENTATION('',(#2360),#2363);
#2360 = B_SPLINE_CURVE_WITH_KNOTS('',1,(#2361,#2362),.UNSPECIFIED.,.F.,
  .F.,(2,2),(-738.7573701866,-712.4426718654),.PIECEWISE_BEZIER_KNOTS.);
#2361 = CARTESIAN_POINT('',(513.15734916059,-500.));
#2362 = CARTESIAN_POINT('',(486.8426508394,-500.));
#2363 = ( GEOMETRIC_REPRESENTATION_CONTEXT(2) 
PARAMETRIC_REPRESENTATION_CONTEXT() REPRESENTATION_CONTEXT('2D SPACE',''
  ) );
#2364 = ORIENTED_EDGE('',*,*,#2365,.F.);
#2365 = EDGE_CURVE('',#2366,#2340,#2368,.T.);
#2366 = VERTEX_POINT('',#2367);
#2367 = CARTESIAN_POINT('',(341.9,-3.426222473241E-13,25.3));
#2368 = SURFACE_CURVE('',#2369,(#2373,#2379),.PCURVE_S1.);
#2369 = LINE('',#2370,#2371);
#2370 = CARTESIAN_POINT('',(341.9,0.,-242.85));
#2371 = VECTOR('',#2372,1.);
#2372 = DIRECTION('',(2.22044604925E-16,0.,-1.));
#2373 = PCURVE('',#807,#2374);
#2374 = DEFINITIONAL_REPRESENTATION('',(#2375),#2378);
#2375 = B_SPLINE_CURVE_WITH_KNOTS('',1,(#2376,#2377),.UNSPECIFIED.,.F.,
  .F.,(2,2),(-268.15,-264.7573016277),.PIECEWISE_BEZIER_KNOTS.);
#2376 = CARTESIAN_POINT('',(525.3,841.9));
#2377 = CARTESIAN_POINT('',(521.90730162779,841.9));
#2378 = ( GEOMETRIC_REPRESENTATION_CONTEXT(2) 
PARAMETRIC_REPRESENTATION_CONTEXT() REPRESENTATION_CONTEXT('2D SPACE',''
  ) );
#2379 = PCURVE('',#2380,#2385);
#2380 = PLANE('',#2381);
#2381 = AXIS2_PLACEMENT_3D('',#2382,#2383,#2384);
#2382 = CARTESIAN_POINT('',(341.9,0.,14.3));
#2383 = DIRECTION('',(1.,0.,2.22044604925E-16));
#2384 = DIRECTION('',(2.22044604925E-16,0.,-1.));
#2385 = DEFINITIONAL_REPRESENTATION('',(#2386),#2389);
#2386 = B_SPLINE_CURVE_WITH_KNOTS('',1,(#2387,#2388),.UNSPECIFIED.,.F.,
  .F.,(2,2),(-268.15,-264.7573016277),.PIECEWISE_BEZIER_KNOTS.);
#2387 = CARTESIAN_POINT('',(-11.,0.));
#2388 = CARTESIAN_POINT('',(-7.607301627792,0.));
#2389 = ( GEOMETRIC_REPRESENTATION_CONTEXT(2) 
PARAMETRIC_REPRESENTATION_CONTEXT() REPRESENTATION_CONTEXT('2D SPACE',''
  ) );
#2390 = ORIENTED_EDGE('',*,*,#2391,.T.);
#2391 = EDGE_CURVE('',#2366,#2392,#2394,.T.);
#2392 = VERTEX_POINT('',#2393);
#2393 = CARTESIAN_POINT('',(341.9,-2.694222958124E-15,29.3));
#2394 = SURFACE_CURVE('',#2395,(#2399,#2406),.PCURVE_S1.);
#2395 = LINE('',#2396,#2397);
#2396 = CARTESIAN_POINT('',(341.9,-2.694222958124E-15,3.3));
#2397 = VECTOR('',#2398,1.);
#2398 = DIRECTION('',(0.,0.,1.));
#2399 = PCURVE('',#807,#2400);
#2400 = DEFINITIONAL_REPRESENTATION('',(#2401),#2405);
#2401 = LINE('',#2402,#2403);
#2402 = CARTESIAN_POINT('',(503.3,841.9));
#2403 = VECTOR('',#2404,1.);
#2404 = DIRECTION('',(1.,0.));
#2405 = ( GEOMETRIC_REPRESENTATION_CONTEXT(2) 
PARAMETRIC_REPRESENTATION_CONTEXT() REPRESENTATION_CONTEXT('2D SPACE',''
  ) );
#2406 = PCURVE('',#1157,#2407);
#2407 = DEFINITIONAL_REPRESENTATION('',(#2408),#2412);
#2408 = LINE('',#2409,#2410);
#2409 = CARTESIAN_POINT('',(0.,-0.));
#2410 = VECTOR('',#2411,1.);
#2411 = DIRECTION('',(0.,1.));
#2412 = ( GEOMETRIC_REPRESENTATION_CONTEXT(2) 
PARAMETRIC_REPRESENTATION_CONTEXT() REPRESENTATION_CONTEXT('2D SPACE',''
  ) );
#2413 = ORIENTED_EDGE('',*,*,#2414,.F.);
#2414 = EDGE_CURVE('',#2415,#2392,#2417,.T.);
#2415 = VERTEX_POINT('',#2416);
#2416 = CARTESIAN_POINT('',(341.9,0.,32.692698372208));
#2417 = SURFACE_CURVE('',#2418,(#2422,#2428),.PCURVE_S1.);
#2418 = LINE('',#2419,#2420);
#2419 = CARTESIAN_POINT('',(341.9,0.,-229.85));
#2420 = VECTOR('',#2421,1.);
#2421 = DIRECTION('',(2.22044604925E-16,0.,-1.));
#2422 = PCURVE('',#807,#2423);
#2423 = DEFINITIONAL_REPRESENTATION('',(#2424),#2427);
#2424 = B_SPLINE_CURVE_WITH_KNOTS('',1,(#2425,#2426),.UNSPECIFIED.,.F.,
  .F.,(2,2),(-262.5426983722,-259.15),.PIECEWISE_BEZIER_KNOTS.);
#2425 = CARTESIAN_POINT('',(532.6926983722,841.9));
#2426 = CARTESIAN_POINT('',(529.3,841.9));
#2427 = ( GEOMETRIC_REPRESENTATION_CONTEXT(2) 
PARAMETRIC_REPRESENTATION_CONTEXT() REPRESENTATION_CONTEXT('2D SPACE',''
  ) );
#2428 = PCURVE('',#2429,#2434);
#2429 = PLANE('',#2430);
#2430 = AXIS2_PLACEMENT_3D('',#2431,#2432,#2433);
#2431 = CARTESIAN_POINT('',(341.9,0.,40.3));
#2432 = DIRECTION('',(1.,0.,2.22044604925E-16));
#2433 = DIRECTION('',(2.22044604925E-16,0.,-1.));
#2434 = DEFINITIONAL_REPRESENTATION('',(#2435),#2438);
#2435 = B_SPLINE_CURVE_WITH_KNOTS('',1,(#2436,#2437),.UNSPECIFIED.,.F.,
  .F.,(2,2),(-262.5426983722,-259.15),.PIECEWISE_BEZIER_KNOTS.);
#2436 = CARTESIAN_POINT('',(7.607301627792,0.));
#2437 = CARTESIAN_POINT('',(11.,0.));
#2438 = ( GEOMETRIC_REPRESENTATION_CONTEXT(2) 
PARAMETRIC_REPRESENTATION_CONTEXT() REPRESENTATION_CONTEXT('2D SPACE',''
  ) );
#2439 = ORIENTED_EDGE('',*,*,#2440,.F.);
#2440 = EDGE_CURVE('',#2441,#2415,#2443,.T.);
#2441 = VERTEX_POINT('',#2442);
#2442 = CARTESIAN_POINT('',(323.2926983722,0.,51.3));
#2443 = SURFACE_CURVE('',#2444,(#2448,#2454),.PCURVE_S1.);
#2444 = LINE('',#2445,#2446);
#2445 = CARTESIAN_POINT('',(436.72304448274,0.,-62.13034611053));
#2446 = VECTOR('',#2447,1.);
#2447 = DIRECTION('',(0.707106781187,0.,-0.707106781187));
#2448 = PCURVE('',#807,#2449);
#2449 = DEFINITIONAL_REPRESENTATION('',(#2450),#2453);
#2450 = B_SPLINE_CURVE_WITH_KNOTS('',1,(#2451,#2452),.UNSPECIFIED.,.F.,
  .F.,(2,2),(-160.4147338541,-134.100035533),.PIECEWISE_BEZIER_KNOTS.);
#2451 = CARTESIAN_POINT('',(551.3,823.2926983722));
#2452 = CARTESIAN_POINT('',(532.6926983722,841.9));
#2453 = ( GEOMETRIC_REPRESENTATION_CONTEXT(2) 
PARAMETRIC_REPRESENTATION_CONTEXT() REPRESENTATION_CONTEXT('2D SPACE',''
  ) );
#2454 = PCURVE('',#2455,#2460);
#2455 = PLANE('',#2456);
#2456 = AXIS2_PLACEMENT_3D('',#2457,#2458,#2459);
#2457 = CARTESIAN_POINT('',(686.14973977937,-500.,-311.5570414071));
#2458 = DIRECTION('',(0.707106781187,0.,0.707106781187));
#2459 = DIRECTION('',(-0.707106781187,0.,0.707106781187));
#2460 = DEFINITIONAL_REPRESENTATION('',(#2461),#2464);
#2461 = B_SPLINE_CURVE_WITH_KNOTS('',1,(#2462,#2463),.UNSPECIFIED.,.F.,
  .F.,(2,2),(-160.4147338541,-134.100035533),.PIECEWISE_BEZIER_KNOTS.);
#2462 = CARTESIAN_POINT('',(513.15734916059,-500.));
#2463 = CARTESIAN_POINT('',(486.8426508394,-500.));
#2464 = ( GEOMETRIC_REPRESENTATION_CONTEXT(2) 
PARAMETRIC_REPRESENTATION_CONTEXT() REPRESENTATION_CONTEXT('2D SPACE',''
  ) );
#2465 = ORIENTED_EDGE('',*,*,#2466,.F.);
#2466 = EDGE_CURVE('',#2177,#2441,#2467,.T.);
#2467 = SURFACE_CURVE('',#2468,(#2472,#2478),.PCURVE_S1.);
#2468 = LINE('',#2469,#2470);
#2469 = CARTESIAN_POINT('',(-84.55,0.,51.3));
#2470 = VECTOR('',#2471,1.);
#2471 = DIRECTION('',(1.,0.,-0.));
#2472 = PCURVE('',#807,#2473);
#2473 = DEFINITIONAL_REPRESENTATION('',(#2474),#2477);
#2474 = B_SPLINE_CURVE_WITH_KNOTS('',1,(#2475,#2476),.UNSPECIFIED.,.F.,
  .F.,(2,2),(404.45,407.8426983722),.PIECEWISE_BEZIER_KNOTS.);
#2475 = CARTESIAN_POINT('',(551.3,819.9));
#2476 = CARTESIAN_POINT('',(551.3,823.2926983722));
#2477 = ( GEOMETRIC_REPRESENTATION_CONTEXT(2) 
PARAMETRIC_REPRESENTATION_CONTEXT() REPRESENTATION_CONTEXT('2D SPACE',''
  ) );
#2478 = PCURVE('',#2479,#2484);
#2479 = PLANE('',#2480);
#2480 = AXIS2_PLACEMENT_3D('',#2481,#2482,#2483);
#2481 = CARTESIAN_POINT('',(330.9,0.,51.3));
#2482 = DIRECTION('',(0.,0.,1.));
#2483 = DIRECTION('',(1.,0.,-0.));
#2484 = DEFINITIONAL_REPRESENTATION('',(#2485),#2488);
#2485 = B_SPLINE_CURVE_WITH_KNOTS('',1,(#2486,#2487),.UNSPECIFIED.,.F.,
  .F.,(2,2),(404.45,407.8426983722),.PIECEWISE_BEZIER_KNOTS.);
#2486 = CARTESIAN_POINT('',(-11.,0.));
#2487 = CARTESIAN_POINT('',(-7.607301627792,0.));
#2488 = ( GEOMETRIC_REPRESENTATION_CONTEXT(2) 
PARAMETRIC_REPRESENTATION_CONTEXT() REPRESENTATION_CONTEXT('2D SPACE',''
  ) );
#2489 = FACE_BOUND('',#2490,.F.);
#2490 = EDGE_LOOP('',(#2491));
#2491 = ORIENTED_EDGE('',*,*,#2492,.T.);
#2492 = EDGE_CURVE('',#2493,#2493,#2495,.T.);
#2493 = VERTEX_POINT('',#2494);
#2494 = CARTESIAN_POINT('',(271.25,0.,53.5));
#2495 = SURFACE_CURVE('',#2496,(#2501,#2512),.PCURVE_S1.);
#2496 = CIRCLE('',#2497,1.25);
#2497 = AXIS2_PLACEMENT_3D('',#2498,#2499,#2500);
#2498 = CARTESIAN_POINT('',(270.,0.,53.5));
#2499 = DIRECTION('',(0.,-1.,2.22044604925E-16));
#2500 = DIRECTION('',(1.,0.,0.));
#2501 = PCURVE('',#807,#2502);
#2502 = DEFINITIONAL_REPRESENTATION('',(#2503),#2511);
#2503 = ( BOUNDED_CURVE() B_SPLINE_CURVE(2,(#2504,#2505,#2506,#2507,
#2508,#2509,#2510),.UNSPECIFIED.,.T.,.F.) B_SPLINE_CURVE_WITH_KNOTS((1,2
    ,2,2,2,1),(-2.094395102393,0.,2.094395102393,4.188790204786,
6.28318530718,8.377580409573),.UNSPECIFIED.) CURVE() 
GEOMETRIC_REPRESENTATION_ITEM() RATIONAL_B_SPLINE_CURVE((1.,0.5,1.,0.5,
1.,0.5,1.)) REPRESENTATION_ITEM('') );
#2504 = CARTESIAN_POINT('',(553.5,771.25));
#2505 = CARTESIAN_POINT('',(555.66506350946,771.25));
#2506 = CARTESIAN_POINT('',(554.58253175473,769.375));
#2507 = CARTESIAN_POINT('',(553.5,767.5));
#2508 = CARTESIAN_POINT('',(552.41746824526,769.375));
#2509 = CARTESIAN_POINT('',(551.33493649053,771.25));
#2510 = CARTESIAN_POINT('',(553.5,771.25));
#2511 = ( GEOMETRIC_REPRESENTATION_CONTEXT(2) 
PARAMETRIC_REPRESENTATION_CONTEXT() REPRESENTATION_CONTEXT('2D SPACE',''
  ) );
#2512 = PCURVE('',#2513,#2518);
#2513 = CYLINDRICAL_SURFACE('',#2514,1.25);
#2514 = AXIS2_PLACEMENT_3D('',#2515,#2516,#2517);
#2515 = CARTESIAN_POINT('',(270.,2.2,53.5));
#2516 = DIRECTION('',(0.,-1.,2.22044604925E-16));
#2517 = DIRECTION('',(1.,0.,0.));
#2518 = DEFINITIONAL_REPRESENTATION('',(#2519),#2523);
#2519 = LINE('',#2520,#2521);
#2520 = CARTESIAN_POINT('',(0.,2.2));
#2521 = VECTOR('',#2522,1.);
#2522 = DIRECTION('',(1.,0.));
#2523 = ( GEOMETRIC_REPRESENTATION_CONTEXT(2) 
PARAMETRIC_REPRESENTATION_CONTEXT() REPRESENTATION_CONTEXT('2D SPACE',''
  ) );
#2524 = FACE_BOUND('',#2525,.F.);
#2525 = EDGE_LOOP('',(#2526));
#2526 = ORIENTED_EDGE('',*,*,#2527,.T.);
#2527 = EDGE_CURVE('',#2528,#2528,#2530,.T.);
#2528 = VERTEX_POINT('',#2529);
#2529 = CARTESIAN_POINT('',(326.25,0.,53.5));
#2530 = SURFACE_CURVE('',#2531,(#2536,#2547),.PCURVE_S1.);
#2531 = CIRCLE('',#2532,1.25);
#2532 = AXIS2_PLACEMENT_3D('',#2533,#2534,#2535);
#2533 = CARTESIAN_POINT('',(325.,0.,53.5));
#2534 = DIRECTION('',(0.,-1.,2.22044604925E-16));
#2535 = DIRECTION('',(1.,0.,0.));
#2536 = PCURVE('',#807,#2537);
#2537 = DEFINITIONAL_REPRESENTATION('',(#2538),#2546);
#2538 = ( BOUNDED_CURVE() B_SPLINE_CURVE(2,(#2539,#2540,#2541,#2542,
#2543,#2544,#2545),.UNSPECIFIED.,.T.,.F.) B_SPLINE_CURVE_WITH_KNOTS((1,2
    ,2,2,2,1),(-2.094395102393,0.,2.094395102393,4.188790204786,
6.28318530718,8.377580409573),.UNSPECIFIED.) CURVE() 
GEOMETRIC_REPRESENTATION_ITEM() RATIONAL_B_SPLINE_CURVE((1.,0.5,1.,0.5,
1.,0.5,1.)) REPRESENTATION_ITEM('') );
#2539 = CARTESIAN_POINT('',(553.5,826.25));
#2540 = CARTESIAN_POINT('',(555.66506350946,826.25));
#2541 = CARTESIAN_POINT('',(554.58253175473,824.375));
#2542 = CARTESIAN_POINT('',(553.5,822.5));
#2543 = CARTESIAN_POINT('',(552.41746824526,824.375));
#2544 = CARTESIAN_POINT('',(551.33493649053,826.25));
#2545 = CARTESIAN_POINT('',(553.5,826.25));
#2546 = ( GEOMETRIC_REPRESENTATION_CONTEXT(2) 
PARAMETRIC_REPRESENTATION_CONTEXT() REPRESENTATION_CONTEXT('2D SPACE',''
  ) );
#2547 = PCURVE('',#2548,#2553);
#2548 = CYLINDRICAL_SURFACE('',#2549,1.25);
#2549 = AXIS2_PLACEMENT_3D('',#2550,#2551,#2552);
#2550 = CARTESIAN_POINT('',(325.,2.2,53.5));
#2551 = DIRECTION('',(0.,-1.,2.22044604925E-16));
#2552 = DIRECTION('',(1.,0.,0.));
#2553 = DEFINITIONAL_REPRESENTATION('',(#2554),#2558);
#2554 = LINE('',#2555,#2556);
#2555 = CARTESIAN_POINT('',(0.,2.2));
#2556 = VECTOR('',#2557,1.);
#2557 = DIRECTION('',(1.,0.));
#2558 = ( GEOMETRIC_REPRESENTATION_CONTEXT(2) 
PARAMETRIC_REPRESENTATION_CONTEXT() REPRESENTATION_CONTEXT('2D SPACE',''
  ) );
#2559 = ADVANCED_FACE('',(#2560),#780,.T.);
#2560 = FACE_BOUND('',#2561,.T.);
#2561 = EDGE_LOOP('',(#2562,#2563,#2564,#2588));
#2562 = ORIENTED_EDGE('',*,*,#763,.F.);
#2563 = ORIENTED_EDGE('',*,*,#2241,.F.);
#2564 = ORIENTED_EDGE('',*,*,#2565,.T.);
#2565 = EDGE_CURVE('',#2242,#2566,#2568,.T.);
#2566 = VERTEX_POINT('',#2567);
#2567 = CARTESIAN_POINT('',(310.9,9.797174393179E-16,-1.2));
#2568 = SURFACE_CURVE('',#2569,(#2574,#2581),.PCURVE_S1.);
#2569 = CIRCLE('',#2570,8.);
#2570 = AXIS2_PLACEMENT_3D('',#2571,#2572,#2573);
#2571 = CARTESIAN_POINT('',(318.9,0.,-1.2));
#2572 = DIRECTION('',(0.,0.,1.));
#2573 = DIRECTION('',(1.,0.,-0.));
#2574 = PCURVE('',#780,#2575);
#2575 = DEFINITIONAL_REPRESENTATION('',(#2576),#2580);
#2576 = LINE('',#2577,#2578);
#2577 = CARTESIAN_POINT('',(0.,0.));
#2578 = VECTOR('',#2579,1.);
#2579 = DIRECTION('',(1.,0.));
#2580 = ( GEOMETRIC_REPRESENTATION_CONTEXT(2) 
PARAMETRIC_REPRESENTATION_CONTEXT() REPRESENTATION_CONTEXT('2D SPACE',''
  ) );
#2581 = PCURVE('',#2279,#2582);
#2582 = DEFINITIONAL_REPRESENTATION('',(#2583),#2587);
#2583 = CIRCLE('',#2584,8.);
#2584 = AXIS2_PLACEMENT_2D('',#2585,#2586);
#2585 = CARTESIAN_POINT('',(0.,0.));
#2586 = DIRECTION('',(1.,0.));
#2587 = ( GEOMETRIC_REPRESENTATION_CONTEXT(2) 
PARAMETRIC_REPRESENTATION_CONTEXT() REPRESENTATION_CONTEXT('2D SPACE',''
  ) );
#2588 = ORIENTED_EDGE('',*,*,#2589,.T.);
#2589 = EDGE_CURVE('',#2566,#738,#2590,.T.);
#2590 = SURFACE_CURVE('',#2591,(#2595,#2601),.PCURVE_S1.);
#2591 = LINE('',#2592,#2593);
#2592 = CARTESIAN_POINT('',(310.9,0.,-1.2));
#2593 = VECTOR('',#2594,1.);
#2594 = DIRECTION('',(0.,0.,1.));
#2595 = PCURVE('',#780,#2596);
#2596 = DEFINITIONAL_REPRESENTATION('',(#2597),#2600);
#2597 = B_SPLINE_CURVE_WITH_KNOTS('',1,(#2598,#2599),.UNSPECIFIED.,.F.,
  .F.,(2,2),(-5.999999999062E-07,1.2000006),.PIECEWISE_BEZIER_KNOTS.);
#2598 = CARTESIAN_POINT('',(3.14159265359,-5.999999999062E-07));
#2599 = CARTESIAN_POINT('',(3.14159265359,1.2000006));
#2600 = ( GEOMETRIC_REPRESENTATION_CONTEXT(2) 
PARAMETRIC_REPRESENTATION_CONTEXT() REPRESENTATION_CONTEXT('2D SPACE',''
  ) );
#2601 = PCURVE('',#752,#2602);
#2602 = DEFINITIONAL_REPRESENTATION('',(#2603),#2606);
#2603 = B_SPLINE_CURVE_WITH_KNOTS('',1,(#2604,#2605),.UNSPECIFIED.,.F.,
  .F.,(2,2),(-5.999999999062E-07,1.2000006),.PIECEWISE_BEZIER_KNOTS.);
#2604 = CARTESIAN_POINT('',(498.7999994,810.9));
#2605 = CARTESIAN_POINT('',(500.0000006,810.9));
#2606 = ( GEOMETRIC_REPRESENTATION_CONTEXT(2) 
PARAMETRIC_REPRESENTATION_CONTEXT() REPRESENTATION_CONTEXT('2D SPACE',''
  ) );
#2607 = ADVANCED_FACE('',(#2608),#752,.F.);
#2608 = FACE_BOUND('',#2609,.F.);
#2609 = EDGE_LOOP('',(#2610,#2611,#2632,#2633,#2654,#2673));
#2610 = ORIENTED_EDGE('',*,*,#737,.F.);
#2611 = ORIENTED_EDGE('',*,*,#2612,.T.);
#2612 = EDGE_CURVE('',#709,#1357,#2613,.T.);
#2613 = SURFACE_CURVE('',#2614,(#2618,#2625),.PCURVE_S1.);
#2614 = LINE('',#2615,#2616);
#2615 = CARTESIAN_POINT('',(297.03399836738,-1.530808498934E-15,-3.5));
#2616 = VECTOR('',#2617,1.);
#2617 = DIRECTION('',(0.,0.,1.));
#2618 = PCURVE('',#752,#2619);
#2619 = DEFINITIONAL_REPRESENTATION('',(#2620),#2624);
#2620 = LINE('',#2621,#2622);
#2621 = CARTESIAN_POINT('',(496.5,797.03399836738));
#2622 = VECTOR('',#2623,1.);
#2623 = DIRECTION('',(1.,0.));
#2624 = ( GEOMETRIC_REPRESENTATION_CONTEXT(2) 
PARAMETRIC_REPRESENTATION_CONTEXT() REPRESENTATION_CONTEXT('2D SPACE',''
  ) );
#2625 = PCURVE('',#725,#2626);
#2626 = DEFINITIONAL_REPRESENTATION('',(#2627),#2631);
#2627 = LINE('',#2628,#2629);
#2628 = CARTESIAN_POINT('',(0.,-0.));
#2629 = VECTOR('',#2630,1.);
#2630 = DIRECTION('',(0.,1.));
#2631 = ( GEOMETRIC_REPRESENTATION_CONTEXT(2) 
PARAMETRIC_REPRESENTATION_CONTEXT() REPRESENTATION_CONTEXT('2D SPACE',''
  ) );
#2632 = ORIENTED_EDGE('',*,*,#1356,.T.);
#2633 = ORIENTED_EDGE('',*,*,#2634,.F.);
#2634 = EDGE_CURVE('',#2635,#1224,#2637,.T.);
#2635 = VERTEX_POINT('',#2636);
#2636 = CARTESIAN_POINT('',(315.3,4.40872847693E-16,-1.2));
#2637 = SURFACE_CURVE('',#2638,(#2642,#2648),.PCURVE_S1.);
#2638 = LINE('',#2639,#2640);
#2639 = CARTESIAN_POINT('',(315.3,0.,-3.5));
#2640 = VECTOR('',#2641,1.);
#2641 = DIRECTION('',(0.,0.,1.));
#2642 = PCURVE('',#752,#2643);
#2643 = DEFINITIONAL_REPRESENTATION('',(#2644),#2647);
#2644 = B_SPLINE_CURVE_WITH_KNOTS('',1,(#2645,#2646),.UNSPECIFIED.,.F.,
  .F.,(2,2),(2.2999994,7.405771431851),.PIECEWISE_BEZIER_KNOTS.);
#2645 = CARTESIAN_POINT('',(498.7999994,815.3));
#2646 = CARTESIAN_POINT('',(503.90577143185,815.3));
#2647 = ( GEOMETRIC_REPRESENTATION_CONTEXT(2) 
PARAMETRIC_REPRESENTATION_CONTEXT() REPRESENTATION_CONTEXT('2D SPACE',''
  ) );
#2648 = PCURVE('',#1309,#2649);
#2649 = DEFINITIONAL_REPRESENTATION('',(#2650),#2653);
#2650 = B_SPLINE_CURVE_WITH_KNOTS('',1,(#2651,#2652),.UNSPECIFIED.,.F.,
  .F.,(2,2),(2.2999994,7.405771431851),.PIECEWISE_BEZIER_KNOTS.);
#2651 = CARTESIAN_POINT('',(3.14159265359,2.2999994));
#2652 = CARTESIAN_POINT('',(3.14159265359,7.405771431851));
#2653 = ( GEOMETRIC_REPRESENTATION_CONTEXT(2) 
PARAMETRIC_REPRESENTATION_CONTEXT() REPRESENTATION_CONTEXT('2D SPACE',''
  ) );
#2654 = ORIENTED_EDGE('',*,*,#2655,.F.);
#2655 = EDGE_CURVE('',#2566,#2635,#2656,.T.);
#2656 = SURFACE_CURVE('',#2657,(#2661,#2667),.PCURVE_S1.);
#2657 = LINE('',#2658,#2659);
#2658 = CARTESIAN_POINT('',(-90.55,0.,-1.2));
#2659 = VECTOR('',#2660,1.);
#2660 = DIRECTION('',(1.,0.,-0.));
#2661 = PCURVE('',#752,#2662);
#2662 = DEFINITIONAL_REPRESENTATION('',(#2663),#2666);
#2663 = B_SPLINE_CURVE_WITH_KNOTS('',1,(#2664,#2665),.UNSPECIFIED.,.F.,
  .F.,(2,2),(401.45,417.45),.PIECEWISE_BEZIER_KNOTS.);
#2664 = CARTESIAN_POINT('',(498.8,810.9));
#2665 = CARTESIAN_POINT('',(498.8,826.9));
#2666 = ( GEOMETRIC_REPRESENTATION_CONTEXT(2) 
PARAMETRIC_REPRESENTATION_CONTEXT() REPRESENTATION_CONTEXT('2D SPACE',''
  ) );
#2667 = PCURVE('',#2279,#2668);
#2668 = DEFINITIONAL_REPRESENTATION('',(#2669),#2672);
#2669 = B_SPLINE_CURVE_WITH_KNOTS('',1,(#2670,#2671),.UNSPECIFIED.,.F.,
  .F.,(2,2),(401.45,417.45),.PIECEWISE_BEZIER_KNOTS.);
#2670 = CARTESIAN_POINT('',(-8.,0.));
#2671 = CARTESIAN_POINT('',(8.,0.));
#2672 = ( GEOMETRIC_REPRESENTATION_CONTEXT(2) 
PARAMETRIC_REPRESENTATION_CONTEXT() REPRESENTATION_CONTEXT('2D SPACE',''
  ) );
#2673 = ORIENTED_EDGE('',*,*,#2589,.T.);
#2674 = ADVANCED_FACE('',(#2675),#725,.F.);
#2675 = FACE_BOUND('',#2676,.F.);
#2676 = EDGE_LOOP('',(#2677,#2678,#2679,#2680));
#2677 = ORIENTED_EDGE('',*,*,#1379,.F.);
#2678 = ORIENTED_EDGE('',*,*,#2612,.F.);
#2679 = ORIENTED_EDGE('',*,*,#708,.T.);
#2680 = ORIENTED_EDGE('',*,*,#2681,.T.);
#2681 = EDGE_CURVE('',#683,#1380,#2682,.T.);
#2682 = SURFACE_CURVE('',#2683,(#2687,#2693),.PCURVE_S1.);
#2683 = LINE('',#2684,#2685);
#2684 = CARTESIAN_POINT('',(284.53399836738,0.,-3.5));
#2685 = VECTOR('',#2686,1.);
#2686 = DIRECTION('',(0.,0.,1.));
#2687 = PCURVE('',#725,#2688);
#2688 = DEFINITIONAL_REPRESENTATION('',(#2689),#2692);
#2689 = B_SPLINE_CURVE_WITH_KNOTS('',1,(#2690,#2691),.UNSPECIFIED.,.F.,
  .F.,(2,2),(3.4999994,8.748067104884),.PIECEWISE_BEZIER_KNOTS.);
#2690 = CARTESIAN_POINT('',(3.14159265359,3.4999994));
#2691 = CARTESIAN_POINT('',(3.14159265359,8.748067104884));
#2692 = ( GEOMETRIC_REPRESENTATION_CONTEXT(2) 
PARAMETRIC_REPRESENTATION_CONTEXT() REPRESENTATION_CONTEXT('2D SPACE',''
  ) );
#2693 = PCURVE('',#697,#2694);
#2694 = DEFINITIONAL_REPRESENTATION('',(#2695),#2698);
#2695 = B_SPLINE_CURVE_WITH_KNOTS('',1,(#2696,#2697),.UNSPECIFIED.,.F.,
  .F.,(2,2),(3.4999994,8.748067104884),.PIECEWISE_BEZIER_KNOTS.);
#2696 = CARTESIAN_POINT('',(499.9999994,784.53399836738));
#2697 = CARTESIAN_POINT('',(505.24806710488,784.53399836738));
#2698 = ( GEOMETRIC_REPRESENTATION_CONTEXT(2) 
PARAMETRIC_REPRESENTATION_CONTEXT() REPRESENTATION_CONTEXT('2D SPACE',''
  ) );
#2699 = ADVANCED_FACE('',(#2700),#697,.F.);
#2700 = FACE_BOUND('',#2701,.F.);
#2701 = EDGE_LOOP('',(#2702,#2703,#2704,#2705));
#2702 = ORIENTED_EDGE('',*,*,#682,.F.);
#2703 = ORIENTED_EDGE('',*,*,#1055,.T.);
#2704 = ORIENTED_EDGE('',*,*,#1564,.T.);
#2705 = ORIENTED_EDGE('',*,*,#2681,.F.);
#2706 = ADVANCED_FACE('',(#2707),#1309,.F.);
#2707 = FACE_BOUND('',#2708,.F.);
#2708 = EDGE_LOOP('',(#2709,#2733,#2734,#2756,#2757,#2758));
#2709 = ORIENTED_EDGE('',*,*,#2710,.F.);
#2710 = EDGE_CURVE('',#2291,#2711,#2713,.T.);
#2711 = VERTEX_POINT('',#2712);
#2712 = CARTESIAN_POINT('',(320.39833333333,3.273377036367,3.3));
#2713 = SURFACE_CURVE('',#2714,(#2719,#2726),.PCURVE_S1.);
#2714 = CIRCLE('',#2715,3.6);
#2715 = AXIS2_PLACEMENT_3D('',#2716,#2717,#2718);
#2716 = CARTESIAN_POINT('',(318.9,0.,3.3));
#2717 = DIRECTION('',(0.,0.,1.));
#2718 = DIRECTION('',(1.,0.,-0.));
#2719 = PCURVE('',#1309,#2720);
#2720 = DEFINITIONAL_REPRESENTATION('',(#2721),#2725);
#2721 = LINE('',#2722,#2723);
#2722 = CARTESIAN_POINT('',(0.,6.8));
#2723 = VECTOR('',#2724,1.);
#2724 = DIRECTION('',(1.,0.));
#2725 = ( GEOMETRIC_REPRESENTATION_CONTEXT(2) 
PARAMETRIC_REPRESENTATION_CONTEXT() REPRESENTATION_CONTEXT('2D SPACE',''
  ) );
#2726 = PCURVE('',#2328,#2727);
#2727 = DEFINITIONAL_REPRESENTATION('',(#2728),#2732);
#2728 = CIRCLE('',#2729,3.6);
#2729 = AXIS2_PLACEMENT_2D('',#2730,#2731);
#2730 = CARTESIAN_POINT('',(-12.,0.));
#2731 = DIRECTION('',(1.,0.));
#2732 = ( GEOMETRIC_REPRESENTATION_CONTEXT(2) 
PARAMETRIC_REPRESENTATION_CONTEXT() REPRESENTATION_CONTEXT('2D SPACE',''
  ) );
#2733 = ORIENTED_EDGE('',*,*,#2290,.F.);
#2734 = ORIENTED_EDGE('',*,*,#2735,.T.);
#2735 = EDGE_CURVE('',#2265,#2635,#2736,.T.);
#2736 = SURFACE_CURVE('',#2737,(#2742,#2749),.PCURVE_S1.);
#2737 = CIRCLE('',#2738,3.6);
#2738 = AXIS2_PLACEMENT_3D('',#2739,#2740,#2741);
#2739 = CARTESIAN_POINT('',(318.9,0.,-1.2));
#2740 = DIRECTION('',(0.,0.,1.));
#2741 = DIRECTION('',(1.,0.,-0.));
#2742 = PCURVE('',#1309,#2743);
#2743 = DEFINITIONAL_REPRESENTATION('',(#2744),#2748);
#2744 = LINE('',#2745,#2746);
#2745 = CARTESIAN_POINT('',(0.,2.3));
#2746 = VECTOR('',#2747,1.);
#2747 = DIRECTION('',(1.,0.));
#2748 = ( GEOMETRIC_REPRESENTATION_CONTEXT(2) 
PARAMETRIC_REPRESENTATION_CONTEXT() REPRESENTATION_CONTEXT('2D SPACE',''
  ) );
#2749 = PCURVE('',#2279,#2750);
#2750 = DEFINITIONAL_REPRESENTATION('',(#2751),#2755);
#2751 = CIRCLE('',#2752,3.6);
#2752 = AXIS2_PLACEMENT_2D('',#2753,#2754);
#2753 = CARTESIAN_POINT('',(0.,0.));
#2754 = DIRECTION('',(1.,0.));
#2755 = ( GEOMETRIC_REPRESENTATION_CONTEXT(2) 
PARAMETRIC_REPRESENTATION_CONTEXT() REPRESENTATION_CONTEXT('2D SPACE',''
  ) );
#2756 = ORIENTED_EDGE('',*,*,#2634,.T.);
#2757 = ORIENTED_EDGE('',*,*,#1223,.F.);
#2758 = ORIENTED_EDGE('',*,*,#2759,.F.);
#2759 = EDGE_CURVE('',#2711,#1183,#2760,.T.);
#2760 = SURFACE_CURVE('',#2761,(#2765,#2771),.PCURVE_S1.);
#2761 = LINE('',#2762,#2763);
#2762 = CARTESIAN_POINT('',(320.39833333333,3.273377036368,3.3));
#2763 = VECTOR('',#2764,1.);
#2764 = DIRECTION('',(0.,0.,1.));
#2765 = PCURVE('',#1309,#2766);
#2766 = DEFINITIONAL_REPRESENTATION('',(#2767),#2770);
#2767 = B_SPLINE_CURVE_WITH_KNOTS('',1,(#2768,#2769),.UNSPECIFIED.,.F.,
  .F.,(2,2),(-6.000000278839E-07,5.2000006),.PIECEWISE_BEZIER_KNOTS.);
#2768 = CARTESIAN_POINT('',(1.14153011303,6.7999994));
#2769 = CARTESIAN_POINT('',(1.14153011303,12.0000006));
#2770 = ( GEOMETRIC_REPRESENTATION_CONTEXT(2) 
PARAMETRIC_REPRESENTATION_CONTEXT() REPRESENTATION_CONTEXT('2D SPACE',''
  ) );
#2771 = PCURVE('',#1205,#2772);
#2772 = DEFINITIONAL_REPRESENTATION('',(#2773),#2776);
#2773 = B_SPLINE_CURVE_WITH_KNOTS('',1,(#2774,#2775),.UNSPECIFIED.,.F.,
  .F.,(2,2),(-6.000000278839E-07,5.2000006),.PIECEWISE_BEZIER_KNOTS.);
#2774 = CARTESIAN_POINT('',(2.839436122656,-6.000000278839E-07));
#2775 = CARTESIAN_POINT('',(2.839436122656,5.2000006));
#2776 = ( GEOMETRIC_REPRESENTATION_CONTEXT(2) 
PARAMETRIC_REPRESENTATION_CONTEXT() REPRESENTATION_CONTEXT('2D SPACE',''
  ) );
#2777 = ADVANCED_FACE('',(#2778),#1205,.F.);
#2778 = FACE_BOUND('',#2779,.F.);
#2779 = EDGE_LOOP('',(#2780,#2821,#2850,#2872,#2873));
#2780 = ORIENTED_EDGE('',*,*,#2781,.F.);
#2781 = EDGE_CURVE('',#2782,#1128,#2784,.T.);
#2782 = VERTEX_POINT('',#2783);
#2783 = CARTESIAN_POINT('',(332.5963491861,10.868412921803,
    12.603650813896));
#2784 = SURFACE_CURVE('',#2785,(#2790,#2803),.PCURVE_S1.);
#2785 = ELLIPSE('',#2786,15.556349186104,11.);
#2786 = AXIS2_PLACEMENT_3D('',#2787,#2788,#2789);
#2787 = CARTESIAN_POINT('',(330.9,0.,14.3));
#2788 = DIRECTION('',(0.707106781187,0.,0.707106781187));
#2789 = DIRECTION('',(0.707106781187,0.,-0.707106781187));
#2790 = PCURVE('',#1205,#2791);
#2791 = DEFINITIONAL_REPRESENTATION('',(#2792),#2802);
#2792 = B_SPLINE_CURVE_WITH_KNOTS('',8,(#2793,#2794,#2795,#2796,#2797,
    #2798,#2799,#2800,#2801),.UNSPECIFIED.,.F.,.F.,(9,9),(0.,
    1.570796326795),.PIECEWISE_BEZIER_KNOTS.);
#2793 = CARTESIAN_POINT('',(0.,-2.30926389122E-14));
#2794 = CARTESIAN_POINT('',(0.196349540849,-2.30926389122E-14));
#2795 = CARTESIAN_POINT('',(0.392699081699,0.484668535844));
#2796 = CARTESIAN_POINT('',(0.589048622546,1.45400149028));
#2797 = CARTESIAN_POINT('',(0.7853981634,2.868153743635));
#2798 = CARTESIAN_POINT('',(0.981747704244,4.647354126688));
#2799 = CARTESIAN_POINT('',(1.178097245096,6.680309588496));
#2800 = CARTESIAN_POINT('',(1.374446785946,8.840155050657));
#2801 = CARTESIAN_POINT('',(1.570796326795,11.));
#2802 = ( GEOMETRIC_REPRESENTATION_CONTEXT(2) 
PARAMETRIC_REPRESENTATION_CONTEXT() REPRESENTATION_CONTEXT('2D SPACE',''
  ) );
#2803 = PCURVE('',#2804,#2809);
#2804 = CYLINDRICAL_SURFACE('',#2805,11.);
#2805 = AXIS2_PLACEMENT_3D('',#2806,#2807,#2808);
#2806 = CARTESIAN_POINT('',(84.,0.,14.3));
#2807 = DIRECTION('',(1.,0.,2.22044604925E-16));
#2808 = DIRECTION('',(2.22044604925E-16,0.,-1.));
#2809 = DEFINITIONAL_REPRESENTATION('',(#2810),#2820);
#2810 = B_SPLINE_CURVE_WITH_KNOTS('',8,(#2811,#2812,#2813,#2814,#2815,
    #2816,#2817,#2818,#2819),.UNSPECIFIED.,.F.,.F.,(9,9),(0.,
    1.570796326795),.PIECEWISE_BEZIER_KNOTS.);
#2811 = CARTESIAN_POINT('',(0.,257.9));
#2812 = CARTESIAN_POINT('',(0.196349540849,257.9));
#2813 = CARTESIAN_POINT('',(0.392699081699,257.41533146402));
#2814 = CARTESIAN_POINT('',(0.589048622548,256.44599850906));
#2815 = CARTESIAN_POINT('',(0.785398163398,255.03184625483));
#2816 = CARTESIAN_POINT('',(0.981747704245,253.25264587253));
#2817 = CARTESIAN_POINT('',(1.178097245096,251.21969041141));
#2818 = CARTESIAN_POINT('',(1.374446785946,249.05984494934));
#2819 = CARTESIAN_POINT('',(1.570796326795,246.9));
#2820 = ( GEOMETRIC_REPRESENTATION_CONTEXT(2) 
PARAMETRIC_REPRESENTATION_CONTEXT() REPRESENTATION_CONTEXT('2D SPACE',''
  ) );
#2821 = ORIENTED_EDGE('',*,*,#2822,.F.);
#2822 = EDGE_CURVE('',#2823,#2782,#2825,.T.);
#2823 = VERTEX_POINT('',#2824);
#2824 = CARTESIAN_POINT('',(323.2926983722,7.945373618893,3.3));
#2825 = SURFACE_CURVE('',#2826,(#2831,#2843),.PCURVE_S1.);
#2826 = ELLIPSE('',#2827,15.556349186104,11.);
#2827 = AXIS2_PLACEMENT_3D('',#2828,#2829,#2830);
#2828 = CARTESIAN_POINT('',(330.9,0.,10.907301627792));
#2829 = DIRECTION('',(0.707106781187,0.,-0.707106781187));
#2830 = DIRECTION('',(0.707106781187,0.,0.707106781187));
#2831 = PCURVE('',#1205,#2832);
#2832 = DEFINITIONAL_REPRESENTATION('',(#2833),#2842);
#2833 = B_SPLINE_CURVE_WITH_KNOTS('',7,(#2834,#2835,#2836,#2837,#2838,
    #2839,#2840,#2841),.UNSPECIFIED.,.F.,.F.,(8,8),(3.94872454313,
    5.025928139895),.PIECEWISE_BEZIER_KNOTS.);
#2834 = CARTESIAN_POINT('',(2.334460764049,-6.000000016826E-07));
#2835 = CARTESIAN_POINT('',(2.18057453594,1.222682888728));
#2836 = CARTESIAN_POINT('',(2.02668830783,2.655539596461));
#2837 = CARTESIAN_POINT('',(1.872802079723,4.25127576186));
#2838 = CARTESIAN_POINT('',(1.718915851611,5.950412582669));
#2839 = CARTESIAN_POINT('',(1.565029623503,7.68582080795));
#2840 = CARTESIAN_POINT('',(1.411143395393,9.38977703946));
#2841 = CARTESIAN_POINT('',(1.257257167284,11.0000006));
#2842 = ( GEOMETRIC_REPRESENTATION_CONTEXT(2) 
PARAMETRIC_REPRESENTATION_CONTEXT() REPRESENTATION_CONTEXT('2D SPACE',''
  ) );
#2843 = PCURVE('',#2354,#2844);
#2844 = DEFINITIONAL_REPRESENTATION('',(#2845),#2849);
#2845 = ELLIPSE('',#2846,15.556349186104,11.);
#2846 = AXIS2_PLACEMENT_2D('',#2847,#2848);
#2847 = CARTESIAN_POINT('',(497.60099997449,-500.));
#2848 = DIRECTION('',(1.,0.));
#2849 = ( GEOMETRIC_REPRESENTATION_CONTEXT(2) 
PARAMETRIC_REPRESENTATION_CONTEXT() REPRESENTATION_CONTEXT('2D SPACE',''
  ) );
#2850 = ORIENTED_EDGE('',*,*,#2851,.T.);
#2851 = EDGE_CURVE('',#2823,#2711,#2852,.T.);
#2852 = SURFACE_CURVE('',#2853,(#2858,#2865),.PCURVE_S1.);
#2853 = CIRCLE('',#2854,11.);
#2854 = AXIS2_PLACEMENT_3D('',#2855,#2856,#2857);
#2855 = CARTESIAN_POINT('',(330.9,0.,3.3));
#2856 = DIRECTION('',(0.,0.,1.));
#2857 = DIRECTION('',(1.,0.,-0.));
#2858 = PCURVE('',#1205,#2859);
#2859 = DEFINITIONAL_REPRESENTATION('',(#2860),#2864);
#2860 = LINE('',#2861,#2862);
#2861 = CARTESIAN_POINT('',(0.,0.));
#2862 = VECTOR('',#2863,1.);
#2863 = DIRECTION('',(1.,0.));
#2864 = ( GEOMETRIC_REPRESENTATION_CONTEXT(2) 
PARAMETRIC_REPRESENTATION_CONTEXT() REPRESENTATION_CONTEXT('2D SPACE',''
  ) );
#2865 = PCURVE('',#2328,#2866);
#2866 = DEFINITIONAL_REPRESENTATION('',(#2867),#2871);
#2867 = CIRCLE('',#2868,11.);
#2868 = AXIS2_PLACEMENT_2D('',#2869,#2870);
#2869 = CARTESIAN_POINT('',(0.,0.));
#2870 = DIRECTION('',(1.,0.));
#2871 = ( GEOMETRIC_REPRESENTATION_CONTEXT(2) 
PARAMETRIC_REPRESENTATION_CONTEXT() REPRESENTATION_CONTEXT('2D SPACE',''
  ) );
#2872 = ORIENTED_EDGE('',*,*,#2759,.T.);
#2873 = ORIENTED_EDGE('',*,*,#1182,.T.);
#2874 = ADVANCED_FACE('',(#2875),#1157,.F.);
#2875 = FACE_BOUND('',#2876,.F.);
#2876 = EDGE_LOOP('',(#2877,#2878,#2912,#2913,#2914,#2950));
#2877 = ORIENTED_EDGE('',*,*,#2391,.F.);
#2878 = ORIENTED_EDGE('',*,*,#2879,.F.);
#2879 = EDGE_CURVE('',#1128,#2366,#2880,.T.);
#2880 = SURFACE_CURVE('',#2881,(#2886,#2899),.PCURVE_S1.);
#2881 = ELLIPSE('',#2882,15.556349186104,11.);
#2882 = AXIS2_PLACEMENT_3D('',#2883,#2884,#2885);
#2883 = CARTESIAN_POINT('',(330.9,0.,14.3));
#2884 = DIRECTION('',(0.707106781187,0.,-0.707106781187));
#2885 = DIRECTION('',(0.707106781187,0.,0.707106781187));
#2886 = PCURVE('',#1157,#2887);
#2887 = DEFINITIONAL_REPRESENTATION('',(#2888),#2898);
#2888 = B_SPLINE_CURVE_WITH_KNOTS('',8,(#2889,#2890,#2891,#2892,#2893,
    #2894,#2895,#2896,#2897),.UNSPECIFIED.,.F.,.F.,(9,9),(4.712388980385
    ,6.28318530718),.PIECEWISE_BEZIER_KNOTS.);
#2889 = CARTESIAN_POINT('',(1.570796326795,11.));
#2890 = CARTESIAN_POINT('',(1.374446785946,13.159844949343));
#2891 = CARTESIAN_POINT('',(1.178097245097,15.319690411485));
#2892 = CARTESIAN_POINT('',(0.981747704241,17.352645873332));
#2893 = CARTESIAN_POINT('',(0.785398163403,19.131846256234));
#2894 = CARTESIAN_POINT('',(0.589048622543,20.54599850974));
#2895 = CARTESIAN_POINT('',(0.3926990817,21.515331464143));
#2896 = CARTESIAN_POINT('',(0.196349540849,22.));
#2897 = CARTESIAN_POINT('',(2.449293598295E-16,22.));
#2898 = ( GEOMETRIC_REPRESENTATION_CONTEXT(2) 
PARAMETRIC_REPRESENTATION_CONTEXT() REPRESENTATION_CONTEXT('2D SPACE',''
  ) );
#2899 = PCURVE('',#2804,#2900);
#2900 = DEFINITIONAL_REPRESENTATION('',(#2901),#2911);
#2901 = B_SPLINE_CURVE_WITH_KNOTS('',8,(#2902,#2903,#2904,#2905,#2906,
    #2907,#2908,#2909,#2910),.UNSPECIFIED.,.F.,.F.,(9,9),(4.712388980385
    ,6.28318530718),.PIECEWISE_BEZIER_KNOTS.);
#2902 = CARTESIAN_POINT('',(1.570796326795,246.9));
#2903 = CARTESIAN_POINT('',(1.767145867644,249.05984494934));
#2904 = CARTESIAN_POINT('',(1.963495408491,251.21969041184));
#2905 = CARTESIAN_POINT('',(2.159844949345,253.25264587136));
#2906 = CARTESIAN_POINT('',(2.356194490187,255.03184625832));
#2907 = CARTESIAN_POINT('',(2.552544031036,256.44599850743));
#2908 = CARTESIAN_POINT('',(2.748893571889,257.4153314644));
#2909 = CARTESIAN_POINT('',(2.94524311274,257.9));
#2910 = CARTESIAN_POINT('',(3.14159265359,257.9));
#2911 = ( GEOMETRIC_REPRESENTATION_CONTEXT(2) 
PARAMETRIC_REPRESENTATION_CONTEXT() REPRESENTATION_CONTEXT('2D SPACE',''
  ) );
#2912 = ORIENTED_EDGE('',*,*,#1127,.T.);
#2913 = ORIENTED_EDGE('',*,*,#1696,.T.);
#2914 = ORIENTED_EDGE('',*,*,#2915,.F.);
#2915 = EDGE_CURVE('',#2916,#1669,#2918,.T.);
#2916 = VERTEX_POINT('',#2917);
#2917 = CARTESIAN_POINT('',(330.9,11.,40.3));
#2918 = SURFACE_CURVE('',#2919,(#2924,#2937),.PCURVE_S1.);
#2919 = ELLIPSE('',#2920,15.556349186104,11.);
#2920 = AXIS2_PLACEMENT_3D('',#2921,#2922,#2923);
#2921 = CARTESIAN_POINT('',(330.9,0.,40.3));
#2922 = DIRECTION('',(-0.707106781187,0.,0.707106781187));
#2923 = DIRECTION('',(0.707106781187,0.,0.707106781187));
#2924 = PCURVE('',#1157,#2925);
#2925 = DEFINITIONAL_REPRESENTATION('',(#2926),#2936);
#2926 = B_SPLINE_CURVE_WITH_KNOTS('',8,(#2927,#2928,#2929,#2930,#2931,
    #2932,#2933,#2934,#2935),.UNSPECIFIED.,.F.,.F.,(9,9),(1.570796326795
    ,3.14159265359),.PIECEWISE_BEZIER_KNOTS.);
#2927 = CARTESIAN_POINT('',(1.570796326795,37.));
#2928 = CARTESIAN_POINT('',(1.767145867644,34.840155050657));
#2929 = CARTESIAN_POINT('',(1.963495408495,32.680309588475));
#2930 = CARTESIAN_POINT('',(2.159844949331,30.647354126733));
#2931 = CARTESIAN_POINT('',(2.356194490201,28.868153743533));
#2932 = CARTESIAN_POINT('',(2.552544031028,27.454001490361));
#2933 = CARTESIAN_POINT('',(2.748893571894,26.484668535821));
#2934 = CARTESIAN_POINT('',(2.94524311274,26.));
#2935 = CARTESIAN_POINT('',(3.14159265359,26.));
#2936 = ( GEOMETRIC_REPRESENTATION_CONTEXT(2) 
PARAMETRIC_REPRESENTATION_CONTEXT() REPRESENTATION_CONTEXT('2D SPACE',''
  ) );
#2937 = PCURVE('',#1684,#2938);
#2938 = DEFINITIONAL_REPRESENTATION('',(#2939),#2949);
#2939 = B_SPLINE_CURVE_WITH_KNOTS('',8,(#2940,#2941,#2942,#2943,#2944,
    #2945,#2946,#2947,#2948),.UNSPECIFIED.,.F.,.F.,(9,9),(1.570796326795
    ,3.14159265359),.PIECEWISE_BEZIER_KNOTS.);
#2940 = CARTESIAN_POINT('',(1.570796326795,84.373264631778));
#2941 = CARTESIAN_POINT('',(1.374446785946,82.213419682435));
#2942 = CARTESIAN_POINT('',(1.178097245095,80.053574220154));
#2943 = CARTESIAN_POINT('',(0.981747704247,78.020618758892));
#2944 = CARTESIAN_POINT('',(0.785398163398,76.241418374877));
#2945 = CARTESIAN_POINT('',(0.589048622547,74.827266122564));
#2946 = CARTESIAN_POINT('',(0.392699081698,73.857933167499));
#2947 = CARTESIAN_POINT('',(0.196349540849,73.373264631778));
#2948 = CARTESIAN_POINT('',(1.224646799147E-16,73.373264631778));
#2949 = ( GEOMETRIC_REPRESENTATION_CONTEXT(2) 
PARAMETRIC_REPRESENTATION_CONTEXT() REPRESENTATION_CONTEXT('2D SPACE',''
  ) );
#2950 = ORIENTED_EDGE('',*,*,#2951,.F.);
#2951 = EDGE_CURVE('',#2392,#2916,#2952,.T.);
#2952 = SURFACE_CURVE('',#2953,(#2958,#2971),.PCURVE_S1.);
#2953 = ELLIPSE('',#2954,15.556349186104,11.);
#2954 = AXIS2_PLACEMENT_3D('',#2955,#2956,#2957);
#2955 = CARTESIAN_POINT('',(330.9,0.,40.3));
#2956 = DIRECTION('',(0.707106781187,0.,0.707106781187));
#2957 = DIRECTION('',(-0.707106781187,0.,0.707106781187));
#2958 = PCURVE('',#1157,#2959);
#2959 = DEFINITIONAL_REPRESENTATION('',(#2960),#2970);
#2960 = B_SPLINE_CURVE_WITH_KNOTS('',8,(#2961,#2962,#2963,#2964,#2965,
    #2966,#2967,#2968,#2969),.UNSPECIFIED.,.F.,.F.,(9,9),(3.14159265359,
    4.712388980385),.PIECEWISE_BEZIER_KNOTS.);
#2961 = CARTESIAN_POINT('',(-8.881784197001E-16,26.));
#2962 = CARTESIAN_POINT('',(0.196349540849,26.));
#2963 = CARTESIAN_POINT('',(0.392699081699,26.48466853585));
#2964 = CARTESIAN_POINT('',(0.589048622544,27.454001490245));
#2965 = CARTESIAN_POINT('',(0.785398163401,28.86815374365));
#2966 = CARTESIAN_POINT('',(0.981747704245,30.647354126646));
#2967 = CARTESIAN_POINT('',(1.178097245097,32.68030958849));
#2968 = CARTESIAN_POINT('',(1.374446785946,34.840155050657));
#2969 = CARTESIAN_POINT('',(1.570796326795,37.));
#2970 = ( GEOMETRIC_REPRESENTATION_CONTEXT(2) 
PARAMETRIC_REPRESENTATION_CONTEXT() REPRESENTATION_CONTEXT('2D SPACE',''
  ) );
#2971 = PCURVE('',#2972,#2977);
#2972 = CYLINDRICAL_SURFACE('',#2973,11.);
#2973 = AXIS2_PLACEMENT_3D('',#2974,#2975,#2976);
#2974 = CARTESIAN_POINT('',(246.52673536822,0.,40.3));
#2975 = DIRECTION('',(1.,0.,2.22044604925E-16));
#2976 = DIRECTION('',(2.22044604925E-16,0.,-1.));
#2977 = DEFINITIONAL_REPRESENTATION('',(#2978),#2988);
#2978 = B_SPLINE_CURVE_WITH_KNOTS('',8,(#2979,#2980,#2981,#2982,#2983,
    #2984,#2985,#2986,#2987),.UNSPECIFIED.,.F.,.F.,(9,9),(3.14159265359,
    4.712388980385),.PIECEWISE_BEZIER_KNOTS.);
#2979 = CARTESIAN_POINT('',(-8.881784197001E-16,95.373264631778));
#2980 = CARTESIAN_POINT('',(0.196349540849,95.373264631778));
#2981 = CARTESIAN_POINT('',(0.392699081698,94.888596095858));
#2982 = CARTESIAN_POINT('',(0.58904862255,93.919263141463));
#2983 = CARTESIAN_POINT('',(0.785398163392,92.505110887578));
#2984 = CARTESIAN_POINT('',(0.981747704247,90.725910505105));
#2985 = CARTESIAN_POINT('',(1.178097245096,88.69295504324));
#2986 = CARTESIAN_POINT('',(1.374446785946,86.533109581121));
#2987 = CARTESIAN_POINT('',(1.570796326795,84.373264631778));
#2988 = ( GEOMETRIC_REPRESENTATION_CONTEXT(2) 
PARAMETRIC_REPRESENTATION_CONTEXT() REPRESENTATION_CONTEXT('2D SPACE',''
  ) );
#2989 = ADVANCED_FACE('',(#2990),#1631,.F.);
#2990 = FACE_BOUND('',#2991,.F.);
#2991 = EDGE_LOOP('',(#2992,#3028,#3047,#3048,#3069));
#2992 = ORIENTED_EDGE('',*,*,#2993,.T.);
#2993 = EDGE_CURVE('',#2994,#2996,#2998,.T.);
#2994 = VERTEX_POINT('',#2995);
#2995 = CARTESIAN_POINT('',(255.83038618211,10.868412921803,
    38.603650813896));
#2996 = VERTEX_POINT('',#2997);
#2997 = CARTESIAN_POINT('',(265.13403699601,7.945373618893,29.3));
#2998 = SURFACE_CURVE('',#2999,(#3004,#3011),.PCURVE_S1.);
#2999 = ELLIPSE('',#3000,15.556349186104,11.);
#3000 = AXIS2_PLACEMENT_3D('',#3001,#3002,#3003);
#3001 = CARTESIAN_POINT('',(257.52673536822,0.,36.907301627792));
#3002 = DIRECTION('',(-0.707106781187,0.,-0.707106781187));
#3003 = DIRECTION('',(-0.707106781187,0.,0.707106781187));
#3004 = PCURVE('',#1631,#3005);
#3005 = DEFINITIONAL_REPRESENTATION('',(#3006),#3010);
#3006 = ELLIPSE('',#3007,15.556349186104,11.);
#3007 = AXIS2_PLACEMENT_2D('',#3008,#3009);
#3008 = CARTESIAN_POINT('',(502.3990000255,-500.));
#3009 = DIRECTION('',(-1.,-0.));
#3010 = ( GEOMETRIC_REPRESENTATION_CONTEXT(2) 
PARAMETRIC_REPRESENTATION_CONTEXT() REPRESENTATION_CONTEXT('2D SPACE',''
  ) );
#3011 = PCURVE('',#3012,#3017);
#3012 = CYLINDRICAL_SURFACE('',#3013,11.);
#3013 = AXIS2_PLACEMENT_3D('',#3014,#3015,#3016);
#3014 = CARTESIAN_POINT('',(257.52673536822,0.,29.3));
#3015 = DIRECTION('',(0.,0.,1.));
#3016 = DIRECTION('',(1.,0.,-0.));
#3017 = DEFINITIONAL_REPRESENTATION('',(#3018),#3027);
#3018 = B_SPLINE_CURVE_WITH_KNOTS('',7,(#3019,#3020,#3021,#3022,#3023,
    #3024,#3025,#3026),.UNSPECIFIED.,.F.,.F.,(8,8),(1.257257167284,
    2.334460764049),.PIECEWISE_BEZIER_KNOTS.);
#3019 = CARTESIAN_POINT('',(1.884335486306,11.0000006));
#3020 = CARTESIAN_POINT('',(1.730449258196,9.38977703946));
#3021 = CARTESIAN_POINT('',(1.576563030087,7.68582080795));
#3022 = CARTESIAN_POINT('',(1.422676801977,5.950412582671));
#3023 = CARTESIAN_POINT('',(1.268790573869,4.251275761858));
#3024 = CARTESIAN_POINT('',(1.114904345759,2.655539596462));
#3025 = CARTESIAN_POINT('',(0.96101811765,1.222682888728));
#3026 = CARTESIAN_POINT('',(0.80713188954,-5.999999963535E-07));
#3027 = ( GEOMETRIC_REPRESENTATION_CONTEXT(2) 
PARAMETRIC_REPRESENTATION_CONTEXT() REPRESENTATION_CONTEXT('2D SPACE',''
  ) );
#3028 = ORIENTED_EDGE('',*,*,#3029,.T.);
#3029 = EDGE_CURVE('',#2996,#1615,#3030,.T.);
#3030 = SURFACE_CURVE('',#3031,(#3035,#3041),.PCURVE_S1.);
#3031 = LINE('',#3032,#3033);
#3032 = CARTESIAN_POINT('',(265.13403699601,-250.,29.3));
#3033 = VECTOR('',#3034,1.);
#3034 = DIRECTION('',(-0.,-1.,0.));
#3035 = PCURVE('',#1631,#3036);
#3036 = DEFINITIONAL_REPRESENTATION('',(#3037),#3040);
#3037 = B_SPLINE_CURVE_WITH_KNOTS('',1,(#3038,#3039),.UNSPECIFIED.,.F.,
  .F.,(2,2),(-261.,-239.),.PIECEWISE_BEZIER_KNOTS.);
#3038 = CARTESIAN_POINT('',(513.15734916059,-511.));
#3039 = CARTESIAN_POINT('',(513.15734916059,-489.));
#3040 = ( GEOMETRIC_REPRESENTATION_CONTEXT(2) 
PARAMETRIC_REPRESENTATION_CONTEXT() REPRESENTATION_CONTEXT('2D SPACE',''
  ) );
#3041 = PCURVE('',#1657,#3042);
#3042 = DEFINITIONAL_REPRESENTATION('',(#3043),#3046);
#3043 = B_SPLINE_CURVE_WITH_KNOTS('',1,(#3044,#3045),.UNSPECIFIED.,.F.,
  .F.,(2,2),(-261.,-239.),.PIECEWISE_BEZIER_KNOTS.);
#3044 = CARTESIAN_POINT('',(7.607301627792,11.));
#3045 = CARTESIAN_POINT('',(7.607301627792,-11.));
#3046 = ( GEOMETRIC_REPRESENTATION_CONTEXT(2) 
PARAMETRIC_REPRESENTATION_CONTEXT() REPRESENTATION_CONTEXT('2D SPACE',''
  ) );
#3047 = ORIENTED_EDGE('',*,*,#1614,.T.);
#3048 = ORIENTED_EDGE('',*,*,#3049,.T.);
#3049 = EDGE_CURVE('',#1617,#3050,#3052,.T.);
#3050 = VERTEX_POINT('',#3051);
#3051 = CARTESIAN_POINT('',(246.52673536822,7.945373618893,
    47.907301627792));
#3052 = SURFACE_CURVE('',#3053,(#3057,#3063),.PCURVE_S1.);
#3053 = LINE('',#3054,#3055);
#3054 = CARTESIAN_POINT('',(246.52673536822,-250.,47.907301627792));
#3055 = VECTOR('',#3056,1.);
#3056 = DIRECTION('',(-0.,1.,0.));
#3057 = PCURVE('',#1631,#3058);
#3058 = DEFINITIONAL_REPRESENTATION('',(#3059),#3062);
#3059 = B_SPLINE_CURVE_WITH_KNOTS('',1,(#3060,#3061),.UNSPECIFIED.,.F.,
  .F.,(2,2),(239.,261.),.PIECEWISE_BEZIER_KNOTS.);
#3060 = CARTESIAN_POINT('',(486.8426508394,-489.));
#3061 = CARTESIAN_POINT('',(486.8426508394,-511.));
#3062 = ( GEOMETRIC_REPRESENTATION_CONTEXT(2) 
PARAMETRIC_REPRESENTATION_CONTEXT() REPRESENTATION_CONTEXT('2D SPACE',''
  ) );
#3063 = PCURVE('',#1906,#3064);
#3064 = DEFINITIONAL_REPRESENTATION('',(#3065),#3068);
#3065 = B_SPLINE_CURVE_WITH_KNOTS('',1,(#3066,#3067),.UNSPECIFIED.,.F.,
  .F.,(2,2),(239.,261.),.PIECEWISE_BEZIER_KNOTS.);
#3066 = CARTESIAN_POINT('',(-7.607301627792,-11.));
#3067 = CARTESIAN_POINT('',(-7.607301627792,11.));
#3068 = ( GEOMETRIC_REPRESENTATION_CONTEXT(2) 
PARAMETRIC_REPRESENTATION_CONTEXT() REPRESENTATION_CONTEXT('2D SPACE',''
  ) );
#3069 = ORIENTED_EDGE('',*,*,#3070,.T.);
#3070 = EDGE_CURVE('',#3050,#2994,#3071,.T.);
#3071 = SURFACE_CURVE('',#3072,(#3077,#3084),.PCURVE_S1.);
#3072 = ELLIPSE('',#3073,15.556349186104,11.);
#3073 = AXIS2_PLACEMENT_3D('',#3074,#3075,#3076);
#3074 = CARTESIAN_POINT('',(254.13403699601,0.,40.3));
#3075 = DIRECTION('',(-0.707106781187,0.,-0.707106781187));
#3076 = DIRECTION('',(0.707106781187,0.,-0.707106781187));
#3077 = PCURVE('',#1631,#3078);
#3078 = DEFINITIONAL_REPRESENTATION('',(#3079),#3083);
#3079 = ELLIPSE('',#3080,15.556349186104,11.);
#3080 = AXIS2_PLACEMENT_2D('',#3081,#3082);
#3081 = CARTESIAN_POINT('',(497.60099997449,-500.));
#3082 = DIRECTION('',(1.,0.));
#3083 = ( GEOMETRIC_REPRESENTATION_CONTEXT(2) 
PARAMETRIC_REPRESENTATION_CONTEXT() REPRESENTATION_CONTEXT('2D SPACE',''
  ) );
#3084 = PCURVE('',#3085,#3090);
#3085 = CYLINDRICAL_SURFACE('',#3086,11.);
#3086 = AXIS2_PLACEMENT_3D('',#3087,#3088,#3089);
#3087 = CARTESIAN_POINT('',(246.52673536822,0.,40.3));
#3088 = DIRECTION('',(1.,0.,2.22044604925E-16));
#3089 = DIRECTION('',(2.22044604925E-16,0.,-1.));
#3090 = DEFINITIONAL_REPRESENTATION('',(#3091),#3100);
#3091 = B_SPLINE_CURVE_WITH_KNOTS('',7,(#3092,#3093,#3094,#3095,#3096,
    #3097,#3098,#3099),.UNSPECIFIED.,.F.,.F.,(8,8),(3.94872454313,
    5.025928139895),.PIECEWISE_BEZIER_KNOTS.);
#3092 = CARTESIAN_POINT('',(2.334460764049,-6.000000212225E-07));
#3093 = CARTESIAN_POINT('',(2.18057453594,1.222682888728));
#3094 = CARTESIAN_POINT('',(2.026688307831,2.655539596463));
#3095 = CARTESIAN_POINT('',(1.872802079722,4.251275761854));
#3096 = CARTESIAN_POINT('',(1.718915851612,5.950412582673));
#3097 = CARTESIAN_POINT('',(1.565029623503,7.68582080795));
#3098 = CARTESIAN_POINT('',(1.411143395393,9.38977703946));
#3099 = CARTESIAN_POINT('',(1.257257167284,11.0000006));
#3100 = ( GEOMETRIC_REPRESENTATION_CONTEXT(2) 
PARAMETRIC_REPRESENTATION_CONTEXT() REPRESENTATION_CONTEXT('2D SPACE',''
  ) );
#3101 = ADVANCED_FACE('',(#3102),#1657,.T.);
#3102 = FACE_BOUND('',#3103,.T.);
#3103 = EDGE_LOOP('',(#3104,#3126,#3127));
#3104 = ORIENTED_EDGE('',*,*,#3105,.T.);
#3105 = EDGE_CURVE('',#1643,#2996,#3106,.T.);
#3106 = SURFACE_CURVE('',#3107,(#3112,#3119),.PCURVE_S1.);
#3107 = CIRCLE('',#3108,11.);
#3108 = AXIS2_PLACEMENT_3D('',#3109,#3110,#3111);
#3109 = CARTESIAN_POINT('',(257.52673536822,0.,29.3));
#3110 = DIRECTION('',(0.,0.,1.));
#3111 = DIRECTION('',(1.,0.,-0.));
#3112 = PCURVE('',#1657,#3113);
#3113 = DEFINITIONAL_REPRESENTATION('',(#3114),#3118);
#3114 = CIRCLE('',#3115,11.);
#3115 = AXIS2_PLACEMENT_2D('',#3116,#3117);
#3116 = CARTESIAN_POINT('',(0.,0.));
#3117 = DIRECTION('',(1.,0.));
#3118 = ( GEOMETRIC_REPRESENTATION_CONTEXT(2) 
PARAMETRIC_REPRESENTATION_CONTEXT() REPRESENTATION_CONTEXT('2D SPACE',''
  ) );
#3119 = PCURVE('',#3012,#3120);
#3120 = DEFINITIONAL_REPRESENTATION('',(#3121),#3125);
#3121 = LINE('',#3122,#3123);
#3122 = CARTESIAN_POINT('',(0.,0.));
#3123 = VECTOR('',#3124,1.);
#3124 = DIRECTION('',(1.,0.));
#3125 = ( GEOMETRIC_REPRESENTATION_CONTEXT(2) 
PARAMETRIC_REPRESENTATION_CONTEXT() REPRESENTATION_CONTEXT('2D SPACE',''
  ) );
#3126 = ORIENTED_EDGE('',*,*,#3029,.T.);
#3127 = ORIENTED_EDGE('',*,*,#1642,.T.);
#3128 = ADVANCED_FACE('',(#3129),#1684,.F.);
#3129 = FACE_BOUND('',#3130,.F.);
#3130 = EDGE_LOOP('',(#3131,#3170,#3171,#3172,#3208,#3242));
#3131 = ORIENTED_EDGE('',*,*,#3132,.F.);
#3132 = EDGE_CURVE('',#2916,#2177,#3133,.T.);
#3133 = SURFACE_CURVE('',#3134,(#3139,#3152),.PCURVE_S1.);
#3134 = ELLIPSE('',#3135,15.556349186104,11.);
#3135 = AXIS2_PLACEMENT_3D('',#3136,#3137,#3138);
#3136 = CARTESIAN_POINT('',(330.9,0.,40.3));
#3137 = DIRECTION('',(0.707106781187,0.,0.707106781187));
#3138 = DIRECTION('',(-0.707106781187,0.,0.707106781187));
#3139 = PCURVE('',#1684,#3140);
#3140 = DEFINITIONAL_REPRESENTATION('',(#3141),#3151);
#3141 = B_SPLINE_CURVE_WITH_KNOTS('',8,(#3142,#3143,#3144,#3145,#3146,
    #3147,#3148,#3149,#3150),.UNSPECIFIED.,.F.,.F.,(9,9),(4.712388980385
    ,6.28318530718),.PIECEWISE_BEZIER_KNOTS.);
#3142 = CARTESIAN_POINT('',(1.570796326795,84.373264631778));
#3143 = CARTESIAN_POINT('',(1.767145867644,82.213419682435));
#3144 = CARTESIAN_POINT('',(1.963495408492,80.053574220154));
#3145 = CARTESIAN_POINT('',(2.159844949349,78.020618758892));
#3146 = CARTESIAN_POINT('',(2.35619449019,76.241418374877));
#3147 = CARTESIAN_POINT('',(2.552544031047,74.827266122564));
#3148 = CARTESIAN_POINT('',(2.748893571887,73.857933167499));
#3149 = CARTESIAN_POINT('',(2.94524311274,73.373264631778));
#3150 = CARTESIAN_POINT('',(3.14159265359,73.373264631778));
#3151 = ( GEOMETRIC_REPRESENTATION_CONTEXT(2) 
PARAMETRIC_REPRESENTATION_CONTEXT() REPRESENTATION_CONTEXT('2D SPACE',''
  ) );
#3152 = PCURVE('',#3153,#3158);
#3153 = CYLINDRICAL_SURFACE('',#3154,11.);
#3154 = AXIS2_PLACEMENT_3D('',#3155,#3156,#3157);
#3155 = CARTESIAN_POINT('',(330.9,0.,3.3));
#3156 = DIRECTION('',(0.,0.,1.));
#3157 = DIRECTION('',(1.,0.,-0.));
#3158 = DEFINITIONAL_REPRESENTATION('',(#3159),#3169);
#3159 = B_SPLINE_CURVE_WITH_KNOTS('',8,(#3160,#3161,#3162,#3163,#3164,
    #3165,#3166,#3167,#3168),.UNSPECIFIED.,.F.,.F.,(9,9),(4.712388980385
    ,6.28318530718),.PIECEWISE_BEZIER_KNOTS.);
#3160 = CARTESIAN_POINT('',(1.570796326795,37.));
#3161 = CARTESIAN_POINT('',(1.767145867644,39.159844949343));
#3162 = CARTESIAN_POINT('',(1.963495408492,41.319690411496));
#3163 = CARTESIAN_POINT('',(2.159844949342,43.35264587315));
#3164 = CARTESIAN_POINT('',(2.356194490187,45.131846256467));
#3165 = CARTESIAN_POINT('',(2.552544031039,46.545998509595));
#3166 = CARTESIAN_POINT('',(2.74889357189,47.515331464157));
#3167 = CARTESIAN_POINT('',(2.94524311274,48.));
#3168 = CARTESIAN_POINT('',(3.14159265359,48.));
#3169 = ( GEOMETRIC_REPRESENTATION_CONTEXT(2) 
PARAMETRIC_REPRESENTATION_CONTEXT() REPRESENTATION_CONTEXT('2D SPACE',''
  ) );
#3170 = ORIENTED_EDGE('',*,*,#2915,.T.);
#3171 = ORIENTED_EDGE('',*,*,#1668,.F.);
#3172 = ORIENTED_EDGE('',*,*,#3173,.T.);
#3173 = EDGE_CURVE('',#1643,#3174,#3176,.T.);
#3174 = VERTEX_POINT('',#3175);
#3175 = CARTESIAN_POINT('',(257.52673536822,11.,40.3));
#3176 = SURFACE_CURVE('',#3177,(#3182,#3195),.PCURVE_S1.);
#3177 = ELLIPSE('',#3178,15.556349186104,11.);
#3178 = AXIS2_PLACEMENT_3D('',#3179,#3180,#3181);
#3179 = CARTESIAN_POINT('',(257.52673536822,0.,40.3));
#3180 = DIRECTION('',(0.707106781187,0.,0.707106781187));
#3181 = DIRECTION('',(0.707106781187,0.,-0.707106781187));
#3182 = PCURVE('',#1684,#3183);
#3183 = DEFINITIONAL_REPRESENTATION('',(#3184),#3194);
#3184 = B_SPLINE_CURVE_WITH_KNOTS('',8,(#3185,#3186,#3187,#3188,#3189,
    #3190,#3191,#3192,#3193),.UNSPECIFIED.,.F.,.F.,(9,9),(0.,
    1.570796326795),.PIECEWISE_BEZIER_KNOTS.);
#3185 = CARTESIAN_POINT('',(0.,22.));
#3186 = CARTESIAN_POINT('',(0.196349540849,22.));
#3187 = CARTESIAN_POINT('',(0.392699081699,21.51533146411));
#3188 = CARTESIAN_POINT('',(0.589048622543,20.545998509799));
#3189 = CARTESIAN_POINT('',(0.785398163401,19.13184625619));
#3190 = CARTESIAN_POINT('',(0.981747704243,17.35264587339));
#3191 = CARTESIAN_POINT('',(1.178097245097,15.319690411467));
#3192 = CARTESIAN_POINT('',(1.374446785946,13.159844949343));
#3193 = CARTESIAN_POINT('',(1.570796326795,11.));
#3194 = ( GEOMETRIC_REPRESENTATION_CONTEXT(2) 
PARAMETRIC_REPRESENTATION_CONTEXT() REPRESENTATION_CONTEXT('2D SPACE',''
  ) );
#3195 = PCURVE('',#3012,#3196);
#3196 = DEFINITIONAL_REPRESENTATION('',(#3197),#3207);
#3197 = B_SPLINE_CURVE_WITH_KNOTS('',8,(#3198,#3199,#3200,#3201,#3202,
    #3203,#3204,#3205,#3206),.UNSPECIFIED.,.F.,.F.,(9,9),(0.,
    1.570796326795),.PIECEWISE_BEZIER_KNOTS.);
#3198 = CARTESIAN_POINT('',(0.,-7.105427357601E-15));
#3199 = CARTESIAN_POINT('',(0.196349540849,-7.105427357601E-15));
#3200 = CARTESIAN_POINT('',(0.392699081699,0.48466853585));
#3201 = CARTESIAN_POINT('',(0.589048622546,1.454001490256));
#3202 = CARTESIAN_POINT('',(0.7853981634,2.868153743646));
#3203 = CARTESIAN_POINT('',(0.981747704244,4.647354126671));
#3204 = CARTESIAN_POINT('',(1.178097245096,6.6803095885));
#3205 = CARTESIAN_POINT('',(1.374446785946,8.840155050657));
#3206 = CARTESIAN_POINT('',(1.570796326795,11.));
#3207 = ( GEOMETRIC_REPRESENTATION_CONTEXT(2) 
PARAMETRIC_REPRESENTATION_CONTEXT() REPRESENTATION_CONTEXT('2D SPACE',''
  ) );
#3208 = ORIENTED_EDGE('',*,*,#3209,.T.);
#3209 = EDGE_CURVE('',#3174,#2175,#3210,.T.);
#3210 = SURFACE_CURVE('',#3211,(#3216,#3229),.PCURVE_S1.);
#3211 = ELLIPSE('',#3212,15.556349186104,11.);
#3212 = AXIS2_PLACEMENT_3D('',#3213,#3214,#3215);
#3213 = CARTESIAN_POINT('',(257.52673536822,0.,40.3));
#3214 = DIRECTION('',(0.707106781187,0.,-0.707106781187));
#3215 = DIRECTION('',(0.707106781187,0.,0.707106781187));
#3216 = PCURVE('',#1684,#3217);
#3217 = DEFINITIONAL_REPRESENTATION('',(#3218),#3228);
#3218 = B_SPLINE_CURVE_WITH_KNOTS('',8,(#3219,#3220,#3221,#3222,#3223,
    #3224,#3225,#3226,#3227),.UNSPECIFIED.,.F.,.F.,(9,9),(4.712388980385
    ,6.28318530718),.PIECEWISE_BEZIER_KNOTS.);
#3219 = CARTESIAN_POINT('',(1.570796326795,11.));
#3220 = CARTESIAN_POINT('',(1.767145867644,13.159844949343));
#3221 = CARTESIAN_POINT('',(1.963495408489,15.319690411483));
#3222 = CARTESIAN_POINT('',(2.159844949349,17.352645873281));
#3223 = CARTESIAN_POINT('',(2.356194490172,19.131846256249));
#3224 = CARTESIAN_POINT('',(2.552544031047,20.545998509711));
#3225 = CARTESIAN_POINT('',(2.748893571887,21.515331464132));
#3226 = CARTESIAN_POINT('',(2.94524311274,22.));
#3227 = CARTESIAN_POINT('',(3.14159265359,22.));
#3228 = ( GEOMETRIC_REPRESENTATION_CONTEXT(2) 
PARAMETRIC_REPRESENTATION_CONTEXT() REPRESENTATION_CONTEXT('2D SPACE',''
  ) );
#3229 = PCURVE('',#1882,#3230);
#3230 = DEFINITIONAL_REPRESENTATION('',(#3231),#3241);
#3231 = B_SPLINE_CURVE_WITH_KNOTS('',8,(#3232,#3233,#3234,#3235,#3236,
    #3237,#3238,#3239,#3240),.UNSPECIFIED.,.F.,.F.,(9,9),(4.712388980385
    ,6.28318530718),.PIECEWISE_BEZIER_KNOTS.);
#3232 = CARTESIAN_POINT('',(1.570796326795,11.));
#3233 = CARTESIAN_POINT('',(1.374446785946,13.159844949343));
#3234 = CARTESIAN_POINT('',(1.178097245097,15.319690411498));
#3235 = CARTESIAN_POINT('',(0.981747704241,17.352645873281));
#3236 = CARTESIAN_POINT('',(0.785398163403,19.131846256307));
#3237 = CARTESIAN_POINT('',(0.589048622543,20.545998509682));
#3238 = CARTESIAN_POINT('',(0.3926990817,21.515331464139));
#3239 = CARTESIAN_POINT('',(0.196349540849,22.));
#3240 = CARTESIAN_POINT('',(2.449293598295E-16,22.));
#3241 = ( GEOMETRIC_REPRESENTATION_CONTEXT(2) 
PARAMETRIC_REPRESENTATION_CONTEXT() REPRESENTATION_CONTEXT('2D SPACE',''
  ) );
#3242 = ORIENTED_EDGE('',*,*,#2174,.T.);
#3243 = ADVANCED_FACE('',(#3244),#1778,.T.);
#3244 = FACE_BOUND('',#3245,.T.);
#3245 = EDGE_LOOP('',(#3246,#3247,#3266,#3267));
#3246 = ORIENTED_EDGE('',*,*,#1763,.T.);
#3247 = ORIENTED_EDGE('',*,*,#3248,.T.);
#3248 = EDGE_CURVE('',#1764,#1983,#3249,.T.);
#3249 = SURFACE_CURVE('',#3250,(#3254,#3260),.PCURVE_S1.);
#3250 = LINE('',#3251,#3252);
#3251 = CARTESIAN_POINT('',(237.,-15.,30.));
#3252 = VECTOR('',#3253,1.);
#3253 = DIRECTION('',(-0.,1.,0.));
#3254 = PCURVE('',#1778,#3255);
#3255 = DEFINITIONAL_REPRESENTATION('',(#3256),#3259);
#3256 = B_SPLINE_CURVE_WITH_KNOTS('',1,(#3257,#3258),.UNSPECIFIED.,.F.,
  .F.,(2,2),(0.,30.),.PIECEWISE_BEZIER_KNOTS.);
#3257 = CARTESIAN_POINT('',(31.,0.));
#3258 = CARTESIAN_POINT('',(31.,-30.));
#3259 = ( GEOMETRIC_REPRESENTATION_CONTEXT(2) 
PARAMETRIC_REPRESENTATION_CONTEXT() REPRESENTATION_CONTEXT('2D SPACE',''
  ) );
#3260 = PCURVE('',#1804,#3261);
#3261 = DEFINITIONAL_REPRESENTATION('',(#3262),#3265);
#3262 = B_SPLINE_CURVE_WITH_KNOTS('',1,(#3263,#3264),.UNSPECIFIED.,.F.,
  .F.,(2,2),(0.,30.),.PIECEWISE_BEZIER_KNOTS.);
#3263 = CARTESIAN_POINT('',(181.,0.));
#3264 = CARTESIAN_POINT('',(181.,30.));
#3265 = ( GEOMETRIC_REPRESENTATION_CONTEXT(2) 
PARAMETRIC_REPRESENTATION_CONTEXT() REPRESENTATION_CONTEXT('2D SPACE',''
  ) );
#3266 = ORIENTED_EDGE('',*,*,#1982,.T.);
#3267 = ORIENTED_EDGE('',*,*,#2102,.F.);
#3268 = ADVANCED_FACE('',(#3269),#1804,.T.);
#3269 = FACE_BOUND('',#3270,.T.);
#3270 = EDGE_LOOP('',(#3271,#3272,#3273,#3274));
#3271 = ORIENTED_EDGE('',*,*,#2005,.F.);
#3272 = ORIENTED_EDGE('',*,*,#3248,.F.);
#3273 = ORIENTED_EDGE('',*,*,#1789,.T.);
#3274 = ORIENTED_EDGE('',*,*,#3275,.T.);
#3275 = EDGE_CURVE('',#1790,#2006,#3276,.T.);
#3276 = SURFACE_CURVE('',#3277,(#3281,#3287),.PCURVE_S1.);
#3277 = LINE('',#3278,#3279);
#3278 = CARTESIAN_POINT('',(244.02673536822,-15.,30.));
#3279 = VECTOR('',#3280,1.);
#3280 = DIRECTION('',(-0.,1.,0.));
#3281 = PCURVE('',#1804,#3282);
#3282 = DEFINITIONAL_REPRESENTATION('',(#3283),#3286);
#3283 = B_SPLINE_CURVE_WITH_KNOTS('',1,(#3284,#3285),.UNSPECIFIED.,.F.,
  .F.,(2,2),(0.,30.),.PIECEWISE_BEZIER_KNOTS.);
#3284 = CARTESIAN_POINT('',(188.02673536822,0.));
#3285 = CARTESIAN_POINT('',(188.02673536822,30.));
#3286 = ( GEOMETRIC_REPRESENTATION_CONTEXT(2) 
PARAMETRIC_REPRESENTATION_CONTEXT() REPRESENTATION_CONTEXT('2D SPACE',''
  ) );
#3287 = PCURVE('',#1830,#3288);
#3288 = DEFINITIONAL_REPRESENTATION('',(#3289),#3292);
#3289 = B_SPLINE_CURVE_WITH_KNOTS('',1,(#3290,#3291),.UNSPECIFIED.,.F.,
  .F.,(2,2),(0.,30.),.PIECEWISE_BEZIER_KNOTS.);
#3290 = CARTESIAN_POINT('',(30.,0.));
#3291 = CARTESIAN_POINT('',(30.,-30.));
#3292 = ( GEOMETRIC_REPRESENTATION_CONTEXT(2) 
PARAMETRIC_REPRESENTATION_CONTEXT() REPRESENTATION_CONTEXT('2D SPACE',''
  ) );
#3293 = ADVANCED_FACE('',(#3294),#1830,.F.);
#3294 = FACE_BOUND('',#3295,.F.);
#3295 = EDGE_LOOP('',(#3296,#3297,#3298,#3299));
#3296 = ORIENTED_EDGE('',*,*,#1815,.T.);
#3297 = ORIENTED_EDGE('',*,*,#3275,.T.);
#3298 = ORIENTED_EDGE('',*,*,#2028,.T.);
#3299 = ORIENTED_EDGE('',*,*,#3300,.F.);
#3300 = EDGE_CURVE('',#1816,#2029,#3301,.T.);
#3301 = SURFACE_CURVE('',#3302,(#3306,#3313),.PCURVE_S1.);
#3302 = LINE('',#3303,#3304);
#3303 = CARTESIAN_POINT('',(244.02673536822,-15.,56.));
#3304 = VECTOR('',#3305,1.);
#3305 = DIRECTION('',(-0.,1.,0.));
#3306 = PCURVE('',#1830,#3307);
#3307 = DEFINITIONAL_REPRESENTATION('',(#3308),#3312);
#3308 = LINE('',#3309,#3310);
#3309 = CARTESIAN_POINT('',(56.,0.));
#3310 = VECTOR('',#3311,1.);
#3311 = DIRECTION('',(0.,-1.));
#3312 = ( GEOMETRIC_REPRESENTATION_CONTEXT(2) 
PARAMETRIC_REPRESENTATION_CONTEXT() REPRESENTATION_CONTEXT('2D SPACE',''
  ) );
#3313 = PCURVE('',#1856,#3314);
#3314 = DEFINITIONAL_REPRESENTATION('',(#3315),#3319);
#3315 = LINE('',#3316,#3317);
#3316 = CARTESIAN_POINT('',(0.,0.));
#3317 = VECTOR('',#3318,1.);
#3318 = DIRECTION('',(0.,1.));
#3319 = ( GEOMETRIC_REPRESENTATION_CONTEXT(2) 
PARAMETRIC_REPRESENTATION_CONTEXT() REPRESENTATION_CONTEXT('2D SPACE',''
  ) );
#3320 = ADVANCED_FACE('',(#3321),#1856,.T.);
#3321 = FACE_BOUND('',#3322,.T.);
#3322 = EDGE_LOOP('',(#3323,#3324,#3325,#3347,#3348,#3349));
#3323 = ORIENTED_EDGE('',*,*,#3300,.F.);
#3324 = ORIENTED_EDGE('',*,*,#1841,.T.);
#3325 = ORIENTED_EDGE('',*,*,#3326,.F.);
#3326 = EDGE_CURVE('',#2198,#1842,#3327,.T.);
#3327 = SURFACE_CURVE('',#3328,(#3333,#3340),.PCURVE_S1.);
#3328 = CIRCLE('',#3329,11.);
#3329 = AXIS2_PLACEMENT_3D('',#3330,#3331,#3332);
#3330 = CARTESIAN_POINT('',(257.52673536822,0.,56.));
#3331 = DIRECTION('',(0.,0.,1.));
#3332 = DIRECTION('',(1.,0.,-0.));
#3333 = PCURVE('',#1856,#3334);
#3334 = DEFINITIONAL_REPRESENTATION('',(#3335),#3339);
#3335 = CIRCLE('',#3336,11.);
#3336 = AXIS2_PLACEMENT_2D('',#3337,#3338);
#3337 = CARTESIAN_POINT('',(13.5,15.));
#3338 = DIRECTION('',(1.,0.));
#3339 = ( GEOMETRIC_REPRESENTATION_CONTEXT(2) 
PARAMETRIC_REPRESENTATION_CONTEXT() REPRESENTATION_CONTEXT('2D SPACE',''
  ) );
#3340 = PCURVE('',#1882,#3341);
#3341 = DEFINITIONAL_REPRESENTATION('',(#3342),#3346);
#3342 = LINE('',#3343,#3344);
#3343 = CARTESIAN_POINT('',(0.,26.7));
#3344 = VECTOR('',#3345,1.);
#3345 = DIRECTION('',(1.,0.));
#3346 = ( GEOMETRIC_REPRESENTATION_CONTEXT(2) 
PARAMETRIC_REPRESENTATION_CONTEXT() REPRESENTATION_CONTEXT('2D SPACE',''
  ) );
#3347 = ORIENTED_EDGE('',*,*,#2220,.T.);
#3348 = ORIENTED_EDGE('',*,*,#2150,.T.);
#3349 = ORIENTED_EDGE('',*,*,#2051,.F.);
#3350 = ADVANCED_FACE('',(#3351),#1882,.F.);
#3351 = FACE_BOUND('',#3352,.F.);
#3352 = EDGE_LOOP('',(#3353,#3354,#3355,#3403,#3404));
#3353 = ORIENTED_EDGE('',*,*,#2197,.F.);
#3354 = ORIENTED_EDGE('',*,*,#3209,.F.);
#3355 = ORIENTED_EDGE('',*,*,#3356,.T.);
#3356 = EDGE_CURVE('',#3174,#1868,#3357,.T.);
#3357 = SURFACE_CURVE('',#3358,(#3363,#3383),.PCURVE_S1.);
#3358 = ELLIPSE('',#3359,15.556349186104,11.);
#3359 = AXIS2_PLACEMENT_3D('',#3360,#3361,#3362);
#3360 = CARTESIAN_POINT('',(257.52673536822,0.,40.3));
#3361 = DIRECTION('',(0.707106781187,0.,0.707106781187));
#3362 = DIRECTION('',(0.707106781187,0.,-0.707106781187));
#3363 = PCURVE('',#1882,#3364);
#3364 = DEFINITIONAL_REPRESENTATION('',(#3365),#3382);
#3365 = B_SPLINE_CURVE_WITH_KNOTS('',8,(#3366,#3367,#3368,#3369,#3370,
    #3371,#3372,#3373,#3374,#3375,#3376,#3377,#3378,#3379,#3380,#3381),
  .UNSPECIFIED.,.F.,.F.,(9,7,9),(1.570796326795,3.14159265359,
    4.712388980385),.UNSPECIFIED.);
#3366 = CARTESIAN_POINT('',(1.570796326795,11.));
#3367 = CARTESIAN_POINT('',(1.767145867644,13.159844949343));
#3368 = CARTESIAN_POINT('',(1.963495408495,15.319690411501));
#3369 = CARTESIAN_POINT('',(2.159844949333,17.352645873296));
#3370 = CARTESIAN_POINT('',(2.356194490199,19.131846256336));
#3371 = CARTESIAN_POINT('',(2.55254403103,20.545998509668));
#3372 = CARTESIAN_POINT('',(2.748893571893,21.515331464143));
#3373 = CARTESIAN_POINT('',(2.94524311274,22.));
#3374 = CARTESIAN_POINT('',(3.337942194439,22.));
#3375 = CARTESIAN_POINT('',(3.534291735285,21.515331464119));
#3376 = CARTESIAN_POINT('',(3.730641276145,20.545998509762));
#3377 = CARTESIAN_POINT('',(3.926990816963,19.131846256205));
#3378 = CARTESIAN_POINT('',(4.123340357848,17.352645873354));
#3379 = CARTESIAN_POINT('',(4.319689898684,15.319690411474));
#3380 = CARTESIAN_POINT('',(4.516039439535,13.159844949343));
#3381 = CARTESIAN_POINT('',(4.712388980385,11.));
#3382 = ( GEOMETRIC_REPRESENTATION_CONTEXT(2) 
PARAMETRIC_REPRESENTATION_CONTEXT() REPRESENTATION_CONTEXT('2D SPACE',''
  ) );
#3383 = PCURVE('',#3085,#3384);
#3384 = DEFINITIONAL_REPRESENTATION('',(#3385),#3402);
#3385 = B_SPLINE_CURVE_WITH_KNOTS('',8,(#3386,#3387,#3388,#3389,#3390,
    #3391,#3392,#3393,#3394,#3395,#3396,#3397,#3398,#3399,#3400,#3401),
  .UNSPECIFIED.,.F.,.F.,(9,7,9),(1.570796326795,3.14159265359,
    4.712388980385),.UNSPECIFIED.);
#3386 = CARTESIAN_POINT('',(1.570796326795,11.));
#3387 = CARTESIAN_POINT('',(1.767145867644,8.840155050657));
#3388 = CARTESIAN_POINT('',(1.963495408489,6.6803095885));
#3389 = CARTESIAN_POINT('',(2.159844949349,4.647354126672));
#3390 = CARTESIAN_POINT('',(2.356194490172,2.868153743639));
#3391 = CARTESIAN_POINT('',(2.552544031047,1.454001490252));
#3392 = CARTESIAN_POINT('',(2.748893571887,0.484668535851));
#3393 = CARTESIAN_POINT('',(2.94524311274,2.645047203867E-16));
#3394 = CARTESIAN_POINT('',(3.337942194439,-2.645047203867E-16));
#3395 = CARTESIAN_POINT('',(3.534291735285,0.484668535848));
#3396 = CARTESIAN_POINT('',(3.730641276143,1.45400149026));
#3397 = CARTESIAN_POINT('',(3.926990816963,2.868153743639));
#3398 = CARTESIAN_POINT('',(4.123340357846,4.647354126675));
#3399 = CARTESIAN_POINT('',(4.319689898684,6.680309588499));
#3400 = CARTESIAN_POINT('',(4.516039439535,8.840155050657));
#3401 = CARTESIAN_POINT('',(4.712388980385,11.));
#3402 = ( GEOMETRIC_REPRESENTATION_CONTEXT(2) 
PARAMETRIC_REPRESENTATION_CONTEXT() REPRESENTATION_CONTEXT('2D SPACE',''
  ) );
#3403 = ORIENTED_EDGE('',*,*,#1867,.T.);
#3404 = ORIENTED_EDGE('',*,*,#3326,.F.);
#3405 = ADVANCED_FACE('',(#3406),#1906,.T.);
#3406 = FACE_BOUND('',#3407,.T.);
#3407 = EDGE_LOOP('',(#3408,#3409,#3431));
#3408 = ORIENTED_EDGE('',*,*,#3049,.T.);
#3409 = ORIENTED_EDGE('',*,*,#3410,.T.);
#3410 = EDGE_CURVE('',#3050,#1868,#3411,.T.);
#3411 = SURFACE_CURVE('',#3412,(#3417,#3424),.PCURVE_S1.);
#3412 = CIRCLE('',#3413,11.);
#3413 = AXIS2_PLACEMENT_3D('',#3414,#3415,#3416);
#3414 = CARTESIAN_POINT('',(246.52673536822,0.,40.3));
#3415 = DIRECTION('',(1.,-0.,2.22044604925E-16));
#3416 = DIRECTION('',(2.22044604925E-16,0.,-1.));
#3417 = PCURVE('',#1906,#3418);
#3418 = DEFINITIONAL_REPRESENTATION('',(#3419),#3423);
#3419 = CIRCLE('',#3420,11.);
#3420 = AXIS2_PLACEMENT_2D('',#3421,#3422);
#3421 = CARTESIAN_POINT('',(0.,0.));
#3422 = DIRECTION('',(1.,0.));
#3423 = ( GEOMETRIC_REPRESENTATION_CONTEXT(2) 
PARAMETRIC_REPRESENTATION_CONTEXT() REPRESENTATION_CONTEXT('2D SPACE',''
  ) );
#3424 = PCURVE('',#3085,#3425);
#3425 = DEFINITIONAL_REPRESENTATION('',(#3426),#3430);
#3426 = LINE('',#3427,#3428);
#3427 = CARTESIAN_POINT('',(0.,0.));
#3428 = VECTOR('',#3429,1.);
#3429 = DIRECTION('',(1.,0.));
#3430 = ( GEOMETRIC_REPRESENTATION_CONTEXT(2) 
PARAMETRIC_REPRESENTATION_CONTEXT() REPRESENTATION_CONTEXT('2D SPACE',''
  ) );
#3431 = ORIENTED_EDGE('',*,*,#1893,.T.);
#3432 = ADVANCED_FACE('',(#3433),#2479,.F.);
#3433 = FACE_BOUND('',#3434,.F.);
#3434 = EDGE_LOOP('',(#3435,#3436,#3457));
#3435 = ORIENTED_EDGE('',*,*,#2466,.T.);
#3436 = ORIENTED_EDGE('',*,*,#3437,.T.);
#3437 = EDGE_CURVE('',#2441,#3438,#3440,.T.);
#3438 = VERTEX_POINT('',#3439);
#3439 = CARTESIAN_POINT('',(323.2926983722,7.945373618893,51.3));
#3440 = SURFACE_CURVE('',#3441,(#3445,#3451),.PCURVE_S1.);
#3441 = LINE('',#3442,#3443);
#3442 = CARTESIAN_POINT('',(323.2926983722,-250.,51.3));
#3443 = VECTOR('',#3444,1.);
#3444 = DIRECTION('',(0.,1.,0.));
#3445 = PCURVE('',#2479,#3446);
#3446 = DEFINITIONAL_REPRESENTATION('',(#3447),#3450);
#3447 = B_SPLINE_CURVE_WITH_KNOTS('',1,(#3448,#3449),.UNSPECIFIED.,.F.,
  .F.,(2,2),(239.,261.),.PIECEWISE_BEZIER_KNOTS.);
#3448 = CARTESIAN_POINT('',(-7.607301627792,-11.));
#3449 = CARTESIAN_POINT('',(-7.607301627792,11.));
#3450 = ( GEOMETRIC_REPRESENTATION_CONTEXT(2) 
PARAMETRIC_REPRESENTATION_CONTEXT() REPRESENTATION_CONTEXT('2D SPACE',''
  ) );
#3451 = PCURVE('',#2455,#3452);
#3452 = DEFINITIONAL_REPRESENTATION('',(#3453),#3456);
#3453 = B_SPLINE_CURVE_WITH_KNOTS('',1,(#3454,#3455),.UNSPECIFIED.,.F.,
  .F.,(2,2),(239.,261.),.PIECEWISE_BEZIER_KNOTS.);
#3454 = CARTESIAN_POINT('',(513.15734916059,-489.));
#3455 = CARTESIAN_POINT('',(513.15734916059,-511.));
#3456 = ( GEOMETRIC_REPRESENTATION_CONTEXT(2) 
PARAMETRIC_REPRESENTATION_CONTEXT() REPRESENTATION_CONTEXT('2D SPACE',''
  ) );
#3457 = ORIENTED_EDGE('',*,*,#3458,.T.);
#3458 = EDGE_CURVE('',#3438,#2177,#3459,.T.);
#3459 = SURFACE_CURVE('',#3460,(#3465,#3472),.PCURVE_S1.);
#3460 = CIRCLE('',#3461,11.);
#3461 = AXIS2_PLACEMENT_3D('',#3462,#3463,#3464);
#3462 = CARTESIAN_POINT('',(330.9,0.,51.3));
#3463 = DIRECTION('',(0.,0.,1.));
#3464 = DIRECTION('',(1.,0.,-0.));
#3465 = PCURVE('',#2479,#3466);
#3466 = DEFINITIONAL_REPRESENTATION('',(#3467),#3471);
#3467 = CIRCLE('',#3468,11.);
#3468 = AXIS2_PLACEMENT_2D('',#3469,#3470);
#3469 = CARTESIAN_POINT('',(0.,0.));
#3470 = DIRECTION('',(1.,0.));
#3471 = ( GEOMETRIC_REPRESENTATION_CONTEXT(2) 
PARAMETRIC_REPRESENTATION_CONTEXT() REPRESENTATION_CONTEXT('2D SPACE',''
  ) );
#3472 = PCURVE('',#3153,#3473);
#3473 = DEFINITIONAL_REPRESENTATION('',(#3474),#3478);
#3474 = LINE('',#3475,#3476);
#3475 = CARTESIAN_POINT('',(0.,48.));
#3476 = VECTOR('',#3477,1.);
#3477 = DIRECTION('',(1.,0.));
#3478 = ( GEOMETRIC_REPRESENTATION_CONTEXT(2) 
PARAMETRIC_REPRESENTATION_CONTEXT() REPRESENTATION_CONTEXT('2D SPACE',''
  ) );
#3479 = ADVANCED_FACE('',(#3480),#2455,.F.);
#3480 = FACE_BOUND('',#3481,.F.);
#3481 = EDGE_LOOP('',(#3482,#3503,#3532,#3559,#3560));
#3482 = ORIENTED_EDGE('',*,*,#3483,.F.);
#3483 = EDGE_CURVE('',#3484,#2415,#3486,.T.);
#3484 = VERTEX_POINT('',#3485);
#3485 = CARTESIAN_POINT('',(341.9,7.945373618893,32.692698372208));
#3486 = SURFACE_CURVE('',#3487,(#3491,#3497),.PCURVE_S1.);
#3487 = LINE('',#3488,#3489);
#3488 = CARTESIAN_POINT('',(341.9,-250.,32.692698372208));
#3489 = VECTOR('',#3490,1.);
#3490 = DIRECTION('',(0.,-1.,0.));
#3491 = PCURVE('',#2455,#3492);
#3492 = DEFINITIONAL_REPRESENTATION('',(#3493),#3496);
#3493 = B_SPLINE_CURVE_WITH_KNOTS('',1,(#3494,#3495),.UNSPECIFIED.,.F.,
  .F.,(2,2),(-261.,-239.),.PIECEWISE_BEZIER_KNOTS.);
#3494 = CARTESIAN_POINT('',(486.8426508394,-511.));
#3495 = CARTESIAN_POINT('',(486.8426508394,-489.));
#3496 = ( GEOMETRIC_REPRESENTATION_CONTEXT(2) 
PARAMETRIC_REPRESENTATION_CONTEXT() REPRESENTATION_CONTEXT('2D SPACE',''
  ) );
#3497 = PCURVE('',#2429,#3498);
#3498 = DEFINITIONAL_REPRESENTATION('',(#3499),#3502);
#3499 = B_SPLINE_CURVE_WITH_KNOTS('',1,(#3500,#3501),.UNSPECIFIED.,.F.,
  .F.,(2,2),(-261.,-239.),.PIECEWISE_BEZIER_KNOTS.);
#3500 = CARTESIAN_POINT('',(7.607301627792,11.));
#3501 = CARTESIAN_POINT('',(7.607301627792,-11.));
#3502 = ( GEOMETRIC_REPRESENTATION_CONTEXT(2) 
PARAMETRIC_REPRESENTATION_CONTEXT() REPRESENTATION_CONTEXT('2D SPACE',''
  ) );
#3503 = ORIENTED_EDGE('',*,*,#3504,.T.);
#3504 = EDGE_CURVE('',#3484,#3505,#3507,.T.);
#3505 = VERTEX_POINT('',#3506);
#3506 = CARTESIAN_POINT('',(332.5963491861,10.868412921803,
    41.996349186104));
#3507 = SURFACE_CURVE('',#3508,(#3513,#3520),.PCURVE_S1.);
#3508 = ELLIPSE('',#3509,15.556349186104,11.);
#3509 = AXIS2_PLACEMENT_3D('',#3510,#3511,#3512);
#3510 = CARTESIAN_POINT('',(334.2926983722,0.,40.3));
#3511 = DIRECTION('',(0.707106781187,0.,0.707106781187));
#3512 = DIRECTION('',(0.707106781187,0.,-0.707106781187));
#3513 = PCURVE('',#2455,#3514);
#3514 = DEFINITIONAL_REPRESENTATION('',(#3515),#3519);
#3515 = ELLIPSE('',#3516,15.556349186104,11.);
#3516 = AXIS2_PLACEMENT_2D('',#3517,#3518);
#3517 = CARTESIAN_POINT('',(497.60099997449,-500.));
#3518 = DIRECTION('',(-1.,0.));
#3519 = ( GEOMETRIC_REPRESENTATION_CONTEXT(2) 
PARAMETRIC_REPRESENTATION_CONTEXT() REPRESENTATION_CONTEXT('2D SPACE',''
  ) );
#3520 = PCURVE('',#2972,#3521);
#3521 = DEFINITIONAL_REPRESENTATION('',(#3522),#3531);
#3522 = B_SPLINE_CURVE_WITH_KNOTS('',7,(#3523,#3524,#3525,#3526,#3527,
    #3528,#3529,#3530),.UNSPECIFIED.,.F.,.F.,(8,8),(0.80713188954,
    1.884335486306),.PIECEWISE_BEZIER_KNOTS.);
#3523 = CARTESIAN_POINT('',(0.80713188954,95.373265231778));
#3524 = CARTESIAN_POINT('',(0.96101811765,94.150581743051));
#3525 = CARTESIAN_POINT('',(1.114904345759,92.717725035316));
#3526 = CARTESIAN_POINT('',(1.268790573868,91.121988869949));
#3527 = CARTESIAN_POINT('',(1.422676801979,89.422852049131));
#3528 = CARTESIAN_POINT('',(1.576563030087,87.687443823826));
#3529 = CARTESIAN_POINT('',(1.730449258196,85.983487592318));
#3530 = CARTESIAN_POINT('',(1.884335486306,84.373264031778));
#3531 = ( GEOMETRIC_REPRESENTATION_CONTEXT(2) 
PARAMETRIC_REPRESENTATION_CONTEXT() REPRESENTATION_CONTEXT('2D SPACE',''
  ) );
#3532 = ORIENTED_EDGE('',*,*,#3533,.T.);
#3533 = EDGE_CURVE('',#3505,#3438,#3534,.T.);
#3534 = SURFACE_CURVE('',#3535,(#3540,#3547),.PCURVE_S1.);
#3535 = ELLIPSE('',#3536,15.556349186104,11.);
#3536 = AXIS2_PLACEMENT_3D('',#3537,#3538,#3539);
#3537 = CARTESIAN_POINT('',(330.9,0.,43.692698372208));
#3538 = DIRECTION('',(0.707106781187,0.,0.707106781187));
#3539 = DIRECTION('',(-0.707106781187,0.,0.707106781187));
#3540 = PCURVE('',#2455,#3541);
#3541 = DEFINITIONAL_REPRESENTATION('',(#3542),#3546);
#3542 = ELLIPSE('',#3543,15.556349186104,11.);
#3543 = AXIS2_PLACEMENT_2D('',#3544,#3545);
#3544 = CARTESIAN_POINT('',(502.3990000255,-500.));
#3545 = DIRECTION('',(1.,0.));
#3546 = ( GEOMETRIC_REPRESENTATION_CONTEXT(2) 
PARAMETRIC_REPRESENTATION_CONTEXT() REPRESENTATION_CONTEXT('2D SPACE',''
  ) );
#3547 = PCURVE('',#3153,#3548);
#3548 = DEFINITIONAL_REPRESENTATION('',(#3549),#3558);
#3549 = B_SPLINE_CURVE_WITH_KNOTS('',7,(#3550,#3551,#3552,#3553,#3554,
    #3555,#3556,#3557),.UNSPECIFIED.,.F.,.F.,(8,8),(4.398849820874,
    5.476053417639),.PIECEWISE_BEZIER_KNOTS.);
#3550 = CARTESIAN_POINT('',(1.257257167284,36.9999994));
#3551 = CARTESIAN_POINT('',(1.411143395393,38.61022296054));
#3552 = CARTESIAN_POINT('',(1.565029623502,40.314179192044));
#3553 = CARTESIAN_POINT('',(1.718915851613,42.049587417343));
#3554 = CARTESIAN_POINT('',(1.872802079721,43.748724238132));
#3555 = CARTESIAN_POINT('',(2.026688307831,45.344460403539));
#3556 = CARTESIAN_POINT('',(2.18057453594,46.777317111272));
#3557 = CARTESIAN_POINT('',(2.334460764049,48.0000006));
#3558 = ( GEOMETRIC_REPRESENTATION_CONTEXT(2) 
PARAMETRIC_REPRESENTATION_CONTEXT() REPRESENTATION_CONTEXT('2D SPACE',''
  ) );
#3559 = ORIENTED_EDGE('',*,*,#3437,.F.);
#3560 = ORIENTED_EDGE('',*,*,#2440,.T.);
#3561 = ADVANCED_FACE('',(#3562),#2429,.F.);
#3562 = FACE_BOUND('',#3563,.F.);
#3563 = EDGE_LOOP('',(#3564,#3565,#3587));
#3564 = ORIENTED_EDGE('',*,*,#2414,.T.);
#3565 = ORIENTED_EDGE('',*,*,#3566,.T.);
#3566 = EDGE_CURVE('',#2392,#3484,#3567,.T.);
#3567 = SURFACE_CURVE('',#3568,(#3573,#3580),.PCURVE_S1.);
#3568 = CIRCLE('',#3569,11.);
#3569 = AXIS2_PLACEMENT_3D('',#3570,#3571,#3572);
#3570 = CARTESIAN_POINT('',(341.9,0.,40.3));
#3571 = DIRECTION('',(1.,-0.,2.22044604925E-16));
#3572 = DIRECTION('',(2.22044604925E-16,0.,-1.));
#3573 = PCURVE('',#2429,#3574);
#3574 = DEFINITIONAL_REPRESENTATION('',(#3575),#3579);
#3575 = CIRCLE('',#3576,11.);
#3576 = AXIS2_PLACEMENT_2D('',#3577,#3578);
#3577 = CARTESIAN_POINT('',(0.,0.));
#3578 = DIRECTION('',(1.,0.));
#3579 = ( GEOMETRIC_REPRESENTATION_CONTEXT(2) 
PARAMETRIC_REPRESENTATION_CONTEXT() REPRESENTATION_CONTEXT('2D SPACE',''
  ) );
#3580 = PCURVE('',#2972,#3581);
#3581 = DEFINITIONAL_REPRESENTATION('',(#3582),#3586);
#3582 = LINE('',#3583,#3584);
#3583 = CARTESIAN_POINT('',(0.,95.373264631778));
#3584 = VECTOR('',#3585,1.);
#3585 = DIRECTION('',(1.,0.));
#3586 = ( GEOMETRIC_REPRESENTATION_CONTEXT(2) 
PARAMETRIC_REPRESENTATION_CONTEXT() REPRESENTATION_CONTEXT('2D SPACE',''
  ) );
#3587 = ORIENTED_EDGE('',*,*,#3483,.T.);
#3588 = ADVANCED_FACE('',(#3589),#2380,.F.);
#3589 = FACE_BOUND('',#3590,.F.);
#3590 = EDGE_LOOP('',(#3591,#3592,#3613));
#3591 = ORIENTED_EDGE('',*,*,#2365,.T.);
#3592 = ORIENTED_EDGE('',*,*,#3593,.T.);
#3593 = EDGE_CURVE('',#2340,#3594,#3596,.T.);
#3594 = VERTEX_POINT('',#3595);
#3595 = CARTESIAN_POINT('',(341.9,7.945373618893,21.907301627792));
#3596 = SURFACE_CURVE('',#3597,(#3601,#3607),.PCURVE_S1.);
#3597 = LINE('',#3598,#3599);
#3598 = CARTESIAN_POINT('',(341.9,-250.,21.907301627792));
#3599 = VECTOR('',#3600,1.);
#3600 = DIRECTION('',(-0.,1.,0.));
#3601 = PCURVE('',#2380,#3602);
#3602 = DEFINITIONAL_REPRESENTATION('',(#3603),#3606);
#3603 = B_SPLINE_CURVE_WITH_KNOTS('',1,(#3604,#3605),.UNSPECIFIED.,.F.,
  .F.,(2,2),(239.,261.),.PIECEWISE_BEZIER_KNOTS.);
#3604 = CARTESIAN_POINT('',(-7.607301627792,-11.));
#3605 = CARTESIAN_POINT('',(-7.607301627792,11.));
#3606 = ( GEOMETRIC_REPRESENTATION_CONTEXT(2) 
PARAMETRIC_REPRESENTATION_CONTEXT() REPRESENTATION_CONTEXT('2D SPACE',''
  ) );
#3607 = PCURVE('',#2354,#3608);
#3608 = DEFINITIONAL_REPRESENTATION('',(#3609),#3612);
#3609 = B_SPLINE_CURVE_WITH_KNOTS('',1,(#3610,#3611),.UNSPECIFIED.,.F.,
  .F.,(2,2),(239.,261.),.PIECEWISE_BEZIER_KNOTS.);
#3610 = CARTESIAN_POINT('',(513.15734916059,-489.));
#3611 = CARTESIAN_POINT('',(513.15734916059,-511.));
#3612 = ( GEOMETRIC_REPRESENTATION_CONTEXT(2) 
PARAMETRIC_REPRESENTATION_CONTEXT() REPRESENTATION_CONTEXT('2D SPACE',''
  ) );
#3613 = ORIENTED_EDGE('',*,*,#3614,.T.);
#3614 = EDGE_CURVE('',#3594,#2366,#3615,.T.);
#3615 = SURFACE_CURVE('',#3616,(#3621,#3628),.PCURVE_S1.);
#3616 = CIRCLE('',#3617,11.);
#3617 = AXIS2_PLACEMENT_3D('',#3618,#3619,#3620);
#3618 = CARTESIAN_POINT('',(341.9,0.,14.3));
#3619 = DIRECTION('',(1.,-0.,2.22044604925E-16));
#3620 = DIRECTION('',(2.22044604925E-16,0.,-1.));
#3621 = PCURVE('',#2380,#3622);
#3622 = DEFINITIONAL_REPRESENTATION('',(#3623),#3627);
#3623 = CIRCLE('',#3624,11.);
#3624 = AXIS2_PLACEMENT_2D('',#3625,#3626);
#3625 = CARTESIAN_POINT('',(0.,0.));
#3626 = DIRECTION('',(1.,0.));
#3627 = ( GEOMETRIC_REPRESENTATION_CONTEXT(2) 
PARAMETRIC_REPRESENTATION_CONTEXT() REPRESENTATION_CONTEXT('2D SPACE',''
  ) );
#3628 = PCURVE('',#2804,#3629);
#3629 = DEFINITIONAL_REPRESENTATION('',(#3630),#3634);
#3630 = LINE('',#3631,#3632);
#3631 = CARTESIAN_POINT('',(0.,257.9));
#3632 = VECTOR('',#3633,1.);
#3633 = DIRECTION('',(1.,0.));
#3634 = ( GEOMETRIC_REPRESENTATION_CONTEXT(2) 
PARAMETRIC_REPRESENTATION_CONTEXT() REPRESENTATION_CONTEXT('2D SPACE',''
  ) );
#3635 = ADVANCED_FACE('',(#3636),#2279,.F.);
#3636 = FACE_BOUND('',#3637,.F.);
#3637 = EDGE_LOOP('',(#3638,#3639,#3640,#3641));
#3638 = ORIENTED_EDGE('',*,*,#2264,.T.);
#3639 = ORIENTED_EDGE('',*,*,#2565,.T.);
#3640 = ORIENTED_EDGE('',*,*,#2655,.T.);
#3641 = ORIENTED_EDGE('',*,*,#2735,.F.);
#3642 = ADVANCED_FACE('',(#3643),#2354,.F.);
#3643 = FACE_BOUND('',#3644,.F.);
#3644 = EDGE_LOOP('',(#3645,#3646,#3647,#3666,#3667));
#3645 = ORIENTED_EDGE('',*,*,#3593,.F.);
#3646 = ORIENTED_EDGE('',*,*,#2339,.T.);
#3647 = ORIENTED_EDGE('',*,*,#3648,.T.);
#3648 = EDGE_CURVE('',#2314,#2823,#3649,.T.);
#3649 = SURFACE_CURVE('',#3650,(#3654,#3660),.PCURVE_S1.);
#3650 = LINE('',#3651,#3652);
#3651 = CARTESIAN_POINT('',(323.2926983722,-250.,3.3));
#3652 = VECTOR('',#3653,1.);
#3653 = DIRECTION('',(-0.,1.,0.));
#3654 = PCURVE('',#2354,#3655);
#3655 = DEFINITIONAL_REPRESENTATION('',(#3656),#3659);
#3656 = B_SPLINE_CURVE_WITH_KNOTS('',1,(#3657,#3658),.UNSPECIFIED.,.F.,
  .F.,(2,2),(239.,261.),.PIECEWISE_BEZIER_KNOTS.);
#3657 = CARTESIAN_POINT('',(486.8426508394,-489.));
#3658 = CARTESIAN_POINT('',(486.8426508394,-511.));
#3659 = ( GEOMETRIC_REPRESENTATION_CONTEXT(2) 
PARAMETRIC_REPRESENTATION_CONTEXT() REPRESENTATION_CONTEXT('2D SPACE',''
  ) );
#3660 = PCURVE('',#2328,#3661);
#3661 = DEFINITIONAL_REPRESENTATION('',(#3662),#3665);
#3662 = B_SPLINE_CURVE_WITH_KNOTS('',1,(#3663,#3664),.UNSPECIFIED.,.F.,
  .F.,(2,2),(239.,261.),.PIECEWISE_BEZIER_KNOTS.);
#3663 = CARTESIAN_POINT('',(-7.607301627792,-11.));
#3664 = CARTESIAN_POINT('',(-7.607301627792,11.));
#3665 = ( GEOMETRIC_REPRESENTATION_CONTEXT(2) 
PARAMETRIC_REPRESENTATION_CONTEXT() REPRESENTATION_CONTEXT('2D SPACE',''
  ) );
#3666 = ORIENTED_EDGE('',*,*,#2822,.T.);
#3667 = ORIENTED_EDGE('',*,*,#3668,.T.);
#3668 = EDGE_CURVE('',#2782,#3594,#3669,.T.);
#3669 = SURFACE_CURVE('',#3670,(#3675,#3682),.PCURVE_S1.);
#3670 = ELLIPSE('',#3671,15.556349186104,11.);
#3671 = AXIS2_PLACEMENT_3D('',#3672,#3673,#3674);
#3672 = CARTESIAN_POINT('',(334.2926983722,0.,14.3));
#3673 = DIRECTION('',(0.707106781187,0.,-0.707106781187));
#3674 = DIRECTION('',(0.707106781187,0.,0.707106781187));
#3675 = PCURVE('',#2354,#3676);
#3676 = DEFINITIONAL_REPRESENTATION('',(#3677),#3681);
#3677 = ELLIPSE('',#3678,15.556349186104,11.);
#3678 = AXIS2_PLACEMENT_2D('',#3679,#3680);
#3679 = CARTESIAN_POINT('',(502.3990000255,-500.));
#3680 = DIRECTION('',(1.,0.));
#3681 = ( GEOMETRIC_REPRESENTATION_CONTEXT(2) 
PARAMETRIC_REPRESENTATION_CONTEXT() REPRESENTATION_CONTEXT('2D SPACE',''
  ) );
#3682 = PCURVE('',#2804,#3683);
#3683 = DEFINITIONAL_REPRESENTATION('',(#3684),#3693);
#3684 = B_SPLINE_CURVE_WITH_KNOTS('',7,(#3685,#3686,#3687,#3688,#3689,
    #3690,#3691,#3692),.UNSPECIFIED.,.F.,.F.,(8,8),(4.398849820874,
    5.476053417639),.PIECEWISE_BEZIER_KNOTS.);
#3685 = CARTESIAN_POINT('',(1.257257167284,246.8999994));
#3686 = CARTESIAN_POINT('',(1.411143395393,248.51022296054));
#3687 = CARTESIAN_POINT('',(1.565029623503,250.21417919208));
#3688 = CARTESIAN_POINT('',(1.718915851611,251.94958741735));
#3689 = CARTESIAN_POINT('',(1.872802079723,253.64872423815));
#3690 = CARTESIAN_POINT('',(2.02668830783,255.24446040351));
#3691 = CARTESIAN_POINT('',(2.18057453594,256.67731711127));
#3692 = CARTESIAN_POINT('',(2.334460764049,257.9000006));
#3693 = ( GEOMETRIC_REPRESENTATION_CONTEXT(2) 
PARAMETRIC_REPRESENTATION_CONTEXT() REPRESENTATION_CONTEXT('2D SPACE',''
  ) );
#3694 = ADVANCED_FACE('',(#3695),#2328,.T.);
#3695 = FACE_BOUND('',#3696,.T.);
#3696 = EDGE_LOOP('',(#3697,#3698,#3699,#3700));
#3697 = ORIENTED_EDGE('',*,*,#2710,.F.);
#3698 = ORIENTED_EDGE('',*,*,#2313,.T.);
#3699 = ORIENTED_EDGE('',*,*,#3648,.T.);
#3700 = ORIENTED_EDGE('',*,*,#2851,.T.);
#3701 = ADVANCED_FACE('',(#3702),#2513,.F.);
#3702 = FACE_BOUND('',#3703,.F.);
#3703 = EDGE_LOOP('',(#3704,#3705,#3728,#3755));
#3704 = ORIENTED_EDGE('',*,*,#2492,.F.);
#3705 = ORIENTED_EDGE('',*,*,#3706,.F.);
#3706 = EDGE_CURVE('',#3707,#2493,#3709,.T.);
#3707 = VERTEX_POINT('',#3708);
#3708 = CARTESIAN_POINT('',(271.25,2.2,53.5));
#3709 = SEAM_CURVE('',#3710,(#3714,#3721),.PCURVE_S1.);
#3710 = LINE('',#3711,#3712);
#3711 = CARTESIAN_POINT('',(271.25,2.2,53.5));
#3712 = VECTOR('',#3713,1.);
#3713 = DIRECTION('',(0.,-1.,2.22044604925E-16));
#3714 = PCURVE('',#2513,#3715);
#3715 = DEFINITIONAL_REPRESENTATION('',(#3716),#3720);
#3716 = LINE('',#3717,#3718);
#3717 = CARTESIAN_POINT('',(6.28318530718,-0.));
#3718 = VECTOR('',#3719,1.);
#3719 = DIRECTION('',(0.,1.));
#3720 = ( GEOMETRIC_REPRESENTATION_CONTEXT(2) 
PARAMETRIC_REPRESENTATION_CONTEXT() REPRESENTATION_CONTEXT('2D SPACE',''
  ) );
#3721 = PCURVE('',#2513,#3722);
#3722 = DEFINITIONAL_REPRESENTATION('',(#3723),#3727);
#3723 = LINE('',#3724,#3725);
#3724 = CARTESIAN_POINT('',(0.,-0.));
#3725 = VECTOR('',#3726,1.);
#3726 = DIRECTION('',(0.,1.));
#3727 = ( GEOMETRIC_REPRESENTATION_CONTEXT(2) 
PARAMETRIC_REPRESENTATION_CONTEXT() REPRESENTATION_CONTEXT('2D SPACE',''
  ) );
#3728 = ORIENTED_EDGE('',*,*,#3729,.T.);
#3729 = EDGE_CURVE('',#3707,#3707,#3730,.T.);
#3730 = SURFACE_CURVE('',#3731,(#3736,#3743),.PCURVE_S1.);
#3731 = CIRCLE('',#3732,1.25);
#3732 = AXIS2_PLACEMENT_3D('',#3733,#3734,#3735);
#3733 = CARTESIAN_POINT('',(270.,2.2,53.5));
#3734 = DIRECTION('',(0.,-1.,2.22044604925E-16));
#3735 = DIRECTION('',(1.,0.,0.));
#3736 = PCURVE('',#2513,#3737);
#3737 = DEFINITIONAL_REPRESENTATION('',(#3738),#3742);
#3738 = LINE('',#3739,#3740);
#3739 = CARTESIAN_POINT('',(0.,0.));
#3740 = VECTOR('',#3741,1.);
#3741 = DIRECTION('',(1.,0.));
#3742 = ( GEOMETRIC_REPRESENTATION_CONTEXT(2) 
PARAMETRIC_REPRESENTATION_CONTEXT() REPRESENTATION_CONTEXT('2D SPACE',''
  ) );
#3743 = PCURVE('',#3744,#3749);
#3744 = PLANE('',#3745);
#3745 = AXIS2_PLACEMENT_3D('',#3746,#3747,#3748);
#3746 = CARTESIAN_POINT('',(270.,2.2,53.5));
#3747 = DIRECTION('',(0.,-1.,2.22044604925E-16));
#3748 = DIRECTION('',(1.,0.,0.));
#3749 = DEFINITIONAL_REPRESENTATION('',(#3750),#3754);
#3750 = CIRCLE('',#3751,1.25);
#3751 = AXIS2_PLACEMENT_2D('',#3752,#3753);
#3752 = CARTESIAN_POINT('',(0.,0.));
#3753 = DIRECTION('',(1.,0.));
#3754 = ( GEOMETRIC_REPRESENTATION_CONTEXT(2) 
PARAMETRIC_REPRESENTATION_CONTEXT() REPRESENTATION_CONTEXT('2D SPACE',''
  ) );
#3755 = ORIENTED_EDGE('',*,*,#3706,.T.);
#3756 = ADVANCED_FACE('',(#3757),#2548,.F.);
#3757 = FACE_BOUND('',#3758,.F.);
#3758 = EDGE_LOOP('',(#3759,#3760,#3783,#3810));
#3759 = ORIENTED_EDGE('',*,*,#2527,.F.);
#3760 = ORIENTED_EDGE('',*,*,#3761,.F.);
#3761 = EDGE_CURVE('',#3762,#2528,#3764,.T.);
#3762 = VERTEX_POINT('',#3763);
#3763 = CARTESIAN_POINT('',(326.25,2.2,53.5));
#3764 = SEAM_CURVE('',#3765,(#3769,#3776),.PCURVE_S1.);
#3765 = LINE('',#3766,#3767);
#3766 = CARTESIAN_POINT('',(326.25,2.2,53.5));
#3767 = VECTOR('',#3768,1.);
#3768 = DIRECTION('',(0.,-1.,2.22044604925E-16));
#3769 = PCURVE('',#2548,#3770);
#3770 = DEFINITIONAL_REPRESENTATION('',(#3771),#3775);
#3771 = LINE('',#3772,#3773);
#3772 = CARTESIAN_POINT('',(6.28318530718,-0.));
#3773 = VECTOR('',#3774,1.);
#3774 = DIRECTION('',(0.,1.));
#3775 = ( GEOMETRIC_REPRESENTATION_CONTEXT(2) 
PARAMETRIC_REPRESENTATION_CONTEXT() REPRESENTATION_CONTEXT('2D SPACE',''
  ) );
#3776 = PCURVE('',#2548,#3777);
#3777 = DEFINITIONAL_REPRESENTATION('',(#3778),#3782);
#3778 = LINE('',#3779,#3780);
#3779 = CARTESIAN_POINT('',(0.,-0.));
#3780 = VECTOR('',#3781,1.);
#3781 = DIRECTION('',(0.,1.));
#3782 = ( GEOMETRIC_REPRESENTATION_CONTEXT(2) 
PARAMETRIC_REPRESENTATION_CONTEXT() REPRESENTATION_CONTEXT('2D SPACE',''
  ) );
#3783 = ORIENTED_EDGE('',*,*,#3784,.T.);
#3784 = EDGE_CURVE('',#3762,#3762,#3785,.T.);
#3785 = SURFACE_CURVE('',#3786,(#3791,#3798),.PCURVE_S1.);
#3786 = CIRCLE('',#3787,1.25);
#3787 = AXIS2_PLACEMENT_3D('',#3788,#3789,#3790);
#3788 = CARTESIAN_POINT('',(325.,2.2,53.5));
#3789 = DIRECTION('',(0.,-1.,2.22044604925E-16));
#3790 = DIRECTION('',(1.,0.,0.));
#3791 = PCURVE('',#2548,#3792);
#3792 = DEFINITIONAL_REPRESENTATION('',(#3793),#3797);
#3793 = LINE('',#3794,#3795);
#3794 = CARTESIAN_POINT('',(0.,0.));
#3795 = VECTOR('',#3796,1.);
#3796 = DIRECTION('',(1.,0.));
#3797 = ( GEOMETRIC_REPRESENTATION_CONTEXT(2) 
PARAMETRIC_REPRESENTATION_CONTEXT() REPRESENTATION_CONTEXT('2D SPACE',''
  ) );
#3798 = PCURVE('',#3799,#3804);
#3799 = PLANE('',#3800);
#3800 = AXIS2_PLACEMENT_3D('',#3801,#3802,#3803);
#3801 = CARTESIAN_POINT('',(325.,2.2,53.5));
#3802 = DIRECTION('',(0.,-1.,2.22044604925E-16));
#3803 = DIRECTION('',(1.,0.,0.));
#3804 = DEFINITIONAL_REPRESENTATION('',(#3805),#3809);
#3805 = CIRCLE('',#3806,1.25);
#3806 = AXIS2_PLACEMENT_2D('',#3807,#3808);
#3807 = CARTESIAN_POINT('',(0.,0.));
#3808 = DIRECTION('',(1.,0.));
#3809 = ( GEOMETRIC_REPRESENTATION_CONTEXT(2) 
PARAMETRIC_REPRESENTATION_CONTEXT() REPRESENTATION_CONTEXT('2D SPACE',''
  ) );
#3810 = ORIENTED_EDGE('',*,*,#3761,.T.);
#3811 = ADVANCED_FACE('',(#3812),#2804,.F.);
#3812 = FACE_BOUND('',#3813,.F.);
#3813 = EDGE_LOOP('',(#3814,#3815,#3816,#3817));
#3814 = ORIENTED_EDGE('',*,*,#3614,.F.);
#3815 = ORIENTED_EDGE('',*,*,#3668,.F.);
#3816 = ORIENTED_EDGE('',*,*,#2781,.T.);
#3817 = ORIENTED_EDGE('',*,*,#2879,.T.);
#3818 = ADVANCED_FACE('',(#3819),#2972,.F.);
#3819 = FACE_BOUND('',#3820,.F.);
#3820 = EDGE_LOOP('',(#3821,#3822,#3823,#3857));
#3821 = ORIENTED_EDGE('',*,*,#3566,.F.);
#3822 = ORIENTED_EDGE('',*,*,#2951,.T.);
#3823 = ORIENTED_EDGE('',*,*,#3824,.F.);
#3824 = EDGE_CURVE('',#3505,#2916,#3825,.T.);
#3825 = SURFACE_CURVE('',#3826,(#3831,#3844),.PCURVE_S1.);
#3826 = ELLIPSE('',#3827,15.556349186104,11.);
#3827 = AXIS2_PLACEMENT_3D('',#3828,#3829,#3830);
#3828 = CARTESIAN_POINT('',(330.9,0.,40.3));
#3829 = DIRECTION('',(-0.707106781187,0.,0.707106781187));
#3830 = DIRECTION('',(0.707106781187,0.,0.707106781187));
#3831 = PCURVE('',#2972,#3832);
#3832 = DEFINITIONAL_REPRESENTATION('',(#3833),#3843);
#3833 = B_SPLINE_CURVE_WITH_KNOTS('',8,(#3834,#3835,#3836,#3837,#3838,
    #3839,#3840,#3841,#3842),.UNSPECIFIED.,.F.,.F.,(9,9),(0.,
    1.570796326795),.PIECEWISE_BEZIER_KNOTS.);
#3834 = CARTESIAN_POINT('',(3.14159265359,95.373264631778));
#3835 = CARTESIAN_POINT('',(2.94524311274,95.373264631778));
#3836 = CARTESIAN_POINT('',(2.748893571892,94.888596095858));
#3837 = CARTESIAN_POINT('',(2.552544031034,93.919263141463));
#3838 = CARTESIAN_POINT('',(2.356194490188,92.505110887578));
#3839 = CARTESIAN_POINT('',(2.159844949339,90.725910505105));
#3840 = CARTESIAN_POINT('',(1.963495408494,88.69295504324));
#3841 = CARTESIAN_POINT('',(1.767145867644,86.533109581121));
#3842 = CARTESIAN_POINT('',(1.570796326795,84.373264631778));
#3843 = ( GEOMETRIC_REPRESENTATION_CONTEXT(2) 
PARAMETRIC_REPRESENTATION_CONTEXT() REPRESENTATION_CONTEXT('2D SPACE',''
  ) );
#3844 = PCURVE('',#3153,#3845);
#3845 = DEFINITIONAL_REPRESENTATION('',(#3846),#3856);
#3846 = B_SPLINE_CURVE_WITH_KNOTS('',8,(#3847,#3848,#3849,#3850,#3851,
    #3852,#3853,#3854,#3855),.UNSPECIFIED.,.F.,.F.,(9,9),(0.,
    1.570796326795),.PIECEWISE_BEZIER_KNOTS.);
#3847 = CARTESIAN_POINT('',(0.,48.));
#3848 = CARTESIAN_POINT('',(0.196349540849,48.));
#3849 = CARTESIAN_POINT('',(0.392699081699,47.515331464099));
#3850 = CARTESIAN_POINT('',(0.589048622546,46.545998509682));
#3851 = CARTESIAN_POINT('',(0.7853981634,45.131846255943));
#3852 = CARTESIAN_POINT('',(0.981747704244,43.352645873267));
#3853 = CARTESIAN_POINT('',(1.178097245096,41.319690411452));
#3854 = CARTESIAN_POINT('',(1.374446785946,39.159844949343));
#3855 = CARTESIAN_POINT('',(1.570796326795,37.));
#3856 = ( GEOMETRIC_REPRESENTATION_CONTEXT(2) 
PARAMETRIC_REPRESENTATION_CONTEXT() REPRESENTATION_CONTEXT('2D SPACE',''
  ) );
#3857 = ORIENTED_EDGE('',*,*,#3504,.F.);
#3858 = ADVANCED_FACE('',(#3859),#3012,.F.);
#3859 = FACE_BOUND('',#3860,.F.);
#3860 = EDGE_LOOP('',(#3861,#3862,#3863,#3864));
#3861 = ORIENTED_EDGE('',*,*,#3173,.F.);
#3862 = ORIENTED_EDGE('',*,*,#3105,.T.);
#3863 = ORIENTED_EDGE('',*,*,#2993,.F.);
#3864 = ORIENTED_EDGE('',*,*,#3865,.T.);
#3865 = EDGE_CURVE('',#2994,#3174,#3866,.T.);
#3866 = SURFACE_CURVE('',#3867,(#3872,#3885),.PCURVE_S1.);
#3867 = ELLIPSE('',#3868,15.556349186104,11.);
#3868 = AXIS2_PLACEMENT_3D('',#3869,#3870,#3871);
#3869 = CARTESIAN_POINT('',(257.52673536822,0.,40.3));
#3870 = DIRECTION('',(0.707106781187,0.,-0.707106781187));
#3871 = DIRECTION('',(0.707106781187,0.,0.707106781187));
#3872 = PCURVE('',#3012,#3873);
#3873 = DEFINITIONAL_REPRESENTATION('',(#3874),#3884);
#3874 = B_SPLINE_CURVE_WITH_KNOTS('',8,(#3875,#3876,#3877,#3878,#3879,
    #3880,#3881,#3882,#3883),.UNSPECIFIED.,.F.,.F.,(9,9),(3.14159265359,
    4.712388980385),.PIECEWISE_BEZIER_KNOTS.);
#3875 = CARTESIAN_POINT('',(3.14159265359,-7.105427357601E-15));
#3876 = CARTESIAN_POINT('',(2.94524311274,-8.32909591494E-15));
#3877 = CARTESIAN_POINT('',(2.748893571889,0.484668535848));
#3878 = CARTESIAN_POINT('',(2.55254403104,1.454001490267));
#3879 = CARTESIAN_POINT('',(2.356194490176,2.868153743631));
#3880 = CARTESIAN_POINT('',(2.159844949346,4.647354126673));
#3881 = CARTESIAN_POINT('',(1.963495408491,6.680309588497));
#3882 = CARTESIAN_POINT('',(1.767145867644,8.840155050657));
#3883 = CARTESIAN_POINT('',(1.570796326795,11.));
#3884 = ( GEOMETRIC_REPRESENTATION_CONTEXT(2) 
PARAMETRIC_REPRESENTATION_CONTEXT() REPRESENTATION_CONTEXT('2D SPACE',''
  ) );
#3885 = PCURVE('',#3085,#3886);
#3886 = DEFINITIONAL_REPRESENTATION('',(#3887),#3897);
#3887 = B_SPLINE_CURVE_WITH_KNOTS('',8,(#3888,#3889,#3890,#3891,#3892,
    #3893,#3894,#3895,#3896),.UNSPECIFIED.,.F.,.F.,(9,9),(3.14159265359,
    4.712388980385),.PIECEWISE_BEZIER_KNOTS.);
#3888 = CARTESIAN_POINT('',(-8.881784197001E-16,0.));
#3889 = CARTESIAN_POINT('',(0.196349540849,-1.223668557339E-15));
#3890 = CARTESIAN_POINT('',(0.392699081699,0.484668535847));
#3891 = CARTESIAN_POINT('',(0.589048622547,1.45400149027));
#3892 = CARTESIAN_POINT('',(0.785398163399,2.868153743642));
#3893 = CARTESIAN_POINT('',(0.981747704244,4.647354126668));
#3894 = CARTESIAN_POINT('',(1.178097245096,6.680309588498));
#3895 = CARTESIAN_POINT('',(1.374446785946,8.840155050657));
#3896 = CARTESIAN_POINT('',(1.570796326795,11.));
#3897 = ( GEOMETRIC_REPRESENTATION_CONTEXT(2) 
PARAMETRIC_REPRESENTATION_CONTEXT() REPRESENTATION_CONTEXT('2D SPACE',''
  ) );
#3898 = ADVANCED_FACE('',(#3899),#3085,.F.);
#3899 = FACE_BOUND('',#3900,.F.);
#3900 = EDGE_LOOP('',(#3901,#3902,#3903,#3904));
#3901 = ORIENTED_EDGE('',*,*,#3865,.F.);
#3902 = ORIENTED_EDGE('',*,*,#3070,.F.);
#3903 = ORIENTED_EDGE('',*,*,#3410,.T.);
#3904 = ORIENTED_EDGE('',*,*,#3356,.F.);
#3905 = ADVANCED_FACE('',(#3906),#3153,.F.);
#3906 = FACE_BOUND('',#3907,.F.);
#3907 = EDGE_LOOP('',(#3908,#3909,#3910,#3911));
#3908 = ORIENTED_EDGE('',*,*,#3458,.F.);
#3909 = ORIENTED_EDGE('',*,*,#3533,.F.);
#3910 = ORIENTED_EDGE('',*,*,#3824,.T.);
#3911 = ORIENTED_EDGE('',*,*,#3132,.T.);
#3912 = ADVANCED_FACE('',(#3913),#3744,.T.);
#3913 = FACE_BOUND('',#3914,.F.);
#3914 = EDGE_LOOP('',(#3915));
#3915 = ORIENTED_EDGE('',*,*,#3729,.F.);
#3916 = ADVANCED_FACE('',(#3917),#3799,.T.);
#3917 = FACE_BOUND('',#3918,.F.);
#3918 = EDGE_LOOP('',(#3919));
#3919 = ORIENTED_EDGE('',*,*,#3784,.F.);
#3920 = ( GEOMETRIC_REPRESENTATION_CONTEXT(3) 
GLOBAL_UNCERTAINTY_ASSIGNED_CONTEXT((#3924)) 
GLOBAL_UNIT_ASSIGNED_CONTEXT((#3921,#3922,#3923)) REPRESENTATION_CONTEXT
('Context #1','3D Context with UNIT and UNCERTAINTY') );
#3921 = ( LENGTH_UNIT() NAMED_UNIT(*) SI_UNIT(.MILLI.,.METRE.) );
#3922 = ( NAMED_UNIT(*) PLANE_ANGLE_UNIT() SI_UNIT($,.RADIAN.) );
#3923 = ( NAMED_UNIT(*) SI_UNIT($,.STERADIAN.) SOLID_ANGLE_UNIT() );
#3924 = UNCERTAINTY_MEASURE_WITH_UNIT(LENGTH_MEASURE(1.E-07),#3921,
  'distance_accuracy_value','confusion accuracy');
#3925 = CONTEXT_DEPENDENT_SHAPE_REPRESENTATION(#3926,#3928);
#3926 = ( REPRESENTATION_RELATIONSHIP('','',#32,#10) 
REPRESENTATION_RELATIONSHIP_WITH_TRANSFORMATION(#3927) 
SHAPE_REPRESENTATION_RELATIONSHIP() );
#3927 = ITEM_DEFINED_TRANSFORMATION('','',#11,#15);
#3928 = PRODUCT_DEFINITION_SHAPE('Placement','Placement of an item',
  #3929);
#3929 = NEXT_ASSEMBLY_USAGE_OCCURRENCE('14','left_shell_print','',#5,#27
  ,$);
#3930 = PRODUCT_RELATED_PRODUCT_CATEGORY('part',$,(#29));
ENDSEC;
END-ISO-10303-21;
