ISO-10303-21;
HEADER;
FILE_DESCRIPTION(('Open CASCADE Model'),'2;1');
FILE_NAME('Open CASCADE Shape Model','2026-07-05T09:24:59',('Author'),(
    'Open CASCADE'),'Open CASCADE STEP processor 7.9','build123d',
  'Unknown');
FILE_SCHEMA(('AUTOMOTIVE_DESIGN { 1 0 10303 214 1 1 1 1 }'));
ENDSEC;
DATA;
#1 = APPLICATION_PROTOCOL_DEFINITION('international standard',
  'automotive_design',2000,#2);
#2 = APPLICATION_CONTEXT(
  'core data for automotive mechanical design processes');
#3 = SHAPE_DEFINITION_REPRESENTATION(#4,#10);
#4 = PRODUCT_DEFINITION_SHAPE('','',#5);
#5 = PRODUCT_DEFINITION('design','',#6,#9);
#6 = PRODUCT_DEFINITION_FORMATION('','',#7);
#7 = PRODUCT('COMPOUND','COMPOUND','',(#8));
#8 = PRODUCT_CONTEXT('',#2,'mechanical');
#9 = PRODUCT_DEFINITION_CONTEXT('part definition',#2,'design');
#10 = ADVANCED_BREP_SHAPE_REPRESENTATION('',(#11,#15),#5841);
#11 = AXIS2_PLACEMENT_3D('',#12,#13,#14);
#12 = CARTESIAN_POINT('',(0.,0.,0.));
#13 = DIRECTION('',(0.,0.,1.));
#14 = DIRECTION('',(1.,0.,-0.));
#15 = MANIFOLD_SOLID_BREP('',#16);
#16 = CLOSED_SHELL('',(#17,#233,#637,#663,#716,#764,#790,#818,#896,#1921
    ,#1949,#2000,#2027,#2054,#2110,#2138,#2176,#2328,#2963,#3461,#3974,
    #4481,#5035,#5545,#5642,#5691,#5766));
#17 = ADVANCED_FACE('',(#18),#33,.T.);
#18 = FACE_BOUND('',#19,.T.);
#19 = EDGE_LOOP('',(#20,#61,#90,#119,#148,#177,#206));
#20 = ORIENTED_EDGE('',*,*,#21,.T.);
#21 = EDGE_CURVE('',#22,#24,#26,.T.);
#22 = VERTEX_POINT('',#23);
#23 = CARTESIAN_POINT('',(120.,12.42200042356,-5.286199530578));
#24 = VERTEX_POINT('',#25);
#25 = CARTESIAN_POINT('',(-2.65114118056E-16,13.4470978575,
    1.193967843288));
#26 = SURFACE_CURVE('',#27,(#32,#49),.PCURVE_S1.);
#27 = ELLIPSE('',#28,250.35778690215,13.5);
#28 = AXIS2_PLACEMENT_3D('',#29,#30,#31);
#29 = CARTESIAN_POINT('',(22.109944532044,0.,-8.41328239697E-15));
#30 = DIRECTION('',(5.392282847298E-02,0.,0.998545105926));
#31 = DIRECTION('',(0.998545105926,0.,-5.392282847298E-02));
#32 = PCURVE('',#33,#38);
#33 = CYLINDRICAL_SURFACE('',#34,13.5);
#34 = AXIS2_PLACEMENT_3D('',#35,#36,#37);
#35 = CARTESIAN_POINT('',(0.,0.,-1.33226762955E-14));
#36 = DIRECTION('',(1.,0.,2.22044604925E-16));
#37 = DIRECTION('',(2.22044604925E-16,0.,-1.));
#38 = DEFINITIONAL_REPRESENTATION('',(#39),#48);
#39 = B_SPLINE_CURVE_WITH_KNOTS('',7,(#40,#41,#42,#43,#44,#45,#46,#47),
  .UNSPECIFIED.,.F.,.F.,(8,8),(1.168458738278,1.659354098356),
  .PIECEWISE_BEZIER_KNOTS.);
#40 = CARTESIAN_POINT('',(1.168458738278,120.0000006));
#41 = CARTESIAN_POINT('',(1.23858664686,103.86840043183));
#42 = CARTESIAN_POINT('',(1.308714555442,87.175148475999));
#43 = CARTESIAN_POINT('',(1.378842464026,70.049823607886));
#44 = CARTESIAN_POINT('',(1.448970372607,52.628771753436));
#45 = CARTESIAN_POINT('',(1.519098281191,35.052504778887));
#46 = CARTESIAN_POINT('',(1.589226189773,17.462823329896));
#47 = CARTESIAN_POINT('',(1.659354098356,-5.999999605613E-07));
#48 = ( GEOMETRIC_REPRESENTATION_CONTEXT(2) 
PARAMETRIC_REPRESENTATION_CONTEXT() REPRESENTATION_CONTEXT('2D SPACE',''
  ) );
#49 = PCURVE('',#50,#55);
#50 = PLANE('',#51);
#51 = AXIS2_PLACEMENT_3D('',#52,#53,#54);
#52 = CARTESIAN_POINT('',(-1.997090211853E+03,-2.E+03,109.03962478925));
#53 = DIRECTION('',(5.392282847298E-02,0.,0.998545105926));
#54 = DIRECTION('',(0.998545105926,0.,-5.392282847298E-02));
#55 = DEFINITIONAL_REPRESENTATION('',(#56),#60);
#56 = ELLIPSE('',#57,250.35778690215,13.5);
#57 = AXIS2_PLACEMENT_2D('',#58,#59);
#58 = CARTESIAN_POINT('',(2.022142159028E+03,2.E+03));
#59 = DIRECTION('',(1.,0.));
#60 = ( GEOMETRIC_REPRESENTATION_CONTEXT(2) 
PARAMETRIC_REPRESENTATION_CONTEXT() REPRESENTATION_CONTEXT('2D SPACE',''
  ) );
#61 = ORIENTED_EDGE('',*,*,#62,.T.);
#62 = EDGE_CURVE('',#24,#63,#65,.T.);
#63 = VERTEX_POINT('',#64);
#64 = CARTESIAN_POINT('',(-2.65114118056E-16,-13.4470978575,
    1.193967843288));
#65 = SURFACE_CURVE('',#66,(#71,#78),.PCURVE_S1.);
#66 = CIRCLE('',#67,13.5);
#67 = AXIS2_PLACEMENT_3D('',#68,#69,#70);
#68 = CARTESIAN_POINT('',(0.,0.,-1.33226762955E-14));
#69 = DIRECTION('',(1.,-0.,2.22044604925E-16));
#70 = DIRECTION('',(2.22044604925E-16,0.,-1.));
#71 = PCURVE('',#33,#72);
#72 = DEFINITIONAL_REPRESENTATION('',(#73),#77);
#73 = LINE('',#74,#75);
#74 = CARTESIAN_POINT('',(0.,0.));
#75 = VECTOR('',#76,1.);
#76 = DIRECTION('',(1.,0.));
#77 = ( GEOMETRIC_REPRESENTATION_CONTEXT(2) 
PARAMETRIC_REPRESENTATION_CONTEXT() REPRESENTATION_CONTEXT('2D SPACE',''
  ) );
#78 = PCURVE('',#79,#84);
#79 = PLANE('',#80);
#80 = AXIS2_PLACEMENT_3D('',#81,#82,#83);
#81 = CARTESIAN_POINT('',(0.,0.,-1.33226762955E-14));
#82 = DIRECTION('',(1.,0.,2.22044604925E-16));
#83 = DIRECTION('',(2.22044604925E-16,0.,-1.));
#84 = DEFINITIONAL_REPRESENTATION('',(#85),#89);
#85 = CIRCLE('',#86,13.5);
#86 = AXIS2_PLACEMENT_2D('',#87,#88);
#87 = CARTESIAN_POINT('',(0.,0.));
#88 = DIRECTION('',(1.,0.));
#89 = ( GEOMETRIC_REPRESENTATION_CONTEXT(2) 
PARAMETRIC_REPRESENTATION_CONTEXT() REPRESENTATION_CONTEXT('2D SPACE',''
  ) );
#90 = ORIENTED_EDGE('',*,*,#91,.T.);
#91 = EDGE_CURVE('',#63,#92,#94,.T.);
#92 = VERTEX_POINT('',#93);
#93 = CARTESIAN_POINT('',(120.,-12.42200042356,-5.286199530578));
#94 = SURFACE_CURVE('',#95,(#100,#112),.PCURVE_S1.);
#95 = ELLIPSE('',#96,250.35778690215,13.5);
#96 = AXIS2_PLACEMENT_3D('',#97,#98,#99);
#97 = CARTESIAN_POINT('',(22.109944532044,0.,-8.41328239697E-15));
#98 = DIRECTION('',(5.392282847298E-02,0.,0.998545105926));
#99 = DIRECTION('',(0.998545105926,0.,-5.392282847298E-02));
#100 = PCURVE('',#33,#101);
#101 = DEFINITIONAL_REPRESENTATION('',(#102),#111);
#102 = B_SPLINE_CURVE_WITH_KNOTS('',7,(#103,#104,#105,#106,#107,#108,
    #109,#110),.UNSPECIFIED.,.F.,.F.,(8,8),(4.623831208824,
    5.114726568902),.PIECEWISE_BEZIER_KNOTS.);
#103 = CARTESIAN_POINT('',(4.623831208824,-6.000001275388E-07));
#104 = CARTESIAN_POINT('',(4.693959117406,17.462823329896));
#105 = CARTESIAN_POINT('',(4.76408702599,35.052504778892));
#106 = CARTESIAN_POINT('',(4.834214934569,52.628771753407));
#107 = CARTESIAN_POINT('',(4.904342843156,70.049823607929));
#108 = CARTESIAN_POINT('',(4.974470751736,87.175148475992));
#109 = CARTESIAN_POINT('',(5.044598660319,103.86840043183));
#110 = CARTESIAN_POINT('',(5.114726568902,120.0000006));
#111 = ( GEOMETRIC_REPRESENTATION_CONTEXT(2) 
PARAMETRIC_REPRESENTATION_CONTEXT() REPRESENTATION_CONTEXT('2D SPACE',''
  ) );
#112 = PCURVE('',#50,#113);
#113 = DEFINITIONAL_REPRESENTATION('',(#114),#118);
#114 = ELLIPSE('',#115,250.35778690215,13.5);
#115 = AXIS2_PLACEMENT_2D('',#116,#117);
#116 = CARTESIAN_POINT('',(2.022142159028E+03,2.E+03));
#117 = DIRECTION('',(1.,0.));
#118 = ( GEOMETRIC_REPRESENTATION_CONTEXT(2) 
PARAMETRIC_REPRESENTATION_CONTEXT() REPRESENTATION_CONTEXT('2D SPACE',''
  ) );
#119 = ORIENTED_EDGE('',*,*,#120,.F.);
#120 = EDGE_CURVE('',#121,#92,#123,.T.);
#121 = VERTEX_POINT('',#122);
#122 = CARTESIAN_POINT('',(120.,-13.5,-3.320489971083E-13));
#123 = SURFACE_CURVE('',#124,(#129,#136),.PCURVE_S1.);
#124 = CIRCLE('',#125,13.5);
#125 = AXIS2_PLACEMENT_3D('',#126,#127,#128);
#126 = CARTESIAN_POINT('',(120.,0.,1.33226762955E-14));
#127 = DIRECTION('',(1.,-0.,2.22044604925E-16));
#128 = DIRECTION('',(2.22044604925E-16,0.,-1.));
#129 = PCURVE('',#33,#130);
#130 = DEFINITIONAL_REPRESENTATION('',(#131),#135);
#131 = LINE('',#132,#133);
#132 = CARTESIAN_POINT('',(0.,120.));
#133 = VECTOR('',#134,1.);
#134 = DIRECTION('',(1.,0.));
#135 = ( GEOMETRIC_REPRESENTATION_CONTEXT(2) 
PARAMETRIC_REPRESENTATION_CONTEXT() REPRESENTATION_CONTEXT('2D SPACE',''
  ) );
#136 = PCURVE('',#137,#142);
#137 = PLANE('',#138);
#138 = AXIS2_PLACEMENT_3D('',#139,#140,#141);
#139 = CARTESIAN_POINT('',(120.,-13.5,-12.));
#140 = DIRECTION('',(1.,0.,-0.));
#141 = DIRECTION('',(0.,0.,1.));
#142 = DEFINITIONAL_REPRESENTATION('',(#143),#147);
#143 = CIRCLE('',#144,13.5);
#144 = AXIS2_PLACEMENT_2D('',#145,#146);
#145 = CARTESIAN_POINT('',(12.,-13.5));
#146 = DIRECTION('',(-1.,0.));
#147 = ( GEOMETRIC_REPRESENTATION_CONTEXT(2) 
PARAMETRIC_REPRESENTATION_CONTEXT() REPRESENTATION_CONTEXT('2D SPACE',''
  ) );
#148 = ORIENTED_EDGE('',*,*,#149,.F.);
#149 = EDGE_CURVE('',#150,#121,#152,.T.);
#150 = VERTEX_POINT('',#151);
#151 = CARTESIAN_POINT('',(120.,-2.325585197242E-08,13.5));
#152 = SURFACE_CURVE('',#153,(#158,#165),.PCURVE_S1.);
#153 = CIRCLE('',#154,13.5);
#154 = AXIS2_PLACEMENT_3D('',#155,#156,#157);
#155 = CARTESIAN_POINT('',(120.,0.,1.33226762955E-14));
#156 = DIRECTION('',(1.,-0.,2.22044604925E-16));
#157 = DIRECTION('',(2.22044604925E-16,0.,-1.));
#158 = PCURVE('',#33,#159);
#159 = DEFINITIONAL_REPRESENTATION('',(#160),#164);
#160 = LINE('',#161,#162);
#161 = CARTESIAN_POINT('',(0.,120.));
#162 = VECTOR('',#163,1.);
#163 = DIRECTION('',(1.,0.));
#164 = ( GEOMETRIC_REPRESENTATION_CONTEXT(2) 
PARAMETRIC_REPRESENTATION_CONTEXT() REPRESENTATION_CONTEXT('2D SPACE',''
  ) );
#165 = PCURVE('',#166,#171);
#166 = PLANE('',#167);
#167 = AXIS2_PLACEMENT_3D('',#168,#169,#170);
#168 = CARTESIAN_POINT('',(120.,-13.5,-12.));
#169 = DIRECTION('',(1.,0.,-0.));
#170 = DIRECTION('',(0.,0.,1.));
#171 = DEFINITIONAL_REPRESENTATION('',(#172),#176);
#172 = CIRCLE('',#173,13.5);
#173 = AXIS2_PLACEMENT_2D('',#174,#175);
#174 = CARTESIAN_POINT('',(12.,-13.5));
#175 = DIRECTION('',(-1.,0.));
#176 = ( GEOMETRIC_REPRESENTATION_CONTEXT(2) 
PARAMETRIC_REPRESENTATION_CONTEXT() REPRESENTATION_CONTEXT('2D SPACE',''
  ) );
#177 = ORIENTED_EDGE('',*,*,#178,.F.);
#178 = EDGE_CURVE('',#179,#150,#181,.T.);
#179 = VERTEX_POINT('',#180);
#180 = CARTESIAN_POINT('',(120.,13.5,1.162753446606E-08));
#181 = SURFACE_CURVE('',#182,(#187,#194),.PCURVE_S1.);
#182 = CIRCLE('',#183,13.5);
#183 = AXIS2_PLACEMENT_3D('',#184,#185,#186);
#184 = CARTESIAN_POINT('',(120.,0.,1.33226762955E-14));
#185 = DIRECTION('',(1.,-0.,2.22044604925E-16));
#186 = DIRECTION('',(2.22044604925E-16,0.,-1.));
#187 = PCURVE('',#33,#188);
#188 = DEFINITIONAL_REPRESENTATION('',(#189),#193);
#189 = LINE('',#190,#191);
#190 = CARTESIAN_POINT('',(0.,120.));
#191 = VECTOR('',#192,1.);
#192 = DIRECTION('',(1.,0.));
#193 = ( GEOMETRIC_REPRESENTATION_CONTEXT(2) 
PARAMETRIC_REPRESENTATION_CONTEXT() REPRESENTATION_CONTEXT('2D SPACE',''
  ) );
#194 = PCURVE('',#195,#200);
#195 = PLANE('',#196);
#196 = AXIS2_PLACEMENT_3D('',#197,#198,#199);
#197 = CARTESIAN_POINT('',(120.,-13.5,-12.));
#198 = DIRECTION('',(1.,0.,-0.));
#199 = DIRECTION('',(0.,0.,1.));
#200 = DEFINITIONAL_REPRESENTATION('',(#201),#205);
#201 = CIRCLE('',#202,13.5);
#202 = AXIS2_PLACEMENT_2D('',#203,#204);
#203 = CARTESIAN_POINT('',(12.,-13.5));
#204 = DIRECTION('',(-1.,0.));
#205 = ( GEOMETRIC_REPRESENTATION_CONTEXT(2) 
PARAMETRIC_REPRESENTATION_CONTEXT() REPRESENTATION_CONTEXT('2D SPACE',''
  ) );
#206 = ORIENTED_EDGE('',*,*,#207,.F.);
#207 = EDGE_CURVE('',#22,#179,#208,.T.);
#208 = SURFACE_CURVE('',#209,(#214,#221),.PCURVE_S1.);
#209 = CIRCLE('',#210,13.5);
#210 = AXIS2_PLACEMENT_3D('',#211,#212,#213);
#211 = CARTESIAN_POINT('',(120.,0.,1.33226762955E-14));
#212 = DIRECTION('',(1.,-0.,2.22044604925E-16));
#213 = DIRECTION('',(2.22044604925E-16,0.,-1.));
#214 = PCURVE('',#33,#215);
#215 = DEFINITIONAL_REPRESENTATION('',(#216),#220);
#216 = LINE('',#217,#218);
#217 = CARTESIAN_POINT('',(0.,120.));
#218 = VECTOR('',#219,1.);
#219 = DIRECTION('',(1.,0.));
#220 = ( GEOMETRIC_REPRESENTATION_CONTEXT(2) 
PARAMETRIC_REPRESENTATION_CONTEXT() REPRESENTATION_CONTEXT('2D SPACE',''
  ) );
#221 = PCURVE('',#222,#227);
#222 = PLANE('',#223);
#223 = AXIS2_PLACEMENT_3D('',#224,#225,#226);
#224 = CARTESIAN_POINT('',(120.,-13.5,-12.));
#225 = DIRECTION('',(1.,0.,-0.));
#226 = DIRECTION('',(0.,0.,1.));
#227 = DEFINITIONAL_REPRESENTATION('',(#228),#232);
#228 = CIRCLE('',#229,13.5);
#229 = AXIS2_PLACEMENT_2D('',#230,#231);
#230 = CARTESIAN_POINT('',(12.,-13.5));
#231 = DIRECTION('',(-1.,0.));
#232 = ( GEOMETRIC_REPRESENTATION_CONTEXT(2) 
PARAMETRIC_REPRESENTATION_CONTEXT() REPRESENTATION_CONTEXT('2D SPACE',''
  ) );
#233 = ADVANCED_FACE('',(#234),#50,.F.);
#234 = FACE_BOUND('',#235,.F.);
#235 = EDGE_LOOP('',(#236,#264,#283,#284,#305,#339,#373,#406,#434,#463,
    #492,#511,#512,#533,#559,#585,#618));
#236 = ORIENTED_EDGE('',*,*,#237,.F.);
#237 = EDGE_CURVE('',#238,#240,#242,.T.);
#238 = VERTEX_POINT('',#239);
#239 = CARTESIAN_POINT('',(120.,13.5,-5.286199530578));
#240 = VERTEX_POINT('',#241);
#241 = CARTESIAN_POINT('',(244.32642705799,13.5,-12.));
#242 = SURFACE_CURVE('',#243,(#247,#253),.PCURVE_S1.);
#243 = LINE('',#244,#245);
#244 = CARTESIAN_POINT('',(-938.3643557263,13.5,51.866951866428));
#245 = VECTOR('',#246,1.);
#246 = DIRECTION('',(0.998545105926,0.,-5.392282847298E-02));
#247 = PCURVE('',#50,#248);
#248 = DEFINITIONAL_REPRESENTATION('',(#249),#252);
#249 = B_SPLINE_CURVE_WITH_KNOTS('',1,(#250,#251),.UNSPECIFIED.,.F.,.F.,
  (2,2),(1.059906407277E+03,1.184413979664E+03),
  .PIECEWISE_BEZIER_KNOTS.);
#250 = CARTESIAN_POINT('',(2.120174841665E+03,2.0135E+03));
#251 = CARTESIAN_POINT('',(2.244682414052E+03,2.0135E+03));
#252 = ( GEOMETRIC_REPRESENTATION_CONTEXT(2) 
PARAMETRIC_REPRESENTATION_CONTEXT() REPRESENTATION_CONTEXT('2D SPACE',''
  ) );
#253 = PCURVE('',#254,#259);
#254 = PLANE('',#255);
#255 = AXIS2_PLACEMENT_3D('',#256,#257,#258);
#256 = CARTESIAN_POINT('',(120.,13.5,-12.));
#257 = DIRECTION('',(-0.,1.,0.));
#258 = DIRECTION('',(0.,0.,1.));
#259 = DEFINITIONAL_REPRESENTATION('',(#260),#263);
#260 = B_SPLINE_CURVE_WITH_KNOTS('',1,(#261,#262),.UNSPECIFIED.,.F.,.F.,
  (2,2),(1.059906407277E+03,1.184413979664E+03),
  .PIECEWISE_BEZIER_KNOTS.);
#261 = CARTESIAN_POINT('',(6.713800469422,0.));
#262 = CARTESIAN_POINT('',(-7.105427357601E-15,124.32642705799));
#263 = ( GEOMETRIC_REPRESENTATION_CONTEXT(2) 
PARAMETRIC_REPRESENTATION_CONTEXT() REPRESENTATION_CONTEXT('2D SPACE',''
  ) );
#264 = ORIENTED_EDGE('',*,*,#265,.T.);
#265 = EDGE_CURVE('',#238,#22,#266,.T.);
#266 = SURFACE_CURVE('',#267,(#271,#277),.PCURVE_S1.);
#267 = LINE('',#268,#269);
#268 = CARTESIAN_POINT('',(120.,-1.00675E+03,-5.286199530578));
#269 = VECTOR('',#270,1.);
#270 = DIRECTION('',(0.,-1.,0.));
#271 = PCURVE('',#50,#272);
#272 = DEFINITIONAL_REPRESENTATION('',(#273),#276);
#273 = B_SPLINE_CURVE_WITH_KNOTS('',1,(#274,#275),.UNSPECIFIED.,.F.,.F.,
  (2,2),(-1.02025E+03,-1.012934658438E+03),.PIECEWISE_BEZIER_KNOTS.);
#274 = CARTESIAN_POINT('',(2.120174841665E+03,2.0135E+03));
#275 = CARTESIAN_POINT('',(2.120174841665E+03,2.006184658438E+03));
#276 = ( GEOMETRIC_REPRESENTATION_CONTEXT(2) 
PARAMETRIC_REPRESENTATION_CONTEXT() REPRESENTATION_CONTEXT('2D SPACE',''
  ) );
#277 = PCURVE('',#222,#278);
#278 = DEFINITIONAL_REPRESENTATION('',(#279),#282);
#279 = B_SPLINE_CURVE_WITH_KNOTS('',1,(#280,#281),.UNSPECIFIED.,.F.,.F.,
  (2,2),(-1.02025E+03,-1.012934658438E+03),.PIECEWISE_BEZIER_KNOTS.);
#280 = CARTESIAN_POINT('',(6.713800469422,-27.));
#281 = CARTESIAN_POINT('',(6.713800469422,-19.68465843842));
#282 = ( GEOMETRIC_REPRESENTATION_CONTEXT(2) 
PARAMETRIC_REPRESENTATION_CONTEXT() REPRESENTATION_CONTEXT('2D SPACE',''
  ) );
#283 = ORIENTED_EDGE('',*,*,#21,.T.);
#284 = ORIENTED_EDGE('',*,*,#285,.T.);
#285 = EDGE_CURVE('',#24,#286,#288,.T.);
#286 = VERTEX_POINT('',#287);
#287 = CARTESIAN_POINT('',(1.134880021331E-13,10.9350098669,
    1.193967843288));
#288 = SURFACE_CURVE('',#289,(#293,#299),.PCURVE_S1.);
#289 = LINE('',#290,#291);
#290 = CARTESIAN_POINT('',(2.272411183842E-13,-1.E+03,1.193967843288));
#291 = VECTOR('',#292,1.);
#292 = DIRECTION('',(0.,-1.,0.));
#293 = PCURVE('',#50,#294);
#294 = DEFINITIONAL_REPRESENTATION('',(#295),#298);
#295 = B_SPLINE_CURVE_WITH_KNOTS('',1,(#296,#297),.UNSPECIFIED.,.F.,.F.,
  (2,2),(-1.0135E+03,-986.5),.PIECEWISE_BEZIER_KNOTS.);
#296 = CARTESIAN_POINT('',(2.E+03,2.0135E+03));
#297 = CARTESIAN_POINT('',(2.E+03,1.9865E+03));
#298 = ( GEOMETRIC_REPRESENTATION_CONTEXT(2) 
PARAMETRIC_REPRESENTATION_CONTEXT() REPRESENTATION_CONTEXT('2D SPACE',''
  ) );
#299 = PCURVE('',#79,#300);
#300 = DEFINITIONAL_REPRESENTATION('',(#301),#304);
#301 = B_SPLINE_CURVE_WITH_KNOTS('',1,(#302,#303),.UNSPECIFIED.,.F.,.F.,
  (2,2),(-1.0135E+03,-986.5),.PIECEWISE_BEZIER_KNOTS.);
#302 = CARTESIAN_POINT('',(-1.193967843288,13.5));
#303 = CARTESIAN_POINT('',(-1.193967843288,-13.5));
#304 = ( GEOMETRIC_REPRESENTATION_CONTEXT(2) 
PARAMETRIC_REPRESENTATION_CONTEXT() REPRESENTATION_CONTEXT('2D SPACE',''
  ) );
#305 = ORIENTED_EDGE('',*,*,#306,.F.);
#306 = EDGE_CURVE('',#307,#286,#309,.T.);
#307 = VERTEX_POINT('',#308);
#308 = CARTESIAN_POINT('',(120.,9.646558688098,-5.286199530578));
#309 = SURFACE_CURVE('',#310,(#315,#322),.PCURVE_S1.);
#310 = ELLIPSE('',#311,203.99523377212,11.);
#311 = AXIS2_PLACEMENT_3D('',#312,#313,#314);
#312 = CARTESIAN_POINT('',(22.109944532044,0.,-8.41328239697E-15));
#313 = DIRECTION('',(5.392282847298E-02,0.,0.998545105926));
#314 = DIRECTION('',(0.998545105926,0.,-5.392282847298E-02));
#315 = PCURVE('',#50,#316);
#316 = DEFINITIONAL_REPRESENTATION('',(#317),#321);
#317 = ELLIPSE('',#318,203.99523377212,11.);
#318 = AXIS2_PLACEMENT_2D('',#319,#320);
#319 = CARTESIAN_POINT('',(2.022142159028E+03,2.E+03));
#320 = DIRECTION('',(1.,0.));
#321 = ( GEOMETRIC_REPRESENTATION_CONTEXT(2) 
PARAMETRIC_REPRESENTATION_CONTEXT() REPRESENTATION_CONTEXT('2D SPACE',''
  ) );
#322 = PCURVE('',#323,#328);
#323 = CYLINDRICAL_SURFACE('',#324,11.);
#324 = AXIS2_PLACEMENT_3D('',#325,#326,#327);
#325 = CARTESIAN_POINT('',(0.,0.,-1.33226762955E-14));
#326 = DIRECTION('',(1.,0.,2.22044604925E-16));
#327 = DIRECTION('',(2.22044604925E-16,0.,-1.));
#328 = DEFINITIONAL_REPRESENTATION('',(#329),#338);
#329 = B_SPLINE_CURVE_WITH_KNOTS('',7,(#330,#331,#332,#333,#334,#335,
    #336,#337),.UNSPECIFIED.,.F.,.F.,(8,8),(1.069499056528,
    1.679553130872),.PIECEWISE_BEZIER_KNOTS.);
#330 = CARTESIAN_POINT('',(1.069499056528,120.0000006));
#331 = CARTESIAN_POINT('',(1.156649638577,104.43182488376));
#332 = CARTESIAN_POINT('',(1.243800220626,87.996236087198));
#333 = CARTESIAN_POINT('',(1.330950802675,70.886365990664));
#334 = CARTESIAN_POINT('',(1.418101384724,53.311486055827));
#335 = CARTESIAN_POINT('',(1.505251966773,35.491023609213));
#336 = CARTESIAN_POINT('',(1.592402548823,17.647552359484));
#337 = CARTESIAN_POINT('',(1.679553130872,-5.99999988983E-07));
#338 = ( GEOMETRIC_REPRESENTATION_CONTEXT(2) 
PARAMETRIC_REPRESENTATION_CONTEXT() REPRESENTATION_CONTEXT('2D SPACE',''
  ) );
#339 = ORIENTED_EDGE('',*,*,#340,.F.);
#340 = EDGE_CURVE('',#341,#307,#343,.T.);
#341 = VERTEX_POINT('',#342);
#342 = CARTESIAN_POINT('',(191.75083333333,4.780868525435,
    -9.160844607365));
#343 = SURFACE_CURVE('',#344,(#349,#356),.PCURVE_S1.);
#344 = ELLIPSE('',#345,227.60055352703,12.089836513942);
#345 = AXIS2_PLACEMENT_3D('',#346,#347,#348);
#346 = CARTESIAN_POINT('',(-16.99375216388,0.,2.111654162721));
#347 = DIRECTION('',(5.392282847298E-02,0.,0.998545105926));
#348 = DIRECTION('',(-0.998545105926,-0.,5.392282847298E-02));
#349 = PCURVE('',#50,#350);
#350 = DEFINITIONAL_REPRESENTATION('',(#351),#355);
#351 = ELLIPSE('',#352,227.60055352703,12.089836513942);
#352 = AXIS2_PLACEMENT_2D('',#353,#354);
#353 = CARTESIAN_POINT('',(1.982981487703E+03,2.E+03));
#354 = DIRECTION('',(-1.,0.));
#355 = ( GEOMETRIC_REPRESENTATION_CONTEXT(2) 
PARAMETRIC_REPRESENTATION_CONTEXT() REPRESENTATION_CONTEXT('2D SPACE',''
  ) );
#356 = PCURVE('',#357,#362);
#357 = CONICAL_SURFACE('',#358,11.,9.291146209236E-03);
#358 = AXIS2_PLACEMENT_3D('',#359,#360,#361);
#359 = CARTESIAN_POINT('',(120.,0.,-3.982971360135E-15));
#360 = DIRECTION('',(-1.,-0.,-2.22044604925E-16));
#361 = DIRECTION('',(2.22044604925E-16,0.,-1.));
#362 = DEFINITIONAL_REPRESENTATION('',(#363),#372);
#363 = B_SPLINE_CURVE_WITH_KNOTS('',7,(#364,#365,#366,#367,#368,#369,
    #370,#371),.UNSPECIFIED.,.F.,.F.,(8,8),(3.548145226612,
    4.065406714775),.PIECEWISE_BEZIER_KNOTS.);
#364 = CARTESIAN_POINT('',(-0.480998597439,-71.75083333333));
#365 = CARTESIAN_POINT('',(-0.567453991358,-65.10974160433));
#366 = CARTESIAN_POINT('',(-0.653307074764,-57.13885017618));
#367 = CARTESIAN_POINT('',(-0.738423200327,-47.897388898));
#368 = CARTESIAN_POINT('',(-0.822684494978,-37.46237621316));
#369 = CARTESIAN_POINT('',(-0.90599525349,-25.9273042693));
#370 = CARTESIAN_POINT('',(-0.98828338681,-13.40000896824));
#371 = CARTESIAN_POINT('',(-1.069499059886,-1.989512953407E-13));
#372 = ( GEOMETRIC_REPRESENTATION_CONTEXT(2) 
PARAMETRIC_REPRESENTATION_CONTEXT() REPRESENTATION_CONTEXT('2D SPACE',''
  ) );
#373 = ORIENTED_EDGE('',*,*,#374,.F.);
#374 = EDGE_CURVE('',#375,#341,#377,.T.);
#375 = VERTEX_POINT('',#376);
#376 = CARTESIAN_POINT('',(210.27566666666,-2.488779014432E-15,
    -10.16121144547));
#377 = SURFACE_CURVE('',#378,(#383,#390),.PCURVE_S1.);
#378 = ELLIPSE('',#379,227.60055352703,12.089836513942);
#379 = AXIS2_PLACEMENT_3D('',#380,#381,#382);
#380 = CARTESIAN_POINT('',(-16.99375216388,0.,2.111654162721));
#381 = DIRECTION('',(5.392282847298E-02,0.,0.998545105926));
#382 = DIRECTION('',(-0.998545105926,-0.,5.392282847298E-02));
#383 = PCURVE('',#50,#384);
#384 = DEFINITIONAL_REPRESENTATION('',(#385),#389);
#385 = ELLIPSE('',#386,227.60055352703,12.089836513942);
#386 = AXIS2_PLACEMENT_2D('',#387,#388);
#387 = CARTESIAN_POINT('',(1.982981487703E+03,2.E+03));
#388 = DIRECTION('',(-1.,0.));
#389 = ( GEOMETRIC_REPRESENTATION_CONTEXT(2) 
PARAMETRIC_REPRESENTATION_CONTEXT() REPRESENTATION_CONTEXT('2D SPACE',''
  ) );
#390 = PCURVE('',#391,#396);
#391 = CONICAL_SURFACE('',#392,10.333333333333,9.291146209236E-03);
#392 = AXIS2_PLACEMENT_3D('',#393,#394,#395);
#393 = CARTESIAN_POINT('',(191.75083333333,0.,-3.982971360135E-15));
#394 = DIRECTION('',(-1.,-0.,-2.22044604925E-16));
#395 = DIRECTION('',(2.22044604925E-16,0.,-1.));
#396 = DEFINITIONAL_REPRESENTATION('',(#397),#405);
#397 = B_SPLINE_CURVE_WITH_KNOTS('',6,(#398,#399,#400,#401,#402,#403,
    #404),.UNSPECIFIED.,.F.,.F.,(7,7),(3.14159265359,3.548145226612),
  .PIECEWISE_BEZIER_KNOTS.);
#398 = CARTESIAN_POINT('',(0.,-18.52483333333));
#399 = CARTESIAN_POINT('',(-8.061955618411E-02,-18.52483333333));
#400 = CARTESIAN_POINT('',(-0.161239107522,-17.27269259896));
#401 = CARTESIAN_POINT('',(-0.24172023093,-14.76841051239));
#402 = CARTESIAN_POINT('',(-0.321924334667,-11.02923580406));
#403 = CARTESIAN_POINT('',(-0.401721917726,-6.089657082926));
#404 = CARTESIAN_POINT('',(-0.480998597439,-4.547245992114E-13));
#405 = ( GEOMETRIC_REPRESENTATION_CONTEXT(2) 
PARAMETRIC_REPRESENTATION_CONTEXT() REPRESENTATION_CONTEXT('2D SPACE',''
  ) );
#406 = ORIENTED_EDGE('',*,*,#407,.F.);
#407 = EDGE_CURVE('',#408,#375,#410,.T.);
#408 = VERTEX_POINT('',#409);
#409 = CARTESIAN_POINT('',(191.75083333333,-4.780868525435,
    -9.160844607365));
#410 = SURFACE_CURVE('',#411,(#416,#423),.PCURVE_S1.);
#411 = ELLIPSE('',#412,227.60055352703,12.089836513942);
#412 = AXIS2_PLACEMENT_3D('',#413,#414,#415);
#413 = CARTESIAN_POINT('',(-16.99375216388,0.,2.111654162721));
#414 = DIRECTION('',(5.392282847298E-02,0.,0.998545105926));
#415 = DIRECTION('',(-0.998545105926,-0.,5.392282847298E-02));
#416 = PCURVE('',#50,#417);
#417 = DEFINITIONAL_REPRESENTATION('',(#418),#422);
#418 = ELLIPSE('',#419,227.60055352703,12.089836513942);
#419 = AXIS2_PLACEMENT_2D('',#420,#421);
#420 = CARTESIAN_POINT('',(1.982981487703E+03,2.E+03));
#421 = DIRECTION('',(-1.,0.));
#422 = ( GEOMETRIC_REPRESENTATION_CONTEXT(2) 
PARAMETRIC_REPRESENTATION_CONTEXT() REPRESENTATION_CONTEXT('2D SPACE',''
  ) );
#423 = PCURVE('',#391,#424);
#424 = DEFINITIONAL_REPRESENTATION('',(#425),#433);
#425 = B_SPLINE_CURVE_WITH_KNOTS('',6,(#426,#427,#428,#429,#430,#431,
    #432),.UNSPECIFIED.,.F.,.F.,(7,7),(2.735040080568,3.14159265359),
  .PIECEWISE_BEZIER_KNOTS.);
#426 = CARTESIAN_POINT('',(-5.802186709741,-2.27354047885E-13));
#427 = CARTESIAN_POINT('',(-5.881463389453,-6.089657082926));
#428 = CARTESIAN_POINT('',(-5.961260972513,-11.02923580406));
#429 = CARTESIAN_POINT('',(-6.04146507625,-14.76841051238));
#430 = CARTESIAN_POINT('',(-6.121946199657,-17.27269259897));
#431 = CARTESIAN_POINT('',(-6.202565750995,-18.52483333333));
#432 = CARTESIAN_POINT('',(-6.28318530718,-18.52483333333));
#433 = ( GEOMETRIC_REPRESENTATION_CONTEXT(2) 
PARAMETRIC_REPRESENTATION_CONTEXT() REPRESENTATION_CONTEXT('2D SPACE',''
  ) );
#434 = ORIENTED_EDGE('',*,*,#435,.F.);
#435 = EDGE_CURVE('',#436,#408,#438,.T.);
#436 = VERTEX_POINT('',#437);
#437 = CARTESIAN_POINT('',(120.,-9.646558688098,-5.286199530578));
#438 = SURFACE_CURVE('',#439,(#444,#451),.PCURVE_S1.);
#439 = ELLIPSE('',#440,227.60055352703,12.089836513942);
#440 = AXIS2_PLACEMENT_3D('',#441,#442,#443);
#441 = CARTESIAN_POINT('',(-16.99375216388,0.,2.111654162721));
#442 = DIRECTION('',(5.392282847298E-02,0.,0.998545105926));
#443 = DIRECTION('',(-0.998545105926,-0.,5.392282847298E-02));
#444 = PCURVE('',#50,#445);
#445 = DEFINITIONAL_REPRESENTATION('',(#446),#450);
#446 = ELLIPSE('',#447,227.60055352703,12.089836513942);
#447 = AXIS2_PLACEMENT_2D('',#448,#449);
#448 = CARTESIAN_POINT('',(1.982981487703E+03,2.E+03));
#449 = DIRECTION('',(-1.,0.));
#450 = ( GEOMETRIC_REPRESENTATION_CONTEXT(2) 
PARAMETRIC_REPRESENTATION_CONTEXT() REPRESENTATION_CONTEXT('2D SPACE',''
  ) );
#451 = PCURVE('',#357,#452);
#452 = DEFINITIONAL_REPRESENTATION('',(#453),#462);
#453 = B_SPLINE_CURVE_WITH_KNOTS('',7,(#454,#455,#456,#457,#458,#459,
    #460,#461),.UNSPECIFIED.,.F.,.F.,(8,8),(2.217778592404,
    2.735040080568),.PIECEWISE_BEZIER_KNOTS.);
#454 = CARTESIAN_POINT('',(-5.213686247293,-2.841925598563E-14));
#455 = CARTESIAN_POINT('',(-5.294901920369,-13.40000896824));
#456 = CARTESIAN_POINT('',(-5.377190053689,-25.92730426929));
#457 = CARTESIAN_POINT('',(-5.460500812203,-37.46237621318));
#458 = CARTESIAN_POINT('',(-5.544762106852,-47.89738889796));
#459 = CARTESIAN_POINT('',(-5.629878232417,-57.13885017618));
#460 = CARTESIAN_POINT('',(-5.715731315821,-65.10974160433));
#461 = CARTESIAN_POINT('',(-5.802186709741,-71.75083333333));
#462 = ( GEOMETRIC_REPRESENTATION_CONTEXT(2) 
PARAMETRIC_REPRESENTATION_CONTEXT() REPRESENTATION_CONTEXT('2D SPACE',''
  ) );
#463 = ORIENTED_EDGE('',*,*,#464,.F.);
#464 = EDGE_CURVE('',#465,#436,#467,.T.);
#465 = VERTEX_POINT('',#466);
#466 = CARTESIAN_POINT('',(1.134880021331E-13,-10.9350098669,
    1.193967843288));
#467 = SURFACE_CURVE('',#468,(#473,#480),.PCURVE_S1.);
#468 = ELLIPSE('',#469,203.99523377212,11.);
#469 = AXIS2_PLACEMENT_3D('',#470,#471,#472);
#470 = CARTESIAN_POINT('',(22.109944532044,0.,-8.41328239697E-15));
#471 = DIRECTION('',(5.392282847298E-02,0.,0.998545105926));
#472 = DIRECTION('',(0.998545105926,0.,-5.392282847298E-02));
#473 = PCURVE('',#50,#474);
#474 = DEFINITIONAL_REPRESENTATION('',(#475),#479);
#475 = ELLIPSE('',#476,203.99523377212,11.);
#476 = AXIS2_PLACEMENT_2D('',#477,#478);
#477 = CARTESIAN_POINT('',(2.022142159028E+03,2.E+03));
#478 = DIRECTION('',(1.,0.));
#479 = ( GEOMETRIC_REPRESENTATION_CONTEXT(2) 
PARAMETRIC_REPRESENTATION_CONTEXT() REPRESENTATION_CONTEXT('2D SPACE',''
  ) );
#480 = PCURVE('',#323,#481);
#481 = DEFINITIONAL_REPRESENTATION('',(#482),#491);
#482 = B_SPLINE_CURVE_WITH_KNOTS('',7,(#483,#484,#485,#486,#487,#488,
    #489,#490),.UNSPECIFIED.,.F.,.F.,(8,8),(4.603632176308,
    5.213686250652),.PIECEWISE_BEZIER_KNOTS.);
#483 = CARTESIAN_POINT('',(4.603632176308,-6.000000351683E-07));
#484 = CARTESIAN_POINT('',(4.690782758357,17.647552359484));
#485 = CARTESIAN_POINT('',(4.777933340405,35.491023609196));
#486 = CARTESIAN_POINT('',(4.865083922457,53.311486055863));
#487 = CARTESIAN_POINT('',(4.952234504502,70.886365990591));
#488 = CARTESIAN_POINT('',(5.039385086555,87.99623608722));
#489 = CARTESIAN_POINT('',(5.126535668603,104.43182488376));
#490 = CARTESIAN_POINT('',(5.213686250652,120.0000006));
#491 = ( GEOMETRIC_REPRESENTATION_CONTEXT(2) 
PARAMETRIC_REPRESENTATION_CONTEXT() REPRESENTATION_CONTEXT('2D SPACE',''
  ) );
#492 = ORIENTED_EDGE('',*,*,#493,.T.);
#493 = EDGE_CURVE('',#465,#63,#494,.T.);
#494 = SURFACE_CURVE('',#495,(#499,#505),.PCURVE_S1.);
#495 = LINE('',#496,#497);
#496 = CARTESIAN_POINT('',(2.272411183842E-13,-1.E+03,1.193967843288));
#497 = VECTOR('',#498,1.);
#498 = DIRECTION('',(0.,-1.,0.));
#499 = PCURVE('',#50,#500);
#500 = DEFINITIONAL_REPRESENTATION('',(#501),#504);
#501 = B_SPLINE_CURVE_WITH_KNOTS('',1,(#502,#503),.UNSPECIFIED.,.F.,.F.,
  (2,2),(-1.0135E+03,-986.5),.PIECEWISE_BEZIER_KNOTS.);
#502 = CARTESIAN_POINT('',(2.E+03,2.0135E+03));
#503 = CARTESIAN_POINT('',(2.E+03,1.9865E+03));
#504 = ( GEOMETRIC_REPRESENTATION_CONTEXT(2) 
PARAMETRIC_REPRESENTATION_CONTEXT() REPRESENTATION_CONTEXT('2D SPACE',''
  ) );
#505 = PCURVE('',#79,#506);
#506 = DEFINITIONAL_REPRESENTATION('',(#507),#510);
#507 = B_SPLINE_CURVE_WITH_KNOTS('',1,(#508,#509),.UNSPECIFIED.,.F.,.F.,
  (2,2),(-1.0135E+03,-986.5),.PIECEWISE_BEZIER_KNOTS.);
#508 = CARTESIAN_POINT('',(-1.193967843288,13.5));
#509 = CARTESIAN_POINT('',(-1.193967843288,-13.5));
#510 = ( GEOMETRIC_REPRESENTATION_CONTEXT(2) 
PARAMETRIC_REPRESENTATION_CONTEXT() REPRESENTATION_CONTEXT('2D SPACE',''
  ) );
#511 = ORIENTED_EDGE('',*,*,#91,.T.);
#512 = ORIENTED_EDGE('',*,*,#513,.T.);
#513 = EDGE_CURVE('',#92,#514,#516,.T.);
#514 = VERTEX_POINT('',#515);
#515 = CARTESIAN_POINT('',(120.,-13.5,-5.286199530578));
#516 = SURFACE_CURVE('',#517,(#521,#527),.PCURVE_S1.);
#517 = LINE('',#518,#519);
#518 = CARTESIAN_POINT('',(120.,-1.00675E+03,-5.286199530578));
#519 = VECTOR('',#520,1.);
#520 = DIRECTION('',(0.,-1.,0.));
#521 = PCURVE('',#50,#522);
#522 = DEFINITIONAL_REPRESENTATION('',(#523),#526);
#523 = B_SPLINE_CURVE_WITH_KNOTS('',1,(#524,#525),.UNSPECIFIED.,.F.,.F.,
  (2,2),(-1.000565341562E+03,-993.25),.PIECEWISE_BEZIER_KNOTS.);
#524 = CARTESIAN_POINT('',(2.120174841665E+03,1.993815341562E+03));
#525 = CARTESIAN_POINT('',(2.120174841665E+03,1.9865E+03));
#526 = ( GEOMETRIC_REPRESENTATION_CONTEXT(2) 
PARAMETRIC_REPRESENTATION_CONTEXT() REPRESENTATION_CONTEXT('2D SPACE',''
  ) );
#527 = PCURVE('',#137,#528);
#528 = DEFINITIONAL_REPRESENTATION('',(#529),#532);
#529 = B_SPLINE_CURVE_WITH_KNOTS('',1,(#530,#531),.UNSPECIFIED.,.F.,.F.,
  (2,2),(-1.000565341562E+03,-993.25),.PIECEWISE_BEZIER_KNOTS.);
#530 = CARTESIAN_POINT('',(6.713800469422,-7.315341561574));
#531 = CARTESIAN_POINT('',(6.713800469422,0.));
#532 = ( GEOMETRIC_REPRESENTATION_CONTEXT(2) 
PARAMETRIC_REPRESENTATION_CONTEXT() REPRESENTATION_CONTEXT('2D SPACE',''
  ) );
#533 = ORIENTED_EDGE('',*,*,#534,.T.);
#534 = EDGE_CURVE('',#514,#535,#537,.T.);
#535 = VERTEX_POINT('',#536);
#536 = CARTESIAN_POINT('',(244.32642705799,-13.5,-12.));
#537 = SURFACE_CURVE('',#538,(#542,#548),.PCURVE_S1.);
#538 = LINE('',#539,#540);
#539 = CARTESIAN_POINT('',(-938.3643557263,-13.5,51.866951866428));
#540 = VECTOR('',#541,1.);
#541 = DIRECTION('',(0.998545105926,0.,-5.392282847298E-02));
#542 = PCURVE('',#50,#543);
#543 = DEFINITIONAL_REPRESENTATION('',(#544),#547);
#544 = B_SPLINE_CURVE_WITH_KNOTS('',1,(#545,#546),.UNSPECIFIED.,.F.,.F.,
  (2,2),(1.059906407277E+03,1.184413979664E+03),
  .PIECEWISE_BEZIER_KNOTS.);
#545 = CARTESIAN_POINT('',(2.120174841665E+03,1.9865E+03));
#546 = CARTESIAN_POINT('',(2.244682414052E+03,1.9865E+03));
#547 = ( GEOMETRIC_REPRESENTATION_CONTEXT(2) 
PARAMETRIC_REPRESENTATION_CONTEXT() REPRESENTATION_CONTEXT('2D SPACE',''
  ) );
#548 = PCURVE('',#549,#554);
#549 = PLANE('',#550);
#550 = AXIS2_PLACEMENT_3D('',#551,#552,#553);
#551 = CARTESIAN_POINT('',(120.,-13.5,-12.));
#552 = DIRECTION('',(-0.,1.,0.));
#553 = DIRECTION('',(0.,0.,1.));
#554 = DEFINITIONAL_REPRESENTATION('',(#555),#558);
#555 = B_SPLINE_CURVE_WITH_KNOTS('',1,(#556,#557),.UNSPECIFIED.,.F.,.F.,
  (2,2),(1.059906407277E+03,1.184413979664E+03),
  .PIECEWISE_BEZIER_KNOTS.);
#556 = CARTESIAN_POINT('',(6.713800469422,0.));
#557 = CARTESIAN_POINT('',(-7.105427357601E-15,124.32642705799));
#558 = ( GEOMETRIC_REPRESENTATION_CONTEXT(2) 
PARAMETRIC_REPRESENTATION_CONTEXT() REPRESENTATION_CONTEXT('2D SPACE',''
  ) );
#559 = ORIENTED_EDGE('',*,*,#560,.T.);
#560 = EDGE_CURVE('',#535,#561,#563,.T.);
#561 = VERTEX_POINT('',#562);
#562 = CARTESIAN_POINT('',(244.32642705799,-2.897390369826,-12.));
#563 = SURFACE_CURVE('',#564,(#568,#574),.PCURVE_S1.);
#564 = LINE('',#565,#566);
#565 = CARTESIAN_POINT('',(244.32642705805,-1.00675E+03,-12.));
#566 = VECTOR('',#567,1.);
#567 = DIRECTION('',(0.,1.,0.));
#568 = PCURVE('',#50,#569);
#569 = DEFINITIONAL_REPRESENTATION('',(#570),#573);
#570 = B_SPLINE_CURVE_WITH_KNOTS('',1,(#571,#572),.UNSPECIFIED.,.F.,.F.,
  (2,2),(993.25,1.02025E+03),.PIECEWISE_BEZIER_KNOTS.);
#571 = CARTESIAN_POINT('',(2.244682414052E+03,1.9865E+03));
#572 = CARTESIAN_POINT('',(2.244682414052E+03,2.0135E+03));
#573 = ( GEOMETRIC_REPRESENTATION_CONTEXT(2) 
PARAMETRIC_REPRESENTATION_CONTEXT() REPRESENTATION_CONTEXT('2D SPACE',''
  ) );
#574 = PCURVE('',#575,#580);
#575 = PLANE('',#576);
#576 = AXIS2_PLACEMENT_3D('',#577,#578,#579);
#577 = CARTESIAN_POINT('',(120.,-13.5,-12.));
#578 = DIRECTION('',(0.,0.,1.));
#579 = DIRECTION('',(1.,0.,-0.));
#580 = DEFINITIONAL_REPRESENTATION('',(#581),#584);
#581 = B_SPLINE_CURVE_WITH_KNOTS('',1,(#582,#583),.UNSPECIFIED.,.F.,.F.,
  (2,2),(993.25,1.02025E+03),.PIECEWISE_BEZIER_KNOTS.);
#582 = CARTESIAN_POINT('',(124.32642705805,0.));
#583 = CARTESIAN_POINT('',(124.32642705805,27.));
#584 = ( GEOMETRIC_REPRESENTATION_CONTEXT(2) 
PARAMETRIC_REPRESENTATION_CONTEXT() REPRESENTATION_CONTEXT('2D SPACE',''
  ) );
#585 = ORIENTED_EDGE('',*,*,#586,.T.);
#586 = EDGE_CURVE('',#561,#587,#589,.T.);
#587 = VERTEX_POINT('',#588);
#588 = CARTESIAN_POINT('',(244.32642705799,2.897390358768,-12.));
#589 = SURFACE_CURVE('',#590,(#595,#602),.PCURVE_S1.);
#590 = ELLIPSE('',#591,275.37750609003,14.627684232983);
#591 = AXIS2_PLACEMENT_3D('',#592,#593,#594);
#592 = CARTESIAN_POINT('',(-25.2022359884,0.,2.554923738292));
#593 = DIRECTION('',(5.392282847298E-02,0.,0.998545105926));
#594 = DIRECTION('',(-0.998545105926,-0.,5.392282847298E-02));
#595 = PCURVE('',#50,#596);
#596 = DEFINITIONAL_REPRESENTATION('',(#597),#601);
#597 = ELLIPSE('',#598,275.37750609003,14.627684232983);
#598 = AXIS2_PLACEMENT_2D('',#599,#600);
#599 = CARTESIAN_POINT('',(1.974761044004E+03,2.E+03));
#600 = DIRECTION('',(-1.,0.));
#601 = ( GEOMETRIC_REPRESENTATION_CONTEXT(2) 
PARAMETRIC_REPRESENTATION_CONTEXT() REPRESENTATION_CONTEXT('2D SPACE',''
  ) );
#602 = PCURVE('',#603,#608);
#603 = CONICAL_SURFACE('',#604,12.833333333333,9.291146209236E-03);
#604 = AXIS2_PLACEMENT_3D('',#605,#606,#607);
#605 = CARTESIAN_POINT('',(191.75083333333,0.,-3.982971360135E-15));
#606 = DIRECTION('',(-1.,-0.,-2.22044604925E-16));
#607 = DIRECTION('',(2.22044604925E-16,0.,-1.));
#608 = DEFINITIONAL_REPRESENTATION('',(#609),#617);
#609 = B_SPLINE_CURVE_WITH_KNOTS('',6,(#610,#611,#612,#613,#614,#615,
    #616),.UNSPECIFIED.,.F.,.F.,(7,7),(2.836065321327,3.447119985853),
  .PIECEWISE_BEZIER_KNOTS.);
#610 = CARTESIAN_POINT('',(-5.920831186481,-45.28919132982));
#611 = CARTESIAN_POINT('',(-6.040848522707,-53.71278101852));
#612 = CARTESIAN_POINT('',(-6.161773883418,-58.87243504321));
#613 = CARTESIAN_POINT('',(-6.28318530718,-60.61089297931));
#614 = CARTESIAN_POINT('',(-6.404596730941,-58.87243504321));
#615 = CARTESIAN_POINT('',(-6.525522091653,-53.71278101852));
#616 = CARTESIAN_POINT('',(-6.645539427878,-45.28919132982));
#617 = ( GEOMETRIC_REPRESENTATION_CONTEXT(2) 
PARAMETRIC_REPRESENTATION_CONTEXT() REPRESENTATION_CONTEXT('2D SPACE',''
  ) );
#618 = ORIENTED_EDGE('',*,*,#619,.T.);
#619 = EDGE_CURVE('',#587,#240,#620,.T.);
#620 = SURFACE_CURVE('',#621,(#625,#631),.PCURVE_S1.);
#621 = LINE('',#622,#623);
#622 = CARTESIAN_POINT('',(244.32642705805,-1.00675E+03,-12.));
#623 = VECTOR('',#624,1.);
#624 = DIRECTION('',(0.,1.,0.));
#625 = PCURVE('',#50,#626);
#626 = DEFINITIONAL_REPRESENTATION('',(#627),#630);
#627 = B_SPLINE_CURVE_WITH_KNOTS('',1,(#628,#629),.UNSPECIFIED.,.F.,.F.,
  (2,2),(993.25,1.02025E+03),.PIECEWISE_BEZIER_KNOTS.);
#628 = CARTESIAN_POINT('',(2.244682414052E+03,1.9865E+03));
#629 = CARTESIAN_POINT('',(2.244682414052E+03,2.0135E+03));
#630 = ( GEOMETRIC_REPRESENTATION_CONTEXT(2) 
PARAMETRIC_REPRESENTATION_CONTEXT() REPRESENTATION_CONTEXT('2D SPACE',''
  ) );
#631 = PCURVE('',#575,#632);
#632 = DEFINITIONAL_REPRESENTATION('',(#633),#636);
#633 = B_SPLINE_CURVE_WITH_KNOTS('',1,(#634,#635),.UNSPECIFIED.,.F.,.F.,
  (2,2),(993.25,1.02025E+03),.PIECEWISE_BEZIER_KNOTS.);
#634 = CARTESIAN_POINT('',(124.32642705805,0.));
#635 = CARTESIAN_POINT('',(124.32642705805,27.));
#636 = ( GEOMETRIC_REPRESENTATION_CONTEXT(2) 
PARAMETRIC_REPRESENTATION_CONTEXT() REPRESENTATION_CONTEXT('2D SPACE',''
  ) );
#637 = ADVANCED_FACE('',(#638),#222,.F.);
#638 = FACE_BOUND('',#639,.F.);
#639 = EDGE_LOOP('',(#640,#641,#642));
#640 = ORIENTED_EDGE('',*,*,#207,.F.);
#641 = ORIENTED_EDGE('',*,*,#265,.F.);
#642 = ORIENTED_EDGE('',*,*,#643,.T.);
#643 = EDGE_CURVE('',#238,#179,#644,.T.);
#644 = SURFACE_CURVE('',#645,(#649,#656),.PCURVE_S1.);
#645 = LINE('',#646,#647);
#646 = CARTESIAN_POINT('',(120.,13.5,-12.));
#647 = VECTOR('',#648,1.);
#648 = DIRECTION('',(0.,0.,1.));
#649 = PCURVE('',#222,#650);
#650 = DEFINITIONAL_REPRESENTATION('',(#651),#655);
#651 = LINE('',#652,#653);
#652 = CARTESIAN_POINT('',(0.,-27.));
#653 = VECTOR('',#654,1.);
#654 = DIRECTION('',(1.,0.));
#655 = ( GEOMETRIC_REPRESENTATION_CONTEXT(2) 
PARAMETRIC_REPRESENTATION_CONTEXT() REPRESENTATION_CONTEXT('2D SPACE',''
  ) );
#656 = PCURVE('',#254,#657);
#657 = DEFINITIONAL_REPRESENTATION('',(#658),#662);
#658 = LINE('',#659,#660);
#659 = CARTESIAN_POINT('',(0.,0.));
#660 = VECTOR('',#661,1.);
#661 = DIRECTION('',(1.,0.));
#662 = ( GEOMETRIC_REPRESENTATION_CONTEXT(2) 
PARAMETRIC_REPRESENTATION_CONTEXT() REPRESENTATION_CONTEXT('2D SPACE',''
  ) );
#663 = ADVANCED_FACE('',(#664),#195,.F.);
#664 = FACE_BOUND('',#665,.F.);
#665 = EDGE_LOOP('',(#666,#694,#695));
#666 = ORIENTED_EDGE('',*,*,#667,.F.);
#667 = EDGE_CURVE('',#150,#668,#670,.T.);
#668 = VERTEX_POINT('',#669);
#669 = CARTESIAN_POINT('',(120.,13.5,13.5));
#670 = SURFACE_CURVE('',#671,(#675,#682),.PCURVE_S1.);
#671 = LINE('',#672,#673);
#672 = CARTESIAN_POINT('',(120.,-13.5,13.5));
#673 = VECTOR('',#674,1.);
#674 = DIRECTION('',(-0.,1.,0.));
#675 = PCURVE('',#195,#676);
#676 = DEFINITIONAL_REPRESENTATION('',(#677),#681);
#677 = LINE('',#678,#679);
#678 = CARTESIAN_POINT('',(25.5,0.));
#679 = VECTOR('',#680,1.);
#680 = DIRECTION('',(0.,-1.));
#681 = ( GEOMETRIC_REPRESENTATION_CONTEXT(2) 
PARAMETRIC_REPRESENTATION_CONTEXT() REPRESENTATION_CONTEXT('2D SPACE',''
  ) );
#682 = PCURVE('',#683,#688);
#683 = PLANE('',#684);
#684 = AXIS2_PLACEMENT_3D('',#685,#686,#687);
#685 = CARTESIAN_POINT('',(120.,-13.5,13.5));
#686 = DIRECTION('',(0.,0.,1.));
#687 = DIRECTION('',(1.,0.,-0.));
#688 = DEFINITIONAL_REPRESENTATION('',(#689),#693);
#689 = LINE('',#690,#691);
#690 = CARTESIAN_POINT('',(0.,0.));
#691 = VECTOR('',#692,1.);
#692 = DIRECTION('',(0.,1.));
#693 = ( GEOMETRIC_REPRESENTATION_CONTEXT(2) 
PARAMETRIC_REPRESENTATION_CONTEXT() REPRESENTATION_CONTEXT('2D SPACE',''
  ) );
#694 = ORIENTED_EDGE('',*,*,#178,.F.);
#695 = ORIENTED_EDGE('',*,*,#696,.T.);
#696 = EDGE_CURVE('',#179,#668,#697,.T.);
#697 = SURFACE_CURVE('',#698,(#702,#709),.PCURVE_S1.);
#698 = LINE('',#699,#700);
#699 = CARTESIAN_POINT('',(120.,13.5,-12.));
#700 = VECTOR('',#701,1.);
#701 = DIRECTION('',(0.,0.,1.));
#702 = PCURVE('',#195,#703);
#703 = DEFINITIONAL_REPRESENTATION('',(#704),#708);
#704 = LINE('',#705,#706);
#705 = CARTESIAN_POINT('',(0.,-27.));
#706 = VECTOR('',#707,1.);
#707 = DIRECTION('',(1.,0.));
#708 = ( GEOMETRIC_REPRESENTATION_CONTEXT(2) 
PARAMETRIC_REPRESENTATION_CONTEXT() REPRESENTATION_CONTEXT('2D SPACE',''
  ) );
#709 = PCURVE('',#254,#710);
#710 = DEFINITIONAL_REPRESENTATION('',(#711),#715);
#711 = LINE('',#712,#713);
#712 = CARTESIAN_POINT('',(0.,0.));
#713 = VECTOR('',#714,1.);
#714 = DIRECTION('',(1.,0.));
#715 = ( GEOMETRIC_REPRESENTATION_CONTEXT(2) 
PARAMETRIC_REPRESENTATION_CONTEXT() REPRESENTATION_CONTEXT('2D SPACE',''
  ) );
#716 = ADVANCED_FACE('',(#717),#166,.F.);
#717 = FACE_BOUND('',#718,.F.);
#718 = EDGE_LOOP('',(#719,#742,#743));
#719 = ORIENTED_EDGE('',*,*,#720,.F.);
#720 = EDGE_CURVE('',#121,#721,#723,.T.);
#721 = VERTEX_POINT('',#722);
#722 = CARTESIAN_POINT('',(120.,-13.5,13.5));
#723 = SURFACE_CURVE('',#724,(#728,#735),.PCURVE_S1.);
#724 = LINE('',#725,#726);
#725 = CARTESIAN_POINT('',(120.,-13.5,-12.));
#726 = VECTOR('',#727,1.);
#727 = DIRECTION('',(0.,0.,1.));
#728 = PCURVE('',#166,#729);
#729 = DEFINITIONAL_REPRESENTATION('',(#730),#734);
#730 = LINE('',#731,#732);
#731 = CARTESIAN_POINT('',(0.,0.));
#732 = VECTOR('',#733,1.);
#733 = DIRECTION('',(1.,0.));
#734 = ( GEOMETRIC_REPRESENTATION_CONTEXT(2) 
PARAMETRIC_REPRESENTATION_CONTEXT() REPRESENTATION_CONTEXT('2D SPACE',''
  ) );
#735 = PCURVE('',#549,#736);
#736 = DEFINITIONAL_REPRESENTATION('',(#737),#741);
#737 = LINE('',#738,#739);
#738 = CARTESIAN_POINT('',(0.,0.));
#739 = VECTOR('',#740,1.);
#740 = DIRECTION('',(1.,0.));
#741 = ( GEOMETRIC_REPRESENTATION_CONTEXT(2) 
PARAMETRIC_REPRESENTATION_CONTEXT() REPRESENTATION_CONTEXT('2D SPACE',''
  ) );
#742 = ORIENTED_EDGE('',*,*,#149,.F.);
#743 = ORIENTED_EDGE('',*,*,#744,.F.);
#744 = EDGE_CURVE('',#721,#150,#745,.T.);
#745 = SURFACE_CURVE('',#746,(#750,#757),.PCURVE_S1.);
#746 = LINE('',#747,#748);
#747 = CARTESIAN_POINT('',(120.,-13.5,13.5));
#748 = VECTOR('',#749,1.);
#749 = DIRECTION('',(-0.,1.,0.));
#750 = PCURVE('',#166,#751);
#751 = DEFINITIONAL_REPRESENTATION('',(#752),#756);
#752 = LINE('',#753,#754);
#753 = CARTESIAN_POINT('',(25.5,0.));
#754 = VECTOR('',#755,1.);
#755 = DIRECTION('',(0.,-1.));
#756 = ( GEOMETRIC_REPRESENTATION_CONTEXT(2) 
PARAMETRIC_REPRESENTATION_CONTEXT() REPRESENTATION_CONTEXT('2D SPACE',''
  ) );
#757 = PCURVE('',#683,#758);
#758 = DEFINITIONAL_REPRESENTATION('',(#759),#763);
#759 = LINE('',#760,#761);
#760 = CARTESIAN_POINT('',(0.,0.));
#761 = VECTOR('',#762,1.);
#762 = DIRECTION('',(0.,1.));
#763 = ( GEOMETRIC_REPRESENTATION_CONTEXT(2) 
PARAMETRIC_REPRESENTATION_CONTEXT() REPRESENTATION_CONTEXT('2D SPACE',''
  ) );
#764 = ADVANCED_FACE('',(#765),#137,.F.);
#765 = FACE_BOUND('',#766,.F.);
#766 = EDGE_LOOP('',(#767,#788,#789));
#767 = ORIENTED_EDGE('',*,*,#768,.F.);
#768 = EDGE_CURVE('',#514,#121,#769,.T.);
#769 = SURFACE_CURVE('',#770,(#774,#781),.PCURVE_S1.);
#770 = LINE('',#771,#772);
#771 = CARTESIAN_POINT('',(120.,-13.5,-12.));
#772 = VECTOR('',#773,1.);
#773 = DIRECTION('',(0.,0.,1.));
#774 = PCURVE('',#137,#775);
#775 = DEFINITIONAL_REPRESENTATION('',(#776),#780);
#776 = LINE('',#777,#778);
#777 = CARTESIAN_POINT('',(0.,0.));
#778 = VECTOR('',#779,1.);
#779 = DIRECTION('',(1.,0.));
#780 = ( GEOMETRIC_REPRESENTATION_CONTEXT(2) 
PARAMETRIC_REPRESENTATION_CONTEXT() REPRESENTATION_CONTEXT('2D SPACE',''
  ) );
#781 = PCURVE('',#549,#782);
#782 = DEFINITIONAL_REPRESENTATION('',(#783),#787);
#783 = LINE('',#784,#785);
#784 = CARTESIAN_POINT('',(0.,0.));
#785 = VECTOR('',#786,1.);
#786 = DIRECTION('',(1.,0.));
#787 = ( GEOMETRIC_REPRESENTATION_CONTEXT(2) 
PARAMETRIC_REPRESENTATION_CONTEXT() REPRESENTATION_CONTEXT('2D SPACE',''
  ) );
#788 = ORIENTED_EDGE('',*,*,#513,.F.);
#789 = ORIENTED_EDGE('',*,*,#120,.F.);
#790 = ADVANCED_FACE('',(#791),#79,.F.);
#791 = FACE_BOUND('',#792,.F.);
#792 = EDGE_LOOP('',(#793,#794,#795,#796));
#793 = ORIENTED_EDGE('',*,*,#285,.F.);
#794 = ORIENTED_EDGE('',*,*,#62,.T.);
#795 = ORIENTED_EDGE('',*,*,#493,.F.);
#796 = ORIENTED_EDGE('',*,*,#797,.F.);
#797 = EDGE_CURVE('',#286,#465,#798,.T.);
#798 = SURFACE_CURVE('',#799,(#804,#811),.PCURVE_S1.);
#799 = CIRCLE('',#800,11.);
#800 = AXIS2_PLACEMENT_3D('',#801,#802,#803);
#801 = CARTESIAN_POINT('',(0.,0.,-1.33226762955E-14));
#802 = DIRECTION('',(1.,-0.,2.22044604925E-16));
#803 = DIRECTION('',(2.22044604925E-16,0.,-1.));
#804 = PCURVE('',#79,#805);
#805 = DEFINITIONAL_REPRESENTATION('',(#806),#810);
#806 = CIRCLE('',#807,11.);
#807 = AXIS2_PLACEMENT_2D('',#808,#809);
#808 = CARTESIAN_POINT('',(0.,0.));
#809 = DIRECTION('',(1.,0.));
#810 = ( GEOMETRIC_REPRESENTATION_CONTEXT(2) 
PARAMETRIC_REPRESENTATION_CONTEXT() REPRESENTATION_CONTEXT('2D SPACE',''
  ) );
#811 = PCURVE('',#323,#812);
#812 = DEFINITIONAL_REPRESENTATION('',(#813),#817);
#813 = LINE('',#814,#815);
#814 = CARTESIAN_POINT('',(0.,0.));
#815 = VECTOR('',#816,1.);
#816 = DIRECTION('',(1.,0.));
#817 = ( GEOMETRIC_REPRESENTATION_CONTEXT(2) 
PARAMETRIC_REPRESENTATION_CONTEXT() REPRESENTATION_CONTEXT('2D SPACE',''
  ) );
#818 = ADVANCED_FACE('',(#819),#254,.T.);
#819 = FACE_BOUND('',#820,.T.);
#820 = EDGE_LOOP('',(#821,#844,#845,#846,#847,#870));
#821 = ORIENTED_EDGE('',*,*,#822,.F.);
#822 = EDGE_CURVE('',#240,#823,#825,.T.);
#823 = VERTEX_POINT('',#824);
#824 = CARTESIAN_POINT('',(550.505,13.5,-12.));
#825 = SURFACE_CURVE('',#826,(#830,#837),.PCURVE_S1.);
#826 = LINE('',#827,#828);
#827 = CARTESIAN_POINT('',(120.,13.5,-12.));
#828 = VECTOR('',#829,1.);
#829 = DIRECTION('',(1.,0.,-0.));
#830 = PCURVE('',#254,#831);
#831 = DEFINITIONAL_REPRESENTATION('',(#832),#836);
#832 = LINE('',#833,#834);
#833 = CARTESIAN_POINT('',(0.,0.));
#834 = VECTOR('',#835,1.);
#835 = DIRECTION('',(0.,1.));
#836 = ( GEOMETRIC_REPRESENTATION_CONTEXT(2) 
PARAMETRIC_REPRESENTATION_CONTEXT() REPRESENTATION_CONTEXT('2D SPACE',''
  ) );
#837 = PCURVE('',#575,#838);
#838 = DEFINITIONAL_REPRESENTATION('',(#839),#843);
#839 = LINE('',#840,#841);
#840 = CARTESIAN_POINT('',(0.,27.));
#841 = VECTOR('',#842,1.);
#842 = DIRECTION('',(1.,0.));
#843 = ( GEOMETRIC_REPRESENTATION_CONTEXT(2) 
PARAMETRIC_REPRESENTATION_CONTEXT() REPRESENTATION_CONTEXT('2D SPACE',''
  ) );
#844 = ORIENTED_EDGE('',*,*,#237,.F.);
#845 = ORIENTED_EDGE('',*,*,#643,.T.);
#846 = ORIENTED_EDGE('',*,*,#696,.T.);
#847 = ORIENTED_EDGE('',*,*,#848,.T.);
#848 = EDGE_CURVE('',#668,#849,#851,.T.);
#849 = VERTEX_POINT('',#850);
#850 = CARTESIAN_POINT('',(550.505,13.5,13.5));
#851 = SURFACE_CURVE('',#852,(#856,#863),.PCURVE_S1.);
#852 = LINE('',#853,#854);
#853 = CARTESIAN_POINT('',(120.,13.5,13.5));
#854 = VECTOR('',#855,1.);
#855 = DIRECTION('',(1.,0.,-0.));
#856 = PCURVE('',#254,#857);
#857 = DEFINITIONAL_REPRESENTATION('',(#858),#862);
#858 = LINE('',#859,#860);
#859 = CARTESIAN_POINT('',(25.5,0.));
#860 = VECTOR('',#861,1.);
#861 = DIRECTION('',(0.,1.));
#862 = ( GEOMETRIC_REPRESENTATION_CONTEXT(2) 
PARAMETRIC_REPRESENTATION_CONTEXT() REPRESENTATION_CONTEXT('2D SPACE',''
  ) );
#863 = PCURVE('',#683,#864);
#864 = DEFINITIONAL_REPRESENTATION('',(#865),#869);
#865 = LINE('',#866,#867);
#866 = CARTESIAN_POINT('',(0.,27.));
#867 = VECTOR('',#868,1.);
#868 = DIRECTION('',(1.,0.));
#869 = ( GEOMETRIC_REPRESENTATION_CONTEXT(2) 
PARAMETRIC_REPRESENTATION_CONTEXT() REPRESENTATION_CONTEXT('2D SPACE',''
  ) );
#870 = ORIENTED_EDGE('',*,*,#871,.F.);
#871 = EDGE_CURVE('',#823,#849,#872,.T.);
#872 = SURFACE_CURVE('',#873,(#877,#884),.PCURVE_S1.);
#873 = LINE('',#874,#875);
#874 = CARTESIAN_POINT('',(550.505,13.5,-12.));
#875 = VECTOR('',#876,1.);
#876 = DIRECTION('',(0.,0.,1.));
#877 = PCURVE('',#254,#878);
#878 = DEFINITIONAL_REPRESENTATION('',(#879),#883);
#879 = LINE('',#880,#881);
#880 = CARTESIAN_POINT('',(0.,430.505));
#881 = VECTOR('',#882,1.);
#882 = DIRECTION('',(1.,0.));
#883 = ( GEOMETRIC_REPRESENTATION_CONTEXT(2) 
PARAMETRIC_REPRESENTATION_CONTEXT() REPRESENTATION_CONTEXT('2D SPACE',''
  ) );
#884 = PCURVE('',#885,#890);
#885 = PLANE('',#886);
#886 = AXIS2_PLACEMENT_3D('',#887,#888,#889);
#887 = CARTESIAN_POINT('',(550.505,-13.5,-12.));
#888 = DIRECTION('',(1.,0.,-0.));
#889 = DIRECTION('',(0.,0.,1.));
#890 = DEFINITIONAL_REPRESENTATION('',(#891),#895);
#891 = LINE('',#892,#893);
#892 = CARTESIAN_POINT('',(0.,-27.));
#893 = VECTOR('',#894,1.);
#894 = DIRECTION('',(1.,0.));
#895 = ( GEOMETRIC_REPRESENTATION_CONTEXT(2) 
PARAMETRIC_REPRESENTATION_CONTEXT() REPRESENTATION_CONTEXT('2D SPACE',''
  ) );
#896 = ADVANCED_FACE('',(#897,#1631,#1689,#1747,#1805,#1863),#575,.F.);
#897 = FACE_BOUND('',#898,.F.);
#898 = EDGE_LOOP('',(#899,#900,#923,#944,#945,#946,#1050,#1264,#1320,
    #1529));
#899 = ORIENTED_EDGE('',*,*,#560,.F.);
#900 = ORIENTED_EDGE('',*,*,#901,.T.);
#901 = EDGE_CURVE('',#535,#902,#904,.T.);
#902 = VERTEX_POINT('',#903);
#903 = CARTESIAN_POINT('',(550.505,-13.5,-12.));
#904 = SURFACE_CURVE('',#905,(#909,#916),.PCURVE_S1.);
#905 = LINE('',#906,#907);
#906 = CARTESIAN_POINT('',(120.,-13.5,-12.));
#907 = VECTOR('',#908,1.);
#908 = DIRECTION('',(1.,0.,-0.));
#909 = PCURVE('',#575,#910);
#910 = DEFINITIONAL_REPRESENTATION('',(#911),#915);
#911 = LINE('',#912,#913);
#912 = CARTESIAN_POINT('',(0.,0.));
#913 = VECTOR('',#914,1.);
#914 = DIRECTION('',(1.,0.));
#915 = ( GEOMETRIC_REPRESENTATION_CONTEXT(2) 
PARAMETRIC_REPRESENTATION_CONTEXT() REPRESENTATION_CONTEXT('2D SPACE',''
  ) );
#916 = PCURVE('',#549,#917);
#917 = DEFINITIONAL_REPRESENTATION('',(#918),#922);
#918 = LINE('',#919,#920);
#919 = CARTESIAN_POINT('',(0.,0.));
#920 = VECTOR('',#921,1.);
#921 = DIRECTION('',(0.,1.));
#922 = ( GEOMETRIC_REPRESENTATION_CONTEXT(2) 
PARAMETRIC_REPRESENTATION_CONTEXT() REPRESENTATION_CONTEXT('2D SPACE',''
  ) );
#923 = ORIENTED_EDGE('',*,*,#924,.T.);
#924 = EDGE_CURVE('',#902,#823,#925,.T.);
#925 = SURFACE_CURVE('',#926,(#930,#937),.PCURVE_S1.);
#926 = LINE('',#927,#928);
#927 = CARTESIAN_POINT('',(550.505,-13.5,-12.));
#928 = VECTOR('',#929,1.);
#929 = DIRECTION('',(-0.,1.,0.));
#930 = PCURVE('',#575,#931);
#931 = DEFINITIONAL_REPRESENTATION('',(#932),#936);
#932 = LINE('',#933,#934);
#933 = CARTESIAN_POINT('',(430.505,0.));
#934 = VECTOR('',#935,1.);
#935 = DIRECTION('',(0.,1.));
#936 = ( GEOMETRIC_REPRESENTATION_CONTEXT(2) 
PARAMETRIC_REPRESENTATION_CONTEXT() REPRESENTATION_CONTEXT('2D SPACE',''
  ) );
#937 = PCURVE('',#885,#938);
#938 = DEFINITIONAL_REPRESENTATION('',(#939),#943);
#939 = LINE('',#940,#941);
#940 = CARTESIAN_POINT('',(0.,0.));
#941 = VECTOR('',#942,1.);
#942 = DIRECTION('',(0.,-1.));
#943 = ( GEOMETRIC_REPRESENTATION_CONTEXT(2) 
PARAMETRIC_REPRESENTATION_CONTEXT() REPRESENTATION_CONTEXT('2D SPACE',''
  ) );
#944 = ORIENTED_EDGE('',*,*,#822,.F.);
#945 = ORIENTED_EDGE('',*,*,#619,.F.);
#946 = ORIENTED_EDGE('',*,*,#947,.F.);
#947 = EDGE_CURVE('',#948,#587,#950,.T.);
#948 = VERTEX_POINT('',#949);
#949 = CARTESIAN_POINT('',(263.50166666666,2.006932429799,-12.));
#950 = SURFACE_CURVE('',#951,(#982,#1016),.PCURVE_S1.);
#951 = B_SPLINE_CURVE_WITH_KNOTS('',8,(#952,#953,#954,#955,#956,#957,
    #958,#959,#960,#961,#962,#963,#964,#965,#966,#967,#968,#969,#970,
    #971,#972,#973,#974,#975,#976,#977,#978,#979,#980,#981),
  .UNSPECIFIED.,.F.,.F.,(9,7,7,7,9),(0.,0.26805838973,0.505257363025,
    0.813627149923,1.),.UNSPECIFIED.);
#952 = CARTESIAN_POINT('',(263.50166666666,2.006932429799,-12.));
#953 = CARTESIAN_POINT('',(261.09861423028,2.14229042022,-12.));
#954 = CARTESIAN_POINT('',(258.69528046034,2.267515567215,-12.));
#955 = CARTESIAN_POINT('',(256.29175328342,2.385329385624,-12.));
#956 = CARTESIAN_POINT('',(253.88808002658,2.497033311321,-12.));
#957 = CARTESIAN_POINT('',(251.48429620286,2.60368145334,-12.));
#958 = CARTESIAN_POINT('',(249.08042218191,2.705953530304,-12.));
#959 = CARTESIAN_POINT('',(246.67647019855,2.804423135531,-12.));
#960 = CARTESIAN_POINT('',(242.14517283535,2.983681761263,-12.));
#961 = CARTESIAN_POINT('',(240.01785008686,3.065201650748,-12.));
#962 = CARTESIAN_POINT('',(237.89048265099,3.144391047832,-12.));
#963 = CARTESIAN_POINT('',(235.76307647567,3.221487409852,-12.));
#964 = CARTESIAN_POINT('',(233.63563629197,3.296682524966,-12.));
#965 = CARTESIAN_POINT('',(231.50816588932,3.37013745667,-12.));
#966 = CARTESIAN_POINT('',(229.38066826771,3.441990884658,-12.));
#967 = CARTESIAN_POINT('',(224.48726653156,3.603845086011,-12.));
#968 = CARTESIAN_POINT('',(221.72134580128,3.692822490228,-12.));
#969 = CARTESIAN_POINT('',(218.95538888766,3.779553461641,-12.));
#970 = CARTESIAN_POINT('',(216.18940015057,3.864246679635,-12.));
#971 = CARTESIAN_POINT('',(213.42338313464,3.947074331865,-12.));
#972 = CARTESIAN_POINT('',(210.65734073684,4.028182936516,-12.));
#973 = CARTESIAN_POINT('',(207.89127530491,4.107699750955,-12.));
#974 = CARTESIAN_POINT('',(203.45341836933,4.232897650175,-12.));
#975 = CARTESIAN_POINT('',(201.78164038917,4.279519316399,-12.));
#976 = CARTESIAN_POINT('',(200.10985516935,4.32562410375,-12.));
#977 = CARTESIAN_POINT('',(198.43806311263,4.371234282121,-12.));
#978 = CARTESIAN_POINT('',(196.7662645845,4.416370281186,-12.));
#979 = CARTESIAN_POINT('',(195.09445991631,4.461050918591,-12.));
#980 = CARTESIAN_POINT('',(193.42264940842,4.505293628139,-12.));
#981 = CARTESIAN_POINT('',(191.75083333333,4.549114687985,-12.));
#982 = PCURVE('',#575,#983);
#983 = DEFINITIONAL_REPRESENTATION('',(#984),#1015);
#984 = B_SPLINE_CURVE_WITH_KNOTS('',8,(#985,#986,#987,#988,#989,#990,
    #991,#992,#993,#994,#995,#996,#997,#998,#999,#1000,#1001,#1002,#1003
    ,#1004,#1005,#1006,#1007,#1008,#1009,#1010,#1011,#1012,#1013,#1014),
  .UNSPECIFIED.,.F.,.F.,(9,7,7,7,9),(0.,0.26805838973,0.505257363025,
    0.813627149923,1.),.UNSPECIFIED.);
#985 = CARTESIAN_POINT('',(143.50166666666,15.506932429799));
#986 = CARTESIAN_POINT('',(141.09861423028,15.64229042022));
#987 = CARTESIAN_POINT('',(138.69528046034,15.767515567215));
#988 = CARTESIAN_POINT('',(136.29175328342,15.885329385624));
#989 = CARTESIAN_POINT('',(133.88808002658,15.997033311321));
#990 = CARTESIAN_POINT('',(131.48429620286,16.10368145334));
#991 = CARTESIAN_POINT('',(129.08042218191,16.205953530304));
#992 = CARTESIAN_POINT('',(126.67647019855,16.304423135531));
#993 = CARTESIAN_POINT('',(122.14517283535,16.483681761263));
#994 = CARTESIAN_POINT('',(120.01785008686,16.565201650748));
#995 = CARTESIAN_POINT('',(117.89048265099,16.644391047832));
#996 = CARTESIAN_POINT('',(115.76307647567,16.721487409852));
#997 = CARTESIAN_POINT('',(113.63563629197,16.796682524966));
#998 = CARTESIAN_POINT('',(111.50816588932,16.87013745667));
#999 = CARTESIAN_POINT('',(109.38066826771,16.941990884658));
#1000 = CARTESIAN_POINT('',(104.48726653156,17.103845086011));
#1001 = CARTESIAN_POINT('',(101.72134580128,17.192822490228));
#1002 = CARTESIAN_POINT('',(98.955388887664,17.279553461641));
#1003 = CARTESIAN_POINT('',(96.189400150572,17.364246679635));
#1004 = CARTESIAN_POINT('',(93.423383134641,17.447074331865));
#1005 = CARTESIAN_POINT('',(90.657340736843,17.528182936516));
#1006 = CARTESIAN_POINT('',(87.891275304919,17.607699750955));
#1007 = CARTESIAN_POINT('',(83.453418369337,17.732897650175));
#1008 = CARTESIAN_POINT('',(81.781640389173,17.779519316399));
#1009 = CARTESIAN_POINT('',(80.109855169351,17.82562410375));
#1010 = CARTESIAN_POINT('',(78.438063112632,17.871234282121));
#1011 = CARTESIAN_POINT('',(76.766264584502,17.916370281186));
#1012 = CARTESIAN_POINT('',(75.094459916315,17.961050918591));
#1013 = CARTESIAN_POINT('',(73.422649408427,18.005293628139));
#1014 = CARTESIAN_POINT('',(71.750833333333,18.049114687985));
#1015 = ( GEOMETRIC_REPRESENTATION_CONTEXT(2) 
PARAMETRIC_REPRESENTATION_CONTEXT() REPRESENTATION_CONTEXT('2D SPACE',''
  ) );
#1016 = PCURVE('',#603,#1017);
#1017 = DEFINITIONAL_REPRESENTATION('',(#1018),#1049);
#1018 = B_SPLINE_CURVE_WITH_KNOTS('',8,(#1019,#1020,#1021,#1022,#1023,
    #1024,#1025,#1026,#1027,#1028,#1029,#1030,#1031,#1032,#1033,#1034,
    #1035,#1036,#1037,#1038,#1039,#1040,#1041,#1042,#1043,#1044,#1045,
    #1046,#1047,#1048),.UNSPECIFIED.,.F.,.F.,(9,7,7,7,9),(0.,
    0.26805838973,0.505257363025,0.813627149923,1.),.UNSPECIFIED.);
#1019 = CARTESIAN_POINT('',(-6.448896020785,-71.75083333333));
#1020 = CARTESIAN_POINT('',(-6.459868933501,-69.34778089695));
#1021 = CARTESIAN_POINT('',(-6.469974393101,-66.944447127));
#1022 = CARTESIAN_POINT('',(-6.479441374878,-64.54091995005));
#1023 = CARTESIAN_POINT('',(-6.488379835479,-62.13724669335));
#1024 = CARTESIAN_POINT('',(-6.496878858544,-59.73346286944));
#1025 = CARTESIAN_POINT('',(-6.504996092842,-57.32958884861));
#1026 = CARTESIAN_POINT('',(-6.512780207131,-54.92563686522));
#1027 = CARTESIAN_POINT('',(-6.526894387635,-50.39433950202));
#1028 = CARTESIAN_POINT('',(-6.533288723851,-48.26701675353));
#1029 = CARTESIAN_POINT('',(-6.53947723964,-46.13964931766));
#1030 = CARTESIAN_POINT('',(-6.545480176048,-44.01224314234));
#1031 = CARTESIAN_POINT('',(-6.551313916831,-41.88480295863));
#1032 = CARTESIAN_POINT('',(-6.55699224582,-39.75733255599));
#1033 = CARTESIAN_POINT('',(-6.56252704967,-37.62983493437));
#1034 = CARTESIAN_POINT('',(-6.574950560471,-32.73643319822));
#1035 = CARTESIAN_POINT('',(-6.58174724803,-29.97051246795));
#1036 = CARTESIAN_POINT('',(-6.588340892343,-27.20455555433));
#1037 = CARTESIAN_POINT('',(-6.59474946963,-24.43856681723));
#1038 = CARTESIAN_POINT('',(-6.600987855082,-21.6725498013));
#1039 = CARTESIAN_POINT('',(-6.607068737327,-18.90650740351));
#1040 = CARTESIAN_POINT('',(-6.613003160925,-16.14044197158));
#1041 = CARTESIAN_POINT('',(-6.622304617696,-11.702585036));
#1042 = CARTESIAN_POINT('',(-6.6257585408,-10.03080705584));
#1043 = CARTESIAN_POINT('',(-6.629164583881,-8.359021836018));
#1044 = CARTESIAN_POINT('',(-6.632524687818,-6.687229779298));
#1045 = CARTESIAN_POINT('',(-6.6358406361,-5.015431251169));
#1046 = CARTESIAN_POINT('',(-6.639114074195,-3.343626582982));
#1047 = CARTESIAN_POINT('',(-6.642346528932,-1.671816075093));
#1048 = CARTESIAN_POINT('',(-6.645539427878,0.));
#1049 = ( GEOMETRIC_REPRESENTATION_CONTEXT(2) 
PARAMETRIC_REPRESENTATION_CONTEXT() REPRESENTATION_CONTEXT('2D SPACE',''
  ) );
#1050 = ORIENTED_EDGE('',*,*,#1051,.F.);
#1051 = EDGE_CURVE('',#1052,#948,#1054,.T.);
#1052 = VERTEX_POINT('',#1053);
#1053 = CARTESIAN_POINT('',(281.03705100722,0.299549337361,-12.));
#1054 = SURFACE_CURVE('',#1055,(#1121,#1190),.PCURVE_S1.);
#1055 = B_SPLINE_CURVE_WITH_KNOTS('',8,(#1056,#1057,#1058,#1059,#1060,
    #1061,#1062,#1063,#1064,#1065,#1066,#1067,#1068,#1069,#1070,#1071,
    #1072,#1073,#1074,#1075,#1076,#1077,#1078,#1079,#1080,#1081,#1082,
    #1083,#1084,#1085,#1086,#1087,#1088,#1089,#1090,#1091,#1092,#1093,
    #1094,#1095,#1096,#1097,#1098,#1099,#1100,#1101,#1102,#1103,#1104,
    #1105,#1106,#1107,#1108,#1109,#1110,#1111,#1112,#1113,#1114,#1115,
    #1116,#1117,#1118,#1119,#1120),.UNSPECIFIED.,.F.,.F.,(9,7,7,7,7,7,7,
    7,7,9),(0.,5.682516462508E-03,1.317108099534E-02,2.459076609287E-02,
    5.06319413504E-02,0.103655170815,0.212276038735,0.438473745196,
    0.90617841721,1.),.UNSPECIFIED.);
#1056 = CARTESIAN_POINT('',(281.43937499999,2.293472078918E-10,-12.));
#1057 = CARTESIAN_POINT('',(281.43937499997,1.824667968461E-02,-12.));
#1058 = CARTESIAN_POINT('',(281.43596227781,3.578487643725E-02,-12.));
#1059 = CARTESIAN_POINT('',(281.42960075132,5.187604785645E-02,-12.));
#1060 = CARTESIAN_POINT('',(281.42150355396,6.642930668249E-02,-12.));
#1061 = CARTESIAN_POINT('',(281.41242599587,7.951756063894E-02,-12.));
#1062 = CARTESIAN_POINT('',(281.40288654525,9.134050034823E-02,-12.));
#1063 = CARTESIAN_POINT('',(281.39299091559,0.102232066419,-12.));
#1064 = CARTESIAN_POINT('',(281.36867932522,0.126302891385,-12.));
#1065 = CARTESIAN_POINT('',(281.35426160265,0.138752013305,-12.));
#1066 = CARTESIAN_POINT('',(281.33942693219,0.150226165367,-12.));
#1067 = CARTESIAN_POINT('',(281.3243117736,0.16093813727,-12.));
#1068 = CARTESIAN_POINT('',(281.30901089682,0.171051865034,-12.));
#1069 = CARTESIAN_POINT('',(281.29357738188,0.180682431007,-12.));
#1070 = CARTESIAN_POINT('',(281.27802261894,0.189896063863,-12.));
#1071 = CARTESIAN_POINT('',(281.23836497283,0.212151160238,-12.));
#1072 = CARTESIAN_POINT('',(281.2141696641,0.224713754362,-12.));
#1073 = CARTESIAN_POINT('',(281.18978788613,0.236553683922,-12.));
#1074 = CARTESIAN_POINT('',(281.16526537248,0.24779956711,-12.));
#1075 = CARTESIAN_POINT('',(281.14063608626,0.258552877356,-12.));
#1076 = CARTESIAN_POINT('',(281.11592222015,0.268887943332,-12.));
#1077 = CARTESIAN_POINT('',(281.09113419635,0.278851948949,-12.));
#1078 = CARTESIAN_POINT('',(281.00957247151,0.310386151818,-12.));
#1079 = CARTESIAN_POINT('',(280.95253830556,0.330535491713,-12.));
#1080 = CARTESIAN_POINT('',(280.89527736641,0.349403153752,-12.));
#1081 = CARTESIAN_POINT('',(280.83784874004,0.367224037356,-12.));
#1082 = CARTESIAN_POINT('',(280.78029295665,0.384165708118,-12.));
#1083 = CARTESIAN_POINT('',(280.72263745363,0.400364051987,-12.));
#1084 = CARTESIAN_POINT('',(280.66489389953,0.41590898505,-12.));
#1085 = CARTESIAN_POINT('',(280.48931882977,0.461370795971,-12.));
#1086 = CARTESIAN_POINT('',(280.37126900582,0.489476356058,-12.));
#1087 = CARTESIAN_POINT('',(280.25301169677,0.515841769976,-12.));
#1088 = CARTESIAN_POINT('',(280.13459977205,0.540784037013,-12.));
#1089 = CARTESIAN_POINT('',(280.01606955292,0.56452880506,-12.));
#1090 = CARTESIAN_POINT('',(279.89744574784,0.587257259431,-12.));
#1091 = CARTESIAN_POINT('',(279.77873952403,0.609090675981,-12.));
#1092 = CARTESIAN_POINT('',(279.41661663699,0.673253222271,-12.));
#1093 = CARTESIAN_POINT('',(279.17299026183,0.713058093217,-12.));
#1094 = CARTESIAN_POINT('',(278.92916551761,0.750439683381,-12.));
#1095 = CARTESIAN_POINT('',(278.68519117822,0.785820618169,-12.));
#1096 = CARTESIAN_POINT('',(278.44110390153,0.819543500485,-12.));
#1097 = CARTESIAN_POINT('',(278.19692480496,0.851830138885,-12.));
#1098 = CARTESIAN_POINT('',(277.95266640717,0.882867542503,-12.));
#1099 = CARTESIAN_POINT('',(277.19951638126,0.975129413753,-12.));
#1100 = CARTESIAN_POINT('',(276.69041168808,1.032659583991,-12.));
#1101 = CARTESIAN_POINT('',(276.18110856125,1.086685539524,-12.));
#1102 = CARTESIAN_POINT('',(275.67165588436,1.137821161806,-12.));
#1103 = CARTESIAN_POINT('',(275.16209043133,1.18656465259,-12.));
#1104 = CARTESIAN_POINT('',(274.65243329186,1.233236964185,-12.));
#1105 = CARTESIAN_POINT('',(274.14269696188,1.278108655103,-12.));
#1106 = CARTESIAN_POINT('',(272.57875451054,1.410869881737,-12.));
#1107 = CARTESIAN_POINT('',(271.52433975383,1.493536019442,-12.));
#1108 = CARTESIAN_POINT('',(270.46972920116,1.571218324822,-12.));
#1109 = CARTESIAN_POINT('',(269.41497090277,1.644790461573,-12.));
#1110 = CARTESIAN_POINT('',(268.36010096832,1.714959450975,-12.));
#1111 = CARTESIAN_POINT('',(267.30514020559,1.782182287598,-12.));
#1112 = CARTESIAN_POINT('',(266.2501009917,1.846843298282,-12.));
#1113 = CARTESIAN_POINT('',(264.98333027514,1.921751591829,-12.));
#1114 = CARTESIAN_POINT('',(264.7716714993,1.934176222935,-12.));
#1115 = CARTESIAN_POINT('',(264.56001009954,1.946511939801,-12.));
#1116 = CARTESIAN_POINT('',(264.34834616455,1.958761007339,-12.));
#1117 = CARTESIAN_POINT('',(264.13667977798,1.970925586096,-12.));
#1118 = CARTESIAN_POINT('',(263.92501101843,1.98300773225,-12.));
#1119 = CARTESIAN_POINT('',(263.71333995945,1.995009397615,-12.));
#1120 = CARTESIAN_POINT('',(263.50166666953,2.006932429637,-12.));
#1121 = PCURVE('',#575,#1122);
#1122 = DEFINITIONAL_REPRESENTATION('',(#1123),#1189);
#1123 = B_SPLINE_CURVE_WITH_KNOTS('',8,(#1124,#1125,#1126,#1127,#1128,
    #1129,#1130,#1131,#1132,#1133,#1134,#1135,#1136,#1137,#1138,#1139,
    #1140,#1141,#1142,#1143,#1144,#1145,#1146,#1147,#1148,#1149,#1150,
    #1151,#1152,#1153,#1154,#1155,#1156,#1157,#1158,#1159,#1160,#1161,
    #1162,#1163,#1164,#1165,#1166,#1167,#1168,#1169,#1170,#1171,#1172,
    #1173,#1174,#1175,#1176,#1177,#1178,#1179,#1180,#1181,#1182,#1183,
    #1184,#1185,#1186,#1187,#1188),.UNSPECIFIED.,.F.,.F.,(9,7,7,7,7,7,7,
    7,7,9),(0.,5.682516462508E-03,1.317108099534E-02,2.459076609287E-02,
    5.06319413504E-02,0.103655170815,0.212276038735,0.438473745196,
    0.90617841721,1.),.UNSPECIFIED.);
#1124 = CARTESIAN_POINT('',(161.43937499999,13.500000000229));
#1125 = CARTESIAN_POINT('',(161.43937499997,13.518246679685));
#1126 = CARTESIAN_POINT('',(161.43596227781,13.535784876437));
#1127 = CARTESIAN_POINT('',(161.42960075132,13.551876047856));
#1128 = CARTESIAN_POINT('',(161.42150355396,13.566429306682));
#1129 = CARTESIAN_POINT('',(161.41242599587,13.579517560639));
#1130 = CARTESIAN_POINT('',(161.40288654525,13.591340500348));
#1131 = CARTESIAN_POINT('',(161.39299091559,13.602232066419));
#1132 = CARTESIAN_POINT('',(161.36867932522,13.626302891385));
#1133 = CARTESIAN_POINT('',(161.35426160265,13.638752013305));
#1134 = CARTESIAN_POINT('',(161.33942693219,13.650226165367));
#1135 = CARTESIAN_POINT('',(161.3243117736,13.66093813727));
#1136 = CARTESIAN_POINT('',(161.30901089682,13.671051865034));
#1137 = CARTESIAN_POINT('',(161.29357738188,13.680682431007));
#1138 = CARTESIAN_POINT('',(161.27802261894,13.689896063863));
#1139 = CARTESIAN_POINT('',(161.23836497283,13.712151160238));
#1140 = CARTESIAN_POINT('',(161.2141696641,13.724713754362));
#1141 = CARTESIAN_POINT('',(161.18978788613,13.736553683922));
#1142 = CARTESIAN_POINT('',(161.16526537248,13.74779956711));
#1143 = CARTESIAN_POINT('',(161.14063608626,13.758552877356));
#1144 = CARTESIAN_POINT('',(161.11592222015,13.768887943332));
#1145 = CARTESIAN_POINT('',(161.09113419635,13.778851948949));
#1146 = CARTESIAN_POINT('',(161.00957247151,13.810386151818));
#1147 = CARTESIAN_POINT('',(160.95253830556,13.830535491713));
#1148 = CARTESIAN_POINT('',(160.89527736641,13.849403153752));
#1149 = CARTESIAN_POINT('',(160.83784874004,13.867224037356));
#1150 = CARTESIAN_POINT('',(160.78029295665,13.884165708118));
#1151 = CARTESIAN_POINT('',(160.72263745363,13.900364051987));
#1152 = CARTESIAN_POINT('',(160.66489389953,13.91590898505));
#1153 = CARTESIAN_POINT('',(160.48931882977,13.961370795971));
#1154 = CARTESIAN_POINT('',(160.37126900582,13.989476356058));
#1155 = CARTESIAN_POINT('',(160.25301169677,14.015841769976));
#1156 = CARTESIAN_POINT('',(160.13459977205,14.040784037013));
#1157 = CARTESIAN_POINT('',(160.01606955292,14.06452880506));
#1158 = CARTESIAN_POINT('',(159.89744574784,14.087257259431));
#1159 = CARTESIAN_POINT('',(159.77873952403,14.109090675981));
#1160 = CARTESIAN_POINT('',(159.41661663699,14.173253222271));
#1161 = CARTESIAN_POINT('',(159.17299026183,14.213058093217));
#1162 = CARTESIAN_POINT('',(158.92916551761,14.250439683381));
#1163 = CARTESIAN_POINT('',(158.68519117822,14.285820618169));
#1164 = CARTESIAN_POINT('',(158.44110390153,14.319543500485));
#1165 = CARTESIAN_POINT('',(158.19692480496,14.351830138885));
#1166 = CARTESIAN_POINT('',(157.95266640717,14.382867542503));
#1167 = CARTESIAN_POINT('',(157.19951638126,14.475129413753));
#1168 = CARTESIAN_POINT('',(156.69041168808,14.532659583991));
#1169 = CARTESIAN_POINT('',(156.18110856125,14.586685539524));
#1170 = CARTESIAN_POINT('',(155.67165588436,14.637821161806));
#1171 = CARTESIAN_POINT('',(155.16209043133,14.68656465259));
#1172 = CARTESIAN_POINT('',(154.65243329186,14.733236964185));
#1173 = CARTESIAN_POINT('',(154.14269696188,14.778108655103));
#1174 = CARTESIAN_POINT('',(152.57875451054,14.910869881737));
#1175 = CARTESIAN_POINT('',(151.52433975383,14.993536019442));
#1176 = CARTESIAN_POINT('',(150.46972920116,15.071218324822));
#1177 = CARTESIAN_POINT('',(149.41497090277,15.144790461573));
#1178 = CARTESIAN_POINT('',(148.36010096832,15.214959450975));
#1179 = CARTESIAN_POINT('',(147.30514020559,15.282182287598));
#1180 = CARTESIAN_POINT('',(146.2501009917,15.346843298282));
#1181 = CARTESIAN_POINT('',(144.98333027514,15.421751591829));
#1182 = CARTESIAN_POINT('',(144.7716714993,15.434176222935));
#1183 = CARTESIAN_POINT('',(144.56001009954,15.446511939801));
#1184 = CARTESIAN_POINT('',(144.34834616455,15.458761007339));
#1185 = CARTESIAN_POINT('',(144.13667977798,15.470925586096));
#1186 = CARTESIAN_POINT('',(143.92501101843,15.48300773225));
#1187 = CARTESIAN_POINT('',(143.71333995945,15.495009397615));
#1188 = CARTESIAN_POINT('',(143.50166666953,15.506932429637));
#1189 = ( GEOMETRIC_REPRESENTATION_CONTEXT(2) 
PARAMETRIC_REPRESENTATION_CONTEXT() REPRESENTATION_CONTEXT('2D SPACE',''
  ) );
#1190 = PCURVE('',#1191,#1196);
#1191 = CONICAL_SURFACE('',#1192,12.166666666667,9.291146209236E-03);
#1192 = AXIS2_PLACEMENT_3D('',#1193,#1194,#1195);
#1193 = CARTESIAN_POINT('',(263.50166666666,0.,-3.982971360135E-15));
#1194 = DIRECTION('',(-1.,-0.,-2.22044604925E-16));
#1195 = DIRECTION('',(2.22044604925E-16,0.,-1.));
#1196 = DEFINITIONAL_REPRESENTATION('',(#1197),#1263);
#1197 = B_SPLINE_CURVE_WITH_KNOTS('',8,(#1198,#1199,#1200,#1201,#1202,
    #1203,#1204,#1205,#1206,#1207,#1208,#1209,#1210,#1211,#1212,#1213,
    #1214,#1215,#1216,#1217,#1218,#1219,#1220,#1221,#1222,#1223,#1224,
    #1225,#1226,#1227,#1228,#1229,#1230,#1231,#1232,#1233,#1234,#1235,
    #1236,#1237,#1238,#1239,#1240,#1241,#1242,#1243,#1244,#1245,#1246,
    #1247,#1248,#1249,#1250,#1251,#1252,#1253,#1254,#1255,#1256,#1257,
    #1258,#1259,#1260,#1261,#1262),.UNSPECIFIED.,.F.,.F.,(9,7,7,7,7,7,7,
    7,7,9),(0.,5.682516462508E-03,1.317108099534E-02,2.459076609287E-02,
    5.06319413504E-02,0.103655170815,0.212276038735,0.438473745196,
    0.90617841721,1.),.UNSPECIFIED.);
#1198 = CARTESIAN_POINT('',(-6.28318530718,-17.93770833333));
#1199 = CARTESIAN_POINT('',(-6.284705863801,-17.93770833331));
#1200 = CARTESIAN_POINT('',(-6.286167380438,-17.93429561111));
#1201 = CARTESIAN_POINT('',(-6.287508299915,-17.92793408471));
#1202 = CARTESIAN_POINT('',(-6.288721044101,-17.91983688723));
#1203 = CARTESIAN_POINT('',(-6.289811688726,-17.91075932925));
#1204 = CARTESIAN_POINT('',(-6.290796880215,-17.90121987857));
#1205 = CARTESIAN_POINT('',(-6.29170444676,-17.89132424892));
#1206 = CARTESIAN_POINT('',(-6.293710172188,-17.86701265855));
#1207 = CARTESIAN_POINT('',(-6.294747480092,-17.85259493599));
#1208 = CARTESIAN_POINT('',(-6.295703523903,-17.83776026552));
#1209 = CARTESIAN_POINT('',(-6.296596037662,-17.82264510694));
#1210 = CARTESIAN_POINT('',(-6.297438683956,-17.80734423015));
#1211 = CARTESIAN_POINT('',(-6.298241053917,-17.79191071521));
#1212 = CARTESIAN_POINT('',(-6.299008667224,-17.77635595228));
#1213 = CARTESIAN_POINT('',(-6.300862750187,-17.73669830616));
#1214 = CARTESIAN_POINT('',(-6.301909299127,-17.71250299743));
#1215 = CARTESIAN_POINT('',(-6.302895601173,-17.68812121946));
#1216 = CARTESIAN_POINT('',(-6.303832376235,-17.66359870581));
#1217 = CARTESIAN_POINT('',(-6.304728081882,-17.6389694196));
#1218 = CARTESIAN_POINT('',(-6.305588913339,-17.61425555348));
#1219 = CARTESIAN_POINT('',(-6.306418803491,-17.58946752969));
#1220 = CARTESIAN_POINT('',(-6.309045136074,-17.50790580484));
#1221 = CARTESIAN_POINT('',(-6.3107230949,-17.45087163889));
#1222 = CARTESIAN_POINT('',(-6.312294158823,-17.39361069975));
#1223 = CARTESIAN_POINT('',(-6.313777909383,-17.33618207337));
#1224 = CARTESIAN_POINT('',(-6.315188315659,-17.27862628998));
#1225 = CARTESIAN_POINT('',(-6.316536705828,-17.22097078696));
#1226 = CARTESIAN_POINT('',(-6.317830576285,-17.16322723286));
#1227 = CARTESIAN_POINT('',(-6.321614182309,-16.9876521631));
#1228 = CARTESIAN_POINT('',(-6.32395276819,-16.86960233916));
#1229 = CARTESIAN_POINT('',(-6.326146094469,-16.75134503011));
#1230 = CARTESIAN_POINT('',(-6.328220595295,-16.63293310539));
#1231 = CARTESIAN_POINT('',(-6.330195088683,-16.51440288625));
#1232 = CARTESIAN_POINT('',(-6.332084685091,-16.39577908117));
#1233 = CARTESIAN_POINT('',(-6.33389950025,-16.27707285737));
#1234 = CARTESIAN_POINT('',(-6.339231675879,-15.91494997033));
#1235 = CARTESIAN_POINT('',(-6.342538086053,-15.67132359517));
#1236 = CARTESIAN_POINT('',(-6.345641845061,-15.42749885094));
#1237 = CARTESIAN_POINT('',(-6.34857822052,-15.18352451155));
#1238 = CARTESIAN_POINT('',(-6.351375802844,-14.93943723486));
#1239 = CARTESIAN_POINT('',(-6.354053108338,-14.69525813829));
#1240 = CARTESIAN_POINT('',(-6.3566257486,-14.4509997405));
#1241 = CARTESIAN_POINT('',(-6.364270007246,-13.6978497146));
#1242 = CARTESIAN_POINT('',(-6.369031971133,-13.18874502142));
#1243 = CARTESIAN_POINT('',(-6.373499795697,-12.67944189456));
#1244 = CARTESIAN_POINT('',(-6.377724783999,-12.16998921773));
#1245 = CARTESIAN_POINT('',(-6.38174857317,-11.66042376464));
#1246 = CARTESIAN_POINT('',(-6.385598006012,-11.1507666252));
#1247 = CARTESIAN_POINT('',(-6.389295712062,-10.64103029521));
#1248 = CARTESIAN_POINT('',(-6.400226605891,-9.077087843882));
#1249 = CARTESIAN_POINT('',(-6.407019259503,-8.022673087171));
#1250 = CARTESIAN_POINT('',(-6.413390370619,-6.968062534494));
#1251 = CARTESIAN_POINT('',(-6.419413177684,-5.913304236117));
#1252 = CARTESIAN_POINT('',(-6.42514695574,-4.858434301652));
#1253 = CARTESIAN_POINT('',(-6.430630075519,-3.803473538926));
#1254 = CARTESIAN_POINT('',(-6.43589481208,-2.748434325038));
#1255 = CARTESIAN_POINT('',(-6.441983053614,-1.481663608482));
#1256 = CARTESIAN_POINT('',(-6.44299250082,-1.270004833408));
#1257 = CARTESIAN_POINT('',(-6.443994351744,-1.05834343421));
#1258 = CARTESIAN_POINT('',(-6.44498879681,-0.846679499038));
#1259 = CARTESIAN_POINT('',(-6.445976017691,-0.635013111424));
#1260 = CARTESIAN_POINT('',(-6.446956187316,-0.423344350284));
#1261 = CARTESIAN_POINT('',(-6.447929469869,-0.211673289916));
#1262 = CARTESIAN_POINT('',(-6.448896020785,0.));
#1263 = ( GEOMETRIC_REPRESENTATION_CONTEXT(2) 
PARAMETRIC_REPRESENTATION_CONTEXT() REPRESENTATION_CONTEXT('2D SPACE',''
  ) );
#1264 = ORIENTED_EDGE('',*,*,#1265,.F.);
#1265 = EDGE_CURVE('',#1266,#1052,#1268,.T.);
#1266 = VERTEX_POINT('',#1267);
#1267 = CARTESIAN_POINT('',(281.03705103874,-0.299549668779,-12.));
#1268 = SURFACE_CURVE('',#1269,(#1274,#1281),.PCURVE_S1.);
#1269 = ELLIPSE('',#1270,9.588957375916,5.5);
#1270 = AXIS2_PLACEMENT_3D('',#1271,#1272,#1273);
#1271 = CARTESIAN_POINT('',(290.6117760809,0.,-12.));
#1272 = DIRECTION('',(0.,0.,1.));
#1273 = DIRECTION('',(1.,0.,-0.));
#1274 = PCURVE('',#575,#1275);
#1275 = DEFINITIONAL_REPRESENTATION('',(#1276),#1280);
#1276 = ELLIPSE('',#1277,9.588957375916,5.5);
#1277 = AXIS2_PLACEMENT_2D('',#1278,#1279);
#1278 = CARTESIAN_POINT('',(170.6117760809,13.5));
#1279 = DIRECTION('',(1.,0.));
#1280 = ( GEOMETRIC_REPRESENTATION_CONTEXT(2) 
PARAMETRIC_REPRESENTATION_CONTEXT() REPRESENTATION_CONTEXT('2D SPACE',''
  ) );
#1281 = PCURVE('',#1282,#1287);
#1282 = CYLINDRICAL_SURFACE('',#1283,5.5);
#1283 = AXIS2_PLACEMENT_3D('',#1284,#1285,#1286);
#1284 = CARTESIAN_POINT('',(273.474,0.,0.));
#1285 = DIRECTION('',(0.819152044289,0.,-0.573576436351));
#1286 = DIRECTION('',(-0.573576436351,0.,-0.819152044289));
#1287 = DEFINITIONAL_REPRESENTATION('',(#1288),#1319);
#1288 = B_SPLINE_CURVE_WITH_KNOTS('',8,(#1289,#1290,#1291,#1292,#1293,
    #1294,#1295,#1296,#1297,#1298,#1299,#1300,#1301,#1302,#1303,#1304,
    #1305,#1306,#1307,#1308,#1309,#1310,#1311,#1312,#1313,#1314,#1315,
    #1316,#1317,#1318),.UNSPECIFIED.,.F.,.F.,(9,7,7,7,9),(3.14159265359,
    4.712388980385,5.890486225481,7.657632093125,9.424777960769),
  .UNSPECIFIED.);
#1289 = CARTESIAN_POINT('',(6.28318530718,13.066547510372));
#1290 = CARTESIAN_POINT('',(6.08683576633,13.066547510372));
#1291 = CARTESIAN_POINT('',(5.890486225481,13.412636712066));
#1292 = CARTESIAN_POINT('',(5.694136684632,14.104812175421));
#1293 = CARTESIAN_POINT('',(5.497787143784,15.114621536399));
#1294 = CARTESIAN_POINT('',(5.301437602933,16.385102276712));
#1295 = CARTESIAN_POINT('',(5.105088062084,17.836782921977));
#1296 = CARTESIAN_POINT('',(4.908738521234,19.379072417815));
#1297 = CARTESIAN_POINT('',(4.565126824748,22.078078394682));
#1298 = CARTESIAN_POINT('',(4.417864669111,23.234794818581));
#1299 = CARTESIAN_POINT('',(4.270602513474,24.353289276084));
#1300 = CARTESIAN_POINT('',(4.123340357836,25.395329595258));
#1301 = CARTESIAN_POINT('',(3.976078202199,26.325355360257));
#1302 = CARTESIAN_POINT('',(3.828816046563,27.113093998062));
#1303 = CARTESIAN_POINT('',(3.681553890926,27.735607094623));
#1304 = CARTESIAN_POINT('',(3.313398501833,28.842248028053));
#1305 = CARTESIAN_POINT('',(3.092505268376,29.101555456382));
#1306 = CARTESIAN_POINT('',(2.871612034936,28.906822026649));
#1307 = CARTESIAN_POINT('',(2.650718801461,28.250782144256));
#1308 = CARTESIAN_POINT('',(2.429825568022,27.176075971613));
#1309 = CARTESIAN_POINT('',(2.208932334553,25.771779843522));
#1310 = CARTESIAN_POINT('',(1.9880391011,24.155496033359));
#1311 = CARTESIAN_POINT('',(1.546252634189,20.75202346129));
#1312 = CARTESIAN_POINT('',(1.325359400732,18.964832815635));
#1313 = CARTESIAN_POINT('',(1.104466167285,17.21872663495));
#1314 = CARTESIAN_POINT('',(0.883572933816,15.649082273347));
#1315 = CARTESIAN_POINT('',(0.662679700369,14.38059754295));
#1316 = CARTESIAN_POINT('',(0.441786466912,13.504567279189));
#1317 = CARTESIAN_POINT('',(0.220893233456,13.066547510372));
#1318 = CARTESIAN_POINT('',(8.881784197001E-15,13.066547510372));
#1319 = ( GEOMETRIC_REPRESENTATION_CONTEXT(2) 
PARAMETRIC_REPRESENTATION_CONTEXT() REPRESENTATION_CONTEXT('2D SPACE',''
  ) );
#1320 = ORIENTED_EDGE('',*,*,#1321,.F.);
#1321 = EDGE_CURVE('',#1322,#1266,#1324,.T.);
#1322 = VERTEX_POINT('',#1323);
#1323 = CARTESIAN_POINT('',(263.50166666666,-2.006932429799,-12.));
#1324 = SURFACE_CURVE('',#1325,(#1391,#1460),.PCURVE_S1.);
#1325 = B_SPLINE_CURVE_WITH_KNOTS('',8,(#1326,#1327,#1328,#1329,#1330,
    #1331,#1332,#1333,#1334,#1335,#1336,#1337,#1338,#1339,#1340,#1341,
    #1342,#1343,#1344,#1345,#1346,#1347,#1348,#1349,#1350,#1351,#1352,
    #1353,#1354,#1355,#1356,#1357,#1358,#1359,#1360,#1361,#1362,#1363,
    #1364,#1365,#1366,#1367,#1368,#1369,#1370,#1371,#1372,#1373,#1374,
    #1375,#1376,#1377,#1378,#1379,#1380,#1381,#1382,#1383,#1384,#1385,
    #1386,#1387,#1388,#1389,#1390),.UNSPECIFIED.,.F.,.F.,(9,7,7,7,7,7,7,
    7,7,9),(0.,0.512442821407,0.760290322226,0.878989107883,
    0.936269437648,0.957143051063,0.966881357444,0.978200450412,
    0.991873923398,1.),.UNSPECIFIED.);
#1326 = CARTESIAN_POINT('',(263.50166666666,-2.006932429799,-12.));
#1327 = CARTESIAN_POINT('',(264.66799804377,-1.941235872795,-12.));
#1328 = CARTESIAN_POINT('',(265.83425375535,-1.873152226858,-12.));
#1329 = CARTESIAN_POINT('',(267.00043082555,-1.802372486276,-12.));
#1330 = CARTESIAN_POINT('',(268.1665168423,-1.728491244037,-12.));
#1331 = CARTESIAN_POINT('',(269.33249092526,-1.651026741819,-12.));
#1332 = CARTESIAN_POINT('',(270.49831676126,-1.569232205405,-12.));
#1333 = CARTESIAN_POINT('',(271.6639460544,-1.482185760067,-12.));
#1334 = CARTESIAN_POINT('',(273.39291743836,-1.342367579544,-12.));
#1335 = CARTESIAN_POINT('',(273.95646905029,-1.295106005988,-12.));
#1336 = CARTESIAN_POINT('',(274.51994104186,-1.24594402992,-12.));
#1337 = CARTESIAN_POINT('',(275.08332084417,-1.194594922179,-12.));
#1338 = CARTESIAN_POINT('',(275.64658720082,-1.140719055161,-12.));
#1339 = CARTESIAN_POINT('',(276.20970287028,-1.083786984522,-12.));
#1340 = CARTESIAN_POINT('',(276.77261840221,-1.023147834416,-12.));
#1341 = CARTESIAN_POINT('',(277.60469195743,-0.925940139802,-12.));
#1342 = CARTESIAN_POINT('',(277.87406563096,-0.893294755066,-12.));
#1343 = CARTESIAN_POINT('',(278.1433595138,-0.85933138873,-12.));
#1344 = CARTESIAN_POINT('',(278.41256100481,-0.823851805556,-12.));
#1345 = CARTESIAN_POINT('',(278.68164879459,-0.786621274083,-12.));
#1346 = CARTESIAN_POINT('',(278.95058567598,-0.747275346918,-12.));
#1347 = CARTESIAN_POINT('',(279.21932220938,-0.70536565762,-12.));
#1348 = CARTESIAN_POINT('',(279.61730911081,-0.638024481715,-12.));
#1349 = CARTESIAN_POINT('',(279.74677387514,-0.615289619839,-12.));
#1350 = CARTESIAN_POINT('',(279.87615709934,-0.591627308472,-12.));
#1351 = CARTESIAN_POINT('',(280.00544767997,-0.566912181718,-12.));
#1352 = CARTESIAN_POINT('',(280.13462135563,-0.540957726089,-12.));
#1353 = CARTESIAN_POINT('',(280.26364250467,-0.513531363423,-12.));
#1354 = CARTESIAN_POINT('',(280.39245932028,-0.484306436807,-12.));
#1355 = CARTESIAN_POINT('',(280.56781216419,-0.441080370756,-12.));
#1356 = CARTESIAN_POINT('',(280.61460428677,-0.429209472166,-12.));
#1357 = CARTESIAN_POINT('',(280.66135088923,-0.41698100911,-12.));
#1358 = CARTESIAN_POINT('',(280.70804567009,-0.40435570021,-12.));
#1359 = CARTESIAN_POINT('',(280.75467999229,-0.391287326426,-12.));
#1360 = CARTESIAN_POINT('',(280.80124234247,-0.377718863209,-12.));
#1361 = CARTESIAN_POINT('',(280.84771710925,-0.363574027528,-12.));
#1362 = CARTESIAN_POINT('',(280.91571392035,-0.341825599808,-12.));
#1363 = CARTESIAN_POINT('',(280.93732078397,-0.334757165903,-12.));
#1364 = CARTESIAN_POINT('',(280.95890140906,-0.327529316881,-12.));
#1365 = CARTESIAN_POINT('',(280.98045306051,-0.320129537431,-12.));
#1366 = CARTESIAN_POINT('',(281.00197213044,-0.312542418128,-12.));
#1367 = CARTESIAN_POINT('',(281.02345413818,-0.304749655431,-12.));
#1368 = CARTESIAN_POINT('',(281.04489373028,-0.296730051691,-12.));
#1369 = CARTESIAN_POINT('',(281.09114795186,-0.278846450152,-12.));
#1370 = CARTESIAN_POINT('',(281.11593571226,-0.268882351409,-12.));
#1371 = CARTESIAN_POINT('',(281.14064931117,-0.258547180129,-12.));
#1372 = CARTESIAN_POINT('',(281.16527832589,-0.247793749852,-12.));
#1373 = CARTESIAN_POINT('',(281.18980056166,-0.236547726435,-12.));
#1374 = CARTESIAN_POINT('',(281.21418205153,-0.224707628051,-12.));
#1375 = CARTESIAN_POINT('',(281.23837705648,-0.212144825196,-12.));
#1376 = CARTESIAN_POINT('',(281.29126090239,-0.18246645868,-12.));
#1377 = CARTESIAN_POINT('',(281.31681236479,-0.166492980882,-12.));
#1378 = CARTESIAN_POINT('',(281.33997859656,-0.150687349875,-12.));
#1379 = CARTESIAN_POINT('',(281.36101586815,-0.134643686293,-12.));
#1380 = CARTESIAN_POINT('',(281.37966705132,-0.118063988934,-12.));
#1381 = CARTESIAN_POINT('',(281.39538809401,-0.101176134863,-12.));
#1382 = CARTESIAN_POINT('',(281.4075744952,-8.515187952685E-02,-12.));
#1383 = CARTESIAN_POINT('',(281.42066889373,-6.502068045074E-02,-12.));
#1384 = CARTESIAN_POINT('',(281.42524621627,-5.709702853895E-02,-12.));
#1385 = CARTESIAN_POINT('',(281.42944881254,-4.868542415336E-02,-12.));
#1386 = CARTESIAN_POINT('',(281.43315142985,-3.975297286848E-02,-12.));
#1387 = CARTESIAN_POINT('',(281.43617137187,-3.030969314698E-02,-12.));
#1388 = CARTESIAN_POINT('',(281.43830087684,-2.042253602544E-02,-12.));
#1389 = CARTESIAN_POINT('',(281.43937499999,-1.023609414463E-02,-12.));
#1390 = CARTESIAN_POINT('',(281.43937499999,-1.24488863662E-10,-12.));
#1391 = PCURVE('',#575,#1392);
#1392 = DEFINITIONAL_REPRESENTATION('',(#1393),#1459);
#1393 = B_SPLINE_CURVE_WITH_KNOTS('',8,(#1394,#1395,#1396,#1397,#1398,
    #1399,#1400,#1401,#1402,#1403,#1404,#1405,#1406,#1407,#1408,#1409,
    #1410,#1411,#1412,#1413,#1414,#1415,#1416,#1417,#1418,#1419,#1420,
    #1421,#1422,#1423,#1424,#1425,#1426,#1427,#1428,#1429,#1430,#1431,
    #1432,#1433,#1434,#1435,#1436,#1437,#1438,#1439,#1440,#1441,#1442,
    #1443,#1444,#1445,#1446,#1447,#1448,#1449,#1450,#1451,#1452,#1453,
    #1454,#1455,#1456,#1457,#1458),.UNSPECIFIED.,.F.,.F.,(9,7,7,7,7,7,7,
    7,7,9),(0.,0.512442821407,0.760290322226,0.878989107883,
    0.936269437648,0.957143051063,0.966881357444,0.978200450412,
    0.991873923398,1.),.UNSPECIFIED.);
#1394 = CARTESIAN_POINT('',(143.50166666666,11.493067570201));
#1395 = CARTESIAN_POINT('',(144.66799804377,11.558764127205));
#1396 = CARTESIAN_POINT('',(145.83425375535,11.626847773142));
#1397 = CARTESIAN_POINT('',(147.00043082555,11.697627513724));
#1398 = CARTESIAN_POINT('',(148.1665168423,11.771508755963));
#1399 = CARTESIAN_POINT('',(149.33249092526,11.848973258181));
#1400 = CARTESIAN_POINT('',(150.49831676126,11.930767794595));
#1401 = CARTESIAN_POINT('',(151.6639460544,12.017814239933));
#1402 = CARTESIAN_POINT('',(153.39291743836,12.157632420456));
#1403 = CARTESIAN_POINT('',(153.95646905029,12.204893994012));
#1404 = CARTESIAN_POINT('',(154.51994104186,12.25405597008));
#1405 = CARTESIAN_POINT('',(155.08332084417,12.305405077821));
#1406 = CARTESIAN_POINT('',(155.64658720082,12.359280944839));
#1407 = CARTESIAN_POINT('',(156.20970287028,12.416213015478));
#1408 = CARTESIAN_POINT('',(156.77261840221,12.476852165584));
#1409 = CARTESIAN_POINT('',(157.60469195743,12.574059860198));
#1410 = CARTESIAN_POINT('',(157.87406563096,12.606705244934));
#1411 = CARTESIAN_POINT('',(158.1433595138,12.64066861127));
#1412 = CARTESIAN_POINT('',(158.41256100481,12.676148194444));
#1413 = CARTESIAN_POINT('',(158.68164879459,12.713378725917));
#1414 = CARTESIAN_POINT('',(158.95058567598,12.752724653082));
#1415 = CARTESIAN_POINT('',(159.21932220938,12.79463434238));
#1416 = CARTESIAN_POINT('',(159.61730911081,12.861975518285));
#1417 = CARTESIAN_POINT('',(159.74677387514,12.884710380161));
#1418 = CARTESIAN_POINT('',(159.87615709934,12.908372691528));
#1419 = CARTESIAN_POINT('',(160.00544767997,12.933087818282));
#1420 = CARTESIAN_POINT('',(160.13462135563,12.959042273911));
#1421 = CARTESIAN_POINT('',(160.26364250467,12.986468636577));
#1422 = CARTESIAN_POINT('',(160.39245932028,13.015693563193));
#1423 = CARTESIAN_POINT('',(160.56781216419,13.058919629244));
#1424 = CARTESIAN_POINT('',(160.61460428677,13.070790527834));
#1425 = CARTESIAN_POINT('',(160.66135088923,13.08301899089));
#1426 = CARTESIAN_POINT('',(160.70804567009,13.09564429979));
#1427 = CARTESIAN_POINT('',(160.75467999229,13.108712673574));
#1428 = CARTESIAN_POINT('',(160.80124234247,13.122281136791));
#1429 = CARTESIAN_POINT('',(160.84771710925,13.136425972472));
#1430 = CARTESIAN_POINT('',(160.91571392035,13.158174400192));
#1431 = CARTESIAN_POINT('',(160.93732078397,13.165242834097));
#1432 = CARTESIAN_POINT('',(160.95890140906,13.172470683119));
#1433 = CARTESIAN_POINT('',(160.98045306051,13.179870462569));
#1434 = CARTESIAN_POINT('',(161.00197213044,13.187457581872));
#1435 = CARTESIAN_POINT('',(161.02345413818,13.195250344569));
#1436 = CARTESIAN_POINT('',(161.04489373028,13.203269948309));
#1437 = CARTESIAN_POINT('',(161.09114795186,13.221153549848));
#1438 = CARTESIAN_POINT('',(161.11593571226,13.231117648591));
#1439 = CARTESIAN_POINT('',(161.14064931117,13.241452819871));
#1440 = CARTESIAN_POINT('',(161.16527832589,13.252206250148));
#1441 = CARTESIAN_POINT('',(161.18980056166,13.263452273565));
#1442 = CARTESIAN_POINT('',(161.21418205153,13.275292371949));
#1443 = CARTESIAN_POINT('',(161.23837705648,13.287855174804));
#1444 = CARTESIAN_POINT('',(161.29126090239,13.31753354132));
#1445 = CARTESIAN_POINT('',(161.31681236479,13.333507019118));
#1446 = CARTESIAN_POINT('',(161.33997859656,13.349312650125));
#1447 = CARTESIAN_POINT('',(161.36101586815,13.365356313707));
#1448 = CARTESIAN_POINT('',(161.37966705132,13.381936011066));
#1449 = CARTESIAN_POINT('',(161.39538809401,13.398823865137));
#1450 = CARTESIAN_POINT('',(161.4075744952,13.414848120473));
#1451 = CARTESIAN_POINT('',(161.42066889373,13.434979319549));
#1452 = CARTESIAN_POINT('',(161.42524621627,13.442902971461));
#1453 = CARTESIAN_POINT('',(161.42944881254,13.451314575847));
#1454 = CARTESIAN_POINT('',(161.43315142985,13.460247027132));
#1455 = CARTESIAN_POINT('',(161.43617137187,13.469690306853));
#1456 = CARTESIAN_POINT('',(161.43830087684,13.479577463975));
#1457 = CARTESIAN_POINT('',(161.43937499999,13.489763905855));
#1458 = CARTESIAN_POINT('',(161.43937499999,13.499999999876));
#1459 = ( GEOMETRIC_REPRESENTATION_CONTEXT(2) 
PARAMETRIC_REPRESENTATION_CONTEXT() REPRESENTATION_CONTEXT('2D SPACE',''
  ) );
#1460 = PCURVE('',#1191,#1461);
#1461 = DEFINITIONAL_REPRESENTATION('',(#1462),#1528);
#1462 = B_SPLINE_CURVE_WITH_KNOTS('',8,(#1463,#1464,#1465,#1466,#1467,
    #1468,#1469,#1470,#1471,#1472,#1473,#1474,#1475,#1476,#1477,#1478,
    #1479,#1480,#1481,#1482,#1483,#1484,#1485,#1486,#1487,#1488,#1489,
    #1490,#1491,#1492,#1493,#1494,#1495,#1496,#1497,#1498,#1499,#1500,
    #1501,#1502,#1503,#1504,#1505,#1506,#1507,#1508,#1509,#1510,#1511,
    #1512,#1513,#1514,#1515,#1516,#1517,#1518,#1519,#1520,#1521,#1522,
    #1523,#1524,#1525,#1526,#1527),.UNSPECIFIED.,.F.,.F.,(9,7,7,7,7,7,7,
    7,7,9),(0.,0.512442821407,0.760290322226,0.878989107883,
    0.936269437648,0.957143051063,0.966881357444,0.978200450412,
    0.991873923398,1.),.UNSPECIFIED.);
#1463 = CARTESIAN_POINT('',(-6.117474593574,0.));
#1464 = CARTESIAN_POINT('',(-6.122800341862,-1.166331377105));
#1465 = CARTESIAN_POINT('',(-6.128330445254,-2.332587088702));
#1466 = CARTESIAN_POINT('',(-6.134090902517,-3.498764158875));
#1467 = CARTESIAN_POINT('',(-6.140115786765,-4.664850175657));
#1468 = CARTESIAN_POINT('',(-6.146445580312,-5.830824258592));
#1469 = CARTESIAN_POINT('',(-6.153142930413,-6.996650094601));
#1470 = CARTESIAN_POINT('',(-6.160285165264,-8.162279387741));
#1471 = CARTESIAN_POINT('',(-6.171782866862,-9.891250771699));
#1472 = CARTESIAN_POINT('',(-6.175673053452,-10.45480238362));
#1473 = CARTESIAN_POINT('',(-6.179723553487,-11.01827437519));
#1474 = CARTESIAN_POINT('',(-6.183958358036,-11.5816541775));
#1475 = CARTESIAN_POINT('',(-6.188405882422,-12.14492053416));
#1476 = CARTESIAN_POINT('',(-6.193110387657,-12.70803620361));
#1477 = CARTESIAN_POINT('',(-6.198126284388,-13.27095173555));
#1478 = CARTESIAN_POINT('',(-6.206175686076,-14.10302529076));
#1479 = CARTESIAN_POINT('',(-6.208880166183,-14.37239896429));
#1480 = CARTESIAN_POINT('',(-6.211695129406,-14.64169284714));
#1481 = CARTESIAN_POINT('',(-6.214637127346,-14.91089433813));
#1482 = CARTESIAN_POINT('',(-6.217725758468,-15.17998212794));
#1483 = CARTESIAN_POINT('',(-6.220991440146,-15.44891900931));
#1484 = CARTESIAN_POINT('',(-6.224471593101,-15.71765554271));
#1485 = CARTESIAN_POINT('',(-6.230066436247,-16.11564244414));
#1486 = CARTESIAN_POINT('',(-6.231955711952,-16.24510720847));
#1487 = CARTESIAN_POINT('',(-6.233922495899,-16.37449043268));
#1488 = CARTESIAN_POINT('',(-6.235977245874,-16.50378101331));
#1489 = CARTESIAN_POINT('',(-6.238135517812,-16.63295468896));
#1490 = CARTESIAN_POINT('',(-6.240416708986,-16.761975838));
#1491 = CARTESIAN_POINT('',(-6.24284806051,-16.89079265361));
#1492 = CARTESIAN_POINT('',(-6.24644511513,-17.06614549753));
#1493 = CARTESIAN_POINT('',(-6.24743303087,-17.11293762011));
#1494 = CARTESIAN_POINT('',(-6.248450785996,-17.15968422257));
#1495 = CARTESIAN_POINT('',(-6.249501655512,-17.20637900342));
#1496 = CARTESIAN_POINT('',(-6.250589492787,-17.25301332562));
#1497 = CARTESIAN_POINT('',(-6.251719051914,-17.29957567581));
#1498 = CARTESIAN_POINT('',(-6.252896692236,-17.34605044258));
#1499 = CARTESIAN_POINT('',(-6.254707531776,-17.41404725368));
#1500 = CARTESIAN_POINT('',(-6.255296092961,-17.43565411731));
#1501 = CARTESIAN_POINT('',(-6.255897950598,-17.45723474239));
#1502 = CARTESIAN_POINT('',(-6.256514147958,-17.47878639384));
#1503 = CARTESIAN_POINT('',(-6.257145969532,-17.50030546377));
#1504 = CARTESIAN_POINT('',(-6.25779494103,-17.52178747152));
#1505 = CARTESIAN_POINT('',(-6.258462829383,-17.54322706362));
#1506 = CARTESIAN_POINT('',(-6.259952268854,-17.58948128519));
#1507 = CARTESIAN_POINT('',(-6.26078216678,-17.6142690456));
#1508 = CARTESIAN_POINT('',(-6.261643007026,-17.6389826445));
#1509 = CARTESIAN_POINT('',(-6.262538722689,-17.66361165923));
#1510 = CARTESIAN_POINT('',(-6.263475509451,-17.68813389499));
#1511 = CARTESIAN_POINT('',(-6.264461825579,-17.71251538487));
#1512 = CARTESIAN_POINT('',(-6.265508391927,-17.73671038981));
#1513 = CARTESIAN_POINT('',(-6.267980911201,-17.78959423572));
#1514 = CARTESIAN_POINT('',(-6.269311740444,-17.81514569813));
#1515 = CARTESIAN_POINT('',(-6.27062863935,-17.83831192989));
#1516 = CARTESIAN_POINT('',(-6.271965421986,-17.85934920148));
#1517 = CARTESIAN_POINT('',(-6.273346918735,-17.87800038465));
#1518 = CARTESIAN_POINT('',(-6.274754138219,-17.89372142734));
#1519 = CARTESIAN_POINT('',(-6.276089429237,-17.90590782853));
#1520 = CARTESIAN_POINT('',(-6.277766967885,-17.91900222707));
#1521 = CARTESIAN_POINT('',(-6.278427253504,-17.9235795496));
#1522 = CARTESIAN_POINT('',(-6.279128206017,-17.92778214587));
#1523 = CARTESIAN_POINT('',(-6.279872566946,-17.93148476318));
#1524 = CARTESIAN_POINT('',(-6.280659501342,-17.9345047052));
#1525 = CARTESIAN_POINT('',(-6.281483429133,-17.93663421017));
#1526 = CARTESIAN_POINT('',(-6.282332299345,-17.93770833332));
#1527 = CARTESIAN_POINT('',(-6.28318530718,-17.93770833333));
#1528 = ( GEOMETRIC_REPRESENTATION_CONTEXT(2) 
PARAMETRIC_REPRESENTATION_CONTEXT() REPRESENTATION_CONTEXT('2D SPACE',''
  ) );
#1529 = ORIENTED_EDGE('',*,*,#1530,.F.);
#1530 = EDGE_CURVE('',#561,#1322,#1531,.T.);
#1531 = SURFACE_CURVE('',#1532,(#1563,#1597),.PCURVE_S1.);
#1532 = B_SPLINE_CURVE_WITH_KNOTS('',8,(#1533,#1534,#1535,#1536,#1537,
    #1538,#1539,#1540,#1541,#1542,#1543,#1544,#1545,#1546,#1547,#1548,
    #1549,#1550,#1551,#1552,#1553,#1554,#1555,#1556,#1557,#1558,#1559,
    #1560,#1561,#1562),.UNSPECIFIED.,.F.,.F.,(9,7,7,7,9),(0.,
    0.355153652138,0.639538827366,0.954381777652,1.),.UNSPECIFIED.);
#1533 = CARTESIAN_POINT('',(191.75083333333,-4.549114687985,-12.));
#1534 = CARTESIAN_POINT('',(194.93665998356,-4.465608911016,-12.));
#1535 = CARTESIAN_POINT('',(198.12246628018,-4.380571840361,-12.));
#1536 = CARTESIAN_POINT('',(201.30825049524,-4.293891522449,-12.));
#1537 = CARTESIAN_POINT('',(204.49401042546,-4.205438822876,-12.));
#1538 = CARTESIAN_POINT('',(207.67974336453,-4.115065390752,-12.));
#1539 = CARTESIAN_POINT('',(210.86544601473,-4.022597450402,-12.));
#1540 = CARTESIAN_POINT('',(214.05111433814,-3.927825420416,-12.));
#1541 = CARTESIAN_POINT('',(219.78759889515,-3.752548636595,-12.));
#1542 = CARTESIAN_POINT('',(222.33842886099,-3.672963635604,-12.));
#1543 = CARTESIAN_POINT('',(224.88923093114,-3.591601518676,-12.));
#1544 = CARTESIAN_POINT('',(227.44000198971,-3.508305810631,-12.));
#1545 = CARTESIAN_POINT('',(229.99073809024,-3.422894520384,-12.));
#1546 = CARTESIAN_POINT('',(232.54143429245,-3.33515044693,-12.));
#1547 = CARTESIAN_POINT('',(235.09208436396,-3.244803670407,-12.));
#1548 = CARTESIAN_POINT('',(240.46644626145,-3.04821658979,-12.));
#1549 = CARTESIAN_POINT('',(243.29013811141,-2.94130975745,-12.));
#1550 = CARTESIAN_POINT('',(246.11375264032,-2.830316532917,-12.));
#1551 = CARTESIAN_POINT('',(248.93727763024,-2.714622889585,-12.));
#1552 = CARTESIAN_POINT('',(251.76069273287,-2.593496602503,-12.));
#1553 = CARTESIAN_POINT('',(254.58396294467,-2.465811842679,-12.));
#1554 = CARTESIAN_POINT('',(257.40704163393,-2.330171300995,-12.));
#1555 = CARTESIAN_POINT('',(260.63884394817,-2.162447702784,-12.));
#1556 = CARTESIAN_POINT('',(261.04783925531,-2.140993485677,-12.));
#1557 = CARTESIAN_POINT('',(261.45682830316,-2.119302468705,-12.));
#1558 = CARTESIAN_POINT('',(261.86581075881,-2.097365138407,-12.));
#1559 = CARTESIAN_POINT('',(262.27478625264,-2.075171204586,-12.));
#1560 = CARTESIAN_POINT('',(262.68375437584,-2.052709467024,-12.));
#1561 = CARTESIAN_POINT('',(263.09271467783,-2.029967682191,-12.));
#1562 = CARTESIAN_POINT('',(263.50166666379,-2.00693242996,-12.));
#1563 = PCURVE('',#575,#1564);
#1564 = DEFINITIONAL_REPRESENTATION('',(#1565),#1596);
#1565 = B_SPLINE_CURVE_WITH_KNOTS('',8,(#1566,#1567,#1568,#1569,#1570,
    #1571,#1572,#1573,#1574,#1575,#1576,#1577,#1578,#1579,#1580,#1581,
    #1582,#1583,#1584,#1585,#1586,#1587,#1588,#1589,#1590,#1591,#1592,
    #1593,#1594,#1595),.UNSPECIFIED.,.F.,.F.,(9,7,7,7,9),(0.,
    0.355153652138,0.639538827366,0.954381777652,1.),.UNSPECIFIED.);
#1566 = CARTESIAN_POINT('',(71.750833333335,8.950885312015));
#1567 = CARTESIAN_POINT('',(74.936659983563,9.034391088984));
#1568 = CARTESIAN_POINT('',(78.122466280184,9.119428159639));
#1569 = CARTESIAN_POINT('',(81.308250495242,9.206108477551));
#1570 = CARTESIAN_POINT('',(84.494010425468,9.294561177124));
#1571 = CARTESIAN_POINT('',(87.67974336453,9.384934609248));
#1572 = CARTESIAN_POINT('',(90.865446014732,9.477402549598));
#1573 = CARTESIAN_POINT('',(94.051114338142,9.572174579584));
#1574 = CARTESIAN_POINT('',(99.787598895151,9.747451363405));
#1575 = CARTESIAN_POINT('',(102.33842886099,9.827036364396));
#1576 = CARTESIAN_POINT('',(104.88923093114,9.908398481324));
#1577 = CARTESIAN_POINT('',(107.44000198971,9.991694189369));
#1578 = CARTESIAN_POINT('',(109.99073809024,10.077105479616));
#1579 = CARTESIAN_POINT('',(112.54143429245,10.16484955307));
#1580 = CARTESIAN_POINT('',(115.09208436396,10.255196329593));
#1581 = CARTESIAN_POINT('',(120.46644626145,10.45178341021));
#1582 = CARTESIAN_POINT('',(123.29013811141,10.55869024255));
#1583 = CARTESIAN_POINT('',(126.11375264032,10.669683467083));
#1584 = CARTESIAN_POINT('',(128.93727763024,10.785377110415));
#1585 = CARTESIAN_POINT('',(131.76069273287,10.906503397497));
#1586 = CARTESIAN_POINT('',(134.58396294467,11.034188157321));
#1587 = CARTESIAN_POINT('',(137.40704163393,11.169828699005));
#1588 = CARTESIAN_POINT('',(140.63884394817,11.337552297216));
#1589 = CARTESIAN_POINT('',(141.04783925531,11.359006514323));
#1590 = CARTESIAN_POINT('',(141.45682830316,11.380697531295));
#1591 = CARTESIAN_POINT('',(141.86581075881,11.402634861593));
#1592 = CARTESIAN_POINT('',(142.27478625264,11.424828795414));
#1593 = CARTESIAN_POINT('',(142.68375437584,11.447290532976));
#1594 = CARTESIAN_POINT('',(143.09271467783,11.470032317809));
#1595 = CARTESIAN_POINT('',(143.50166666379,11.49306757004));
#1596 = ( GEOMETRIC_REPRESENTATION_CONTEXT(2) 
PARAMETRIC_REPRESENTATION_CONTEXT() REPRESENTATION_CONTEXT('2D SPACE',''
  ) );
#1597 = PCURVE('',#603,#1598);
#1598 = DEFINITIONAL_REPRESENTATION('',(#1599),#1630);
#1599 = B_SPLINE_CURVE_WITH_KNOTS('',8,(#1600,#1601,#1602,#1603,#1604,
    #1605,#1606,#1607,#1608,#1609,#1610,#1611,#1612,#1613,#1614,#1615,
    #1616,#1617,#1618,#1619,#1620,#1621,#1622,#1623,#1624,#1625,#1626,
    #1627,#1628,#1629),.UNSPECIFIED.,.F.,.F.,(9,7,7,7,9),(0.,
    0.355153652138,0.639538827366,0.954381777652,1.),.UNSPECIFIED.);
#1600 = CARTESIAN_POINT('',(-5.920831186481,0.));
#1601 = CARTESIAN_POINT('',(-5.926915601332,-3.185826650228));
#1602 = CARTESIAN_POINT('',(-5.933143668591,-6.371632946852));
#1603 = CARTESIAN_POINT('',(-5.939525208647,-9.55741716191));
#1604 = CARTESIAN_POINT('',(-5.946071514732,-12.74317709213));
#1605 = CARTESIAN_POINT('',(-5.952795527606,-15.92891003119));
#1606 = CARTESIAN_POINT('',(-5.959712362618,-19.1146126814));
#1607 = CARTESIAN_POINT('',(-5.966840189143,-22.3002810048));
#1608 = CARTESIAN_POINT('',(-5.980095916721,-28.03676556181));
#1609 = CARTESIAN_POINT('',(-5.986140075458,-30.58759552766));
#1610 = CARTESIAN_POINT('',(-5.992345415457,-33.13839759781));
#1611 = CARTESIAN_POINT('',(-5.998725422146,-35.68916865638));
#1612 = CARTESIAN_POINT('',(-6.005295750673,-38.23990475691));
#1613 = CARTESIAN_POINT('',(-6.012075044344,-40.79060095911));
#1614 = CARTESIAN_POINT('',(-6.01908641036,-43.34125103063));
#1615 = CARTESIAN_POINT('',(-6.034411652009,-48.71561292811));
#1616 = CARTESIAN_POINT('',(-6.042784658932,-51.53930477805));
#1617 = CARTESIAN_POINT('',(-6.051518631167,-54.36291930707));
#1618 = CARTESIAN_POINT('',(-6.060665846307,-57.18644429679));
#1619 = CARTESIAN_POINT('',(-6.070288605492,-60.00985939961));
#1620 = CARTESIAN_POINT('',(-6.080482306347,-62.83312961132));
#1621 = CARTESIAN_POINT('',(-6.091365303395,-65.6562083006));
#1622 = CARTESIAN_POINT('',(-6.104894270194,-68.88801061484));
#1623 = CARTESIAN_POINT('',(-6.106626035433,-69.29700592346));
#1624 = CARTESIAN_POINT('',(-6.108378152893,-69.70599497075));
#1625 = CARTESIAN_POINT('',(-6.110151424162,-70.11497742432));
#1626 = CARTESIAN_POINT('',(-6.111946715983,-70.52395291695));
#1627 = CARTESIAN_POINT('',(-6.1137649714,-70.93292104173));
#1628 = CARTESIAN_POINT('',(-6.115607220903,-71.34188134737));
#1629 = CARTESIAN_POINT('',(-6.117474593574,-71.75083333333));
#1630 = ( GEOMETRIC_REPRESENTATION_CONTEXT(2) 
PARAMETRIC_REPRESENTATION_CONTEXT() REPRESENTATION_CONTEXT('2D SPACE',''
  ) );
#1631 = FACE_BOUND('',#1632,.F.);
#1632 = EDGE_LOOP('',(#1633));
#1633 = ORIENTED_EDGE('',*,*,#1634,.F.);
#1634 = EDGE_CURVE('',#1635,#1635,#1637,.T.);
#1635 = VERTEX_POINT('',#1636);
#1636 = CARTESIAN_POINT('',(301.59216609167,-1.285879139105E-15,-12.));
#1637 = SURFACE_CURVE('',#1638,(#1643,#1650),.PCURVE_S1.);
#1638 = ELLIPSE('',#1639,5.399338175856,5.25);
#1639 = AXIS2_PLACEMENT_3D('',#1640,#1641,#1642);
#1640 = CARTESIAN_POINT('',(306.99150426753,0.,-12.));
#1641 = DIRECTION('',(0.,0.,1.));
#1642 = DIRECTION('',(-1.,0.,0.));
#1643 = PCURVE('',#575,#1644);
#1644 = DEFINITIONAL_REPRESENTATION('',(#1645),#1649);
#1645 = ELLIPSE('',#1646,5.399338175856,5.25);
#1646 = AXIS2_PLACEMENT_2D('',#1647,#1648);
#1647 = CARTESIAN_POINT('',(186.99150426753,13.5));
#1648 = DIRECTION('',(-1.,0.));
#1649 = ( GEOMETRIC_REPRESENTATION_CONTEXT(2) 
PARAMETRIC_REPRESENTATION_CONTEXT() REPRESENTATION_CONTEXT('2D SPACE',''
  ) );
#1650 = PCURVE('',#1651,#1656);
#1651 = CYLINDRICAL_SURFACE('',#1652,5.25);
#1652 = AXIS2_PLACEMENT_3D('',#1653,#1654,#1655);
#1653 = CARTESIAN_POINT('',(309.874,0.,0.));
#1654 = DIRECTION('',(-0.23356415951,0.,-0.972341392409));
#1655 = DIRECTION('',(-0.972341392409,0.,0.23356415951));
#1656 = DEFINITIONAL_REPRESENTATION('',(#1657),#1688);
#1657 = B_SPLINE_CURVE_WITH_KNOTS('',8,(#1658,#1659,#1660,#1661,#1662,
    #1663,#1664,#1665,#1666,#1667,#1668,#1669,#1670,#1671,#1672,#1673,
    #1674,#1675,#1676,#1677,#1678,#1679,#1680,#1681,#1682,#1683,#1684,
    #1685,#1686,#1687),.UNSPECIFIED.,.F.,.F.,(9,7,7,7,9),(0.,
    1.570796326795,3.926990816987,5.105088062083,6.28318530718),
  .UNSPECIFIED.);
#1658 = CARTESIAN_POINT('',(6.28318530718,13.60243628491));
#1659 = CARTESIAN_POINT('',(6.08683576633,13.60243628491));
#1660 = CARTESIAN_POINT('',(5.890486225481,13.546870679287));
#1661 = CARTESIAN_POINT('',(5.694136684631,13.435746185296));
#1662 = CARTESIAN_POINT('',(5.497787143782,13.273612459677));
#1663 = CARTESIAN_POINT('',(5.301437602933,13.069645180741));
#1664 = CARTESIAN_POINT('',(5.105088062083,12.836573164506));
#1665 = CARTESIAN_POINT('',(4.908738521234,12.588959214143));
#1666 = CARTESIAN_POINT('',(4.417864669111,11.969922183675));
#1667 = CARTESIAN_POINT('',(4.123340357839,11.598498619462));
#1668 = CARTESIAN_POINT('',(3.828816046563,11.276181847941));
#1669 = CARTESIAN_POINT('',(3.534291735291,11.052008701605));
#1670 = CARTESIAN_POINT('',(3.239767424019,10.961631358085));
#1671 = CARTESIAN_POINT('',(2.945243112743,11.012751154361));
#1672 = CARTESIAN_POINT('',(2.650718801466,11.18698261059));
#1673 = CARTESIAN_POINT('',(2.208932334555,11.580935364434));
#1674 = CARTESIAN_POINT('',(2.061670178918,11.734353678213));
#1675 = CARTESIAN_POINT('',(1.914408023281,11.905533032952));
#1676 = CARTESIAN_POINT('',(1.767145867645,12.089112242582));
#1677 = CARTESIAN_POINT('',(1.619883712008,12.279006578419));
#1678 = CARTESIAN_POINT('',(1.472621556371,12.468833195212));
#1679 = CARTESIAN_POINT('',(1.325359400733,12.652368679558));
#1680 = CARTESIAN_POINT('',(1.030835089459,12.995518064947));
#1681 = CARTESIAN_POINT('',(0.883572933823,13.155131840403));
#1682 = CARTESIAN_POINT('',(0.736310778184,13.29711562871));
#1683 = CARTESIAN_POINT('',(0.589048622548,13.416350960969));
#1684 = CARTESIAN_POINT('',(0.441786466912,13.508671398181));
#1685 = CARTESIAN_POINT('',(0.294524311274,13.571181066019));
#1686 = CARTESIAN_POINT('',(0.147262155637,13.60243628491));
#1687 = CARTESIAN_POINT('',(0.,13.60243628491));
#1688 = ( GEOMETRIC_REPRESENTATION_CONTEXT(2) 
PARAMETRIC_REPRESENTATION_CONTEXT() REPRESENTATION_CONTEXT('2D SPACE',''
  ) );
#1689 = FACE_BOUND('',#1690,.F.);
#1690 = EDGE_LOOP('',(#1691));
#1691 = ORIENTED_EDGE('',*,*,#1692,.F.);
#1692 = EDGE_CURVE('',#1693,#1693,#1695,.T.);
#1693 = VERTEX_POINT('',#1694);
#1694 = CARTESIAN_POINT('',(329.83249619305,-1.224646799147E-15,-12.));
#1695 = SURFACE_CURVE('',#1696,(#1701,#1708),.PCURVE_S1.);
#1696 = ELLIPSE('',#1697,5.665165143937,5.);
#1697 = AXIS2_PLACEMENT_3D('',#1698,#1699,#1700);
#1698 = CARTESIAN_POINT('',(335.49766133699,0.,-12.));
#1699 = DIRECTION('',(0.,0.,1.));
#1700 = DIRECTION('',(-1.,0.,0.));
#1701 = PCURVE('',#575,#1702);
#1702 = DEFINITIONAL_REPRESENTATION('',(#1703),#1707);
#1703 = ELLIPSE('',#1704,5.665165143937,5.);
#1704 = AXIS2_PLACEMENT_2D('',#1705,#1706);
#1705 = CARTESIAN_POINT('',(215.49766133699,13.5));
#1706 = DIRECTION('',(-1.,0.));
#1707 = ( GEOMETRIC_REPRESENTATION_CONTEXT(2) 
PARAMETRIC_REPRESENTATION_CONTEXT() REPRESENTATION_CONTEXT('2D SPACE',''
  ) );
#1708 = PCURVE('',#1709,#1714);
#1709 = CYLINDRICAL_SURFACE('',#1710,5.);
#1710 = AXIS2_PLACEMENT_3D('',#1711,#1712,#1713);
#1711 = CARTESIAN_POINT('',(341.89,0.,0.));
#1712 = DIRECTION('',(-0.470149479362,0.,-0.882586804261));
#1713 = DIRECTION('',(-0.882586804261,0.,0.470149479362));
#1714 = DEFINITIONAL_REPRESENTATION('',(#1715),#1746);
#1715 = B_SPLINE_CURVE_WITH_KNOTS('',8,(#1716,#1717,#1718,#1719,#1720,
    #1721,#1722,#1723,#1724,#1725,#1726,#1727,#1728,#1729,#1730,#1731,
    #1732,#1733,#1734,#1735,#1736,#1737,#1738,#1739,#1740,#1741,#1742,
    #1743,#1744,#1745),.UNSPECIFIED.,.F.,.F.,(9,7,7,7,9),(0.,
    1.570796326795,2.748893571891,4.516039439535,6.28318530718),
  .UNSPECIFIED.);
#1716 = CARTESIAN_POINT('',(6.28318530718,16.259870788369));
#1717 = CARTESIAN_POINT('',(6.08683576633,16.259870788369));
#1718 = CARTESIAN_POINT('',(5.890486225481,16.142516037607));
#1719 = CARTESIAN_POINT('',(5.694136684632,15.907807532902));
#1720 = CARTESIAN_POINT('',(5.497787143786,15.565393134355));
#1721 = CARTESIAN_POINT('',(5.301437602932,15.13458815706));
#1722 = CARTESIAN_POINT('',(5.105088062084,14.642340437495));
#1723 = CARTESIAN_POINT('',(4.908738521234,14.119368329381));
#1724 = CARTESIAN_POINT('',(4.565126824748,13.204167357502));
#1725 = CARTESIAN_POINT('',(4.417864669111,12.811938513098));
#1726 = CARTESIAN_POINT('',(4.270602513473,12.432670284977));
#1727 = CARTESIAN_POINT('',(4.123340357836,12.079326749977));
#1728 = CARTESIAN_POINT('',(3.976078202199,11.763966024101));
#1729 = CARTESIAN_POINT('',(3.828816046563,11.496853178454));
#1730 = CARTESIAN_POINT('',(3.681553890926,11.285766357651));
#1731 = CARTESIAN_POINT('',(3.313398501833,10.910517519198));
#1732 = CARTESIAN_POINT('',(3.092505268378,10.822589440331));
#1733 = CARTESIAN_POINT('',(2.871612034927,10.888621240745));
#1734 = CARTESIAN_POINT('',(2.650718801443,11.111076597721));
#1735 = CARTESIAN_POINT('',(2.429825568014,11.475496736857));
#1736 = CARTESIAN_POINT('',(2.208932334557,11.951676927778));
#1737 = CARTESIAN_POINT('',(1.9880391011,12.499739631808));
#1738 = CARTESIAN_POINT('',(1.546252634189,13.65381688559));
#1739 = CARTESIAN_POINT('',(1.325359400733,14.25983207408));
#1740 = CARTESIAN_POINT('',(1.104466167282,14.851916006905));
#1741 = CARTESIAN_POINT('',(0.883572933805,15.384163826093));
#1742 = CARTESIAN_POINT('',(0.662679700373,15.814291979957));
#1743 = CARTESIAN_POINT('',(0.441786466912,16.111343470688));
#1744 = CARTESIAN_POINT('',(0.220893233456,16.259870788369));
#1745 = CARTESIAN_POINT('',(0.,16.259870788369));
#1746 = ( GEOMETRIC_REPRESENTATION_CONTEXT(2) 
PARAMETRIC_REPRESENTATION_CONTEXT() REPRESENTATION_CONTEXT('2D SPACE',''
  ) );
#1747 = FACE_BOUND('',#1748,.F.);
#1748 = EDGE_LOOP('',(#1749));
#1749 = ORIENTED_EDGE('',*,*,#1750,.F.);
#1750 = EDGE_CURVE('',#1751,#1751,#1753,.T.);
#1751 = VERTEX_POINT('',#1752);
#1752 = CARTESIAN_POINT('',(395.36722033747,-1.224646799147E-15,-12.));
#1753 = SURFACE_CURVE('',#1754,(#1759,#1766),.PCURVE_S1.);
#1754 = ELLIPSE('',#1755,5.950444308522,5.);
#1755 = AXIS2_PLACEMENT_3D('',#1756,#1757,#1758);
#1756 = CARTESIAN_POINT('',(401.317664646,0.,-12.));
#1757 = DIRECTION('',(0.,0.,1.));
#1758 = DIRECTION('',(1.,0.,-0.));
#1759 = PCURVE('',#575,#1760);
#1760 = DEFINITIONAL_REPRESENTATION('',(#1761),#1765);
#1761 = ELLIPSE('',#1762,5.950444308522,5.);
#1762 = AXIS2_PLACEMENT_2D('',#1763,#1764);
#1763 = CARTESIAN_POINT('',(281.317664646,13.5));
#1764 = DIRECTION('',(1.,0.));
#1765 = ( GEOMETRIC_REPRESENTATION_CONTEXT(2) 
PARAMETRIC_REPRESENTATION_CONTEXT() REPRESENTATION_CONTEXT('2D SPACE',''
  ) );
#1766 = PCURVE('',#1767,#1772);
#1767 = CYLINDRICAL_SURFACE('',#1768,5.);
#1768 = AXIS2_PLACEMENT_3D('',#1769,#1770,#1771);
#1769 = CARTESIAN_POINT('',(393.575,0.,0.));
#1770 = DIRECTION('',(0.542162921271,0.,-0.84027338813));
#1771 = DIRECTION('',(-0.84027338813,0.,-0.542162921271));
#1772 = DEFINITIONAL_REPRESENTATION('',(#1773),#1804);
#1773 = B_SPLINE_CURVE_WITH_KNOTS('',8,(#1774,#1775,#1776,#1777,#1778,
    #1779,#1780,#1781,#1782,#1783,#1784,#1785,#1786,#1787,#1788,#1789,
    #1790,#1791,#1792,#1793,#1794,#1795,#1796,#1797,#1798,#1799,#1800,
    #1801,#1802,#1803),.UNSPECIFIED.,.F.,.F.,(9,7,7,7,9),(3.14159265359,
    4.712388980385,5.890486225481,7.657632093125,9.424777960769),
  .UNSPECIFIED.);
#1774 = CARTESIAN_POINT('',(6.28318530718,11.054956071286));
#1775 = CARTESIAN_POINT('',(6.08683576633,11.054956071286));
#1776 = CARTESIAN_POINT('',(5.890486225482,11.197100993144));
#1777 = CARTESIAN_POINT('',(5.694136684631,11.4813896294));
#1778 = CARTESIAN_POINT('',(5.497787143789,11.89613609355));
#1779 = CARTESIAN_POINT('',(5.301437602932,12.417944877896));
#1780 = CARTESIAN_POINT('',(5.105088062085,13.014175649874));
#1781 = CARTESIAN_POINT('',(4.908738521234,13.647621070373));
#1782 = CARTESIAN_POINT('',(4.565126824748,14.756150293013));
#1783 = CARTESIAN_POINT('',(4.417864669111,15.231234071705));
#1784 = CARTESIAN_POINT('',(4.270602513473,15.69061941658));
#1785 = CARTESIAN_POINT('',(4.123340357836,16.118603702229));
#1786 = CARTESIAN_POINT('',(3.9760782022,16.500581640457));
#1787 = CARTESIAN_POINT('',(3.828816046562,16.824119753117));
#1788 = CARTESIAN_POINT('',(3.681553890926,17.079796830133));
#1789 = CARTESIAN_POINT('',(3.313398501833,17.534313724201));
#1790 = CARTESIAN_POINT('',(3.092505268377,17.64081584552));
#1791 = CARTESIAN_POINT('',(2.871612034937,17.560835401004));
#1792 = CARTESIAN_POINT('',(2.650718801454,17.291388283673));
#1793 = CARTESIAN_POINT('',(2.429825568027,16.849987557267));
#1794 = CARTESIAN_POINT('',(2.208932334552,16.273218439921));
#1795 = CARTESIAN_POINT('',(1.9880391011,15.609382253164));
#1796 = CARTESIAN_POINT('',(1.546252634189,14.211516210284));
#1797 = CARTESIAN_POINT('',(1.325359400734,13.47748558043));
#1798 = CARTESIAN_POINT('',(1.104466167278,12.760329062949));
#1799 = CARTESIAN_POINT('',(0.883572933827,12.11564851788));
#1800 = CARTESIAN_POINT('',(0.662679700369,11.594659530179));
#1801 = CARTESIAN_POINT('',(0.441786466913,11.234858493861));
#1802 = CARTESIAN_POINT('',(0.220893233456,11.054956071286));
#1803 = CARTESIAN_POINT('',(8.881784197001E-15,11.054956071286));
#1804 = ( GEOMETRIC_REPRESENTATION_CONTEXT(2) 
PARAMETRIC_REPRESENTATION_CONTEXT() REPRESENTATION_CONTEXT('2D SPACE',''
  ) );
#1805 = FACE_BOUND('',#1806,.F.);
#1806 = EDGE_LOOP('',(#1807));
#1807 = ORIENTED_EDGE('',*,*,#1808,.F.);
#1808 = EDGE_CURVE('',#1809,#1809,#1811,.T.);
#1809 = VERTEX_POINT('',#1810);
#1810 = CARTESIAN_POINT('',(413.01546872681,-1.285879139105E-15,-12.));
#1811 = SURFACE_CURVE('',#1812,(#1817,#1824),.PCURVE_S1.);
#1812 = ELLIPSE('',#1813,5.949862269565,5.25);
#1813 = AXIS2_PLACEMENT_3D('',#1814,#1815,#1816);
#1814 = CARTESIAN_POINT('',(418.96533099637,0.,-12.));
#1815 = DIRECTION('',(0.,0.,1.));
#1816 = DIRECTION('',(1.,0.,-0.));
#1817 = PCURVE('',#575,#1818);
#1818 = DEFINITIONAL_REPRESENTATION('',(#1819),#1823);
#1819 = ELLIPSE('',#1820,5.949862269565,5.25);
#1820 = AXIS2_PLACEMENT_2D('',#1821,#1822);
#1821 = CARTESIAN_POINT('',(298.96533099637,13.5));
#1822 = DIRECTION('',(1.,0.));
#1823 = ( GEOMETRIC_REPRESENTATION_CONTEXT(2) 
PARAMETRIC_REPRESENTATION_CONTEXT() REPRESENTATION_CONTEXT('2D SPACE',''
  ) );
#1824 = PCURVE('',#1825,#1830);
#1825 = CYLINDRICAL_SURFACE('',#1826,5.25);
#1826 = AXIS2_PLACEMENT_3D('',#1827,#1828,#1829);
#1827 = CARTESIAN_POINT('',(412.566,0.,0.));
#1828 = DIRECTION('',(0.470549936128,0.,-0.882373366331));
#1829 = DIRECTION('',(-0.882373366331,0.,-0.470549936128));
#1830 = DEFINITIONAL_REPRESENTATION('',(#1831),#1862);
#1831 = B_SPLINE_CURVE_WITH_KNOTS('',8,(#1832,#1833,#1834,#1835,#1836,
    #1837,#1838,#1839,#1840,#1841,#1842,#1843,#1844,#1845,#1846,#1847,
    #1848,#1849,#1850,#1851,#1852,#1853,#1854,#1855,#1856,#1857,#1858,
    #1859,#1860,#1861),.UNSPECIFIED.,.F.,.F.,(9,7,7,7,9),(3.14159265359,
    4.712388980385,5.890486225481,7.657632093125,9.424777960769),
  .UNSPECIFIED.);
#1832 = CARTESIAN_POINT('',(6.28318530718,10.799977876662));
#1833 = CARTESIAN_POINT('',(6.08683576633,10.799977876662));
#1834 = CARTESIAN_POINT('',(5.89048622548,10.923335153295));
#1835 = CARTESIAN_POINT('',(5.694136684633,11.1700486587));
#1836 = CARTESIAN_POINT('',(5.497787143783,11.529977058839));
#1837 = CARTESIAN_POINT('',(5.301437602934,11.982817088014));
#1838 = CARTESIAN_POINT('',(5.105088062083,12.500242567025));
#1839 = CARTESIAN_POINT('',(4.908738521234,13.049963942567));
#1840 = CARTESIAN_POINT('',(4.565126824748,14.011976121336));
#1841 = CARTESIAN_POINT('',(4.41786466911,14.424266904209));
#1842 = CARTESIAN_POINT('',(4.270602513474,14.822934154006));
#1843 = CARTESIAN_POINT('',(4.123340357837,15.194350700102));
#1844 = CARTESIAN_POINT('',(3.976078202199,15.525841671289));
#1845 = CARTESIAN_POINT('',(3.828816046563,15.806616952905));
#1846 = CARTESIAN_POINT('',(3.681553890926,16.028500559491));
#1847 = CARTESIAN_POINT('',(3.313398501833,16.42294283365));
#1848 = CARTESIAN_POINT('',(3.092505268385,16.515368306649));
#1849 = CARTESIAN_POINT('',(2.871612034907,16.445959075048));
#1850 = CARTESIAN_POINT('',(2.650718801498,16.212125448103));
#1851 = CARTESIAN_POINT('',(2.429825568,15.829065745609));
#1852 = CARTESIAN_POINT('',(2.208932334562,15.328529626195));
#1853 = CARTESIAN_POINT('',(1.9880391011,14.752434307026));
#1854 = CARTESIAN_POINT('',(1.546252634189,13.539327669804));
#1855 = CARTESIAN_POINT('',(1.325359400731,12.902315680345));
#1856 = CARTESIAN_POINT('',(1.104466167296,12.27994751012));
#1857 = CARTESIAN_POINT('',(0.883572933805,11.720475984206));
#1858 = CARTESIAN_POINT('',(0.662679700395,11.268347397025));
#1859 = CARTESIAN_POINT('',(0.441786466909,10.956102151953));
#1860 = CARTESIAN_POINT('',(0.220893233456,10.799977876662));
#1861 = CARTESIAN_POINT('',(8.881784197001E-15,10.799977876662));
#1862 = ( GEOMETRIC_REPRESENTATION_CONTEXT(2) 
PARAMETRIC_REPRESENTATION_CONTEXT() REPRESENTATION_CONTEXT('2D SPACE',''
  ) );
#1863 = FACE_BOUND('',#1864,.F.);
#1864 = EDGE_LOOP('',(#1865));
#1865 = ORIENTED_EDGE('',*,*,#1866,.F.);
#1866 = EDGE_CURVE('',#1867,#1867,#1869,.T.);
#1867 = VERTEX_POINT('',#1868);
#1868 = CARTESIAN_POINT('',(444.93237346152,-1.347111479062E-15,-12.));
#1869 = SURFACE_CURVE('',#1870,(#1875,#1882),.PCURVE_S1.);
#1870 = ELLIPSE('',#1871,7.384754859485,5.5);
#1871 = AXIS2_PLACEMENT_3D('',#1872,#1873,#1874);
#1872 = CARTESIAN_POINT('',(452.31712832101,0.,-12.));
#1873 = DIRECTION('',(0.,0.,1.));
#1874 = DIRECTION('',(-1.,0.,0.));
#1875 = PCURVE('',#575,#1876);
#1876 = DEFINITIONAL_REPRESENTATION('',(#1877),#1881);
#1877 = ELLIPSE('',#1878,7.384754859485,5.5);
#1878 = AXIS2_PLACEMENT_2D('',#1879,#1880);
#1879 = CARTESIAN_POINT('',(332.31712832101,13.5));
#1880 = DIRECTION('',(-1.,0.));
#1881 = ( GEOMETRIC_REPRESENTATION_CONTEXT(2) 
PARAMETRIC_REPRESENTATION_CONTEXT() REPRESENTATION_CONTEXT('2D SPACE',''
  ) );
#1882 = PCURVE('',#1883,#1888);
#1883 = CYLINDRICAL_SURFACE('',#1884,5.5);
#1884 = AXIS2_PLACEMENT_3D('',#1885,#1886,#1887);
#1885 = CARTESIAN_POINT('',(463.069,0.,0.));
#1886 = DIRECTION('',(-0.667312765281,0.,-0.744777599887));
#1887 = DIRECTION('',(-0.744777599887,0.,0.667312765281));
#1888 = DEFINITIONAL_REPRESENTATION('',(#1889),#1920);
#1889 = B_SPLINE_CURVE_WITH_KNOTS('',8,(#1890,#1891,#1892,#1893,#1894,
    #1895,#1896,#1897,#1898,#1899,#1900,#1901,#1902,#1903,#1904,#1905,
    #1906,#1907,#1908,#1909,#1910,#1911,#1912,#1913,#1914,#1915,#1916,
    #1917,#1918,#1919),.UNSPECIFIED.,.F.,.F.,(9,7,7,7,9),(0.,
    1.570796326795,2.748893571891,4.516039439535,6.28318530718),
  .UNSPECIFIED.);
#1890 = CARTESIAN_POINT('',(6.28318530718,21.040133606898));
#1891 = CARTESIAN_POINT('',(6.08683576633,21.040133606898));
#1892 = CARTESIAN_POINT('',(5.890486225481,20.823004694224));
#1893 = CARTESIAN_POINT('',(5.694136684633,20.388748713289));
#1894 = CARTESIAN_POINT('',(5.497787143781,19.755216064965));
#1895 = CARTESIAN_POINT('',(5.301437602935,18.958143806114));
#1896 = CARTESIAN_POINT('',(5.105088062083,18.04739062893));
#1897 = CARTESIAN_POINT('',(4.908738521234,17.079791409938));
#1898 = CARTESIAN_POINT('',(4.565126824748,15.386493178761));
#1899 = CARTESIAN_POINT('',(4.417864669111,14.660794202417));
#1900 = CARTESIAN_POINT('',(4.270602513473,13.959074864739));
#1901 = CARTESIAN_POINT('',(4.123340357837,13.305321207138));
#1902 = CARTESIAN_POINT('',(3.9760782022,12.721843068774));
#1903 = CARTESIAN_POINT('',(3.828816046562,12.227632810082));
#1904 = CARTESIAN_POINT('',(3.681553890926,11.837081498109));
#1905 = CARTESIAN_POINT('',(3.313398501833,11.14279880619));
#1906 = CARTESIAN_POINT('',(3.09250526838,10.980114909415));
#1907 = CARTESIAN_POINT('',(2.871612034934,11.10228646997));
#1908 = CARTESIAN_POINT('',(2.650718801487,11.513871765346));
#1909 = CARTESIAN_POINT('',(2.429825568022,12.188119276099));
#1910 = CARTESIAN_POINT('',(2.208932334558,13.069144427607));
#1911 = CARTESIAN_POINT('',(1.9880391011,14.08316608607));
#1912 = CARTESIAN_POINT('',(1.546252634189,16.218431489532));
#1913 = CARTESIAN_POINT('',(1.325359400729,17.339676416355));
#1914 = CARTESIAN_POINT('',(1.104466167307,18.435145834512));
#1915 = CARTESIAN_POINT('',(0.883572933813,19.419906907337));
#1916 = CARTESIAN_POINT('',(0.662679700391,20.215726912385));
#1917 = CARTESIAN_POINT('',(0.441786466908,20.765329435981));
#1918 = CARTESIAN_POINT('',(0.220893233456,21.040133606898));
#1919 = CARTESIAN_POINT('',(0.,21.040133606898));
#1920 = ( GEOMETRIC_REPRESENTATION_CONTEXT(2) 
PARAMETRIC_REPRESENTATION_CONTEXT() REPRESENTATION_CONTEXT('2D SPACE',''
  ) );
#1921 = ADVANCED_FACE('',(#1922),#603,.T.);
#1922 = FACE_BOUND('',#1923,.T.);
#1923 = EDGE_LOOP('',(#1924,#1925,#1947,#1948));
#1924 = ORIENTED_EDGE('',*,*,#947,.F.);
#1925 = ORIENTED_EDGE('',*,*,#1926,.T.);
#1926 = EDGE_CURVE('',#948,#1322,#1927,.T.);
#1927 = SURFACE_CURVE('',#1928,(#1933,#1940),.PCURVE_S1.);
#1928 = CIRCLE('',#1929,12.166666666667);
#1929 = AXIS2_PLACEMENT_3D('',#1930,#1931,#1932);
#1930 = CARTESIAN_POINT('',(263.50166666666,0.,3.982971360135E-15));
#1931 = DIRECTION('',(-1.,0.,0.));
#1932 = DIRECTION('',(0.,0.164953350394,-0.986301369863));
#1933 = PCURVE('',#603,#1934);
#1934 = DEFINITIONAL_REPRESENTATION('',(#1935),#1939);
#1935 = LINE('',#1936,#1937);
#1936 = CARTESIAN_POINT('',(-6.448896020785,-71.74928486466));
#1937 = VECTOR('',#1938,1.);
#1938 = DIRECTION('',(1.,-0.));
#1939 = ( GEOMETRIC_REPRESENTATION_CONTEXT(2) 
PARAMETRIC_REPRESENTATION_CONTEXT() REPRESENTATION_CONTEXT('2D SPACE',''
  ) );
#1940 = PCURVE('',#1191,#1941);
#1941 = DEFINITIONAL_REPRESENTATION('',(#1942),#1946);
#1942 = LINE('',#1943,#1944);
#1943 = CARTESIAN_POINT('',(-6.448896020785,-0.));
#1944 = VECTOR('',#1945,1.);
#1945 = DIRECTION('',(1.,-0.));
#1946 = ( GEOMETRIC_REPRESENTATION_CONTEXT(2) 
PARAMETRIC_REPRESENTATION_CONTEXT() REPRESENTATION_CONTEXT('2D SPACE',''
  ) );
#1947 = ORIENTED_EDGE('',*,*,#1530,.F.);
#1948 = ORIENTED_EDGE('',*,*,#586,.T.);
#1949 = ADVANCED_FACE('',(#1950),#549,.F.);
#1950 = FACE_BOUND('',#1951,.F.);
#1951 = EDGE_LOOP('',(#1952,#1953,#1954,#1955,#1956,#1979));
#1952 = ORIENTED_EDGE('',*,*,#901,.F.);
#1953 = ORIENTED_EDGE('',*,*,#534,.F.);
#1954 = ORIENTED_EDGE('',*,*,#768,.T.);
#1955 = ORIENTED_EDGE('',*,*,#720,.T.);
#1956 = ORIENTED_EDGE('',*,*,#1957,.T.);
#1957 = EDGE_CURVE('',#721,#1958,#1960,.T.);
#1958 = VERTEX_POINT('',#1959);
#1959 = CARTESIAN_POINT('',(550.505,-13.5,13.5));
#1960 = SURFACE_CURVE('',#1961,(#1965,#1972),.PCURVE_S1.);
#1961 = LINE('',#1962,#1963);
#1962 = CARTESIAN_POINT('',(120.,-13.5,13.5));
#1963 = VECTOR('',#1964,1.);
#1964 = DIRECTION('',(1.,0.,-0.));
#1965 = PCURVE('',#549,#1966);
#1966 = DEFINITIONAL_REPRESENTATION('',(#1967),#1971);
#1967 = LINE('',#1968,#1969);
#1968 = CARTESIAN_POINT('',(25.5,0.));
#1969 = VECTOR('',#1970,1.);
#1970 = DIRECTION('',(0.,1.));
#1971 = ( GEOMETRIC_REPRESENTATION_CONTEXT(2) 
PARAMETRIC_REPRESENTATION_CONTEXT() REPRESENTATION_CONTEXT('2D SPACE',''
  ) );
#1972 = PCURVE('',#683,#1973);
#1973 = DEFINITIONAL_REPRESENTATION('',(#1974),#1978);
#1974 = LINE('',#1975,#1976);
#1975 = CARTESIAN_POINT('',(0.,0.));
#1976 = VECTOR('',#1977,1.);
#1977 = DIRECTION('',(1.,0.));
#1978 = ( GEOMETRIC_REPRESENTATION_CONTEXT(2) 
PARAMETRIC_REPRESENTATION_CONTEXT() REPRESENTATION_CONTEXT('2D SPACE',''
  ) );
#1979 = ORIENTED_EDGE('',*,*,#1980,.F.);
#1980 = EDGE_CURVE('',#902,#1958,#1981,.T.);
#1981 = SURFACE_CURVE('',#1982,(#1986,#1993),.PCURVE_S1.);
#1982 = LINE('',#1983,#1984);
#1983 = CARTESIAN_POINT('',(550.505,-13.5,-12.));
#1984 = VECTOR('',#1985,1.);
#1985 = DIRECTION('',(0.,0.,1.));
#1986 = PCURVE('',#549,#1987);
#1987 = DEFINITIONAL_REPRESENTATION('',(#1988),#1992);
#1988 = LINE('',#1989,#1990);
#1989 = CARTESIAN_POINT('',(0.,430.505));
#1990 = VECTOR('',#1991,1.);
#1991 = DIRECTION('',(1.,0.));
#1992 = ( GEOMETRIC_REPRESENTATION_CONTEXT(2) 
PARAMETRIC_REPRESENTATION_CONTEXT() REPRESENTATION_CONTEXT('2D SPACE',''
  ) );
#1993 = PCURVE('',#885,#1994);
#1994 = DEFINITIONAL_REPRESENTATION('',(#1995),#1999);
#1995 = LINE('',#1996,#1997);
#1996 = CARTESIAN_POINT('',(0.,0.));
#1997 = VECTOR('',#1998,1.);
#1998 = DIRECTION('',(1.,0.));
#1999 = ( GEOMETRIC_REPRESENTATION_CONTEXT(2) 
PARAMETRIC_REPRESENTATION_CONTEXT() REPRESENTATION_CONTEXT('2D SPACE',''
  ) );
#2000 = ADVANCED_FACE('',(#2001),#323,.F.);
#2001 = FACE_BOUND('',#2002,.F.);
#2002 = EDGE_LOOP('',(#2003,#2024,#2025,#2026));
#2003 = ORIENTED_EDGE('',*,*,#2004,.F.);
#2004 = EDGE_CURVE('',#307,#436,#2005,.T.);
#2005 = SURFACE_CURVE('',#2006,(#2011,#2018),.PCURVE_S1.);
#2006 = CIRCLE('',#2007,11.);
#2007 = AXIS2_PLACEMENT_3D('',#2008,#2009,#2010);
#2008 = CARTESIAN_POINT('',(120.,0.,1.33226762955E-14));
#2009 = DIRECTION('',(1.,-0.,2.22044604925E-16));
#2010 = DIRECTION('',(2.22044604925E-16,0.,-1.));
#2011 = PCURVE('',#323,#2012);
#2012 = DEFINITIONAL_REPRESENTATION('',(#2013),#2017);
#2013 = LINE('',#2014,#2015);
#2014 = CARTESIAN_POINT('',(0.,120.));
#2015 = VECTOR('',#2016,1.);
#2016 = DIRECTION('',(1.,0.));
#2017 = ( GEOMETRIC_REPRESENTATION_CONTEXT(2) 
PARAMETRIC_REPRESENTATION_CONTEXT() REPRESENTATION_CONTEXT('2D SPACE',''
  ) );
#2018 = PCURVE('',#357,#2019);
#2019 = DEFINITIONAL_REPRESENTATION('',(#2020),#2023);
#2020 = B_SPLINE_CURVE_WITH_KNOTS('',1,(#2021,#2022),.UNSPECIFIED.,.F.,
  .F.,(2,2),(0.,6.28318530718),.PIECEWISE_BEZIER_KNOTS.);
#2021 = CARTESIAN_POINT('',(0.,0.));
#2022 = CARTESIAN_POINT('',(-6.28318530718,0.));
#2023 = ( GEOMETRIC_REPRESENTATION_CONTEXT(2) 
PARAMETRIC_REPRESENTATION_CONTEXT() REPRESENTATION_CONTEXT('2D SPACE',''
  ) );
#2024 = ORIENTED_EDGE('',*,*,#306,.T.);
#2025 = ORIENTED_EDGE('',*,*,#797,.T.);
#2026 = ORIENTED_EDGE('',*,*,#464,.T.);
#2027 = ADVANCED_FACE('',(#2028),#357,.F.);
#2028 = FACE_BOUND('',#2029,.F.);
#2029 = EDGE_LOOP('',(#2030,#2031,#2032,#2033));
#2030 = ORIENTED_EDGE('',*,*,#340,.T.);
#2031 = ORIENTED_EDGE('',*,*,#2004,.T.);
#2032 = ORIENTED_EDGE('',*,*,#435,.T.);
#2033 = ORIENTED_EDGE('',*,*,#2034,.F.);
#2034 = EDGE_CURVE('',#341,#408,#2035,.T.);
#2035 = SURFACE_CURVE('',#2036,(#2041,#2048),.PCURVE_S1.);
#2036 = CIRCLE('',#2037,10.333333333333);
#2037 = AXIS2_PLACEMENT_3D('',#2038,#2039,#2040);
#2038 = CARTESIAN_POINT('',(191.75083333333,0.,3.982971360135E-15));
#2039 = DIRECTION('',(1.,-0.,2.22044604925E-16));
#2040 = DIRECTION('',(2.22044604925E-16,0.,-1.));
#2041 = PCURVE('',#357,#2042);
#2042 = DEFINITIONAL_REPRESENTATION('',(#2043),#2047);
#2043 = LINE('',#2044,#2045);
#2044 = CARTESIAN_POINT('',(-0.,-71.74928486466));
#2045 = VECTOR('',#2046,1.);
#2046 = DIRECTION('',(-1.,-0.));
#2047 = ( GEOMETRIC_REPRESENTATION_CONTEXT(2) 
PARAMETRIC_REPRESENTATION_CONTEXT() REPRESENTATION_CONTEXT('2D SPACE',''
  ) );
#2048 = PCURVE('',#391,#2049);
#2049 = DEFINITIONAL_REPRESENTATION('',(#2050),#2053);
#2050 = B_SPLINE_CURVE_WITH_KNOTS('',1,(#2051,#2052),.UNSPECIFIED.,.F.,
  .F.,(2,2),(0.,6.28318530718),.PIECEWISE_BEZIER_KNOTS.);
#2051 = CARTESIAN_POINT('',(0.,0.));
#2052 = CARTESIAN_POINT('',(-6.28318530718,0.));
#2053 = ( GEOMETRIC_REPRESENTATION_CONTEXT(2) 
PARAMETRIC_REPRESENTATION_CONTEXT() REPRESENTATION_CONTEXT('2D SPACE',''
  ) );
#2054 = ADVANCED_FACE('',(#2055),#391,.F.);
#2055 = FACE_BOUND('',#2056,.F.);
#2056 = EDGE_LOOP('',(#2057,#2058,#2059,#2060,#2083,#2109));
#2057 = ORIENTED_EDGE('',*,*,#374,.T.);
#2058 = ORIENTED_EDGE('',*,*,#2034,.T.);
#2059 = ORIENTED_EDGE('',*,*,#407,.T.);
#2060 = ORIENTED_EDGE('',*,*,#2061,.T.);
#2061 = EDGE_CURVE('',#375,#2062,#2064,.T.);
#2062 = VERTEX_POINT('',#2063);
#2063 = CARTESIAN_POINT('',(263.50166666666,-2.367650478352E-15,
    -9.666666666667));
#2064 = SEAM_CURVE('',#2065,(#2069,#2076),.PCURVE_S1.);
#2065 = LINE('',#2066,#2067);
#2066 = CARTESIAN_POINT('',(191.75083333333,-2.530936718238E-15,
    -10.33333333333));
#2067 = VECTOR('',#2068,1.);
#2068 = DIRECTION('',(0.999956837612,2.275641751834E-18,
    9.291012532831E-03));
#2069 = PCURVE('',#391,#2070);
#2070 = DEFINITIONAL_REPRESENTATION('',(#2071),#2075);
#2071 = LINE('',#2072,#2073);
#2072 = CARTESIAN_POINT('',(-0.,-2.848526975082E-14));
#2073 = VECTOR('',#2074,1.);
#2074 = DIRECTION('',(-0.,-1.));
#2075 = ( GEOMETRIC_REPRESENTATION_CONTEXT(2) 
PARAMETRIC_REPRESENTATION_CONTEXT() REPRESENTATION_CONTEXT('2D SPACE',''
  ) );
#2076 = PCURVE('',#391,#2077);
#2077 = DEFINITIONAL_REPRESENTATION('',(#2078),#2082);
#2078 = LINE('',#2079,#2080);
#2079 = CARTESIAN_POINT('',(-6.28318530718,-2.848526975082E-14));
#2080 = VECTOR('',#2081,1.);
#2081 = DIRECTION('',(-0.,-1.));
#2082 = ( GEOMETRIC_REPRESENTATION_CONTEXT(2) 
PARAMETRIC_REPRESENTATION_CONTEXT() REPRESENTATION_CONTEXT('2D SPACE',''
  ) );
#2083 = ORIENTED_EDGE('',*,*,#2084,.F.);
#2084 = EDGE_CURVE('',#2062,#2062,#2085,.T.);
#2085 = SURFACE_CURVE('',#2086,(#2091,#2098),.PCURVE_S1.);
#2086 = CIRCLE('',#2087,9.666666666667);
#2087 = AXIS2_PLACEMENT_3D('',#2088,#2089,#2090);
#2088 = CARTESIAN_POINT('',(263.50166666666,0.,3.982971360135E-15));
#2089 = DIRECTION('',(1.,-0.,2.22044604925E-16));
#2090 = DIRECTION('',(2.22044604925E-16,0.,-1.));
#2091 = PCURVE('',#391,#2092);
#2092 = DEFINITIONAL_REPRESENTATION('',(#2093),#2097);
#2093 = LINE('',#2094,#2095);
#2094 = CARTESIAN_POINT('',(-0.,-71.74928486466));
#2095 = VECTOR('',#2096,1.);
#2096 = DIRECTION('',(-1.,-0.));
#2097 = ( GEOMETRIC_REPRESENTATION_CONTEXT(2) 
PARAMETRIC_REPRESENTATION_CONTEXT() REPRESENTATION_CONTEXT('2D SPACE',''
  ) );
#2098 = PCURVE('',#2099,#2104);
#2099 = CONICAL_SURFACE('',#2100,9.666666666667,9.291146209236E-03);
#2100 = AXIS2_PLACEMENT_3D('',#2101,#2102,#2103);
#2101 = CARTESIAN_POINT('',(263.50166666666,0.,-3.982971360135E-15));
#2102 = DIRECTION('',(-1.,-0.,-2.22044604925E-16));
#2103 = DIRECTION('',(2.22044604925E-16,0.,-1.));
#2104 = DEFINITIONAL_REPRESENTATION('',(#2105),#2108);
#2105 = B_SPLINE_CURVE_WITH_KNOTS('',1,(#2106,#2107),.UNSPECIFIED.,.F.,
  .F.,(2,2),(0.,6.28318530718),.PIECEWISE_BEZIER_KNOTS.);
#2106 = CARTESIAN_POINT('',(0.,0.));
#2107 = CARTESIAN_POINT('',(-6.28318530718,0.));
#2108 = ( GEOMETRIC_REPRESENTATION_CONTEXT(2) 
PARAMETRIC_REPRESENTATION_CONTEXT() REPRESENTATION_CONTEXT('2D SPACE',''
  ) );
#2109 = ORIENTED_EDGE('',*,*,#2061,.F.);
#2110 = ADVANCED_FACE('',(#2111),#683,.T.);
#2111 = FACE_BOUND('',#2112,.T.);
#2112 = EDGE_LOOP('',(#2113,#2114,#2115,#2136,#2137));
#2113 = ORIENTED_EDGE('',*,*,#744,.F.);
#2114 = ORIENTED_EDGE('',*,*,#1957,.T.);
#2115 = ORIENTED_EDGE('',*,*,#2116,.T.);
#2116 = EDGE_CURVE('',#1958,#849,#2117,.T.);
#2117 = SURFACE_CURVE('',#2118,(#2122,#2129),.PCURVE_S1.);
#2118 = LINE('',#2119,#2120);
#2119 = CARTESIAN_POINT('',(550.505,-13.5,13.5));
#2120 = VECTOR('',#2121,1.);
#2121 = DIRECTION('',(-0.,1.,0.));
#2122 = PCURVE('',#683,#2123);
#2123 = DEFINITIONAL_REPRESENTATION('',(#2124),#2128);
#2124 = LINE('',#2125,#2126);
#2125 = CARTESIAN_POINT('',(430.505,0.));
#2126 = VECTOR('',#2127,1.);
#2127 = DIRECTION('',(0.,1.));
#2128 = ( GEOMETRIC_REPRESENTATION_CONTEXT(2) 
PARAMETRIC_REPRESENTATION_CONTEXT() REPRESENTATION_CONTEXT('2D SPACE',''
  ) );
#2129 = PCURVE('',#885,#2130);
#2130 = DEFINITIONAL_REPRESENTATION('',(#2131),#2135);
#2131 = LINE('',#2132,#2133);
#2132 = CARTESIAN_POINT('',(25.5,0.));
#2133 = VECTOR('',#2134,1.);
#2134 = DIRECTION('',(0.,-1.));
#2135 = ( GEOMETRIC_REPRESENTATION_CONTEXT(2) 
PARAMETRIC_REPRESENTATION_CONTEXT() REPRESENTATION_CONTEXT('2D SPACE',''
  ) );
#2136 = ORIENTED_EDGE('',*,*,#848,.F.);
#2137 = ORIENTED_EDGE('',*,*,#667,.F.);
#2138 = ADVANCED_FACE('',(#2139,#2145),#885,.T.);
#2139 = FACE_BOUND('',#2140,.T.);
#2140 = EDGE_LOOP('',(#2141,#2142,#2143,#2144));
#2141 = ORIENTED_EDGE('',*,*,#1980,.F.);
#2142 = ORIENTED_EDGE('',*,*,#924,.T.);
#2143 = ORIENTED_EDGE('',*,*,#871,.T.);
#2144 = ORIENTED_EDGE('',*,*,#2116,.F.);
#2145 = FACE_BOUND('',#2146,.T.);
#2146 = EDGE_LOOP('',(#2147));
#2147 = ORIENTED_EDGE('',*,*,#2148,.F.);
#2148 = EDGE_CURVE('',#2149,#2149,#2151,.T.);
#2149 = VERTEX_POINT('',#2150);
#2150 = CARTESIAN_POINT('',(550.505,-1.714505518806E-15,-7.));
#2151 = SURFACE_CURVE('',#2152,(#2157,#2164),.PCURVE_S1.);
#2152 = CIRCLE('',#2153,7.);
#2153 = AXIS2_PLACEMENT_3D('',#2154,#2155,#2156);
#2154 = CARTESIAN_POINT('',(550.505,0.,3.982971360135E-15));
#2155 = DIRECTION('',(1.,-0.,2.22044604925E-16));
#2156 = DIRECTION('',(2.22044604925E-16,0.,-1.));
#2157 = PCURVE('',#885,#2158);
#2158 = DEFINITIONAL_REPRESENTATION('',(#2159),#2163);
#2159 = CIRCLE('',#2160,7.);
#2160 = AXIS2_PLACEMENT_2D('',#2161,#2162);
#2161 = CARTESIAN_POINT('',(12.,-13.5));
#2162 = DIRECTION('',(-1.,0.));
#2163 = ( GEOMETRIC_REPRESENTATION_CONTEXT(2) 
PARAMETRIC_REPRESENTATION_CONTEXT() REPRESENTATION_CONTEXT('2D SPACE',''
  ) );
#2164 = PCURVE('',#2165,#2170);
#2165 = CONICAL_SURFACE('',#2166,7.666666666667,9.291146209236E-03);
#2166 = AXIS2_PLACEMENT_3D('',#2167,#2168,#2169);
#2167 = CARTESIAN_POINT('',(478.75416666666,0.,-3.982971360135E-15));
#2168 = DIRECTION('',(-1.,-0.,-2.22044604925E-16));
#2169 = DIRECTION('',(2.22044604925E-16,0.,-1.));
#2170 = DEFINITIONAL_REPRESENTATION('',(#2171),#2175);
#2171 = LINE('',#2172,#2173);
#2172 = CARTESIAN_POINT('',(-0.,-71.74928486466));
#2173 = VECTOR('',#2174,1.);
#2174 = DIRECTION('',(-1.,-0.));
#2175 = ( GEOMETRIC_REPRESENTATION_CONTEXT(2) 
PARAMETRIC_REPRESENTATION_CONTEXT() REPRESENTATION_CONTEXT('2D SPACE',''
  ) );
#2176 = ADVANCED_FACE('',(#2177),#1191,.T.);
#2177 = FACE_BOUND('',#2178,.T.);
#2178 = EDGE_LOOP('',(#2179,#2180,#2248,#2326,#2327));
#2179 = ORIENTED_EDGE('',*,*,#1051,.F.);
#2180 = ORIENTED_EDGE('',*,*,#2181,.T.);
#2181 = EDGE_CURVE('',#1052,#2182,#2184,.T.);
#2182 = VERTEX_POINT('',#2183);
#2183 = CARTESIAN_POINT('',(281.02827381778,-1.347111479062E-15,
    -12.0038197111));
#2184 = SURFACE_CURVE('',#2185,(#2204,#2226),.PCURVE_S1.);
#2185 = B_SPLINE_CURVE_WITH_KNOTS('',5,(#2186,#2187,#2188,#2189,#2190,
    #2191,#2192,#2193,#2194,#2195,#2196,#2197,#2198,#2199,#2200,#2201,
    #2202,#2203),.UNSPECIFIED.,.F.,.F.,(6,4,4,4,6),(0.,0.267450368411,
    0.516313713427,0.754959326565,1.),.UNSPECIFIED.);
#2186 = CARTESIAN_POINT('',(281.4307178427,1.979453473123,-11.8356957737
    ));
#2187 = CARTESIAN_POINT('',(281.39060396974,1.885713416737,
    -11.85175116152));
#2188 = CARTESIAN_POINT('',(281.35248579291,1.789897099636,
    -11.86717972988));
#2189 = CARTESIAN_POINT('',(281.31650195493,1.692057976436,
    -11.88189333827));
#2190 = CARTESIAN_POINT('',(281.28279557024,1.592281193425,
    -11.8957996161));
#2191 = CARTESIAN_POINT('',(281.22238693675,1.396162957446,
    -11.9209144904));
#2192 = CARTESIAN_POINT('',(281.1953605645,1.300064166365,
    -11.93224347022));
#2193 = CARTESIAN_POINT('',(281.17053570719,1.202497858729,
    -11.94272390335));
#2194 = CARTESIAN_POINT('',(281.14801771885,1.103593334021,-11.952286387
    ));
#2195 = CARTESIAN_POINT('',(281.10860387453,0.90754014019,
    -11.96910266719));
#2196 = CARTESIAN_POINT('',(281.09151489895,0.810484882752,
    -11.97643524238));
#2197 = CARTESIAN_POINT('',(281.07671141607,0.712489987054,
    -11.98281532936));
#2198 = CARTESIAN_POINT('',(281.0642601358,0.613718313044,
    -11.98819846875));
#2199 = CARTESIAN_POINT('',(281.04388603568,0.4123271457,-11.99702550417
    ));
#2200 = CARTESIAN_POINT('',(281.03609314087,0.309673231928,-12.000413782
    ));
#2201 = CARTESIAN_POINT('',(281.03088042754,0.206593033056,
    -12.00268427766));
#2202 = CARTESIAN_POINT('',(281.02827381778,0.103295932665,
    -12.0038197111));
#2203 = CARTESIAN_POINT('',(281.02827381778,-1.470043938675E-15,
    -12.0038197111));
#2204 = PCURVE('',#1191,#2205);
#2205 = DEFINITIONAL_REPRESENTATION('',(#2206),#2225);
#2206 = B_SPLINE_CURVE_WITH_KNOTS('',5,(#2207,#2208,#2209,#2210,#2211,
    #2212,#2213,#2214,#2215,#2216,#2217,#2218,#2219,#2220,#2221,#2222,
    #2223,#2224),.UNSPECIFIED.,.F.,.F.,(6,4,4,4,6),(0.,0.267450368411,
    0.516313713427,0.754959326565,1.),.UNSPECIFIED.);
#2207 = CARTESIAN_POINT('',(-6.448896020785,-17.92905117603));
#2208 = CARTESIAN_POINT('',(-6.440970712573,-17.88893730307));
#2209 = CARTESIAN_POINT('',(-6.432883985225,-17.85081912625));
#2210 = CARTESIAN_POINT('',(-6.424640372943,-17.81483528826));
#2211 = CARTESIAN_POINT('',(-6.416246794017,-17.78112890358));
#2212 = CARTESIAN_POINT('',(-6.399772606818,-17.72072027008));
#2213 = CARTESIAN_POINT('',(-6.391710745701,-17.69369389783));
#2214 = CARTESIAN_POINT('',(-6.383535693374,-17.66886904052));
#2215 = CARTESIAN_POINT('',(-6.375257553395,-17.64635105219));
#2216 = CARTESIAN_POINT('',(-6.358863779464,-17.60693720787));
#2217 = CARTESIAN_POINT('',(-6.35075532584,-17.58984823228));
#2218 = CARTESIAN_POINT('',(-6.342574658425,-17.57504474941));
#2219 = CARTESIAN_POINT('',(-6.334334319808,-17.56259346913));
#2220 = CARTESIAN_POINT('',(-6.317540625554,-17.54221936901));
#2221 = CARTESIAN_POINT('',(-6.308984620558,-17.53442647421));
#2222 = CARTESIAN_POINT('',(-6.300395907444,-17.52921376087));
#2223 = CARTESIAN_POINT('',(-6.291790562436,-17.52660715112));
#2224 = CARTESIAN_POINT('',(-6.28318530718,-17.52660715112));
#2225 = ( GEOMETRIC_REPRESENTATION_CONTEXT(2) 
PARAMETRIC_REPRESENTATION_CONTEXT() REPRESENTATION_CONTEXT('2D SPACE',''
  ) );
#2226 = PCURVE('',#1282,#2227);
#2227 = DEFINITIONAL_REPRESENTATION('',(#2228),#2247);
#2228 = B_SPLINE_CURVE_WITH_KNOTS('',5,(#2229,#2230,#2231,#2232,#2233,
    #2234,#2235,#2236,#2237,#2238,#2239,#2240,#2241,#2242,#2243,#2244,
    #2245,#2246),.UNSPECIFIED.,.F.,.F.,(6,4,4,4,6),(0.,0.267450368411,
    0.516313713427,0.754959326565,1.),.UNSPECIFIED.);
#2229 = CARTESIAN_POINT('',(0.368161389216,13.306437936119));
#2230 = CARTESIAN_POINT('',(0.34989363186,13.282787567212));
#2231 = CARTESIAN_POINT('',(0.331382157275,13.260412286366));
#2232 = CARTESIAN_POINT('',(0.31263331552,13.239375612218));
#2233 = CARTESIAN_POINT('',(0.293657038118,13.219741206153));
#2234 = CARTESIAN_POINT('',(0.256612585331,13.184662650634));
#2235 = CARTESIAN_POINT('',(0.238572853439,13.169021978429));
#2236 = CARTESIAN_POINT('',(0.220360920055,13.154697975297));
#2237 = CARTESIAN_POINT('',(0.201991816559,13.141737134419));
#2238 = CARTESIAN_POINT('',(0.16573720702,13.119096625336));
#2239 = CARTESIAN_POINT('',(0.147862585019,13.109303948395));
#2240 = CARTESIAN_POINT('',(0.129877721646,13.10083711269));
#2241 = CARTESIAN_POINT('',(0.111801526949,13.093725262906));
#2242 = CARTESIAN_POINT('',(7.502377264784E-02,13.082098756658));
#2243 = CARTESIAN_POINT('',(5.631808395556E-02,13.077658627272));
#2244 = CARTESIAN_POINT('',(3.756231480642E-02,13.074690925299));
#2245 = CARTESIAN_POINT('',(1.878107866632E-02,13.073206973456));
#2246 = CARTESIAN_POINT('',(0.,13.073206973456));
#2247 = ( GEOMETRIC_REPRESENTATION_CONTEXT(2) 
PARAMETRIC_REPRESENTATION_CONTEXT() REPRESENTATION_CONTEXT('2D SPACE',''
  ) );
#2248 = ORIENTED_EDGE('',*,*,#2249,.T.);
#2249 = EDGE_CURVE('',#2182,#1266,#2250,.T.);
#2250 = SURFACE_CURVE('',#2251,(#2274,#2300),.PCURVE_S1.);
#2251 = B_SPLINE_CURVE_WITH_KNOTS('',5,(#2252,#2253,#2254,#2255,#2256,
    #2257,#2258,#2259,#2260,#2261,#2262,#2263,#2264,#2265,#2266,#2267,
    #2268,#2269,#2270,#2271,#2272,#2273),.UNSPECIFIED.,.F.,.F.,(6,4,4,4,
    4,6),(0.,0.245725704545,0.484314791079,0.733211915987,0.972890089062
    ,1.),.UNSPECIFIED.);
#2252 = CARTESIAN_POINT('',(281.02827381778,-2.22044604925E-15,
    -12.0038197111));
#2253 = CARTESIAN_POINT('',(281.02827381778,-0.103584700153,
    -12.0038197111));
#2254 = CARTESIAN_POINT('',(281.03089502337,-0.207170584433,
    -12.00267791926));
#2255 = CARTESIAN_POINT('',(281.03613691975,-0.310537729769,
    -12.00039471312));
#2256 = CARTESIAN_POINT('',(281.04397329644,-0.413475019947,
    -11.99698756485));
#2257 = CARTESIAN_POINT('',(281.06442976205,-0.615114020863,
    -11.98812511028));
#2258 = CARTESIAN_POINT('',(281.07690465801,-0.71385404797,-11.982731958
    ));
#2259 = CARTESIAN_POINT('',(281.09173013503,-0.811816234126,
    -11.97634266765));
#2260 = CARTESIAN_POINT('',(281.1088394368,-0.908837949238,
    -11.96900172842));
#2261 = CARTESIAN_POINT('',(281.14829888294,-1.104858681937,
    -11.95216688433));
#2262 = CARTESIAN_POINT('',(281.17084378623,-1.203763354019,
    -11.9425935463));
#2263 = CARTESIAN_POINT('',(281.19569540748,-1.30132835607,
    -11.93210252158));
#2264 = CARTESIAN_POINT('',(281.22274829875,-1.397424492959,
    -11.92076327205));
#2265 = CARTESIAN_POINT('',(281.27995522068,-1.582973670205,
    -11.89698144944));
#2266 = CARTESIAN_POINT('',(281.3099574282,-1.672541442858,
    -11.88459523306));
#2267 = CARTESIAN_POINT('',(281.34179926768,-1.760562870649,
    -11.87155372742));
#2268 = CARTESIAN_POINT('',(281.37537817167,-1.846973887521,
    -11.85792320772));
#2269 = CARTESIAN_POINT('',(281.4145769975,-1.941318130995,
    -11.84216653495));
#2270 = CARTESIAN_POINT('',(281.41858116337,-1.950883855476,
    -11.84055868853));
#2271 = CARTESIAN_POINT('',(281.42260612158,-1.960428356849,
    -11.83894421851));
#2272 = CARTESIAN_POINT('',(281.42665172775,-1.969951577185,
    -11.83732321697));
#2273 = CARTESIAN_POINT('',(281.4307178427,-1.979453473123,
    -11.8356957737));
#2274 = PCURVE('',#1191,#2275);
#2275 = DEFINITIONAL_REPRESENTATION('',(#2276),#2299);
#2276 = B_SPLINE_CURVE_WITH_KNOTS('',5,(#2277,#2278,#2279,#2280,#2281,
    #2282,#2283,#2284,#2285,#2286,#2287,#2288,#2289,#2290,#2291,#2292,
    #2293,#2294,#2295,#2296,#2297,#2298),.UNSPECIFIED.,.F.,.F.,(6,4,4,4,
    4,6),(0.,0.245725704545,0.484314791079,0.733211915987,0.972890089062
    ,1.),.UNSPECIFIED.);
#2277 = CARTESIAN_POINT('',(-6.28318530718,-17.52660715112));
#2278 = CARTESIAN_POINT('',(-6.274555995623,-17.52660715112));
#2279 = CARTESIAN_POINT('',(-6.265926593056,-17.52922835671));
#2280 = CARTESIAN_POINT('',(-6.257313963235,-17.53447025308));
#2281 = CARTESIAN_POINT('',(-6.248734315491,-17.54230662977));
#2282 = CARTESIAN_POINT('',(-6.23191986324,-17.56276309538));
#2283 = CARTESIAN_POINT('',(-6.22368211023,-17.57523799134));
#2284 = CARTESIAN_POINT('',(-6.215504110369,-17.59006346836));
#2285 = CARTESIAN_POINT('',(-6.207398388869,-17.60717277013));
#2286 = CARTESIAN_POINT('',(-6.19100717406,-17.64663221627));
#2287 = CARTESIAN_POINT('',(-6.182728933025,-17.66917711957));
#2288 = CARTESIAN_POINT('',(-6.174553892558,-17.69402874081));
#2289 = CARTESIAN_POINT('',(-6.166492148638,-17.72108163208));
#2290 = CARTESIAN_POINT('',(-6.15090555536,-17.77828855401));
#2291 = CARTESIAN_POINT('',(-6.14337183667,-17.80829076153));
#2292 = CARTESIAN_POINT('',(-6.135957781793,-17.84013260102));
#2293 = CARTESIAN_POINT('',(-6.128668577195,-17.87371150501));
#2294 = CARTESIAN_POINT('',(-6.120697898024,-17.91291033083));
#2295 = CARTESIAN_POINT('',(-6.119889593461,-17.9169144967));
#2296 = CARTESIAN_POINT('',(-6.119082938145,-17.92093945491));
#2297 = CARTESIAN_POINT('',(-6.118277936956,-17.92498506108));
#2298 = CARTESIAN_POINT('',(-6.117474593574,-17.92905117603));
#2299 = ( GEOMETRIC_REPRESENTATION_CONTEXT(2) 
PARAMETRIC_REPRESENTATION_CONTEXT() REPRESENTATION_CONTEXT('2D SPACE',''
  ) );
#2300 = PCURVE('',#1282,#2301);
#2301 = DEFINITIONAL_REPRESENTATION('',(#2302),#2325);
#2302 = B_SPLINE_CURVE_WITH_KNOTS('',5,(#2303,#2304,#2305,#2306,#2307,
    #2308,#2309,#2310,#2311,#2312,#2313,#2314,#2315,#2316,#2317,#2318,
    #2319,#2320,#2321,#2322,#2323,#2324),.UNSPECIFIED.,.F.,.F.,(6,4,4,4,
    4,6),(0.,0.245725704545,0.484314791079,0.733211915987,0.972890089062
    ,1.),.UNSPECIFIED.);
#2303 = CARTESIAN_POINT('',(6.28318530718,13.073206973456));
#2304 = CARTESIAN_POINT('',(6.264351725334,13.073206973456));
#2305 = CARTESIAN_POINT('',(6.245517983819,13.074699234476));
#2306 = CARTESIAN_POINT('',(6.226709924941,13.077683551367));
#2307 = CARTESIAN_POINT('',(6.207952365932,13.082148475392));
#2308 = CARTESIAN_POINT('',(6.171128450586,13.093822135905));
#2309 = CARTESIAN_POINT('',(6.15305750713,13.100947587365));
#2310 = CARTESIAN_POINT('',(6.135078019467,13.109427160784));
#2311 = CARTESIAN_POINT('',(6.117208871108,13.119231690548));
#2312 = CARTESIAN_POINT('',(6.080958691364,13.141898906637));
#2313 = CARTESIAN_POINT('',(6.062588653864,13.154875569148));
#2314 = CARTESIAN_POINT('',(6.044375956772,13.169215420924));
#2315 = CARTESIAN_POINT('',(6.026335619439,13.184871925773));
#2316 = CARTESIAN_POINT('',(5.991285193291,13.218092399759));
#2317 = CARTESIAN_POINT('',(5.974261597139,13.23556432753));
#2318 = CARTESIAN_POINT('',(5.957419498222,13.254167335112));
#2319 = CARTESIAN_POINT('',(5.940766392004,13.273855418041));
#2320 = CARTESIAN_POINT('',(5.922445710272,13.296927560136));
#2321 = CARTESIAN_POINT('',(5.920586521323,13.299285337452));
#2322 = CARTESIAN_POINT('',(5.918729821483,13.301656379197));
#2323 = CARTESIAN_POINT('',(5.916875617891,13.304040614426));
#2324 = CARTESIAN_POINT('',(5.915023919311,13.306437917685));
#2325 = ( GEOMETRIC_REPRESENTATION_CONTEXT(2) 
PARAMETRIC_REPRESENTATION_CONTEXT() REPRESENTATION_CONTEXT('2D SPACE',''
  ) );
#2326 = ORIENTED_EDGE('',*,*,#1321,.F.);
#2327 = ORIENTED_EDGE('',*,*,#1926,.F.);
#2328 = ADVANCED_FACE('',(#2329),#1282,.F.);
#2329 = FACE_BOUND('',#2330,.F.);
#2330 = EDGE_LOOP('',(#2331,#2605,#2626,#2627,#2628,#2629,#2630));
#2331 = ORIENTED_EDGE('',*,*,#2332,.F.);
#2332 = EDGE_CURVE('',#2333,#2335,#2337,.T.);
#2333 = VERTEX_POINT('',#2334);
#2334 = CARTESIAN_POINT('',(277.50466043721,-1.841447392338E-15,
    -9.536559060292));
#2335 = VERTEX_POINT('',#2336);
#2336 = CARTESIAN_POINT('',(296.43142620994,-2.292710908086E-15,
    -9.360702651909));
#2337 = SURFACE_CURVE('',#2338,(#2425,#2515),.PCURVE_S1.);
#2338 = B_SPLINE_CURVE_WITH_KNOTS('',8,(#2339,#2340,#2341,#2342,#2343,
    #2344,#2345,#2346,#2347,#2348,#2349,#2350,#2351,#2352,#2353,#2354,
    #2355,#2356,#2357,#2358,#2359,#2360,#2361,#2362,#2363,#2364,#2365,
    #2366,#2367,#2368,#2369,#2370,#2371,#2372,#2373,#2374,#2375,#2376,
    #2377,#2378,#2379,#2380,#2381,#2382,#2383,#2384,#2385,#2386,#2387,
    #2388,#2389,#2390,#2391,#2392,#2393,#2394,#2395,#2396,#2397,#2398,
    #2399,#2400,#2401,#2402,#2403,#2404,#2405,#2406,#2407,#2408,#2409,
    #2410,#2411,#2412,#2413,#2414,#2415,#2416,#2417,#2418,#2419,#2420,
    #2421,#2422,#2423,#2424),.UNSPECIFIED.,.F.,.F.,(9,7,7,7,7,7,7,7,7,7,
    7,7,9),(0.,5.841329952621E-02,8.764840369076E-02,0.144006313212,
    0.225215883858,0.329011292666,0.426011426029,0.605756199215,
    0.732746921384,0.86196185533,0.934974109454,0.974720213696,1.),
  .UNSPECIFIED.);
#2339 = CARTESIAN_POINT('',(277.50466043721,-8.881784197001E-16,
    -9.536559060292));
#2340 = CARTESIAN_POINT('',(277.50466043736,-0.254338584243,
    -9.53655906026));
#2341 = CARTESIAN_POINT('',(277.51686216749,-0.508790379655,
    -9.528693484311));
#2342 = CARTESIAN_POINT('',(277.54128426327,-0.761417699356,
    -9.512950131208));
#2343 = CARTESIAN_POINT('',(277.57769158601,-1.010499475487,
    -9.489613409264));
#2344 = CARTESIAN_POINT('',(277.62568285326,-1.254504743647,
    -9.459206430492));
#2345 = CARTESIAN_POINT('',(277.68471617237,-1.492085490386,
    -9.422439753368));
#2346 = CARTESIAN_POINT('',(277.75410395973,-1.722078889389,
    -9.380161478102));
#2347 = CARTESIAN_POINT('',(277.87249954877,-2.054331846698,
    -9.309851532885));
#2348 = CARTESIAN_POINT('',(277.91438615273,-2.163043060124,
    -9.28524535452));
#2349 = CARTESIAN_POINT('',(277.95857306409,-2.269538111164,
    -9.259596484209));
#2350 = CARTESIAN_POINT('',(278.00496130925,-2.373731795068,
    -9.23301835455));
#2351 = CARTESIAN_POINT('',(278.05344954285,-2.475556778088,
    -9.205624524457));
#2352 = CARTESIAN_POINT('',(278.10393517355,-2.574962192151,
    -9.177526993827));
#2353 = CARTESIAN_POINT('',(278.1563154898,-2.671912229538,
    -9.148834518206));
#2354 = CARTESIAN_POINT('',(278.31492124086,-2.948503912803,
    -9.063392311084));
#2355 = CARTESIAN_POINT('',(278.42600380781,-3.121393596901,
    -9.005315708405));
#2356 = CARTESIAN_POINT('',(278.54302458824,-3.284934783564,
    -8.946157163996));
#2357 = CARTESIAN_POINT('',(278.66528982991,-3.4391836804,
    -8.886587638686));
#2358 = CARTESIAN_POINT('',(278.79214226784,-3.584332358395,
    -8.82718988153));
#2359 = CARTESIAN_POINT('',(278.92297791868,-3.720673988802,
    -8.768447111719));
#2360 = CARTESIAN_POINT('',(279.05726132832,-3.848572667429,
    -8.710743506403));
#2361 = CARTESIAN_POINT('',(279.39235148765,-4.141158890214,
    -8.573153807564));
#2362 = CARTESIAN_POINT('',(279.59629100418,-4.297120908713,
    -8.494742752432));
#2363 = CARTESIAN_POINT('',(279.80507675729,-4.437647093848,
    -8.419994332516));
#2364 = CARTESIAN_POINT('',(280.01760926029,-4.564051659776,
    -8.34945385039));
#2365 = CARTESIAN_POINT('',(280.23297695088,-4.677602201369,
    -8.283421545147));
#2366 = CARTESIAN_POINT('',(280.45046153157,-4.779490468609,
    -8.222010862317));
#2367 = CARTESIAN_POINT('',(280.66954230398,-4.870811536804,
    -8.165204356287));
#2368 = CARTESIAN_POINT('',(281.17154197861,-5.057024522864,
    -8.046065324056));
#2369 = CARTESIAN_POINT('',(281.45508905821,-5.145779506123,
    -7.986632058544));
#2370 = CARTESIAN_POINT('',(281.73980262045,-5.220886501933,
    -7.934404818713));
#2371 = CARTESIAN_POINT('',(282.02510911058,-5.284005628416,
    -7.889042611099));
#2372 = CARTESIAN_POINT('',(282.31057977085,-5.336510010278,
    -7.850141219237));
#2373 = CARTESIAN_POINT('',(282.59592046797,-5.379547246117,
    -7.81727833204));
#2374 = CARTESIAN_POINT('',(282.88096636192,-5.41407112957,
    -7.79003946428));
#2375 = CARTESIAN_POINT('',(283.43174756246,-5.465925001603,
    -7.747472077944));
#2376 = CARTESIAN_POINT('',(283.69745359499,-5.48422598019,
    -7.731486121976));
#2377 = CARTESIAN_POINT('',(283.96270798083,-5.496426186927,
    -7.719759725516));
#2378 = CARTESIAN_POINT('',(284.22744350707,-5.50305085982,
    -7.711995837855));
#2379 = CARTESIAN_POINT('',(284.49161186789,-5.504531566361,
    -7.707919417742));
#2380 = CARTESIAN_POINT('',(284.75518327307,-5.501227245585,
    -7.707277786468));
#2381 = CARTESIAN_POINT('',(285.01814632785,-5.493437428354,
    -7.709840173855));
#2382 = CARTESIAN_POINT('',(285.76667424102,-5.459115993208,
    -7.725692451976));
#2383 = CARTESIAN_POINT('',(286.25068358838,-5.422270449235,
    -7.746266803981));
#2384 = CARTESIAN_POINT('',(286.73257777062,-5.372444830134,
    -7.775776298345));
#2385 = CARTESIAN_POINT('',(287.21236894505,-5.310614222094,
    -7.813119498936));
#2386 = CARTESIAN_POINT('',(287.690061382,-5.237375434147,-7.85737413381
    ));
#2387 = CARTESIAN_POINT('',(288.16566302687,-5.153035835207,
    -7.907758268915));
#2388 = CARTESIAN_POINT('',(288.63919024219,-5.057618928315,
    -7.963605063385));
#2389 = CARTESIAN_POINT('',(289.44377121062,-4.875391579627,
    -8.067251119685));
#2390 = CARTESIAN_POINT('',(289.77581379093,-4.794282639266,
    -8.112596923399));
#2391 = CARTESIAN_POINT('',(290.10679507427,-4.707409609615,
    -8.160173697036));
#2392 = CARTESIAN_POINT('',(290.43669177132,-4.614602340978,
    -8.209796779301));
#2393 = CARTESIAN_POINT('',(290.76545874155,-4.515609880542,
    -8.261296277389));
#2394 = CARTESIAN_POINT('',(291.09302869669,-4.410091039105,
    -8.314513359977));
#2395 = CARTESIAN_POINT('',(291.41930933854,-4.297583811915,
    -8.369296953259));
#2396 = CARTESIAN_POINT('',(292.07473178704,-4.055177156672,
    -8.482686957231));
#2397 = CARTESIAN_POINT('',(292.4036889769,-3.925056500337,
    -8.541320217138));
#2398 = CARTESIAN_POINT('',(292.73104036485,-3.786351532246,
    -8.601263612155));
#2399 = CARTESIAN_POINT('',(293.05662821103,-3.638131705402,
    -8.662368940949));
#2400 = CARTESIAN_POINT('',(293.38015498151,-3.479286076612,
    -8.724469890198));
#2401 = CARTESIAN_POINT('',(293.70111457955,-3.308179066943,
    -8.787361404848));
#2402 = CARTESIAN_POINT('',(294.01882187361,-3.12278149431,
    -8.850802159194));
#2403 = CARTESIAN_POINT('',(294.50913708264,-2.803972013312,
    -8.950404026973));
#2404 = CARTESIAN_POINT('',(294.68451332342,-2.683176099338,
    -8.986380178485));
#2405 = CARTESIAN_POINT('',(294.85823031768,-2.555873079672,
    -9.022347949436));
#2406 = CARTESIAN_POINT('',(295.030028546,-2.421092856735,
    -9.058233825422));
#2407 = CARTESIAN_POINT('',(295.19943379831,-2.277779435912,
    -9.093918480686));
#2408 = CARTESIAN_POINT('',(295.36561208437,-2.124386717029,
    -9.129201636095));
#2409 = CARTESIAN_POINT('',(295.52746937029,-1.959151787024,
    -9.163821631624));
#2410 = CARTESIAN_POINT('',(295.76775618988,-1.679811617824,
    -9.21555731113));
#2411 = CARTESIAN_POINT('',(295.85034998509,-1.576999667498,
    -9.233408331271));
#2412 = CARTESIAN_POINT('',(295.93072111562,-1.469058654545,
    -9.250841877594));
#2413 = CARTESIAN_POINT('',(296.00844846431,-1.355249720367,
    -9.267760339249));
#2414 = CARTESIAN_POINT('',(296.08277479567,-1.234835237355,
    -9.283991530723));
#2415 = CARTESIAN_POINT('',(296.15261640581,-1.107090779558,
    -9.299288982058));
#2416 = CARTESIAN_POINT('',(296.21652928769,-0.971247350853,
    -9.313323585885));
#2417 = CARTESIAN_POINT('',(296.30817396286,-0.734011924263,
    -9.333487502557));
#2418 = CARTESIAN_POINT('',(296.34061452229,-0.638057976759,
    -9.340636370153));
#2419 = CARTESIAN_POINT('',(296.36924173429,-0.538401162562,
    -9.346953823625));
#2420 = CARTESIAN_POINT('',(296.39333695594,-0.435240217901,
    -9.352277628682));
#2421 = CARTESIAN_POINT('',(296.41215113515,-0.328981539459,
    -9.356438256834));
#2422 = CARTESIAN_POINT('',(296.42500130693,-0.220285445374,
    -9.359281222809));
#2423 = CARTESIAN_POINT('',(296.43142620988,-0.11014313821,
    -9.360702651902));
#2424 = CARTESIAN_POINT('',(296.43142620994,0.,-9.360702651909));
#2425 = PCURVE('',#1282,#2426);
#2426 = DEFINITIONAL_REPRESENTATION('',(#2427),#2514);
#2427 = B_SPLINE_CURVE_WITH_KNOTS('',8,(#2428,#2429,#2430,#2431,#2432,
    #2433,#2434,#2435,#2436,#2437,#2438,#2439,#2440,#2441,#2442,#2443,
    #2444,#2445,#2446,#2447,#2448,#2449,#2450,#2451,#2452,#2453,#2454,
    #2455,#2456,#2457,#2458,#2459,#2460,#2461,#2462,#2463,#2464,#2465,
    #2466,#2467,#2468,#2469,#2470,#2471,#2472,#2473,#2474,#2475,#2476,
    #2477,#2478,#2479,#2480,#2481,#2482,#2483,#2484,#2485,#2486,#2487,
    #2488,#2489,#2490,#2491,#2492,#2493,#2494,#2495,#2496,#2497,#2498,
    #2499,#2500,#2501,#2502,#2503,#2504,#2505,#2506,#2507,#2508,#2509,
    #2510,#2511,#2512,#2513),.UNSPECIFIED.,.F.,.F.,(9,7,7,7,7,7,7,7,7,7,
    7,7,9),(0.,5.841329952621E-02,8.764840369076E-02,0.144006313212,
    0.225215883858,0.329011292666,0.426011426029,0.605756199215,
    0.732746921384,0.86196185533,0.934974109454,0.974720213696,1.),
  .UNSPECIFIED.);
#2428 = CARTESIAN_POINT('',(6.283185306751,8.771669297838));
#2429 = CARTESIAN_POINT('',(6.236941927798,8.771669297937));
#2430 = CARTESIAN_POINT('',(6.190677975509,8.777152861089));
#2431 = CARTESIAN_POINT('',(6.144595008368,8.788128254414));
#2432 = CARTESIAN_POINT('',(6.098854853565,8.80456599345));
#2433 = CARTESIAN_POINT('',(6.053598630712,8.826437411593));
#2434 = CARTESIAN_POINT('',(6.008957064912,8.853706175993));
#2435 = CARTESIAN_POINT('',(5.965055783578,8.886295501392));
#2436 = CARTESIAN_POINT('',(5.900480081329,8.94295136237));
#2437 = CARTESIAN_POINT('',(5.879151021356,8.963149335532));
#2438 = CARTESIAN_POINT('',(5.858043995887,8.984633546674));
#2439 = CARTESIAN_POINT('',(5.837169179009,9.007387983636));
#2440 = CARTESIAN_POINT('',(5.816535169879,9.031394763874));
#2441 = CARTESIAN_POINT('',(5.796149128093,9.056634089977));
#2442 = CARTESIAN_POINT('',(5.776016909049,9.083084205195));
#2443 = CARTESIAN_POINT('',(5.717831697887,9.163998793737));
#2444 = CARTESIAN_POINT('',(5.680485586147,9.22168093474));
#2445 = CARTESIAN_POINT('',(5.644130199072,9.283606799173));
#2446 = CARTESIAN_POINT('',(5.6087760935,9.349592945792));
#2447 = CARTESIAN_POINT('',(5.574421200585,9.419435225766));
#2448 = CARTESIAN_POINT('',(5.541052365618,9.492916048048));
#2449 = CARTESIAN_POINT('',(5.508646275183,9.569817149271));
#2450 = CARTESIAN_POINT('',(5.43181334599,9.765388729164));
#2451 = CARTESIAN_POINT('',(5.388407721919,9.887471467467));
#2452 = CARTESIAN_POINT('',(5.346832154883,10.015624811632));
#2453 = CARTESIAN_POINT('',(5.306971404052,10.14926088758));
#2454 = CARTESIAN_POINT('',(5.268710898021,10.287805197282));
#2455 = CARTESIAN_POINT('',(5.231933926824,10.43073441554));
#2456 = CARTESIAN_POINT('',(5.196520860308,10.577612004834));
#2457 = CARTESIAN_POINT('',(5.118676505505,10.920490723006));
#2458 = CARTESIAN_POINT('',(5.077060295785,11.118669372278));
#2459 = CARTESIAN_POINT('',(5.037253407755,11.321936754721));
#2460 = CARTESIAN_POINT('',(4.999055544703,11.529627455972));
#2461 = CARTESIAN_POINT('',(4.962293826534,11.741158409204));
#2462 = CARTESIAN_POINT('',(4.926813848408,11.956046446842));
#2463 = CARTESIAN_POINT('',(4.892475779615,12.173918800884));
#2464 = CARTESIAN_POINT('',(4.828003750965,12.600676697503));
#2465 = CARTESIAN_POINT('',(4.797750127466,12.809161169572));
#2466 = CARTESIAN_POINT('',(4.768286955931,13.019718857296));
#2467 = CARTESIAN_POINT('',(4.739528233753,13.232124321799));
#2468 = CARTESIAN_POINT('',(4.711398855399,13.446180236078));
#2469 = CARTESIAN_POINT('',(4.683831518126,13.661717266864));
#2470 = CARTESIAN_POINT('',(4.656764648969,13.878593715787));
#2471 = CARTESIAN_POINT('',(4.580807417803,14.50084437926));
#2472 = CARTESIAN_POINT('',(4.533005861066,14.909122589113));
#2473 = CARTESIAN_POINT('',(4.486373743038,15.320793144243));
#2474 = CARTESIAN_POINT('',(4.440624982827,15.73523424552));
#2475 = CARTESIAN_POINT('',(4.395511726163,16.151920397554));
#2476 = CARTESIAN_POINT('',(4.350805546811,16.570409609882));
#2477 = CARTESIAN_POINT('',(4.306284319127,16.990332801685));
#2478 = CARTESIAN_POINT('',(4.230219008159,17.708855882386));
#2479 = CARTESIAN_POINT('',(4.198704755418,18.006858525334));
#2480 = CARTESIAN_POINT('',(4.16708511119,18.305271436487));
#2481 = CARTESIAN_POINT('',(4.135276260045,18.603969620961));
#2482 = CARTESIAN_POINT('',(4.10318900543,18.902818655307));
#2483 = CARTESIAN_POINT('',(4.070725414906,19.201672318294));
#2484 = CARTESIAN_POINT('',(4.037772354067,19.500368351285));
#2485 = CARTESIAN_POINT('',(3.970015135807,20.102296824242));
#2486 = CARTESIAN_POINT('',(3.935202415119,20.405393435066));
#2487 = CARTESIAN_POINT('',(3.899589405541,20.707926112597));
#2488 = CARTESIAN_POINT('',(3.862989884628,21.009680639144));
#2489 = CARTESIAN_POINT('',(3.825194336768,21.310317895703));
#2490 = CARTESIAN_POINT('',(3.785906850502,21.609305697435));
#2491 = CARTESIAN_POINT('',(3.744767532897,21.905944398644));
#2492 = CARTESIAN_POINT('',(3.676374579209,22.364716388843));
#2493 = CARTESIAN_POINT('',(3.650897104888,22.529011267772));
#2494 = CARTESIAN_POINT('',(3.624485418067,22.691942164644));
#2495 = CARTESIAN_POINT('',(3.596968338852,22.853254327417));
#2496 = CARTESIAN_POINT('',(3.568163804668,23.012490863583));
#2497 = CARTESIAN_POINT('',(3.537804246321,23.168853732857));
#2498 = CARTESIAN_POINT('',(3.505584704717,23.321296673164));
#2499 = CARTESIAN_POINT('',(3.451912794738,23.547802479329));
#2500 = CARTESIAN_POINT('',(3.432298453522,23.625698280045));
#2501 = CARTESIAN_POINT('',(3.411846071791,23.701533927287));
#2502 = CARTESIAN_POINT('',(3.390424804398,23.774908474807));
#2503 = CARTESIAN_POINT('',(3.367905810136,23.845102870051));
#2504 = CARTESIAN_POINT('',(3.344162379379,23.911088025394));
#2505 = CARTESIAN_POINT('',(3.319056568498,23.971492311295));
#2506 = CARTESIAN_POINT('',(3.27542774353,24.058128781778));
#2507 = CARTESIAN_POINT('',(3.257831272888,24.088802954344));
#2508 = CARTESIAN_POINT('',(3.239602903623,24.115876536043));
#2509 = CARTESIAN_POINT('',(3.220776192248,24.138667795232));
#2510 = CARTESIAN_POINT('',(3.201419719579,24.15646590685));
#2511 = CARTESIAN_POINT('',(3.181644550938,24.168622809659));
#2512 = CARTESIAN_POINT('',(3.16161867897,24.174701080258));
#2513 = CARTESIAN_POINT('',(3.141592653841,24.174701080311));
#2514 = ( GEOMETRIC_REPRESENTATION_CONTEXT(2) 
PARAMETRIC_REPRESENTATION_CONTEXT() REPRESENTATION_CONTEXT('2D SPACE',''
  ) );
#2515 = PCURVE('',#2099,#2516);
#2516 = DEFINITIONAL_REPRESENTATION('',(#2517),#2604);
#2517 = B_SPLINE_CURVE_WITH_KNOTS('',8,(#2518,#2519,#2520,#2521,#2522,
    #2523,#2524,#2525,#2526,#2527,#2528,#2529,#2530,#2531,#2532,#2533,
    #2534,#2535,#2536,#2537,#2538,#2539,#2540,#2541,#2542,#2543,#2544,
    #2545,#2546,#2547,#2548,#2549,#2550,#2551,#2552,#2553,#2554,#2555,
    #2556,#2557,#2558,#2559,#2560,#2561,#2562,#2563,#2564,#2565,#2566,
    #2567,#2568,#2569,#2570,#2571,#2572,#2573,#2574,#2575,#2576,#2577,
    #2578,#2579,#2580,#2581,#2582,#2583,#2584,#2585,#2586,#2587,#2588,
    #2589,#2590,#2591,#2592,#2593,#2594,#2595,#2596,#2597,#2598,#2599,
    #2600,#2601,#2602,#2603),.UNSPECIFIED.,.F.,.F.,(9,7,7,7,7,7,7,7,7,7,
    7,7,9),(0.,5.841329952621E-02,8.764840369076E-02,0.144006313212,
    0.225215883858,0.329011292666,0.426011426029,0.605756199215,
    0.732746921384,0.86196185533,0.934974109454,0.974720213696,1.),
  .UNSPECIFIED.);
#2518 = CARTESIAN_POINT('',(-6.28318530718,-14.00299377055));
#2519 = CARTESIAN_POINT('',(-6.256515458796,-14.00299377069));
#2520 = CARTESIAN_POINT('',(-6.229833738895,-14.01519550082));
#2521 = CARTESIAN_POINT('',(-6.203313159589,-14.03961759661));
#2522 = CARTESIAN_POINT('',(-6.177103899776,-14.07602491934));
#2523 = CARTESIAN_POINT('',(-6.151340240984,-14.12401618659));
#2524 = CARTESIAN_POINT('',(-6.126144086669,-14.18304950571));
#2525 = CARTESIAN_POINT('',(-6.101626080827,-14.25243729306));
#2526 = CARTESIAN_POINT('',(-6.066003407616,-14.3708328821));
#2527 = CARTESIAN_POINT('',(-6.054312598767,-14.41271948606));
#2528 = CARTESIAN_POINT('',(-6.042823378587,-14.45690639742));
#2529 = CARTESIAN_POINT('',(-6.031544658084,-14.50329464258));
#2530 = CARTESIAN_POINT('',(-6.020483893424,-14.55178287619));
#2531 = CARTESIAN_POINT('',(-6.009647183451,-14.60226850688));
#2532 = CARTESIAN_POINT('',(-5.999039367186,-14.65464882313));
#2533 = CARTESIAN_POINT('',(-5.968663263377,-14.81325457419));
#2534 = CARTESIAN_POINT('',(-5.949529153137,-14.92433714114));
#2535 = CARTESIAN_POINT('',(-5.931283745195,-15.04135792157));
#2536 = CARTESIAN_POINT('',(-5.913934192063,-15.16362316325));
#2537 = CARTESIAN_POINT('',(-5.897475169793,-15.29047560117));
#2538 = CARTESIAN_POINT('',(-5.881891088645,-15.42131125201));
#2539 = CARTESIAN_POINT('',(-5.867158188809,-15.55559466166));
#2540 = CARTESIAN_POINT('',(-5.833200345534,-15.89068482098));
#2541 = CARTESIAN_POINT('',(-5.814868443267,-16.09462433751));
#2542 = CARTESIAN_POINT('',(-5.798150399733,-16.30341009063));
#2543 = CARTESIAN_POINT('',(-5.782942011567,-16.51594259362));
#2544 = CARTESIAN_POINT('',(-5.769137310079,-16.73131028422));
#2545 = CARTESIAN_POINT('',(-5.756631059847,-16.9487948649));
#2546 = CARTESIAN_POINT('',(-5.74532173255,-17.16787563731));
#2547 = CARTESIAN_POINT('',(-5.722069491863,-17.66987531195));
#2548 = CARTESIAN_POINT('',(-5.710833379458,-17.95342239155));
#2549 = CARTESIAN_POINT('',(-5.701208159869,-18.23813595379));
#2550 = CARTESIAN_POINT('',(-5.693028181811,-18.52344244392));
#2551 = CARTESIAN_POINT('',(-5.686150604546,-18.80891310419));
#2552 = CARTESIAN_POINT('',(-5.680451499824,-19.09425380131));
#2553 = CARTESIAN_POINT('',(-5.675824513875,-19.37929969525));
#2554 = CARTESIAN_POINT('',(-5.668771281006,-19.93008089579));
#2555 = CARTESIAN_POINT('',(-5.666221703274,-20.19578692832));
#2556 = CARTESIAN_POINT('',(-5.664455492953,-20.46104131416));
#2557 = CARTESIAN_POINT('',(-5.663410139794,-20.7257768404));
#2558 = CARTESIAN_POINT('',(-5.663032456397,-20.98994520122));
#2559 = CARTESIAN_POINT('',(-5.663276760379,-21.2535166064));
#2560 = CARTESIAN_POINT('',(-5.664103729959,-21.51647966118));
#2561 = CARTESIAN_POINT('',(-5.668030087249,-22.26500757435));
#2562 = CARTESIAN_POINT('',(-5.67246560473,-22.74901692172));
#2563 = CARTESIAN_POINT('',(-5.678572344392,-23.23091110396));
#2564 = CARTESIAN_POINT('',(-5.686201932623,-23.71070227838));
#2565 = CARTESIAN_POINT('',(-5.695249916859,-24.18839471533));
#2566 = CARTESIAN_POINT('',(-5.70564645442,-24.66399636021));
#2567 = CARTESIAN_POINT('',(-5.717355198258,-25.13752357552));
#2568 = CARTESIAN_POINT('',(-5.739575342224,-25.94210454395));
#2569 = CARTESIAN_POINT('',(-5.749428557694,-26.27414712426));
#2570 = CARTESIAN_POINT('',(-5.759935205856,-26.60512840761));
#2571 = CARTESIAN_POINT('',(-5.771103045926,-26.93502510465));
#2572 = CARTESIAN_POINT('',(-5.78294893581,-27.26379207488));
#2573 = CARTESIAN_POINT('',(-5.795499726819,-27.59136203002));
#2574 = CARTESIAN_POINT('',(-5.80879540388,-27.91764267188));
#2575 = CARTESIAN_POINT('',(-5.837244935824,-28.57306512038));
#2576 = CARTESIAN_POINT('',(-5.852421511537,-28.90202231023));
#2577 = CARTESIAN_POINT('',(-5.868493918007,-29.22937369818));
#2578 = CARTESIAN_POINT('',(-5.885551879639,-29.55496154437));
#2579 = CARTESIAN_POINT('',(-5.903703830559,-29.87848831484));
#2580 = CARTESIAN_POINT('',(-5.923113380101,-30.19944791289));
#2581 = CARTESIAN_POINT('',(-5.943985305852,-30.51715520694));
#2582 = CARTESIAN_POINT('',(-5.979589520036,-31.00747041598));
#2583 = CARTESIAN_POINT('',(-5.993026527402,-31.18284665676));
#2584 = CARTESIAN_POINT('',(-6.007131175196,-31.35656365101));
#2585 = CARTESIAN_POINT('',(-6.022004416137,-31.52836187933));
#2586 = CARTESIAN_POINT('',(-6.037755595739,-31.69776713164));
#2587 = CARTESIAN_POINT('',(-6.054545723228,-31.8639454177));
#2588 = CARTESIAN_POINT('',(-6.07255850537,-32.02580270362));
#2589 = CARTESIAN_POINT('',(-6.102884330613,-32.26608952321));
#2590 = CARTESIAN_POINT('',(-6.114023762618,-32.34868331843));
#2591 = CARTESIAN_POINT('',(-6.125696301392,-32.42905444895));
#2592 = CARTESIAN_POINT('',(-6.137979961345,-32.50678179764));
#2593 = CARTESIAN_POINT('',(-6.150952299776,-32.581108129));
#2594 = CARTESIAN_POINT('',(-6.164689485043,-32.65094973914));
#2595 = CARTESIAN_POINT('',(-6.179273003265,-32.71486262103));
#2596 = CARTESIAN_POINT('',(-6.204703972372,-32.8065072962));
#2597 = CARTESIAN_POINT('',(-6.214981273825,-32.83894785562));
#2598 = CARTESIAN_POINT('',(-6.225646909159,-32.86757506762));
#2599 = CARTESIAN_POINT('',(-6.236680044491,-32.89167028927));
#2600 = CARTESIAN_POINT('',(-6.248038162918,-32.91048446848));
#2601 = CARTESIAN_POINT('',(-6.259652304033,-32.92333464027));
#2602 = CARTESIAN_POINT('',(-6.271418761194,-32.92975954322));
#2603 = CARTESIAN_POINT('',(-6.28318530718,-32.92975954327));
#2604 = ( GEOMETRIC_REPRESENTATION_CONTEXT(2) 
PARAMETRIC_REPRESENTATION_CONTEXT() REPRESENTATION_CONTEXT('2D SPACE',''
  ) );
#2605 = ORIENTED_EDGE('',*,*,#2606,.T.);
#2606 = EDGE_CURVE('',#2333,#2182,#2607,.T.);
#2607 = SEAM_CURVE('',#2608,(#2612,#2619),.PCURVE_S1.);
#2608 = LINE('',#2609,#2610);
#2609 = CARTESIAN_POINT('',(270.31932960006,-1.347111479062E-15,
    -4.505336243589));
#2610 = VECTOR('',#2611,1.);
#2611 = DIRECTION('',(0.819152044289,0.,-0.573576436351));
#2612 = PCURVE('',#1282,#2613);
#2613 = DEFINITIONAL_REPRESENTATION('',(#2614),#2618);
#2614 = LINE('',#2615,#2616);
#2615 = CARTESIAN_POINT('',(0.,-0.));
#2616 = VECTOR('',#2617,1.);
#2617 = DIRECTION('',(0.,1.));
#2618 = ( GEOMETRIC_REPRESENTATION_CONTEXT(2) 
PARAMETRIC_REPRESENTATION_CONTEXT() REPRESENTATION_CONTEXT('2D SPACE',''
  ) );
#2619 = PCURVE('',#1282,#2620);
#2620 = DEFINITIONAL_REPRESENTATION('',(#2621),#2625);
#2621 = LINE('',#2622,#2623);
#2622 = CARTESIAN_POINT('',(6.28318530718,-0.));
#2623 = VECTOR('',#2624,1.);
#2624 = DIRECTION('',(0.,1.));
#2625 = ( GEOMETRIC_REPRESENTATION_CONTEXT(2) 
PARAMETRIC_REPRESENTATION_CONTEXT() REPRESENTATION_CONTEXT('2D SPACE',''
  ) );
#2626 = ORIENTED_EDGE('',*,*,#2249,.T.);
#2627 = ORIENTED_EDGE('',*,*,#1265,.T.);
#2628 = ORIENTED_EDGE('',*,*,#2181,.T.);
#2629 = ORIENTED_EDGE('',*,*,#2606,.F.);
#2630 = ORIENTED_EDGE('',*,*,#2631,.F.);
#2631 = EDGE_CURVE('',#2335,#2333,#2632,.T.);
#2632 = SURFACE_CURVE('',#2633,(#2741,#2852),.PCURVE_S1.);
#2633 = B_SPLINE_CURVE_WITH_KNOTS('',8,(#2634,#2635,#2636,#2637,#2638,
    #2639,#2640,#2641,#2642,#2643,#2644,#2645,#2646,#2647,#2648,#2649,
    #2650,#2651,#2652,#2653,#2654,#2655,#2656,#2657,#2658,#2659,#2660,
    #2661,#2662,#2663,#2664,#2665,#2666,#2667,#2668,#2669,#2670,#2671,
    #2672,#2673,#2674,#2675,#2676,#2677,#2678,#2679,#2680,#2681,#2682,
    #2683,#2684,#2685,#2686,#2687,#2688,#2689,#2690,#2691,#2692,#2693,
    #2694,#2695,#2696,#2697,#2698,#2699,#2700,#2701,#2702,#2703,#2704,
    #2705,#2706,#2707,#2708,#2709,#2710,#2711,#2712,#2713,#2714,#2715,
    #2716,#2717,#2718,#2719,#2720,#2721,#2722,#2723,#2724,#2725,#2726,
    #2727,#2728,#2729,#2730,#2731,#2732,#2733,#2734,#2735,#2736,#2737,
    #2738,#2739,#2740),.UNSPECIFIED.,.F.,.F.,(9,7,7,7,7,7,7,7,7,7,7,7,7,
    7,7,9),(0.,1.762543633679E-02,3.106944237231E-02,5.481158401047E-02,
    8.464477492045E-02,0.133640175309,0.180097505814,0.287022180127,
    0.394103248776,0.550341140312,0.717326692261,0.805924178756,
    0.87388412784,0.920960427575,0.946623910312,1.),.UNSPECIFIED.);
#2634 = CARTESIAN_POINT('',(296.43142620994,3.367778697655E-16,
    -9.360702651909));
#2635 = CARTESIAN_POINT('',(296.43142620994,7.672553331321E-02,
    -9.360702651909));
#2636 = CARTESIAN_POINT('',(296.42830852055,0.153476989824,
    -9.360012903714));
#2637 = CARTESIAN_POINT('',(296.42206930443,0.229770840524,
    -9.358632541875));
#2638 = CARTESIAN_POINT('',(296.41281222449,0.30521563285,-9.35658494218
    ));
#2639 = CARTESIAN_POINT('',(296.400714559,0.379499152926,-9.353910134538
    ));
#2640 = CARTESIAN_POINT('',(296.3859987644,0.452377758499,
    -9.350658393148));
#2641 = CARTESIAN_POINT('',(296.36890948583,0.52366788255,
    -9.346885003952));
#2642 = CARTESIAN_POINT('',(296.33504071793,0.646306424249,
    -9.339413019628));
#2643 = CARTESIAN_POINT('',(296.31914262834,0.698397686966,
    -9.335907525921));
#2644 = CARTESIAN_POINT('',(296.30210280324,0.749484540392,
    -9.332152592662));
#2645 = CARTESIAN_POINT('',(296.28401870766,0.799553861019,
    -9.328170274545));
#2646 = CARTESIAN_POINT('',(296.26498225647,0.848606446631,
    -9.323981378203));
#2647 = CARTESIAN_POINT('',(296.24507785593,0.896655105744,
    -9.319605023856));
#2648 = CARTESIAN_POINT('',(296.22438044518,0.943722747046,
    -9.315058206967));
#2649 = CARTESIAN_POINT('',(296.16511357608,1.071284458051,
    -9.302050122525));
#2650 = CARTESIAN_POINT('',(296.1250176057,1.149726574805,
    -9.293262467706));
#2651 = CARTESIAN_POINT('',(296.08301167268,1.225366687251,
    -9.284071084334));
#2652 = CARTESIAN_POINT('',(296.03938361797,1.298384284768,
    -9.274541485069));
#2653 = CARTESIAN_POINT('',(295.99436985951,1.368949316555,
    -9.264727513666));
#2654 = CARTESIAN_POINT('',(295.94815986541,1.437229437222,
    -9.254672391606));
#2655 = CARTESIAN_POINT('',(295.90089831833,1.503393659365,
    -9.244409303997));
#2656 = CARTESIAN_POINT('',(295.79210248313,1.648306495866,
    -9.220833366558));
#2657 = CARTESIAN_POINT('',(295.7300520746,1.725883080427,
    -9.207421156802));
#2658 = CARTESIAN_POINT('',(295.66676088987,1.800651068583,
    -9.193777331684));
#2659 = CARTESIAN_POINT('',(295.60240989562,1.872855747121,
    -9.179943781852));
#2660 = CARTESIAN_POINT('',(295.53714365508,1.942702535553,
    -9.165954095211));
#2661 = CARTESIAN_POINT('',(295.47107685861,2.010373011695,
    -9.151835093993));
#2662 = CARTESIAN_POINT('',(295.40429761038,2.076033215122,
    -9.137607666131));
#2663 = CARTESIAN_POINT('',(295.22612616014,2.244615383297,
    -9.099767713308));
#2664 = CARTESIAN_POINT('',(295.11367305544,2.344341542214,
    -9.07600606143));
#2665 = CARTESIAN_POINT('',(294.99981367684,2.439664613913,
    -9.052075549249));
#2666 = CARTESIAN_POINT('',(294.8847762076,2.531054334003,
    -9.028031992985));
#2667 = CARTESIAN_POINT('',(294.76873725822,2.618887351081,
    -9.003919375299));
#2668 = CARTESIAN_POINT('',(294.65183166512,2.703481803312,
    -8.979772268518));
#2669 = CARTESIAN_POINT('',(294.53415545694,2.785108095646,
    -8.955616761813));
#2670 = CARTESIAN_POINT('',(294.30351935448,2.938817963813,
    -8.908577867969));
#2671 = CARTESIAN_POINT('',(294.19064829817,3.011165217131,
    -8.885696945852));
#2672 = CARTESIAN_POINT('',(294.07722555601,3.081244195809,
    -8.862848281228));
#2673 = CARTESIAN_POINT('',(293.96330717314,3.14921666727,
    -8.840048380535));
#2674 = CARTESIAN_POINT('',(293.84893968788,3.215219858803,
    -8.817311650854));
#2675 = CARTESIAN_POINT('',(293.73416159749,3.279373320796,
    -8.794650778295));
#2676 = CARTESIAN_POINT('',(293.61900423741,3.341783112664,
    -8.772076980289));
#2677 = CARTESIAN_POINT('',(293.23763305196,3.5423870002,-8.697868151476
    ));
#2678 = CARTESIAN_POINT('',(292.96992410054,3.673477626012,
    -8.646655485095));
#2679 = CARTESIAN_POINT('',(292.70066291363,3.796967299794,
    -8.596082082709));
#2680 = CARTESIAN_POINT('',(292.43006408162,3.913643438185,
    -8.546251718456));
#2681 = CARTESIAN_POINT('',(292.15828790138,4.02410937568,
    -8.497259499977));
#2682 = CARTESIAN_POINT('',(291.88545051883,4.128850496937,
    -8.449195328772));
#2683 = CARTESIAN_POINT('',(291.61162625784,4.22825158201,
    -8.402145943594));
#2684 = CARTESIAN_POINT('',(291.06167782152,4.417148577521,
    -8.310183208445));
#2685 = CARTESIAN_POINT('',(290.78557591014,4.506621081926,
    -8.265277274162));
#2686 = CARTESIAN_POINT('',(290.50860487238,4.59136100826,
    -8.221570424551));
#2687 = CARTESIAN_POINT('',(290.23080932024,4.67160441288,
    -8.179156213878));
#2688 = CARTESIAN_POINT('',(289.95222276061,4.747530188019,
    -8.138133043952));
#2689 = CARTESIAN_POINT('',(289.67286870699,4.819272801518,
    -8.098605693659));
#2690 = CARTESIAN_POINT('',(289.39276100325,4.886928559005,
    -8.060687036329));
#2691 = CARTESIAN_POINT('',(288.70211471315,5.043390861757,
    -7.971700743999));
#2692 = CARTESIAN_POINT('',(288.29076170044,5.127642024325,
    -7.922592064628));
#2693 = CARTESIAN_POINT('',(287.87784114237,5.203497389741,
    -7.877552234551));
#2694 = CARTESIAN_POINT('',(287.46334968152,5.270963298601,
    -7.837012916741));
#2695 = CARTESIAN_POINT('',(287.04728380098,5.32988980467,
    -7.801467357079));
#2696 = CARTESIAN_POINT('',(286.62963693189,5.379963234751,
    -7.771484353065));
#2697 = CARTESIAN_POINT('',(286.21039364935,5.420665422321,
    -7.747727943554));
#2698 = CARTESIAN_POINT('',(285.33969628078,5.483834265549,
    -7.713085792426));
#2699 = CARTESIAN_POINT('',(284.88825049534,5.504835720157,
    -7.703207519555));
#2700 = CARTESIAN_POINT('',(284.43493381574,5.513267138412,
    -7.702283370711));
#2701 = CARTESIAN_POINT('',(283.97971026106,5.507767527044,
    -7.711434090724));
#2702 = CARTESIAN_POINT('',(283.52275676098,5.486501314927,
    -7.731978455523));
#2703 = CARTESIAN_POINT('',(283.06447151115,5.44693531069,
    -7.765431920284));
#2704 = CARTESIAN_POINT('',(282.60547804466,5.385666024145,
    -7.813499378033));
#2705 = CARTESIAN_POINT('',(281.90324529857,5.250673264215,
    -7.912137033561));
#2706 = CARTESIAN_POINT('',(281.65998976341,5.19632025988,
    -7.950923154435));
#2707 = CARTESIAN_POINT('',(281.41702870076,5.133640690317,
    -7.994560317806));
#2708 = CARTESIAN_POINT('',(281.17460934679,5.061738108642,
    -8.043295104674));
#2709 = CARTESIAN_POINT('',(280.93310616181,4.97958040929,
    -8.097342845591));
#2710 = CARTESIAN_POINT('',(280.69302563673,4.88598158617,
    -8.156853855917));
#2711 = CARTESIAN_POINT('',(280.45501386451,4.779573064468,
    -8.221866217128));
#2712 = CARTESIAN_POINT('',(280.03949406977,4.566096777643,
    -8.346230220119));
#2713 = CARTESIAN_POINT('',(279.86087240159,4.464989473856,
    -8.403353583978));
#2714 = CARTESIAN_POINT('',(279.68435798674,4.354734451096,
    -8.463549248411));
#2715 = CARTESIAN_POINT('',(279.51044099907,4.23458772686,
    -8.526670073527));
#2716 = CARTESIAN_POINT('',(279.33973893342,4.103788411952,
    -8.592453668567));
#2717 = CARTESIAN_POINT('',(279.17298803422,3.961585249274,
    -8.660494554524));
#2718 = CARTESIAN_POINT('',(279.01103289096,3.807270859232,
    -8.730222547718));
#2719 = CARTESIAN_POINT('',(278.74660049526,3.524509029945,
    -8.849837343409));
#2720 = CARTESIAN_POINT('',(278.64115898855,3.402705546653,
    -8.899228158883));
#2721 = CARTESIAN_POINT('',(278.53881741148,3.274628025637,
    -8.948802892115));
#2722 = CARTESIAN_POINT('',(278.43993918044,3.14013375815,
    -8.998257029481));
#2723 = CARTESIAN_POINT('',(278.34491578151,2.999135340879,
    -9.047237282269));
#2724 = CARTESIAN_POINT('',(278.25415849428,2.851615125841,
    -9.095345526824));
#2725 = CARTESIAN_POINT('',(278.16808945515,2.697641322223,
    -9.142147864953));
#2726 = CARTESIAN_POINT('',(278.04299841478,2.450022976765,
    -9.211742717726));
#2727 = CARTESIAN_POINT('',(278.00038483756,2.360795251651,
    -9.235772614189));
#2728 = CARTESIAN_POINT('',(277.95936080093,2.269732690758,
    -9.259204280689));
#2729 = CARTESIAN_POINT('',(277.91999544515,2.176874266373,
    -9.281961680256));
#2730 = CARTESIAN_POINT('',(277.88235698066,2.082268483523,
    -9.303967937887));
#2731 = CARTESIAN_POINT('',(277.84651209057,1.985974056353,
    -9.325146326212));
#2732 = CARTESIAN_POINT('',(277.81252533318,1.888060584508,
    -9.345421251173));
#2733 = CARTESIAN_POINT('',(277.71376456485,1.581765735249,
    -9.404856076093));
#2734 = CARTESIAN_POINT('',(277.65534645179,1.368180010646,
    -9.440784555288));
#2735 = CARTESIAN_POINT('',(277.60580884088,1.14867870912,-9.47181716413
    ));
#2736 = CARTESIAN_POINT('',(277.56563904143,0.924212968506,
    -9.49734263203));
#2737 = CARTESIAN_POINT('',(277.53522347195,0.695854693211,
    -9.516856818693));
#2738 = CARTESIAN_POINT('',(277.51484489298,0.464797224686,
    -9.529994072888));
#2739 = CARTESIAN_POINT('',(277.50466043728,0.232360400213,
    -9.536559060278));
#2740 = CARTESIAN_POINT('',(277.50466043721,0.,-9.536559060292));
#2741 = PCURVE('',#1282,#2742);
#2742 = DEFINITIONAL_REPRESENTATION('',(#2743),#2851);
#2743 = B_SPLINE_CURVE_WITH_KNOTS('',8,(#2744,#2745,#2746,#2747,#2748,
    #2749,#2750,#2751,#2752,#2753,#2754,#2755,#2756,#2757,#2758,#2759,
    #2760,#2761,#2762,#2763,#2764,#2765,#2766,#2767,#2768,#2769,#2770,
    #2771,#2772,#2773,#2774,#2775,#2776,#2777,#2778,#2779,#2780,#2781,
    #2782,#2783,#2784,#2785,#2786,#2787,#2788,#2789,#2790,#2791,#2792,
    #2793,#2794,#2795,#2796,#2797,#2798,#2799,#2800,#2801,#2802,#2803,
    #2804,#2805,#2806,#2807,#2808,#2809,#2810,#2811,#2812,#2813,#2814,
    #2815,#2816,#2817,#2818,#2819,#2820,#2821,#2822,#2823,#2824,#2825,
    #2826,#2827,#2828,#2829,#2830,#2831,#2832,#2833,#2834,#2835,#2836,
    #2837,#2838,#2839,#2840,#2841,#2842,#2843,#2844,#2845,#2846,#2847,
    #2848,#2849,#2850),.UNSPECIFIED.,.F.,.F.,(9,7,7,7,7,7,7,7,7,7,7,7,7,
    7,7,9),(0.,1.762543633679E-02,3.106944237231E-02,5.481158401047E-02,
    8.464477492045E-02,0.133640175309,0.180097505814,0.287022180127,
    0.394103248776,0.550341140312,0.717326692261,0.805924178756,
    0.87388412784,0.920960427575,0.946623910312,1.),.UNSPECIFIED.);
#2744 = CARTESIAN_POINT('',(3.14159265359,24.174701080315));
#2745 = CARTESIAN_POINT('',(3.127642556624,24.174701080315));
#2746 = CARTESIAN_POINT('',(3.113687748636,24.171751595365));
#2747 = CARTESIAN_POINT('',(3.09981199696,24.165848985701));
#2748 = CARTESIAN_POINT('',(3.086082342336,24.15709157481));
#2749 = CARTESIAN_POINT('',(3.072551910831,24.145647540757));
#2750 = CARTESIAN_POINT('',(3.059262121948,24.131727945285));
#2751 = CARTESIAN_POINT('',(3.046244292908,24.115564900679));
#2752 = CARTESIAN_POINT('',(3.023815524591,24.08353547608));
#2753 = CARTESIAN_POINT('',(3.014277128009,24.0685018549));
#2754 = CARTESIAN_POINT('',(3.004910051127,24.052389906102));
#2755 = CARTESIAN_POINT('',(2.99571622441,24.035292118401));
#2756 = CARTESIAN_POINT('',(2.986695213392,24.017295718258));
#2757 = CARTESIAN_POINT('',(2.977844525043,23.998480814138));
#2758 = CARTESIAN_POINT('',(2.969159914125,23.978918540778));
#2759 = CARTESIAN_POINT('',(2.945581891867,23.922908833082));
#2760 = CARTESIAN_POINT('',(2.931035563918,23.885023745238));
#2761 = CARTESIAN_POINT('',(2.916960157634,23.845342538413));
#2762 = CARTESIAN_POINT('',(2.903323470288,23.804138574627));
#2763 = CARTESIAN_POINT('',(2.890095386183,23.761636399616));
#2764 = CARTESIAN_POINT('',(2.877246312089,23.718016007409));
#2765 = CARTESIAN_POINT('',(2.864746306438,23.673414949284));
#2766 = CARTESIAN_POINT('',(2.83725835742,23.570772016292));
#2767 = CARTESIAN_POINT('',(2.822463540702,23.512250369816));
#2768 = CARTESIAN_POINT('',(2.808125701716,23.452579489866));
#2769 = CARTESIAN_POINT('',(2.794201719194,23.391931643163));
#2770 = CARTESIAN_POINT('',(2.780655677948,23.330444514194));
#2771 = CARTESIAN_POINT('',(2.767455859515,23.268227436401));
#2772 = CARTESIAN_POINT('',(2.75457314654,23.205364561323));
#2773 = CARTESIAN_POINT('',(2.721300349129,23.037710948333));
#2774 = CARTESIAN_POINT('',(2.701411127167,22.931965634129));
#2775 = CARTESIAN_POINT('',(2.682198659847,22.824971513486));
#2776 = CARTESIAN_POINT('',(2.663581081026,22.716947518076));
#2777 = CARTESIAN_POINT('',(2.645492964226,22.608063546148));
#2778 = CARTESIAN_POINT('',(2.627878961184,22.498449879113));
#2779 = CARTESIAN_POINT('',(2.610691735339,22.388200143163));
#2780 = CARTESIAN_POINT('',(2.577955976948,22.17229370725));
#2781 = CARTESIAN_POINT('',(2.562371150687,22.06671119296));
#2782 = CARTESIAN_POINT('',(2.547099795788,21.960695266224));
#2783 = CARTESIAN_POINT('',(2.532113512194,21.854301304227));
#2784 = CARTESIAN_POINT('',(2.517388141011,21.74757569249));
#2785 = CARTESIAN_POINT('',(2.502902519975,21.640557242578));
#2786 = CARTESIAN_POINT('',(2.488637715943,21.533278057036));
#2787 = CARTESIAN_POINT('',(2.442214438651,21.178312635272));
#2788 = CARTESIAN_POINT('',(2.410935297647,20.929643921759));
#2789 = CARTESIAN_POINT('',(2.380531335835,20.680070358141));
#2790 = CARTESIAN_POINT('',(2.350856933757,20.42982724897));
#2791 = CARTESIAN_POINT('',(2.321796540135,20.179100453254));
#2792 = CARTESIAN_POINT('',(2.293252602918,19.928036677538));
#2793 = CARTESIAN_POINT('',(2.265141987804,19.676746555692));
#2794 = CARTESIAN_POINT('',(2.209595724752,19.173507511926));
#2795 = CARTESIAN_POINT('',(2.182163670163,18.921581081026));
#2796 = CARTESIAN_POINT('',(2.155019394688,18.669630470189));
#2797 = CARTESIAN_POINT('',(2.128099806181,18.417745883955));
#2798 = CARTESIAN_POINT('',(2.101348600648,18.166011210504));
#2799 = CARTESIAN_POINT('',(2.07471345359,17.914505809684));
#2800 = CARTESIAN_POINT('',(2.048144116678,17.6633057632));
#2801 = CARTESIAN_POINT('',(1.982849395337,17.04652100235));
#2802 = CARTESIAN_POINT('',(1.944145648735,16.681392759756));
#2803 = CARTESIAN_POINT('',(1.905326242317,16.317314255251));
#2804 = CARTESIAN_POINT('',(1.866243609584,15.954530330314));
#2805 = CARTESIAN_POINT('',(1.826749498136,15.59332101827));
#2806 = CARTESIAN_POINT('',(1.786686138766,15.234007187075));
#2807 = CARTESIAN_POINT('',(1.745875640697,14.876957078416));
#2808 = CARTESIAN_POINT('',(1.659466347668,14.143853627407));
#2809 = CARTESIAN_POINT('',(1.613754923157,13.768384944828));
#2810 = CARTESIAN_POINT('',(1.566696869075,13.39651959003));
#2811 = CARTESIAN_POINT('',(1.517991770989,13.028870921966));
#2812 = CARTESIAN_POINT('',(1.467300959479,12.666340291789));
#2813 = CARTESIAN_POINT('',(1.414211664802,12.310123111623));
#2814 = CARTESIAN_POINT('',(1.358216809443,11.961708036354));
#2815 = CARTESIAN_POINT('',(1.2669310546,11.443048881773));
#2816 = CARTESIAN_POINT('',(1.234275774245,11.266032417848));
#2817 = CARTESIAN_POINT('',(1.200499180742,11.092039615361));
#2818 = CARTESIAN_POINT('',(1.165484994646,10.921414431354));
#2819 = CARTESIAN_POINT('',(1.129110298328,10.754587114303));
#2820 = CARTESIAN_POINT('',(1.091242289505,10.592058774622));
#2821 = CARTESIAN_POINT('',(1.051732253242,10.434380503305));
#2822 = CARTESIAN_POINT('',(0.978707445347,10.165338875641));
#2823 = CARTESIAN_POINT('',(0.945951345826,10.051785186471));
#2824 = CARTESIAN_POINT('',(0.912061181705,9.941719857393));
#2825 = CARTESIAN_POINT('',(0.876964895322,9.835460019339));
#2826 = CARTESIAN_POINT('',(0.840596528585,9.733360993306));
#2827 = CARTESIAN_POINT('',(0.802896619064,9.635793302231));
#2828 = CARTESIAN_POINT('',(0.763812107096,9.543121749401));
#2829 = CARTESIAN_POINT('',(0.695229811956,9.395119640131));
#2830 = CARTESIAN_POINT('',(0.6664818916,9.337076422288));
#2831 = CARTESIAN_POINT('',(0.6370409444,9.281678009037));
#2832 = CARTESIAN_POINT('',(0.606902159874,9.22904743182));
#2833 = CARTESIAN_POINT('',(0.576067066145,9.179302739175));
#2834 = CARTESIAN_POINT('',(0.544544050599,9.132552477278));
#2835 = CARTESIAN_POINT('',(0.512349300563,9.08889356624));
#2836 = CARTESIAN_POINT('',(0.461604931455,9.026342952439));
#2837 = CARTESIAN_POINT('',(0.443509988347,9.005218935928));
#2838 = CARTESIAN_POINT('',(0.425227916816,8.985053864227));
#2839 = CARTESIAN_POINT('',(0.406764004482,8.965860760708));
#2840 = CARTESIAN_POINT('',(0.388124326579,8.947651406403));
#2841 = CARTESIAN_POINT('',(0.369315828083,8.930436415917));
#2842 = CARTESIAN_POINT('',(0.350346405851,8.914225313327));
#2843 = CARTESIAN_POINT('',(0.291455393689,8.867415643122));
#2844 = CARTESIAN_POINT('',(0.251011111799,8.840170055448));
#2845 = CARTESIAN_POINT('',(0.209992036172,8.817390793394));
#2846 = CARTESIAN_POINT('',(0.168498631901,8.79912642697));
#2847 = CARTESIAN_POINT('',(0.126633997728,8.785404328691));
#2848 = CARTESIAN_POINT('',(8.450855211004E-02,8.776246393515));
#2849 = CARTESIAN_POINT('',(4.22473456918E-02,8.771669297878));
#2850 = CARTESIAN_POINT('',(1.986082226276E-10,8.771669297837));
#2851 = ( GEOMETRIC_REPRESENTATION_CONTEXT(2) 
PARAMETRIC_REPRESENTATION_CONTEXT() REPRESENTATION_CONTEXT('2D SPACE',''
  ) );
#2852 = PCURVE('',#2099,#2853);
#2853 = DEFINITIONAL_REPRESENTATION('',(#2854),#2962);
#2854 = B_SPLINE_CURVE_WITH_KNOTS('',8,(#2855,#2856,#2857,#2858,#2859,
    #2860,#2861,#2862,#2863,#2864,#2865,#2866,#2867,#2868,#2869,#2870,
    #2871,#2872,#2873,#2874,#2875,#2876,#2877,#2878,#2879,#2880,#2881,
    #2882,#2883,#2884,#2885,#2886,#2887,#2888,#2889,#2890,#2891,#2892,
    #2893,#2894,#2895,#2896,#2897,#2898,#2899,#2900,#2901,#2902,#2903,
    #2904,#2905,#2906,#2907,#2908,#2909,#2910,#2911,#2912,#2913,#2914,
    #2915,#2916,#2917,#2918,#2919,#2920,#2921,#2922,#2923,#2924,#2925,
    #2926,#2927,#2928,#2929,#2930,#2931,#2932,#2933,#2934,#2935,#2936,
    #2937,#2938,#2939,#2940,#2941,#2942,#2943,#2944,#2945,#2946,#2947,
    #2948,#2949,#2950,#2951,#2952,#2953,#2954,#2955,#2956,#2957,#2958,
    #2959,#2960,#2961),.UNSPECIFIED.,.F.,.F.,(9,7,7,7,7,7,7,7,7,7,7,7,7,
    7,7,9),(0.,1.762543633679E-02,3.106944237231E-02,5.481158401047E-02,
    8.464477492045E-02,0.133640175309,0.180097505814,0.287022180127,
    0.394103248776,0.550341140312,0.717326692261,0.805924178756,
    0.87388412784,0.920960427575,0.946623910312,1.),.UNSPECIFIED.);
#2855 = CARTESIAN_POINT('',(0.,-32.92975954327));
#2856 = CARTESIAN_POINT('',(-8.196557049867E-03,-32.92975954327));
#2857 = CARTESIAN_POINT('',(-1.639588306699E-02,-32.92664185388));
#2858 = CARTESIAN_POINT('',(-2.454706226972E-02,-32.92040263776));
#2859 = CARTESIAN_POINT('',(-3.260901301592E-02,-32.91114555783));
#2860 = CARTESIAN_POINT('',(-4.05490274429E-02,-32.89904789234));
#2861 = CARTESIAN_POINT('',(-4.834158216283E-02,-32.88433209773));
#2862 = CARTESIAN_POINT('',(-5.596742001372E-02,-32.86724281916));
#2863 = CARTESIAN_POINT('',(-6.909203128516E-02,-32.83337405127));
#2864 = CARTESIAN_POINT('',(-7.466882424659E-02,-32.81747596167));
#2865 = CARTESIAN_POINT('',(-8.014029886834E-02,-32.80043613658));
#2866 = CARTESIAN_POINT('',(-8.550512536191E-02,-32.78235204099));
#2867 = CARTESIAN_POINT('',(-9.076343048117E-02,-32.7633155898));
#2868 = CARTESIAN_POINT('',(-9.591660097143E-02,-32.74341118927));
#2869 = CARTESIAN_POINT('',(-0.100967087018,-32.72271377851));
#2870 = CARTESIAN_POINT('',(-0.114661891221,-32.66344690942));
#2871 = CARTESIAN_POINT('',(-0.123091454559,-32.62335093903));
#2872 = CARTESIAN_POINT('',(-0.131228220061,-32.58134500601));
#2873 = CARTESIAN_POINT('',(-0.139091217155,-32.53771695131));
#2874 = CARTESIAN_POINT('',(-0.146698393042,-32.49270319284));
#2875 = CARTESIAN_POINT('',(-0.154067432201,-32.44649319875));
#2876 = CARTESIAN_POINT('',(-0.161216182734,-32.39923165166));
#2877 = CARTESIAN_POINT('',(-0.176891323467,-32.29043581647));
#2878 = CARTESIAN_POINT('',(-0.185295680637,-32.22838540793));
#2879 = CARTESIAN_POINT('',(-0.19340837559,-32.1650942232));
#2880 = CARTESIAN_POINT('',(-0.201255217952,-32.10074322895));
#2881 = CARTESIAN_POINT('',(-0.208857769209,-32.03547698842));
#2882 = CARTESIAN_POINT('',(-0.216235071216,-31.96941019194));
#2883 = CARTESIAN_POINT('',(-0.223404546417,-31.90263094371));
#2884 = CARTESIAN_POINT('',(-0.241841338512,-31.72445949347));
#2885 = CARTESIAN_POINT('',(-0.252778455834,-31.61200638877));
#2886 = CARTESIAN_POINT('',(-0.263261797482,-31.49814701017));
#2887 = CARTESIAN_POINT('',(-0.273340372189,-31.38310954094));
#2888 = CARTESIAN_POINT('',(-0.283053339388,-31.26707059155));
#2889 = CARTESIAN_POINT('',(-0.29243371058,-31.15016499845));
#2890 = CARTESIAN_POINT('',(-0.301509509399,-31.03248879027));
#2891 = CARTESIAN_POINT('',(-0.318646161064,-30.80185268781));
#2892 = CARTESIAN_POINT('',(-0.326733940948,-30.6889816315));
#2893 = CARTESIAN_POINT('',(-0.334589240072,-30.57555888934));
#2894 = CARTESIAN_POINT('',(-0.34222869107,-30.46164050648));
#2895 = CARTESIAN_POINT('',(-0.349666339293,-30.34727302122));
#2896 = CARTESIAN_POINT('',(-0.356914372945,-30.23249493082));
#2897 = CARTESIAN_POINT('',(-0.363983568259,-30.11733757074));
#2898 = CARTESIAN_POINT('',(-0.386763991397,-29.7359663853));
#2899 = CARTESIAN_POINT('',(-0.401745953988,-29.46825743387));
#2900 = CARTESIAN_POINT('',(-0.415945998591,-29.19899624696));
#2901 = CARTESIAN_POINT('',(-0.429442242536,-28.92839741496));
#2902 = CARTESIAN_POINT('',(-0.442293375283,-28.65662123472));
#2903 = CARTESIAN_POINT('',(-0.45454563476,-28.38378385216));
#2904 = CARTESIAN_POINT('',(-0.466234602016,-28.10995959117));
#2905 = CARTESIAN_POINT('',(-0.488559256854,-27.56001115486));
#2906 = CARTESIAN_POINT('',(-0.499192351018,-27.28390924347));
#2907 = CARTESIAN_POINT('',(-0.509315810683,-27.00693820571));
#2908 = CARTESIAN_POINT('',(-0.518949145463,-26.72914265357));
#2909 = CARTESIAN_POINT('',(-0.528105611706,-26.45055609394));
#2910 = CARTESIAN_POINT('',(-0.536793518111,-26.17120204032));
#2911 = CARTESIAN_POINT('',(-0.545016843713,-25.89109433658));
#2912 = CARTESIAN_POINT('',(-0.564095042809,-25.20044804649));
#2913 = CARTESIAN_POINT('',(-0.574424112068,-24.78909503378));
#2914 = CARTESIAN_POINT('',(-0.583762032085,-24.3761744757));
#2915 = CARTESIAN_POINT('',(-0.592087536712,-23.96168301485));
#2916 = CARTESIAN_POINT('',(-0.599360815549,-23.54561713431));
#2917 = CARTESIAN_POINT('',(-0.605522565009,-23.12797026522));
#2918 = CARTESIAN_POINT('',(-0.6104897125,-22.70872698268));
#2919 = CARTESIAN_POINT('',(-0.618057557035,-21.83802961411));
#2920 = CARTESIAN_POINT('',(-0.620469802826,-21.38658382868));
#2921 = CARTESIAN_POINT('',(-0.621249377558,-20.93326714908));
#2922 = CARTESIAN_POINT('',(-0.620213120968,-20.47804359439));
#2923 = CARTESIAN_POINT('',(-0.617126009066,-20.02109009431));
#2924 = CARTESIAN_POINT('',(-0.611681185902,-19.56280484449));
#2925 = CARTESIAN_POINT('',(-0.603488403803,-19.103811378));
#2926 = CARTESIAN_POINT('',(-0.585890709864,-18.40157863191));
#2927 = CARTESIAN_POINT('',(-0.578863139176,-18.15832309674));
#2928 = CARTESIAN_POINT('',(-0.570826536818,-17.9153620341));
#2929 = CARTESIAN_POINT('',(-0.561688084243,-17.67294268012));
#2930 = CARTESIAN_POINT('',(-0.551344475009,-17.43143949514));
#2931 = CARTESIAN_POINT('',(-0.53968143009,-17.19135897007));
#2932 = CARTESIAN_POINT('',(-0.526572073695,-16.95334719785));
#2933 = CARTESIAN_POINT('',(-0.500599935391,-16.5378274031));
#2934 = CARTESIAN_POINT('',(-0.488395050756,-16.35920573492));
#2935 = CARTESIAN_POINT('',(-0.475196383983,-16.18269132007));
#2936 = CARTESIAN_POINT('',(-0.460940225427,-16.00877433241));
#2937 = CARTESIAN_POINT('',(-0.445564942813,-15.83807226675));
#2938 = CARTESIAN_POINT('',(-0.429013545558,-15.67132136755));
#2939 = CARTESIAN_POINT('',(-0.411236158103,-15.50936622429));
#2940 = CARTESIAN_POINT('',(-0.379000668471,-15.24493382859));
#2941 = CARTESIAN_POINT('',(-0.365203659871,-15.13949232188));
#2942 = CARTESIAN_POINT('',(-0.350790308024,-15.03715074482));
#2943 = CARTESIAN_POINT('',(-0.335754250616,-14.93827251378));
#2944 = CARTESIAN_POINT('',(-0.320094660985,-14.84324911485));
#2945 = CARTESIAN_POINT('',(-0.303817181241,-14.75249182762));
#2946 = CARTESIAN_POINT('',(-0.286934959014,-14.66642278848));
#2947 = CARTESIAN_POINT('',(-0.259948709858,-14.54133174811));
#2948 = CARTESIAN_POINT('',(-0.250254594414,-14.4987181709));
#2949 = CARTESIAN_POINT('',(-0.240391226146,-14.45769413427));
#2950 = CARTESIAN_POINT('',(-0.23036311356,-14.41832877849));
#2951 = CARTESIAN_POINT('',(-0.220175539544,-14.38069031399));
#2952 = CARTESIAN_POINT('',(-0.209834611904,-14.34484542391));
#2953 = CARTESIAN_POINT('',(-0.199347313906,-14.31085866652));
#2954 = CARTESIAN_POINT('',(-0.166621613181,-14.21209789818));
#2955 = CARTESIAN_POINT('',(-0.143913142495,-14.15367978512));
#2956 = CARTESIAN_POINT('',(-0.120677833685,-14.10414217422));
#2957 = CARTESIAN_POINT('',(-9.700472353612E-02,-14.06397237477));
#2958 = CARTESIAN_POINT('',(-7.299006769773E-02,-14.03355680528));
#2959 = CARTESIAN_POINT('',(-4.87384637436E-02,-14.01317822631));
#2960 = CARTESIAN_POINT('',(-2.436522426417E-02,-14.00299377061));
#2961 = CARTESIAN_POINT('',(0.,-14.00299377055));
#2962 = ( GEOMETRIC_REPRESENTATION_CONTEXT(2) 
PARAMETRIC_REPRESENTATION_CONTEXT() REPRESENTATION_CONTEXT('2D SPACE',''
  ) );
#2963 = ADVANCED_FACE('',(#2964),#1651,.F.);
#2964 = FACE_BOUND('',#2965,.F.);
#2965 = EDGE_LOOP('',(#2966,#2967,#2990,#3226,#3460));
#2966 = ORIENTED_EDGE('',*,*,#1634,.T.);
#2967 = ORIENTED_EDGE('',*,*,#2968,.F.);
#2968 = EDGE_CURVE('',#2969,#1635,#2971,.T.);
#2969 = VERTEX_POINT('',#2970);
#2970 = CARTESIAN_POINT('',(302.23910837147,-1.782686636358E-15,
    -9.306741075049));
#2971 = SEAM_CURVE('',#2972,(#2976,#2983),.PCURVE_S1.);
#2972 = LINE('',#2973,#2974);
#2973 = CARTESIAN_POINT('',(304.76920768985,-1.285879139105E-15,
    1.226211837427));
#2974 = VECTOR('',#2975,1.);
#2975 = DIRECTION('',(-0.23356415951,0.,-0.972341392409));
#2976 = PCURVE('',#1651,#2977);
#2977 = DEFINITIONAL_REPRESENTATION('',(#2978),#2982);
#2978 = LINE('',#2979,#2980);
#2979 = CARTESIAN_POINT('',(6.28318530718,-0.));
#2980 = VECTOR('',#2981,1.);
#2981 = DIRECTION('',(0.,1.));
#2982 = ( GEOMETRIC_REPRESENTATION_CONTEXT(2) 
PARAMETRIC_REPRESENTATION_CONTEXT() REPRESENTATION_CONTEXT('2D SPACE',''
  ) );
#2983 = PCURVE('',#1651,#2984);
#2984 = DEFINITIONAL_REPRESENTATION('',(#2985),#2989);
#2985 = LINE('',#2986,#2987);
#2986 = CARTESIAN_POINT('',(0.,-0.));
#2987 = VECTOR('',#2988,1.);
#2988 = DIRECTION('',(0.,1.));
#2989 = ( GEOMETRIC_REPRESENTATION_CONTEXT(2) 
PARAMETRIC_REPRESENTATION_CONTEXT() REPRESENTATION_CONTEXT('2D SPACE',''
  ) );
#2990 = ORIENTED_EDGE('',*,*,#2991,.F.);
#2991 = EDGE_CURVE('',#2992,#2969,#2994,.T.);
#2992 = VERTEX_POINT('',#2993);
#2993 = CARTESIAN_POINT('',(313.06193989418,-2.254864183237E-15,
    -9.206181671347));
#2994 = SURFACE_CURVE('',#2995,(#3070,#3148),.PCURVE_S1.);
#2995 = B_SPLINE_CURVE_WITH_KNOTS('',7,(#2996,#2997,#2998,#2999,#3000,
    #3001,#3002,#3003,#3004,#3005,#3006,#3007,#3008,#3009,#3010,#3011,
    #3012,#3013,#3014,#3015,#3016,#3017,#3018,#3019,#3020,#3021,#3022,
    #3023,#3024,#3025,#3026,#3027,#3028,#3029,#3030,#3031,#3032,#3033,
    #3034,#3035,#3036,#3037,#3038,#3039,#3040,#3041,#3042,#3043,#3044,
    #3045,#3046,#3047,#3048,#3049,#3050,#3051,#3052,#3053,#3054,#3055,
    #3056,#3057,#3058,#3059,#3060,#3061,#3062,#3063,#3064,#3065,#3066,
    #3067,#3068,#3069),.UNSPECIFIED.,.F.,.F.,(8,6,6,6,6,6,6,6,6,6,6,6,8)
  ,(0.,9.204840555805E-02,0.15803556825,0.211570113689,0.280665322619,
    0.425458119065,0.519465064971,0.666032810659,0.803895850423,
    0.848198209302,0.901722823688,0.940642596196,1.),.UNSPECIFIED.);
#2996 = CARTESIAN_POINT('',(313.06193989419,3.214697847762E-16,
    -9.206181671347));
#2997 = CARTESIAN_POINT('',(313.06193989419,0.276850422998,
    -9.206181671347));
#2998 = CARTESIAN_POINT('',(313.04672139107,0.553819189026,
    -9.196609903031));
#2999 = CARTESIAN_POINT('',(313.01626505087,0.828115072488,
    -9.17745196663));
#3000 = CARTESIAN_POINT('',(312.97111427901,1.097448262305,
    -9.149212148652));
#3001 = CARTESIAN_POINT('',(312.912136717,1.359953452427,-9.112741511565
    ));
#3002 = CARTESIAN_POINT('',(312.84038110842,1.614135022975,
    -9.069101287391));
#3003 = CARTESIAN_POINT('',(312.69727690894,2.034253013686,
    -8.98387612703));
#3004 = CARTESIAN_POINT('',(312.63153446019,2.204887149764,
    -8.945189452682));
#3005 = CARTESIAN_POINT('',(312.56018779922,2.370412572552,
    -8.903804315913));
#3006 = CARTESIAN_POINT('',(312.4836204491,2.53060917246,-8.860134044054
    ));
#3007 = CARTESIAN_POINT('',(312.40219675335,2.685339244053,
    -8.814584364247));
#3008 = CARTESIAN_POINT('',(312.31624856813,2.834531007967,
    -8.767541557163));
#3009 = CARTESIAN_POINT('',(312.15290155546,3.094697575567,
    -8.680283464769));
#3010 = CARTESIAN_POINT('',(312.07695379682,3.207565527816,
    -8.640456949466));
#3011 = CARTESIAN_POINT('',(311.99837810194,3.316761614124,
    -8.600080789044));
#3012 = CARTESIAN_POINT('',(311.91731998542,3.422286853598,
    -8.559341556458));
#3013 = CARTESIAN_POINT('',(311.83391426674,3.52415144946,-8.51841821355
    ));
#3014 = CARTESIAN_POINT('',(311.74828450047,3.622373422733,
    -8.477481333702));
#3015 = CARTESIAN_POINT('',(311.54729668301,3.839079168621,
    -8.384047343764));
#3016 = CARTESIAN_POINT('',(311.43053899005,3.955146795834,
    -8.331651920178));
#3017 = CARTESIAN_POINT('',(311.31050995062,4.06523319246,-8.27985308203
    ));
#3018 = CARTESIAN_POINT('',(311.18743713716,4.169389550729,
    -8.228982530189));
#3019 = CARTESIAN_POINT('',(311.06153711395,4.267667422756,
    -8.179353833987));
#3020 = CARTESIAN_POINT('',(310.9330174798,4.360120953087,
    -8.131259627106));
#3021 = CARTESIAN_POINT('',(310.52768996386,4.628468896848,
    -7.987963845972));
#3022 = CARTESIAN_POINT('',(310.24260469139,4.784859107422,
    -7.898852059373));
#3023 = CARTESIAN_POINT('',(309.94884153008,4.916370754242,
    -7.820178572187));
#3024 = CARTESIAN_POINT('',(309.64837478475,5.023537753019,
    -7.754020903215));
#3025 = CARTESIAN_POINT('',(309.34317168229,5.107099073688,
    -7.701790775333));
#3026 = CARTESIAN_POINT('',(309.03520827629,5.167966492818,
    -7.66408890582));
#3027 = CARTESIAN_POINT('',(308.52601059097,5.232711387185,
    -7.625690527385));
#3028 = CARTESIAN_POINT('',(308.32517996381,5.249095892802,
    -7.616648929512));
#3029 = CARTESIAN_POINT('',(308.12446096032,5.256672634827,
    -7.613653525425));
#3030 = CARTESIAN_POINT('',(307.92427699595,5.255761462701,
    -7.61655212518));
#3031 = CARTESIAN_POINT('',(307.72498952612,5.246679885404,
    -7.625101471956));
#3032 = CARTESIAN_POINT('',(307.52690175803,5.229723072758,
    -7.638998468322));
#3033 = CARTESIAN_POINT('',(307.02367823176,5.166839159696,
    -7.687394728617));
#3034 = CARTESIAN_POINT('',(306.72069845586,5.110025635721,
    -7.729060471349));
#3035 = CARTESIAN_POINT('',(306.42207927838,5.035687487445,
    -7.781647950881));
#3036 = CARTESIAN_POINT('',(306.12840875739,4.94453882398,
    -7.843744971543));
#3037 = CARTESIAN_POINT('',(305.84016549271,4.836983615127,
    -7.913956863878));
#3038 = CARTESIAN_POINT('',(305.55774113122,4.71310402707,
    -7.990975783108));
#3039 = CARTESIAN_POINT('',(305.02163496746,4.440123697247,
    -8.151301334671));
#3040 = CARTESIAN_POINT('',(304.76744462547,4.293061399024,
    -8.233902397083));
#3041 = CARTESIAN_POINT('',(304.51907858376,4.130844073208,
    -8.320407042583));
#3042 = CARTESIAN_POINT('',(304.2770291732,3.952798978334,
    -8.409820183077));
#3043 = CARTESIAN_POINT('',(304.04210994316,3.757947852234,
    -8.501056397612));
#3044 = CARTESIAN_POINT('',(303.81543119173,3.545044027424,
    -8.592923294983));
#3045 = CARTESIAN_POINT('',(303.5289444888,3.236989705892,
    -8.713258177913));
#3046 = CARTESIAN_POINT('',(303.46030372406,3.159996692761,
    -8.742435374138));
#3047 = CARTESIAN_POINT('',(303.39275449098,3.080863970007,-8.7714747005
    ));
#3048 = CARTESIAN_POINT('',(303.32636737196,2.99952495423,
    -8.800321142766));
#3049 = CARTESIAN_POINT('',(303.26122476837,2.915910624141,
    -8.828914014029));
#3050 = CARTESIAN_POINT('',(303.19742128591,2.829948608523,
    -8.857186497951));
#3051 = CARTESIAN_POINT('',(303.05972629685,2.634776888909,
    -8.918747288981));
#3052 = CARTESIAN_POINT('',(302.98650847201,2.524465133424,
    -8.951850547123));
#3053 = CARTESIAN_POINT('',(302.9155918962,2.410483077842,
    -8.984249243993));
#3054 = CARTESIAN_POINT('',(302.84720622477,2.292702380881,-9.0157936325
    ));
#3055 = CARTESIAN_POINT('',(302.78162647997,2.171014693249,
    -9.046310926341));
#3056 = CARTESIAN_POINT('',(302.71917001354,2.045336061011,
    -9.075606285441));
#3057 = CARTESIAN_POINT('',(302.61730939209,1.821283567472,-9.1237200554
    ));
#3058 = CARTESIAN_POINT('',(302.57626963499,1.724825757772,
    -9.143214024606));
#3059 = CARTESIAN_POINT('',(302.53721252004,1.626223458886,
    -9.161862341058));
#3060 = CARTESIAN_POINT('',(302.50029430643,1.525484709283,
    -9.179572389888));
#3061 = CARTESIAN_POINT('',(302.46568350516,1.42264537586,
    -9.196245413768));
#3062 = CARTESIAN_POINT('',(302.43355519386,1.317774502932,
    -9.21177961735));
#3063 = CARTESIAN_POINT('',(302.35914019416,1.048104491717,
    -9.247872839361));
#3064 = CARTESIAN_POINT('',(302.32035181132,0.880659231984,
    -9.266799893929));
#3065 = CARTESIAN_POINT('',(302.28839879887,0.709174482883,
    -9.282468104943));
#3066 = CARTESIAN_POINT('',(302.26390221809,0.534353530374,
    -9.294521021236));
#3067 = CARTESIAN_POINT('',(302.24736961486,0.357093483713,
    -9.302669509004));
#3068 = CARTESIAN_POINT('',(302.23910837155,0.178514914992,
    -9.306741075028));
#3069 = CARTESIAN_POINT('',(302.23910837147,0.,-9.306741075049));
#3070 = PCURVE('',#1651,#3071);
#3071 = DEFINITIONAL_REPRESENTATION('',(#3072),#3147);
#3072 = B_SPLINE_CURVE_WITH_KNOTS('',7,(#3073,#3074,#3075,#3076,#3077,
    #3078,#3079,#3080,#3081,#3082,#3083,#3084,#3085,#3086,#3087,#3088,
    #3089,#3090,#3091,#3092,#3093,#3094,#3095,#3096,#3097,#3098,#3099,
    #3100,#3101,#3102,#3103,#3104,#3105,#3106,#3107,#3108,#3109,#3110,
    #3111,#3112,#3113,#3114,#3115,#3116,#3117,#3118,#3119,#3120,#3121,
    #3122,#3123,#3124,#3125,#3126,#3127,#3128,#3129,#3130,#3131,#3132,
    #3133,#3134,#3135,#3136,#3137,#3138,#3139,#3140,#3141,#3142,#3143,
    #3144,#3145,#3146),.UNSPECIFIED.,.F.,.F.,(8,6,6,6,6,6,6,6,6,6,6,6,8)
  ,(0.,9.204840555805E-02,0.15803556825,0.211570113689,0.280665322619,
    0.425458119065,0.519465064971,0.666032810659,0.803895850423,
    0.848198209302,0.901722823688,0.940642596196,1.),.UNSPECIFIED.);
#3073 = CARTESIAN_POINT('',(3.14159265359,8.206963003135));
#3074 = CARTESIAN_POINT('',(3.088859239685,8.206963003135));
#3075 = CARTESIAN_POINT('',(3.036103405046,8.201210473493));
#3076 = CARTESIAN_POINT('',(2.983616609815,8.189695928438));
#3077 = CARTESIAN_POINT('',(2.931596302285,8.172782786583));
#3078 = CARTESIAN_POINT('',(2.88018967381,8.151095921237));
#3079 = CARTESIAN_POINT('',(2.829517769219,8.125422263306));
#3080 = CARTESIAN_POINT('',(2.7439524886,8.075978324286));
#3081 = CARTESIAN_POINT('',(2.708635705448,8.05371674927));
#3082 = CARTESIAN_POINT('',(2.67374445762,8.030140290662));
#3083 = CARTESIAN_POINT('',(2.639282917228,8.005561266493));
#3084 = CARTESIAN_POINT('',(2.605247406189,7.980289084467));
#3085 = CARTESIAN_POINT('',(2.571627533383,7.954621831567));
#3086 = CARTESIAN_POINT('',(2.511453135043,7.907929184231));
#3087 = CARTESIAN_POINT('',(2.484763917154,7.886942889302));
#3088 = CARTESIAN_POINT('',(2.458328727404,7.866035943389));
#3089 = CARTESIAN_POINT('',(2.432138238683,7.845355772108));
#3090 = CARTESIAN_POINT('',(2.406182861538,7.825044898463));
#3091 = CARTESIAN_POINT('',(2.380452553088,7.8052403201));
#3092 = CARTESIAN_POINT('',(2.322004090469,7.761334134881));
#3093 = CARTESIAN_POINT('',(2.289430598178,7.737658308179));
#3094 = CARTESIAN_POINT('',(2.257193250501,7.715326635479));
#3095 = CARTESIAN_POINT('',(2.225272705085,7.694608490505));
#3096 = CARTESIAN_POINT('',(2.193652386597,7.675758188038));
#3097 = CARTESIAN_POINT('',(2.162317697532,7.659011780285));
#3098 = CARTESIAN_POINT('',(2.066162124128,7.614349341516));
#3099 = CARTESIAN_POINT('',(2.002247077213,7.594287964908));
#3100 = CARTESIAN_POINT('',(1.939432649089,7.586403022698));
#3101 = CARTESIAN_POINT('',(1.877675314323,7.592253445565));
#3102 = CARTESIAN_POINT('',(1.816947124684,7.6127524364));
#3103 = CARTESIAN_POINT('',(1.757234004097,7.648022562185));
#3104 = CARTESIAN_POINT('',(1.660429544152,7.729616558827));
#3105 = CARTESIAN_POINT('',(1.622740647908,7.767731875599));
#3106 = CARTESIAN_POINT('',(1.58546235997,7.811700085565));
#3107 = CARTESIAN_POINT('',(1.548576619404,7.861274313473));
#3108 = CARTESIAN_POINT('',(1.512058298755,7.916133607613));
#3109 = CARTESIAN_POINT('',(1.475875994898,7.975912435471));
#3110 = CARTESIAN_POINT('',(1.384043601802,8.140505102554));
#3111 = CARTESIAN_POINT('',(1.328835070765,8.251783645565));
#3112 = CARTESIAN_POINT('',(1.274187437643,8.372663365838));
#3113 = CARTESIAN_POINT('',(1.219912667013,8.501633777781));
#3114 = CARTESIAN_POINT('',(1.165806441821,8.637227002787));
#3115 = CARTESIAN_POINT('',(1.111639325564,8.77807989457));
#3116 = CARTESIAN_POINT('',(1.005824430734,9.059186250161));
#3117 = CARTESIAN_POINT('',(0.95425813789,9.198872435784));
#3118 = CARTESIAN_POINT('',(0.90214327164,9.340993889024));
#3119 = CARTESIAN_POINT('',(0.849228490862,9.484468053687));
#3120 = CARTESIAN_POINT('',(0.795238424862,9.628049514083));
#3121 = CARTESIAN_POINT('',(0.739866577165,9.770319533046));
#3122 = CARTESIAN_POINT('',(0.664243414089,9.954239146649));
#3123 = CARTESIAN_POINT('',(0.645663505569,9.998641364778));
#3124 = CARTESIAN_POINT('',(0.626880849989,10.042654583657));
#3125 = CARTESIAN_POINT('',(0.607881231798,10.086208825154));
#3126 = CARTESIAN_POINT('',(0.588650115306,10.129225834865));
#3127 = CARTESIAN_POINT('',(0.569172258755,10.171618548004));
#3128 = CARTESIAN_POINT('',(0.525581002742,10.26363726766));
#3129 = CARTESIAN_POINT('',(0.501349432048,10.312925995496));
#3130 = CARTESIAN_POINT('',(0.476705700412,10.360992159947));
#3131 = CARTESIAN_POINT('',(0.451622326794,10.407636516462));
#3132 = CARTESIAN_POINT('',(0.426074839925,10.452626822421));
#3133 = CARTESIAN_POINT('',(0.400041353237,10.495699504767));
#3134 = CARTESIAN_POINT('',(0.354204473424,10.56627350528));
#3135 = CARTESIAN_POINT('',(0.334641299286,10.594813714814));
#3136 = CARTESIAN_POINT('',(0.314806383051,10.622068587025));
#3137 = CARTESIAN_POINT('',(0.294696937309,10.647911572097));
#3138 = CARTESIAN_POINT('',(0.27431426615,10.672207286059));
#3139 = CARTESIAN_POINT('',(0.253664409738,10.694815857226));
#3140 = CARTESIAN_POINT('',(0.200875165284,10.747291467834));
#3141 = CARTESIAN_POINT('',(0.168378088713,10.774754602467));
#3142 = CARTESIAN_POINT('',(0.135337858185,10.797452531068));
#3143 = CARTESIAN_POINT('',(0.101845889675,10.814893603784));
#3144 = CARTESIAN_POINT('',(6.801778505228E-02,10.826678139314));
#3145 = CARTESIAN_POINT('',(3.400284135595E-02,10.832566621829));
#3146 = CARTESIAN_POINT('',(4.050846931797E-10,10.832566621868));
#3147 = ( GEOMETRIC_REPRESENTATION_CONTEXT(2) 
PARAMETRIC_REPRESENTATION_CONTEXT() REPRESENTATION_CONTEXT('2D SPACE',''
  ) );
#3148 = PCURVE('',#2099,#3149);
#3149 = DEFINITIONAL_REPRESENTATION('',(#3150),#3225);
#3150 = B_SPLINE_CURVE_WITH_KNOTS('',7,(#3151,#3152,#3153,#3154,#3155,
    #3156,#3157,#3158,#3159,#3160,#3161,#3162,#3163,#3164,#3165,#3166,
    #3167,#3168,#3169,#3170,#3171,#3172,#3173,#3174,#3175,#3176,#3177,
    #3178,#3179,#3180,#3181,#3182,#3183,#3184,#3185,#3186,#3187,#3188,
    #3189,#3190,#3191,#3192,#3193,#3194,#3195,#3196,#3197,#3198,#3199,
    #3200,#3201,#3202,#3203,#3204,#3205,#3206,#3207,#3208,#3209,#3210,
    #3211,#3212,#3213,#3214,#3215,#3216,#3217,#3218,#3219,#3220,#3221,
    #3222,#3223,#3224),.UNSPECIFIED.,.F.,.F.,(8,6,6,6,6,6,6,6,6,6,6,6,8)
  ,(0.,9.204840555805E-02,0.15803556825,0.211570113689,0.280665322619,
    0.425458119065,0.519465064971,0.666032810659,0.803895850423,
    0.848198209302,0.901722823688,0.940642596196,1.),.UNSPECIFIED.);
#3151 = CARTESIAN_POINT('',(0.,-49.56027322752));
#3152 = CARTESIAN_POINT('',(-3.007223112484E-02,-49.56027322752));
#3153 = CARTESIAN_POINT('',(-6.01573054633E-02,-49.5450547244));
#3154 = CARTESIAN_POINT('',(-8.999457418692E-02,-49.5145983842));
#3155 = CARTESIAN_POINT('',(-0.119377817069,-49.46944761235));
#3156 = CARTESIAN_POINT('',(-0.148137937503,-49.41047005033));
#3157 = CARTESIAN_POINT('',(-0.176133033636,-49.33871444175));
#3158 = CARTESIAN_POINT('',(-0.222682331516,-49.19561024228));
#3159 = CARTESIAN_POINT('',(-0.241675197602,-49.12986779353));
#3160 = CARTESIAN_POINT('',(-0.260192765925,-49.05852113256));
#3161 = CARTESIAN_POINT('',(-0.278211789967,-48.98195378244));
#3162 = CARTESIAN_POINT('',(-0.295715440334,-48.90053008669));
#3163 = CARTESIAN_POINT('',(-0.312691985963,-48.81458190147));
#3164 = CARTESIAN_POINT('',(-0.342473506229,-48.6512348888));
#3165 = CARTESIAN_POINT('',(-0.355460468989,-48.57528713015));
#3166 = CARTESIAN_POINT('',(-0.368091127095,-48.49671143527));
#3167 = CARTESIAN_POINT('',(-0.380361974614,-48.41565331875));
#3168 = CARTESIAN_POINT('',(-0.392269916889,-48.33224760008));
#3169 = CARTESIAN_POINT('',(-0.403812255716,-48.2466178338));
#3170 = CARTESIAN_POINT('',(-0.429409115114,-48.04563001635));
#3171 = CARTESIAN_POINT('',(-0.443217822623,-47.92887232338));
#3172 = CARTESIAN_POINT('',(-0.456407863109,-47.80884328396));
#3173 = CARTESIAN_POINT('',(-0.468972982001,-47.68577047049));
#3174 = CARTESIAN_POINT('',(-0.480906270738,-47.55987044729));
#3175 = CARTESIAN_POINT('',(-0.492200833427,-47.43135081313));
#3176 = CARTESIAN_POINT('',(-0.525167315887,-47.0260232972));
#3177 = CARTESIAN_POINT('',(-0.544657939877,-46.74093802473));
#3178 = CARTESIAN_POINT('',(-0.56124696317,-46.44717486341));
#3179 = CARTESIAN_POINT('',(-0.574877163732,-46.14670811808));
#3180 = CARTESIAN_POINT('',(-0.585537022929,-45.84150501563));
#3181 = CARTESIAN_POINT('',(-0.593276505679,-45.53354160963));
#3182 = CARTESIAN_POINT('',(-0.601401367596,-45.0243439243));
#3183 = CARTESIAN_POINT('',(-0.60341481685,-44.82351329714));
#3184 = CARTESIAN_POINT('',(-0.604272418482,-44.62279429365));
#3185 = CARTESIAN_POINT('',(-0.604012895867,-44.42261032928));
#3186 = CARTESIAN_POINT('',(-0.602680357211,-44.22332285945));
#3187 = CARTESIAN_POINT('',(-0.600320569753,-44.02523509137));
#3188 = CARTESIAN_POINT('',(-0.591765714084,-43.52201156509));
#3189 = CARTESIAN_POINT('',(-0.584165414863,-43.21903178919));
#3190 = CARTESIAN_POINT('',(-0.574343269701,-42.92041261171));
#3191 = CARTESIAN_POINT('',(-0.56245023393,-42.62674209072));
#3192 = CARTESIAN_POINT('',(-0.548604671047,-42.33849882604));
#3193 = CARTESIAN_POINT('',(-0.532885149078,-42.05607446455));
#3194 = CARTESIAN_POINT('',(-0.498769594933,-41.51996830079));
#3195 = CARTESIAN_POINT('',(-0.480600905295,-41.2657779588));
#3196 = CARTESIAN_POINT('',(-0.460807603,-41.01741191709));
#3197 = CARTESIAN_POINT('',(-0.439367046737,-40.77536250653));
#3198 = CARTESIAN_POINT('',(-0.416221834454,-40.54044327649));
#3199 = CARTESIAN_POINT('',(-0.391282314223,-40.31376452506));
#3200 = CARTESIAN_POINT('',(-0.355699274584,-40.02727782214));
#3201 = CARTESIAN_POINT('',(-0.34684174697,-39.9586370574));
#3202 = CARTESIAN_POINT('',(-0.337774763097,-39.89108782432));
#3203 = CARTESIAN_POINT('',(-0.328492478889,-39.82470070529));
#3204 = CARTESIAN_POINT('',(-0.31898874499,-39.75955810171));
#3205 = CARTESIAN_POINT('',(-0.309256973627,-39.69575461924));
#3206 = CARTESIAN_POINT('',(-0.287248251072,-39.55805963019));
#3207 = CARTESIAN_POINT('',(-0.274864580891,-39.48484180534));
#3208 = CARTESIAN_POINT('',(-0.262125339124,-39.41392522953));
#3209 = CARTESIAN_POINT('',(-0.249018488771,-39.3455395581));
#3210 = CARTESIAN_POINT('',(-0.235533829923,-39.27995981331));
#3211 = CARTESIAN_POINT('',(-0.221663218006,-39.21750334687));
#3212 = CARTESIAN_POINT('',(-0.19703002515,-39.11564272542));
#3213 = CARTESIAN_POINT('',(-0.18645311287,-39.07460296833));
#3214 = CARTESIAN_POINT('',(-0.175668521492,-39.03554585338));
#3215 = CARTESIAN_POINT('',(-0.164676924473,-38.99862763976));
#3216 = CARTESIAN_POINT('',(-0.153481686388,-38.9640168385));
#3217 = CARTESIAN_POINT('',(-0.142089356879,-38.9318885272));
#3218 = CARTESIAN_POINT('',(-0.112850483013,-38.85747352749));
#3219 = CARTESIAN_POINT('',(-9.474587229356E-02,-38.81868514465));
#3220 = CARTESIAN_POINT('',(-7.624888685859E-02,-38.7867321322));
#3221 = CARTESIAN_POINT('',(-5.742794894186E-02,-38.76223555142));
#3222 = CARTESIAN_POINT('',(-3.836933406621E-02,-38.74570294819));
#3223 = CARTESIAN_POINT('',(-1.918124868335E-02,-38.73744170489));
#3224 = CARTESIAN_POINT('',(0.,-38.73744170481));
#3225 = ( GEOMETRIC_REPRESENTATION_CONTEXT(2) 
PARAMETRIC_REPRESENTATION_CONTEXT() REPRESENTATION_CONTEXT('2D SPACE',''
  ) );
#3226 = ORIENTED_EDGE('',*,*,#3227,.F.);
#3227 = EDGE_CURVE('',#2969,#2992,#3228,.T.);
#3228 = SURFACE_CURVE('',#3229,(#3304,#3382),.PCURVE_S1.);
#3229 = B_SPLINE_CURVE_WITH_KNOTS('',7,(#3230,#3231,#3232,#3233,#3234,
    #3235,#3236,#3237,#3238,#3239,#3240,#3241,#3242,#3243,#3244,#3245,
    #3246,#3247,#3248,#3249,#3250,#3251,#3252,#3253,#3254,#3255,#3256,
    #3257,#3258,#3259,#3260,#3261,#3262,#3263,#3264,#3265,#3266,#3267,
    #3268,#3269,#3270,#3271,#3272,#3273,#3274,#3275,#3276,#3277,#3278,
    #3279,#3280,#3281,#3282,#3283,#3284,#3285,#3286,#3287,#3288,#3289,
    #3290,#3291,#3292,#3293,#3294,#3295,#3296,#3297,#3298,#3299,#3300,
    #3301,#3302,#3303),.UNSPECIFIED.,.F.,.F.,(8,6,6,6,6,6,6,6,6,6,6,6,8)
  ,(0.,5.935800353489E-02,9.827782596893E-02,0.151802513524,
    0.196104925372,0.333968054616,0.480535741588,0.57454230999,
    0.71933506541,0.788430252552,0.84196477866,0.907951917262,1.),
  .UNSPECIFIED.);
#3230 = CARTESIAN_POINT('',(302.23910837147,-1.7763568394E-15,
    -9.306741075049));
#3231 = CARTESIAN_POINT('',(302.23910837155,-0.178516721338,
    -9.306741075028));
#3232 = CARTESIAN_POINT('',(302.24736978206,-0.357097098265,
    -9.302669426605));
#3233 = CARTESIAN_POINT('',(302.26390272004,-0.534358911355,
    -9.294520773831));
#3234 = CARTESIAN_POINT('',(302.28839979029,-0.70918155719,
    -9.28246761714));
#3235 = CARTESIAN_POINT('',(302.32035342738,-0.880667904943,
    -9.2667991015));
#3236 = CARTESIAN_POINT('',(302.35914254828,-1.048114654989,
    -9.247871690645));
#3237 = CARTESIAN_POINT('',(302.43355866204,-1.31778600083,
    -9.211777939719));
#3238 = CARTESIAN_POINT('',(302.46568725072,-1.422656819526,
    -9.196243607514));
#3239 = CARTESIAN_POINT('',(302.5002983219,-1.525496087371,
    -9.17957046012));
#3240 = CARTESIAN_POINT('',(302.5372167977,-1.626234762177,
    -9.161860293088));
#3241 = CARTESIAN_POINT('',(302.57627416717,-1.724836978871,
    -9.143211863785));
#3242 = CARTESIAN_POINT('',(302.61731417135,-1.821294700545,
    -9.123717786992));
#3243 = CARTESIAN_POINT('',(302.71917536805,-2.045346985219,
    -9.075603771269));
#3244 = CARTESIAN_POINT('',(302.7816321569,-2.171025491882,
    -9.046308278335));
#3245 = CARTESIAN_POINT('',(302.84721221228,-2.292713047794,
    -9.01579085978));
#3246 = CARTESIAN_POINT('',(302.91559818359,-2.410493609096,
    -8.984246355221));
#3247 = CARTESIAN_POINT('',(302.9865150498,-2.524475526561,
    -8.951847550456));
#3248 = CARTESIAN_POINT('',(303.05973315674,-2.634787142394,
    -8.918744192099));
#3249 = CARTESIAN_POINT('',(303.19742863737,-2.829958589793,
    -8.857183236052));
#3250 = CARTESIAN_POINT('',(303.26123233111,-2.915920474022,
    -8.828910685158));
#3251 = CARTESIAN_POINT('',(303.3263751411,-2.999534673152,
    -8.800317751815));
#3252 = CARTESIAN_POINT('',(303.39276246224,-3.08087355854,
    -8.771471252146));
#3253 = CARTESIAN_POINT('',(303.46031189366,-3.160006151521,
    -8.742431872876));
#3254 = CARTESIAN_POINT('',(303.52895285341,-3.236999035457,
    -8.713254628095));
#3255 = CARTESIAN_POINT('',(303.81544022764,-3.545052700287,
    -8.592919612775));
#3256 = CARTESIAN_POINT('',(304.04211941971,-3.757956025147,
    -8.501052669033));
#3257 = CARTESIAN_POINT('',(304.27703906549,-3.952806670617,
    -8.409816444816));
#3258 = CARTESIAN_POINT('',(304.51908887581,-4.130851298055,
    -8.320403329289));
#3259 = CARTESIAN_POINT('',(304.76745530763,-4.293068162361,
    -8.233898743298));
#3260 = CARTESIAN_POINT('',(305.02164603334,-4.440129997431,
    -8.151297776831));
#3261 = CARTESIAN_POINT('',(305.55775268626,-4.713109203201,
    -7.990972591737));
#3262 = CARTESIAN_POINT('',(305.84017714047,-4.836988165378,
    -7.913953935924));
#3263 = CARTESIAN_POINT('',(306.12842048263,-4.944542762849,
    -7.843742338849));
#3264 = CARTESIAN_POINT('',(306.42209106705,-5.035690821081,
    -7.781645645341));
#3265 = CARTESIAN_POINT('',(306.72071029161,-5.110028362166,
    -7.729058525175));
#3266 = CARTESIAN_POINT('',(307.02369009256,-5.166841269923,
    -7.687393172784));
#3267 = CARTESIAN_POINT('',(307.52691289601,-5.229724061725,
    -7.638997663439));
#3268 = CARTESIAN_POINT('',(307.72499992641,-5.24668043219,
    -7.625100976204));
#3269 = CARTESIAN_POINT('',(307.92428663743,-5.255761619221,
    -7.61655190753));
#3270 = CARTESIAN_POINT('',(308.12446982368,-5.256672455824,
    -7.613653549549));
#3271 = CARTESIAN_POINT('',(308.32518803244,-5.249095436604,
    -7.616649154037));
#3272 = CARTESIAN_POINT('',(308.52601785189,-5.232710716137,
    -7.625690906744));
#3273 = CARTESIAN_POINT('',(309.03521461631,-5.167965298245,
    -7.664089642969));
#3274 = CARTESIAN_POINT('',(309.34317789087,-5.107097500257,
    -7.701791756964));
#3275 = CARTESIAN_POINT('',(309.64838083462,-5.023535799677,
    -7.754022114272));
#3276 = CARTESIAN_POINT('',(309.94884739481,-4.916368423206,
    -7.820179988761));
#3277 = CARTESIAN_POINT('',(310.24261034644,-4.784856404088,
    -7.898853650014));
#3278 = CARTESIAN_POINT('',(310.52769538736,-4.628465828984,
    -7.987965574692));
#3279 = CARTESIAN_POINT('',(310.93302252905,-4.360117360743,
    -8.131261502201));
#3280 = CARTESIAN_POINT('',(311.06154203516,-4.267663665028,
    -8.179355746556));
#3281 = CARTESIAN_POINT('',(311.18744192622,-4.169385629838,
    -8.228984471195));
#3282 = CARTESIAN_POINT('',(311.31051460355,-4.065229110672,
    -8.279855042274));
#3283 = CARTESIAN_POINT('',(311.43054350283,-3.955142555484,
    -8.331653890348));
#3284 = CARTESIAN_POINT('',(311.54730105153,-3.839074772154,
    -8.384049314459));
#3285 = CARTESIAN_POINT('',(311.74828860128,-3.622368758179,
    -8.477483286639));
#3286 = CARTESIAN_POINT('',(311.83391824601,-3.524146672239,
    -8.518420151972));
#3287 = CARTESIAN_POINT('',(311.91732384065,-3.422281965739,
    -8.559343474639));
#3288 = CARTESIAN_POINT('',(311.99838183051,-3.316756617815,
    -8.600082681233));
#3289 = CARTESIAN_POINT('',(312.07695739596,-3.207560425473,
    -8.640458809891));
#3290 = CARTESIAN_POINT('',(312.15290502223,-3.094692369924,
    -8.68028528764));
#3291 = CARTESIAN_POINT('',(312.31625173202,-2.834525579308,
    -8.767543283065));
#3292 = CARTESIAN_POINT('',(312.40219974521,-2.685333697314,
    -8.814586027754));
#3293 = CARTESIAN_POINT('',(312.48362326388,-2.530603513308,
    -8.860135636361));
#3294 = CARTESIAN_POINT('',(312.56019043159,-2.370406807775,
    -8.903805828246));
#3295 = CARTESIAN_POINT('',(312.63153690462,-2.204881287541,
    -8.945190876418));
#3296 = CARTESIAN_POINT('',(312.69727915994,-2.0342470639,
    -8.983877453882));
#3297 = CARTESIAN_POINT('',(312.84038262193,-1.614129661019,
    -9.06910220789));
#3298 = CARTESIAN_POINT('',(312.91213775369,-1.359948838307,
    -9.112742152616));
#3299 = CARTESIAN_POINT('',(312.97111491412,-1.097444474372,
    -9.149212545883));
#3300 = CARTESIAN_POINT('',(313.01626537226,-0.828112178408,
    -9.177452168804));
#3301 = CARTESIAN_POINT('',(313.04672149812,-0.55381724051,
    -9.196609970358));
#3302 = CARTESIAN_POINT('',(313.06193989419,-0.276849449359,
    -9.206181671347));
#3303 = CARTESIAN_POINT('',(313.06193989419,0.,-9.206181671347));
#3304 = PCURVE('',#1651,#3305);
#3305 = DEFINITIONAL_REPRESENTATION('',(#3306),#3381);
#3306 = B_SPLINE_CURVE_WITH_KNOTS('',7,(#3307,#3308,#3309,#3310,#3311,
    #3312,#3313,#3314,#3315,#3316,#3317,#3318,#3319,#3320,#3321,#3322,
    #3323,#3324,#3325,#3326,#3327,#3328,#3329,#3330,#3331,#3332,#3333,
    #3334,#3335,#3336,#3337,#3338,#3339,#3340,#3341,#3342,#3343,#3344,
    #3345,#3346,#3347,#3348,#3349,#3350,#3351,#3352,#3353,#3354,#3355,
    #3356,#3357,#3358,#3359,#3360,#3361,#3362,#3363,#3364,#3365,#3366,
    #3367,#3368,#3369,#3370,#3371,#3372,#3373,#3374,#3375,#3376,#3377,
    #3378,#3379,#3380),.UNSPECIFIED.,.F.,.F.,(8,6,6,6,6,6,6,6,6,6,6,6,8)
  ,(0.,5.935800353489E-02,9.827782596893E-02,0.151802513524,
    0.196104925372,0.333968054616,0.480535741588,0.57454230999,
    0.71933506541,0.788430252552,0.84196477866,0.907951917262,1.),
  .UNSPECIFIED.);
#3307 = CARTESIAN_POINT('',(6.283185306774,10.832566621868));
#3308 = CARTESIAN_POINT('',(6.249182121758,10.832566621829));
#3309 = CARTESIAN_POINT('',(6.215166833644,10.826678020144));
#3310 = CARTESIAN_POINT('',(6.181338390602,10.814893245984));
#3311 = CARTESIAN_POINT('',(6.147846093704,10.797451825197));
#3312 = CARTESIAN_POINT('',(6.114805547435,10.774753454503));
#3313 = CARTESIAN_POINT('',(6.082308169456,10.747289801051));
#3314 = CARTESIAN_POINT('',(6.029518635477,10.694813415954));
#3315 = CARTESIAN_POINT('',(6.008868777434,10.672204654937));
#3316 = CARTESIAN_POINT('',(5.988486105907,10.647908757834));
#3317 = CARTESIAN_POINT('',(5.968376660731,10.622065596591));
#3318 = CARTESIAN_POINT('',(5.948541745718,10.594810555205));
#3319 = CARTESIAN_POINT('',(5.928978573222,10.566270183347));
#3320 = CARTESIAN_POINT('',(5.883141695564,10.495695809511));
#3321 = CARTESIAN_POINT('',(5.857108209674,10.452622921727));
#3322 = CARTESIAN_POINT('',(5.831560723618,10.407632421962));
#3323 = CARTESIAN_POINT('',(5.806477350489,10.360987882564));
#3324 = CARTESIAN_POINT('',(5.781833618788,10.312921545377));
#3325 = CARTESIAN_POINT('',(5.757602047325,10.26363265421));
#3326 = CARTESIAN_POINT('',(5.714010791821,10.171613659287));
#3327 = CARTESIAN_POINT('',(5.694532936709,10.129220831682));
#3328 = CARTESIAN_POINT('',(5.675301820969,10.086203713399));
#3329 = CARTESIAN_POINT('',(5.656302202814,10.04264936888));
#3330 = CARTESIAN_POINT('',(5.637519546537,9.998636052231));
#3331 = CARTESIAN_POINT('',(5.618939636581,9.954233741341));
#3332 = CARTESIAN_POINT('',(5.543316495843,9.770313842216));
#3333 = CARTESIAN_POINT('',(5.487944663224,9.628043675249));
#3334 = CARTESIAN_POINT('',(5.433954604091,9.484462108337));
#3335 = CARTESIAN_POINT('',(5.381039822376,9.340987874578));
#3336 = CARTESIAN_POINT('',(5.328924947812,9.198866388088));
#3337 = CARTESIAN_POINT('',(5.277358639634,9.059180206133));
#3338 = CARTESIAN_POINT('',(5.171543756909,8.778074092624));
#3339 = CARTESIAN_POINT('',(5.117376666238,8.637221435317));
#3340 = CARTESIAN_POINT('',(5.06327045934,8.501628479307));
#3341 = CARTESIAN_POINT('',(5.008995700405,8.372658370655));
#3342 = CARTESIAN_POINT('',(4.954348073273,8.251778988811));
#3343 = CARTESIAN_POINT('',(4.899139543627,8.140500819494));
#3344 = CARTESIAN_POINT('',(4.807307277995,7.975909051418));
#3345 = CARTESIAN_POINT('',(4.771125103696,7.916130696438));
#3346 = CARTESIAN_POINT('',(4.73460691403,7.861271849938));
#3347 = CARTESIAN_POINT('',(4.697721306459,7.811698038858));
#3348 = CARTESIAN_POINT('',(4.66044315402,7.76773020937));
#3349 = CARTESIAN_POINT('',(4.622754396182,7.729615231803));
#3350 = CARTESIAN_POINT('',(4.525950076913,7.648021798143));
#3351 = CARTESIAN_POINT('',(4.466236955568,7.61275194078));
#3352 = CARTESIAN_POINT('',(4.405508765567,7.592253210095));
#3353 = CARTESIAN_POINT('',(4.343751430878,7.586403030303));
#3354 = CARTESIAN_POINT('',(4.280937003118,7.594288190738));
#3355 = CARTESIAN_POINT('',(4.21702195648,7.614349755688));
#3356 = CARTESIAN_POINT('',(4.120866383164,7.659012424192));
#3357 = CARTESIAN_POINT('',(4.089531694647,7.675758898291));
#3358 = CARTESIAN_POINT('',(4.057911376494,7.694609259272));
#3359 = CARTESIAN_POINT('',(4.02599083115,7.715327454749));
#3360 = CARTESIAN_POINT('',(3.993753483247,7.737659169833));
#3361 = CARTESIAN_POINT('',(3.961179990408,7.76133503074));
#3362 = CARTESIAN_POINT('',(3.902731527391,7.80524126122));
#3363 = CARTESIAN_POINT('',(3.877001219247,7.825045853858));
#3364 = CARTESIAN_POINT('',(3.85104584223,7.845356736791));
#3365 = CARTESIAN_POINT('',(3.824855353469,7.866036912382));
#3366 = CARTESIAN_POINT('',(3.798420163528,7.886943857639));
#3367 = CARTESIAN_POINT('',(3.771730945331,7.907930146973));
#3368 = CARTESIAN_POINT('',(3.711556546275,7.954622770761));
#3369 = CARTESIAN_POINT('',(3.677936673016,7.980290003173));
#3370 = CARTESIAN_POINT('',(3.643901161514,8.005562157326));
#3371 = CARTESIAN_POINT('',(3.609439620783,8.03014114634));
#3372 = CARTESIAN_POINT('',(3.574548372902,8.053717562696));
#3373 = CARTESIAN_POINT('',(3.53923159019,8.075979088688));
#3374 = CARTESIAN_POINT('',(3.453666469048,8.125422804846));
#3375 = CARTESIAN_POINT('',(3.402994729784,8.151096302425));
#3376 = CARTESIAN_POINT('',(3.351588273269,8.172783024489));
#3377 = CARTESIAN_POINT('',(3.299568143576,8.189696049954));
#3378 = CARTESIAN_POINT('',(3.247081530991,8.201210513953));
#3379 = CARTESIAN_POINT('',(3.194325882039,8.206963003135));
#3380 = CARTESIAN_POINT('',(3.14159265359,8.206963003135));
#3381 = ( GEOMETRIC_REPRESENTATION_CONTEXT(2) 
PARAMETRIC_REPRESENTATION_CONTEXT() REPRESENTATION_CONTEXT('2D SPACE',''
  ) );
#3382 = PCURVE('',#2099,#3383);
#3383 = DEFINITIONAL_REPRESENTATION('',(#3384),#3459);
#3384 = B_SPLINE_CURVE_WITH_KNOTS('',7,(#3385,#3386,#3387,#3388,#3389,
    #3390,#3391,#3392,#3393,#3394,#3395,#3396,#3397,#3398,#3399,#3400,
    #3401,#3402,#3403,#3404,#3405,#3406,#3407,#3408,#3409,#3410,#3411,
    #3412,#3413,#3414,#3415,#3416,#3417,#3418,#3419,#3420,#3421,#3422,
    #3423,#3424,#3425,#3426,#3427,#3428,#3429,#3430,#3431,#3432,#3433,
    #3434,#3435,#3436,#3437,#3438,#3439,#3440,#3441,#3442,#3443,#3444,
    #3445,#3446,#3447,#3448,#3449,#3450,#3451,#3452,#3453,#3454,#3455,
    #3456,#3457,#3458),.UNSPECIFIED.,.F.,.F.,(8,6,6,6,6,6,6,6,6,6,6,6,8)
  ,(0.,5.935800353489E-02,9.827782596893E-02,0.151802513524,
    0.196104925372,0.333968054616,0.480535741588,0.57454230999,
    0.71933506541,0.788430252552,0.84196477866,0.907951917262,1.),
  .UNSPECIFIED.);
#3385 = CARTESIAN_POINT('',(-6.28318530718,-38.73744170481));
#3386 = CARTESIAN_POINT('',(-6.264003864406,-38.73744170489));
#3387 = CARTESIAN_POINT('',(-6.244815584734,-38.74570311539));
#3388 = CARTESIAN_POINT('',(-6.225756779686,-38.76223605337));
#3389 = CARTESIAN_POINT('',(-6.206935658712,-38.78673312362));
#3390 = CARTESIAN_POINT('',(-6.188438499388,-38.81868676071));
#3391 = CARTESIAN_POINT('',(-6.170333725288,-38.85747588161));
#3392 = CARTESIAN_POINT('',(-6.141094701631,-38.93189199538));
#3393 = CARTESIAN_POINT('',(-6.129702375823,-38.96402058405));
#3394 = CARTESIAN_POINT('',(-6.118507142526,-38.99863165523));
#3395 = CARTESIAN_POINT('',(-6.107515551178,-39.03555013104));
#3396 = CARTESIAN_POINT('',(-6.096730966176,-39.0746075005));
#3397 = CARTESIAN_POINT('',(-6.086154060828,-39.11564750469));
#3398 = CARTESIAN_POINT('',(-6.061520884257,-39.21750870139));
#3399 = CARTESIAN_POINT('',(-6.047650282143,-39.27996549023));
#3400 = CARTESIAN_POINT('',(-6.034165633686,-39.34554554561));
#3401 = CARTESIAN_POINT('',(-6.021058794109,-39.41393151693));
#3402 = CARTESIAN_POINT('',(-6.008319563368,-39.48484838313));
#3403 = CARTESIAN_POINT('',(-5.995935904388,-39.55806649007));
#3404 = CARTESIAN_POINT('',(-5.97392720426,-39.6957619707));
#3405 = CARTESIAN_POINT('',(-5.964195443998,-39.75956566444));
#3406 = CARTESIAN_POINT('',(-5.954691721192,-39.82470847443));
#3407 = CARTESIAN_POINT('',(-5.945409448065,-39.89109579557));
#3408 = CARTESIAN_POINT('',(-5.936342475262,-39.95864522699));
#3409 = CARTESIAN_POINT('',(-5.927484958722,-40.02728618675));
#3410 = CARTESIAN_POINT('',(-5.891901979417,-40.31377356098));
#3411 = CARTESIAN_POINT('',(-5.866962506311,-40.54045275304));
#3412 = CARTESIAN_POINT('',(-5.843817340142,-40.77537239882));
#3413 = CARTESIAN_POINT('',(-5.82237682978,-41.01742220914));
#3414 = CARTESIAN_POINT('',(-5.80258357411,-41.26578864096));
#3415 = CARTESIAN_POINT('',(-5.784414932824,-41.51997936668));
#3416 = CARTESIAN_POINT('',(-5.750299502777,-42.05608601959));
#3417 = CARTESIAN_POINT('',(-5.734580052887,-42.3385104738));
#3418 = CARTESIAN_POINT('',(-5.720734562427,-42.62675381597));
#3419 = CARTESIAN_POINT('',(-5.708841600335,-42.92042440038));
#3420 = CARTESIAN_POINT('',(-5.699019530969,-43.21904362495));
#3421 = CARTESIAN_POINT('',(-5.691419310281,-43.5220234259));
#3422 = CARTESIAN_POINT('',(-5.682864600149,-44.02524622935));
#3423 = CARTESIAN_POINT('',(-5.680504870918,-44.22333325974));
#3424 = CARTESIAN_POINT('',(-5.679172384012,-44.42261997076));
#3425 = CARTESIAN_POINT('',(-5.678912906085,-44.62280315702));
#3426 = CARTESIAN_POINT('',(-5.679770544704,-44.82352136578));
#3427 = CARTESIAN_POINT('',(-5.681784022618,-45.02435118522));
#3428 = CARTESIAN_POINT('',(-5.689908953219,-45.53354794965));
#3429 = CARTESIAN_POINT('',(-5.697648484836,-45.8415112242));
#3430 = CARTESIAN_POINT('',(-5.708308392144,-46.14671416795));
#3431 = CARTESIAN_POINT('',(-5.721938639258,-46.44718072814));
#3432 = CARTESIAN_POINT('',(-5.738527706891,-46.74094367977));
#3433 = CARTESIAN_POINT('',(-5.758018372674,-47.02602872069));
#3434 = CARTESIAN_POINT('',(-5.790984912926,-47.43135586239));
#3435 = CARTESIAN_POINT('',(-5.802279493449,-47.55987536849));
#3436 = CARTESIAN_POINT('',(-5.814212799419,-47.68577525955));
#3437 = CARTESIAN_POINT('',(-5.826777934954,-47.80884793688));
#3438 = CARTESIAN_POINT('',(-5.83996799151,-47.92887683616));
#3439 = CARTESIAN_POINT('',(-5.853776714531,-48.04563438486));
#3440 = CARTESIAN_POINT('',(-5.879373599981,-48.24662193461));
#3441 = CARTESIAN_POINT('',(-5.89091594953,-48.33225157934));
#3442 = CARTESIAN_POINT('',(-5.902823902168,-48.41565717398));
#3443 = CARTESIAN_POINT('',(-5.915094759691,-48.49671516385));
#3444 = CARTESIAN_POINT('',(-5.927725427435,-48.57529072929));
#3445 = CARTESIAN_POINT('',(-5.940712399455,-48.65123835556));
#3446 = CARTESIAN_POINT('',(-5.970493939424,-48.81458506536));
#3447 = CARTESIAN_POINT('',(-5.987470495289,-48.90053307855));
#3448 = CARTESIAN_POINT('',(-6.004974155223,-48.98195659722));
#3449 = CARTESIAN_POINT('',(-6.022993188084,-49.05852376492));
#3450 = CARTESIAN_POINT('',(-6.041510764378,-49.12987023795));
#3451 = CARTESIAN_POINT('',(-6.06050363745,-49.19561249327));
#3452 = CARTESIAN_POINT('',(-6.107052864099,-49.33871595526));
#3453 = CARTESIAN_POINT('',(-6.1350478752,-49.41047108702));
#3454 = CARTESIAN_POINT('',(-6.16380790336,-49.46944824745));
#3455 = CARTESIAN_POINT('',(-6.193191047804,-49.51459870559));
#3456 = CARTESIAN_POINT('',(-6.223028213369,-49.54505483146));
#3457 = CARTESIAN_POINT('',(-6.253113181814,-49.56027322752));
#3458 = CARTESIAN_POINT('',(-6.28318530718,-49.56027322752));
#3459 = ( GEOMETRIC_REPRESENTATION_CONTEXT(2) 
PARAMETRIC_REPRESENTATION_CONTEXT() REPRESENTATION_CONTEXT('2D SPACE',''
  ) );
#3460 = ORIENTED_EDGE('',*,*,#2968,.T.);
#3461 = ADVANCED_FACE('',(#3462),#1709,.F.);
#3462 = FACE_BOUND('',#3463,.F.);
#3463 = EDGE_LOOP('',(#3464,#3487,#3591,#3721,#3846,#3972,#3973));
#3464 = ORIENTED_EDGE('',*,*,#3465,.F.);
#3465 = EDGE_CURVE('',#3466,#1693,#3468,.T.);
#3466 = VERTEX_POINT('',#3467);
#3467 = CARTESIAN_POINT('',(331.41157022096,-1.718875997532E-15,
    -9.03568766708));
#3468 = SEAM_CURVE('',#3469,(#3473,#3480),.PCURVE_S1.);
#3469 = LINE('',#3470,#3471);
#3470 = CARTESIAN_POINT('',(337.47706597869,-1.224646799147E-15,
    2.350747396808));
#3471 = VECTOR('',#3472,1.);
#3472 = DIRECTION('',(-0.470149479362,0.,-0.882586804261));
#3473 = PCURVE('',#1709,#3474);
#3474 = DEFINITIONAL_REPRESENTATION('',(#3475),#3479);
#3475 = LINE('',#3476,#3477);
#3476 = CARTESIAN_POINT('',(0.,-0.));
#3477 = VECTOR('',#3478,1.);
#3478 = DIRECTION('',(0.,1.));
#3479 = ( GEOMETRIC_REPRESENTATION_CONTEXT(2) 
PARAMETRIC_REPRESENTATION_CONTEXT() REPRESENTATION_CONTEXT('2D SPACE',''
  ) );
#3480 = PCURVE('',#1709,#3481);
#3481 = DEFINITIONAL_REPRESENTATION('',(#3482),#3486);
#3482 = LINE('',#3483,#3484);
#3483 = CARTESIAN_POINT('',(6.28318530718,-0.));
#3484 = VECTOR('',#3485,1.);
#3485 = DIRECTION('',(0.,1.));
#3486 = ( GEOMETRIC_REPRESENTATION_CONTEXT(2) 
PARAMETRIC_REPRESENTATION_CONTEXT() REPRESENTATION_CONTEXT('2D SPACE',''
  ) );
#3487 = ORIENTED_EDGE('',*,*,#3488,.F.);
#3488 = EDGE_CURVE('',#3489,#3466,#3491,.T.);
#3489 = VERTEX_POINT('',#3490);
#3490 = CARTESIAN_POINT('',(335.2525,4.493872701648,-7.797763021622));
#3491 = SURFACE_CURVE('',#3492,(#3523,#3557),.PCURVE_S1.);
#3492 = B_SPLINE_CURVE_WITH_KNOTS('',8,(#3493,#3494,#3495,#3496,#3497,
    #3498,#3499,#3500,#3501,#3502,#3503,#3504,#3505,#3506,#3507,#3508,
    #3509,#3510,#3511,#3512,#3513,#3514,#3515,#3516,#3517,#3518,#3519,
    #3520,#3521,#3522),.UNSPECIFIED.,.F.,.F.,(9,7,7,7,9),(0.,
    0.376821695523,0.694284415393,0.844539130079,1.),.UNSPECIFIED.);
#3493 = CARTESIAN_POINT('',(335.2525,4.493872701645,-7.797763021624));
#3494 = CARTESIAN_POINT('',(335.01351006307,4.403514005395,
    -7.852399904835));
#3495 = CARTESIAN_POINT('',(334.77727062978,4.304322745065,
    -7.910464303952));
#3496 = CARTESIAN_POINT('',(334.54380741874,4.196164910328,
    -7.971526424454));
#3497 = CARTESIAN_POINT('',(334.31323516008,4.078775718558,
    -8.035180302532));
#3498 = CARTESIAN_POINT('',(334.08575747301,3.951742480871,
    -8.101025367225));
#3499 = CARTESIAN_POINT('',(333.86166478819,3.814499212286,
    -8.168655911469));
#3500 = CARTESIAN_POINT('',(333.64134754812,3.666258832508,
    -8.237648500161));
#3501 = CARTESIAN_POINT('',(333.24336265508,3.370633724659,
    -8.36641692087));
#3502 = CARTESIAN_POINT('',(333.06469401274,3.226977889448,
    -8.425851596284));
#3503 = CARTESIAN_POINT('',(332.88943638116,3.07400665179,
    -8.485626351542));
#3504 = CARTESIAN_POINT('',(332.71801511583,2.910777890899,-8.545435224)
  );
#3505 = CARTESIAN_POINT('',(332.55115839345,2.736266914543,
    -8.604863567474));
#3506 = CARTESIAN_POINT('',(332.38996221189,2.549220016507,
    -8.663347705214));
#3507 = CARTESIAN_POINT('',(332.23586502816,2.348198889545,
    -8.720175199696));
#3508 = CARTESIAN_POINT('',(332.02240021608,2.027925955259,
    -8.799993156509));
#3509 = CARTESIAN_POINT('',(331.95594772473,1.921463195251,
    -8.825018232148));
#3510 = CARTESIAN_POINT('',(331.8918386763,1.811186271271,
    -8.849322054279));
#3511 = CARTESIAN_POINT('',(331.83037562976,1.696887725732,
    -8.872767714021));
#3512 = CARTESIAN_POINT('',(331.77194086887,1.578395599072,
    -8.895185566395));
#3513 = CARTESIAN_POINT('',(331.7169907073,1.455581043651,
    -8.916374776128));
#3514 = CARTESIAN_POINT('',(331.66604679273,1.328370014779,
    -8.936106963579));
#3515 = CARTESIAN_POINT('',(331.57171562292,1.060587892097,
    -8.972781483358));
#3516 = CARTESIAN_POINT('',(331.52860926082,0.919588913502,
    -8.989619733391));
#3517 = CARTESIAN_POINT('',(331.49110741272,0.773995614876,
    -9.004329543837));
#3518 = CARTESIAN_POINT('',(331.45997851543,0.624225892509,
    -9.016580365958));
#3519 = CARTESIAN_POINT('',(331.43596583754,0.470907057593,
    -9.026052792537));
#3520 = CARTESIAN_POINT('',(331.41969924117,0.314915300499,
    -9.032477366803));
#3521 = CARTESIAN_POINT('',(331.41157022102,0.157429588941,
    -9.035687667066));
#3522 = CARTESIAN_POINT('',(331.41157022096,0.,-9.03568766708));
#3523 = PCURVE('',#1709,#3524);
#3524 = DEFINITIONAL_REPRESENTATION('',(#3525),#3556);
#3525 = B_SPLINE_CURVE_WITH_KNOTS('',8,(#3526,#3527,#3528,#3529,#3530,
    #3531,#3532,#3533,#3534,#3535,#3536,#3537,#3538,#3539,#3540,#3541,
    #3542,#3543,#3544,#3545,#3546,#3547,#3548,#3549,#3550,#3551,#3552,
    #3553,#3554,#3555),.UNSPECIFIED.,.F.,.F.,(9,7,7,7,9),(0.,
    0.376821695523,0.694284415393,0.844539130079,1.),.UNSPECIFIED.);
#3526 = CARTESIAN_POINT('',(1.116966226806,10.002819915008));
#3527 = CARTESIAN_POINT('',(1.07574524108,10.163402701574));
#3528 = CARTESIAN_POINT('',(1.034475867043,10.325717420089));
#3529 = CARTESIAN_POINT('',(0.993007146176,10.489372649721));
#3530 = CARTESIAN_POINT('',(0.951192564809,10.653956149727));
#3531 = CARTESIAN_POINT('',(0.908877174683,10.819018650666));
#3532 = CARTESIAN_POINT('',(0.86589100006,10.98406553612));
#3533 = CARTESIAN_POINT('',(0.822032466554,11.148539520067));
#3534 = CARTESIAN_POINT('',(0.739108432412,11.449301219249));
#3535 = CARTESIAN_POINT('',(0.700428227125,11.58575844866));
#3536 = CARTESIAN_POINT('',(0.660781399231,11.720912143116));
#3537 = CARTESIAN_POINT('',(0.619967979237,11.854292283374));
#3538 = CARTESIAN_POINT('',(0.577785596233,11.985190556277));
#3539 = CARTESIAN_POINT('',(0.533991916346,12.112594185343));
#3540 = CARTESIAN_POINT('',(0.488306493546,12.235198092795));
#3541 = CARTESIAN_POINT('',(0.417500286347,12.40600473848));
#3542 = CARTESIAN_POINT('',(0.394241969814,12.459334144227));
#3543 = CARTESIAN_POINT('',(0.370422984063,12.510925212671));
#3544 = CARTESIAN_POINT('',(0.346001792363,12.560514861907));
#3545 = CARTESIAN_POINT('',(0.320943406671,12.607773635004));
#3546 = CARTESIAN_POINT('',(0.295219348906,12.652309741757));
#3547 = CARTESIAN_POINT('',(0.268808408857,12.693676364935));
#3548 = CARTESIAN_POINT('',(0.213648650559,12.770394562518));
#3549 = CARTESIAN_POINT('',(0.184826357052,12.805522213506));
#3550 = CARTESIAN_POINT('',(0.155266870296,12.836136372453));
#3551 = CARTESIAN_POINT('',(0.125035576354,12.861584021253));
#3552 = CARTESIAN_POINT('',(9.422908899211E-02,12.881233807967));
#3553 = CARTESIAN_POINT('',(6.298299028728E-02,12.894551784254));
#3554 = CARTESIAN_POINT('',(3.148591808189E-02,12.901207007486));
#3555 = CARTESIAN_POINT('',(2.937156023791E-10,12.901207007526));
#3556 = ( GEOMETRIC_REPRESENTATION_CONTEXT(2) 
PARAMETRIC_REPRESENTATION_CONTEXT() REPRESENTATION_CONTEXT('2D SPACE',''
  ) );
#3557 = PCURVE('',#2099,#3558);
#3558 = DEFINITIONAL_REPRESENTATION('',(#3559),#3590);
#3559 = B_SPLINE_CURVE_WITH_KNOTS('',8,(#3560,#3561,#3562,#3563,#3564,
    #3565,#3566,#3567,#3568,#3569,#3570,#3571,#3572,#3573,#3574,#3575,
    #3576,#3577,#3578,#3579,#3580,#3581,#3582,#3583,#3584,#3585,#3586,
    #3587,#3588,#3589),.UNSPECIFIED.,.F.,.F.,(9,7,7,7,9),(0.,
    0.376821695523,0.694284415393,0.844539130079,1.),.UNSPECIFIED.);
#3560 = CARTESIAN_POINT('',(-0.522812821094,-71.75083333333));
#3561 = CARTESIAN_POINT('',(-0.511082859387,-71.51184339641));
#3562 = CARTESIAN_POINT('',(-0.498319061094,-71.27560396311));
#3563 = CARTESIAN_POINT('',(-0.484530763187,-71.04214075207));
#3564 = CARTESIAN_POINT('',(-0.469711639668,-70.81156849341));
#3565 = CARTESIAN_POINT('',(-0.453838113031,-70.58409080634));
#3566 = CARTESIAN_POINT('',(-0.436868878503,-70.35999812153));
#3567 = CARTESIAN_POINT('',(-0.41873746345,-70.13968088145));
#3568 = CARTESIAN_POINT('',(-0.382979233304,-69.74169598841));
#3569 = CARTESIAN_POINT('',(-0.365745256813,-69.56302734607));
#3570 = CARTESIAN_POINT('',(-0.347545626745,-69.3877697145));
#3571 = CARTESIAN_POINT('',(-0.328287918399,-69.21634844916));
#3572 = CARTESIAN_POINT('',(-0.307872044099,-69.04949172678));
#3573 = CARTESIAN_POINT('',(-0.286173143678,-68.88829554522));
#3574 = CARTESIAN_POINT('',(-0.263045246106,-68.73419836149));
#3575 = CARTESIAN_POINT('',(-0.226490865276,-68.52073354941));
#3576 = CARTESIAN_POINT('',(-0.21438102172,-68.45428105806));
#3577 = CARTESIAN_POINT('',(-0.201878961778,-68.39017200964));
#3578 = CARTESIAN_POINT('',(-0.188962821653,-68.3287089631));
#3579 = CARTESIAN_POINT('',(-0.17561451541,-68.2702742022));
#3580 = CARTESIAN_POINT('',(-0.161820288866,-68.21532404064));
#3581 = CARTESIAN_POINT('',(-0.147571691612,-68.16438012606));
#3582 = CARTESIAN_POINT('',(-0.117652740706,-68.07004895625));
#3583 = CARTESIAN_POINT('',(-0.10193709529,-68.02694259415));
#3584 = CARTESIAN_POINT('',(-8.574466334341E-02,-67.98944074605));
#3585 = CARTESIAN_POINT('',(-6.911908947702E-02,-67.95831184876));
#3586 = CARTESIAN_POINT('',(-5.212501148294E-02,-67.93429917087));
#3587 = CARTESIAN_POINT('',(-3.48523759982E-02,-67.9180325745));
#3588 = CARTESIAN_POINT('',(-1.742308883854E-02,-67.90990355436));
#3589 = CARTESIAN_POINT('',(0.,-67.9099035543));
#3590 = ( GEOMETRIC_REPRESENTATION_CONTEXT(2) 
PARAMETRIC_REPRESENTATION_CONTEXT() REPRESENTATION_CONTEXT('2D SPACE',''
  ) );
#3591 = ORIENTED_EDGE('',*,*,#3592,.F.);
#3592 = EDGE_CURVE('',#3593,#3489,#3595,.T.);
#3593 = VERTEX_POINT('',#3594);
#3594 = CARTESIAN_POINT('',(342.79825879318,-2.187192053514E-15,
    -8.929889234335));
#3595 = SURFACE_CURVE('',#3596,(#3634,#3675),.PCURVE_S1.);
#3596 = B_SPLINE_CURVE_WITH_KNOTS('',8,(#3597,#3598,#3599,#3600,#3601,
    #3602,#3603,#3604,#3605,#3606,#3607,#3608,#3609,#3610,#3611,#3612,
    #3613,#3614,#3615,#3616,#3617,#3618,#3619,#3620,#3621,#3622,#3623,
    #3624,#3625,#3626,#3627,#3628,#3629,#3630,#3631,#3632,#3633),
  .UNSPECIFIED.,.F.,.F.,(9,7,7,7,7,9),(0.,0.125755590565,0.199512579814,
    0.40887334447,0.626988800204,1.),.UNSPECIFIED.);
#3597 = CARTESIAN_POINT('',(342.79825879318,3.061616997868E-16,
    -8.929889234335));
#3598 = CARTESIAN_POINT('',(342.79825879314,0.216042659098,
    -8.929889234323));
#3599 = CARTESIAN_POINT('',(342.78930863524,0.432134313646,
    -8.923998912096));
#3600 = CARTESIAN_POINT('',(342.77140210269,0.647156490814,
    -8.91221374317));
#3601 = CARTESIAN_POINT('',(342.74465645976,0.860089500914,
    -8.89467909123));
#3602 = CARTESIAN_POINT('',(342.70928158197,1.070005020684,
    -8.871667299634));
#3603 = CARTESIAN_POINT('',(342.66556004415,1.276060821037,
    -8.843556213675));
#3604 = CARTESIAN_POINT('',(342.61383816629,1.477497639278,
    -8.810809133602));
#3605 = CARTESIAN_POINT('',(342.51974198501,1.788676714949,
    -8.752341560556));
#3606 = CARTESIAN_POINT('',(342.48233905966,1.901914668819,
    -8.729310451818));
#3607 = CARTESIAN_POINT('',(342.44239608892,2.013229611111,
    -8.704966164441));
#3608 = CARTESIAN_POINT('',(342.39999307633,2.122514463333,
    -8.679417249838));
#3609 = CARTESIAN_POINT('',(342.35521223608,2.229676457401,
    -8.652776003156));
#3610 = CARTESIAN_POINT('',(342.30813704783,2.334636078271,
    -8.62515694785));
#3611 = CARTESIAN_POINT('',(342.25885131152,2.437326006565,
    -8.596675320259));
#3612 = CARTESIAN_POINT('',(342.06150101034,2.822575540346,
    -8.484476248667));
#3613 = CARTESIAN_POINT('',(341.89847251043,3.088625278568,
    -8.395507251993));
#3614 = CARTESIAN_POINT('',(341.72020755911,3.334718858814,
    -8.303126261801));
#3615 = CARTESIAN_POINT('',(341.52854512269,3.560293341258,
    -8.209896213466));
#3616 = CARTESIAN_POINT('',(341.32527711089,3.765234401324,
    -8.118191747259));
#3617 = CARTESIAN_POINT('',(341.11213716569,3.949801062664,
    -8.030063784879));
#3618 = CARTESIAN_POINT('',(340.89078498437,4.114556691027,
    -7.947154714793));
#3619 = CARTESIAN_POINT('',(340.42520344195,4.412094702029,
    -7.791021047317));
#3620 = CARTESIAN_POINT('',(340.18043919132,4.543230026682,
    -7.718358037692));
#3621 = CARTESIAN_POINT('',(339.93022930907,4.654566880048,
    -7.654080776874));
#3622 = CARTESIAN_POINT('',(339.67615978988,4.747272074641,
    -7.599061929008));
#3623 = CARTESIAN_POINT('',(339.41961887002,4.82264160558,
    -7.553670502848));
#3624 = CARTESIAN_POINT('',(339.16178186954,4.881988044591,
    -7.517874942323));
#3625 = CARTESIAN_POINT('',(338.9036018457,4.926562970619,
    -7.491379132192));
#3626 = CARTESIAN_POINT('',(338.20492862568,5.010424566015,
    -7.443541678329));
#3627 = CARTESIAN_POINT('',(337.76576600895,5.023404115336,
    -7.439263427647));
#3628 = CARTESIAN_POINT('',(337.33061953274,5.002492197558,
    -7.458407020271));
#3629 = CARTESIAN_POINT('',(336.90105299563,4.9518972047,-7.497673108015
    ));
#3630 = CARTESIAN_POINT('',(336.47809618497,4.874547110869,
    -7.553835229371));
#3631 = CARTESIAN_POINT('',(336.06232293746,4.772208933922,
    -7.624065676971));
#3632 = CARTESIAN_POINT('',(335.65386876974,4.645624525063,
    -7.706003766576));
#3633 = CARTESIAN_POINT('',(335.2525,4.493872701645,-7.797763021624));
#3634 = PCURVE('',#1709,#3635);
#3635 = DEFINITIONAL_REPRESENTATION('',(#3636),#3674);
#3636 = B_SPLINE_CURVE_WITH_KNOTS('',8,(#3637,#3638,#3639,#3640,#3641,
    #3642,#3643,#3644,#3645,#3646,#3647,#3648,#3649,#3650,#3651,#3652,
    #3653,#3654,#3655,#3656,#3657,#3658,#3659,#3660,#3661,#3662,#3663,
    #3664,#3665,#3666,#3667,#3668,#3669,#3670,#3671,#3672,#3673),
  .UNSPECIFIED.,.F.,.F.,(9,7,7,7,7,9),(0.,0.125755590565,0.199512579814,
    0.40887334447,0.626988800204,1.),.UNSPECIFIED.);
#3637 = CARTESIAN_POINT('',(3.141592653387,7.454385002996));
#3638 = CARTESIAN_POINT('',(3.098384121568,7.454385003006));
#3639 = CARTESIAN_POINT('',(3.055165828654,7.453394194414));
#3640 = CARTESIAN_POINT('',(3.012038366538,7.451411506789));
#3641 = CARTESIAN_POINT('',(2.969082832475,7.448510104468));
#3642 = CARTESIAN_POINT('',(2.926368031653,7.444831681237));
#3643 = CARTESIAN_POINT('',(2.883956019713,7.440576865959));
#3644 = CARTESIAN_POINT('',(2.841905985226,7.435991739155));
#3645 = CARTESIAN_POINT('',(2.775860320614,7.428628301347));
#3646 = CARTESIAN_POINT('',(2.751584320974,7.425886314567));
#3647 = CARTESIAN_POINT('',(2.727457114536,7.423179534667));
#3648 = CARTESIAN_POINT('',(2.703485954314,7.420566154068));
#3649 = CARTESIAN_POINT('',(2.679676872749,7.418106630024));
#3650 = CARTESIAN_POINT('',(2.65603484947,7.415862791511));
#3651 = CARTESIAN_POINT('',(2.632563979052,7.413896946106));
#3652 = CARTESIAN_POINT('',(2.543140487114,7.407655667419));
#3653 = CARTESIAN_POINT('',(2.478441711031,7.405780569321));
#3654 = CARTESIAN_POINT('',(2.415213326691,7.40805750046));
#3655 = CARTESIAN_POINT('',(2.353479060025,7.415883884737));
#3656 = CARTESIAN_POINT('',(2.293255551831,7.430513082891));
#3657 = CARTESIAN_POINT('',(2.234552806755,7.452940140475));
#3658 = CARTESIAN_POINT('',(2.177369962919,7.483834302063));
#3659 = CARTESIAN_POINT('',(2.063686728137,7.564925707217));
#3660 = CARTESIAN_POINT('',(2.007323304362,7.615870078764));
#3661 = CARTESIAN_POINT('',(1.952587921034,7.676775862427));
#3662 = CARTESIAN_POINT('',(1.899440480958,7.747667605481));
#3663 = CARTESIAN_POINT('',(1.847820178443,7.828218311632));
#3664 = CARTESIAN_POINT('',(1.797648890228,7.917847553799));
#3665 = CARTESIAN_POINT('',(1.748832898091,8.015845905199));
#3666 = CARTESIAN_POINT('',(1.619911125396,8.302106050307));
#3667 = CARTESIAN_POINT('',(1.542313454509,8.504802201962));
#3668 = CARTESIAN_POINT('',(1.467664294126,8.726281955459));
#3669 = CARTESIAN_POINT('',(1.395315273251,8.962898210357));
#3670 = CARTESIAN_POINT('',(1.324675062248,9.211319030033));
#3671 = CARTESIAN_POINT('',(1.255169832882,9.468779111953));
#3672 = CARTESIAN_POINT('',(1.186194315084,9.733131087174));
#3673 = CARTESIAN_POINT('',(1.116966227327,10.002819912978));
#3674 = ( GEOMETRIC_REPRESENTATION_CONTEXT(2) 
PARAMETRIC_REPRESENTATION_CONTEXT() REPRESENTATION_CONTEXT('2D SPACE',''
  ) );
#3675 = PCURVE('',#3676,#3681);
#3676 = CONICAL_SURFACE('',#3677,9.,9.291146209236E-03);
#3677 = AXIS2_PLACEMENT_3D('',#3678,#3679,#3680);
#3678 = CARTESIAN_POINT('',(335.2525,0.,-3.982971360135E-15));
#3679 = DIRECTION('',(-1.,-0.,-2.22044604925E-16));
#3680 = DIRECTION('',(2.22044604925E-16,0.,-1.));
#3681 = DEFINITIONAL_REPRESENTATION('',(#3682),#3720);
#3682 = B_SPLINE_CURVE_WITH_KNOTS('',8,(#3683,#3684,#3685,#3686,#3687,
    #3688,#3689,#3690,#3691,#3692,#3693,#3694,#3695,#3696,#3697,#3698,
    #3699,#3700,#3701,#3702,#3703,#3704,#3705,#3706,#3707,#3708,#3709,
    #3710,#3711,#3712,#3713,#3714,#3715,#3716,#3717,#3718,#3719),
  .UNSPECIFIED.,.F.,.F.,(9,7,7,7,7,9),(0.,0.125755590565,0.199512579814,
    0.40887334447,0.626988800204,1.),.UNSPECIFIED.);
#3683 = CARTESIAN_POINT('',(0.,-7.545758793187));
#3684 = CARTESIAN_POINT('',(-2.419320704089E-02,-7.545758793143));
#3685 = CARTESIAN_POINT('',(-4.839190084989E-02,-7.536808635243));
#3686 = CARTESIAN_POINT('',(-7.249150719476E-02,-7.518902102694));
#3687 = CARTESIAN_POINT('',(-9.639855572078E-02,-7.492156459761));
#3688 = CARTESIAN_POINT('',(-0.12002790648,-7.456781581973));
#3689 = CARTESIAN_POINT('',(-0.143300736987,-7.413060044157));
#3690 = CARTESIAN_POINT('',(-0.1661432898,-7.361338166298));
#3691 = CARTESIAN_POINT('',(-0.201590840661,-7.267241985015));
#3692 = CARTESIAN_POINT('',(-0.214525913381,-7.229839059667));
#3693 = CARTESIAN_POINT('',(-0.227279293479,-7.189896088925));
#3694 = CARTESIAN_POINT('',(-0.239839868931,-7.147493076335));
#3695 = CARTESIAN_POINT('',(-0.252197625156,-7.102712236089));
#3696 = CARTESIAN_POINT('',(-0.264343549178,-7.055637047839));
#3697 = CARTESIAN_POINT('',(-0.276269533777,-7.00635131152));
#3698 = CARTESIAN_POINT('',(-0.321175423434,-6.809001010344));
#3699 = CARTESIAN_POINT('',(-0.352540546735,-6.64597251043));
#3700 = CARTESIAN_POINT('',(-0.381915742078,-6.467707559118));
#3701 = CARTESIAN_POINT('',(-0.409188641219,-6.276045122696));
#3702 = CARTESIAN_POINT('',(-0.434276867443,-6.072777110893));
#3703 = CARTESIAN_POINT('',(-0.457131397734,-5.85963716569));
#3704 = CARTESIAN_POINT('',(-0.477740643456,-5.638284984379));
#3705 = CARTESIAN_POINT('',(-0.515282320478,-5.172703441959));
#3706 = CARTESIAN_POINT('',(-0.532022181004,-4.927939191329));
#3707 = CARTESIAN_POINT('',(-0.546372319046,-4.677729309071));
#3708 = CARTESIAN_POINT('',(-0.558402376509,-4.423659789887));
#3709 = CARTESIAN_POINT('',(-0.568217276944,-4.167118870028));
#3710 = CARTESIAN_POINT('',(-0.575944738135,-3.909281869546));
#3711 = CARTESIAN_POINT('',(-0.581722049457,-3.651101845706));
#3712 = CARTESIAN_POINT('',(-0.592462766383,-2.952428625682));
#3713 = CARTESIAN_POINT('',(-0.59392542467,-2.513266008956));
#3714 = CARTESIAN_POINT('',(-0.590798437274,-2.078119532744));
#3715 = CARTESIAN_POINT('',(-0.58368151651,-1.648552995637));
#3716 = CARTESIAN_POINT('',(-0.573056279531,-1.225596184974));
#3717 = CARTESIAN_POINT('',(-0.559263246449,-0.809822937468));
#3718 = CARTESIAN_POINT('',(-0.542512563915,-0.401368769749));
#3719 = CARTESIAN_POINT('',(-0.522812821094,0.));
#3720 = ( GEOMETRIC_REPRESENTATION_CONTEXT(2) 
PARAMETRIC_REPRESENTATION_CONTEXT() REPRESENTATION_CONTEXT('2D SPACE',''
  ) );
#3721 = ORIENTED_EDGE('',*,*,#3722,.F.);
#3722 = EDGE_CURVE('',#3723,#3593,#3725,.T.);
#3723 = VERTEX_POINT('',#3724);
#3724 = CARTESIAN_POINT('',(335.2525,-4.493872701648,-7.797763021622));
#3725 = SURFACE_CURVE('',#3726,(#3764,#3805),.PCURVE_S1.);
#3726 = B_SPLINE_CURVE_WITH_KNOTS('',8,(#3727,#3728,#3729,#3730,#3731,
    #3732,#3733,#3734,#3735,#3736,#3737,#3738,#3739,#3740,#3741,#3742,
    #3743,#3744,#3745,#3746,#3747,#3748,#3749,#3750,#3751,#3752,#3753,
    #3754,#3755,#3756,#3757,#3758,#3759,#3760,#3761,#3762,#3763),
  .UNSPECIFIED.,.F.,.F.,(9,7,7,7,7,9),(0.,0.372688622851,0.590862175587,
    0.800264898535,0.874032206141,1.),.UNSPECIFIED.);
#3727 = CARTESIAN_POINT('',(335.2525,-4.493872701645,-7.797763021624));
#3728 = CARTESIAN_POINT('',(335.65352138869,-4.645493185397,
    -7.706083183301));
#3729 = CARTESIAN_POINT('',(336.0616174506,-4.771990378681,
    -7.624207165882));
#3730 = CARTESIAN_POINT('',(336.47701980027,-4.874282158003,
    -7.554017046127));
#3731 = CARTESIAN_POINT('',(336.89959275766,-4.951629951284,
    -7.497867106709));
#3732 = CARTESIAN_POINT('',(337.32876465807,-5.00227337011,
    -7.458576826592));
#3733 = CARTESIAN_POINT('',(337.76351012198,-5.023295280275,
    -7.439362945066));
#3734 = CARTESIAN_POINT('',(338.20227266087,-5.010502818314,
    -7.443515987247));
#3735 = CARTESIAN_POINT('',(338.90062310126,-4.927060010183,
    -7.491084616175));
#3736 = CARTESIAN_POINT('',(339.15887417512,-4.882620488759,
    -7.517494427702));
#3737 = CARTESIAN_POINT('',(339.41678961335,-4.823412307928,
    -7.553206134109));
#3738 = CARTESIAN_POINT('',(339.6734173815,-4.748183413583,
    -7.598517820439));
#3739 = CARTESIAN_POINT('',(339.92758290786,-4.655620248838,
    -7.653463502549));
#3740 = CARTESIAN_POINT('',(340.17789835928,-4.544425262276,
    -7.717676879301));
#3741 = CARTESIAN_POINT('',(340.42277773697,-4.413429540586,
    -7.79028785056));
#3742 = CARTESIAN_POINT('',(340.88858774563,-4.116165534095,
    -7.946341583287));
#3743 = CARTESIAN_POINT('',(341.11005338269,-3.951547186421,
    -8.029220815617));
#3744 = CARTESIAN_POINT('',(341.32331553768,-3.76711427196,
    -8.117332666993));
#3745 = CARTESIAN_POINT('',(341.52671396842,-3.562301460164,
    -8.209036230766));
#3746 = CARTESIAN_POINT('',(341.71851442399,-3.336847545897,
    -8.302281446763));
#3747 = CARTESIAN_POINT('',(341.89692434436,-3.090864520951,
    -8.394693821012));
#3748 = CARTESIAN_POINT('',(342.06010403791,-2.82491283306,
    -8.483709826954));
#3749 = CARTESIAN_POINT('',(342.25766278738,-2.439781206942,
    -8.595989978863));
#3750 = CARTESIAN_POINT('',(342.30700143839,-2.337124837871,
    -8.624493283504));
#3751 = CARTESIAN_POINT('',(342.35413042855,-2.232196978734,
    -8.652135841088));
#3752 = CARTESIAN_POINT('',(342.39896592326,-2.125064793408,
    -8.678802362307));
#3753 = CARTESIAN_POINT('',(342.44142439812,-2.015807637118,
    -8.704378254574));
#3754 = CARTESIAN_POINT('',(342.48142358284,-1.904518114272,
    -8.7287511365));
#3755 = CARTESIAN_POINT('',(342.51888340516,-1.791303136308,
    -8.751812352371));
#3756 = CARTESIAN_POINT('',(342.61322703966,-1.479875703755,
    -8.81042222932));
#3757 = CARTESIAN_POINT('',(342.66511723843,-1.278145879575,
    -8.843271521247));
#3758 = CARTESIAN_POINT('',(342.70898298414,-1.071775272343,
    -8.871473063186));
#3759 = CARTESIAN_POINT('',(342.74447583109,-0.861526236604,
    -8.894560669678));
#3760 = CARTESIAN_POINT('',(342.77131140181,-0.648244712102,
    -8.912154047718));
#3761 = CARTESIAN_POINT('',(342.78927841769,-0.432863387729,
    -8.923979025943));
#3762 = CARTESIAN_POINT('',(342.79825879313,-0.216407033422,
    -8.92988923432));
#3763 = CARTESIAN_POINT('',(342.79825879318,0.,-8.929889234335));
#3764 = PCURVE('',#1709,#3765);
#3765 = DEFINITIONAL_REPRESENTATION('',(#3766),#3804);
#3766 = B_SPLINE_CURVE_WITH_KNOTS('',8,(#3767,#3768,#3769,#3770,#3771,
    #3772,#3773,#3774,#3775,#3776,#3777,#3778,#3779,#3780,#3781,#3782,
    #3783,#3784,#3785,#3786,#3787,#3788,#3789,#3790,#3791,#3792,#3793,
    #3794,#3795,#3796,#3797,#3798,#3799,#3800,#3801,#3802,#3803),
  .UNSPECIFIED.,.F.,.F.,(9,7,7,7,7,9),(0.,0.372688622851,0.590862175587,
    0.800264898535,0.874032206141,1.),.UNSPECIFIED.);
#3767 = CARTESIAN_POINT('',(5.166219080347,10.002819914904));
#3768 = CARTESIAN_POINT('',(5.097050908868,9.733364502276));
#3769 = CARTESIAN_POINT('',(5.028134602258,9.469235658684));
#3770 = CARTESIAN_POINT('',(4.958690194238,9.211985586765));
#3771 = CARTESIAN_POINT('',(4.888113914616,8.96375593528));
#3772 = CARTESIAN_POINT('',(4.81583340732,8.727303906965));
#3773 = CARTESIAN_POINT('',(4.741258823147,8.505950635166));
#3774 = CARTESIAN_POINT('',(4.6637434654,8.30333207617));
#3775 = CARTESIAN_POINT('',(4.534914123712,8.016986424395));
#3776 = CARTESIAN_POINT('',(4.486098681969,7.918878767636));
#3777 = CARTESIAN_POINT('',(4.43592811261,7.829138639463));
#3778 = CARTESIAN_POINT('',(4.384308484373,7.748476724309));
#3779 = CARTESIAN_POINT('',(4.331161461857,7.677475268405));
#3780 = CARTESIAN_POINT('',(4.276426032159,7.616463468217));
#3781 = CARTESIAN_POINT('',(4.220061907953,7.56541904137));
#3782 = CARTESIAN_POINT('',(4.106379383161,7.484149673578));
#3783 = CARTESIAN_POINT('',(4.049198219163,7.453175836419));
#3784 = CARTESIAN_POINT('',(3.990496576883,7.430677102608));
#3785 = CARTESIAN_POINT('',(3.930273554113,7.415985791581));
#3786 = CARTESIAN_POINT('',(3.868539108289,7.408107904453));
#3787 = CARTESIAN_POINT('',(3.805309823283,7.405790515342));
#3788 = CARTESIAN_POINT('',(3.740609336796,7.407636019586));
#3789 = CARTESIAN_POINT('',(3.651183605099,7.413850856836));
#3790 = CARTESIAN_POINT('',(3.627713087476,7.415810956304));
#3791 = CARTESIAN_POINT('',(3.604071299312,7.418050242678));
#3792 = CARTESIAN_POINT('',(3.580262323075,7.420506377929));
#3793 = CARTESIAN_POINT('',(3.556291125513,7.423117493102));
#3794 = CARTESIAN_POINT('',(3.532163725115,7.425823081198));
#3795 = CARTESIAN_POINT('',(3.507887359563,7.428564890058));
#3796 = CARTESIAN_POINT('',(3.441775778675,7.435937583408));
#3797 = CARTESIAN_POINT('',(3.399658471113,7.44053378506));
#3798 = CARTESIAN_POINT('',(3.357177507687,7.444800636325));
#3799 = CARTESIAN_POINT('',(3.314392316156,7.448490509641));
#3800 = CARTESIAN_POINT('',(3.271365208641,7.451401463342));
#3801 = CARTESIAN_POINT('',(3.228165292817,7.453390849923));
#3802 = CARTESIAN_POINT('',(3.184874060533,7.454385003008));
#3803 = CARTESIAN_POINT('',(3.141592653848,7.454385002996));
#3804 = ( GEOMETRIC_REPRESENTATION_CONTEXT(2) 
PARAMETRIC_REPRESENTATION_CONTEXT() REPRESENTATION_CONTEXT('2D SPACE',''
  ) );
#3805 = PCURVE('',#3676,#3806);
#3806 = DEFINITIONAL_REPRESENTATION('',(#3807),#3845);
#3807 = B_SPLINE_CURVE_WITH_KNOTS('',8,(#3808,#3809,#3810,#3811,#3812,
    #3813,#3814,#3815,#3816,#3817,#3818,#3819,#3820,#3821,#3822,#3823,
    #3824,#3825,#3826,#3827,#3828,#3829,#3830,#3831,#3832,#3833,#3834,
    #3835,#3836,#3837,#3838,#3839,#3840,#3841,#3842,#3843,#3844),
  .UNSPECIFIED.,.F.,.F.,(9,7,7,7,7,9),(0.,0.372688622851,0.590862175587,
    0.800264898535,0.874032206141,1.),.UNSPECIFIED.);
#3808 = CARTESIAN_POINT('',(-5.760372486086,0.));
#3809 = CARTESIAN_POINT('',(-5.740689793194,-0.401021388693));
#3810 = CARTESIAN_POINT('',(-5.723950982753,-0.809117450602));
#3811 = CARTESIAN_POINT('',(-5.710164737465,-1.224519800274));
#3812 = CARTESIAN_POINT('',(-5.699540498539,-1.647092757662));
#3813 = CARTESIAN_POINT('',(-5.692417649996,-2.076264658077));
#3814 = CARTESIAN_POINT('',(-5.689276149384,-2.511010121984));
#3815 = CARTESIAN_POINT('',(-5.690713728967,-2.949772660874));
#3816 = CARTESIAN_POINT('',(-5.701398896525,-3.648123101268));
#3817 = CARTESIAN_POINT('',(-5.70715828412,-3.90637417512));
#3818 = CARTESIAN_POINT('',(-5.71486766923,-4.164289613354));
#3819 = CARTESIAN_POINT('',(-5.724664500016,-4.420917381509));
#3820 = CARTESIAN_POINT('',(-5.736676723493,-4.675082907859));
#3821 = CARTESIAN_POINT('',(-5.751009545949,-4.92539835929));
#3822 = CARTESIAN_POINT('',(-5.767732914605,-5.170277736975));
#3823 = CARTESIAN_POINT('',(-5.805243236682,-5.636087745633));
#3824 = CARTESIAN_POINT('',(-5.825837238556,-5.857553382694));
#3825 = CARTESIAN_POINT('',(-5.848677470937,-6.070815537681));
#3826 = CARTESIAN_POINT('',(-5.873752546852,-6.274213968424));
#3827 = CARTESIAN_POINT('',(-5.901013616768,-6.466014423995));
#3828 = CARTESIAN_POINT('',(-5.930378447524,-6.644424344362));
#3829 = CARTESIAN_POINT('',(-5.961734801942,-6.807604037919));
#3830 = CARTESIAN_POINT('',(-6.006630502361,-7.005162787388));
#3831 = CARTESIAN_POINT('',(-6.018553502407,-7.054501438399));
#3832 = CARTESIAN_POINT('',(-6.030696645301,-7.101630428557));
#3833 = CARTESIAN_POINT('',(-6.043051834239,-7.146465923263));
#3834 = CARTESIAN_POINT('',(-6.055610066975,-7.188924398121));
#3835 = CARTESIAN_POINT('',(-6.068361340084,-7.228923582846));
#3836 = CARTESIAN_POINT('',(-6.081294553227,-7.266383405161));
#3837 = CARTESIAN_POINT('',(-6.116772344058,-7.360727039668));
#3838 = CARTESIAN_POINT('',(-6.13964907128,-7.412617238431));
#3839 = CARTESIAN_POINT('',(-6.162958128659,-7.456482984145));
#3840 = CARTESIAN_POINT('',(-6.18662544122,-7.491975831096));
#3841 = CARTESIAN_POINT('',(-6.210571832378,-7.518811401814));
#3842 = CARTESIAN_POINT('',(-6.234711762092,-7.536778417692));
#3843 = CARTESIAN_POINT('',(-6.258951296237,-7.54575879313));
#3844 = CARTESIAN_POINT('',(-6.28318530718,-7.545758793188));
#3845 = ( GEOMETRIC_REPRESENTATION_CONTEXT(2) 
PARAMETRIC_REPRESENTATION_CONTEXT() REPRESENTATION_CONTEXT('2D SPACE',''
  ) );
#3846 = ORIENTED_EDGE('',*,*,#3847,.F.);
#3847 = EDGE_CURVE('',#3466,#3723,#3848,.T.);
#3848 = SURFACE_CURVE('',#3849,(#3888,#3930),.PCURVE_S1.);
#3849 = B_SPLINE_CURVE_WITH_KNOTS('',7,(#3850,#3851,#3852,#3853,#3854,
    #3855,#3856,#3857,#3858,#3859,#3860,#3861,#3862,#3863,#3864,#3865,
    #3866,#3867,#3868,#3869,#3870,#3871,#3872,#3873,#3874,#3875,#3876,
    #3877,#3878,#3879,#3880,#3881,#3882,#3883,#3884,#3885,#3886,#3887),
  .UNSPECIFIED.,.F.,.F.,(8,6,6,6,6,6,8),(0.,0.122784976267,
    0.209167745145,0.34134946357,0.604380255953,0.912319173793,1.),
  .UNSPECIFIED.);
#3850 = CARTESIAN_POINT('',(331.41157022096,-8.881784197001E-16,
    -9.03568766708));
#3851 = CARTESIAN_POINT('',(331.41157022101,-0.142020090413,
    -9.035687667069));
#3852 = CARTESIAN_POINT('',(331.41832330832,-0.284095110245,
    -9.033020681088));
#3853 = CARTESIAN_POINT('',(331.43183874358,-0.425027925172,
    -9.027682845599));
#3854 = CARTESIAN_POINT('',(331.45181899026,-0.563878288349,
    -9.019800497097));
#3855 = CARTESIAN_POINT('',(331.47778151593,-0.699920295155,
    -9.009580182698));
#3856 = CARTESIAN_POINT('',(331.5091501048,-0.83260983854,
    -8.997269437266));
#3857 = CARTESIAN_POINT('',(331.57075920707,-1.052283672095,
    -8.973179648551));
#3858 = CARTESIAN_POINT('',(331.59858922646,-1.141197878323,
    -8.962320247598));
#3859 = CARTESIAN_POINT('',(331.62861157249,-1.228220877529,
    -8.950633851504));
#3860 = CARTESIAN_POINT('',(331.66063676773,-1.31330932062,
    -8.938202358179));
#3861 = CARTESIAN_POINT('',(331.69448639021,-1.396454183568,
    -8.925103185014));
#3862 = CARTESIAN_POINT('',(331.72999943883,-1.477674635409,
    -8.911406617745));
#3863 = CARTESIAN_POINT('',(331.82371566245,-1.678412700978,
    -8.875393318078));
#3864 = CARTESIAN_POINT('',(331.88394973199,-1.795370834591,
    -8.852362669149));
#3865 = CARTESIAN_POINT('',(331.94725436834,-1.908063245608,
    -8.828296493445));
#3866 = CARTESIAN_POINT('',(332.01321564941,-2.016679879857,
    -8.803379040026));
#3867 = CARTESIAN_POINT('',(332.08149201442,-2.121423862578,
    -8.777764296976));
#3868 = CARTESIAN_POINT('',(332.15181400801,-2.222511670533,
    -8.751576762269));
#3869 = CARTESIAN_POINT('',(332.36759644537,-2.514511955304,
    -8.67185194898));
#3870 = CARTESIAN_POINT('',(332.51839103035,-2.695099819787,
    -8.616953197004));
#3871 = CARTESIAN_POINT('',(332.67480140188,-2.863798792104,
    -8.560973362404));
#3872 = CARTESIAN_POINT('',(332.83576067308,-3.021788462021,
    -8.504459319661));
#3873 = CARTESIAN_POINT('',(333.0004849527,-3.170095784533,
    -8.447838683991));
#3874 = CARTESIAN_POINT('',(333.16848752851,-3.309576991777,
    -8.391425301301));
#3875 = CARTESIAN_POINT('',(333.53981520585,-3.59485761429,
    -8.269924661127));
#3876 = CARTESIAN_POINT('',(333.74410665464,-3.737540867841,
    -8.205055599324));
#3877 = CARTESIAN_POINT('',(333.9518863099,-3.870171034022,
    -8.141275363228));
#3878 = CARTESIAN_POINT('',(334.16277439487,-3.99347259901,
    -8.07896320029));
#3879 = CARTESIAN_POINT('',(334.37649479979,-4.107995344412,
    -8.01847634588));
#3880 = CARTESIAN_POINT('',(334.59287320607,-4.214134901142,
    -7.960159690789));
#3881 = CARTESIAN_POINT('',(334.87418049834,-4.340072842131,
    -7.888477888684));
#3882 = CARTESIAN_POINT('',(334.93673293921,-4.367325327524,
    -7.872796287431));
#3883 = CARTESIAN_POINT('',(334.99948903649,-4.393924534344,
    -7.857328209235));
#3884 = CARTESIAN_POINT('',(335.0624461114,-4.4198753269,-7.842082146059
    ));
#3885 = CARTESIAN_POINT('',(335.12560172422,-4.445181692139,
    -7.827066726888));
#3886 = CARTESIAN_POINT('',(335.18895367429,-4.469846739646,
    -7.812290717731));
#3887 = CARTESIAN_POINT('',(335.2525,-4.493872701645,-7.797763021624));
#3888 = PCURVE('',#1709,#3889);
#3889 = DEFINITIONAL_REPRESENTATION('',(#3890),#3929);
#3890 = B_SPLINE_CURVE_WITH_KNOTS('',7,(#3891,#3892,#3893,#3894,#3895,
    #3896,#3897,#3898,#3899,#3900,#3901,#3902,#3903,#3904,#3905,#3906,
    #3907,#3908,#3909,#3910,#3911,#3912,#3913,#3914,#3915,#3916,#3917,
    #3918,#3919,#3920,#3921,#3922,#3923,#3924,#3925,#3926,#3927,#3928),
  .UNSPECIFIED.,.F.,.F.,(8,6,6,6,6,6,8),(0.,0.122784976267,
    0.209167745145,0.34134946357,0.604380255953,0.912319173793,1.),
  .UNSPECIFIED.);
#3891 = CARTESIAN_POINT('',(6.283185306929,12.901207007526));
#3892 = CARTESIAN_POINT('',(6.254781288846,12.901207007496));
#3893 = CARTESIAN_POINT('',(6.226366300395,12.895678200385));
#3894 = CARTESIAN_POINT('',(6.198142256093,12.884612822364));
#3895 = CARTESIAN_POINT('',(6.170259833955,12.868262263012));
#3896 = CARTESIAN_POINT('',(6.142833082652,12.847035680467));
#3897 = CARTESIAN_POINT('',(6.115948317346,12.821422453268));
#3898 = CARTESIAN_POINT('',(6.071177854134,12.771195636279));
#3899 = CARTESIAN_POINT('',(6.052978606273,12.748527003165));
#3900 = CARTESIAN_POINT('',(6.035080706642,12.72409775383));
#3901 = CARTESIAN_POINT('',(6.017488825335,12.698069252993));
#3902 = CARTESIAN_POINT('',(6.000202014549,12.670593713227));
#3903 = CARTESIAN_POINT('',(5.983214566639,12.641808862372));
#3904 = CARTESIAN_POINT('',(5.940966290979,12.565963365568));
#3905 = CARTESIAN_POINT('',(5.916101138816,12.517317802293));
#3906 = CARTESIAN_POINT('',(5.891881072722,12.466314671368));
#3907 = CARTESIAN_POINT('',(5.868266557527,12.413311193829));
#3908 = CARTESIAN_POINT('',(5.845217327636,12.358603862157));
#3909 = CARTESIAN_POINT('',(5.82269084883,12.302429240916));
#3910 = CARTESIAN_POINT('',(5.756762949361,12.130615172156));
#3911 = CARTESIAN_POINT('',(5.714813148512,12.011266262471));
#3912 = CARTESIAN_POINT('',(5.674419056311,11.888322944407));
#3913 = CARTESIAN_POINT('',(5.635350725255,11.762769478476));
#3914 = CARTESIAN_POINT('',(5.597406234355,11.635351818281));
#3915 = CARTESIAN_POINT('',(5.560408729782,11.506575787585));
#3916 = CARTESIAN_POINT('',(5.481767178262,11.224761411687));
#3917 = CARTESIAN_POINT('',(5.440443822129,11.071461315446));
#3918 = CARTESIAN_POINT('',(5.399960468375,10.917482223951));
#3919 = CARTESIAN_POINT('',(5.360137420728,10.763337407845));
#3920 = CARTESIAN_POINT('',(5.320818359633,10.609471971211));
#3921 = CARTESIAN_POINT('',(5.281862337101,10.456272265903));
#3922 = CARTESIAN_POINT('',(5.23210145725,10.260750376256));
#3923 = CARTESIAN_POINT('',(5.221091624308,10.217501004374));
#3924 = CARTESIAN_POINT('',(5.210097425095,10.174344336193));
#3925 = CARTESIAN_POINT('',(5.19911592448,10.131289126054));
#3926 = CARTESIAN_POINT('',(5.188144241829,10.088344136812));
#3927 = CARTESIAN_POINT('',(5.177179551006,10.045518139836));
#3928 = CARTESIAN_POINT('',(5.166219080374,10.002819915008));
#3929 = ( GEOMETRIC_REPRESENTATION_CONTEXT(2) 
PARAMETRIC_REPRESENTATION_CONTEXT() REPRESENTATION_CONTEXT('2D SPACE',''
  ) );
#3930 = PCURVE('',#2099,#3931);
#3931 = DEFINITIONAL_REPRESENTATION('',(#3932),#3971);
#3932 = B_SPLINE_CURVE_WITH_KNOTS('',7,(#3933,#3934,#3935,#3936,#3937,
    #3938,#3939,#3940,#3941,#3942,#3943,#3944,#3945,#3946,#3947,#3948,
    #3949,#3950,#3951,#3952,#3953,#3954,#3955,#3956,#3957,#3958,#3959,
    #3960,#3961,#3962,#3963,#3964,#3965,#3966,#3967,#3968,#3969,#3970),
  .UNSPECIFIED.,.F.,.F.,(8,6,6,6,6,6,8),(0.,0.122784976267,
    0.209167745145,0.34134946357,0.604380255953,0.912319173793,1.),
  .UNSPECIFIED.);
#3933 = CARTESIAN_POINT('',(-6.28318530718,-67.9099035543));
#3934 = CARTESIAN_POINT('',(-6.267467622412,-67.90990355434));
#3935 = CARTESIAN_POINT('',(-6.2517438608,-67.91665664165));
#3936 = CARTESIAN_POINT('',(-6.236139698933,-67.93017207691));
#3937 = CARTESIAN_POINT('',(-6.220752398384,-67.9501523236));
#3938 = CARTESIAN_POINT('',(-6.205656789923,-67.97611484926));
#3939 = CARTESIAN_POINT('',(-6.190909360641,-68.00748343814));
#3940 = CARTESIAN_POINT('',(-6.166448532349,-68.0690925404));
#3941 = CARTESIAN_POINT('',(-6.156534197857,-68.0969225598));
#3942 = CARTESIAN_POINT('',(-6.146815872516,-68.12694490582));
#3943 = CARTESIAN_POINT('',(-6.13729784289,-68.15897010107));
#3944 = CARTESIAN_POINT('',(-6.127980855253,-68.19281972354));
#3945 = CARTESIAN_POINT('',(-6.118862720755,-68.22833277217));
#3946 = CARTESIAN_POINT('',(-6.09628384499,-68.32204899578));
#3947 = CARTESIAN_POINT('',(-6.083087531036,-68.38228306533));
#3948 = CARTESIAN_POINT('',(-6.070330556642,-68.44558770167));
#3949 = CARTESIAN_POINT('',(-6.057992759811,-68.51154898275));
#3950 = CARTESIAN_POINT('',(-6.046052936016,-68.57982534776));
#3951 = CARTESIAN_POINT('',(-6.034488535576,-68.65014734134));
#3952 = CARTESIAN_POINT('',(-6.000962062183,-68.8659297787));
#3953 = CARTESIAN_POINT('',(-5.980060675319,-69.01672436368));
#3954 = CARTESIAN_POINT('',(-5.960375538116,-69.17313473521));
#3955 = CARTESIAN_POINT('',(-5.941788335665,-69.33409400641));
#3956 = CARTESIAN_POINT('',(-5.924197658632,-69.49881828603));
#3957 = CARTESIAN_POINT('',(-5.907520052039,-69.66682086184));
#3958 = CARTESIAN_POINT('',(-5.873137142323,-70.03814853918));
#3959 = CARTESIAN_POINT('',(-5.855758074588,-70.24243998798));
#3960 = CARTESIAN_POINT('',(-5.839436893316,-70.45021964324));
#3961 = CARTESIAN_POINT('',(-5.824111474836,-70.66110772821));
#3962 = CARTESIAN_POINT('',(-5.8097394958,-70.87482813313));
#3963 = CARTESIAN_POINT('',(-5.796296161702,-71.0912065394));
#3964 = CARTESIAN_POINT('',(-5.780205090895,-71.37251383167));
#3965 = CARTESIAN_POINT('',(-5.776713470608,-71.43506627255));
#3966 = CARTESIAN_POINT('',(-5.773296307742,-71.49782236982));
#3967 = CARTESIAN_POINT('',(-5.769953536332,-71.56077944473));
#3968 = CARTESIAN_POINT('',(-5.766685195407,-71.62393505755));
#3969 = CARTESIAN_POINT('',(-5.763491428987,-71.68728700762));
#3970 = CARTESIAN_POINT('',(-5.760372486086,-71.75083333333));
#3971 = ( GEOMETRIC_REPRESENTATION_CONTEXT(2) 
PARAMETRIC_REPRESENTATION_CONTEXT() REPRESENTATION_CONTEXT('2D SPACE',''
  ) );
#3972 = ORIENTED_EDGE('',*,*,#3465,.T.);
#3973 = ORIENTED_EDGE('',*,*,#1692,.T.);
#3974 = ADVANCED_FACE('',(#3975),#1767,.F.);
#3975 = FACE_BOUND('',#3976,.F.);
#3976 = EDGE_LOOP('',(#3977,#4000,#4251,#4479,#4480));
#3977 = ORIENTED_EDGE('',*,*,#3978,.F.);
#3978 = EDGE_CURVE('',#3979,#1751,#3981,.T.);
#3979 = VERTEX_POINT('',#3980);
#3980 = CARTESIAN_POINT('',(393.08484780805,-1.648699825836E-15,
    -8.462655738651));
#3981 = SEAM_CURVE('',#3982,(#3986,#3993),.PCURVE_S1.);
#3982 = LINE('',#3983,#3984);
#3983 = CARTESIAN_POINT('',(389.37363305935,-1.224646799147E-15,
    -2.710814606353));
#3984 = VECTOR('',#3985,1.);
#3985 = DIRECTION('',(0.542162921271,0.,-0.84027338813));
#3986 = PCURVE('',#1767,#3987);
#3987 = DEFINITIONAL_REPRESENTATION('',(#3988),#3992);
#3988 = LINE('',#3989,#3990);
#3989 = CARTESIAN_POINT('',(0.,-0.));
#3990 = VECTOR('',#3991,1.);
#3991 = DIRECTION('',(0.,1.));
#3992 = ( GEOMETRIC_REPRESENTATION_CONTEXT(2) 
PARAMETRIC_REPRESENTATION_CONTEXT() REPRESENTATION_CONTEXT('2D SPACE',''
  ) );
#3993 = PCURVE('',#1767,#3994);
#3994 = DEFINITIONAL_REPRESENTATION('',(#3995),#3999);
#3995 = LINE('',#3996,#3997);
#3996 = CARTESIAN_POINT('',(6.28318530718,-0.));
#3997 = VECTOR('',#3998,1.);
#3998 = DIRECTION('',(0.,1.));
#3999 = ( GEOMETRIC_REPRESENTATION_CONTEXT(2) 
PARAMETRIC_REPRESENTATION_CONTEXT() REPRESENTATION_CONTEXT('2D SPACE',''
  ) );
#4000 = ORIENTED_EDGE('',*,*,#4001,.F.);
#4001 = EDGE_CURVE('',#4002,#3979,#4004,.T.);
#4002 = VERTEX_POINT('',#4003);
#4003 = CARTESIAN_POINT('',(404.91481547381,-2.045830922167E-15,
    -8.35273861652));
#4004 = SURFACE_CURVE('',#4005,(#4085,#4168),.PCURVE_S1.);
#4005 = B_SPLINE_CURVE_WITH_KNOTS('',8,(#4006,#4007,#4008,#4009,#4010,
    #4011,#4012,#4013,#4014,#4015,#4016,#4017,#4018,#4019,#4020,#4021,
    #4022,#4023,#4024,#4025,#4026,#4027,#4028,#4029,#4030,#4031,#4032,
    #4033,#4034,#4035,#4036,#4037,#4038,#4039,#4040,#4041,#4042,#4043,
    #4044,#4045,#4046,#4047,#4048,#4049,#4050,#4051,#4052,#4053,#4054,
    #4055,#4056,#4057,#4058,#4059,#4060,#4061,#4062,#4063,#4064,#4065,
    #4066,#4067,#4068,#4069,#4070,#4071,#4072,#4073,#4074,#4075,#4076,
    #4077,#4078,#4079,#4080,#4081,#4082,#4083,#4084),.UNSPECIFIED.,.F.,
  .F.,(9,7,7,7,7,7,7,7,7,7,7,9),(0.,3.994309952769E-02,
    6.845433523779E-02,0.114271736034,0.198504898636,0.299595777576,
    0.361866524356,0.606510487046,0.720714253058,0.860732650921,
    0.914263964696,1.),.UNSPECIFIED.);
#4006 = CARTESIAN_POINT('',(404.9148154738,3.061616997868E-16,
    -8.35273861652));
#4007 = CARTESIAN_POINT('',(404.9148154738,0.113085155838,-8.35273861652
    ));
#4008 = CARTESIAN_POINT('',(404.91023528902,0.226207828016,
    -8.351031447445));
#4009 = CARTESIAN_POINT('',(404.90106960882,0.338685944632,
    -8.34761503716));
#4010 = CARTESIAN_POINT('',(404.88745531554,0.449956964743,
    -8.342543420623));
#4011 = CARTESIAN_POINT('',(404.86962882096,0.559562726389,
    -8.335910329611));
#4012 = CARTESIAN_POINT('',(404.8478903716,0.667136687545,
    -8.327835165291));
#4013 = CARTESIAN_POINT('',(404.82257532288,0.772393559989,
    -8.318451353624));
#4014 = CARTESIAN_POINT('',(404.77365853711,0.948448040147,
    -8.300363484964));
#4015 = CARTESIAN_POINT('',(404.75163150908,1.020516106335,
    -8.292230366084));
#4016 = CARTESIAN_POINT('',(404.72806744519,1.091278946401,
    -8.283544119984));
#4017 = CARTESIAN_POINT('',(404.70307993797,1.160709132778,
    -8.274350179819));
#4018 = CARTESIAN_POINT('',(404.67677773947,1.228796198221,
    -8.264692131059));
#4019 = CARTESIAN_POINT('',(404.64926247544,1.295544435449,
    -8.254610823649));
#4020 = CARTESIAN_POINT('',(404.62062635958,1.360970696778,
    -8.244143484181));
#4021 = CARTESIAN_POINT('',(404.54326001098,1.528161160797,
    -8.21593409251));
#4022 = CARTESIAN_POINT('',(404.49289803135,1.627847061252,
    -8.197638215172));
#4023 = CARTESIAN_POINT('',(404.44019395634,1.724294946041,
    -8.17856969959));
#4024 = CARTESIAN_POINT('',(404.3854352161,1.817642836216,
    -8.158846078678));
#4025 = CARTESIAN_POINT('',(404.32886738459,1.908032678391,
    -8.138568417792));
#4026 = CARTESIAN_POINT('',(404.27069488071,1.995611300176,
    -8.117821817813));
#4027 = CARTESIAN_POINT('',(404.2110816694,2.080531365597,
    -8.096675918219));
#4028 = CARTESIAN_POINT('',(404.03813552821,2.314479445113,
    -8.035676081195));
#4029 = CARTESIAN_POINT('',(403.92175660211,2.457440988534,
    -7.995032875775));
#4030 = CARTESIAN_POINT('',(403.80180991109,2.592824670808,
    -7.953603402973));
#4031 = CARTESIAN_POINT('',(403.6788902112,2.72133851585,-7.911656228002
    ));
#4032 = CARTESIAN_POINT('',(403.55345648713,2.843568492313,
    -7.869406205945));
#4033 = CARTESIAN_POINT('',(403.42585204532,2.960030541885,
    -7.827024085831));
#4034 = CARTESIAN_POINT('',(403.29630668931,3.071178833982,
    -7.784640416734));
#4035 = CARTESIAN_POINT('',(403.0072984532,3.304949947302,
    -7.691604290317));
#4036 = CARTESIAN_POINT('',(402.84713567644,3.425337037395,
    -7.641026400065));
#4037 = CARTESIAN_POINT('',(402.68476993969,3.539258518615,
    -7.590817966039));
#4038 = CARTESIAN_POINT('',(402.52043968531,3.647204328607,
    -7.541152219446));
#4039 = CARTESIAN_POINT('',(402.3543297232,3.749564964668,
    -7.492186593317));
#4040 = CARTESIAN_POINT('',(402.18657848379,3.846662453411,
    -7.444067407927));
#4041 = CARTESIAN_POINT('',(402.01727970083,3.93876037016,
    -7.396933221786));
#4042 = CARTESIAN_POINT('',(401.74127711386,4.07986262631,
    -7.322575832707));
#4043 = CARTESIAN_POINT('',(401.63551012809,4.131829953145,
    -7.294659472736));
#4044 = CARTESIAN_POINT('',(401.52920088941,4.182027290984,
    -7.267203481797));
#4045 = CARTESIAN_POINT('',(401.42236414239,4.23049545628,
    -7.240241159446));
#4046 = CARTESIAN_POINT('',(401.31501232916,4.277268207881,
    -7.213806385328));
#4047 = CARTESIAN_POINT('',(401.20715565908,4.32237290081,
    -7.187933823192));
#4048 = CARTESIAN_POINT('',(401.09880217853,4.365831140047,
    -7.162659124921));
#4049 = CARTESIAN_POINT('',(400.56233955219,4.571990844967,
    -7.041215656257));
#4050 = CARTESIAN_POINT('',(400.12786654332,4.710886070147,
    -6.954372203349));
#4051 = CARTESIAN_POINT('',(399.68603271251,4.825829690596,
    -6.87945945129));
#4052 = CARTESIAN_POINT('',(399.23670609577,4.916319121182,
    -6.819043555847));
#4053 = CARTESIAN_POINT('',(398.78020009267,4.98068023441,
    -6.776363599578));
#4054 = CARTESIAN_POINT('',(398.31726899385,5.015782640758,
    -6.75533130406));
#4055 = CARTESIAN_POINT('',(397.84912700284,5.016843570878,
    -6.760432459456));
#4056 = CARTESIAN_POINT('',(397.15753593333,4.956955990607,
    -6.812247881032));
#4057 = CARTESIAN_POINT('',(396.93690625981,4.928785584038,
    -6.835309503613));
#4058 = CARTESIAN_POINT('',(396.71608626194,4.8907473581,-6.865326956815
    ));
#4059 = CARTESIAN_POINT('',(396.49555744955,4.841988512437,
    -6.902628633816));
#4060 = CARTESIAN_POINT('',(396.2759434308,4.781580126274,
    -6.947435841719));
#4061 = CARTESIAN_POINT('',(396.05800986887,4.70854793516,-6.99978616447
    ));
#4062 = CARTESIAN_POINT('',(395.84266170618,4.621927037503,
    -7.059456295265));
#4063 = CARTESIAN_POINT('',(395.37134985277,4.396933620818,
    -7.207383795533));
#4064 = CARTESIAN_POINT('',(395.11714070921,4.25125622514,
    -7.299075792471));
#4065 = CARTESIAN_POINT('',(394.87040753762,4.082300472252,
    -7.399946658584));
#4066 = CARTESIAN_POINT('',(394.63339637716,3.888785312,-7.508256457633)
  );
#4067 = CARTESIAN_POINT('',(394.40841264102,3.669842659532,
    -7.621486201174));
#4068 = CARTESIAN_POINT('',(394.19779016744,3.425160212094,
    -7.736451741582));
#4069 = CARTESIAN_POINT('',(394.0038779487,3.155125562401,
    -7.849543198347));
#4070 = CARTESIAN_POINT('',(393.76215007495,2.748555312016,
    -7.99811512072));
#4071 = CARTESIAN_POINT('',(393.69807875919,2.632589717026,
    -8.038385284426));
#4072 = CARTESIAN_POINT('',(393.63692284541,2.513179071703,
    -8.077625136882));
#4073 = CARTESIAN_POINT('',(393.57881305633,2.390415847444,
    -8.115622272658));
#4074 = CARTESIAN_POINT('',(393.52387911404,2.264414203802,
    -8.152164131768));
#4075 = CARTESIAN_POINT('',(393.47224847015,2.135311947936,
    -8.187041287052));
#4076 = CARTESIAN_POINT('',(393.42404503601,2.00327249406,
    -8.220050731556));
#4077 = CARTESIAN_POINT('',(393.30786482817,1.652613378975,
    -8.300566342095));
#4078 = CARTESIAN_POINT('',(393.24540888528,1.429607988461,
    -8.344867291046));
#4079 = CARTESIAN_POINT('',(393.19255820061,1.200354906294,
    -8.383076107221));
#4080 = CARTESIAN_POINT('',(393.14975924714,0.965860741919,
    -8.414468347333));
#4081 = CARTESIAN_POINT('',(393.11737737943,0.727254362134,
    -8.438449909893));
#4082 = CARTESIAN_POINT('',(393.09568792013,0.485790993287,
    -8.454589651322));
#4083 = CARTESIAN_POINT('',(393.08484780813,0.242860522795,
    -8.462655738625));
#4084 = CARTESIAN_POINT('',(393.08484780805,0.,-8.462655738651));
#4085 = PCURVE('',#1767,#4086);
#4086 = DEFINITIONAL_REPRESENTATION('',(#4087),#4167);
#4087 = B_SPLINE_CURVE_WITH_KNOTS('',8,(#4088,#4089,#4090,#4091,#4092,
    #4093,#4094,#4095,#4096,#4097,#4098,#4099,#4100,#4101,#4102,#4103,
    #4104,#4105,#4106,#4107,#4108,#4109,#4110,#4111,#4112,#4113,#4114,
    #4115,#4116,#4117,#4118,#4119,#4120,#4121,#4122,#4123,#4124,#4125,
    #4126,#4127,#4128,#4129,#4130,#4131,#4132,#4133,#4134,#4135,#4136,
    #4137,#4138,#4139,#4140,#4141,#4142,#4143,#4144,#4145,#4146,#4147,
    #4148,#4149,#4150,#4151,#4152,#4153,#4154,#4155,#4156,#4157,#4158,
    #4159,#4160,#4161,#4162,#4163,#4164,#4165,#4166),.UNSPECIFIED.,.F.,
  .F.,(9,7,7,7,7,7,7,7,7,7,7,9),(0.,3.994309952769E-02,
    6.845433523779E-02,0.114271736034,0.198504898636,0.299595777576,
    0.361866524356,0.606510487046,0.720714253058,0.860732650921,
    0.914263964696,1.),.UNSPECIFIED.);
#4088 = CARTESIAN_POINT('',(3.14159265359,13.166611461415));
#4089 = CARTESIAN_POINT('',(3.118975622422,13.166611461415));
#4090 = CARTESIAN_POINT('',(3.096351096362,13.16269376631));
#4091 = CARTESIAN_POINT('',(3.073837822282,13.154853755715));
#4092 = CARTESIAN_POINT('',(3.051530692132,13.143211046289));
#4093 = CARTESIAN_POINT('',(3.029505559414,13.127972572051));
#4094 = CARTESIAN_POINT('',(3.007822840934,13.109401445161));
#4095 = CARTESIAN_POINT('',(2.986529903818,13.087791597169));
#4096 = CARTESIAN_POINT('',(2.950766975507,13.046071975013));
#4097 = CARTESIAN_POINT('',(2.936082315274,13.027295693795));
#4098 = CARTESIAN_POINT('',(2.92161490284,13.007221310638));
#4099 = CARTESIAN_POINT('',(2.907368205719,12.985948587478));
#4100 = CARTESIAN_POINT('',(2.893342838549,12.963573109346));
#4101 = CARTESIAN_POINT('',(2.879536888438,12.940184299084));
#4102 = CARTESIAN_POINT('',(2.865946240315,12.915863432056));
#4103 = CARTESIAN_POINT('',(2.831061164787,12.850214665378));
#4104 = CARTESIAN_POINT('',(2.810104081834,12.80753672854));
#4105 = CARTESIAN_POINT('',(2.789664335911,12.762939767075));
#4106 = CARTESIAN_POINT('',(2.769713616621,12.716678374732));
#4107 = CARTESIAN_POINT('',(2.75022388114,12.668970615135));
#4108 = CARTESIAN_POINT('',(2.731166614673,12.619998824634));
#4109 = CARTESIAN_POINT('',(2.71251209092,12.569910415148));
#4110 = CARTESIAN_POINT('',(2.660615343775,12.424888890287));
#4111 = CARTESIAN_POINT('',(2.628282606047,12.327641147816));
#4112 = CARTESIAN_POINT('',(2.597036018479,12.227798415938));
#4113 = CARTESIAN_POINT('',(2.566738883464,12.125908817526));
#4114 = CARTESIAN_POINT('',(2.537278732402,12.022401734078));
#4115 = CARTESIAN_POINT('',(2.508555270984,11.917606769473));
#4116 = CARTESIAN_POINT('',(2.480477068639,11.811758211586));
#4117 = CARTESIAN_POINT('',(2.419923392878,11.576892880863));
#4118 = CARTESIAN_POINT('',(2.387713295945,11.447559306732));
#4119 = CARTESIAN_POINT('',(2.356186029115,11.317341813611));
#4120 = CARTESIAN_POINT('',(2.325235878183,11.186515237679));
#4121 = CARTESIAN_POINT('',(2.294773827617,11.0553120628));
#4122 = CARTESIAN_POINT('',(2.264720680135,10.923930289852));
#4123 = CARTESIAN_POINT('',(2.235004012434,10.79253716483));
#4124 = CARTESIAN_POINT('',(2.187413313113,10.580418260747));
#4125 = CARTESIAN_POINT('',(2.169375177337,10.499617948389));
#4126 = CARTESIAN_POINT('',(2.151424295222,10.418910482456));
#4127 = CARTESIAN_POINT('',(2.133546236405,10.338331837642));
#4128 = CARTESIAN_POINT('',(2.115727324545,10.257917227763));
#4129 = CARTESIAN_POINT('',(2.097954424568,10.17770131499));
#4130 = CARTESIAN_POINT('',(2.080214729914,10.097718419091));
#4131 = CARTESIAN_POINT('',(1.992881956447,9.704822559564));
#4132 = CARTESIAN_POINT('',(1.923702479516,9.396295161449));
#4133 = CARTESIAN_POINT('',(1.854040709715,9.093802049035));
#4134 = CARTESIAN_POINT('',(1.783187573265,8.799427948736));
#4135 = CARTESIAN_POINT('',(1.710454977096,8.516064489061));
#4136 = CARTESIAN_POINT('',(1.635101793957,8.247407533961));
#4137 = CARTESIAN_POINT('',(1.55627585654,7.997884669675));
#4138 = CARTESIAN_POINT('',(1.433844968431,7.666468754948));
#4139 = CARTESIAN_POINT('',(1.393905148282,7.566229594379));
#4140 = CARTESIAN_POINT('',(1.352899706678,7.471732046363));
#4141 = CARTESIAN_POINT('',(1.310747800483,7.38351310773));
#4142 = CARTESIAN_POINT('',(1.267377820327,7.30209683417));
#4143 = CARTESIAN_POINT('',(1.222729309132,7.227929920655));
#4144 = CARTESIAN_POINT('',(1.176756593978,7.161315354658));
#4145 = CARTESIAN_POINT('',(1.071415512276,7.030087085231));
#4146 = CARTESIAN_POINT('',(1.011352900139,6.969310658276));
#4147 = CARTESIAN_POINT('',(0.949240146105,6.920300185624));
#4148 = CARTESIAN_POINT('',(0.885093536353,6.882811364312));
#4149 = CARTESIAN_POINT('',(0.818951896546,6.855977464929));
#4150 = CARTESIAN_POINT('',(0.750869282087,6.838388253521));
#4151 = CARTESIAN_POINT('',(0.68091390438,6.828283980085));
#4152 = CARTESIAN_POINT('',(0.581764174151,6.822069122493));
#4153 = CARTESIAN_POINT('',(0.554083414831,6.821169977667));
#4154 = CARTESIAN_POINT('',(0.526150511212,6.820985712572));
#4155 = CARTESIAN_POINT('',(0.497972396736,6.821408721589));
#4156 = CARTESIAN_POINT('',(0.469557120975,6.822330726723));
#4157 = CARTESIAN_POINT('',(0.44091415587,6.823644851446));
#4158 = CARTESIAN_POINT('',(0.412054701953,6.825247694551));
#4159 = CARTESIAN_POINT('',(0.336445008717,6.829914218538));
#4160 = CARTESIAN_POINT('',(0.289357886909,6.833277830562));
#4161 = CARTESIAN_POINT('',(0.241807854652,6.836730000395));
#4162 = CARTESIAN_POINT('',(0.193871018471,6.839904058715));
#4163 = CARTESIAN_POINT('',(0.145625621348,6.842498879542));
#4164 = CARTESIAN_POINT('',(9.715812298801E-02,6.844301454146));
#4165 = CARTESIAN_POINT('',(4.857210490783E-02,6.845202065864));
#4166 = CARTESIAN_POINT('',(3.487604792017E-10,6.84520206584));
#4167 = ( GEOMETRIC_REPRESENTATION_CONTEXT(2) 
PARAMETRIC_REPRESENTATION_CONTEXT() REPRESENTATION_CONTEXT('2D SPACE',''
  ) );
#4168 = PCURVE('',#3676,#4169);
#4169 = DEFINITIONAL_REPRESENTATION('',(#4170),#4250);
#4170 = B_SPLINE_CURVE_WITH_KNOTS('',8,(#4171,#4172,#4173,#4174,#4175,
    #4176,#4177,#4178,#4179,#4180,#4181,#4182,#4183,#4184,#4185,#4186,
    #4187,#4188,#4189,#4190,#4191,#4192,#4193,#4194,#4195,#4196,#4197,
    #4198,#4199,#4200,#4201,#4202,#4203,#4204,#4205,#4206,#4207,#4208,
    #4209,#4210,#4211,#4212,#4213,#4214,#4215,#4216,#4217,#4218,#4219,
    #4220,#4221,#4222,#4223,#4224,#4225,#4226,#4227,#4228,#4229,#4230,
    #4231,#4232,#4233,#4234,#4235,#4236,#4237,#4238,#4239,#4240,#4241,
    #4242,#4243,#4244,#4245,#4246,#4247,#4248,#4249),.UNSPECIFIED.,.F.,
  .F.,(9,7,7,7,7,7,7,7,7,7,7,9),(0.,3.994309952769E-02,
    6.845433523779E-02,0.114271736034,0.198504898636,0.299595777576,
    0.361866524356,0.606510487046,0.720714253058,0.860732650921,
    0.914263964696,1.),.UNSPECIFIED.);
#4171 = CARTESIAN_POINT('',(0.,-69.6623154738));
#4172 = CARTESIAN_POINT('',(-1.353869204225E-02,-69.6623154738));
#4173 = CARTESIAN_POINT('',(-2.708187409078E-02,-69.65773528902));
#4174 = CARTESIAN_POINT('',(-4.055139985577E-02,-69.64856960882));
#4175 = CARTESIAN_POINT('',(-5.388342652061E-02,-69.63495531554));
#4176 = CARTESIAN_POINT('',(-6.702620151186E-02,-69.61712882096));
#4177 = CARTESIAN_POINT('',(-7.993830275145E-02,-69.5953903716));
#4178 = CARTESIAN_POINT('',(-9.25873323911E-02,-69.57007532288));
#4179 = CARTESIAN_POINT('',(-0.113772822042,-69.52115853711));
#4180 = CARTESIAN_POINT('',(-0.122453802688,-69.49913150908));
#4181 = CARTESIAN_POINT('',(-0.130986879095,-69.47556744519));
#4182 = CARTESIAN_POINT('',(-0.139369074422,-69.45057993797));
#4183 = CARTESIAN_POINT('',(-0.147599323162,-69.42427773947));
#4184 = CARTESIAN_POINT('',(-0.155678232435,-69.39676247544));
#4185 = CARTESIAN_POINT('',(-0.163607843288,-69.36812635958));
#4186 = CARTESIAN_POINT('',(-0.183899512441,-69.29076001098));
#4187 = CARTESIAN_POINT('',(-0.196026871057,-69.24039803135));
#4188 = CARTESIAN_POINT('',(-0.207789543361,-69.18769395634));
#4189 = CARTESIAN_POINT('',(-0.219203611904,-69.1329352161));
#4190 = CARTESIAN_POINT('',(-0.230285393063,-69.07636738459));
#4191 = CARTESIAN_POINT('',(-0.241051663845,-69.01819488071));
#4192 = CARTESIAN_POINT('',(-0.251519888683,-68.9585816694));
#4193 = CARTESIAN_POINT('',(-0.280439635924,-68.78563552821));
#4194 = CARTESIAN_POINT('',(-0.298210871113,-68.66925660211));
#4195 = CARTESIAN_POINT('',(-0.315135627054,-68.54930991109));
#4196 = CARTESIAN_POINT('',(-0.331293362002,-68.4263902112));
#4197 = CARTESIAN_POINT('',(-0.346748842563,-68.30095648713));
#4198 = CARTESIAN_POINT('',(-0.361558682707,-68.17335204532));
#4199 = CARTESIAN_POINT('',(-0.375772527396,-68.04380668931));
#4200 = CARTESIAN_POINT('',(-0.405834650815,-67.7547984532));
#4201 = CARTESIAN_POINT('',(-0.421430396819,-67.59463567644));
#4202 = CARTESIAN_POINT('',(-0.436295192815,-67.43226993969));
#4203 = CARTESIAN_POINT('',(-0.450479690816,-67.26793968531));
#4204 = CARTESIAN_POINT('',(-0.464022619211,-67.1018297232));
#4205 = CARTESIAN_POINT('',(-0.476954490009,-66.93407848379));
#4206 = CARTESIAN_POINT('',(-0.489298773639,-66.76477970083));
#4207 = CARTESIAN_POINT('',(-0.508326376072,-66.48877711386));
#4208 = CARTESIAN_POINT('',(-0.515362650494,-66.38301012809));
#4209 = CARTESIAN_POINT('',(-0.522186044525,-66.27670088941));
#4210 = CARTESIAN_POINT('',(-0.528799442653,-66.16986414239));
#4211 = CARTESIAN_POINT('',(-0.535204835573,-66.06251232916));
#4212 = CARTESIAN_POINT('',(-0.541403394069,-65.95465565908));
#4213 = CARTESIAN_POINT('',(-0.547395542915,-65.84630217853));
#4214 = CARTESIAN_POINT('',(-0.575910578293,-65.30983955219));
#4215 = CARTESIAN_POINT('',(-0.595411920393,-64.87536654332));
#4216 = CARTESIAN_POINT('',(-0.61173561401,-64.43353271251));
#4217 = CARTESIAN_POINT('',(-0.624671772539,-63.98420609577));
#4218 = CARTESIAN_POINT('',(-0.633844333623,-63.52770009267));
#4219 = CARTESIAN_POINT('',(-0.638679458513,-63.06476899385));
#4220 = CARTESIAN_POINT('',(-0.638415672022,-62.59662700284));
#4221 = CARTESIAN_POINT('',(-0.629044552283,-61.90503593333));
#4222 = CARTESIAN_POINT('',(-0.624730148386,-61.68440625981));
#4223 = CARTESIAN_POINT('',(-0.618985525452,-61.46358626194));
#4224 = CARTESIAN_POINT('',(-0.611707191794,-61.24305744955));
#4225 = CARTESIAN_POINT('',(-0.602791612089,-61.0234434308));
#4226 = CARTESIAN_POINT('',(-0.59214257897,-60.80550986887));
#4227 = CARTESIAN_POINT('',(-0.579679824835,-60.59016170618));
#4228 = CARTESIAN_POINT('',(-0.547776617025,-60.11884985277));
#4229 = CARTESIAN_POINT('',(-0.527391044888,-59.86464070921));
#4230 = CARTESIAN_POINT('',(-0.504099640603,-59.61790753762));
#4231 = CARTESIAN_POINT('',(-0.477867609744,-59.38089637716));
#4232 = CARTESIAN_POINT('',(-0.448730927476,-59.15591264102));
#4233 = CARTESIAN_POINT('',(-0.416789345618,-58.94529016744));
#4234 = CARTESIAN_POINT('',(-0.382196271942,-58.7513779487));
#4235 = CARTESIAN_POINT('',(-0.331004997021,-58.50965007495));
#4236 = CARTESIAN_POINT('',(-0.316490431198,-58.44557875919));
#4237 = CARTESIAN_POINT('',(-0.301631716556,-58.38442284541));
#4238 = CARTESIAN_POINT('',(-0.286442269317,-58.32631305633));
#4239 = CARTESIAN_POINT('',(-0.270936963422,-58.27137911404));
#4240 = CARTESIAN_POINT('',(-0.255132282234,-58.21974847015));
#4241 = CARTESIAN_POINT('',(-0.239046470236,-58.17154503601));
#4242 = CARTESIAN_POINT('',(-0.196518586603,-58.05536482817));
#4243 = CARTESIAN_POINT('',(-0.169657471073,-57.99290888528));
#4244 = CARTESIAN_POINT('',(-0.142211643345,-57.94005820061));
#4245 = CARTESIAN_POINT('',(-0.114281722228,-57.89725924715));
#4246 = CARTESIAN_POINT('',(-8.597428044351E-02,-57.86487737942));
#4247 = CARTESIAN_POINT('',(-5.740408088928E-02,-57.84318792013));
#4248 = CARTESIAN_POINT('',(-2.869790882384E-02,-57.83234780814));
#4249 = CARTESIAN_POINT('',(0.,-57.83234780805));
#4250 = ( GEOMETRIC_REPRESENTATION_CONTEXT(2) 
PARAMETRIC_REPRESENTATION_CONTEXT() REPRESENTATION_CONTEXT('2D SPACE',''
  ) );
#4251 = ORIENTED_EDGE('',*,*,#4252,.F.);
#4252 = EDGE_CURVE('',#3979,#4002,#4253,.T.);
#4253 = SURFACE_CURVE('',#4254,(#4327,#4403),.PCURVE_S1.);
#4254 = B_SPLINE_CURVE_WITH_KNOTS('',8,(#4255,#4256,#4257,#4258,#4259,
    #4260,#4261,#4262,#4263,#4264,#4265,#4266,#4267,#4268,#4269,#4270,
    #4271,#4272,#4273,#4274,#4275,#4276,#4277,#4278,#4279,#4280,#4281,
    #4282,#4283,#4284,#4285,#4286,#4287,#4288,#4289,#4290,#4291,#4292,
    #4293,#4294,#4295,#4296,#4297,#4298,#4299,#4300,#4301,#4302,#4303,
    #4304,#4305,#4306,#4307,#4308,#4309,#4310,#4311,#4312,#4313,#4314,
    #4315,#4316,#4317,#4318,#4319,#4320,#4321,#4322,#4323,#4324,#4325,
    #4326),.UNSPECIFIED.,.F.,.F.,(9,7,7,7,7,7,7,7,7,7,9),(0.,
    8.573918936068E-02,0.13927260423,0.279296475972,0.39350475636,
    0.638159951963,0.740385562341,0.833266144293,0.879392529138,
    0.945278219501,1.),.UNSPECIFIED.);
#4255 = CARTESIAN_POINT('',(393.08484780805,-8.881784197001E-16,
    -8.462655738651));
#4256 = CARTESIAN_POINT('',(393.08484780813,-0.242859861143,
    -8.462655738625));
#4257 = CARTESIAN_POINT('',(393.09568786106,-0.485789669255,
    -8.454589695274));
#4258 = CARTESIAN_POINT('',(393.1173772021,-0.727252388029,
    -8.438450041846));
#4259 = CARTESIAN_POINT('',(393.14975889416,-0.965858141177,
    -8.414468608746));
#4260 = CARTESIAN_POINT('',(393.19255761752,-1.2003517118,-8.3830765349)
  );
#4261 = CARTESIAN_POINT('',(393.24540802136,-1.429604241011,
    -8.344867915618));
#4262 = CARTESIAN_POINT('',(393.30786363708,-1.652609125828,
    -8.30056718696));
#4263 = CARTESIAN_POINT('',(393.42404335662,-2.003267836175,
    -8.220051883297));
#4264 = CARTESIAN_POINT('',(393.472246672,-2.135307345204,
    -8.187042505867));
#4265 = CARTESIAN_POINT('',(393.52387719861,-2.264409662217,
    -8.152165413299));
#4266 = CARTESIAN_POINT('',(393.57881102527,-2.390411372549,
    -8.115623612232));
#4267 = CARTESIAN_POINT('',(393.63692070054,-2.513174668597,
    -8.077626529568));
#4268 = CARTESIAN_POINT('',(393.69807650245,-2.632585390374,
    -8.038386725091));
#4269 = CARTESIAN_POINT('',(393.76214770841,-2.748551066062,
    -7.998116604087));
#4270 = CARTESIAN_POINT('',(394.0038751657,-3.155121576242,
    -7.849544833435));
#4271 = CARTESIAN_POINT('',(394.19778708428,-3.425156434552,
    -7.736453456175));
#4272 = CARTESIAN_POINT('',(394.40840926977,-3.669839118286,
    -7.621487956669));
#4273 = CARTESIAN_POINT('',(394.63339273288,-3.888782028408,
    -7.508258214061));
#4274 = CARTESIAN_POINT('',(394.8704036381,-4.082297460934,
    -7.399948377494));
#4275 = CARTESIAN_POINT('',(395.11713657448,-4.251253494191,
    -7.299077439593));
#4276 = CARTESIAN_POINT('',(395.37134550423,-4.396931172646,
    -7.207385342589));
#4277 = CARTESIAN_POINT('',(395.84265710116,-4.621925142806,
    -7.059457592001));
#4278 = CARTESIAN_POINT('',(396.05800521585,-4.70854629881,
    -6.999787324523));
#4279 = CARTESIAN_POINT('',(396.27593874613,-4.781578733312,
    -6.94743686042));
#4280 = CARTESIAN_POINT('',(396.49555274783,-4.841987347036,
    -6.902629510444));
#4281 = CARTESIAN_POINT('',(396.71608155496,-4.890746404255,
    -6.865327693913));
#4282 = CARTESIAN_POINT('',(396.93690155611,-4.928784826485,
    -6.83531010588));
#4283 = CARTESIAN_POINT('',(397.15753123878,-4.956955415414,
    -6.81224835429));
#4284 = CARTESIAN_POINT('',(397.84912536393,-5.016843790283,
    -6.760432321905));
#4285 = CARTESIAN_POINT('',(398.31727036251,-5.015782890747,
    -6.755331095321));
#4286 = CARTESIAN_POINT('',(398.78020440267,-4.980680092437,
    -6.776363659081));
#4287 = CARTESIAN_POINT('',(399.23671326101,-4.916318246411,
    -6.819044133801));
#4288 = CARTESIAN_POINT('',(399.68604263494,-4.82582778981,
    -6.879460727253));
#4289 = CARTESIAN_POINT('',(400.12787912026,-4.710882862584,
    -6.954374303088));
#4290 = CARTESIAN_POINT('',(400.56235468521,-4.571986040297,
    -7.041218667487));
#4291 = CARTESIAN_POINT('',(401.16865054455,-4.338988365867,
    -7.178471448772));
#4292 = CARTESIAN_POINT('',(401.34599534974,-4.265934304938,
    -7.220628425049));
#4293 = CARTESIAN_POINT('',(401.52199232871,-4.188416608106,
    -7.264332765151));
#4294 = CARTESIAN_POINT('',(401.69660296138,-4.106320484758,
    -7.309431131141));
#4295 = CARTESIAN_POINT('',(401.86976892116,-4.01949139741,
    -7.355775472824));
#4296 = CARTESIAN_POINT('',(402.04141141227,-3.927728010103,
    -7.403220287655));
#4297 = CARTESIAN_POINT('',(402.2114286581,-3.830766921506,
    -7.451619797257));
#4298 = CARTESIAN_POINT('',(402.53257254872,-3.635122263322,
    -7.545532150773));
#4299 = CARTESIAN_POINT('',(402.68397253536,-3.537426331261,
    -7.590894829578));
#4300 = CARTESIAN_POINT('',(402.83381742922,-3.434898228859,
    -7.636807132469));
#4301 = CARTESIAN_POINT('',(402.98198077234,-3.327223744988,
    -7.683152049063));
#4302 = CARTESIAN_POINT('',(403.12827963911,-3.214031404562,
    -7.729796636958));
#4303 = CARTESIAN_POINT('',(403.27247226156,-3.094881825853,
    -7.776588793154));
#4304 = CARTESIAN_POINT('',(403.41424800404,-2.969232112323,
    -7.823351798539));
#4305 = CARTESIAN_POINT('',(403.62220688105,-2.770350178328,
    -7.892976031466));
#4306 = CARTESIAN_POINT('',(403.69050819179,-2.702578992788,
    -7.916016619754));
#4307 = CARTESIAN_POINT('',(403.75805458685,-2.632941895455,
    -7.938968424244));
#4308 = CARTESIAN_POINT('',(403.82478375797,-2.561343644827,
    -7.961800854267));
#4309 = CARTESIAN_POINT('',(403.8906205292,-2.487682292613,
    -7.984478550616));
#4310 = CARTESIAN_POINT('',(403.95547596124,-2.411846915048,
    -8.006960884472));
#4311 = CARTESIAN_POINT('',(404.01924579585,-2.333713834403,
    -8.029201244719));
#4312 = CARTESIAN_POINT('',(404.17117075741,-2.138053728365,
    -8.08249157555));
#4313 = CARTESIAN_POINT('',(404.2579847093,-2.018098537738,
    -8.113204299568));
#4314 = CARTESIAN_POINT('',(404.34199393827,-1.89276251198,
    -8.143162003434));
#4315 = CARTESIAN_POINT('',(404.42274838082,-1.761568948754,
    -8.172173172392));
#4316 = CARTESIAN_POINT('',(404.49960994403,-1.624084461347,
    -8.199974392666));
#4317 = CARTESIAN_POINT('',(404.57175575321,-1.479923530669,
    -8.226229023391));
#4318 = CARTESIAN_POINT('',(404.63817877102,-1.328750838051,
    -8.250527207013));
#4319 = CARTESIAN_POINT('',(404.74710972058,-1.03866355848,
    -8.290543189847));
#4320 = CARTESIAN_POINT('',(404.79179783571,-0.901918814821,
    -8.307030143994));
#4321 = CARTESIAN_POINT('',(404.83093084949,-0.760199927816,
    -8.321522401997));
#4322 = CARTESIAN_POINT('',(404.86361643766,-0.613876027399,
    -8.333665170516));
#4323 = CARTESIAN_POINT('',(404.88896624072,-0.463569139655,
    -8.343103686368));
#4324 = CARTESIAN_POINT('',(404.9062016896,-0.310203750095,
    -8.349527985599));
#4325 = CARTESIAN_POINT('',(404.9148154738,-0.155082358527,
    -8.35273861652));
#4326 = CARTESIAN_POINT('',(404.9148154738,0.,-8.35273861652));
#4327 = PCURVE('',#1767,#4328);
#4328 = DEFINITIONAL_REPRESENTATION('',(#4329),#4402);
#4329 = B_SPLINE_CURVE_WITH_KNOTS('',8,(#4330,#4331,#4332,#4333,#4334,
    #4335,#4336,#4337,#4338,#4339,#4340,#4341,#4342,#4343,#4344,#4345,
    #4346,#4347,#4348,#4349,#4350,#4351,#4352,#4353,#4354,#4355,#4356,
    #4357,#4358,#4359,#4360,#4361,#4362,#4363,#4364,#4365,#4366,#4367,
    #4368,#4369,#4370,#4371,#4372,#4373,#4374,#4375,#4376,#4377,#4378,
    #4379,#4380,#4381,#4382,#4383,#4384,#4385,#4386,#4387,#4388,#4389,
    #4390,#4391,#4392,#4393,#4394,#4395,#4396,#4397,#4398,#4399,#4400,
    #4401),.UNSPECIFIED.,.F.,.F.,(9,7,7,7,7,7,7,7,7,7,9),(0.,
    8.573918936068E-02,0.13927260423,0.279296475972,0.39350475636,
    0.638159951963,0.740385562341,0.833266144293,0.879392529138,
    0.945278219501,1.),.UNSPECIFIED.);
#4330 = CARTESIAN_POINT('',(6.283185306831,6.84520206584));
#4331 = CARTESIAN_POINT('',(6.234613334602,6.845202065864));
#4332 = CARTESIAN_POINT('',(6.186027448997,6.844301459052));
#4333 = CARTESIAN_POINT('',(6.137560082083,6.842498894281));
#4334 = CARTESIAN_POINT('',(6.089314814572,6.839904087001));
#4335 = CARTESIAN_POINT('',(6.041378105569,6.836730043635));
#4336 = CARTESIAN_POINT('',(5.993828197539,6.833277886989));
#4337 = CARTESIAN_POINT('',(5.946741196501,6.829914282692));
#4338 = CARTESIAN_POINT('',(5.87113162145,6.825247751821));
#4339 = CARTESIAN_POINT('',(5.842272168457,6.823644900692));
#4340 = CARTESIAN_POINT('',(5.813629203855,6.822330765083));
#4341 = CARTESIAN_POINT('',(5.78521392821,6.821408746035));
#4342 = CARTESIAN_POINT('',(5.757035813488,6.820985719942));
#4343 = CARTESIAN_POINT('',(5.729102909286,6.821169964703));
#4344 = CARTESIAN_POINT('',(5.701422149066,6.822069085876));
#4345 = CARTESIAN_POINT('',(5.602272425686,6.828283845165));
#4346 = CARTESIAN_POINT('',(5.532317053524,6.838388022677));
#4347 = CARTESIAN_POINT('',(5.464234442155,6.855977112254));
#4348 = CARTESIAN_POINT('',(5.398092803038,6.882810864393));
#4349 = CARTESIAN_POINT('',(5.333946191698,6.920299515803));
#4350 = CARTESIAN_POINT('',(5.271833434022,6.969309800608));
#4351 = CARTESIAN_POINT('',(5.2117708165,7.03008602756));
#4352 = CARTESIAN_POINT('',(5.106429701941,7.161313947599));
#4353 = CARTESIAN_POINT('',(5.060456961205,7.227928372724));
#4354 = CARTESIAN_POINT('',(5.015808424838,7.302095150299));
#4355 = CARTESIAN_POINT('',(4.972438420175,7.383511295238));
#4356 = CARTESIAN_POINT('',(4.930286490514,7.471730113774));
#4357 = CARTESIAN_POINT('',(4.889281026838,7.566227550271));
#4358 = CARTESIAN_POINT('',(4.84934118623,7.666466607403));
#4359 = CARTESIAN_POINT('',(4.726909705608,7.997883665539));
#4360 = CARTESIAN_POINT('',(4.648083263486,8.247408100602));
#4361 = CARTESIAN_POINT('',(4.572729618727,8.516066875785));
#4362 = CARTESIAN_POINT('',(4.499996588607,8.799432319103));
#4363 = CARTESIAN_POINT('',(4.429143032815,9.093808500765));
#4364 = CARTESIAN_POINT('',(4.359480846421,9.396303744555));
#4365 = CARTESIAN_POINT('',(4.290300942996,9.704833294383));
#4366 = CARTESIAN_POINT('',(4.191599675097,10.148874288198));
#4367 = CARTESIAN_POINT('',(4.162458329884,10.280447451144));
#4368 = CARTESIAN_POINT('',(4.13320567115,10.412590081325));
#4369 = CARTESIAN_POINT('',(4.103783647592,10.545152448813));
#4370 = CARTESIAN_POINT('',(4.074132092113,10.677978528435));
#4371 = CARTESIAN_POINT('',(4.04418620839,10.810903338138));
#4372 = CARTESIAN_POINT('',(4.013872794039,10.943749204721));
#4373 = CARTESIAN_POINT('',(3.955150248639,11.196773566083));
#4374 = CARTESIAN_POINT('',(3.926826332572,11.316974076933));
#4375 = CARTESIAN_POINT('',(3.898064413888,11.436793308636));
#4376 = CARTESIAN_POINT('',(3.868792181891,11.556064379654));
#4377 = CARTESIAN_POINT('',(3.838929568663,11.674576406549));
#4378 = CARTESIAN_POINT('',(3.808385679984,11.792070503586));
#4379 = CARTESIAN_POINT('',(3.777050964427,11.908229763272));
#4380 = CARTESIAN_POINT('',(3.728751253021,12.079480745633));
#4381 = CARTESIAN_POINT('',(3.712494817075,12.135871576972));
#4382 = CARTESIAN_POINT('',(3.695991294431,12.191778518366));
#4383 = CARTESIAN_POINT('',(3.67922201343,12.247142084047));
#4384 = CARTESIAN_POINT('',(3.662167210002,12.301891805011));
#4385 = CARTESIAN_POINT('',(3.644805462355,12.355945322349));
#4386 = CARTESIAN_POINT('',(3.627112821903,12.409206945023));
#4387 = CARTESIAN_POINT('',(3.583277817231,12.536353472842));
#4388 = CARTESIAN_POINT('',(3.556786992316,12.609227863273));
#4389 = CARTESIAN_POINT('',(3.529484909077,12.679947213591));
#4390 = CARTESIAN_POINT('',(3.501278925985,12.748106591306));
#4391 = CARTESIAN_POINT('',(3.472086124344,12.813138706504));
#4392 = CARTESIAN_POINT('',(3.441830583708,12.874314556682));
#4393 = CARTESIAN_POINT('',(3.410439824971,12.930743771133));
#4394 = CARTESIAN_POINT('',(3.350764778295,13.02342645844));
#4395 = CARTESIAN_POINT('',(3.322836149689,13.061508246306));
#4396 = CARTESIAN_POINT('',(3.294077985571,13.094902174107));
#4397 = CARTESIAN_POINT('',(3.264549823049,13.122826333318));
#4398 = CARTESIAN_POINT('',(3.234351958401,13.144500990291));
#4399 = CARTESIAN_POINT('',(3.203633400418,13.159243579286));
#4400 = CARTESIAN_POINT('',(3.172609125295,13.166611461415));
#4401 = CARTESIAN_POINT('',(3.14159265359,13.166611461415));
#4402 = ( GEOMETRIC_REPRESENTATION_CONTEXT(2) 
PARAMETRIC_REPRESENTATION_CONTEXT() REPRESENTATION_CONTEXT('2D SPACE',''
  ) );
#4403 = PCURVE('',#3676,#4404);
#4404 = DEFINITIONAL_REPRESENTATION('',(#4405),#4478);
#4405 = B_SPLINE_CURVE_WITH_KNOTS('',8,(#4406,#4407,#4408,#4409,#4410,
    #4411,#4412,#4413,#4414,#4415,#4416,#4417,#4418,#4419,#4420,#4421,
    #4422,#4423,#4424,#4425,#4426,#4427,#4428,#4429,#4430,#4431,#4432,
    #4433,#4434,#4435,#4436,#4437,#4438,#4439,#4440,#4441,#4442,#4443,
    #4444,#4445,#4446,#4447,#4448,#4449,#4450,#4451,#4452,#4453,#4454,
    #4455,#4456,#4457,#4458,#4459,#4460,#4461,#4462,#4463,#4464,#4465,
    #4466,#4467,#4468,#4469,#4470,#4471,#4472,#4473,#4474,#4475,#4476,
    #4477),.UNSPECIFIED.,.F.,.F.,(9,7,7,7,7,7,7,7,7,7,9),(0.,
    8.573918936068E-02,0.13927260423,0.279296475972,0.39350475636,
    0.638159951963,0.740385562341,0.833266144293,0.879392529138,
    0.945278219501,1.),.UNSPECIFIED.);
#4406 = CARTESIAN_POINT('',(-6.28318530718,-57.83234780805));
#4407 = CARTESIAN_POINT('',(-6.254487476541,-57.83234780814));
#4408 = CARTESIAN_POINT('',(-6.225781382746,-57.84318786106));
#4409 = CARTESIAN_POINT('',(-6.197211260314,-57.8648772021));
#4410 = CARTESIAN_POINT('',(-6.168903893495,-57.89725889417));
#4411 = CARTESIAN_POINT('',(-6.140974044322,-57.94005761753));
#4412 = CARTESIAN_POINT('',(-6.113528284746,-57.99290802136));
#4413 = CARTESIAN_POINT('',(-6.08666723287,-58.05536363708));
#4414 = CARTESIAN_POINT('',(-6.044139404054,-58.17154335662));
#4415 = CARTESIAN_POINT('',(-6.028053587685,-58.219746672));
#4416 = CARTESIAN_POINT('',(-6.012248901487,-58.27137719861));
#4417 = CARTESIAN_POINT('',(-5.996743589969,-58.32631102527));
#4418 = CARTESIAN_POINT('',(-5.981554136519,-58.38442070054));
#4419 = CARTESIAN_POINT('',(-5.966695415102,-58.44557650245));
#4420 = CARTESIAN_POINT('',(-5.95218084196,-58.50964770841));
#4421 = CARTESIAN_POINT('',(-5.900989544477,-58.7513751657));
#4422 = CARTESIAN_POINT('',(-5.866396451815,-58.94528708428));
#4423 = CARTESIAN_POINT('',(-5.8344548469,-59.15590926977));
#4424 = CARTESIAN_POINT('',(-5.805318137805,-59.38089273288));
#4425 = CARTESIAN_POINT('',(-5.77908607684,-59.6179036381));
#4426 = CARTESIAN_POINT('',(-5.755794639839,-59.86463657448));
#4427 = CARTESIAN_POINT('',(-5.73540903315,-60.11884550423));
#4428 = CARTESIAN_POINT('',(-5.703505754388,-60.59015710116));
#4429 = CARTESIAN_POINT('',(-5.691042965916,-60.80550521585));
#4430 = CARTESIAN_POINT('',(-5.680393899642,-61.02343874613));
#4431 = CARTESIAN_POINT('',(-5.671478288268,-61.24305274783));
#4432 = CARTESIAN_POINT('',(-5.664199924646,-61.46358155496));
#4433 = CARTESIAN_POINT('',(-5.658455273523,-61.6844015561));
#4434 = CARTESIAN_POINT('',(-5.654140843159,-61.90503123878));
#4435 = CARTESIAN_POINT('',(-5.644769604558,-62.59662536393));
#4436 = CARTESIAN_POINT('',(-5.64450581002,-63.06477036251));
#4437 = CARTESIAN_POINT('',(-5.649340991205,-63.52770440268));
#4438 = CARTESIAN_POINT('',(-5.658513659103,-63.984213261));
#4439 = CARTESIAN_POINT('',(-5.671449965313,-64.43354263494));
#4440 = CARTESIAN_POINT('',(-5.687773842869,-64.87537912026));
#4441 = CARTESIAN_POINT('',(-5.707275403891,-65.30985468521));
#4442 = CARTESIAN_POINT('',(-5.739502525475,-65.91615054455));
#4443 = CARTESIAN_POINT('',(-5.749556373308,-66.09349534974));
#4444 = CARTESIAN_POINT('',(-5.760165815776,-66.26949232871));
#4445 = CARTESIAN_POINT('',(-5.77133523929,-66.44410296138));
#4446 = CARTESIAN_POINT('',(-5.783074153714,-66.61726892116));
#4447 = CARTESIAN_POINT('',(-5.795397980517,-66.78891141227));
#4448 = CARTESIAN_POINT('',(-5.808329827649,-66.9589286581));
#4449 = CARTESIAN_POINT('',(-5.834235850278,-67.28007254872));
#4450 = CARTESIAN_POINT('',(-5.847095452427,-67.43147253536));
#4451 = CARTESIAN_POINT('',(-5.860508777451,-67.58131742922));
#4452 = CARTESIAN_POINT('',(-5.874507337498,-67.72948077234));
#4453 = CARTESIAN_POINT('',(-5.889129347641,-67.87577963911));
#4454 = CARTESIAN_POINT('',(-5.90442102569,-68.01997226156));
#4455 = CARTESIAN_POINT('',(-5.920440916172,-68.16174800404));
#4456 = CARTESIAN_POINT('',(-5.945628972299,-68.36970688105));
#4457 = CARTESIAN_POINT('',(-5.954185792929,-68.43800819179));
#4458 = CARTESIAN_POINT('',(-5.962951241296,-68.50555458685));
#4459 = CARTESIAN_POINT('',(-5.971935893414,-68.57228375797));
#4460 = CARTESIAN_POINT('',(-5.981151098536,-68.6381205292));
#4461 = CARTESIAN_POINT('',(-5.990609267301,-68.70297596124));
#4462 = CARTESIAN_POINT('',(-6.00032434484,-68.76674579585));
#4463 = CARTESIAN_POINT('',(-6.024579237124,-68.91867075741));
#4464 = CARTESIAN_POINT('',(-6.03938952096,-69.0054847093));
#4465 = CARTESIAN_POINT('',(-6.054802973107,-69.08949393827));
#4466 = CARTESIAN_POINT('',(-6.070874220915,-69.17024838082));
#4467 = CARTESIAN_POINT('',(-6.087652561394,-69.24710994403));
#4468 = CARTESIAN_POINT('',(-6.105182111095,-69.31925575321));
#4469 = CARTESIAN_POINT('',(-6.123502410795,-69.38567877102));
#4470 = CARTESIAN_POINT('',(-6.158552209626,-69.49460972058));
#4471 = CARTESIAN_POINT('',(-6.175036553097,-69.53929783571));
#4472 = CARTESIAN_POINT('',(-6.19208487011,-69.57843084949));
#4473 = CARTESIAN_POINT('',(-6.209655136491,-69.61111643766));
#4474 = CARTESIAN_POINT('',(-6.227677207378,-69.63646624072));
#4475 = CARTESIAN_POINT('',(-6.246047337705,-69.6537016896));
#4476 = CARTESIAN_POINT('',(-6.264618659084,-69.6623154738));
#4477 = CARTESIAN_POINT('',(-6.28318530718,-69.6623154738));
#4478 = ( GEOMETRIC_REPRESENTATION_CONTEXT(2) 
PARAMETRIC_REPRESENTATION_CONTEXT() REPRESENTATION_CONTEXT('2D SPACE',''
  ) );
#4479 = ORIENTED_EDGE('',*,*,#3978,.T.);
#4480 = ORIENTED_EDGE('',*,*,#1750,.T.);
#4481 = ADVANCED_FACE('',(#4482),#1825,.F.);
#4482 = FACE_BOUND('',#4483,.F.);
#4483 = EDGE_LOOP('',(#4484,#4507,#4784,#5033,#5034));
#4484 = ORIENTED_EDGE('',*,*,#4485,.F.);
#4485 = EDGE_CURVE('',#4486,#1809,#4488,.T.);
#4486 = VERTEX_POINT('',#4487);
#4487 = CARTESIAN_POINT('',(411.04011572557,-1.658885235305E-15,
    -8.295825918625));
#4488 = SEAM_CURVE('',#4489,(#4493,#4500),.PCURVE_S1.);
#4489 = LINE('',#4490,#4491);
#4490 = CARTESIAN_POINT('',(407.93353982676,-1.285879139105E-15,
    -2.470387164673));
#4491 = VECTOR('',#4492,1.);
#4492 = DIRECTION('',(0.470549936128,0.,-0.882373366331));
#4493 = PCURVE('',#1825,#4494);
#4494 = DEFINITIONAL_REPRESENTATION('',(#4495),#4499);
#4495 = LINE('',#4496,#4497);
#4496 = CARTESIAN_POINT('',(0.,-0.));
#4497 = VECTOR('',#4498,1.);
#4498 = DIRECTION('',(0.,1.));
#4499 = ( GEOMETRIC_REPRESENTATION_CONTEXT(2) 
PARAMETRIC_REPRESENTATION_CONTEXT() REPRESENTATION_CONTEXT('2D SPACE',''
  ) );
#4500 = PCURVE('',#1825,#4501);
#4501 = DEFINITIONAL_REPRESENTATION('',(#4502),#4506);
#4502 = LINE('',#4503,#4504);
#4503 = CARTESIAN_POINT('',(6.28318530718,-0.));
#4504 = VECTOR('',#4505,1.);
#4505 = DIRECTION('',(0.,1.));
#4506 = ( GEOMETRIC_REPRESENTATION_CONTEXT(2) 
PARAMETRIC_REPRESENTATION_CONTEXT() REPRESENTATION_CONTEXT('2D SPACE',''
  ) );
#4507 = ORIENTED_EDGE('',*,*,#4508,.F.);
#4508 = EDGE_CURVE('',#4509,#4486,#4511,.T.);
#4509 = VERTEX_POINT('',#4510);
#4510 = CARTESIAN_POINT('',(422.88116899937,-2.004944173186E-15,
    -8.185805795525));
#4511 = SURFACE_CURVE('',#4512,(#4599,#4689),.PCURVE_S1.);
#4512 = B_SPLINE_CURVE_WITH_KNOTS('',8,(#4513,#4514,#4515,#4516,#4517,
    #4518,#4519,#4520,#4521,#4522,#4523,#4524,#4525,#4526,#4527,#4528,
    #4529,#4530,#4531,#4532,#4533,#4534,#4535,#4536,#4537,#4538,#4539,
    #4540,#4541,#4542,#4543,#4544,#4545,#4546,#4547,#4548,#4549,#4550,
    #4551,#4552,#4553,#4554,#4555,#4556,#4557,#4558,#4559,#4560,#4561,
    #4562,#4563,#4564,#4565,#4566,#4567,#4568,#4569,#4570,#4571,#4572,
    #4573,#4574,#4575,#4576,#4577,#4578,#4579,#4580,#4581,#4582,#4583,
    #4584,#4585,#4586,#4587,#4588,#4589,#4590,#4591,#4592,#4593,#4594,
    #4595,#4596,#4597,#4598),.UNSPECIFIED.,.F.,.F.,(9,7,7,7,7,7,7,7,7,7,
    7,7,9),(0.,4.373294649197E-02,7.446843277177E-02,0.122133506347,
    0.168947217552,0.25516959398,0.351065413052,0.567213223094,
    0.68190266527,0.809851756498,0.876156433969,0.922333295282,1.),
  .UNSPECIFIED.);
#4513 = CARTESIAN_POINT('',(422.88116899936,3.214697847762E-16,
    -8.185805795525));
#4514 = CARTESIAN_POINT('',(422.88116899936,0.125430156751,
    -8.185805795525));
#4515 = CARTESIAN_POINT('',(422.87614117937,0.250901725281,
    -8.183656011837));
#4516 = CARTESIAN_POINT('',(422.86607978854,0.3756642937,-8.179353870292
    ));
#4517 = CARTESIAN_POINT('',(422.85113166243,0.499096698757,
    -8.172966095521));
#4518 = CARTESIAN_POINT('',(422.83155085849,0.620690925878,
    -8.164608681536));
#4519 = CARTESIAN_POINT('',(422.80766077274,0.740038532058,
    -8.154429776961));
#4520 = CARTESIAN_POINT('',(422.77982373789,0.85681959164,
    -8.142595484904));
#4521 = CARTESIAN_POINT('',(422.72634624292,1.050895420766,
    -8.119919463632));
#4522 = CARTESIAN_POINT('',(422.70250272335,1.129642396143,
    -8.109824214001));
#4523 = CARTESIAN_POINT('',(422.67700786537,1.206983269616,
    -8.099048230369));
#4524 = CARTESIAN_POINT('',(422.64997965374,1.282886426909,
    -8.087645930595));
#4525 = CARTESIAN_POINT('',(422.62153137594,1.357338171514,
    -8.075669693713));
#4526 = CARTESIAN_POINT('',(422.59176926152,1.430340435267,
    -8.063168805034));
#4527 = CARTESIAN_POINT('',(422.56079012139,1.501908488924,
    -8.050188401237));
#4528 = CARTESIAN_POINT('',(422.47888053707,1.680874133772,
    -8.015956491316));
#4529 = CARTESIAN_POINT('',(422.42637243177,1.786267183886,
    -7.994092700644));
#4530 = CARTESIAN_POINT('',(422.37146835129,1.888365681489,
    -7.971324806174));
#4531 = CARTESIAN_POINT('',(422.31444402108,1.987293802926,
    -7.947783266068));
#4532 = CARTESIAN_POINT('',(422.25553739072,2.083182221792,
    -7.923581552865));
#4533 = CARTESIAN_POINT('',(422.19494881255,2.176168308244,
    -7.898816472419));
#4534 = CARTESIAN_POINT('',(422.13284122039,2.266396328317,
    -7.873568482838));
#4535 = CARTESIAN_POINT('',(422.00697360778,2.440073923544,
    -7.822693981702));
#4536 = CARTESIAN_POINT('',(421.94327614783,2.523597304289,
    -7.797087683138));
#4537 = CARTESIAN_POINT('',(421.87837603973,2.60472092663,-7.77114785158
    ));
#4538 = CARTESIAN_POINT('',(421.81238388674,2.683562970591,
    -7.744931372934));
#4539 = CARTESIAN_POINT('',(421.74539473283,2.76023107311,
    -7.718488216311));
#4540 = CARTESIAN_POINT('',(421.67748942106,2.834825480172,
    -7.691862159566));
#4541 = CARTESIAN_POINT('',(421.60873536179,2.907440933062,
    -7.665091309226));
#4542 = CARTESIAN_POINT('',(421.4110906927,3.108432424758,
    -7.588694992714));
#4543 = CARTESIAN_POINT('',(421.28032758467,3.232261134128,
    -7.538812480257));
#4544 = CARTESIAN_POINT('',(421.14723782411,3.350217364375,
    -7.488765730806));
#4545 = CARTESIAN_POINT('',(421.01209024865,3.462740188165,
    -7.438729384058));
#4546 = CARTESIAN_POINT('',(420.87509632859,3.570188633932,
    -7.388854935713));
#4547 = CARTESIAN_POINT('',(420.73641913641,3.672871188266,
    -7.339276135543));
#4548 = CARTESIAN_POINT('',(420.59617705314,3.771059970017,
    -7.290112713882));
#4549 = CARTESIAN_POINT('',(420.29680588436,3.969457312756,-7.1873751194
    ));
#4550 = CARTESIAN_POINT('',(420.13735509619,4.068636158454,
    -7.133935949906));
#4551 = CARTESIAN_POINT('',(419.97621266076,4.16284003405,-7.08131044766
    ));
#4552 = CARTESIAN_POINT('',(419.81347561261,4.252311105195,
    -7.029650628548));
#4553 = CARTESIAN_POINT('',(419.64921891427,4.337238774835,
    -6.979107926286));
#4554 = CARTESIAN_POINT('',(419.4834975122,4.417772105861,
    -6.929836058254));
#4555 = CARTESIAN_POINT('',(419.31634674163,4.494025673937,
    -6.881993835578));
#4556 = CARTESIAN_POINT('',(418.76783648019,4.728485683961,
    -6.731510276906));
#4557 = CARTESIAN_POINT('',(418.38122071977,4.869332471156,
    -6.635524529475));
#4558 = CARTESIAN_POINT('',(417.98760969618,4.989858920174,
    -6.549517535782));
#4559 = CARTESIAN_POINT('',(417.58689378297,5.089921772139,
    -6.475686496064));
#4560 = CARTESIAN_POINT('',(417.17922777765,5.168521381332,
    -6.416774818008));
#4561 = CARTESIAN_POINT('',(416.76502293001,5.223710853956,
    -6.376088485272));
#4562 = CARTESIAN_POINT('',(416.34494705191,5.252430484874,
    -6.357466626698));
#4563 = CARTESIAN_POINT('',(415.69459131732,5.248527876259,
    -6.368518800471));
#4564 = CARTESIAN_POINT('',(415.46793123669,5.238372250715,
    -6.37962333474));
#4565 = CARTESIAN_POINT('',(415.24039047661,5.218718968125,
    -6.398545852718));
#4566 = CARTESIAN_POINT('',(415.01242957558,5.188776055642,
    -6.425789855438));
#4567 = CARTESIAN_POINT('',(414.78464714001,5.147675817407,
    -6.461761352366));
#4568 = CARTESIAN_POINT('',(414.55778289901,5.094506166129,
    -6.50667782816));
#4569 = CARTESIAN_POINT('',(414.33271886316,5.028371312882,
    -6.560473233077));
#4570 = CARTESIAN_POINT('',(413.8625377917,4.859396949442,
    -6.692184287519));
#4571 = CARTESIAN_POINT('',(413.61804417144,4.753173902539,
    -6.772188311235));
#4572 = CARTESIAN_POINT('',(413.37855168236,4.628796403834,
    -6.862133632261));
#4573 = CARTESIAN_POINT('',(413.14558786201,4.485387492263,
    -6.960904494731));
#4574 = CARTESIAN_POINT('',(412.92063238443,4.322284892927,
    -7.06685859302));
#4575 = CARTESIAN_POINT('',(412.70512341173,4.13908768009,
    -7.177917846863));
#4576 = CARTESIAN_POINT('',(412.5004757363,3.935691668994,
    -7.291707598351));
#4577 = CARTESIAN_POINT('',(412.20840535942,3.596553545786,
    -7.464745958453));
#4578 = CARTESIAN_POINT('',(412.1119978441,3.475417094206,
    -7.523864848923));
#4579 = CARTESIAN_POINT('',(412.01906067823,3.348917226975,
    -7.58269234361));
#4580 = CARTESIAN_POINT('',(411.92978536203,3.217092657494,
    -7.640866008096));
#4581 = CARTESIAN_POINT('',(411.84436877509,3.080008862072,
    -7.69801265992));
#4582 = CARTESIAN_POINT('',(411.76301248033,2.937761082376,
    -7.75375298654));
#4583 = CARTESIAN_POINT('',(411.68592202811,2.790477327881,
    -7.807706163295));
#4584 = CARTESIAN_POINT('',(411.56273413815,2.53235473391,
    -7.895561633002));
#4585 = CARTESIAN_POINT('',(411.51433371148,2.424027884353,
    -7.930577798963));
#4586 = CARTESIAN_POINT('',(411.46817650988,2.313399613243,
    -7.964414737227));
#4587 = CARTESIAN_POINT('',(411.4243356321,2.200539711679,
    -7.996944238042));
#4588 = CARTESIAN_POINT('',(411.38288476726,2.085530103674,
    -8.028039630506));
#4589 = CARTESIAN_POINT('',(411.34389721612,1.968465971543,
    -8.057577299142));
#4590 = CARTESIAN_POINT('',(411.30744491231,1.849456881308,
    -8.085438200475));
#4591 = CARTESIAN_POINT('',(411.2166680361,1.525400838998,
    -8.155359535614));
#4592 = CARTESIAN_POINT('',(411.16709011467,1.316964514801,
    -8.194160108966));
#4593 = CARTESIAN_POINT('',(411.12522366519,1.103985308869,
    -8.227352486421));
#4594 = CARTESIAN_POINT('',(411.09137470136,0.887209312494,
    -8.254452244573));
#4595 = CARTESIAN_POINT('',(411.06579522952,0.667464094769,
    -8.275065340899));
#4596 = CARTESIAN_POINT('',(411.04867366866,0.445662322147,
    -8.288907374794));
#4597 = CARTESIAN_POINT('',(411.04011572565,0.22280723769,
    -8.295825918598));
#4598 = CARTESIAN_POINT('',(411.04011572557,0.,-8.295825918625));
#4599 = PCURVE('',#1825,#4600);
#4600 = DEFINITIONAL_REPRESENTATION('',(#4601),#4688);
#4601 = B_SPLINE_CURVE_WITH_KNOTS('',8,(#4602,#4603,#4604,#4605,#4606,
    #4607,#4608,#4609,#4610,#4611,#4612,#4613,#4614,#4615,#4616,#4617,
    #4618,#4619,#4620,#4621,#4622,#4623,#4624,#4625,#4626,#4627,#4628,
    #4629,#4630,#4631,#4632,#4633,#4634,#4635,#4636,#4637,#4638,#4639,
    #4640,#4641,#4642,#4643,#4644,#4645,#4646,#4647,#4648,#4649,#4650,
    #4651,#4652,#4653,#4654,#4655,#4656,#4657,#4658,#4659,#4660,#4661,
    #4662,#4663,#4664,#4665,#4666,#4667,#4668,#4669,#4670,#4671,#4672,
    #4673,#4674,#4675,#4676,#4677,#4678,#4679,#4680,#4681,#4682,#4683,
    #4684,#4685,#4686,#4687),.UNSPECIFIED.,.F.,.F.,(9,7,7,7,7,7,7,7,7,7,
    7,7,9),(0.,4.373294649197E-02,7.446843277177E-02,0.122133506347,
    0.168947217552,0.25516959398,0.351065413052,0.567213223094,
    0.68190266527,0.809851756498,0.876156433969,0.922333295282,1.),
  .UNSPECIFIED.);
#4602 = CARTESIAN_POINT('',(3.14159265359,12.076739129732));
#4603 = CARTESIAN_POINT('',(3.117701195161,12.076739129732));
#4604 = CARTESIAN_POINT('',(3.09380185839,12.072476377486));
#4605 = CARTESIAN_POINT('',(3.07001675437,12.063945895553));
#4606 = CARTESIAN_POINT('',(3.046443433914,12.051275653442));
#4607 = CARTESIAN_POINT('',(3.023160004856,12.034687547886));
#4608 = CARTESIAN_POINT('',(3.000228934294,12.014464475264));
#4609 = CARTESIAN_POINT('',(2.977699535758,11.990923496177));
#4610 = CARTESIAN_POINT('',(2.9400840265,11.945750947108));
#4611 = CARTESIAN_POINT('',(2.924769570257,11.925623601096));
#4612 = CARTESIAN_POINT('',(2.909672561438,11.904118556351));
#4613 = CARTESIAN_POINT('',(2.894796658493,11.881339347456));
#4614 = CARTESIAN_POINT('',(2.880142702813,11.857385499702));
#4615 = CARTESIAN_POINT('',(2.865709032067,11.832350487439));
#4616 = CARTESIAN_POINT('',(2.851491793554,11.806319692436));
#4617 = CARTESIAN_POINT('',(2.81576370208,11.737571817171));
#4618 = CARTESIAN_POINT('',(2.794554152489,11.693572105001));
#4619 = CARTESIAN_POINT('',(2.773831445195,11.647647209746));
#4620 = CARTESIAN_POINT('',(2.753570812065,11.600041986818));
#4621 = CARTESIAN_POINT('',(2.733747312816,11.550968528515));
#4622 = CARTESIAN_POINT('',(2.714335267412,11.500606529528));
#4623 = CARTESIAN_POINT('',(2.695307688472,11.449103652445));
#4624 = CARTESIAN_POINT('',(2.658297245477,11.34498635054));
#4625 = CARTESIAN_POINT('',(2.640305734365,11.292419198967));
#4626 = CARTESIAN_POINT('',(2.622636175699,11.23899184075));
#4627 = CARTESIAN_POINT('',(2.605266578705,11.184806514863));
#4628 = CARTESIAN_POINT('',(2.58817699024,11.129952035642));
#4629 = CARTESIAN_POINT('',(2.571348762444,11.074505072202));
#4630 = CARTESIAN_POINT('',(2.554764064276,11.01853096867));
#4631 = CARTESIAN_POINT('',(2.508276376807,10.858119207278));
#4632 = CARTESIAN_POINT('',(2.478921203769,10.752573634707));
#4633 = CARTESIAN_POINT('',(2.450232178947,10.645788337592));
#4634 = CARTESIAN_POINT('',(2.422124192822,10.538043914874));
#4635 = CARTESIAN_POINT('',(2.394525942762,10.429573549656));
#4636 = CARTESIAN_POINT('',(2.367373672227,10.32057199293));
#4637 = CARTESIAN_POINT('',(2.340607671626,10.211200595735));
#4638 = CARTESIAN_POINT('',(2.284769493229,9.979678594296));
#4639 = CARTESIAN_POINT('',(2.255781286048,9.857495736223));
#4640 = CARTESIAN_POINT('',(2.227132729595,9.735234831952));
#4641 = CARTESIAN_POINT('',(2.198760292018,9.613075675848));
#4642 = CARTESIAN_POINT('',(2.17060714636,9.491187162595));
#4643 = CARTESIAN_POINT('',(2.142620158125,9.369730783377));
#4644 = CARTESIAN_POINT('',(2.114747813346,9.248863295885));
#4645 = CARTESIAN_POINT('',(2.024258614526,8.857979143156));
#4646 = CARTESIAN_POINT('',(1.961986440328,8.591361854704));
#4647 = CARTESIAN_POINT('',(1.899449124512,8.33025793214));
#4648 = CARTESIAN_POINT('',(1.836116724667,8.076554541718));
#4649 = CARTESIAN_POINT('',(1.771481175534,7.832745233271));
#4650 = CARTESIAN_POINT('',(1.705014382658,7.601940632291));
#4651 = CARTESIAN_POINT('',(1.636119191618,7.387842522645));
#4652 = CARTESIAN_POINT('',(1.525820081266,7.09156981705));
#4653 = CARTESIAN_POINT('',(1.486717624585,6.99471327587));
#4654 = CARTESIAN_POINT('',(1.446669133458,6.904340711637));
#4655 = CARTESIAN_POINT('',(1.405604295903,6.821113106609));
#4656 = CARTESIAN_POINT('',(1.363463931729,6.745670386938));
#4657 = CARTESIAN_POINT('',(1.320203017468,6.678552534778));
#4658 = CARTESIAN_POINT('',(1.275796398468,6.620116299612));
#4659 = CARTESIAN_POINT('',(1.179433506524,6.515090952956));
#4660 = CARTESIAN_POINT('',(1.127184320227,6.470637915286));
#4661 = CARTESIAN_POINT('',(1.07353261692,6.437310095546));
#4662 = CARTESIAN_POINT('',(1.018511565511,6.414841763175));
#4663 = CARTESIAN_POINT('',(0.962155736754,6.40248005195));
#4664 = CARTESIAN_POINT('',(0.904498885048,6.399068046285));
#4665 = CARTESIAN_POINT('',(0.845571234455,6.403176141759));
#4666 = CARTESIAN_POINT('',(0.754216212338,6.418426884878));
#4667 = CARTESIAN_POINT('',(0.722696421474,6.425227269104));
#4668 = CARTESIAN_POINT('',(0.690839015875,6.433403506157));
#4669 = CARTESIAN_POINT('',(0.658644464319,6.442725903988));
#4670 = CARTESIAN_POINT('',(0.626113913477,6.452957818002));
#4671 = CARTESIAN_POINT('',(0.593249345301,6.46385939834));
#4672 = CARTESIAN_POINT('',(0.560053734422,6.475191337168));
#4673 = CARTESIAN_POINT('',(0.503184961705,6.494746609971));
#4674 = CARTESIAN_POINT('',(0.479680794969,6.50286912453));
#4675 = CARTESIAN_POINT('',(0.456020860616,6.511006669388));
#4676 = CARTESIAN_POINT('',(0.432208074625,6.519080512288));
#4677 = CARTESIAN_POINT('',(0.408246274631,6.527013556612));
#4678 = CARTESIAN_POINT('',(0.384140380895,6.534731219018));
#4679 = CARTESIAN_POINT('',(0.359896557276,6.542162307086));
#4680 = CARTESIAN_POINT('',(0.294526458194,6.561143977649));
#4681 = CARTESIAN_POINT('',(0.253149520135,6.572051682412));
#4682 = CARTESIAN_POINT('',(0.21144265003,6.581639497116));
#4683 = CARTESIAN_POINT('',(0.169458358426,6.589623974174));
#4684 = CARTESIAN_POINT('',(0.127252552291,6.595776002527));
#4685 = CARTESIAN_POINT('',(8.488802725336E-02,6.599933295205));
#4686 = CARTESIAN_POINT('',(4.24394742227E-02,6.602011094451));
#4687 = CARTESIAN_POINT('',(3.770190968314E-10,6.602011094438));
#4688 = ( GEOMETRIC_REPRESENTATION_CONTEXT(2) 
PARAMETRIC_REPRESENTATION_CONTEXT() REPRESENTATION_CONTEXT('2D SPACE',''
  ) );
#4689 = PCURVE('',#4690,#4695);
#4690 = CONICAL_SURFACE('',#4691,8.333333333333,9.291146209236E-03);
#4691 = AXIS2_PLACEMENT_3D('',#4692,#4693,#4694);
#4692 = CARTESIAN_POINT('',(407.00333333333,0.,-3.982971360135E-15));
#4693 = DIRECTION('',(-1.,-0.,-2.22044604925E-16));
#4694 = DIRECTION('',(2.22044604925E-16,0.,-1.));
#4695 = DEFINITIONAL_REPRESENTATION('',(#4696),#4783);
#4696 = B_SPLINE_CURVE_WITH_KNOTS('',8,(#4697,#4698,#4699,#4700,#4701,
    #4702,#4703,#4704,#4705,#4706,#4707,#4708,#4709,#4710,#4711,#4712,
    #4713,#4714,#4715,#4716,#4717,#4718,#4719,#4720,#4721,#4722,#4723,
    #4724,#4725,#4726,#4727,#4728,#4729,#4730,#4731,#4732,#4733,#4734,
    #4735,#4736,#4737,#4738,#4739,#4740,#4741,#4742,#4743,#4744,#4745,
    #4746,#4747,#4748,#4749,#4750,#4751,#4752,#4753,#4754,#4755,#4756,
    #4757,#4758,#4759,#4760,#4761,#4762,#4763,#4764,#4765,#4766,#4767,
    #4768,#4769,#4770,#4771,#4772,#4773,#4774,#4775,#4776,#4777,#4778,
    #4779,#4780,#4781,#4782),.UNSPECIFIED.,.F.,.F.,(9,7,7,7,7,7,7,7,7,7,
    7,7,9),(0.,4.373294649197E-02,7.446843277177E-02,0.122133506347,
    0.168947217552,0.25516959398,0.351065413052,0.567213223094,
    0.68190266527,0.809851756498,0.876156433969,0.922333295282,1.),
  .UNSPECIFIED.);
#4697 = CARTESIAN_POINT('',(0.,-15.87783566603));
#4698 = CARTESIAN_POINT('',(-1.532288450079E-02,-15.87783566603));
#4699 = CARTESIAN_POINT('',(-3.06508258665E-02,-15.87280784604));
#4700 = CARTESIAN_POINT('',(-4.589729352502E-02,-15.8627464552));
#4701 = CARTESIAN_POINT('',(-6.09915367728E-02,-15.8477983291));
#4702 = CARTESIAN_POINT('',(-7.587604561677E-02,-15.82821752516));
#4703 = CARTESIAN_POINT('',(-9.050455614232E-02,-15.8043274394));
#4704 = CARTESIAN_POINT('',(-0.104840600407,-15.77649040456));
#4705 = CARTESIAN_POINT('',(-0.128707036842,-15.72301290959));
#4706 = CARTESIAN_POINT('',(-0.1384033176,-15.69916939002));
#4707 = CARTESIAN_POINT('',(-0.147939756735,-15.67367453204));
#4708 = CARTESIAN_POINT('',(-0.157312938558,-15.6466463204));
#4709 = CARTESIAN_POINT('',(-0.166521471255,-15.61819804261));
#4710 = CARTESIAN_POINT('',(-0.175565740051,-15.58843592819));
#4711 = CARTESIAN_POINT('',(-0.184447660376,-15.55745678806));
#4712 = CARTESIAN_POINT('',(-0.206697840388,-15.47554720374));
#4713 = CARTESIAN_POINT('',(-0.219839211897,-15.42303909844));
#4714 = CARTESIAN_POINT('',(-0.232608883569,-15.36813501795));
#4715 = CARTESIAN_POINT('',(-0.245021522717,-15.31111068775));
#4716 = CARTESIAN_POINT('',(-0.257092285001,-15.25220405739));
#4717 = CARTESIAN_POINT('',(-0.268836973465,-15.19161547922));
#4718 = CARTESIAN_POINT('',(-0.280272197591,-15.12950788706));
#4719 = CARTESIAN_POINT('',(-0.302359832125,-15.00364027445));
#4720 = CARTESIAN_POINT('',(-0.313020221759,-14.9399428145));
#4721 = CARTESIAN_POINT('',(-0.323412005888,-14.87504270639));
#4722 = CARTESIAN_POINT('',(-0.33354859461,-14.80905055341));
#4723 = CARTESIAN_POINT('',(-0.34344207965,-14.7420613995));
#4724 = CARTESIAN_POINT('',(-0.353103650129,-14.67415608772));
#4725 = CARTESIAN_POINT('',(-0.362543847926,-14.60540202845));
#4726 = CARTESIAN_POINT('',(-0.388770467685,-14.40775735937));
#4727 = CARTESIAN_POINT('',(-0.405047533347,-14.27699425133));
#4728 = CARTESIAN_POINT('',(-0.420666529757,-14.14390449078));
#4729 = CARTESIAN_POINT('',(-0.435674737762,-14.00875691532));
#4730 = CARTESIAN_POINT('',(-0.450109632729,-13.87176299525));
#4731 = CARTESIAN_POINT('',(-0.464002559997,-13.73308580308));
#4732 = CARTESIAN_POINT('',(-0.477380501976,-13.59284371981));
#4733 = CARTESIAN_POINT('',(-0.504597011828,-13.29347255103));
#4734 = CARTESIAN_POINT('',(-0.518316058237,-13.13402176285));
#4735 = CARTESIAN_POINT('',(-0.531452682458,-12.97287932742));
#4736 = CARTESIAN_POINT('',(-0.544027414624,-12.81014227928));
#4737 = CARTESIAN_POINT('',(-0.556053979933,-12.64588558093));
#4738 = CARTESIAN_POINT('',(-0.567540757617,-12.48016417887));
#4739 = CARTESIAN_POINT('',(-0.578491427613,-12.3130134083));
#4740 = CARTESIAN_POINT('',(-0.612376409084,-11.76450314686));
#4741 = CARTESIAN_POINT('',(-0.633086477436,-11.37788738644));
#4742 = CARTESIAN_POINT('',(-0.651067495744,-10.98427636284));
#4743 = CARTESIAN_POINT('',(-0.666160851091,-10.58356044963));
#4744 = CARTESIAN_POINT('',(-0.678076557827,-10.17589444432));
#4745 = CARTESIAN_POINT('',(-0.686382480876,-9.76168959668));
#4746 = CARTESIAN_POINT('',(-0.69050312617,-9.34161371858));
#4747 = CARTESIAN_POINT('',(-0.689285836949,-8.691257983992));
#4748 = CARTESIAN_POINT('',(-0.687480086274,-8.464597903359));
#4749 = CARTESIAN_POINT('',(-0.684184998411,-8.23705714328));
#4750 = CARTESIAN_POINT('',(-0.679289257092,-8.009096242249));
#4751 = CARTESIAN_POINT('',(-0.672682191787,-7.781313806682));
#4752 = CARTESIAN_POINT('',(-0.664263189338,-7.554449565686));
#4753 = CARTESIAN_POINT('',(-0.653953079959,-7.329385529835));
#4754 = CARTESIAN_POINT('',(-0.628043934096,-6.859204458368));
#4755 = CARTESIAN_POINT('',(-0.61196755769,-6.614710838109));
#4756 = CARTESIAN_POINT('',(-0.593419592594,-6.37521834903));
#4757 = CARTESIAN_POINT('',(-0.572388533735,-6.142254528684));
#4758 = CARTESIAN_POINT('',(-0.548910786833,-5.917299051101));
#4759 = CARTESIAN_POINT('',(-0.523061428646,-5.701790078397));
#4760 = CARTESIAN_POINT('',(-0.494941601896,-5.497142402971));
#4761 = CARTESIAN_POINT('',(-0.448983080478,-5.205072026087));
#4762 = CARTESIAN_POINT('',(-0.432716618932,-5.108664510775));
#4763 = CARTESIAN_POINT('',(-0.415885334264,-5.015727344899));
#4764 = CARTESIAN_POINT('',(-0.398505219175,-4.926452028704));
#4765 = CARTESIAN_POINT('',(-0.380593679656,-4.84103544176));
#4766 = CARTESIAN_POINT('',(-0.362169562755,-4.759679147004));
#4767 = CARTESIAN_POINT('',(-0.343253184344,-4.682588694781));
#4768 = CARTESIAN_POINT('',(-0.310364702448,-4.559400804818));
#4769 = CARTESIAN_POINT('',(-0.296635245848,-4.511000378155));
#4770 = CARTESIAN_POINT('',(-0.282685821626,-4.464843176555));
#4771 = CARTESIAN_POINT('',(-0.268524937552,-4.421002298774));
#4772 = CARTESIAN_POINT('',(-0.254161892025,-4.379551433936));
#4773 = CARTESIAN_POINT('',(-0.239606891471,-4.34056388279));
#4774 = CARTESIAN_POINT('',(-0.224871167736,-4.304111578978));
#4775 = CARTESIAN_POINT('',(-0.184899341957,-4.21333470277));
#4776 = CARTESIAN_POINT('',(-0.159347841014,-4.163756781338));
#4777 = CARTESIAN_POINT('',(-0.133380490142,-4.121890331868));
#4778 = CARTESIAN_POINT('',(-0.107068731802,-4.088041368037));
#4779 = CARTESIAN_POINT('',(-8.048837884272E-02,-4.062461896185));
#4780 = CARTESIAN_POINT('',(-5.37212695424E-02,-4.045340335324));
#4781 = CARTESIAN_POINT('',(-2.685775230524E-02,-4.036782392322));
#4782 = CARTESIAN_POINT('',(0.,-4.036782392237));
#4783 = ( GEOMETRIC_REPRESENTATION_CONTEXT(2) 
PARAMETRIC_REPRESENTATION_CONTEXT() REPRESENTATION_CONTEXT('2D SPACE',''
  ) );
#4784 = ORIENTED_EDGE('',*,*,#4785,.F.);
#4785 = EDGE_CURVE('',#4486,#4509,#4786,.T.);
#4786 = SURFACE_CURVE('',#4787,(#4867,#4950),.PCURVE_S1.);
#4787 = B_SPLINE_CURVE_WITH_KNOTS('',8,(#4788,#4789,#4790,#4791,#4792,
    #4793,#4794,#4795,#4796,#4797,#4798,#4799,#4800,#4801,#4802,#4803,
    #4804,#4805,#4806,#4807,#4808,#4809,#4810,#4811,#4812,#4813,#4814,
    #4815,#4816,#4817,#4818,#4819,#4820,#4821,#4822,#4823,#4824,#4825,
    #4826,#4827,#4828,#4829,#4830,#4831,#4832,#4833,#4834,#4835,#4836,
    #4837,#4838,#4839,#4840,#4841,#4842,#4843,#4844,#4845,#4846,#4847,
    #4848,#4849,#4850,#4851,#4852,#4853,#4854,#4855,#4856,#4857,#4858,
    #4859,#4860,#4861,#4862,#4863,#4864,#4865,#4866),.UNSPECIFIED.,.F.,
  .F.,(9,7,7,7,7,7,7,7,7,7,7,9),(0.,7.760410477807E-02,0.123779271262,
    0.190080538809,0.31801949291,0.432695459457,0.64883477291,
    0.747893494992,0.838214960114,0.885036364384,0.942958978824,1.),
  .UNSPECIFIED.);
#4788 = CARTESIAN_POINT('',(411.04011572557,-8.881784197001E-16,
    -8.295825918625));
#4789 = CARTESIAN_POINT('',(411.04011572564,-0.222622036904,
    -8.2958259186));
#4790 = CARTESIAN_POINT('',(411.04865944688,-0.445291768706,
    -8.288918871884));
#4791 = CARTESIAN_POINT('',(411.06575254306,-0.666910878529,
    -8.275099851339));
#4792 = CARTESIAN_POINT('',(411.09128967116,-0.886478577807,
    -8.254520766229));
#4793 = CARTESIAN_POINT('',(411.12508302988,-1.103084308154,
    -8.227465080613));
#4794 = CARTESIAN_POINT('',(411.16688139878,-1.315902292583,
    -8.194325584398));
#4795 = CARTESIAN_POINT('',(411.2163796781,-1.524187936072,
    -8.155585217062));
#4796 = CARTESIAN_POINT('',(411.30703881403,-1.848115413508,
    -8.085748893034));
#4797 = CARTESIAN_POINT('',(411.34346379644,-1.967136147222,
    -8.05790639363));
#4798 = CARTESIAN_POINT('',(411.38242432011,-2.084213113854,
    -8.028386334882));
#4799 = CARTESIAN_POINT('',(411.42384847567,-2.199236662891,
    -7.997307703854));
#4800 = CARTESIAN_POINT('',(411.46766298022,-2.312111530795,
    -7.964794068325));
#4801 = CARTESIAN_POINT('',(411.51379415686,-2.422755715708,
    -7.930972059485));
#4802 = CARTESIAN_POINT('',(411.5621689142,-2.531099352159,
    -7.895969854638));
#4803 = CARTESIAN_POINT('',(411.68529408227,-2.789262550418,
    -7.808146733149));
#4804 = CARTESIAN_POINT('',(411.76234773491,-2.93657112085,
    -7.754210949072));
#4805 = CARTESIAN_POINT('',(411.84366786257,-3.078845325621,
    -7.698485932636));
#4806 = CARTESIAN_POINT('',(411.92904893019,-3.215956989185,
    -7.641352432077));
#4807 = CARTESIAN_POINT('',(412.01828938949,-3.347810725156,
    -7.583189700228));
#4808 = CARTESIAN_POINT('',(412.11119237944,-3.474340929568,
    -7.524370875853));
#4809 = CARTESIAN_POINT('',(412.2075664267,-3.595508774139,
    -7.465258364966));
#4810 = CARTESIAN_POINT('',(412.49953559589,-3.934735439405,
    -7.292235111998));
#4811 = CARTESIAN_POINT('',(412.70411675778,-4.138192175927,
    -7.178447871706));
#4812 = CARTESIAN_POINT('',(412.91956180449,-4.321454157004,
    -7.067382174262));
#4813 = CARTESIAN_POINT('',(413.14445658378,-4.484624769613,
    -6.961412623497));
#4814 = CARTESIAN_POINT('',(413.37736356621,-4.628103950306,
    -6.862617775471));
#4815 = CARTESIAN_POINT('',(413.6168036526,-4.752552919711,
    -6.772640946027));
#4816 = CARTESIAN_POINT('',(413.86124976215,-4.858847631001,
    -6.692599300875));
#4817 = CARTESIAN_POINT('',(414.33134202931,-5.027953530919,
    -6.560810617298));
#4818 = CARTESIAN_POINT('',(414.55636344357,-5.094149426805,
    -6.506975471812));
#4819 = CARTESIAN_POINT('',(414.78318885652,-5.147379800621,
    -6.462016079632));
#4820 = CARTESIAN_POINT('',(415.0109360603,-5.188539865706,
    -6.425999658127));
#4821 = CARTESIAN_POINT('',(415.23886501288,-5.218541371495,
    -6.398709756728));
#4822 = CARTESIAN_POINT('',(415.46637671027,-5.23825187685,
    -6.379741185821));
#4823 = CARTESIAN_POINT('',(415.69301015462,-5.248463372198,
    -6.368591036405));
#4824 = CARTESIAN_POINT('',(416.34332780801,-5.252523898067,
    -6.35740910437));
#4825 = CARTESIAN_POINT('',(416.76339642882,-5.223898235158,
    -6.375953089348));
#4826 = CARTESIAN_POINT('',(417.1775973618,-5.168795915721,
    -6.416570134996));
#4827 = CARTESIAN_POINT('',(417.58526122219,-5.090279468244,
    -6.475420617487));
#4828 = CARTESIAN_POINT('',(417.9859759115,-4.990298149694,
    -6.549197566049));
#4829 = CARTESIAN_POINT('',(418.37958639423,-4.869853911888,
    -6.635156656262));
#4830 = CARTESIAN_POINT('',(418.7662026151,-4.729092177217,
    -6.731099995449));
#4831 = CARTESIAN_POINT('',(419.32028301908,-4.49238494883,
    -6.883056468809));
#4832 = CARTESIAN_POINT('',(419.4929057928,-4.413513100949,
    -6.932516785275));
#4833 = CARTESIAN_POINT('',(419.66400315643,-4.330072995194,
    -6.983497870434));
#4834 = CARTESIAN_POINT('',(419.83353602443,-4.241936939751,
    -7.035825086833));
#4835 = CARTESIAN_POINT('',(420.00144260827,-4.148938225422,
    -7.089329409402));
#4836 = CARTESIAN_POINT('',(420.16763792421,-4.050864182538,
    -7.143844093287));
#4837 = CARTESIAN_POINT('',(420.33201123833,-3.947441089,-7.199201254545
    ));
#4838 = CARTESIAN_POINT('',(420.64250662365,-3.738806355888,
    -7.306313724773));
#4839 = CARTESIAN_POINT('',(420.78892486532,-3.63458042277,
    -7.357944026647));
#4840 = CARTESIAN_POINT('',(420.93359301823,-3.525348980151,
    -7.409995705205));
#4841 = CARTESIAN_POINT('',(421.07637031998,-3.410790081444,
    -7.462330414815));
#4842 = CARTESIAN_POINT('',(421.21705480594,-3.29052984666,
    -7.514789533092));
#4843 = CARTESIAN_POINT('',(421.35538107195,-3.164132747892,
    -7.567190504386));
#4844 = CARTESIAN_POINT('',(421.49101045459,-3.031069511664,
    -7.619320744079));
#4845 = CARTESIAN_POINT('',(421.69218787598,-2.817836946584,
    -7.697675671396));
#4846 = CARTESIAN_POINT('',(421.76001830093,-2.743068242842,
    -7.724281123918));
#4847 = CARTESIAN_POINT('',(421.82693522944,-2.666232814289,
    -7.750705629613));
#4848 = CARTESIAN_POINT('',(421.89286257529,-2.587229192154,
    -7.776907365091));
#4849 = CARTESIAN_POINT('',(421.95770874501,-2.505950776146,
    -7.80283790246));
#4850 = CARTESIAN_POINT('',(422.02136580417,-2.422283882345,
    -7.828441641429));
#4851 = CARTESIAN_POINT('',(422.08370796532,-2.336104408973,
    -7.853655008342));
#4852 = CARTESIAN_POINT('',(422.21990562874,-2.137380207143,
    -7.909024082541));
#4853 = CARTESIAN_POINT('',(422.29294864354,-2.023484101133,
    -7.938918916222));
#4854 = CARTESIAN_POINT('',(422.3634797745,-1.905277821939,
    -7.967967327145));
#4855 = CARTESIAN_POINT('',(422.43115499473,-1.782489337529,
    -7.996002580898));
#4856 = CARTESIAN_POINT('',(422.49552780561,-1.654885301257,
    -8.022812850903));
#4857 = CARTESIAN_POINT('',(422.55605488618,-1.522278880448,
    -8.048142611958));
#4858 = CARTESIAN_POINT('',(422.61210450422,-1.384541676195,
    -8.071696381123));
#4859 = CARTESIAN_POINT('',(422.71305672604,-1.100873091831,
    -8.114266781682));
#4860 = CARTESIAN_POINT('',(422.7581596424,-0.954976172441,
    -8.133365435862));
#4861 = CARTESIAN_POINT('',(422.79748356031,-0.804146421267,
    -8.150077603909));
#4862 = CARTESIAN_POINT('',(422.83018959578,-0.648804447012,
    -8.16401879593));
#4863 = CARTESIAN_POINT('',(422.85546236707,-0.48960610721,
    -8.174814044257));
#4864 = CARTESIAN_POINT('',(422.87260354843,-0.327485120067,
    -8.182143371222));
#4865 = CARTESIAN_POINT('',(422.88116899936,-0.163715110758,
    -8.185805795525));
#4866 = CARTESIAN_POINT('',(422.88116899936,0.,-8.185805795525));
#4867 = PCURVE('',#1825,#4868);
#4868 = DEFINITIONAL_REPRESENTATION('',(#4869),#4949);
#4869 = B_SPLINE_CURVE_WITH_KNOTS('',8,(#4870,#4871,#4872,#4873,#4874,
    #4875,#4876,#4877,#4878,#4879,#4880,#4881,#4882,#4883,#4884,#4885,
    #4886,#4887,#4888,#4889,#4890,#4891,#4892,#4893,#4894,#4895,#4896,
    #4897,#4898,#4899,#4900,#4901,#4902,#4903,#4904,#4905,#4906,#4907,
    #4908,#4909,#4910,#4911,#4912,#4913,#4914,#4915,#4916,#4917,#4918,
    #4919,#4920,#4921,#4922,#4923,#4924,#4925,#4926,#4927,#4928,#4929,
    #4930,#4931,#4932,#4933,#4934,#4935,#4936,#4937,#4938,#4939,#4940,
    #4941,#4942,#4943,#4944,#4945,#4946,#4947,#4948),.UNSPECIFIED.,.F.,
  .F.,(9,7,7,7,7,7,7,7,7,7,7,9),(0.,7.760410477807E-02,0.123779271262,
    0.190080538809,0.31801949291,0.432695459457,0.64883477291,
    0.747893494992,0.838214960114,0.885036364384,0.942958978824,1.),
  .UNSPECIFIED.);
#4870 = CARTESIAN_POINT('',(6.28318530683,6.602011094438));
#4871 = CARTESIAN_POINT('',(6.240781109324,6.60201109445));
#4872 = CARTESIAN_POINT('',(6.198367861298,6.599936747873));
#4873 = CARTESIAN_POINT('',(6.156038419938,6.595786367509));
#4874 = CARTESIAN_POINT('',(6.11386729813,6.5896444249));
#4875 = CARTESIAN_POINT('',(6.071917157158,6.581672671293));
#4876 = CARTESIAN_POINT('',(6.0302437928,6.572099482276));
#4877 = CARTESIAN_POINT('',(5.988899614844,6.56120742611));
#4878 = CARTESIAN_POINT('',(5.923561660839,6.542245364409));
#4879 = CARTESIAN_POINT('',(5.899317982354,6.534817657628));
#4880 = CARTESIAN_POINT('',(5.875212162172,6.527102815942));
#4881 = CARTESIAN_POINT('',(5.851250372359,6.519171993414));
#4882 = CARTESIAN_POINT('',(5.827437540552,6.511099739697));
#4883 = CARTESIAN_POINT('',(5.803777511081,6.502963122119));
#4884 = CARTESIAN_POINT('',(5.780273206094,6.494840847778));
#4885 = CARTESIAN_POINT('',(5.723404499298,6.475284604397));
#4886 = CARTESIAN_POINT('',(5.690209042406,6.463950696367));
#4887 = CARTESIAN_POINT('',(5.657344555345,6.453045606899));
#4888 = CARTESIAN_POINT('',(5.624814022621,6.442808583596));
#4889 = CARTESIAN_POINT('',(5.592619431866,6.433479430526));
#4890 = CARTESIAN_POINT('',(5.560761931808,6.425294762441));
#4891 = CARTESIAN_POINT('',(5.529241990245,6.418484259002));
#4892 = CARTESIAN_POINT('',(5.437888024668,6.403199222743));
#4893 = CARTESIAN_POINT('',(5.378961385195,6.39906204514));
#4894 = CARTESIAN_POINT('',(5.321305192697,6.402438284769));
#4895 = CARTESIAN_POINT('',(5.26494961515,6.414757799565));
#4896 = CARTESIAN_POINT('',(5.209928381084,6.437178222642));
#4897 = CARTESIAN_POINT('',(5.156276063364,6.470453582112));
#4898 = CARTESIAN_POINT('',(5.104025859413,6.514851067465));
#4899 = CARTESIAN_POINT('',(5.007662105643,6.619766129381));
#4900 = CARTESIAN_POINT('',(4.963255642731,6.678147242938));
#4901 = CARTESIAN_POINT('',(4.919994630429,6.745208956291));
#4902 = CARTESIAN_POINT('',(4.877854017257,6.820595457396));
#4903 = CARTESIAN_POINT('',(4.836788877736,6.903767529309));
#4904 = CARTESIAN_POINT('',(4.796740122723,6.994085782217));
#4905 = CARTESIAN_POINT('',(4.757637526141,7.090889540109));
#4906 = CARTESIAN_POINT('',(4.647332979402,7.387029831361));
#4907 = CARTESIAN_POINT('',(4.578433522171,7.601055812503));
#4908 = CARTESIAN_POINT('',(4.511963916252,7.831797434355));
#4909 = CARTESIAN_POINT('',(4.447327052255,8.075551736176));
#4910 = CARTESIAN_POINT('',(4.383994860936,8.329206822091));
#4911 = CARTESIAN_POINT('',(4.321459320925,8.5902682214));
#4912 = CARTESIAN_POINT('',(4.259190558629,8.856848306611));
#4913 = CARTESIAN_POINT('',(4.167790699788,9.251653150248));
#4914 = CARTESIAN_POINT('',(4.138998726753,9.376523251339));
#4915 = CARTESIAN_POINT('',(4.110083060434,9.502017456594));
#4916 = CARTESIAN_POINT('',(4.080986809629,9.627963278889));
#4917 = CARTESIAN_POINT('',(4.051651285554,9.754182500412));
#4918 = CARTESIAN_POINT('',(4.022013550128,9.880488000844));
#4919 = CARTESIAN_POINT('',(3.992002789042,10.006679538036));
#4920 = CARTESIAN_POINT('',(3.933755529648,10.247296312695));
#4921 = CARTESIAN_POINT('',(3.905602533195,10.36175061023));
#4922 = CARTESIAN_POINT('',(3.877008993692,10.475753215174));
#4923 = CARTESIAN_POINT('',(3.847905084545,10.589115819287));
#4924 = CARTESIAN_POINT('',(3.818214623172,10.701603423962));
#4925 = CARTESIAN_POINT('',(3.787852176199,10.812930061037));
#4926 = CARTESIAN_POINT('',(3.75671609492,10.922748793457));
#4927 = CARTESIAN_POINT('',(3.708061162013,11.086551117228));
#4928 = CARTESIAN_POINT('',(3.691208602022,11.141944662061));
#4929 = CARTESIAN_POINT('',(3.674096052667,11.196748698541));
#4930 = CARTESIAN_POINT('',(3.656704504553,11.25089052046));
#4931 = CARTESIAN_POINT('',(3.639014197487,11.304284297026));
#4932 = CARTESIAN_POINT('',(3.621004092925,11.356830179495));
#4933 = CARTESIAN_POINT('',(3.602651077729,11.408412882884));
#4934 = CARTESIAN_POINT('',(3.560767750069,11.521356881096));
#4935 = CARTESIAN_POINT('',(3.537053254976,11.582105672075));
#4936 = CARTESIAN_POINT('',(3.512726078005,11.640925635376));
#4937 = CARTESIAN_POINT('',(3.48773504879,11.697507767166));
#4938 = CARTESIAN_POINT('',(3.46203607592,11.751455057408));
#4939 = CARTESIAN_POINT('',(3.435591765636,11.802286377833));
#4940 = CARTESIAN_POINT('',(3.408371745817,11.849443740609));
#4941 = CARTESIAN_POINT('',(3.352762084793,11.93450978979));
#4942 = CARTESIAN_POINT('',(3.32437259868,11.972585107981));
#4943 = CARTESIAN_POINT('',(3.295217309234,12.005835347019));
#4944 = CARTESIAN_POINT('',(3.265359413374,12.033526506457));
#4945 = CARTESIAN_POINT('',(3.234897173674,12.054944046977));
#4946 = CARTESIAN_POINT('',(3.203970769528,12.069477031681));
#4947 = CARTESIAN_POINT('',(3.17277648421,12.076739129732));
#4948 = CARTESIAN_POINT('',(3.14159265359,12.076739129732));
#4949 = ( GEOMETRIC_REPRESENTATION_CONTEXT(2) 
PARAMETRIC_REPRESENTATION_CONTEXT() REPRESENTATION_CONTEXT('2D SPACE',''
  ) );
#4950 = PCURVE('',#4690,#4951);
#4951 = DEFINITIONAL_REPRESENTATION('',(#4952),#5032);
#4952 = B_SPLINE_CURVE_WITH_KNOTS('',8,(#4953,#4954,#4955,#4956,#4957,
    #4958,#4959,#4960,#4961,#4962,#4963,#4964,#4965,#4966,#4967,#4968,
    #4969,#4970,#4971,#4972,#4973,#4974,#4975,#4976,#4977,#4978,#4979,
    #4980,#4981,#4982,#4983,#4984,#4985,#4986,#4987,#4988,#4989,#4990,
    #4991,#4992,#4993,#4994,#4995,#4996,#4997,#4998,#4999,#5000,#5001,
    #5002,#5003,#5004,#5005,#5006,#5007,#5008,#5009,#5010,#5011,#5012,
    #5013,#5014,#5015,#5016,#5017,#5018,#5019,#5020,#5021,#5022,#5023,
    #5024,#5025,#5026,#5027,#5028,#5029,#5030,#5031),.UNSPECIFIED.,.F.,
  .F.,(9,7,7,7,7,7,7,7,7,7,7,9),(0.,7.760410477807E-02,0.123779271262,
    0.190080538809,0.31801949291,0.432695459457,0.64883477291,
    0.747893494992,0.838214960114,0.885036364384,0.942958978824,1.),
  .UNSPECIFIED.);
#4953 = CARTESIAN_POINT('',(-6.28318530718,-4.036782392237));
#4954 = CARTESIAN_POINT('',(-6.256349879449,-4.036782392316));
#4955 = CARTESIAN_POINT('',(-6.229508705073,-4.045326113546));
#4956 = CARTESIAN_POINT('',(-6.202763690587,-4.062419209724));
#4957 = CARTESIAN_POINT('',(-6.176204964746,-4.08795633783));
#4958 = CARTESIAN_POINT('',(-6.149914177824,-4.12174969655));
#4959 = CARTESIAN_POINT('',(-6.123966975686,-4.163548065447));
#4960 = CARTESIAN_POINT('',(-6.098434648652,-4.213046344771));
#4961 = CARTESIAN_POINT('',(-6.05848015375,-4.303705480706));
#4962 = CARTESIAN_POINT('',(-6.043743575581,-4.340130463112));
#4963 = CARTESIAN_POINT('',(-6.029187601464,-4.379090986785));
#4964 = CARTESIAN_POINT('',(-6.014823468786,-4.420515142346));
#4965 = CARTESIAN_POINT('',(-6.000661388967,-4.464329646893));
#4966 = CARTESIAN_POINT('',(-5.986710664933,-4.510460823528));
#4967 = CARTESIAN_POINT('',(-5.972979808586,-4.558835580871));
#4968 = CARTESIAN_POINT('',(-5.940087968444,-4.681960748937));
#4969 = CARTESIAN_POINT('',(-5.921169515163,-4.759014401586));
#4970 = CARTESIAN_POINT('',(-5.902743119895,-4.840334529239));
#4971 = CARTESIAN_POINT('',(-5.884829104466,-4.92571559686));
#4972 = CARTESIAN_POINT('',(-5.867446319637,-5.014956056165));
#4973 = CARTESIAN_POINT('',(-5.850612173682,-5.107859046107));
#4974 = CARTESIAN_POINT('',(-5.834342660953,-5.20423309337));
#4975 = CARTESIAN_POINT('',(-5.788375491213,-5.496202262565));
#4976 = CARTESIAN_POINT('',(-5.760249452216,-5.700783424451));
#4977 = CARTESIAN_POINT('',(-5.734393046579,-5.916228471157));
#4978 = CARTESIAN_POINT('',(-5.710907438549,-6.141123250453));
#4979 = CARTESIAN_POINT('',(-5.689867783263,-6.374030232881));
#4980 = CARTESIAN_POINT('',(-5.671310617883,-6.613470319274));
#4981 = CARTESIAN_POINT('',(-5.655224606902,-6.857916428818));
#4982 = CARTESIAN_POINT('',(-5.629297172556,-7.328008695978));
#4983 = CARTESIAN_POINT('',(-5.61897831428,-7.553030110237));
#4984 = CARTESIAN_POINT('',(-5.610550356743,-7.779855523194));
#4985 = CARTESIAN_POINT('',(-5.603934263485,-8.007602726972));
#4986 = CARTESIAN_POINT('',(-5.599029528005,-8.235531679551));
#4987 = CARTESIAN_POINT('',(-5.595725554654,-8.463043376937));
#4988 = CARTESIAN_POINT('',(-5.593911071033,-8.689676821296));
#4989 = CARTESIAN_POINT('',(-5.592669013297,-9.339994474681));
#4990 = CARTESIAN_POINT('',(-5.596774842808,-9.76006309549));
#4991 = CARTESIAN_POINT('',(-5.605067226965,-10.17426402847));
#4992 = CARTESIAN_POINT('',(-5.616970374712,-10.58192788884));
#4993 = CARTESIAN_POINT('',(-5.632051838423,-10.98264257817));
#4994 = CARTESIAN_POINT('',(-5.650021320167,-11.37625306089));
#4995 = CARTESIAN_POINT('',(-5.670719912156,-11.76286928176));
#4996 = CARTESIAN_POINT('',(-5.704931609851,-12.31694968574));
#4997 = CARTESIAN_POINT('',(-5.716256715992,-12.48957245947));
#4998 = CARTESIAN_POINT('',(-5.728153759899,-12.66066982309));
#4999 = CARTESIAN_POINT('',(-5.740626992422,-12.8302026911));
#5000 = CARTESIAN_POINT('',(-5.753685977608,-12.99810927494));
#5001 = CARTESIAN_POINT('',(-5.767346360614,-13.16430459088));
#5002 = CARTESIAN_POINT('',(-5.781631643511,-13.328677905));
#5003 = CARTESIAN_POINT('',(-5.810202163063,-13.63917329031));
#5004 = CARTESIAN_POINT('',(-5.824373069314,-13.78559153198));
#5005 = CARTESIAN_POINT('',(-5.839116379167,-13.9302596849));
#5006 = CARTESIAN_POINT('',(-5.854464265686,-14.07303698664));
#5007 = CARTESIAN_POINT('',(-5.87045510119,-14.21372147261));
#5008 = CARTESIAN_POINT('',(-5.887134708096,-14.35204773862));
#5009 = CARTESIAN_POINT('',(-5.904560401114,-14.48767712125));
#5010 = CARTESIAN_POINT('',(-5.932271979094,-14.68885454264));
#5011 = CARTESIAN_POINT('',(-5.941953168807,-14.75668496759));
#5012 = CARTESIAN_POINT('',(-5.951865500965,-14.8236018961));
#5013 = CARTESIAN_POINT('',(-5.962020336131,-14.88952924196));
#5014 = CARTESIAN_POINT('',(-5.972429636531,-14.95437541167));
#5015 = CARTESIAN_POINT('',(-5.983106236076,-15.01803247084));
#5016 = CARTESIAN_POINT('',(-5.994064286431,-15.08037463199));
#5017 = CARTESIAN_POINT('',(-6.019244138009,-15.21657229541));
#5018 = CARTESIAN_POINT('',(-6.03361676746,-15.2896153102));
#5019 = CARTESIAN_POINT('',(-6.048473832192,-15.36014644117));
#5020 = CARTESIAN_POINT('',(-6.063846877203,-15.4278216614));
#5021 = CARTESIAN_POINT('',(-6.079762865514,-15.49219447228));
#5022 = CARTESIAN_POINT('',(-6.096243684117,-15.55272155284));
#5023 = CARTESIAN_POINT('',(-6.113305218106,-15.60877117088));
#5024 = CARTESIAN_POINT('',(-6.14833811973,-15.70972339271));
#5025 = CARTESIAN_POINT('',(-6.166306773339,-15.75482630907));
#5026 = CARTESIAN_POINT('',(-6.1848367217,-15.79415022697));
#5027 = CARTESIAN_POINT('',(-6.203879928676,-15.82685626245));
#5028 = CARTESIAN_POINT('',(-6.223362300578,-15.85212903373));
#5029 = CARTESIAN_POINT('',(-6.243178845863,-15.8692702151));
#5030 = CARTESIAN_POINT('',(-6.263185429972,-15.87783566603));
#5031 = CARTESIAN_POINT('',(-6.28318530718,-15.87783566603));
#5032 = ( GEOMETRIC_REPRESENTATION_CONTEXT(2) 
PARAMETRIC_REPRESENTATION_CONTEXT() REPRESENTATION_CONTEXT('2D SPACE',''
  ) );
#5033 = ORIENTED_EDGE('',*,*,#4485,.T.);
#5034 = ORIENTED_EDGE('',*,*,#1808,.T.);
#5035 = ADVANCED_FACE('',(#5036),#1883,.F.);
#5036 = FACE_BOUND('',#5037,.F.);
#5037 = EDGE_LOOP('',(#5038,#5061,#5291,#5543,#5544));
#5038 = ORIENTED_EDGE('',*,*,#5039,.F.);
#5039 = EDGE_CURVE('',#5040,#1867,#5042,.T.);
#5040 = VERTEX_POINT('',#5041);
#5041 = CARTESIAN_POINT('',(448.56365758444,-1.646804493118E-15,
    -7.947179172512));
#5042 = SEAM_CURVE('',#5043,(#5047,#5054),.PCURVE_S1.);
#5043 = LINE('',#5044,#5045);
#5044 = CARTESIAN_POINT('',(458.97272320062,-1.347111479062E-15,
    3.670220209045));
#5045 = VECTOR('',#5046,1.);
#5046 = DIRECTION('',(-0.667312765281,0.,-0.744777599887));
#5047 = PCURVE('',#1883,#5048);
#5048 = DEFINITIONAL_REPRESENTATION('',(#5049),#5053);
#5049 = LINE('',#5050,#5051);
#5050 = CARTESIAN_POINT('',(0.,-0.));
#5051 = VECTOR('',#5052,1.);
#5052 = DIRECTION('',(0.,1.));
#5053 = ( GEOMETRIC_REPRESENTATION_CONTEXT(2) 
PARAMETRIC_REPRESENTATION_CONTEXT() REPRESENTATION_CONTEXT('2D SPACE',''
  ) );
#5054 = PCURVE('',#1883,#5055);
#5055 = DEFINITIONAL_REPRESENTATION('',(#5056),#5060);
#5056 = LINE('',#5057,#5058);
#5057 = CARTESIAN_POINT('',(6.28318530718,-0.));
#5058 = VECTOR('',#5059,1.);
#5059 = DIRECTION('',(0.,1.));
#5060 = ( GEOMETRIC_REPRESENTATION_CONTEXT(2) 
PARAMETRIC_REPRESENTATION_CONTEXT() REPRESENTATION_CONTEXT('2D SPACE',''
  ) );
#5061 = ORIENTED_EDGE('',*,*,#5062,.F.);
#5062 = EDGE_CURVE('',#5063,#5040,#5065,.T.);
#5063 = VERTEX_POINT('',#5064);
#5064 = CARTESIAN_POINT('',(463.45715578321,-1.912603777907E-15,
    -7.808797521207));
#5065 = SURFACE_CURVE('',#5066,(#5139,#5215),.PCURVE_S1.);
#5066 = B_SPLINE_CURVE_WITH_KNOTS('',8,(#5067,#5068,#5069,#5070,#5071,
    #5072,#5073,#5074,#5075,#5076,#5077,#5078,#5079,#5080,#5081,#5082,
    #5083,#5084,#5085,#5086,#5087,#5088,#5089,#5090,#5091,#5092,#5093,
    #5094,#5095,#5096,#5097,#5098,#5099,#5100,#5101,#5102,#5103,#5104,
    #5105,#5106,#5107,#5108,#5109,#5110,#5111,#5112,#5113,#5114,#5115,
    #5116,#5117,#5118,#5119,#5120,#5121,#5122,#5123,#5124,#5125,#5126,
    #5127,#5128,#5129,#5130,#5131,#5132,#5133,#5134,#5135,#5136,#5137,
    #5138),.UNSPECIFIED.,.F.,.F.,(9,7,7,7,7,7,7,7,7,7,9),(0.,
    0.10579184685,0.200879746317,0.283291616927,0.472707368924,
    0.619166374952,0.740859538102,0.862787480559,0.941974707694,
    0.968966408855,1.),.UNSPECIFIED.);
#5067 = CARTESIAN_POINT('',(463.45715578321,3.367778697655E-16,
    -7.808797521207));
#5068 = CARTESIAN_POINT('',(463.45715578321,0.376501528997,
    -7.808797521207));
#5069 = CARTESIAN_POINT('',(463.43601871138,0.753233132827,
    -7.788247607727));
#5070 = CARTESIAN_POINT('',(463.3937028315,1.125741020874,
    -7.747103641899));
#5071 = CARTESIAN_POINT('',(463.33063049041,1.490149053013,
    -7.686389335319));
#5072 = CARTESIAN_POINT('',(463.24744019966,1.843061906419,
    -7.607917833127));
#5073 = CARTESIAN_POINT('',(463.14491933452,2.181532409967,
    -7.514149550356));
#5074 = CARTESIAN_POINT('',(463.0240566491,2.503071643792,
    -7.408077979052));
#5075 = CARTESIAN_POINT('',(462.76220388068,3.077671410284,
    -7.189632340326));
#5076 = CARTESIAN_POINT('',(462.62436403696,3.334640730184,
    -7.078878223414));
#5077 = CARTESIAN_POINT('',(462.47347485908,3.575212088989,
    -6.963119715867));
#5078 = CARTESIAN_POINT('',(462.31047146712,3.798466580385,
    -6.844846992401));
#5079 = CARTESIAN_POINT('',(462.13638106506,4.003890615849,
    -6.726569368949));
#5080 = CARTESIAN_POINT('',(461.95235846309,4.191358448051,
    -6.610651689222));
#5081 = CARTESIAN_POINT('',(461.75972257279,4.36111106612,
    -6.499152863644));
#5082 = CARTESIAN_POINT('',(461.38682164671,4.645934950323,
    -6.302320165494));
#5083 = CARTESIAN_POINT('',(461.20828477966,4.765314266925,
    -6.215455620495));
#5084 = CARTESIAN_POINT('',(461.0252747967,4.872198875929,
    -6.134167055343));
#5085 = CARTESIAN_POINT('',(460.83868363598,4.967212891072,
    -6.059211855584));
#5086 = CARTESIAN_POINT('',(460.64934327118,5.051124975574,
    -5.99103387377));
#5087 = CARTESIAN_POINT('',(460.45800528197,5.124763857779,
    -5.929804746197));
#5088 = CARTESIAN_POINT('',(460.26532452933,5.188959941379,
    -5.875491809771));
#5089 = CARTESIAN_POINT('',(459.62716112691,5.372192030248,
    -5.718579119323));
#5090 = CARTESIAN_POINT('',(459.17940884842,5.453880175411,
    -5.645126397291));
#5091 = CARTESIAN_POINT('',(458.73256540255,5.500457054016,
    -5.604450440327));
#5092 = CARTESIAN_POINT('',(458.28908857558,5.519614191361,
    -5.591124911042));
#5093 = CARTESIAN_POINT('',(457.85040323407,5.5165029225,-5.600171382347
    ));
#5094 = CARTESIAN_POINT('',(457.41697439104,5.494753508991,
    -5.627526124771));
#5095 = CARTESIAN_POINT('',(456.98831568088,5.456735177089,
    -5.670056641959));
#5096 = CARTESIAN_POINT('',(456.23411569141,5.362663465577,
    -5.768475570632));
#5097 = CARTESIAN_POINT('',(455.90783511675,5.312730244214,
    -5.819068715578));
#5098 = CARTESIAN_POINT('',(455.58397730339,5.254574245752,
    -5.876203586672));
#5099 = CARTESIAN_POINT('',(455.26243139184,5.188599029172,
    -5.93896773581));
#5100 = CARTESIAN_POINT('',(454.9431165891,5.115017896328,
    -6.006608783592));
#5101 = CARTESIAN_POINT('',(454.62596775658,5.033892521536,
    -6.078496737513));
#5102 = CARTESIAN_POINT('',(454.31092856,4.945133502473,-6.154100495106)
  );
#5103 = CARTESIAN_POINT('',(453.73789105781,4.768175032348,
    -6.298497948998));
#5104 = CARTESIAN_POINT('',(453.47929536506,4.682431236165,
    -6.366271369718));
#5105 = CARTESIAN_POINT('',(453.2221396028,4.591107846605,
    -6.436024427234));
#5106 = CARTESIAN_POINT('',(452.96643797217,4.493992890454,
    -6.507523119465));
#5107 = CARTESIAN_POINT('',(452.7122380208,4.390797523342,
    -6.580552522604));
#5108 = CARTESIAN_POINT('',(452.45961990069,4.281147049237,
    -6.654910140633));
#5109 = CARTESIAN_POINT('',(452.20869951953,4.164550509499,
    -6.730400133052));
#5110 = CARTESIAN_POINT('',(451.71009671646,3.915866182513,
    -6.883399082444));
#5111 = CARTESIAN_POINT('',(451.46256982151,3.783822276777,
    -6.96086612684));
#5112 = CARTESIAN_POINT('',(451.2170835132,3.64346602367,-7.039068108824
    ));
#5113 = CARTESIAN_POINT('',(450.97384421947,3.493899928514,
    -7.117808985823));
#5114 = CARTESIAN_POINT('',(450.73322936932,3.334071283116,
    -7.196846810586));
#5115 = CARTESIAN_POINT('',(450.49584954573,3.162533817822,
    -7.275864382674));
#5116 = CARTESIAN_POINT('',(450.26253022258,2.977501372343,
    -7.354470726411));
#5117 = CARTESIAN_POINT('',(449.88656021497,2.644660071939,
    -7.482508128603));
#5118 = CARTESIAN_POINT('',(449.74118348946,2.506880394496,
    -7.532375451409));
#5119 = CARTESIAN_POINT('',(449.59847733431,2.361261416012,
    -7.581656025845));
#5120 = CARTESIAN_POINT('',(449.45889527499,2.206603413104,
    -7.630162085131));
#5121 = CARTESIAN_POINT('',(449.32328624099,2.041684672553,
    -7.677565781338));
#5122 = CARTESIAN_POINT('',(449.19306119382,1.864945866171,
    -7.723333473218));
#5123 = CARTESIAN_POINT('',(449.07007089774,1.674719121504,
    -7.76676495096));
#5124 = CARTESIAN_POINT('',(448.91886516993,1.397211286101,-7.8203691128
    ));
#5125 = CARTESIAN_POINT('',(448.88165155697,1.324788745025,
    -7.833581515456));
#5126 = CARTESIAN_POINT('',(448.84578795325,1.250386022171,
    -7.846332684026));
#5127 = CARTESIAN_POINT('',(448.81143214094,1.173918980966,
    -7.858564090778));
#5128 = CARTESIAN_POINT('',(448.77877289607,1.095323621986,
    -7.870205909173));
#5129 = CARTESIAN_POINT('',(448.74802688929,1.014559834036,-7.8811780883
    ));
#5130 = CARTESIAN_POINT('',(448.71943359876,0.931617414617,
    -7.891392217883));
#5131 = CARTESIAN_POINT('',(448.66314172707,0.748688989641,
    -7.911518063583));
#5132 = CARTESIAN_POINT('',(448.63619530849,0.647936523408,
    -7.921163660173));
#5133 = CARTESIAN_POINT('',(448.61284728992,0.544438672533,
    -7.929530001679));
#5134 = CARTESIAN_POINT('',(448.5935428791,0.438471270925,
    -7.936453250171));
#5135 = CARTESIAN_POINT('',(448.57870176347,0.330427727721,
    -7.941778969216));
#5136 = CARTESIAN_POINT('',(448.56867019598,0.220838891615,
    -7.945379889488));
#5137 = CARTESIAN_POINT('',(448.56365758447,0.110399326724,
    -7.947179172507));
#5138 = CARTESIAN_POINT('',(448.56365758445,0.,-7.947179172512));
#5139 = PCURVE('',#1883,#5140);
#5140 = DEFINITIONAL_REPRESENTATION('',(#5141),#5214);
#5141 = B_SPLINE_CURVE_WITH_KNOTS('',8,(#5142,#5143,#5144,#5145,#5146,
    #5147,#5148,#5149,#5150,#5151,#5152,#5153,#5154,#5155,#5156,#5157,
    #5158,#5159,#5160,#5161,#5162,#5163,#5164,#5165,#5166,#5167,#5168,
    #5169,#5170,#5171,#5172,#5173,#5174,#5175,#5176,#5177,#5178,#5179,
    #5180,#5181,#5182,#5183,#5184,#5185,#5186,#5187,#5188,#5189,#5190,
    #5191,#5192,#5193,#5194,#5195,#5196,#5197,#5198,#5199,#5200,#5201,
    #5202,#5203,#5204,#5205,#5206,#5207,#5208,#5209,#5210,#5211,#5212,
    #5213),.UNSPECIFIED.,.F.,.F.,(9,7,7,7,7,7,7,7,7,7,9),(0.,
    0.10579184685,0.200879746317,0.283291616927,0.472707368924,
    0.619166374952,0.740859538102,0.862787480559,0.941974707694,
    0.968966408855,1.),.UNSPECIFIED.);
#5142 = CARTESIAN_POINT('',(3.14159265359,5.55679616679));
#5143 = CARTESIAN_POINT('',(3.073137830136,5.55679616679));
#5144 = CARTESIAN_POINT('',(3.004641244092,5.555596089404));
#5145 = CARTESIAN_POINT('',(2.936423420689,5.553190912102));
#5146 = CARTESIAN_POINT('',(2.868699077647,5.550061234918));
#5147 = CARTESIAN_POINT('',(2.801644843386,5.547131360817));
#5148 = CARTESIAN_POINT('',(2.7354300893,5.545708326248));
#5149 = CARTESIAN_POINT('',(2.670233004093,5.547361808781));
#5150 = CARTESIAN_POINT('',(2.548767408996,5.559406085255));
#5151 = CARTESIAN_POINT('',(2.492205431493,5.568901187162));
#5152 = CARTESIAN_POINT('',(2.436706943852,5.58337711829));
#5153 = CARTESIAN_POINT('',(2.382384498106,5.604064487412));
#5154 = CARTESIAN_POINT('',(2.329347544952,5.632146710501));
#5155 = CARTESIAN_POINT('',(2.277704356883,5.668614450605));
#5156 = CARTESIAN_POINT('',(2.227558721562,5.714121011553));
#5157 = CARTESIAN_POINT('',(2.136928453844,5.816365975204));
#5158 = CARTESIAN_POINT('',(2.096035884313,5.870811138321));
#5159 = CARTESIAN_POINT('',(2.056385938173,5.932394133665));
#5160 = CARTESIAN_POINT('',(2.018001799216,6.00108384333));
#5161 = CARTESIAN_POINT('',(1.980880804701,6.076655652082));
#5162 = CARTESIAN_POINT('',(1.944999994112,6.15873585209));
#5163 = CARTESIAN_POINT('',(1.910320554462,6.246863119519));
#5164 = CARTESIAN_POINT('',(1.799728819126,6.555852647305));
#5165 = CARTESIAN_POINT('',(1.728941139251,6.799937516399));
#5166 = CARTESIAN_POINT('',(1.663288799176,7.067827310322));
#5167 = CARTESIAN_POINT('',(1.601818784426,7.353840502325));
#5168 = CARTESIAN_POINT('',(1.543742752813,7.653318439866));
#5169 = CARTESIAN_POINT('',(1.488390833007,7.962924239053));
#5170 = CARTESIAN_POINT('',(1.43514278135,8.280649444807));
#5171 = CARTESIAN_POINT('',(1.343347058034,8.857236938837));
#5172 = CARTESIAN_POINT('',(1.304277126167,9.112648772435));
#5173 = CARTESIAN_POINT('',(1.265933095718,9.371315997589));
#5174 = CARTESIAN_POINT('',(1.228126821598,9.632633021346));
#5175 = CARTESIAN_POINT('',(1.190693647467,9.896093402576));
#5176 = CARTESIAN_POINT('',(1.153481269993,10.161271404793));
#5177 = CARTESIAN_POINT('',(1.116341556425,10.427809067357));
#5178 = CARTESIAN_POINT('',(1.048190907716,10.917748296692));
#5179 = CARTESIAN_POINT('',(1.017210341228,11.140788629132));
#5180 = CARTESIAN_POINT('',(0.986089348002,11.364342466718));
#5181 = CARTESIAN_POINT('',(0.954740781553,11.588226053334));
#5182 = CARTESIAN_POINT('',(0.923073475207,11.812247589407));
#5183 = CARTESIAN_POINT('',(0.890988542556,12.036202773985));
#5184 = CARTESIAN_POINT('',(0.85837271547,12.259868402771));
#5185 = CARTESIAN_POINT('',(0.791732077561,12.706542608381));
#5186 = CARTESIAN_POINT('',(0.757724374073,12.929416184529));
#5187 = CARTESIAN_POINT('',(0.722903437437,13.151475416208));
#5188 = CARTESIAN_POINT('',(0.68709472857,13.372436543325));
#5189 = CARTESIAN_POINT('',(0.65010536575,13.591867505765));
#5190 = CARTESIAN_POINT('',(0.611678979053,13.80912460996));
#5191 = CARTESIAN_POINT('',(0.571503425883,14.023365816709));
#5192 = CARTESIAN_POINT('',(0.501405029427,14.369614791251));
#5193 = CARTESIAN_POINT('',(0.472896763866,14.503766600948));
#5194 = CARTESIAN_POINT('',(0.443272834869,14.635699307909));
#5195 = CARTESIAN_POINT('',(0.412322304345,14.764970424317));
#5196 = CARTESIAN_POINT('',(0.379838205722,14.890769274879));
#5197 = CARTESIAN_POINT('',(0.34555466451,15.011756862928));
#5198 = CARTESIAN_POINT('',(0.309183994191,15.126176649256));
#5199 = CARTESIAN_POINT('',(0.256829328512,15.267001340605));
#5200 = CARTESIAN_POINT('',(0.243222138257,15.301674761116));
#5201 = CARTESIAN_POINT('',(0.229298224239,15.335103786415));
#5202 = CARTESIAN_POINT('',(0.215042395972,15.367139536291));
#5203 = CARTESIAN_POINT('',(0.200442882343,15.397604032858));
#5204 = CARTESIAN_POINT('',(0.185491763678,15.426293068902));
#5205 = CARTESIAN_POINT('',(0.170185817308,15.45298099159));
#5206 = CARTESIAN_POINT('',(0.13652501238,15.505534555204));
#5207 = CARTESIAN_POINT('',(0.118043180752,15.530700068579));
#5208 = CARTESIAN_POINT('',(9.911030288103E-02,15.552511563166));
#5209 = CARTESIAN_POINT('',(7.977138487889E-02,15.570549923324));
#5210 = CARTESIAN_POINT('',(6.00901115606E-02,15.584420065483));
#5211 = CARTESIAN_POINT('',(4.015251315343E-02,15.593796143283));
#5212 = CARTESIAN_POINT('',(2.007260498069E-02,15.598481188621));
#5213 = CARTESIAN_POINT('',(1.218056098185E-10,15.59848118864));
#5214 = ( GEOMETRIC_REPRESENTATION_CONTEXT(2) 
PARAMETRIC_REPRESENTATION_CONTEXT() REPRESENTATION_CONTEXT('2D SPACE',''
  ) );
#5215 = PCURVE('',#4690,#5216);
#5216 = DEFINITIONAL_REPRESENTATION('',(#5217),#5290);
#5217 = B_SPLINE_CURVE_WITH_KNOTS('',8,(#5218,#5219,#5220,#5221,#5222,
    #5223,#5224,#5225,#5226,#5227,#5228,#5229,#5230,#5231,#5232,#5233,
    #5234,#5235,#5236,#5237,#5238,#5239,#5240,#5241,#5242,#5243,#5244,
    #5245,#5246,#5247,#5248,#5249,#5250,#5251,#5252,#5253,#5254,#5255,
    #5256,#5257,#5258,#5259,#5260,#5261,#5262,#5263,#5264,#5265,#5266,
    #5267,#5268,#5269,#5270,#5271,#5272,#5273,#5274,#5275,#5276,#5277,
    #5278,#5279,#5280,#5281,#5282,#5283,#5284,#5285,#5286,#5287,#5288,
    #5289),.UNSPECIFIED.,.F.,.F.,(9,7,7,7,7,7,7,7,7,7,9),(0.,
    0.10579184685,0.200879746317,0.283291616927,0.472707368924,
    0.619166374952,0.740859538102,0.862787480559,0.941974707694,
    0.968966408855,1.),.UNSPECIFIED.);
#5218 = CARTESIAN_POINT('',(0.,-56.45382244988));
#5219 = CARTESIAN_POINT('',(-4.821504565513E-02,-56.45382244988));
#5220 = CARTESIAN_POINT('',(-9.645952672403E-02,-56.43268537805));
#5221 = CARTESIAN_POINT('',(-0.14432920657,-56.39036949817));
#5222 = CARTESIAN_POINT('',(-0.19149403519,-56.32729715707));
#5223 = CARTESIAN_POINT('',(-0.237656876162,-56.24410686633));
#5224 = CARTESIAN_POINT('',(-0.282529575573,-56.14158600118));
#5225 = CARTESIAN_POINT('',(-0.325823727068,-56.02072331577));
#5226 = CARTESIAN_POINT('',(-0.40449141225,-55.75887054735));
#5227 = CARTESIAN_POINT('',(-0.440260396962,-55.62103070363));
#5228 = CARTESIAN_POINT('',(-0.47436525736,-55.47014152574));
#5229 = CARTESIAN_POINT('',(-0.50663373647,-55.30713813378));
#5230 = CARTESIAN_POINT('',(-0.536911067519,-55.13304773173));
#5231 = CARTESIAN_POINT('',(-0.565068577504,-54.94902512976));
#5232 = CARTESIAN_POINT('',(-0.591016834129,-54.75638923945));
#5233 = CARTESIAN_POINT('',(-0.635251831075,-54.38348831337));
#5234 = CARTESIAN_POINT('',(-0.654104234918,-54.20495144632));
#5235 = CARTESIAN_POINT('',(-0.671245970088,-54.02194146337));
#5236 = CARTESIAN_POINT('',(-0.686691530141,-53.83535030265));
#5237 = CARTESIAN_POINT('',(-0.700487886927,-53.64600993785));
#5238 = CARTESIAN_POINT('',(-0.712705813243,-53.45467194864));
#5239 = CARTESIAN_POINT('',(-0.723431046407,-53.26199119599));
#5240 = CARTESIAN_POINT('',(-0.754190867292,-52.62382779357));
#5241 = CARTESIAN_POINT('',(-0.768176847763,-52.17607551509));
#5242 = CARTESIAN_POINT('',(-0.776041637731,-51.72923206921));
#5243 = CARTESIAN_POINT('',(-0.778962393362,-51.28575524225));
#5244 = CARTESIAN_POINT('',(-0.777868092914,-50.84706990073));
#5245 = CARTESIAN_POINT('',(-0.773454998286,-50.41364105771));
#5246 = CARTESIAN_POINT('',(-0.766224053608,-49.98498234755));
#5247 = CARTESIAN_POINT('',(-0.748953864362,-49.23078235808));
#5248 = CARTESIAN_POINT('',(-0.739937176216,-48.90450178342));
#5249 = CARTESIAN_POINT('',(-0.729598832096,-48.58064397006));
#5250 = CARTESIAN_POINT('',(-0.718055708168,-48.25909805851));
#5251 = CARTESIAN_POINT('',(-0.705391148592,-47.93978325577));
#5252 = CARTESIAN_POINT('',(-0.691661539228,-47.62263442325));
#5253 = CARTESIAN_POINT('',(-0.676897924525,-47.30759522667));
#5254 = CARTESIAN_POINT('',(-0.647982715654,-46.73455772448));
#5255 = CARTESIAN_POINT('',(-0.634151792062,-46.47596203173));
#5256 = CARTESIAN_POINT('',(-0.619615738744,-46.21880626946));
#5257 = CARTESIAN_POINT('',(-0.604367340583,-45.96310463883));
#5258 = CARTESIAN_POINT('',(-0.588388229979,-45.70890468747));
#5259 = CARTESIAN_POINT('',(-0.571648140324,-45.45628656736));
#5260 = CARTESIAN_POINT('',(-0.554101403689,-45.2053661862));
#5261 = CARTESIAN_POINT('',(-0.517219457999,-44.70676338313));
#5262 = CARTESIAN_POINT('',(-0.497891753422,-44.45923648817));
#5263 = CARTESIAN_POINT('',(-0.477617328482,-44.21375017986));
#5264 = CARTESIAN_POINT('',(-0.456298585557,-43.97051088614));
#5265 = CARTESIAN_POINT('',(-0.433819766629,-43.72989603598));
#5266 = CARTESIAN_POINT('',(-0.410017049815,-43.4925162124));
#5267 = CARTESIAN_POINT('',(-0.384685006354,-43.25919688924));
#5268 = CARTESIAN_POINT('',(-0.339736237017,-42.88322688163));
#5269 = CARTESIAN_POINT('',(-0.321274890547,-42.73785015613));
#5270 = CARTESIAN_POINT('',(-0.301912718646,-42.59514400098));
#5271 = CARTESIAN_POINT('',(-0.281504852283,-42.45556194166));
#5272 = CARTESIAN_POINT('',(-0.259906351678,-42.31995290765));
#5273 = CARTESIAN_POINT('',(-0.23693080521,-42.18972786048));
#5274 = CARTESIAN_POINT('',(-0.212377479654,-42.06673756441));
#5275 = CARTESIAN_POINT('',(-0.176797027245,-41.9155318366));
#5276 = CARTESIAN_POINT('',(-0.167530429617,-41.87831822364));
#5277 = CARTESIAN_POINT('',(-0.158029357887,-41.84245461991));
#5278 = CARTESIAN_POINT('',(-0.148283388912,-41.80809880761));
#5279 = CARTESIAN_POINT('',(-0.138284542009,-41.77543956274));
#5280 = CARTESIAN_POINT('',(-0.128027659801,-41.74469355596));
#5281 = CARTESIAN_POINT('',(-0.11751107277,-41.71610026543));
#5282 = CARTESIAN_POINT('',(-9.435073366483E-02,-41.65980839374));
#5283 = CARTESIAN_POINT('',(-8.161488790393E-02,-41.63286197516));
#5284 = CARTESIAN_POINT('',(-6.855060222443E-02,-41.60951395658));
#5285 = CARTESIAN_POINT('',(-5.519085318647E-02,-41.59020954577));
#5286 = CARTESIAN_POINT('',(-4.158240626128E-02,-41.57536843014));
#5287 = CARTESIAN_POINT('',(-2.778833239688E-02,-41.56533686265));
#5288 = CARTESIAN_POINT('',(-1.389163680942E-02,-41.56032425113));
#5289 = CARTESIAN_POINT('',(0.,-41.56032425111));
#5290 = ( GEOMETRIC_REPRESENTATION_CONTEXT(2) 
PARAMETRIC_REPRESENTATION_CONTEXT() REPRESENTATION_CONTEXT('2D SPACE',''
  ) );
#5291 = ORIENTED_EDGE('',*,*,#5292,.F.);
#5292 = EDGE_CURVE('',#5040,#5063,#5293,.T.);
#5293 = SURFACE_CURVE('',#5294,(#5375,#5459),.PCURVE_S1.);
#5294 = B_SPLINE_CURVE_WITH_KNOTS('',7,(#5295,#5296,#5297,#5298,#5299,
    #5300,#5301,#5302,#5303,#5304,#5305,#5306,#5307,#5308,#5309,#5310,
    #5311,#5312,#5313,#5314,#5315,#5316,#5317,#5318,#5319,#5320,#5321,
    #5322,#5323,#5324,#5325,#5326,#5327,#5328,#5329,#5330,#5331,#5332,
    #5333,#5334,#5335,#5336,#5337,#5338,#5339,#5340,#5341,#5342,#5343,
    #5344,#5345,#5346,#5347,#5348,#5349,#5350,#5351,#5352,#5353,#5354,
    #5355,#5356,#5357,#5358,#5359,#5360,#5361,#5362,#5363,#5364,#5365,
    #5366,#5367,#5368,#5369,#5370,#5371,#5372,#5373,#5374),
  .UNSPECIFIED.,.F.,.F.,(8,6,6,6,6,6,6,6,6,6,6,6,6,8),(0.,
    2.737427370262E-02,4.762366019882E-02,8.26710130812E-02,
    0.128394839013,0.184353003109,0.282503203292,0.38095355028,
    0.518663052814,0.657145148464,0.760257653453,0.854655300392,
    0.91824587904,1.),.UNSPECIFIED.);
#5295 = CARTESIAN_POINT('',(448.56365758445,-8.881784197001E-16,
    -7.947179172512));
#5296 = CARTESIAN_POINT('',(448.56365758448,-0.111300917304,
    -7.947179172505));
#5297 = CARTESIAN_POINT('',(448.56885849764,-0.222645630892,
    -7.945312291173));
#5298 = CARTESIAN_POINT('',(448.57926785423,-0.333066196871,
    -7.94157577114));
#5299 = CARTESIAN_POINT('',(448.59463426835,-0.441817997038,
    -7.936061837932));
#5300 = CARTESIAN_POINT('',(448.61455423454,-0.548339692891,
    -7.928918867284));
#5301 = CARTESIAN_POINT('',(448.63855303307,-0.652223071985,
    -7.920321582473));
#5302 = CARTESIAN_POINT('',(448.68654627524,-0.827882431325,
    -7.903148251085));
#5303 = CARTESIAN_POINT('',(448.70892685616,-0.901016013766,
    -7.89514523294));
#5304 = CARTESIAN_POINT('',(448.73309979488,-0.972532648717,
    -7.886508169913));
#5305 = CARTESIAN_POINT('',(448.75889018508,-1.042408301466,
    -7.877301533628));
#5306 = CARTESIAN_POINT('',(448.78613580504,-1.110649974913,
    -7.867585176479));
#5307 = CARTESIAN_POINT('',(448.81469301679,-1.177289896648,
    -7.857412183446));
#5308 = CARTESIAN_POINT('',(448.89593293736,-1.355036231143,
    -7.82850555964));
#5309 = CARTESIAN_POINT('',(448.95096941181,-1.462994990299,
    -7.808958031001));
#5310 = CARTESIAN_POINT('',(449.00894197073,-1.566574127868,
    -7.788410489017));
#5311 = CARTESIAN_POINT('',(449.06935847804,-1.666066252567,
    -7.767045963799));
#5312 = CARTESIAN_POINT('',(449.13183072377,-1.761760584991,
    -7.745009168867));
#5313 = CARTESIAN_POINT('',(449.19606779878,-1.853953749231,
    -7.722409256877));
#5314 = CARTESIAN_POINT('',(449.34773342297,-2.059055349477,
    -7.669197817127));
#5315 = CARTESIAN_POINT('',(449.43621121027,-2.169646267353,
    -7.638262062232));
#5316 = CARTESIAN_POINT('',(449.52683256735,-2.275347345025,
    -7.606694729542));
#5317 = CARTESIAN_POINT('',(449.61923931129,-2.3766264563,
    -7.574633311759));
#5318 = CARTESIAN_POINT('',(449.71316037053,-2.47387318856,
    -7.542183188898));
#5319 = CARTESIAN_POINT('',(449.80839583154,-2.567438891843,
    -7.509423994933));
#5320 = CARTESIAN_POINT('',(450.02282102552,-2.768025332751,
    -7.436007143807));
#5321 = CARTESIAN_POINT('',(450.14256405371,-2.873336514456,
    -7.395235515751));
#5322 = CARTESIAN_POINT('',(450.26377394597,-2.974121868403,
    -7.354208000095));
#5323 = CARTESIAN_POINT('',(450.38624387892,-3.070795920012,
    -7.313013166633));
#5324 = CARTESIAN_POINT('',(450.50981541367,-3.163696761768,
    -7.271722230047));
#5325 = CARTESIAN_POINT('',(450.63436945151,-3.253117998383,
    -7.230392872752));
#5326 = CARTESIAN_POINT('',(450.97987449029,-3.490497908859,
    -7.116590597487));
#5327 = CARTESIAN_POINT('',(451.20264691359,-3.63172266064,
    -7.044148611132));
#5328 = CARTESIAN_POINT('',(451.42767514422,-3.76434652714,
    -6.971998029297));
#5329 = CARTESIAN_POINT('',(451.6546399707,-3.889258925882,
    -6.900344818916));
#5330 = CARTESIAN_POINT('',(451.88331191154,-4.007166109192,
    -6.829371506464));
#5331 = CARTESIAN_POINT('',(452.11354711641,-4.118619540715,
    -6.759242585278));
#5332 = CARTESIAN_POINT('',(452.5777167209,-4.329845004825,
    -6.620776456247));
#5333 = CARTESIAN_POINT('',(452.81162973682,-4.429566341441,
    -6.552454506683));
#5334 = CARTESIAN_POINT('',(453.04692079119,-4.523679566201,
    -6.485315326144));
#5335 = CARTESIAN_POINT('',(453.28352411953,-4.612508369195,
    -6.419530403692));
#5336 = CARTESIAN_POINT('',(453.52139938708,-4.696295163834,
    -6.355281868843));
#5337 = CARTESIAN_POINT('',(453.76053075695,-4.775220606711,
    -6.292768986058));
#5338 = CARTESIAN_POINT('',(454.33719276967,-4.953167389481,
    -6.147516316135));
#5339 = CARTESIAN_POINT('',(454.67589021463,-5.047637576379,
    -6.06666313166));
#5340 = CARTESIAN_POINT('',(455.01708085228,-5.133154488561,
    -5.990259983129));
#5341 = CARTESIAN_POINT('',(455.36083755214,-5.209789647268,
    -5.91903633981));
#5342 = CARTESIAN_POINT('',(455.7072500907,-5.277401499277,
    -5.853874604324));
#5343 = CARTESIAN_POINT('',(456.05644827621,-5.335589725987,
    -5.795875559438));
#5344 = CARTESIAN_POINT('',(456.76281831983,-5.431774558082,
    -5.696771809254));
#5345 = CARTESIAN_POINT('',(457.11978827643,-5.46962357491,
    -5.655797320755));
#5346 = CARTESIAN_POINT('',(457.48000018496,-5.496326736106,
    -5.624932178619));
#5347 = CARTESIAN_POINT('',(457.84360610341,-5.510604262826,
    -5.605994019537));
#5348 = CARTESIAN_POINT('',(458.21046906817,-5.51056054435,
    -5.601244385506));
#5349 = CARTESIAN_POINT('',(458.58018577716,-5.493479780404,
    -5.613488061501));
#5350 = CARTESIAN_POINT('',(459.22888649539,-5.426543586499,
    -5.669782699844));
#5351 = CARTESIAN_POINT('',(459.50678614465,-5.386187632537,
    -5.70489834172));
#5352 = CARTESIAN_POINT('',(459.78531846717,-5.332321061592,
    -5.752328191078));
#5353 = CARTESIAN_POINT('',(460.06358075963,-5.262817435602,
    -5.813286432178));
#5354 = CARTESIAN_POINT('',(460.34016451831,-5.17517588241,
    -5.888780268467));
#5355 = CARTESIAN_POINT('',(460.61314180059,-5.066581110914,
    -5.97901968538));
#5356 = CARTESIAN_POINT('',(461.12453158057,-4.81373905556,
    -6.178012122968));
#5357 = CARTESIAN_POINT('',(461.3639820483,-4.673247629569,
    -6.284582349892));
#5358 = CARTESIAN_POINT('',(461.59624751982,-4.511398419591,
    -6.401637151764));
#5359 = CARTESIAN_POINT('',(461.81910186284,-4.326770689855,
    -6.527298896359));
#5360 = CARTESIAN_POINT('',(462.03044535015,-4.11850995247,
    -6.658655294127));
#5361 = CARTESIAN_POINT('',(462.22832510407,-3.886582350827,
    -6.792080684153));
#5362 = CARTESIAN_POINT('',(462.53398996748,-3.460548518749,
    -7.012362053282));
#5363 = CARTESIAN_POINT('',(462.65014108451,-3.278747262163,
    -7.100233315724));
#5364 = CARTESIAN_POINT('',(462.75890369342,-3.086869817432,
    -7.186157014219));
#5365 = CARTESIAN_POINT('',(462.85983149033,-2.885306923526,
    -7.268951516915));
#5366 = CARTESIAN_POINT('',(462.95252027321,-2.674593888781,
    -7.347459256789));
#5367 = CARTESIAN_POINT('',(463.03659891368,-2.455417407693,
    -7.420591436402));
#5368 = CARTESIAN_POINT('',(463.20832508267,-1.937064190121,
    -7.573215550907));
#5369 = CARTESIAN_POINT('',(463.29017551119,-1.632789478597,
    -7.64859622196));
#5370 = CARTESIAN_POINT('',(463.35648855725,-1.317770018706,
    -7.711354045374));
#5371 = CARTESIAN_POINT('',(463.40669028935,-0.994275226898,
    -7.759732565517));
#5372 = CARTESIAN_POINT('',(463.44033987029,-0.664859974512,
    -7.79244819094));
#5373 = CARTESIAN_POINT('',(463.45715578312,-0.332373955454,
    -7.808797521178));
#5374 = CARTESIAN_POINT('',(463.45715578321,0.,-7.808797521207));
#5375 = PCURVE('',#1883,#5376);
#5376 = DEFINITIONAL_REPRESENTATION('',(#5377),#5458);
#5377 = B_SPLINE_CURVE_WITH_KNOTS('',7,(#5378,#5379,#5380,#5381,#5382,
    #5383,#5384,#5385,#5386,#5387,#5388,#5389,#5390,#5391,#5392,#5393,
    #5394,#5395,#5396,#5397,#5398,#5399,#5400,#5401,#5402,#5403,#5404,
    #5405,#5406,#5407,#5408,#5409,#5410,#5411,#5412,#5413,#5414,#5415,
    #5416,#5417,#5418,#5419,#5420,#5421,#5422,#5423,#5424,#5425,#5426,
    #5427,#5428,#5429,#5430,#5431,#5432,#5433,#5434,#5435,#5436,#5437,
    #5438,#5439,#5440,#5441,#5442,#5443,#5444,#5445,#5446,#5447,#5448,
    #5449,#5450,#5451,#5452,#5453,#5454,#5455,#5456,#5457),
  .UNSPECIFIED.,.F.,.F.,(8,6,6,6,6,6,6,6,6,6,6,6,6,8),(0.,
    2.737427370262E-02,4.762366019882E-02,8.26710130812E-02,
    0.128394839013,0.184353003109,0.282503203292,0.38095355028,
    0.518663052814,0.657145148464,0.760257653453,0.854655300392,
    0.91824587904,1.),.UNSPECIFIED.);
#5378 = CARTESIAN_POINT('',(6.283185307014,15.598481188639));
#5379 = CARTESIAN_POINT('',(6.262948776595,15.598481188614));
#5380 = CARTESIAN_POINT('',(6.242704289673,15.593620141473));
#5381 = CARTESIAN_POINT('',(6.22261426683,15.583890968518));
#5382 = CARTESIAN_POINT('',(6.202800582023,15.569530110276));
#5383 = CARTESIAN_POINT('',(6.183354331438,15.550917338021));
#5384 = CARTESIAN_POINT('',(6.164342207234,15.528499568265));
#5385 = CARTESIAN_POINT('',(6.132100384305,15.483682752584));
#5386 = CARTESIAN_POINT('',(6.118646593624,15.462787436595));
#5387 = CARTESIAN_POINT('',(6.1054570936,15.440223834939));
#5388 = CARTESIAN_POINT('',(6.092534917882,15.416156681864));
#5389 = CARTESIAN_POINT('',(6.079878014403,15.390738806708));
#5390 = CARTESIAN_POINT('',(6.067480115455,15.364105597437));
#5391 = CARTESIAN_POINT('',(6.034305141818,15.288364155486));
#5392 = CARTESIAN_POINT('',(6.014035873051,15.237079052066));
#5393 = CARTESIAN_POINT('',(5.994464750159,15.183089874464));
#5394 = CARTESIAN_POINT('',(5.975539661956,15.126861348088));
#5395 = CARTESIAN_POINT('',(5.957210124913,15.068760309793));
#5396 = CARTESIAN_POINT('',(5.939424262914,15.009062181429));
#5397 = CARTESIAN_POINT('',(5.899562960196,14.868223085965));
#5398 = CARTESIAN_POINT('',(5.877845405295,14.786140471777));
#5399 = CARTESIAN_POINT('',(5.856865412948,14.702157041118));
#5400 = CARTESIAN_POINT('',(5.836542019134,14.616614215499));
#5401 = CARTESIAN_POINT('',(5.816808238334,14.52977136912));
#5402 = CARTESIAN_POINT('',(5.797603196239,14.441821216424));
#5403 = CARTESIAN_POINT('',(5.755946997033,14.244053321112));
#5404 = CARTESIAN_POINT('',(5.733738423873,14.133781474561));
#5405 = CARTESIAN_POINT('',(5.712149677766,14.022340191535));
#5406 = CARTESIAN_POINT('',(5.69110880942,13.909933452724));
#5407 = CARTESIAN_POINT('',(5.670556961198,13.79672002551));
#5408 = CARTESIAN_POINT('',(5.650442343849,13.682822346566));
#5409 = CARTESIAN_POINT('',(5.596124970199,13.367505038279));
#5410 = CARTESIAN_POINT('',(5.562743016116,13.164892987734));
#5411 = CARTESIAN_POINT('',(5.530329156476,12.960992639719));
#5412 = CARTESIAN_POINT('',(5.498719346581,12.756170407685));
#5413 = CARTESIAN_POINT('',(5.467777686583,12.5507153692));
#5414 = CARTESIAN_POINT('',(5.437390161211,12.344846028367));
#5415 = CARTESIAN_POINT('',(5.377423625047,11.931973254789));
#5416 = CARTESIAN_POINT('',(5.347851318746,11.724995455683));
#5417 = CARTESIAN_POINT('',(5.318634342265,11.517978973804));
#5418 = CARTESIAN_POINT('',(5.289687493685,11.311095415842));
#5419 = CARTESIAN_POINT('',(5.260933923144,11.104507343682));
#5420 = CARTESIAN_POINT('',(5.232299807158,10.89837373319));
#5421 = CARTESIAN_POINT('',(5.163723121895,10.405378875963));
#5422 = CARTESIAN_POINT('',(5.123829672961,10.119144106701));
#5423 = CARTESIAN_POINT('',(5.083826634589,9.83455988521));
#5424 = CARTESIAN_POINT('',(5.043517341513,9.552120877119));
#5425 = CARTESIAN_POINT('',(5.002697979848,9.272424367125));
#5426 = CARTESIAN_POINT('',(4.96113514803,8.996203570878));
#5427 = CARTESIAN_POINT('',(4.875697919417,8.451023570552));
#5428 = CARTESIAN_POINT('',(4.83184025065,8.182296080492));
#5429 = CARTESIAN_POINT('',(4.786638308047,7.918934409242));
#5430 = CARTESIAN_POINT('',(4.73974932831,7.662190821664));
#5431 = CARTESIAN_POINT('',(4.690779754875,7.413841061135));
#5432 = CARTESIAN_POINT('',(4.639254075468,7.176243197309));
#5433 = CARTESIAN_POINT('',(4.543801607948,6.785283912823));
#5434 = CARTESIAN_POINT('',(4.501315830526,6.625991272875));
#5435 = CARTESIAN_POINT('',(4.45683988111,6.475447787882));
#5436 = CARTESIAN_POINT('',(4.410145227442,6.335160140527));
#5437 = CARTESIAN_POINT('',(4.361024488907,6.20681838589));
#5438 = CARTESIAN_POINT('',(4.309316746847,6.091865457135));
#5439 = CARTESIAN_POINT('',(4.205222447935,5.898813638984));
#5440 = CARTESIAN_POINT('',(4.153249021428,5.818396403045));
#5441 = CARTESIAN_POINT('',(4.099091154361,5.750582483364));
#5442 = CARTESIAN_POINT('',(4.042827519198,5.695458987999));
#5443 = CARTESIAN_POINT('',(3.984586692578,5.652258083718));
#5444 = CARTESIAN_POINT('',(3.924535103954,5.619582639686));
#5445 = CARTESIAN_POINT('',(3.82138366525,5.579669203829));
#5446 = CARTESIAN_POINT('',(3.779134420031,5.567604628678));
#5447 = CARTESIAN_POINT('',(3.736209228045,5.559019997305));
#5448 = CARTESIAN_POINT('',(3.692660734026,5.553333081055));
#5449 = CARTESIAN_POINT('',(3.648539932512,5.549951479119));
#5450 = CARTESIAN_POINT('',(3.603898934379,5.54831193825));
#5451 = CARTESIAN_POINT('',(3.500810558308,5.54738789524));
#5452 = CARTESIAN_POINT('',(3.442036173172,5.548909894706));
#5453 = CARTESIAN_POINT('',(3.382629696236,5.551398973663));
#5454 = CARTESIAN_POINT('',(3.322730829933,5.553929955115));
#5455 = CARTESIAN_POINT('',(3.262476137464,5.555841025188));
#5456 = CARTESIAN_POINT('',(3.202024282105,5.556796166826));
#5457 = CARTESIAN_POINT('',(3.141592653841,5.55679616679));
#5458 = ( GEOMETRIC_REPRESENTATION_CONTEXT(2) 
PARAMETRIC_REPRESENTATION_CONTEXT() REPRESENTATION_CONTEXT('2D SPACE',''
  ) );
#5459 = PCURVE('',#4690,#5460);
#5460 = DEFINITIONAL_REPRESENTATION('',(#5461),#5542);
#5461 = B_SPLINE_CURVE_WITH_KNOTS('',7,(#5462,#5463,#5464,#5465,#5466,
    #5467,#5468,#5469,#5470,#5471,#5472,#5473,#5474,#5475,#5476,#5477,
    #5478,#5479,#5480,#5481,#5482,#5483,#5484,#5485,#5486,#5487,#5488,
    #5489,#5490,#5491,#5492,#5493,#5494,#5495,#5496,#5497,#5498,#5499,
    #5500,#5501,#5502,#5503,#5504,#5505,#5506,#5507,#5508,#5509,#5510,
    #5511,#5512,#5513,#5514,#5515,#5516,#5517,#5518,#5519,#5520,#5521,
    #5522,#5523,#5524,#5525,#5526,#5527,#5528,#5529,#5530,#5531,#5532,
    #5533,#5534,#5535,#5536,#5537,#5538,#5539,#5540,#5541),
  .UNSPECIFIED.,.F.,.F.,(8,6,6,6,6,6,6,6,6,6,6,6,6,8),(0.,
    2.737427370262E-02,4.762366019882E-02,8.26710130812E-02,
    0.128394839013,0.184353003109,0.282503203292,0.38095355028,
    0.518663052814,0.657145148464,0.760257653453,0.854655300392,
    0.91824587904,1.),.UNSPECIFIED.);
#5462 = CARTESIAN_POINT('',(-6.28318530718,-41.56032425111));
#5463 = CARTESIAN_POINT('',(-6.269180222496,-41.56032425114));
#5464 = CARTESIAN_POINT('',(-6.255169628918,-41.56552516431));
#5465 = CARTESIAN_POINT('',(-6.241270468344,-41.5759345209));
#5466 = CARTESIAN_POINT('',(-6.227571598719,-41.59130093502));
#5467 = CARTESIAN_POINT('',(-6.214139768953,-41.61122090121));
#5468 = CARTESIAN_POINT('',(-6.20102374411,-41.63521969973));
#5469 = CARTESIAN_POINT('',(-6.178812413449,-41.68321294191));
#5470 = CARTESIAN_POINT('',(-6.169554303099,-41.70559352283));
#5471 = CARTESIAN_POINT('',(-6.16048921833,-41.72976646155));
#5472 = CARTESIAN_POINT('',(-6.151619767986,-41.75555685175));
#5473 = CARTESIAN_POINT('',(-6.142944863456,-41.78280247171));
#5474 = CARTESIAN_POINT('',(-6.134460380906,-41.81135968345));
#5475 = CARTESIAN_POINT('',(-6.111793335693,-41.89259960403));
#5476 = CARTESIAN_POINT('',(-6.097984730946,-41.94763607848));
#5477 = CARTESIAN_POINT('',(-6.084693966773,-42.00560863739));
#5478 = CARTESIAN_POINT('',(-6.071885075519,-42.0660251447));
#5479 = CARTESIAN_POINT('',(-6.059522883053,-42.12849739044));
#5480 = CARTESIAN_POINT('',(-6.047571268383,-42.19273446544));
#5481 = CARTESIAN_POINT('',(-6.020887561856,-42.34440008964));
#5482 = CARTESIAN_POINT('',(-6.006426995131,-42.43287787694));
#5483 = CARTESIAN_POINT('',(-5.992534971867,-42.52349923401));
#5484 = CARTESIAN_POINT('',(-5.979155177656,-42.61590597796));
#5485 = CARTESIAN_POINT('',(-5.966241056498,-42.7098270372));
#5486 = CARTESIAN_POINT('',(-5.953750580832,-42.80506249821));
#5487 = CARTESIAN_POINT('',(-5.926832081945,-43.01948769219));
#5488 = CARTESIAN_POINT('',(-5.912600660115,-43.13923072038));
#5489 = CARTESIAN_POINT('',(-5.898886015601,-43.26044061264));
#5490 = CARTESIAN_POINT('',(-5.885639382041,-43.38291054559));
#5491 = CARTESIAN_POINT('',(-5.872821390126,-43.50648208034));
#5492 = CARTESIAN_POINT('',(-5.860398009425,-43.63103611817));
#5493 = CARTESIAN_POINT('',(-5.827190337612,-43.97654115696));
#5494 = CARTESIAN_POINT('',(-5.807169547886,-44.19931358025));
#5495 = CARTESIAN_POINT('',(-5.788121089118,-44.42434181088));
#5496 = CARTESIAN_POINT('',(-5.769946823572,-44.65130663736));
#5497 = CARTESIAN_POINT('',(-5.752571308878,-44.8799785782));
#5498 = CARTESIAN_POINT('',(-5.735938317186,-45.11021378308));
#5499 = CARTESIAN_POINT('',(-5.704021382299,-45.57438338757));
#5500 = CARTESIAN_POINT('',(-5.688743825271,-45.80829640349));
#5501 = CARTESIAN_POINT('',(-5.674129276727,-46.04358745786));
#5502 = CARTESIAN_POINT('',(-5.660151299385,-46.2801907862));
#5503 = CARTESIAN_POINT('',(-5.646794608474,-46.51806605375));
#5504 = CARTESIAN_POINT('',(-5.634052992183,-46.75719742361));
#5505 = CARTESIAN_POINT('',(-5.604972296547,-47.33385943634));
#5506 = CARTESIAN_POINT('',(-5.589227125633,-47.67255688129));
#5507 = CARTESIAN_POINT('',(-5.574701091348,-48.01374751895));
#5508 = CARTESIAN_POINT('',(-5.561442670092,-48.35750421881));
#5509 = CARTESIAN_POINT('',(-5.549537532824,-48.70391675737));
#5510 = CARTESIAN_POINT('',(-5.539117428366,-49.05311494287));
#5511 = CARTESIAN_POINT('',(-5.521598477667,-49.7594849865));
#5512 = CARTESIAN_POINT('',(-5.514524496843,-50.1164549431));
#5513 = CARTESIAN_POINT('',(-5.509354534566,-50.47666685163));
#5514 = CARTESIAN_POINT('',(-5.506368994379,-50.84027277007));
#5515 = CARTESIAN_POINT('',(-5.505946794586,-51.20713573484));
#5516 = CARTESIAN_POINT('',(-5.508588609284,-51.57685244383));
#5517 = CARTESIAN_POINT('',(-5.519702803091,-52.22555316205));
#5518 = CARTESIAN_POINT('',(-5.526511249922,-52.50345281132));
#5519 = CARTESIAN_POINT('',(-5.535653856749,-52.78198513384));
#5520 = CARTESIAN_POINT('',(-5.547437420693,-53.0602474263));
#5521 = CARTESIAN_POINT('',(-5.562187332538,-53.33683118498));
#5522 = CARTESIAN_POINT('',(-5.580196454054,-53.60980846726));
#5523 = CARTESIAN_POINT('',(-5.621270344573,-54.12119824724));
#5524 = CARTESIAN_POINT('',(-5.643784593354,-54.36064871496));
#5525 = CARTESIAN_POINT('',(-5.669288337054,-54.59291418648));
#5526 = CARTESIAN_POINT('',(-5.697802892187,-54.81576852951));
#5527 = CARTESIAN_POINT('',(-5.729238579996,-55.02711201682));
#5528 = CARTESIAN_POINT('',(-5.763416449553,-55.22499177073));
#5529 = CARTESIAN_POINT('',(-5.82475859421,-55.53065663415));
#5530 = CARTESIAN_POINT('',(-5.850579347951,-55.64680775118));
#5531 = CARTESIAN_POINT('',(-5.877458512567,-55.75557036009));
#5532 = CARTESIAN_POINT('',(-5.905315837202,-55.856498157));
#5533 = CARTESIAN_POINT('',(-5.934066452716,-55.94918693988));
#5534 = CARTESIAN_POINT('',(-5.96362125213,-56.03326558035));
#5535 = CARTESIAN_POINT('',(-6.032790832766,-56.20499174933));
#5536 = CARTESIAN_POINT('',(-6.072885036499,-56.28684217786));
#5537 = CARTESIAN_POINT('',(-6.11394095378,-56.35315522391));
#5538 = CARTESIAN_POINT('',(-6.155735329295,-56.40335695601));
#5539 = CARTESIAN_POINT('',(-6.198042889595,-56.43700653696));
#5540 = CARTESIAN_POINT('',(-6.240621269048,-56.45382244979));
#5541 = CARTESIAN_POINT('',(-6.28318530718,-56.45382244988));
#5542 = ( GEOMETRIC_REPRESENTATION_CONTEXT(2) 
PARAMETRIC_REPRESENTATION_CONTEXT() REPRESENTATION_CONTEXT('2D SPACE',''
  ) );
#5543 = ORIENTED_EDGE('',*,*,#5039,.T.);
#5544 = ORIENTED_EDGE('',*,*,#1866,.T.);
#5545 = ADVANCED_FACE('',(#5546),#2099,.F.);
#5546 = FACE_BOUND('',#5547,.F.);
#5547 = EDGE_LOOP('',(#5548,#5569,#5570,#5571,#5572,#5593,#5594,#5615,
    #5616,#5637,#5638,#5639,#5640,#5641));
#5548 = ORIENTED_EDGE('',*,*,#5549,.F.);
#5549 = EDGE_CURVE('',#2062,#2333,#5550,.T.);
#5550 = SEAM_CURVE('',#5551,(#5555,#5562),.PCURVE_S1.);
#5551 = LINE('',#5552,#5553);
#5552 = CARTESIAN_POINT('',(263.50166666666,-2.367650478352E-15,
    -9.666666666667));
#5553 = VECTOR('',#5554,1.);
#5554 = DIRECTION('',(0.999956837612,2.275641751834E-18,
    9.291012532831E-03));
#5555 = PCURVE('',#2099,#5556);
#5556 = DEFINITIONAL_REPRESENTATION('',(#5557),#5561);
#5557 = LINE('',#5558,#5559);
#5558 = CARTESIAN_POINT('',(-0.,-6.601376519582E-17));
#5559 = VECTOR('',#5560,1.);
#5560 = DIRECTION('',(-0.,-1.));
#5561 = ( GEOMETRIC_REPRESENTATION_CONTEXT(2) 
PARAMETRIC_REPRESENTATION_CONTEXT() REPRESENTATION_CONTEXT('2D SPACE',''
  ) );
#5562 = PCURVE('',#2099,#5563);
#5563 = DEFINITIONAL_REPRESENTATION('',(#5564),#5568);
#5564 = LINE('',#5565,#5566);
#5565 = CARTESIAN_POINT('',(-6.28318530718,-6.601376519582E-17));
#5566 = VECTOR('',#5567,1.);
#5567 = DIRECTION('',(-0.,-1.));
#5568 = ( GEOMETRIC_REPRESENTATION_CONTEXT(2) 
PARAMETRIC_REPRESENTATION_CONTEXT() REPRESENTATION_CONTEXT('2D SPACE',''
  ) );
#5569 = ORIENTED_EDGE('',*,*,#2084,.T.);
#5570 = ORIENTED_EDGE('',*,*,#5549,.T.);
#5571 = ORIENTED_EDGE('',*,*,#2332,.T.);
#5572 = ORIENTED_EDGE('',*,*,#5573,.T.);
#5573 = EDGE_CURVE('',#2335,#2969,#5574,.T.);
#5574 = SEAM_CURVE('',#5575,(#5579,#5586),.PCURVE_S1.);
#5575 = LINE('',#5576,#5577);
#5576 = CARTESIAN_POINT('',(263.50166666666,-2.367650478352E-15,
    -9.666666666667));
#5577 = VECTOR('',#5578,1.);
#5578 = DIRECTION('',(0.999956837612,2.275641751834E-18,
    9.291012532831E-03));
#5579 = PCURVE('',#2099,#5580);
#5580 = DEFINITIONAL_REPRESENTATION('',(#5581),#5585);
#5581 = LINE('',#5582,#5583);
#5582 = CARTESIAN_POINT('',(-0.,-6.601376519582E-17));
#5583 = VECTOR('',#5584,1.);
#5584 = DIRECTION('',(-0.,-1.));
#5585 = ( GEOMETRIC_REPRESENTATION_CONTEXT(2) 
PARAMETRIC_REPRESENTATION_CONTEXT() REPRESENTATION_CONTEXT('2D SPACE',''
  ) );
#5586 = PCURVE('',#2099,#5587);
#5587 = DEFINITIONAL_REPRESENTATION('',(#5588),#5592);
#5588 = LINE('',#5589,#5590);
#5589 = CARTESIAN_POINT('',(-6.28318530718,-6.601376519582E-17));
#5590 = VECTOR('',#5591,1.);
#5591 = DIRECTION('',(-0.,-1.));
#5592 = ( GEOMETRIC_REPRESENTATION_CONTEXT(2) 
PARAMETRIC_REPRESENTATION_CONTEXT() REPRESENTATION_CONTEXT('2D SPACE',''
  ) );
#5593 = ORIENTED_EDGE('',*,*,#3227,.T.);
#5594 = ORIENTED_EDGE('',*,*,#5595,.T.);
#5595 = EDGE_CURVE('',#2992,#3466,#5596,.T.);
#5596 = SEAM_CURVE('',#5597,(#5601,#5608),.PCURVE_S1.);
#5597 = LINE('',#5598,#5599);
#5598 = CARTESIAN_POINT('',(263.50166666666,-2.367650478352E-15,
    -9.666666666667));
#5599 = VECTOR('',#5600,1.);
#5600 = DIRECTION('',(0.999956837612,2.275641751834E-18,
    9.291012532831E-03));
#5601 = PCURVE('',#2099,#5602);
#5602 = DEFINITIONAL_REPRESENTATION('',(#5603),#5607);
#5603 = LINE('',#5604,#5605);
#5604 = CARTESIAN_POINT('',(-0.,-6.601376519582E-17));
#5605 = VECTOR('',#5606,1.);
#5606 = DIRECTION('',(-0.,-1.));
#5607 = ( GEOMETRIC_REPRESENTATION_CONTEXT(2) 
PARAMETRIC_REPRESENTATION_CONTEXT() REPRESENTATION_CONTEXT('2D SPACE',''
  ) );
#5608 = PCURVE('',#2099,#5609);
#5609 = DEFINITIONAL_REPRESENTATION('',(#5610),#5614);
#5610 = LINE('',#5611,#5612);
#5611 = CARTESIAN_POINT('',(-6.28318530718,-6.601376519582E-17));
#5612 = VECTOR('',#5613,1.);
#5613 = DIRECTION('',(-0.,-1.));
#5614 = ( GEOMETRIC_REPRESENTATION_CONTEXT(2) 
PARAMETRIC_REPRESENTATION_CONTEXT() REPRESENTATION_CONTEXT('2D SPACE',''
  ) );
#5615 = ORIENTED_EDGE('',*,*,#3847,.T.);
#5616 = ORIENTED_EDGE('',*,*,#5617,.F.);
#5617 = EDGE_CURVE('',#3489,#3723,#5618,.T.);
#5618 = SURFACE_CURVE('',#5619,(#5624,#5631),.PCURVE_S1.);
#5619 = CIRCLE('',#5620,9.);
#5620 = AXIS2_PLACEMENT_3D('',#5621,#5622,#5623);
#5621 = CARTESIAN_POINT('',(335.2525,0.,3.982971360135E-15));
#5622 = DIRECTION('',(1.,-0.,2.22044604925E-16));
#5623 = DIRECTION('',(2.22044604925E-16,0.,-1.));
#5624 = PCURVE('',#2099,#5625);
#5625 = DEFINITIONAL_REPRESENTATION('',(#5626),#5630);
#5626 = LINE('',#5627,#5628);
#5627 = CARTESIAN_POINT('',(-0.,-71.74928486466));
#5628 = VECTOR('',#5629,1.);
#5629 = DIRECTION('',(-1.,-0.));
#5630 = ( GEOMETRIC_REPRESENTATION_CONTEXT(2) 
PARAMETRIC_REPRESENTATION_CONTEXT() REPRESENTATION_CONTEXT('2D SPACE',''
  ) );
#5631 = PCURVE('',#3676,#5632);
#5632 = DEFINITIONAL_REPRESENTATION('',(#5633),#5636);
#5633 = B_SPLINE_CURVE_WITH_KNOTS('',1,(#5634,#5635),.UNSPECIFIED.,.F.,
  .F.,(2,2),(0.,6.28318530718),.PIECEWISE_BEZIER_KNOTS.);
#5634 = CARTESIAN_POINT('',(0.,0.));
#5635 = CARTESIAN_POINT('',(-6.28318530718,0.));
#5636 = ( GEOMETRIC_REPRESENTATION_CONTEXT(2) 
PARAMETRIC_REPRESENTATION_CONTEXT() REPRESENTATION_CONTEXT('2D SPACE',''
  ) );
#5637 = ORIENTED_EDGE('',*,*,#3488,.T.);
#5638 = ORIENTED_EDGE('',*,*,#5595,.F.);
#5639 = ORIENTED_EDGE('',*,*,#2991,.T.);
#5640 = ORIENTED_EDGE('',*,*,#5573,.F.);
#5641 = ORIENTED_EDGE('',*,*,#2631,.T.);
#5642 = ADVANCED_FACE('',(#5643),#2165,.F.);
#5643 = FACE_BOUND('',#5644,.F.);
#5644 = EDGE_LOOP('',(#5645,#5668,#5689,#5690));
#5645 = ORIENTED_EDGE('',*,*,#5646,.T.);
#5646 = EDGE_CURVE('',#5647,#5647,#5649,.T.);
#5647 = VERTEX_POINT('',#5648);
#5648 = CARTESIAN_POINT('',(478.75416666666,-1.877791758693E-15,
    -7.666666666667));
#5649 = SURFACE_CURVE('',#5650,(#5655,#5661),.PCURVE_S1.);
#5650 = CIRCLE('',#5651,7.666666666667);
#5651 = AXIS2_PLACEMENT_3D('',#5652,#5653,#5654);
#5652 = CARTESIAN_POINT('',(478.75416666666,0.,3.982971360135E-15));
#5653 = DIRECTION('',(1.,-0.,2.22044604925E-16));
#5654 = DIRECTION('',(2.22044604925E-16,0.,-1.));
#5655 = PCURVE('',#2165,#5656);
#5656 = DEFINITIONAL_REPRESENTATION('',(#5657),#5660);
#5657 = B_SPLINE_CURVE_WITH_KNOTS('',1,(#5658,#5659),.UNSPECIFIED.,.F.,
  .F.,(2,2),(0.,6.28318530718),.PIECEWISE_BEZIER_KNOTS.);
#5658 = CARTESIAN_POINT('',(0.,0.));
#5659 = CARTESIAN_POINT('',(-6.28318530718,0.));
#5660 = ( GEOMETRIC_REPRESENTATION_CONTEXT(2) 
PARAMETRIC_REPRESENTATION_CONTEXT() REPRESENTATION_CONTEXT('2D SPACE',''
  ) );
#5661 = PCURVE('',#4690,#5662);
#5662 = DEFINITIONAL_REPRESENTATION('',(#5663),#5667);
#5663 = LINE('',#5664,#5665);
#5664 = CARTESIAN_POINT('',(-0.,-71.74928486466));
#5665 = VECTOR('',#5666,1.);
#5666 = DIRECTION('',(-1.,-0.));
#5667 = ( GEOMETRIC_REPRESENTATION_CONTEXT(2) 
PARAMETRIC_REPRESENTATION_CONTEXT() REPRESENTATION_CONTEXT('2D SPACE',''
  ) );
#5668 = ORIENTED_EDGE('',*,*,#5669,.T.);
#5669 = EDGE_CURVE('',#5647,#2149,#5670,.T.);
#5670 = SEAM_CURVE('',#5671,(#5675,#5682),.PCURVE_S1.);
#5671 = LINE('',#5672,#5673);
#5672 = CARTESIAN_POINT('',(478.75416666666,-1.877791758693E-15,
    -7.666666666667));
#5673 = VECTOR('',#5674,1.);
#5674 = DIRECTION('',(0.999956837612,2.275641751834E-18,
    9.291012532831E-03));
#5675 = PCURVE('',#2165,#5676);
#5676 = DEFINITIONAL_REPRESENTATION('',(#5677),#5681);
#5677 = LINE('',#5678,#5679);
#5678 = CARTESIAN_POINT('',(-6.28318530718,-5.69127774571E-14));
#5679 = VECTOR('',#5680,1.);
#5680 = DIRECTION('',(-0.,-1.));
#5681 = ( GEOMETRIC_REPRESENTATION_CONTEXT(2) 
PARAMETRIC_REPRESENTATION_CONTEXT() REPRESENTATION_CONTEXT('2D SPACE',''
  ) );
#5682 = PCURVE('',#2165,#5683);
#5683 = DEFINITIONAL_REPRESENTATION('',(#5684),#5688);
#5684 = LINE('',#5685,#5686);
#5685 = CARTESIAN_POINT('',(-0.,-5.69127774571E-14));
#5686 = VECTOR('',#5687,1.);
#5687 = DIRECTION('',(-0.,-1.));
#5688 = ( GEOMETRIC_REPRESENTATION_CONTEXT(2) 
PARAMETRIC_REPRESENTATION_CONTEXT() REPRESENTATION_CONTEXT('2D SPACE',''
  ) );
#5689 = ORIENTED_EDGE('',*,*,#2148,.F.);
#5690 = ORIENTED_EDGE('',*,*,#5669,.F.);
#5691 = ADVANCED_FACE('',(#5692),#3676,.F.);
#5692 = FACE_BOUND('',#5693,.F.);
#5693 = EDGE_LOOP('',(#5694,#5715,#5716,#5717,#5718,#5719,#5720,#5743,
    #5764,#5765));
#5694 = ORIENTED_EDGE('',*,*,#5695,.F.);
#5695 = EDGE_CURVE('',#3593,#3979,#5696,.T.);
#5696 = SEAM_CURVE('',#5697,(#5701,#5708),.PCURVE_S1.);
#5697 = LINE('',#5698,#5699);
#5698 = CARTESIAN_POINT('',(335.2525,-2.204364238465E-15,-9.));
#5699 = VECTOR('',#5700,1.);
#5700 = DIRECTION('',(0.999956837612,2.275641751834E-18,
    9.291012532831E-03));
#5701 = PCURVE('',#3676,#5702);
#5702 = DEFINITIONAL_REPRESENTATION('',(#5703),#5707);
#5703 = LINE('',#5704,#5705);
#5704 = CARTESIAN_POINT('',(-0.,-6.601376519582E-17));
#5705 = VECTOR('',#5706,1.);
#5706 = DIRECTION('',(-0.,-1.));
#5707 = ( GEOMETRIC_REPRESENTATION_CONTEXT(2) 
PARAMETRIC_REPRESENTATION_CONTEXT() REPRESENTATION_CONTEXT('2D SPACE',''
  ) );
#5708 = PCURVE('',#3676,#5709);
#5709 = DEFINITIONAL_REPRESENTATION('',(#5710),#5714);
#5710 = LINE('',#5711,#5712);
#5711 = CARTESIAN_POINT('',(-6.28318530718,-6.601376519582E-17));
#5712 = VECTOR('',#5713,1.);
#5713 = DIRECTION('',(-0.,-1.));
#5714 = ( GEOMETRIC_REPRESENTATION_CONTEXT(2) 
PARAMETRIC_REPRESENTATION_CONTEXT() REPRESENTATION_CONTEXT('2D SPACE',''
  ) );
#5715 = ORIENTED_EDGE('',*,*,#3592,.T.);
#5716 = ORIENTED_EDGE('',*,*,#5617,.T.);
#5717 = ORIENTED_EDGE('',*,*,#3722,.T.);
#5718 = ORIENTED_EDGE('',*,*,#5695,.T.);
#5719 = ORIENTED_EDGE('',*,*,#4252,.T.);
#5720 = ORIENTED_EDGE('',*,*,#5721,.T.);
#5721 = EDGE_CURVE('',#4002,#5722,#5724,.T.);
#5722 = VERTEX_POINT('',#5723);
#5723 = CARTESIAN_POINT('',(407.00333333333,-2.041077998579E-15,
    -8.333333333333));
#5724 = SEAM_CURVE('',#5725,(#5729,#5736),.PCURVE_S1.);
#5725 = LINE('',#5726,#5727);
#5726 = CARTESIAN_POINT('',(335.2525,-2.204364238465E-15,-9.));
#5727 = VECTOR('',#5728,1.);
#5728 = DIRECTION('',(0.999956837612,2.275641751834E-18,
    9.291012532831E-03));
#5729 = PCURVE('',#3676,#5730);
#5730 = DEFINITIONAL_REPRESENTATION('',(#5731),#5735);
#5731 = LINE('',#5732,#5733);
#5732 = CARTESIAN_POINT('',(-0.,-6.601376519582E-17));
#5733 = VECTOR('',#5734,1.);
#5734 = DIRECTION('',(-0.,-1.));
#5735 = ( GEOMETRIC_REPRESENTATION_CONTEXT(2) 
PARAMETRIC_REPRESENTATION_CONTEXT() REPRESENTATION_CONTEXT('2D SPACE',''
  ) );
#5736 = PCURVE('',#3676,#5737);
#5737 = DEFINITIONAL_REPRESENTATION('',(#5738),#5742);
#5738 = LINE('',#5739,#5740);
#5739 = CARTESIAN_POINT('',(-6.28318530718,-6.601376519582E-17));
#5740 = VECTOR('',#5741,1.);
#5741 = DIRECTION('',(-0.,-1.));
#5742 = ( GEOMETRIC_REPRESENTATION_CONTEXT(2) 
PARAMETRIC_REPRESENTATION_CONTEXT() REPRESENTATION_CONTEXT('2D SPACE',''
  ) );
#5743 = ORIENTED_EDGE('',*,*,#5744,.F.);
#5744 = EDGE_CURVE('',#5722,#5722,#5745,.T.);
#5745 = SURFACE_CURVE('',#5746,(#5751,#5758),.PCURVE_S1.);
#5746 = CIRCLE('',#5747,8.333333333333);
#5747 = AXIS2_PLACEMENT_3D('',#5748,#5749,#5750);
#5748 = CARTESIAN_POINT('',(407.00333333333,0.,3.982971360135E-15));
#5749 = DIRECTION('',(1.,-0.,2.22044604925E-16));
#5750 = DIRECTION('',(2.22044604925E-16,0.,-1.));
#5751 = PCURVE('',#3676,#5752);
#5752 = DEFINITIONAL_REPRESENTATION('',(#5753),#5757);
#5753 = LINE('',#5754,#5755);
#5754 = CARTESIAN_POINT('',(-0.,-71.74928486466));
#5755 = VECTOR('',#5756,1.);
#5756 = DIRECTION('',(-1.,-0.));
#5757 = ( GEOMETRIC_REPRESENTATION_CONTEXT(2) 
PARAMETRIC_REPRESENTATION_CONTEXT() REPRESENTATION_CONTEXT('2D SPACE',''
  ) );
#5758 = PCURVE('',#4690,#5759);
#5759 = DEFINITIONAL_REPRESENTATION('',(#5760),#5763);
#5760 = B_SPLINE_CURVE_WITH_KNOTS('',1,(#5761,#5762),.UNSPECIFIED.,.F.,
  .F.,(2,2),(0.,6.28318530718),.PIECEWISE_BEZIER_KNOTS.);
#5761 = CARTESIAN_POINT('',(0.,0.));
#5762 = CARTESIAN_POINT('',(-6.28318530718,0.));
#5763 = ( GEOMETRIC_REPRESENTATION_CONTEXT(2) 
PARAMETRIC_REPRESENTATION_CONTEXT() REPRESENTATION_CONTEXT('2D SPACE',''
  ) );
#5764 = ORIENTED_EDGE('',*,*,#5721,.F.);
#5765 = ORIENTED_EDGE('',*,*,#4001,.T.);
#5766 = ADVANCED_FACE('',(#5767),#4690,.F.);
#5767 = FACE_BOUND('',#5768,.F.);
#5768 = EDGE_LOOP('',(#5769,#5770,#5791,#5792,#5813,#5814,#5835,#5836,
    #5837,#5838,#5839,#5840));
#5769 = ORIENTED_EDGE('',*,*,#5744,.T.);
#5770 = ORIENTED_EDGE('',*,*,#5771,.T.);
#5771 = EDGE_CURVE('',#5722,#4486,#5772,.T.);
#5772 = SEAM_CURVE('',#5773,(#5777,#5784),.PCURVE_S1.);
#5773 = LINE('',#5774,#5775);
#5774 = CARTESIAN_POINT('',(407.00333333333,-2.041077998579E-15,
    -8.333333333333));
#5775 = VECTOR('',#5776,1.);
#5776 = DIRECTION('',(0.999956837612,2.275641751834E-18,
    9.291012532831E-03));
#5777 = PCURVE('',#4690,#5778);
#5778 = DEFINITIONAL_REPRESENTATION('',(#5779),#5783);
#5779 = LINE('',#5780,#5781);
#5780 = CARTESIAN_POINT('',(-0.,-6.601376519582E-17));
#5781 = VECTOR('',#5782,1.);
#5782 = DIRECTION('',(-0.,-1.));
#5783 = ( GEOMETRIC_REPRESENTATION_CONTEXT(2) 
PARAMETRIC_REPRESENTATION_CONTEXT() REPRESENTATION_CONTEXT('2D SPACE',''
  ) );
#5784 = PCURVE('',#4690,#5785);
#5785 = DEFINITIONAL_REPRESENTATION('',(#5786),#5790);
#5786 = LINE('',#5787,#5788);
#5787 = CARTESIAN_POINT('',(-6.28318530718,-6.601376519582E-17));
#5788 = VECTOR('',#5789,1.);
#5789 = DIRECTION('',(-0.,-1.));
#5790 = ( GEOMETRIC_REPRESENTATION_CONTEXT(2) 
PARAMETRIC_REPRESENTATION_CONTEXT() REPRESENTATION_CONTEXT('2D SPACE',''
  ) );
#5791 = ORIENTED_EDGE('',*,*,#4785,.T.);
#5792 = ORIENTED_EDGE('',*,*,#5793,.T.);
#5793 = EDGE_CURVE('',#4509,#5040,#5794,.T.);
#5794 = SEAM_CURVE('',#5795,(#5799,#5806),.PCURVE_S1.);
#5795 = LINE('',#5796,#5797);
#5796 = CARTESIAN_POINT('',(407.00333333333,-2.041077998579E-15,
    -8.333333333333));
#5797 = VECTOR('',#5798,1.);
#5798 = DIRECTION('',(0.999956837612,2.275641751834E-18,
    9.291012532831E-03));
#5799 = PCURVE('',#4690,#5800);
#5800 = DEFINITIONAL_REPRESENTATION('',(#5801),#5805);
#5801 = LINE('',#5802,#5803);
#5802 = CARTESIAN_POINT('',(-0.,-6.601376519582E-17));
#5803 = VECTOR('',#5804,1.);
#5804 = DIRECTION('',(-0.,-1.));
#5805 = ( GEOMETRIC_REPRESENTATION_CONTEXT(2) 
PARAMETRIC_REPRESENTATION_CONTEXT() REPRESENTATION_CONTEXT('2D SPACE',''
  ) );
#5806 = PCURVE('',#4690,#5807);
#5807 = DEFINITIONAL_REPRESENTATION('',(#5808),#5812);
#5808 = LINE('',#5809,#5810);
#5809 = CARTESIAN_POINT('',(-6.28318530718,-6.601376519582E-17));
#5810 = VECTOR('',#5811,1.);
#5811 = DIRECTION('',(-0.,-1.));
#5812 = ( GEOMETRIC_REPRESENTATION_CONTEXT(2) 
PARAMETRIC_REPRESENTATION_CONTEXT() REPRESENTATION_CONTEXT('2D SPACE',''
  ) );
#5813 = ORIENTED_EDGE('',*,*,#5292,.T.);
#5814 = ORIENTED_EDGE('',*,*,#5815,.T.);
#5815 = EDGE_CURVE('',#5063,#5647,#5816,.T.);
#5816 = SEAM_CURVE('',#5817,(#5821,#5828),.PCURVE_S1.);
#5817 = LINE('',#5818,#5819);
#5818 = CARTESIAN_POINT('',(407.00333333333,-2.041077998579E-15,
    -8.333333333333));
#5819 = VECTOR('',#5820,1.);
#5820 = DIRECTION('',(0.999956837612,2.275641751834E-18,
    9.291012532831E-03));
#5821 = PCURVE('',#4690,#5822);
#5822 = DEFINITIONAL_REPRESENTATION('',(#5823),#5827);
#5823 = LINE('',#5824,#5825);
#5824 = CARTESIAN_POINT('',(-0.,-6.601376519582E-17));
#5825 = VECTOR('',#5826,1.);
#5826 = DIRECTION('',(-0.,-1.));
#5827 = ( GEOMETRIC_REPRESENTATION_CONTEXT(2) 
PARAMETRIC_REPRESENTATION_CONTEXT() REPRESENTATION_CONTEXT('2D SPACE',''
  ) );
#5828 = PCURVE('',#4690,#5829);
#5829 = DEFINITIONAL_REPRESENTATION('',(#5830),#5834);
#5830 = LINE('',#5831,#5832);
#5831 = CARTESIAN_POINT('',(-6.28318530718,-6.601376519582E-17));
#5832 = VECTOR('',#5833,1.);
#5833 = DIRECTION('',(-0.,-1.));
#5834 = ( GEOMETRIC_REPRESENTATION_CONTEXT(2) 
PARAMETRIC_REPRESENTATION_CONTEXT() REPRESENTATION_CONTEXT('2D SPACE',''
  ) );
#5835 = ORIENTED_EDGE('',*,*,#5646,.F.);
#5836 = ORIENTED_EDGE('',*,*,#5815,.F.);
#5837 = ORIENTED_EDGE('',*,*,#5062,.T.);
#5838 = ORIENTED_EDGE('',*,*,#5793,.F.);
#5839 = ORIENTED_EDGE('',*,*,#4508,.T.);
#5840 = ORIENTED_EDGE('',*,*,#5771,.F.);
#5841 = ( GEOMETRIC_REPRESENTATION_CONTEXT(3) 
GLOBAL_UNCERTAINTY_ASSIGNED_CONTEXT((#5845)) 
GLOBAL_UNIT_ASSIGNED_CONTEXT((#5842,#5843,#5844)) REPRESENTATION_CONTEXT
('Context #1','3D Context with UNIT and UNCERTAINTY') );
#5842 = ( LENGTH_UNIT() NAMED_UNIT(*) SI_UNIT(.MILLI.,.METRE.) );
#5843 = ( NAMED_UNIT(*) PLANE_ANGLE_UNIT() SI_UNIT($,.RADIAN.) );
#5844 = ( NAMED_UNIT(*) SI_UNIT($,.STERADIAN.) SOLID_ANGLE_UNIT() );
#5845 = UNCERTAINTY_MEASURE_WITH_UNIT(LENGTH_MEASURE(2.E-04),#5842,
  'distance_accuracy_value','confusion accuracy');
#5846 = PRODUCT_RELATED_PRODUCT_CATEGORY('part',$,(#7));
ENDSEC;
END-ISO-10303-21;
