ISO-10303-21;
HEADER;
FILE_DESCRIPTION(('Open CASCADE Model'),'2;1');
FILE_NAME('body_solid','2026-07-03T10:37:56',('Author'),('Open CASCADE')
  ,'Open CASCADE STEP processor 7.9','build123d','Unknown');
FILE_SCHEMA(('AUTOMOTIVE_DESIGN { 1 0 10303 214 1 1 1 1 }'));
ENDSEC;
DATA;
#1 = APPLICATION_PROTOCOL_DEFINITION('international standard',
  'automotive_design',2000,#2);
#2 = APPLICATION_CONTEXT(
  'core data for automotive mechanical design processes');
#3 = SHAPE_DEFINITION_REPRESENTATION(#4,#10);
#4 = PRODUCT_DEFINITION_SHAPE('','',#5);
#5 = PRODUCT_DEFINITION('design','',#6,#9);
#6 = PRODUCT_DEFINITION_FORMATION('','',#7);
#7 = PRODUCT('body_solid','body_solid','',(#8));
#8 = PRODUCT_CONTEXT('',#2,'mechanical');
#9 = PRODUCT_DEFINITION_CONTEXT('part definition',#2,'design');
#10 = ADVANCED_BREP_SHAPE_REPRESENTATION('',(#11,#15),#6273);
#11 = AXIS2_PLACEMENT_3D('',#12,#13,#14);
#12 = CARTESIAN_POINT('',(0.,0.,0.));
#13 = DIRECTION('',(0.,0.,1.));
#14 = DIRECTION('',(1.,0.,-0.));
#15 = MANIFOLD_SOLID_BREP('',#16);
#16 = CLOSED_SHELL('',(#17,#506,#917,#2621,#3047,#4639,#4665,#4693,#4698
    ,#4733,#4783,#4809,#5412,#5820,#5850,#5882,#5887,#5941,#5976,#6024,
    #6054,#6063,#6090,#6117,#6144,#6174,#6209,#6259,#6266));
#17 = ADVANCED_FACE('',(#18,#104),#32,.T.);
#18 = FACE_BOUND('',#19,.T.);
#19 = EDGE_LOOP('',(#20,#49,#76,#77));
#20 = ORIENTED_EDGE('',*,*,#21,.F.);
#21 = EDGE_CURVE('',#22,#24,#26,.T.);
#22 = VERTEX_POINT('',#23);
#23 = CARTESIAN_POINT('',(56.,14.3,-3.502489845561E-15));
#24 = VERTEX_POINT('',#25);
#25 = CARTESIAN_POINT('',(172.,14.3,0.));
#26 = SEAM_CURVE('',#27,(#31,#43),.PCURVE_S1.);
#27 = LINE('',#28,#29);
#28 = CARTESIAN_POINT('',(56.,14.3,0.));
#29 = VECTOR('',#30,1.);
#30 = DIRECTION('',(1.,0.,0.));
#31 = PCURVE('',#32,#37);
#32 = CYLINDRICAL_SURFACE('',#33,14.3);
#33 = AXIS2_PLACEMENT_3D('',#34,#35,#36);
#34 = CARTESIAN_POINT('',(56.,0.,0.));
#35 = DIRECTION('',(1.,0.,0.));
#36 = DIRECTION('',(-0.,1.,0.));
#37 = DEFINITIONAL_REPRESENTATION('',(#38),#42);
#38 = LINE('',#39,#40);
#39 = CARTESIAN_POINT('',(0.,0.));
#40 = VECTOR('',#41,1.);
#41 = DIRECTION('',(0.,1.));
#42 = ( GEOMETRIC_REPRESENTATION_CONTEXT(2) 
PARAMETRIC_REPRESENTATION_CONTEXT() REPRESENTATION_CONTEXT('2D SPACE',''
  ) );
#43 = PCURVE('',#32,#44);
#44 = DEFINITIONAL_REPRESENTATION('',(#45),#48);
#45 = B_SPLINE_CURVE_WITH_KNOTS('',1,(#46,#47),.UNSPECIFIED.,.F.,.F.,(2,
    2),(0.,288.89478248253),.PIECEWISE_BEZIER_KNOTS.);
#46 = CARTESIAN_POINT('',(6.28318530718,0.));
#47 = CARTESIAN_POINT('',(6.28318530718,288.89478248253));
#48 = ( GEOMETRIC_REPRESENTATION_CONTEXT(2) 
PARAMETRIC_REPRESENTATION_CONTEXT() REPRESENTATION_CONTEXT('2D SPACE',''
  ) );
#49 = ORIENTED_EDGE('',*,*,#50,.T.);
#50 = EDGE_CURVE('',#22,#22,#51,.T.);
#51 = SURFACE_CURVE('',#52,(#57,#64),.PCURVE_S1.);
#52 = CIRCLE('',#53,14.3);
#53 = AXIS2_PLACEMENT_3D('',#54,#55,#56);
#54 = CARTESIAN_POINT('',(56.,0.,0.));
#55 = DIRECTION('',(1.,0.,0.));
#56 = DIRECTION('',(-0.,1.,0.));
#57 = PCURVE('',#32,#58);
#58 = DEFINITIONAL_REPRESENTATION('',(#59),#63);
#59 = LINE('',#60,#61);
#60 = CARTESIAN_POINT('',(0.,0.));
#61 = VECTOR('',#62,1.);
#62 = DIRECTION('',(1.,0.));
#63 = ( GEOMETRIC_REPRESENTATION_CONTEXT(2) 
PARAMETRIC_REPRESENTATION_CONTEXT() REPRESENTATION_CONTEXT('2D SPACE',''
  ) );
#64 = PCURVE('',#65,#70);
#65 = PLANE('',#66);
#66 = AXIS2_PLACEMENT_3D('',#67,#68,#69);
#67 = CARTESIAN_POINT('',(56.,-1.530002945499E-15,1.711256110654E-15));
#68 = DIRECTION('',(1.,0.,0.));
#69 = DIRECTION('',(-0.,0.,1.));
#70 = DEFINITIONAL_REPRESENTATION('',(#71),#75);
#71 = CIRCLE('',#72,14.3);
#72 = AXIS2_PLACEMENT_2D('',#73,#74);
#73 = CARTESIAN_POINT('',(-1.711256110654E-15,-1.530002945499E-15));
#74 = DIRECTION('',(0.,-1.));
#75 = ( GEOMETRIC_REPRESENTATION_CONTEXT(2) 
PARAMETRIC_REPRESENTATION_CONTEXT() REPRESENTATION_CONTEXT('2D SPACE',''
  ) );
#76 = ORIENTED_EDGE('',*,*,#21,.T.);
#77 = ORIENTED_EDGE('',*,*,#78,.F.);
#78 = EDGE_CURVE('',#24,#24,#79,.T.);
#79 = SURFACE_CURVE('',#80,(#85,#92),.PCURVE_S1.);
#80 = CIRCLE('',#81,14.3);
#81 = AXIS2_PLACEMENT_3D('',#82,#83,#84);
#82 = CARTESIAN_POINT('',(172.,0.,0.));
#83 = DIRECTION('',(1.,0.,0.));
#84 = DIRECTION('',(-0.,1.,0.));
#85 = PCURVE('',#32,#86);
#86 = DEFINITIONAL_REPRESENTATION('',(#87),#91);
#87 = LINE('',#88,#89);
#88 = CARTESIAN_POINT('',(0.,116.));
#89 = VECTOR('',#90,1.);
#90 = DIRECTION('',(1.,0.));
#91 = ( GEOMETRIC_REPRESENTATION_CONTEXT(2) 
PARAMETRIC_REPRESENTATION_CONTEXT() REPRESENTATION_CONTEXT('2D SPACE',''
  ) );
#92 = PCURVE('',#93,#98);
#93 = PLANE('',#94);
#94 = AXIS2_PLACEMENT_3D('',#95,#96,#97);
#95 = CARTESIAN_POINT('',(172.,0.,-2.442490654175E-15));
#96 = DIRECTION('',(1.,0.,2.22044604925E-16));
#97 = DIRECTION('',(2.22044604925E-16,0.,-1.));
#98 = DEFINITIONAL_REPRESENTATION('',(#99),#103);
#99 = CIRCLE('',#100,14.3);
#100 = AXIS2_PLACEMENT_2D('',#101,#102);
#101 = CARTESIAN_POINT('',(-2.442490654175E-15,0.));
#102 = DIRECTION('',(0.,1.));
#103 = ( GEOMETRIC_REPRESENTATION_CONTEXT(2) 
PARAMETRIC_REPRESENTATION_CONTEXT() REPRESENTATION_CONTEXT('2D SPACE',''
  ) );
#104 = FACE_BOUND('',#105,.T.);
#105 = EDGE_LOOP('',(#106));
#106 = ORIENTED_EDGE('',*,*,#107,.F.);
#107 = EDGE_CURVE('',#108,#108,#110,.T.);
#108 = VERTEX_POINT('',#109);
#109 = CARTESIAN_POINT('',(169.12303299312,-1.347111479062E-15,14.3));
#110 = SURFACE_CURVE('',#111,(#239,#370),.PCURVE_S1.);
#111 = B_SPLINE_CURVE_WITH_KNOTS('',6,(#112,#113,#114,#115,#116,#117,
    #118,#119,#120,#121,#122,#123,#124,#125,#126,#127,#128,#129,#130,
    #131,#132,#133,#134,#135,#136,#137,#138,#139,#140,#141,#142,#143,
    #144,#145,#146,#147,#148,#149,#150,#151,#152,#153,#154,#155,#156,
    #157,#158,#159,#160,#161,#162,#163,#164,#165,#166,#167,#168,#169,
    #170,#171,#172,#173,#174,#175,#176,#177,#178,#179,#180,#181,#182,
    #183,#184,#185,#186,#187,#188,#189,#190,#191,#192,#193,#194,#195,
    #196,#197,#198,#199,#200,#201,#202,#203,#204,#205,#206,#207,#208,
    #209,#210,#211,#212,#213,#214,#215,#216,#217,#218,#219,#220,#221,
    #222,#223,#224,#225,#226,#227,#228,#229,#230,#231,#232,#233,#234,
    #235,#236,#237,#238),.UNSPECIFIED.,.T.,.F.,(7,5,5,5,5,5,5,5,5,5,5,5,
    5,5,5,5,5,5,5,5,5,5,5,5,5,7),(0.,3.935557262056E-02,
    9.690384502311E-02,0.122635904111,0.144019936673,0.162251319015,
    0.177894217964,0.249202157311,0.31076095905,0.357914812076,
    0.404781273472,0.435682486733,0.473310522766,0.526773247207,
    0.564279422171,0.595220674617,0.642129430353,0.689550669248,
    0.751047553471,0.823341129286,0.838933626639,0.857081932523,
    0.878319454334,0.903752152383,0.93587755987,1.),.UNSPECIFIED.);
#112 = CARTESIAN_POINT('',(169.12303299312,0.,14.3));
#113 = CARTESIAN_POINT('',(169.12303299312,0.278670119759,14.3));
#114 = CARTESIAN_POINT('',(169.10608960028,0.55682576509,14.293483333927
    ));
#115 = CARTESIAN_POINT('',(169.07232037966,0.832070890379,
    14.280495062295));
#116 = CARTESIAN_POINT('',(169.02242115729,1.102034343851,
    14.261431617289));
#117 = CARTESIAN_POINT('',(168.95765796695,1.36444793116,14.237029334077
    ));
#118 = CARTESIAN_POINT('',(168.76618389535,1.986844128025,
    14.166186540043));
#119 = CARTESIAN_POINT('',(168.62473074458,2.335677348774,
    14.114793167994));
#120 = CARTESIAN_POINT('',(168.45979553611,2.662467493019,
    14.056530418857));
#121 = CARTESIAN_POINT('',(168.27520454792,2.966529528504,
    13.993829412583));
#122 = CARTESIAN_POINT('',(168.074468741,3.247618288895,13.928887732543)
  );
#123 = CARTESIAN_POINT('',(167.76534123064,3.621289258722,
    13.834393624426));
#124 = CARTESIAN_POINT('',(167.66713075971,3.732319852553,
    13.805088620542));
#125 = CARTESIAN_POINT('',(167.56643911832,3.838989435635,
    13.775823454935));
#126 = CARTESIAN_POINT('',(167.46345814506,3.941364375764,
    13.746733962821));
#127 = CARTESIAN_POINT('',(167.3583568144,4.03951169801,13.717943878027)
  );
#128 = CARTESIAN_POINT('',(167.16229855425,4.211605128649,
    13.665981083978));
#129 = CARTESIAN_POINT('',(167.07195414465,4.286836916546,13.6426817614)
  );
#130 = CARTESIAN_POINT('',(166.98033288342,4.359231860847,
    13.619731338106));
#131 = CARTESIAN_POINT('',(166.88751329933,4.428824624591,
    13.597190130009));
#132 = CARTESIAN_POINT('',(166.79356757434,4.495647121408,
    13.575114296091));
#133 = CARTESIAN_POINT('',(166.61756226215,4.614362382817,
    13.535175746449));
#134 = CARTESIAN_POINT('',(166.5357927939,4.667003631905,13.517171859043
    ));
#135 = CARTESIAN_POINT('',(166.45329427648,4.717670140092,
    13.499576526403));
#136 = CARTESIAN_POINT('',(166.37010594708,4.766378132118,
    13.482420285963));
#137 = CARTESIAN_POINT('',(166.28626514239,4.813142180163,
    13.465731862372));
#138 = CARTESIAN_POINT('',(166.12934074123,4.896442855166,
    13.435643646064));
#139 = CARTESIAN_POINT('',(166.05642008498,4.933488880439,
    13.422113369835));
#140 = CARTESIAN_POINT('',(165.98306782352,4.969121417832,
    13.408964369968));
#141 = CARTESIAN_POINT('',(165.90930588552,5.003347804031,
    13.396212755576));
#142 = CARTESIAN_POINT('',(165.83515563473,5.036174574235,
    13.383873713723));
#143 = CARTESIAN_POINT('',(165.42094966583,5.210893848715,13.31765989023
    ));
#144 = CARTESIAN_POINT('',(165.07344198805,5.325293195848,
    13.272198396808));
#145 = CARTESIAN_POINT('',(164.72031769144,5.411193144519,
    13.236985539303));
#146 = CARTESIAN_POINT('',(164.36348738347,5.46887399208,13.212968583615
    ));
#147 = CARTESIAN_POINT('',(164.00470432966,5.498473765397,
    13.200635924844));
#148 = CARTESIAN_POINT('',(163.3357771259,5.501230543137,13.1994872789)
  );
#149 = CARTESIAN_POINT('',(163.02586234131,5.481550371852,
    13.207686938346));
#150 = CARTESIAN_POINT('',(162.71709630596,5.440932366346,
    13.224621736528));
#151 = CARTESIAN_POINT('',(162.4106286807,5.37931010055,13.250035724268)
  );
#152 = CARTESIAN_POINT('',(162.10767894722,5.296545285027,
    13.283414149222));
#153 = CARTESIAN_POINT('',(161.58126867849,5.112699054958,
    13.355060203308));
#154 = CARTESIAN_POINT('',(161.35579678944,5.020436028887,13.39035607272
    ));
#155 = CARTESIAN_POINT('',(161.13366680423,4.915522259669,
    13.429540624316));
#156 = CARTESIAN_POINT('',(160.91543053716,4.797766621466,
    13.472209122053));
#157 = CARTESIAN_POINT('',(160.70173824706,4.666930940798,
    13.517871740562));
#158 = CARTESIAN_POINT('',(160.28627144949,4.379434841116,
    13.613719937736));
#159 = CARTESIAN_POINT('',(160.08442047455,4.222928400101,
    13.663878766912));
#160 = CARTESIAN_POINT('',(159.88848041455,4.05288321384,13.715868261671
    ));
#161 = CARTESIAN_POINT('',(159.69929059177,3.868900174091,13.76904201187
    ));
#162 = CARTESIAN_POINT('',(159.51791448005,3.670566791845,
    13.822631973369));
#163 = CARTESIAN_POINT('',(159.23213116692,3.317018526369,
    13.910727840513));
#164 = CARTESIAN_POINT('',(159.12252437874,3.170096793084,
    13.945524503315));
#165 = CARTESIAN_POINT('',(159.01729042929,3.016665363299,
    13.979839578225));
#166 = CARTESIAN_POINT('',(158.91689786046,2.856676589385,
    14.013371130591));
#167 = CARTESIAN_POINT('',(158.82186195624,2.690107474823,
    14.045791543797));
#168 = CARTESIAN_POINT('',(158.6242299796,2.306121667255,14.114449230505
    ));
#169 = CARTESIAN_POINT('',(158.52433079303,2.08521555301,14.150037203688
    ));
#170 = CARTESIAN_POINT('',(158.43446379108,1.85487304494,14.182748665116
    ));
#171 = CARTESIAN_POINT('',(158.35591218062,1.615845082266,
    14.211831929278));
#172 = CARTESIAN_POINT('',(158.28984036226,1.369001553731,
    14.236592913588));
#173 = CARTESIAN_POINT('',(158.16266776128,0.754908291405,
    14.284635537606));
#174 = CARTESIAN_POINT('',(158.1154095506,0.380947929521,14.30289047996)
  );
#175 = CARTESIAN_POINT('',(158.09925983536,8.171241461241E-14,
    14.309239107342));
#176 = CARTESIAN_POINT('',(158.1154095506,-0.380947929521,
    14.302890479959));
#177 = CARTESIAN_POINT('',(158.16266776128,-0.754908291405,
    14.284635537606));
#178 = CARTESIAN_POINT('',(158.28967023096,-1.368180020777,
    14.236657184931));
#179 = CARTESIAN_POINT('',(158.35548723857,-1.614260103185,
    14.211991170696));
#180 = CARTESIAN_POINT('',(158.43371093643,-1.852583688124,
    14.183027370349));
#181 = CARTESIAN_POINT('',(158.52318662158,-2.082280464317,
    14.150453701981));
#182 = CARTESIAN_POINT('',(158.62263905226,-2.302597797006,
    14.115016136636));
#183 = CARTESIAN_POINT('',(158.81977157571,-2.686395501937,
    14.046506266679));
#184 = CARTESIAN_POINT('',(158.91482774294,-2.853294957466,
    14.014066282001));
#185 = CARTESIAN_POINT('',(159.01526165774,-3.013597216831,
    13.980507565457));
#186 = CARTESIAN_POINT('',(159.12055544956,-3.167324876777,
    13.946159289944));
#187 = CARTESIAN_POINT('',(159.23023820101,-3.314525393699,
    13.91132483781));
#188 = CARTESIAN_POINT('',(159.51618006163,-3.6686475025,13.823146473029
    ));
#189 = CARTESIAN_POINT('',(159.69765008272,-3.867265437318,
    13.769507794353));
#190 = CARTESIAN_POINT('',(159.88695408321,-4.05150573857,
    13.716281198132));
#191 = CARTESIAN_POINT('',(160.0830248196,-4.22178198381,13.664237280298
    ));
#192 = CARTESIAN_POINT('',(160.28502011091,-4.378494471583,
    13.614024510842));
#193 = CARTESIAN_POINT('',(160.7017926188,-4.667043448029,
    13.517843218369));
#194 = CARTESIAN_POINT('',(160.91669812935,-4.79859843766,
    13.471924320328));
#195 = CARTESIAN_POINT('',(161.13619710939,-4.916926342789,
    13.429034856715));
#196 = CARTESIAN_POINT('',(161.35962842231,-5.022269138018,
    13.389672731363));
#197 = CARTESIAN_POINT('',(161.58643142697,-5.114820711532,
    13.354248844886));
#198 = CARTESIAN_POINT('',(162.1139712153,-5.298319140929,
    13.282702299068));
#199 = CARTESIAN_POINT('',(162.41666860877,-5.380634654795,
    13.24949329849));
#200 = CARTESIAN_POINT('',(162.72286048993,-5.44185380502,
    13.224239693524));
#201 = CARTESIAN_POINT('',(163.03133143134,-5.482113489559,
    13.207452190913));
#202 = CARTESIAN_POINT('',(163.34093505827,-5.501479252173,
    13.19938365418));
#203 = CARTESIAN_POINT('',(164.01448519646,-5.498111473356,
    13.200786874768));
#204 = CARTESIAN_POINT('',(164.378185565,-5.467391047059,13.2135862865)
  );
#205 = CARTESIAN_POINT('',(164.73983554559,-5.40781189619,
    13.238389443736));
#206 = CARTESIAN_POINT('',(165.0976122367,-5.319226186801,
    13.274677988395));
#207 = CARTESIAN_POINT('',(165.44952295639,-5.201334314316,
    13.321449631136));
#208 = CARTESIAN_POINT('',(165.86739815454,-5.021885613161,
    13.389242815244));
#209 = CARTESIAN_POINT('',(165.94116519833,-4.98866189384,
    13.401690357814));
#210 = CARTESIAN_POINT('',(166.01454037395,-4.954045895007,
    13.414543445541));
#211 = CARTESIAN_POINT('',(166.08750241725,-4.91803097782,
    13.427786843915));
#212 = CARTESIAN_POINT('',(166.16002948175,-4.880609703403,
    13.441404407253));
#213 = CARTESIAN_POINT('',(166.3159819284,-4.796572269414,13.47164437645
    ));
#214 = CARTESIAN_POINT('',(166.39924484726,-4.749454376604,
    13.488393408594));
#215 = CARTESIAN_POINT('',(166.48185270116,-4.700407125465,
    13.505599331172));
#216 = CARTESIAN_POINT('',(166.56376836827,-4.649415861202,
    13.523233508218));
#217 = CARTESIAN_POINT('',(166.6449527989,-4.596464303175,
    13.541265511762));
#218 = CARTESIAN_POINT('',(166.81946504981,-4.477254608971,
    13.581192384535));
#219 = CARTESIAN_POINT('',(166.91250689248,-4.410265945753,
    13.603222126992));
#220 = CARTESIAN_POINT('',(167.00442540521,-4.340539540602,
    13.625700911233));
#221 = CARTESIAN_POINT('',(167.09514912767,-4.268043754529,
    13.648573209118));
#222 = CARTESIAN_POINT('',(167.18460027758,-4.192744324202,
    13.671779402331));
#223 = CARTESIAN_POINT('',(167.37819105833,-4.021028939939,
    13.723369593878));
#224 = CARTESIAN_POINT('',(167.48173941527,-3.923381889225,
    13.751870099865));
#225 = CARTESIAN_POINT('',(167.58319702947,-3.821597455935,
    13.780648544163));
#226 = CARTESIAN_POINT('',(167.68239898913,-3.715610844498,
    13.809584508496));
#227 = CARTESIAN_POINT('',(167.77915826278,-3.605358217635,
    13.838545912488));
#228 = CARTESIAN_POINT('',(167.99213785892,-3.34604262,13.903822284582)
  );
#229 = CARTESIAN_POINT('',(168.10680786078,-3.194366497868,
    13.940075456409));
#230 = CARTESIAN_POINT('',(168.21680920863,-3.03566369072,
    13.975846005471));
#231 = CARTESIAN_POINT('',(168.32162146539,-2.869876574104,
    14.01079755168));
#232 = CARTESIAN_POINT('',(168.42066908643,-2.696975635442,
    14.044563498357));
#233 = CARTESIAN_POINT('',(168.69825234691,-2.157649792271,
    14.140996397814));
#234 = CARTESIAN_POINT('',(168.85979564326,-1.765925645396,
    14.199679734601));
#235 = CARTESIAN_POINT('',(168.98847988301,-1.347087489157,
    14.248247118938));
#236 = CARTESIAN_POINT('',(169.0776241137,-0.907931947758,
    14.282535521768));
#237 = CARTESIAN_POINT('',(169.12303299312,-0.456203860748,14.3));
#238 = CARTESIAN_POINT('',(169.12303299312,0.,14.3));
#239 = PCURVE('',#32,#240);
#240 = DEFINITIONAL_REPRESENTATION('',(#241),#369);
#241 = B_SPLINE_CURVE_WITH_KNOTS('',6,(#242,#243,#244,#245,#246,#247,
    #248,#249,#250,#251,#252,#253,#254,#255,#256,#257,#258,#259,#260,
    #261,#262,#263,#264,#265,#266,#267,#268,#269,#270,#271,#272,#273,
    #274,#275,#276,#277,#278,#279,#280,#281,#282,#283,#284,#285,#286,
    #287,#288,#289,#290,#291,#292,#293,#294,#295,#296,#297,#298,#299,
    #300,#301,#302,#303,#304,#305,#306,#307,#308,#309,#310,#311,#312,
    #313,#314,#315,#316,#317,#318,#319,#320,#321,#322,#323,#324,#325,
    #326,#327,#328,#329,#330,#331,#332,#333,#334,#335,#336,#337,#338,
    #339,#340,#341,#342,#343,#344,#345,#346,#347,#348,#349,#350,#351,
    #352,#353,#354,#355,#356,#357,#358,#359,#360,#361,#362,#363,#364,
    #365,#366,#367,#368),.UNSPECIFIED.,.T.,.F.,(7,5,5,5,5,5,5,5,5,5,5,5,
    5,5,5,5,5,5,5,5,5,5,5,5,5,7),(0.,3.935557262056E-02,
    9.690384502311E-02,0.122635904111,0.144019936673,0.162251319015,
    0.177894217964,0.249202157311,0.31076095905,0.357914812076,
    0.404781273472,0.435682486733,0.473310522766,0.526773247207,
    0.564279422171,0.595220674617,0.642129430353,0.689550669248,
    0.751047553471,0.823341129286,0.838933626639,0.857081932523,
    0.878319454334,0.903752152383,0.93587755987,1.),.UNSPECIFIED.);
#242 = CARTESIAN_POINT('',(1.570796326795,113.12303299312));
#243 = CARTESIAN_POINT('',(1.551308905833,113.12303299312));
#244 = CARTESIAN_POINT('',(1.531857458481,113.10608960029));
#245 = CARTESIAN_POINT('',(1.512596244658,113.07232037966));
#246 = CARTESIAN_POINT('',(1.493677914451,113.02242115729));
#247 = CARTESIAN_POINT('',(1.475252052253,112.95765796695));
#248 = CARTESIAN_POINT('',(1.431446808886,112.76618389535));
#249 = CARTESIAN_POINT('',(1.406802938001,112.62473074458));
#250 = CARTESIAN_POINT('',(1.383604585432,112.45979553611));
#251 = CARTESIAN_POINT('',(1.361903785512,112.27520454792));
#252 = CARTESIAN_POINT('',(1.341733740314,112.074468741));
#253 = CARTESIAN_POINT('',(1.314780335349,111.76534123064));
#254 = CARTESIAN_POINT('',(1.306750482773,111.66713075971));
#255 = CARTESIAN_POINT('',(1.29901596656,111.56643911832));
#256 = CARTESIAN_POINT('',(1.291573912267,111.46345814506));
#257 = CARTESIAN_POINT('',(1.284421478227,111.3583568144));
#258 = CARTESIAN_POINT('',(1.271850338622,111.16229855425));
#259 = CARTESIAN_POINT('',(1.266342982883,111.07195414465));
#260 = CARTESIAN_POINT('',(1.261032267674,110.98033288342));
#261 = CARTESIAN_POINT('',(1.25591686275,110.88751329933));
#262 = CARTESIAN_POINT('',(1.250995628278,110.79356757434));
#263 = CARTESIAN_POINT('',(1.242236652934,110.61756226215));
#264 = CARTESIAN_POINT('',(1.238346148287,110.5357927939));
#265 = CARTESIAN_POINT('',(1.234595524604,110.45329427648));
#266 = CARTESIAN_POINT('',(1.230984306968,110.37010594708));
#267 = CARTESIAN_POINT('',(1.227512121843,110.28626514239));
#268 = CARTESIAN_POINT('',(1.221318550438,110.12934074123));
#269 = CARTESIAN_POINT('',(1.218560558335,110.05642008498));
#270 = CARTESIAN_POINT('',(1.215904549888,109.98306782352));
#271 = CARTESIAN_POINT('',(1.213350396847,109.90930588552));
#272 = CARTESIAN_POINT('',(1.210898013588,109.83515563473));
#273 = CARTESIAN_POINT('',(1.197831921948,109.42094966583));
#274 = CARTESIAN_POINT('',(1.189224455032,109.07344198805));
#275 = CARTESIAN_POINT('',(1.182732677761,108.72031769144));
#276 = CARTESIAN_POINT('',(1.178363142898,108.36348738347));
#277 = CARTESIAN_POINT('',(1.176120830761,108.00470432966));
#278 = CARTESIAN_POINT('',(1.17591198427,107.3357771259));
#279 = CARTESIAN_POINT('',(1.177402862191,107.02586234131));
#280 = CARTESIAN_POINT('',(1.180480362833,106.71709630596));
#281 = CARTESIAN_POINT('',(1.185141576262,106.4106286807));
#282 = CARTESIAN_POINT('',(1.191381878267,106.10767894722));
#283 = CARTESIAN_POINT('',(1.205180020884,105.58126867849));
#284 = CARTESIAN_POINT('',(1.212087846044,105.35579678944));
#285 = CARTESIAN_POINT('',(1.219919115961,105.13366680423));
#286 = CARTESIAN_POINT('',(1.228676913234,104.91543053716));
#287 = CARTESIAN_POINT('',(1.238366537778,104.70173824706));
#288 = CARTESIAN_POINT('',(1.259559027966,104.28627144949));
#289 = CARTESIAN_POINT('',(1.27105108267,104.08442047455));
#290 = CARTESIAN_POINT('',(1.28348396237,103.88848041455));
#291 = CARTESIAN_POINT('',(1.296873714554,103.69929059177));
#292 = CARTESIAN_POINT('',(1.311237787866,103.51791448005));
#293 = CARTESIAN_POINT('',(1.336717416811,103.23213116692));
#294 = CARTESIAN_POINT('',(1.347275168956,103.12252437874));
#295 = CARTESIAN_POINT('',(1.358268364113,103.01729042929));
#296 = CARTESIAN_POINT('',(1.369697796414,102.91689786046));
#297 = CARTESIAN_POINT('',(1.381563182596,102.82186195624));
#298 = CARTESIAN_POINT('',(1.408841196998,102.6242299796));
#299 = CARTESIAN_POINT('',(1.424486056288,102.52433079303));
#300 = CARTESIAN_POINT('',(1.440751077803,102.43446379108));
#301 = CARTESIAN_POINT('',(1.457584221035,102.35591218062));
#302 = CARTESIAN_POINT('',(1.474928454519,102.28984036226));
#303 = CARTESIAN_POINT('',(1.518003256287,102.16266776128));
#304 = CARTESIAN_POINT('',(1.544174280892,102.1154095506));
#305 = CARTESIAN_POINT('',(1.570796326795,102.09925983536));
#306 = CARTESIAN_POINT('',(1.597418372698,102.1154095506));
#307 = CARTESIAN_POINT('',(1.623589397303,102.16266776128));
#308 = CARTESIAN_POINT('',(1.666606573672,102.28967023096));
#309 = CARTESIAN_POINT('',(1.683897065114,102.35548723857));
#310 = CARTESIAN_POINT('',(1.700680349528,102.43371093643));
#311 = CARTESIAN_POINT('',(1.716899344454,102.52318662158));
#312 = CARTESIAN_POINT('',(1.732501900863,102.62263905226));
#313 = CARTESIAN_POINT('',(1.759765148327,102.81977157571));
#314 = CARTESIAN_POINT('',(1.771653463468,102.91482774294));
#315 = CARTESIAN_POINT('',(1.783104731936,103.01526165774));
#316 = CARTESIAN_POINT('',(1.794118642471,103.12055544956));
#317 = CARTESIAN_POINT('',(1.804695970488,103.23023820101));
#318 = CARTESIAN_POINT('',(1.830215932917,103.51618006163));
#319 = CARTESIAN_POINT('',(1.844600092961,103.69765008272));
#320 = CARTESIAN_POINT('',(1.85800814287,103.88695408321));
#321 = CARTESIAN_POINT('',(1.870457580445,104.0830248196));
#322 = CARTESIAN_POINT('',(1.881964504844,104.28502011091));
#323 = CARTESIAN_POINT('',(1.90323421043,104.7017926188));
#324 = CARTESIAN_POINT('',(1.912977215007,104.91669812935));
#325 = CARTESIAN_POINT('',(1.921777889532,105.13619710939));
#326 = CARTESIAN_POINT('',(1.929641606642,105.35962842231));
#327 = CARTESIAN_POINT('',(1.936571475837,105.58643142697));
#328 = CARTESIAN_POINT('',(1.950344430227,106.1139712153));
#329 = CARTESIAN_POINT('',(1.956551167242,106.41666860877));
#330 = CARTESIAN_POINT('',(1.961182046254,106.72286048993));
#331 = CARTESIAN_POINT('',(1.964232454717,107.03133143134));
#332 = CARTESIAN_POINT('',(1.965699510804,107.34093505827));
#333 = CARTESIAN_POINT('',(1.965444376599,108.01448519646));
#334 = CARTESIAN_POINT('',(1.963117178286,108.378185565));
#335 = CARTESIAN_POINT('',(1.958603941462,108.73983554559));
#336 = CARTESIAN_POINT('',(1.951909883266,109.0976122367));
#337 = CARTESIAN_POINT('',(1.94304170642,109.44952295639));
#338 = CARTESIAN_POINT('',(1.929627202784,109.86739815454));
#339 = CARTESIAN_POINT('',(1.927146165098,109.94116519833));
#340 = CARTESIAN_POINT('',(1.924564002407,110.01454037395));
#341 = CARTESIAN_POINT('',(1.921880621207,110.08750241725));
#342 = CARTESIAN_POINT('',(1.919095884924,110.16002948175));
#343 = CARTESIAN_POINT('',(1.912850246395,110.3159819284));
#344 = CARTESIAN_POINT('',(1.909353329817,110.39924484726));
#345 = CARTESIAN_POINT('',(1.90571857911,110.48185270116));
#346 = CARTESIAN_POINT('',(1.901945608779,110.56376836827));
#347 = CARTESIAN_POINT('',(1.898033932903,110.6449527989));
#348 = CARTESIAN_POINT('',(1.889242439108,110.81946504981));
#349 = CARTESIAN_POINT('',(1.884311178376,110.91250689248));
#350 = CARTESIAN_POINT('',(1.87918822359,111.00442540521));
#351 = CARTESIAN_POINT('',(1.873872432436,111.09514912767));
#352 = CARTESIAN_POINT('',(1.868362479633,111.18460027758));
#353 = CARTESIAN_POINT('',(1.855824168046,111.37819105833));
#354 = CARTESIAN_POINT('',(1.848710994813,111.48173941527));
#355 = CARTESIAN_POINT('',(1.841314593399,111.58319702947));
#356 = CARTESIAN_POINT('',(1.833632208857,111.68239898913));
#357 = CARTESIAN_POINT('',(1.825661075138,111.77915826278));
#358 = CARTESIAN_POINT('',(1.806961405187,111.99213785892));
#359 = CARTESIAN_POINT('',(1.796056698464,112.10680786078));
#360 = CARTESIAN_POINT('',(1.784681671957,112.21680920863));
#361 = CARTESIAN_POINT('',(1.772835199045,112.32162146539));
#362 = CARTESIAN_POINT('',(1.76051737909,112.42066908643));
#363 = CARTESIAN_POINT('',(1.72220414504,112.69825234691));
#364 = CARTESIAN_POINT('',(1.694516164919,112.85979564326));
#365 = CARTESIAN_POINT('',(1.665056507363,112.98847988301));
#366 = CARTESIAN_POINT('',(1.634288116657,113.0776241137));
#367 = CARTESIAN_POINT('',(1.602698694679,113.12303299312));
#368 = CARTESIAN_POINT('',(1.570796326795,113.12303299312));
#369 = ( GEOMETRIC_REPRESENTATION_CONTEXT(2) 
PARAMETRIC_REPRESENTATION_CONTEXT() REPRESENTATION_CONTEXT('2D SPACE',''
  ) );
#370 = PCURVE('',#371,#376);
#371 = CYLINDRICAL_SURFACE('',#372,5.5);
#372 = AXIS2_PLACEMENT_3D('',#373,#374,#375);
#373 = CARTESIAN_POINT('',(163.62303299312,0.,6.));
#374 = DIRECTION('',(0.,0.,1.));
#375 = DIRECTION('',(1.,0.,-0.));
#376 = DEFINITIONAL_REPRESENTATION('',(#377),#505);
#377 = B_SPLINE_CURVE_WITH_KNOTS('',6,(#378,#379,#380,#381,#382,#383,
    #384,#385,#386,#387,#388,#389,#390,#391,#392,#393,#394,#395,#396,
    #397,#398,#399,#400,#401,#402,#403,#404,#405,#406,#407,#408,#409,
    #410,#411,#412,#413,#414,#415,#416,#417,#418,#419,#420,#421,#422,
    #423,#424,#425,#426,#427,#428,#429,#430,#431,#432,#433,#434,#435,
    #436,#437,#438,#439,#440,#441,#442,#443,#444,#445,#446,#447,#448,
    #449,#450,#451,#452,#453,#454,#455,#456,#457,#458,#459,#460,#461,
    #462,#463,#464,#465,#466,#467,#468,#469,#470,#471,#472,#473,#474,
    #475,#476,#477,#478,#479,#480,#481,#482,#483,#484,#485,#486,#487,
    #488,#489,#490,#491,#492,#493,#494,#495,#496,#497,#498,#499,#500,
    #501,#502,#503,#504),.UNSPECIFIED.,.F.,.F.,(7,5,5,5,5,5,5,5,5,5,5,5,
    5,5,5,5,5,5,5,5,5,5,5,5,5,7),(0.,3.935557262056E-02,
    9.690384502311E-02,0.122635904111,0.144019936673,0.162251319015,
    0.177894217964,0.249202157311,0.31076095905,0.357914812076,
    0.404781273472,0.435682486733,0.473310522766,0.526773247207,
    0.564279422171,0.595220674617,0.642129430353,0.689550669248,
    0.751047553471,0.823341129286,0.838933626639,0.857081932523,
    0.878319454334,0.903752152383,0.93587755987,1.),.UNSPECIFIED.);
#378 = CARTESIAN_POINT('',(0.,8.3));
#379 = CARTESIAN_POINT('',(5.066729450158E-02,8.3));
#380 = CARTESIAN_POINT('',(0.101241043294,8.293483333927));
#381 = CARTESIAN_POINT('',(0.151519767286,8.280495062295));
#382 = CARTESIAN_POINT('',(0.201302011967,8.261431617289));
#383 = CARTESIAN_POINT('',(0.250366745611,8.237029334077));
#384 = CARTESIAN_POINT('',(0.368763661191,8.166186540043));
#385 = CARTESIAN_POINT('',(0.436946497898,8.114793167994));
#386 = CARTESIAN_POINT('',(0.503179416196,8.056530418857));
#387 = CARTESIAN_POINT('',(0.567576604922,7.993829412583));
#388 = CARTESIAN_POINT('',(0.630219650071,7.928887732543));
#389 = CARTESIAN_POINT('',(0.718394872196,7.834393624426));
#390 = CARTESIAN_POINT('',(0.745331829729,7.805088620542));
#391 = CARTESIAN_POINT('',(0.771981421468,7.775823454935));
#392 = CARTESIAN_POINT('',(0.798363398301,7.746733962821));
#393 = CARTESIAN_POINT('',(0.824497096925,7.717943878027));
#394 = CARTESIAN_POINT('',(0.871928644903,7.665981083978));
#395 = CARTESIAN_POINT('',(0.893297231715,7.6426817614));
#396 = CARTESIAN_POINT('',(0.914517884404,7.619731338106));
#397 = CARTESIAN_POINT('',(0.93560078122,7.597190130009));
#398 = CARTESIAN_POINT('',(0.956555594549,7.575114296091));
#399 = CARTESIAN_POINT('',(0.995155548821,7.535175746449));
#400 = CARTESIAN_POINT('',(1.01283312841,7.517171859043));
#401 = CARTESIAN_POINT('',(1.030429882026,7.499576526403));
#402 = CARTESIAN_POINT('',(1.047951183074,7.482420285963));
#403 = CARTESIAN_POINT('',(1.065402126013,7.465731862372));
#404 = CARTESIAN_POINT('',(1.097704555436,7.435643646064));
#405 = CARTESIAN_POINT('',(1.112573324793,7.422113369835));
#406 = CARTESIAN_POINT('',(1.12739687099,7.408964369968));
#407 = CARTESIAN_POINT('',(1.142178093297,7.396212755576));
#408 = CARTESIAN_POINT('',(1.15691975369,7.383873713723));
#409 = CARTESIAN_POINT('',(1.23865575475,7.31765989023));
#410 = CARTESIAN_POINT('',(1.304955840463,7.272198396808));
#411 = CARTESIAN_POINT('',(1.370724455041,7.236985539303));
#412 = CARTESIAN_POINT('',(1.436146148133,7.212968583615));
#413 = CARTESIAN_POINT('',(1.501400972358,7.200635924844));
#414 = CARTESIAN_POINT('',(1.623025133147,7.1994872789));
#415 = CARTESIAN_POINT('',(1.679358027511,7.207686938346));
#416 = CARTESIAN_POINT('',(1.735788515765,7.224621736528));
#417 = CARTESIAN_POINT('',(1.792428516911,7.250035724268));
#418 = CARTESIAN_POINT('',(1.849391786702,7.283414149222));
#419 = CARTESIAN_POINT('',(1.950771884401,7.355060203308));
#420 = CARTESIAN_POINT('',(1.995005318928,7.39035607272));
#421 = CARTESIAN_POINT('',(2.039576712236,7.429540624316));
#422 = CARTESIAN_POINT('',(2.084564553525,7.472209122053));
#423 = CARTESIAN_POINT('',(2.130050456142,7.517871740562));
#424 = CARTESIAN_POINT('',(2.221912132108,7.613719937736));
#425 = CARTESIAN_POINT('',(2.268283354754,7.663878766912));
#426 = CARTESIAN_POINT('',(2.315344743076,7.715868261671));
#427 = CARTESIAN_POINT('',(2.363205965922,7.76904201187));
#428 = CARTESIAN_POINT('',(2.411981249693,7.822631973369));
#429 = CARTESIAN_POINT('',(2.494637258576,7.910727840513));
#430 = CARTESIAN_POINT('',(2.527939741571,7.945524503315));
#431 = CARTESIAN_POINT('',(2.561726723273,7.979839578225));
#432 = CARTESIAN_POINT('',(2.596023930062,8.013371130591));
#433 = CARTESIAN_POINT('',(2.630859398764,8.045791543797));
#434 = CARTESIAN_POINT('',(2.709379491178,8.114449230505));
#435 = CARTESIAN_POINT('',(2.753403802105,8.150037203688));
#436 = CARTESIAN_POINT('',(2.798263312431,8.182748665116));
#437 = CARTESIAN_POINT('',(2.843904129799,8.211831929278));
#438 = CARTESIAN_POINT('',(2.890288432931,8.236592913588));
#439 = CARTESIAN_POINT('',(3.004310818043,8.284635537606));
#440 = CARTESIAN_POINT('',(3.072633282971,8.30289047996));
#441 = CARTESIAN_POINT('',(3.14159265359,8.309239107342));
#442 = CARTESIAN_POINT('',(3.210552024209,8.302890479959));
#443 = CARTESIAN_POINT('',(3.278874489136,8.284635537606));
#444 = CARTESIAN_POINT('',(3.392744335289,8.236657184931));
#445 = CARTESIAN_POINT('',(3.438983314744,8.211991170696));
#446 = CARTESIAN_POINT('',(3.484484820528,8.183027370349));
#447 = CARTESIAN_POINT('',(3.529209942939,8.150453701981));
#448 = CARTESIAN_POINT('',(3.573103750228,8.115016136636));
#449 = CARTESIAN_POINT('',(3.651551903367,8.046506266679));
#450 = CARTESIAN_POINT('',(3.686441222097,8.014066282001));
#451 = CARTESIAN_POINT('',(3.7207905087,7.980507565457));
#452 = CARTESIAN_POINT('',(3.754627887452,7.946159289944));
#453 = CARTESIAN_POINT('',(3.787979154125,7.91132483781));
#454 = CARTESIAN_POINT('',(3.870734437215,7.823146473029));
#455 = CARTESIAN_POINT('',(3.919559141375,7.769507794353));
#456 = CARTESIAN_POINT('',(3.967467501876,7.716281198132));
#457 = CARTESIAN_POINT('',(4.01457406394,7.664237280298));
#458 = CARTESIAN_POINT('',(4.06098879279,7.614024510842));
#459 = CARTESIAN_POINT('',(4.153154621623,7.517843218369));
#460 = CARTESIAN_POINT('',(4.198895713996,7.471924320328));
#461 = CARTESIAN_POINT('',(4.244133351633,7.429034856715));
#462 = CARTESIAN_POINT('',(4.288950458663,7.389672731363));
#463 = CARTESIAN_POINT('',(4.333426768742,7.354248844886));
#464 = CARTESIAN_POINT('',(4.43497997946,7.282702299068));
#465 = CARTESIAN_POINT('',(4.491877994045,7.24949329849));
#466 = CARTESIAN_POINT('',(4.548455088845,7.224239693524));
#467 = CARTESIAN_POINT('',(4.604824527054,7.207452190913));
#468 = CARTESIAN_POINT('',(4.661097763971,7.19938365418));
#469 = CARTESIAN_POINT('',(4.783562956271,7.200786874768));
#470 = CARTESIAN_POINT('',(4.849717302914,7.2135862865));
#471 = CARTESIAN_POINT('',(4.916046983571,7.238389443736));
#472 = CARTESIAN_POINT('',(4.982740294339,7.274677988395));
#473 = CARTESIAN_POINT('',(5.04999042286,7.321449631136));
#474 = CARTESIAN_POINT('',(5.132677029763,7.389242815244));
#475 = CARTESIAN_POINT('',(5.147384514288,7.401690357814));
#476 = CARTESIAN_POINT('',(5.162132087584,7.414543445541));
#477 = CARTESIAN_POINT('',(5.176922513487,7.427786843915));
#478 = CARTESIAN_POINT('',(5.191758692607,7.441404407253));
#479 = CARTESIAN_POINT('',(5.223968467793,7.47164437645));
#480 = CARTESIAN_POINT('',(5.241359359183,7.488393408594));
#481 = CARTESIAN_POINT('',(5.258821133976,7.505599331172));
#482 = CARTESIAN_POINT('',(5.276358864394,7.523233508218));
#483 = CARTESIAN_POINT('',(5.293977897396,7.541265511762));
#484 = CARTESIAN_POINT('',(5.332403731041,7.581192384535));
#485 = CARTESIAN_POINT('',(5.353242586831,7.603222126992));
#486 = CARTESIAN_POINT('',(5.374209476222,7.625700911233));
#487 = CARTESIAN_POINT('',(5.395313941151,7.648573209118));
#488 = CARTESIAN_POINT('',(5.416566011329,7.671779402331));
#489 = CARTESIAN_POINT('',(5.463615682139,7.723369593878));
#490 = CARTESIAN_POINT('',(5.489481607423,7.751870099865));
#491 = CARTESIAN_POINT('',(5.515592336645,7.780648544163));
#492 = CARTESIAN_POINT('',(5.541966586512,7.809584508496));
#493 = CARTESIAN_POINT('',(5.568623433868,7.838545912488));
#494 = CARTESIAN_POINT('',(5.629635527926,7.903822284582));
#495 = CARTESIAN_POINT('',(5.664179182084,7.940075456409));
#496 = CARTESIAN_POINT('',(5.699242517236,7.975846005471));
#497 = CARTESIAN_POINT('',(5.734854716422,8.01079755168));
#498 = CARTESIAN_POINT('',(5.771047603034,8.044563498357));
#499 = CARTESIAN_POINT('',(5.881332707879,8.140996397814));
#500 = CARTESIAN_POINT('',(5.958100968513,8.199679734601));
#501 = CARTESIAN_POINT('',(6.037232745088,8.248247118938));
#502 = CARTESIAN_POINT('',(6.118106843853,8.282535521768));
#503 = CARTESIAN_POINT('',(6.20023915068,8.3));
#504 = CARTESIAN_POINT('',(6.28318530718,8.3));
#505 = ( GEOMETRIC_REPRESENTATION_CONTEXT(2) 
PARAMETRIC_REPRESENTATION_CONTEXT() REPRESENTATION_CONTEXT('2D SPACE',''
  ) );
#506 = ADVANCED_FACE('',(#507),#371,.F.);
#507 = FACE_BOUND('',#508,.F.);
#508 = EDGE_LOOP('',(#509,#510,#533,#916));
#509 = ORIENTED_EDGE('',*,*,#107,.F.);
#510 = ORIENTED_EDGE('',*,*,#511,.F.);
#511 = EDGE_CURVE('',#512,#108,#514,.T.);
#512 = VERTEX_POINT('',#513);
#513 = CARTESIAN_POINT('',(169.12303299312,-1.347111479062E-15,11.));
#514 = SEAM_CURVE('',#515,(#519,#526),.PCURVE_S1.);
#515 = LINE('',#516,#517);
#516 = CARTESIAN_POINT('',(169.12303299312,-1.347111479062E-15,6.));
#517 = VECTOR('',#518,1.);
#518 = DIRECTION('',(0.,0.,1.));
#519 = PCURVE('',#371,#520);
#520 = DEFINITIONAL_REPRESENTATION('',(#521),#525);
#521 = LINE('',#522,#523);
#522 = CARTESIAN_POINT('',(6.28318530718,-0.));
#523 = VECTOR('',#524,1.);
#524 = DIRECTION('',(0.,1.));
#525 = ( GEOMETRIC_REPRESENTATION_CONTEXT(2) 
PARAMETRIC_REPRESENTATION_CONTEXT() REPRESENTATION_CONTEXT('2D SPACE',''
  ) );
#526 = PCURVE('',#371,#527);
#527 = DEFINITIONAL_REPRESENTATION('',(#528),#532);
#528 = LINE('',#529,#530);
#529 = CARTESIAN_POINT('',(0.,-0.));
#530 = VECTOR('',#531,1.);
#531 = DIRECTION('',(0.,1.));
#532 = ( GEOMETRIC_REPRESENTATION_CONTEXT(2) 
PARAMETRIC_REPRESENTATION_CONTEXT() REPRESENTATION_CONTEXT('2D SPACE',''
  ) );
#533 = ORIENTED_EDGE('',*,*,#534,.T.);
#534 = EDGE_CURVE('',#512,#512,#535,.T.);
#535 = SURFACE_CURVE('',#536,(#659,#785),.PCURVE_S1.);
#536 = B_SPLINE_CURVE_WITH_KNOTS('',7,(#537,#538,#539,#540,#541,#542,
    #543,#544,#545,#546,#547,#548,#549,#550,#551,#552,#553,#554,#555,
    #556,#557,#558,#559,#560,#561,#562,#563,#564,#565,#566,#567,#568,
    #569,#570,#571,#572,#573,#574,#575,#576,#577,#578,#579,#580,#581,
    #582,#583,#584,#585,#586,#587,#588,#589,#590,#591,#592,#593,#594,
    #595,#596,#597,#598,#599,#600,#601,#602,#603,#604,#605,#606,#607,
    #608,#609,#610,#611,#612,#613,#614,#615,#616,#617,#618,#619,#620,
    #621,#622,#623,#624,#625,#626,#627,#628,#629,#630,#631,#632,#633,
    #634,#635,#636,#637,#638,#639,#640,#641,#642,#643,#644,#645,#646,
    #647,#648,#649,#650,#651,#652,#653,#654,#655,#656,#657,#658),
  .UNSPECIFIED.,.T.,.F.,(8,6,6,6,6,6,6,6,6,6,6,6,6,6,6,6,6,6,6,6,8),(0.,
    5.789162511806E-02,8.533044774414E-02,0.106104914848,0.168271091746,
    0.207258047193,0.250243197785,0.33179253104,0.379537844459,
    0.415692271319,0.465565569134,0.525209680784,0.558710290166,
    0.60560003321,0.669795668108,0.750523240922,0.793964542588,
    0.83170792413,0.915219348908,0.964885157186,1.),.UNSPECIFIED.);
#537 = CARTESIAN_POINT('',(169.12303299312,0.,11.));
#538 = CARTESIAN_POINT('',(169.12303299312,0.35539283823,11.));
#539 = CARTESIAN_POINT('',(169.09624095678,0.708140768853,10.9866039648)
  );
#540 = CARTESIAN_POINT('',(169.04337606432,1.05450647612,10.960171612787
    ));
#541 = CARTESIAN_POINT('',(168.96601347188,1.390849883527,
    10.921798430718));
#542 = CARTESIAN_POINT('',(168.86658035117,1.713736901098,
    10.873269380929));
#543 = CARTESIAN_POINT('',(168.74840011255,2.020041208168,
    10.816912272291));
#544 = CARTESIAN_POINT('',(168.55292930004,2.443067097337,10.72617257693
    ));
#545 = CARTESIAN_POINT('',(168.48656552998,2.575332463621,
    10.695701960299));
#546 = CARTESIAN_POINT('',(168.41693791069,2.703835934015,
    10.664123916841));
#547 = CARTESIAN_POINT('',(168.34427586635,2.828586199713,
    10.631615914692));
#548 = CARTESIAN_POINT('',(168.26879409595,2.949599714004,
    10.598347288286));
#549 = CARTESIAN_POINT('',(168.19069283305,3.066900526699,
    10.564478608321));
#550 = CARTESIAN_POINT('',(168.04918369474,3.266543724822,
    10.504178561148));
#551 = CARTESIAN_POINT('',(167.98680529705,3.35046979508,10.477934960658
    ));
#552 = CARTESIAN_POINT('',(167.92309526672,3.432321586035,
    10.451492434809));
#553 = CARTESIAN_POINT('',(167.85812026869,3.512123027015,
    10.424910109536));
#554 = CARTESIAN_POINT('',(167.79194127873,3.589898719982,
    10.398244052167));
#555 = CARTESIAN_POINT('',(167.72461358342,3.665673939532,
    10.371547271418));
#556 = CARTESIAN_POINT('',(167.45142423511,3.960318177799,
    10.265038955236));
#557 = CARTESIAN_POINT('',(167.23671288588,4.163595145834,
    10.185339292934));
#558 = CARTESIAN_POINT('',(167.01346194908,4.349852950479,
    10.107151445825));
#559 = CARTESIAN_POINT('',(166.782766956,4.519610941799,10.031672516727)
  );
#560 = CARTESIAN_POINT('',(166.54546505204,4.673323348266,9.95995000517)
  );
#561 = CARTESIAN_POINT('',(166.30219029622,4.811342218575,9.892915816621
    ));
#562 = CARTESIAN_POINT('',(165.89742053953,5.010729052461,9.792853897055
    ));
#563 = CARTESIAN_POINT('',(165.73929650823,5.081468385096,9.756476171891
    ));
#564 = CARTESIAN_POINT('',(165.57926130453,5.146115994724,9.722514885645
    ));
#565 = CARTESIAN_POINT('',(165.41750733969,5.204686195401,9.691177785591
    ));
#566 = CARTESIAN_POINT('',(165.25421513092,5.257188682535,9.662651207792
    ));
#567 = CARTESIAN_POINT('',(165.08955343378,5.303627233543,9.637098708055
    ));
#568 = CARTESIAN_POINT('',(164.74079457815,5.388509733297,9.589919508989
    ));
#569 = CARTESIAN_POINT('',(164.55644730727,5.425642595519,9.568965526924
    ));
#570 = CARTESIAN_POINT('',(164.370936895,5.455371960531,9.551996798756)
  );
#571 = CARTESIAN_POINT('',(164.18455636452,5.477680977407,9.539165506061
    ));
#572 = CARTESIAN_POINT('',(163.99759258849,5.492559065332,9.530575266706
    ));
#573 = CARTESIAN_POINT('',(163.81032644826,5.5,9.526279441629));
#574 = CARTESIAN_POINT('',(163.26770897587,5.5,9.526279441629));
#575 = CARTESIAN_POINT('',(162.91290039074,5.473219029275,9.541741389519
    ));
#576 = CARTESIAN_POINT('',(162.56022393083,5.419794640709,9.572586139533
    ));
#577 = CARTESIAN_POINT('',(162.21133374623,5.33978114872,9.618149402249)
  );
#578 = CARTESIAN_POINT('',(161.86799279705,5.233177597804,9.677184969376
    ));
#579 = CARTESIAN_POINT('',(161.53214055777,5.100003081975,9.747916224145
    ));
#580 = CARTESIAN_POINT('',(161.01498392745,4.846986742073,9.875102787901
    ));
#581 = CARTESIAN_POINT('',(160.82717694527,4.744429157447,9.925358541646
    ));
#582 = CARTESIAN_POINT('',(160.64277987141,4.632655141114,9.97851843678)
  );
#583 = CARTESIAN_POINT('',(160.46208421442,4.511531330597,
    10.034166183853));
#584 = CARTESIAN_POINT('',(160.28544235328,4.38089031501,10.091847062369
    ));
#585 = CARTESIAN_POINT('',(160.11328064404,4.240538429008,
    10.151061017398));
#586 = CARTESIAN_POINT('',(159.81952696132,3.976470132235,10.25683732483
    ));
#587 = CARTESIAN_POINT('',(159.69578721666,3.856971516893,
    10.302987409975));
#588 = CARTESIAN_POINT('',(159.57508316015,3.731639821924,
    10.349479354424));
#589 = CARTESIAN_POINT('',(159.45765126392,3.60034656688,10.396063961316
    ));
#590 = CARTESIAN_POINT('',(159.34377448198,3.462962717754,
    10.442467983319));
#591 = CARTESIAN_POINT('',(159.23378212775,3.319358735093,
    10.488392611831));
#592 = CARTESIAN_POINT('',(158.98219700986,2.962550115319,
    10.595751951465));
#593 = CARTESIAN_POINT('',(158.84412659621,2.743151332745,
    10.656598132747));
#594 = CARTESIAN_POINT('',(158.71522860331,2.511246236913,
    10.715038958811));
#595 = CARTESIAN_POINT('',(158.59694184603,2.26697094928,10.76998539131)
  );
#596 = CARTESIAN_POINT('',(158.49076872987,2.01057435408,10.820290632135
    ));
#597 = CARTESIAN_POINT('',(158.3982933706,1.742434726046,10.864776419843
    ));
#598 = CARTESIAN_POINT('',(158.22900956751,1.128992574512,
    10.947100035792));
#599 = CARTESIAN_POINT('',(158.15860024137,0.778070106776,
    10.982034819405));
#600 = CARTESIAN_POINT('',(158.11433967674,0.415732636893,
    11.004345607749));
#601 = CARTESIAN_POINT('',(158.09865822569,4.777306951752E-02,
    11.012283294862));
#602 = CARTESIAN_POINT('',(158.11219255022,-0.319844958795,
    11.005379449925));
#603 = CARTESIAN_POINT('',(158.15380091349,-0.681194158499,
    10.984495352442));
#604 = CARTESIAN_POINT('',(158.25788999221,-1.226848217937,
    10.933146800978));
#605 = CARTESIAN_POINT('',(158.30319305828,-1.419148309019,
    10.91091126829));
#606 = CARTESIAN_POINT('',(158.35590352896,-1.607055436752,
    10.885220465168));
#607 = CARTESIAN_POINT('',(158.41552578468,-1.790159549214,
    10.856425782797));
#608 = CARTESIAN_POINT('',(158.48152387687,-1.968082874708,
    10.824909750873));
#609 = CARTESIAN_POINT('',(158.55331803514,-2.140480187176,
    10.791077928473));
#610 = CARTESIAN_POINT('',(158.73800404575,-2.54016627254,
    10.705344656457));
#611 = CARTESIAN_POINT('',(158.85597964074,-2.76212982648,
    10.651566542099));
#612 = CARTESIAN_POINT('',(158.98298457154,-2.973008665073,
    10.594942254317));
#613 = CARTESIAN_POINT('',(159.11796081899,-3.172959121139,
    10.536317521406));
#614 = CARTESIAN_POINT('',(159.25999822295,-3.362190967416,
    10.476454222748));
#615 = CARTESIAN_POINT('',(159.40831951159,-3.540945055025,
    10.416033501207));
#616 = CARTESIAN_POINT('',(159.77303491465,-3.940199549597,
    10.273017723884));
#617 = CARTESIAN_POINT('',(159.99460913079,-4.152043194694,
    10.190366797997));
#618 = CARTESIAN_POINT('',(160.22539853509,-4.345612744921,
    10.109261990959));
#619 = CARTESIAN_POINT('',(160.46417620778,-4.521488325173,
    10.031036433111));
#620 = CARTESIAN_POINT('',(160.71001360267,-4.680176797891,
    9.956851541754));
#621 = CARTESIAN_POINT('',(160.96221472795,-4.822067400969,
    9.887737534182));
#622 = CARTESIAN_POINT('',(161.54473833564,-5.104979790262,
    9.745271397674));
#623 = CARTESIAN_POINT('',(161.87871742841,-5.236495891091,
    9.675346882766));
#624 = CARTESIAN_POINT('',(162.22005152808,-5.341774477486,
    9.617014265162));
#625 = CARTESIAN_POINT('',(162.56683693019,-5.420794100494,
    9.572009095055));
#626 = CARTESIAN_POINT('',(162.91734102507,-5.47355376854,9.541548130551
    ));
#627 = CARTESIAN_POINT('',(163.26993665728,-5.5,9.526279441629));
#628 = CARTESIAN_POINT('',(163.81304198147,-5.5,9.526279441629));
#629 = CARTESIAN_POINT('',(164.00302169063,-5.492341733901,
    9.530700726086));
#630 = CARTESIAN_POINT('',(164.19268560005,-5.477029311967,9.53954175975
    ));
#631 = CARTESIAN_POINT('',(164.38174093254,-5.454069284076,
    9.552746019983));
#632 = CARTESIAN_POINT('',(164.56988848008,-5.423472717616,
    9.570203836786));
#633 = CARTESIAN_POINT('',(164.75682242972,-5.385257275378,
    9.591754232819));
#634 = CARTESIAN_POINT('',(165.10331918873,-5.299649654089,
    9.639283470241));
#635 = CARTESIAN_POINT('',(165.26325041443,-5.254120043275,
    9.664310055927));
#636 = CARTESIAN_POINT('',(165.42187915757,-5.202863244958,
    9.692137127787));
#637 = CARTESIAN_POINT('',(165.57905031343,-5.145875641426,
    9.722613824545));
#638 = CARTESIAN_POINT('',(165.7345982691,-5.083148337957,9.755569002757
    ));
#639 = CARTESIAN_POINT('',(165.88834679113,-5.014668287457,
    9.790812423212));
#640 = CARTESIAN_POINT('',(166.3758994679,-4.776135536346,9.910718358808
    ));
#641 = CARTESIAN_POINT('',(166.70148646402,-4.583843549099,
    10.003366568711));
#642 = CARTESIAN_POINT('',(167.01591991656,-4.363008337675,
    10.104027976511));
#643 = CARTESIAN_POINT('',(167.31766449917,-4.112579877766,
    10.210399237614));
#644 = CARTESIAN_POINT('',(167.60440059182,-3.831164011186,
    10.319784345873));
#645 = CARTESIAN_POINT('',(167.87276964135,-3.51722367906,
    10.428857475784));
#646 = CARTESIAN_POINT('',(168.26386897651,-2.962550115131,
    10.595751951521));
#647 = CARTESIAN_POINT('',(168.40193939001,-2.743151332736,
    10.656598132741));
#648 = CARTESIAN_POINT('',(168.53083738282,-2.511246237086,
    10.715038958763));
#649 = CARTESIAN_POINT('',(168.64912414016,-2.266970949442,
    10.769985391284));
#650 = CARTESIAN_POINT('',(168.75529725641,-2.010574354031,
    10.820290632157));
#651 = CARTESIAN_POINT('',(168.8477726157,-1.742434725795,
    10.864776419877));
#652 = CARTESIAN_POINT('',(168.97936767091,-1.265567167736,10.9287717968
    ));
#653 = CARTESIAN_POINT('',(169.02616253684,-1.062518148719,
    10.951771107786));
#654 = CARTESIAN_POINT('',(169.06444178376,-0.854917370618,
    10.970745893074));
#655 = CARTESIAN_POINT('',(169.09359599227,-0.643794976309,
    10.985281492586));
#656 = CARTESIAN_POINT('',(169.11320465977,-0.430212878371,
    10.995085836378));
#657 = CARTESIAN_POINT('',(169.12303299312,-0.215252130805,11.));
#658 = CARTESIAN_POINT('',(169.12303299312,0.,11.));
#659 = PCURVE('',#371,#660);
#660 = DEFINITIONAL_REPRESENTATION('',(#661),#784);
#661 = B_SPLINE_CURVE_WITH_KNOTS('',7,(#662,#663,#664,#665,#666,#667,
    #668,#669,#670,#671,#672,#673,#674,#675,#676,#677,#678,#679,#680,
    #681,#682,#683,#684,#685,#686,#687,#688,#689,#690,#691,#692,#693,
    #694,#695,#696,#697,#698,#699,#700,#701,#702,#703,#704,#705,#706,
    #707,#708,#709,#710,#711,#712,#713,#714,#715,#716,#717,#718,#719,
    #720,#721,#722,#723,#724,#725,#726,#727,#728,#729,#730,#731,#732,
    #733,#734,#735,#736,#737,#738,#739,#740,#741,#742,#743,#744,#745,
    #746,#747,#748,#749,#750,#751,#752,#753,#754,#755,#756,#757,#758,
    #759,#760,#761,#762,#763,#764,#765,#766,#767,#768,#769,#770,#771,
    #772,#773,#774,#775,#776,#777,#778,#779,#780,#781,#782,#783),
  .UNSPECIFIED.,.F.,.F.,(8,6,6,6,6,6,6,6,6,6,6,6,6,6,6,6,6,6,6,6,8),(0.,
    5.789162511806E-02,8.533044774414E-02,0.106104914848,0.168271091746,
    0.207258047193,0.250243197785,0.33179253104,0.379537844459,
    0.415692271319,0.465565569134,0.525209680784,0.558710290166,
    0.60560003321,0.669795668108,0.750523240922,0.793964542588,
    0.83170792413,0.915219348908,0.964885157186,1.),.UNSPECIFIED.);
#662 = CARTESIAN_POINT('',(0.,5.));
#663 = CARTESIAN_POINT('',(6.461687967821E-02,5.));
#664 = CARTESIAN_POINT('',(0.128752828739,4.9866039648));
#665 = CARTESIAN_POINT('',(0.192169243,4.960171612787));
#666 = CARTESIAN_POINT('',(0.254614750483,4.921798430718));
#667 = CARTESIAN_POINT('',(0.315800802572,4.873269380929));
#668 = CARTESIAN_POINT('',(0.375369291389,4.816912272291));
#669 = CARTESIAN_POINT('',(0.46009729401,4.72617257693));
#670 = CARTESIAN_POINT('',(0.486988936242,4.695701960299));
#671 = CARTESIAN_POINT('',(0.513541609497,4.664123916841));
#672 = CARTESIAN_POINT('',(0.53976846673,4.631615914692));
#673 = CARTESIAN_POINT('',(0.565681743246,4.598347288286));
#674 = CARTESIAN_POINT('',(0.591293175512,4.564478608321));
#675 = CARTESIAN_POINT('',(0.635785627386,4.504178561148));
#676 = CARTESIAN_POINT('',(0.654793374194,4.477934960658));
#677 = CARTESIAN_POINT('',(0.673644866642,4.451492434809));
#678 = CARTESIAN_POINT('',(0.692347309461,4.424910109536));
#679 = CARTESIAN_POINT('',(0.710907905865,4.398244052167));
#680 = CARTESIAN_POINT('',(0.729333857548,4.371547271418));
#681 = CARTESIAN_POINT('',(0.802389400139,4.265038955236));
#682 = CARTESIAN_POINT('',(0.856034540212,4.185339292934));
#683 = CARTESIAN_POINT('',(0.908733324857,4.107151445825));
#684 = CARTESIAN_POINT('',(0.960640671205,4.031672516727));
#685 = CARTESIAN_POINT('',(1.011905053451,3.95995000517));
#686 = CARTESIAN_POINT('',(1.062672682752,3.892915816621));
#687 = CARTESIAN_POINT('',(1.144711509572,3.792853897055));
#688 = CARTESIAN_POINT('',(1.176185545159,3.756476171891));
#689 = CARTESIAN_POINT('',(1.207533508572,3.722514885645));
#690 = CARTESIAN_POINT('',(1.238774659526,3.691177785591));
#691 = CARTESIAN_POINT('',(1.269928309068,3.662651207792));
#692 = CARTESIAN_POINT('',(1.301014325881,3.637098708055));
#693 = CARTESIAN_POINT('',(1.366276107224,3.589919508989));
#694 = CARTESIAN_POINT('',(1.400439677383,3.568965526924));
#695 = CARTESIAN_POINT('',(1.434555891729,3.551996798756));
#696 = CARTESIAN_POINT('',(1.468636676593,3.539165506061));
#697 = CARTESIAN_POINT('',(1.502694574273,3.530575266706));
#698 = CARTESIAN_POINT('',(1.536742971314,3.526279441629));
#699 = CARTESIAN_POINT('',(1.635400693567,3.526279441629));
#700 = CARTESIAN_POINT('',(1.699911309648,3.541741389519));
#701 = CARTESIAN_POINT('',(1.764474824254,3.572586139533));
#702 = CARTESIAN_POINT('',(1.829224806629,3.618149402249));
#703 = CARTESIAN_POINT('',(1.894287264371,3.677184969376));
#704 = CARTESIAN_POINT('',(1.959779605696,3.747916224145));
#705 = CARTESIAN_POINT('',(2.064458295271,3.875102787901));
#706 = CARTESIAN_POINT('',(2.103325511528,3.925358541646));
#707 = CARTESIAN_POINT('',(2.142466715234,3.97851843678));
#708 = CARTESIAN_POINT('',(2.181943764228,4.034166183853));
#709 = CARTESIAN_POINT('',(2.221819397691,4.091847062369));
#710 = CARTESIAN_POINT('',(2.262158280458,4.151061017398));
#711 = CARTESIAN_POINT('',(2.333976069058,4.25683732483));
#712 = CARTESIAN_POINT('',(2.365232737577,4.302987409975));
#713 = CARTESIAN_POINT('',(2.396836435859,4.349479354424));
#714 = CARTESIAN_POINT('',(2.428823478917,4.396063961316));
#715 = CARTESIAN_POINT('',(2.461229849779,4.442467983319));
#716 = CARTESIAN_POINT('',(2.494092935462,4.488392611831));
#717 = CARTESIAN_POINT('',(2.573472234695,4.595751951465));
#718 = CARTESIAN_POINT('',(2.620539852747,4.656598132747));
#719 = CARTESIAN_POINT('',(2.668663906367,4.715038958811));
#720 = CARTESIAN_POINT('',(2.717865467317,4.76998539131));
#721 = CARTESIAN_POINT('',(2.768177411382,4.820290632135));
#722 = CARTESIAN_POINT('',(2.819646171447,4.864776419843));
#723 = CARTESIAN_POINT('',(2.935350022432,4.947100035792));
#724 = CARTESIAN_POINT('',(3.000260509649,4.982034819405));
#725 = CARTESIAN_POINT('',(3.066316094021,5.004345607749));
#726 = CARTESIAN_POINT('',(3.132902189769,5.012283294862));
#727 = CARTESIAN_POINT('',(3.19946125116,5.005379449925));
#728 = CARTESIAN_POINT('',(3.265414838316,4.984495352442));
#729 = CARTESIAN_POINT('',(3.366413633643,4.933146800978));
#730 = CARTESIAN_POINT('',(3.402301455009,4.91091126829));
#731 = CARTESIAN_POINT('',(3.4377352866,4.885220465168));
#732 = CARTESIAN_POINT('',(3.472694924302,4.856425782797));
#733 = CARTESIAN_POINT('',(3.507155179772,4.824909750873));
#734 = CARTESIAN_POINT('',(3.541084710016,4.791077928473));
#735 = CARTESIAN_POINT('',(3.621137975206,4.705344656457));
#736 = CARTESIAN_POINT('',(3.666770491875,4.651566542099));
#737 = CARTESIAN_POINT('',(3.711428326967,4.594942254317));
#738 = CARTESIAN_POINT('',(3.755189064227,4.536317521406));
#739 = CARTESIAN_POINT('',(3.798125935423,4.476454222748));
#740 = CARTESIAN_POINT('',(3.840310150735,4.416033501207));
#741 = CARTESIAN_POINT('',(3.938630167389,4.273017723884));
#742 = CARTESIAN_POINT('',(3.994239161889,4.190366797997));
#743 = CARTESIAN_POINT('',(4.048824467299,4.109261990959));
#744 = CARTESIAN_POINT('',(4.102556354371,4.031036433111));
#745 = CARTESIAN_POINT('',(4.155599390671,3.956851541754));
#746 = CARTESIAN_POINT('',(4.208117412254,3.887737534182));
#747 = CARTESIAN_POINT('',(4.325861099916,3.745271397674));
#748 = CARTESIAN_POINT('',(4.39092978899,3.675346882766));
#749 = CARTESIAN_POINT('',(4.455578246035,3.617014265162));
#750 = CARTESIAN_POINT('',(4.519921078803,3.572009095055));
#751 = CARTESIAN_POINT('',(4.584081384974,3.541548130551));
#752 = CARTESIAN_POINT('',(4.648189646596,3.526279441629));
#753 = CARTESIAN_POINT('',(4.746936069176,3.526279441629));
#754 = CARTESIAN_POINT('',(4.781477843173,3.530700726086));
#755 = CARTESIAN_POINT('',(4.816029519016,3.53954175975));
#756 = CARTESIAN_POINT('',(4.850605162168,3.552746019983));
#757 = CARTESIAN_POINT('',(4.885217934196,3.570203836786));
#758 = CARTESIAN_POINT('',(4.919880340052,3.591754232819));
#759 = CARTESIAN_POINT('',(4.984774065971,3.639283470241));
#760 = CARTESIAN_POINT('',(5.014989180965,3.664310055927));
#761 = CARTESIAN_POINT('',(5.04526900389,3.692137127787));
#762 = CARTESIAN_POINT('',(5.075631787239,3.722613824545));
#763 = CARTESIAN_POINT('',(5.106095292459,3.755569002757));
#764 = CARTESIAN_POINT('',(5.13667722998,3.790812423212));
#765 = CARTESIAN_POINT('',(5.235363725154,3.910718358808));
#766 = CARTESIAN_POINT('',(5.303903229936,4.003366568711));
#767 = CARTESIAN_POINT('',(5.373414813283,4.104027976511));
#768 = CARTESIAN_POINT('',(5.444282812636,4.210399237614));
#769 = CARTESIAN_POINT('',(5.516898683921,4.319784345873));
#770 = CARTESIAN_POINT('',(5.591666527503,4.428857475784));
#771 = CARTESIAN_POINT('',(5.715064888326,4.595751951521));
#772 = CARTESIAN_POINT('',(5.762132506336,4.656598132741));
#773 = CARTESIAN_POINT('',(5.81025655992,4.715038958763));
#774 = CARTESIAN_POINT('',(5.859458120877,4.769985391284));
#775 = CARTESIAN_POINT('',(5.909770064982,4.820290632157));
#776 = CARTESIAN_POINT('',(5.961238825084,4.864776419877));
#777 = CARTESIAN_POINT('',(6.05118277944,4.9287717968));
#778 = CARTESIAN_POINT('',(6.089033882745,4.951771107786));
#779 = CARTESIAN_POINT('',(6.127355345212,4.970745893074));
#780 = CARTESIAN_POINT('',(6.166033758421,4.985281492586));
#781 = CARTESIAN_POINT('',(6.204964785967,4.995085836378));
#782 = CARTESIAN_POINT('',(6.244048556124,5.));
#783 = CARTESIAN_POINT('',(6.28318530718,5.));
#784 = ( GEOMETRIC_REPRESENTATION_CONTEXT(2) 
PARAMETRIC_REPRESENTATION_CONTEXT() REPRESENTATION_CONTEXT('2D SPACE',''
  ) );
#785 = PCURVE('',#786,#791);
#786 = CYLINDRICAL_SURFACE('',#787,11.);
#787 = AXIS2_PLACEMENT_3D('',#788,#789,#790);
#788 = CARTESIAN_POINT('',(0.,0.,0.));
#789 = DIRECTION('',(1.,0.,0.));
#790 = DIRECTION('',(-0.,1.,0.));
#791 = DEFINITIONAL_REPRESENTATION('',(#792),#915);
#792 = B_SPLINE_CURVE_WITH_KNOTS('',7,(#793,#794,#795,#796,#797,#798,
    #799,#800,#801,#802,#803,#804,#805,#806,#807,#808,#809,#810,#811,
    #812,#813,#814,#815,#816,#817,#818,#819,#820,#821,#822,#823,#824,
    #825,#826,#827,#828,#829,#830,#831,#832,#833,#834,#835,#836,#837,
    #838,#839,#840,#841,#842,#843,#844,#845,#846,#847,#848,#849,#850,
    #851,#852,#853,#854,#855,#856,#857,#858,#859,#860,#861,#862,#863,
    #864,#865,#866,#867,#868,#869,#870,#871,#872,#873,#874,#875,#876,
    #877,#878,#879,#880,#881,#882,#883,#884,#885,#886,#887,#888,#889,
    #890,#891,#892,#893,#894,#895,#896,#897,#898,#899,#900,#901,#902,
    #903,#904,#905,#906,#907,#908,#909,#910,#911,#912,#913,#914),
  .UNSPECIFIED.,.T.,.F.,(8,6,6,6,6,6,6,6,6,6,6,6,6,6,6,6,6,6,6,6,8),(0.,
    5.789162511806E-02,8.533044774414E-02,0.106104914848,0.168271091746,
    0.207258047193,0.250243197785,0.33179253104,0.379537844459,
    0.415692271319,0.465565569134,0.525209680784,0.558710290166,
    0.60560003321,0.669795668108,0.750523240922,0.793964542588,
    0.83170792413,0.915219348908,0.964885157186,1.),.UNSPECIFIED.);
#793 = CARTESIAN_POINT('',(1.570796326795,169.12303299312));
#794 = CARTESIAN_POINT('',(1.538487886956,169.12303299312));
#795 = CARTESIAN_POINT('',(1.506419850774,169.09624095678));
#796 = CARTESIAN_POINT('',(1.47487712759,169.04337606432));
#797 = CARTESIAN_POINT('',(1.444138667419,168.96601347188));
#798 = CARTESIAN_POINT('',(1.414481965428,168.86658035117));
#799 = CARTESIAN_POINT('',(1.386180866994,168.74840011255));
#800 = CARTESIAN_POINT('',(1.346849198764,168.55292930004));
#801 = CARTESIAN_POINT('',(1.334511534907,168.48656552998));
#802 = CARTESIAN_POINT('',(1.322483836649,168.41693791069));
#803 = CARTESIAN_POINT('',(1.310766138858,168.34427586635));
#804 = CARTESIAN_POINT('',(1.299358274231,168.26879409595));
#805 = CARTESIAN_POINT('',(1.288259791139,168.19069283305));
#806 = CARTESIAN_POINT('',(1.269300613104,168.04918369474));
#807 = CARTESIAN_POINT('',(1.261307021873,167.98680529705));
#808 = CARTESIAN_POINT('',(1.253487841947,167.92309526672));
#809 = CARTESIAN_POINT('',(1.24584182025,167.85812026869));
#810 = CARTESIAN_POINT('',(1.238367706454,167.79194127873));
#811 = CARTESIAN_POINT('',(1.231064252984,167.72461358342));
#812 = CARTESIAN_POINT('',(1.202582092617,167.45142423511));
#813 = CARTESIAN_POINT('',(1.182739788631,167.23671288588));
#814 = CARTESIAN_POINT('',(1.164383609245,167.01346194908));
#815 = CARTESIAN_POINT('',(1.147499923931,166.782766956));
#816 = CARTESIAN_POINT('',(1.132082726932,166.54546505204));
#817 = CARTESIAN_POINT('',(1.118135198754,166.30219029622));
#818 = CARTESIAN_POINT('',(1.097854626021,165.89742053953));
#819 = CARTESIAN_POINT('',(1.090623620156,165.73929650823));
#820 = CARTESIAN_POINT('',(1.083985333543,165.57926130453));
#821 = CARTESIAN_POINT('',(1.077946811027,165.41750733969));
#822 = CARTESIAN_POINT('',(1.072514954071,165.25421513092));
#823 = CARTESIAN_POINT('',(1.067696415994,165.08955343378));
#824 = CARTESIAN_POINT('',(1.058867970426,164.74079457815));
#825 = CARTESIAN_POINT('',(1.054991947947,164.55644730727));
#826 = CARTESIAN_POINT('',(1.051880074345,164.370936895));
#827 = CARTESIAN_POINT('',(1.049540455006,164.18455636452));
#828 = CARTESIAN_POINT('',(1.047978630546,163.99759258849));
#829 = CARTESIAN_POINT('',(1.047197551197,163.81032644826));
#830 = CARTESIAN_POINT('',(1.047197551197,163.26770897587));
#831 = CARTESIAN_POINT('',(1.050008798673,162.91290039074));
#832 = CARTESIAN_POINT('',(1.055616989986,162.56022393083));
#833 = CARTESIAN_POINT('',(1.063987380325,162.21133374623));
#834 = CARTESIAN_POINT('',(1.075063683415,161.86799279705));
#835 = CARTESIAN_POINT('',(1.088768609111,161.53214055777));
#836 = CARTESIAN_POINT('',(1.114512691358,161.01498392745));
#837 = CARTESIAN_POINT('',(1.124894780239,160.82717694527));
#838 = CARTESIAN_POINT('',(1.136145483847,160.64277987141));
#839 = CARTESIAN_POINT('',(1.148261143943,160.46208421442));
#840 = CARTESIAN_POINT('',(1.161241024208,160.28544235328));
#841 = CARTESIAN_POINT('',(1.175087068726,160.11328064404));
#842 = CARTESIAN_POINT('',(1.200947580212,159.81952696132));
#843 = CARTESIAN_POINT('',(1.212592177657,159.69578721666));
#844 = CARTESIAN_POINT('',(1.224742862818,159.57508316015));
#845 = CARTESIAN_POINT('',(1.237405206816,159.45765126392));
#846 = CARTESIAN_POINT('',(1.250585178569,159.34377448198));
#847 = CARTESIAN_POINT('',(1.264289381458,159.23378212775));
#848 = CARTESIAN_POINT('',(1.298163043055,158.98219700986));
#849 = CARTESIAN_POINT('',(1.318856311527,158.84412659621));
#850 = CARTESIAN_POINT('',(1.340587681599,158.71522860331));
#851 = CARTESIAN_POINT('',(1.363335089766,158.59694184603));
#852 = CARTESIAN_POINT('',(1.387072533639,158.49076872987));
#853 = CARTESIAN_POINT('',(1.41177018094,158.3982933706));
#854 = CARTESIAN_POINT('',(1.468037580528,158.22900956751));
#855 = CARTESIAN_POINT('',(1.500078737943,158.15860024137));
#856 = CARTESIAN_POINT('',(1.533042103315,158.11433967674));
#857 = CARTESIAN_POINT('',(1.566452746897,158.09865822569));
#858 = CARTESIAN_POINT('',(1.599836888522,158.11219255022));
#859 = CARTESIAN_POINT('',(1.632720345805,158.15380091349));
#860 = CARTESIAN_POINT('',(1.682544418641,158.25788999221));
#861 = CARTESIAN_POINT('',(1.700138722357,158.30319305828));
#862 = CARTESIAN_POINT('',(1.717374290517,158.35590352896));
#863 = CARTESIAN_POINT('',(1.734218813601,158.41552578468));
#864 = CARTESIAN_POINT('',(1.750640858797,158.48152387687));
#865 = CARTESIAN_POINT('',(1.766609838738,158.55331803514));
#866 = CARTESIAN_POINT('',(1.803771442574,158.73800404575));
#867 = CARTESIAN_POINT('',(1.82452651665,158.85597964074));
#868 = CARTESIAN_POINT('',(1.844367206368,158.98298457154));
#869 = CARTESIAN_POINT('',(1.863301543701,159.11796081899));
#870 = CARTESIAN_POINT('',(1.881339025341,159.25999822295));
#871 = CARTESIAN_POINT('',(1.898489822491,159.40831951159));
#872 = CARTESIAN_POINT('',(1.937044030759,159.77303491465));
#873 = CARTESIAN_POINT('',(1.957708278253,159.99460913079));
#874 = CARTESIAN_POINT('',(1.976779197987,160.22539853509));
#875 = CARTESIAN_POINT('',(1.994271909865,160.46417620778));
#876 = CARTESIAN_POINT('',(2.010193276507,160.71001360267));
#877 = CARTESIAN_POINT('',(2.02454002836,160.96221472795));
#878 = CARTESIAN_POINT('',(2.053336266072,161.54473833564));
#879 = CARTESIAN_POINT('',(2.066873766491,161.87871742841));
#880 = CARTESIAN_POINT('',(2.077813802528,162.22005152808));
#881 = CARTESIAN_POINT('',(2.086080582275,162.56683693019));
#882 = CARTESIAN_POINT('',(2.091618992319,162.91734102507));
#883 = CARTESIAN_POINT('',(2.094395102393,163.26993665728));
#884 = CARTESIAN_POINT('',(2.094395102393,163.81304198147));
#885 = CARTESIAN_POINT('',(2.093591210549,164.00302169063));
#886 = CARTESIAN_POINT('',(2.091983790241,164.19268560005));
#887 = CARTESIAN_POINT('',(2.089575964102,164.38174093254));
#888 = CARTESIAN_POINT('',(2.08637358588,164.56988848008));
#889 = CARTESIAN_POINT('',(2.082385212296,164.75682242972));
#890 = CARTESIAN_POINT('',(2.073483688036,165.10331918873));
#891 = CARTESIAN_POINT('',(2.068760591141,165.26325041443));
#892 = CARTESIAN_POINT('',(2.063458592035,165.42187915757));
#893 = CARTESIAN_POINT('',(2.057583807013,165.57905031343));
#894 = CARTESIAN_POINT('',(2.051142569808,165.7345982691));
#895 = CARTESIAN_POINT('',(2.04414134055,165.88834679113));
#896 = CARTESIAN_POINT('',(2.019870944553,166.3758994679));
#897 = CARTESIAN_POINT('',(2.000469349273,166.70148646402));
#898 = CARTESIAN_POINT('',(1.978414556366,167.01591991656));
#899 = CARTESIAN_POINT('',(1.953696616316,167.31766449917));
#900 = CARTESIAN_POINT('',(1.926274301269,167.60440059182));
#901 = CARTESIAN_POINT('',(1.896087600151,167.87276964135));
#902 = CARTESIAN_POINT('',(1.843429610517,168.26386897651));
#903 = CARTESIAN_POINT('',(1.822736342062,168.40193939001));
#904 = CARTESIAN_POINT('',(1.801004972007,168.53083738282));
#905 = CARTESIAN_POINT('',(1.778257563839,168.64912414016));
#906 = CARTESIAN_POINT('',(1.754520119946,168.75529725641));
#907 = CARTESIAN_POINT('',(1.729822472627,168.8477726157));
#908 = CARTESIAN_POINT('',(1.686082248104,168.97936767091));
#909 = CARTESIAN_POINT('',(1.667509152959,169.02616253684));
#910 = CARTESIAN_POINT('',(1.648564901041,169.06444178376));
#911 = CARTESIAN_POINT('',(1.629335374591,169.09359599227));
#912 = CARTESIAN_POINT('',(1.60990659124,169.11320465977));
#913 = CARTESIAN_POINT('',(1.590364702323,169.12303299312));
#914 = CARTESIAN_POINT('',(1.570796326795,169.12303299312));
#915 = ( GEOMETRIC_REPRESENTATION_CONTEXT(2) 
PARAMETRIC_REPRESENTATION_CONTEXT() REPRESENTATION_CONTEXT('2D SPACE',''
  ) );
#916 = ORIENTED_EDGE('',*,*,#511,.T.);
#917 = ADVANCED_FACE('',(#918,#998,#1403,#1406,#1811,#2216),#786,.F.);
#918 = FACE_BOUND('',#919,.F.);
#919 = EDGE_LOOP('',(#920,#949,#971,#997));
#920 = ORIENTED_EDGE('',*,*,#921,.T.);
#921 = EDGE_CURVE('',#922,#922,#924,.T.);
#922 = VERTEX_POINT('',#923);
#923 = CARTESIAN_POINT('',(0.,11.,-2.694222958124E-15));
#924 = SURFACE_CURVE('',#925,(#930,#937),.PCURVE_S1.);
#925 = CIRCLE('',#926,11.);
#926 = AXIS2_PLACEMENT_3D('',#927,#928,#929);
#927 = CARTESIAN_POINT('',(0.,0.,0.));
#928 = DIRECTION('',(1.,0.,0.));
#929 = DIRECTION('',(-0.,1.,0.));
#930 = PCURVE('',#786,#931);
#931 = DEFINITIONAL_REPRESENTATION('',(#932),#936);
#932 = LINE('',#933,#934);
#933 = CARTESIAN_POINT('',(0.,0.));
#934 = VECTOR('',#935,1.);
#935 = DIRECTION('',(1.,0.));
#936 = ( GEOMETRIC_REPRESENTATION_CONTEXT(2) 
PARAMETRIC_REPRESENTATION_CONTEXT() REPRESENTATION_CONTEXT('2D SPACE',''
  ) );
#937 = PCURVE('',#938,#943);
#938 = PLANE('',#939);
#939 = AXIS2_PLACEMENT_3D('',#940,#941,#942);
#940 = CARTESIAN_POINT('',(0.,0.,-6.217248937901E-15));
#941 = DIRECTION('',(1.,0.,2.22044604925E-16));
#942 = DIRECTION('',(2.22044604925E-16,0.,-1.));
#943 = DEFINITIONAL_REPRESENTATION('',(#944),#948);
#944 = CIRCLE('',#945,11.);
#945 = AXIS2_PLACEMENT_2D('',#946,#947);
#946 = CARTESIAN_POINT('',(-6.217248937901E-15,0.));
#947 = DIRECTION('',(0.,1.));
#948 = ( GEOMETRIC_REPRESENTATION_CONTEXT(2) 
PARAMETRIC_REPRESENTATION_CONTEXT() REPRESENTATION_CONTEXT('2D SPACE',''
  ) );
#949 = ORIENTED_EDGE('',*,*,#950,.T.);
#950 = EDGE_CURVE('',#922,#951,#953,.T.);
#951 = VERTEX_POINT('',#952);
#952 = CARTESIAN_POINT('',(344.89478248253,11.,0.));
#953 = SEAM_CURVE('',#954,(#958,#965),.PCURVE_S1.);
#954 = LINE('',#955,#956);
#955 = CARTESIAN_POINT('',(0.,11.,0.));
#956 = VECTOR('',#957,1.);
#957 = DIRECTION('',(1.,0.,0.));
#958 = PCURVE('',#786,#959);
#959 = DEFINITIONAL_REPRESENTATION('',(#960),#964);
#960 = LINE('',#961,#962);
#961 = CARTESIAN_POINT('',(0.,0.));
#962 = VECTOR('',#963,1.);
#963 = DIRECTION('',(0.,1.));
#964 = ( GEOMETRIC_REPRESENTATION_CONTEXT(2) 
PARAMETRIC_REPRESENTATION_CONTEXT() REPRESENTATION_CONTEXT('2D SPACE',''
  ) );
#965 = PCURVE('',#786,#966);
#966 = DEFINITIONAL_REPRESENTATION('',(#967),#970);
#967 = B_SPLINE_CURVE_WITH_KNOTS('',1,(#968,#969),.UNSPECIFIED.,.F.,.F.,
  (2,2),(0.,344.89478248253),.PIECEWISE_BEZIER_KNOTS.);
#968 = CARTESIAN_POINT('',(6.28318530718,0.));
#969 = CARTESIAN_POINT('',(6.28318530718,344.89478248253));
#970 = ( GEOMETRIC_REPRESENTATION_CONTEXT(2) 
PARAMETRIC_REPRESENTATION_CONTEXT() REPRESENTATION_CONTEXT('2D SPACE',''
  ) );
#971 = ORIENTED_EDGE('',*,*,#972,.F.);
#972 = EDGE_CURVE('',#951,#951,#973,.T.);
#973 = SURFACE_CURVE('',#974,(#979,#986),.PCURVE_S1.);
#974 = CIRCLE('',#975,11.);
#975 = AXIS2_PLACEMENT_3D('',#976,#977,#978);
#976 = CARTESIAN_POINT('',(344.89478248253,0.,0.));
#977 = DIRECTION('',(1.,0.,0.));
#978 = DIRECTION('',(-0.,1.,0.));
#979 = PCURVE('',#786,#980);
#980 = DEFINITIONAL_REPRESENTATION('',(#981),#985);
#981 = LINE('',#982,#983);
#982 = CARTESIAN_POINT('',(0.,344.89478248253));
#983 = VECTOR('',#984,1.);
#984 = DIRECTION('',(1.,0.));
#985 = ( GEOMETRIC_REPRESENTATION_CONTEXT(2) 
PARAMETRIC_REPRESENTATION_CONTEXT() REPRESENTATION_CONTEXT('2D SPACE',''
  ) );
#986 = PCURVE('',#987,#992);
#987 = TOROIDAL_SURFACE('',#988,33.,11.);
#988 = AXIS2_PLACEMENT_3D('',#989,#990,#991);
#989 = CARTESIAN_POINT('',(344.89478248253,33.,0.));
#990 = DIRECTION('',(-0.,0.,1.));
#991 = DIRECTION('',(0.,-1.,0.));
#992 = DEFINITIONAL_REPRESENTATION('',(#993),#996);
#993 = B_SPLINE_CURVE_WITH_KNOTS('',1,(#994,#995),.UNSPECIFIED.,.F.,.F.,
  (2,2),(0.,6.28318530718),.PIECEWISE_BEZIER_KNOTS.);
#994 = CARTESIAN_POINT('',(0.,9.424777960769));
#995 = CARTESIAN_POINT('',(0.,3.14159265359));
#996 = ( GEOMETRIC_REPRESENTATION_CONTEXT(2) 
PARAMETRIC_REPRESENTATION_CONTEXT() REPRESENTATION_CONTEXT('2D SPACE',''
  ) );
#997 = ORIENTED_EDGE('',*,*,#950,.F.);
#998 = FACE_BOUND('',#999,.F.);
#999 = EDGE_LOOP('',(#1000));
#1000 = ORIENTED_EDGE('',*,*,#1001,.F.);
#1001 = EDGE_CURVE('',#1002,#1002,#1004,.T.);
#1002 = VERTEX_POINT('',#1003);
#1003 = CARTESIAN_POINT('',(204.52411231916,-1.285879139105E-15,11.));
#1004 = SURFACE_CURVE('',#1005,(#1134,#1266),.PCURVE_S1.);
#1005 = B_SPLINE_CURVE_WITH_KNOTS('',7,(#1006,#1007,#1008,#1009,#1010,
    #1011,#1012,#1013,#1014,#1015,#1016,#1017,#1018,#1019,#1020,#1021,
    #1022,#1023,#1024,#1025,#1026,#1027,#1028,#1029,#1030,#1031,#1032,
    #1033,#1034,#1035,#1036,#1037,#1038,#1039,#1040,#1041,#1042,#1043,
    #1044,#1045,#1046,#1047,#1048,#1049,#1050,#1051,#1052,#1053,#1054,
    #1055,#1056,#1057,#1058,#1059,#1060,#1061,#1062,#1063,#1064,#1065,
    #1066,#1067,#1068,#1069,#1070,#1071,#1072,#1073,#1074,#1075,#1076,
    #1077,#1078,#1079,#1080,#1081,#1082,#1083,#1084,#1085,#1086,#1087,
    #1088,#1089,#1090,#1091,#1092,#1093,#1094,#1095,#1096,#1097,#1098,
    #1099,#1100,#1101,#1102,#1103,#1104,#1105,#1106,#1107,#1108,#1109,
    #1110,#1111,#1112,#1113,#1114,#1115,#1116,#1117,#1118,#1119,#1120,
    #1121,#1122,#1123,#1124,#1125,#1126,#1127,#1128,#1129,#1130,#1131,
    #1132,#1133),.UNSPECIFIED.,.T.,.F.,(8,6,6,6,6,6,6,6,6,6,6,6,6,6,6,6,
    6,6,6,6,6,8),(0.,5.872642532402E-02,8.655830951814E-02,
    0.107587721207,0.124704041275,0.173912739606,0.209637806823,
    0.249197848107,0.324676386636,0.375743050481,0.412566419876,
    0.461432089231,0.498699022327,0.557755299472,0.608097963514,
    0.673625126838,0.749306584419,0.789337697844,0.824155028806,
    0.913420006145,0.962539494376,1.),.UNSPECIFIED.);
#1006 = CARTESIAN_POINT('',(204.52411231916,0.,11.));
#1007 = CARTESIAN_POINT('',(204.52411231916,0.344679129945,11.));
#1008 = CARTESIAN_POINT('',(204.49771124294,0.686779695203,
    10.987399514968));
#1009 = CARTESIAN_POINT('',(204.44562143004,1.02261483566,
    10.962538407454));
#1010 = CARTESIAN_POINT('',(204.36940114456,1.348596757793,
    10.926468787405));
#1011 = CARTESIAN_POINT('',(204.27144989539,1.661348832708,10.8809062947
    ));
#1012 = CARTESIAN_POINT('',(204.15504999322,1.957811400466,
    10.828079933854));
#1013 = CARTESIAN_POINT('',(203.96256188396,2.366869454702,
    10.743182666906));
#1014 = CARTESIAN_POINT('',(203.89722054181,2.494698717799,
    10.714697927336));
#1015 = CARTESIAN_POINT('',(203.82867205215,2.618827759678,
    10.685203595494));
#1016 = CARTESIAN_POINT('',(203.75714347891,2.739263212341,
    10.654869813364));
#1017 = CARTESIAN_POINT('',(203.68284747127,2.856019477719,
    10.623858853068));
#1018 = CARTESIAN_POINT('',(203.60598251884,2.969118555262,
    10.592324458324));
#1019 = CARTESIAN_POINT('',(203.46685345198,3.161304978565,
    10.536297930055));
#1020 = CARTESIAN_POINT('',(203.40560313525,3.241961617452,
    10.51196468219));
#1021 = CARTESIAN_POINT('',(203.34305418463,3.320581018891,
    10.487470846591));
#1022 = CARTESIAN_POINT('',(203.27927282513,3.397185341005,
    10.462872806839));
#1023 = CARTESIAN_POINT('',(203.21431957896,3.471797667337,
    10.438223925804));
#1024 = CARTESIAN_POINT('',(203.14824926545,3.544442006853,
    10.413574545654));
#1025 = CARTESIAN_POINT('',(203.02646562925,3.672688691639,
    10.368947402274));
#1026 = CARTESIAN_POINT('',(202.9711134585,3.728946111192,
    10.348954129829));
#1027 = CARTESIAN_POINT('',(202.91508134591,3.783928379852,
    10.329017856959));
#1028 = CARTESIAN_POINT('',(202.85839456385,3.837647821878,
    10.309163375129));
#1029 = CARTESIAN_POINT('',(202.80107679994,3.890116258525,
    10.289414580816));
#1030 = CARTESIAN_POINT('',(202.74315015708,3.941345008053,
    10.269794475513));
#1031 = CARTESIAN_POINT('',(202.51640698583,4.135092425327,
    10.194351721205));
#1032 = CARTESIAN_POINT('',(202.34326472384,4.268726879211,
    10.139607832259));
#1033 = CARTESIAN_POINT('',(202.16574262542,4.392451199934,
    10.086637967621));
#1034 = CARTESIAN_POINT('',(201.98428868719,4.50645000391,
    10.035931618379));
#1035 = CARTESIAN_POINT('',(201.79927810132,4.610881904664,
    9.987929327061));
#1036 = CARTESIAN_POINT('',(201.61102671247,4.705871846072,
    9.943028716725));
#1037 = CARTESIAN_POINT('',(201.28097887016,4.85367119042,9.871506766308
    ));
#1038 = CARTESIAN_POINT('',(201.14060490802,4.910898729752,
    9.843251623797));
#1039 = CARTESIAN_POINT('',(200.99883333612,4.963199139298,
    9.816972390105));
#1040 = CARTESIAN_POINT('',(200.85580767268,5.010583328123,9.79280227355
    ));
#1041 = CARTESIAN_POINT('',(200.71166427616,5.053059377341,
    9.770859698178));
#1042 = CARTESIAN_POINT('',(200.56653241497,5.0906318888,9.751247608775)
  );
#1043 = CARTESIAN_POINT('',(200.2588638232,5.159477741291,9.715012131527
    ));
#1044 = CARTESIAN_POINT('',(200.09613961018,5.189640000214,
    9.698936502751));
#1045 = CARTESIAN_POINT('',(199.93257671416,5.21377859096,9.685949469958
    ));
#1046 = CARTESIAN_POINT('',(199.76838648986,5.231887184032,
    9.676145038573));
#1047 = CARTESIAN_POINT('',(199.60377671853,5.243961805082,
    9.669586862002));
#1048 = CARTESIAN_POINT('',(199.43895169574,5.25,9.666307464591));
#1049 = CARTESIAN_POINT('',(198.95960720662,5.25,9.666307464591));
#1050 = CARTESIAN_POINT('',(198.64538874294,5.228019397677,
    9.678245629575));
#1051 = CARTESIAN_POINT('',(198.33270680204,5.184129405132,
    9.702083378893));
#1052 = CARTESIAN_POINT('',(198.02283102693,5.118348456752,
    9.737402762468));
#1053 = CARTESIAN_POINT('',(197.7170972508,5.030656689201,9.783406272118
    ));
#1054 = CARTESIAN_POINT('',(197.41695259518,4.921033937378,
    9.838941333879));
#1055 = CARTESIAN_POINT('',(196.92579521872,4.700543445279,
    9.945584971308));
#1056 = CARTESIAN_POINT('',(196.73079651189,4.601506805251,
    9.992334755591));
#1057 = CARTESIAN_POINT('',(196.53930072513,4.49231719633,
    10.042396463366));
#1058 = CARTESIAN_POINT('',(196.35165898159,4.372831695849,
    10.095325650272));
#1059 = CARTESIAN_POINT('',(196.16829238785,4.242868072985,
    10.150628201299));
#1060 = CARTESIAN_POINT('',(195.98970849458,4.102214273349,
    10.20775273365));
#1061 = CARTESIAN_POINT('',(195.69163263613,3.841338563559,
    10.308144038421));
#1062 = CARTESIAN_POINT('',(195.56953127429,3.726342415429,
    10.350838729067));
#1063 = CARTESIAN_POINT('',(195.45040938848,3.605526559775,
    10.393948554774));
#1064 = CARTESIAN_POINT('',(195.33450863353,3.478767574533,
    10.437232490366));
#1065 = CARTESIAN_POINT('',(195.22211655179,3.345941612947,
    10.480425600743));
#1066 = CARTESIAN_POINT('',(195.11356652259,3.206924501526,
    10.523237639349));
#1067 = CARTESIAN_POINT('',(194.87079038159,2.868731217178,
    10.621238144552));
#1068 = CARTESIAN_POINT('',(194.73951131655,2.664378091861,
    10.676002787359));
#1069 = CARTESIAN_POINT('',(194.61662164402,2.448555083044,
    10.728782785024));
#1070 = CARTESIAN_POINT('',(194.50339105398,2.221369165752,
    10.778646430292));
#1071 = CARTESIAN_POINT('',(194.40114998818,1.983024590728,
    10.824608773564));
#1072 = CARTESIAN_POINT('',(194.31130460369,1.733837504345,
    10.865653432389));
#1073 = CARTESIAN_POINT('',(194.17743190194,1.276282080152,
    10.927534630411));
#1074 = CARTESIAN_POINT('',(194.12758637903,1.072247951439,
    10.950857526347));
#1075 = CARTESIAN_POINT('',(194.08674034626,0.863214654348,
    10.970158242856));
#1076 = CARTESIAN_POINT('',(194.05559223728,0.6503024509,10.984975480448
    ));
#1077 = CARTESIAN_POINT('',(194.03462548844,0.434671630589,
    10.994982356749));
#1078 = CARTESIAN_POINT('',(194.02411231916,0.217506668158,11.));
#1079 = CARTESIAN_POINT('',(194.02411231916,-0.344679129945,11.));
#1080 = CARTESIAN_POINT('',(194.05051339538,-0.686779695202,
    10.987399514968));
#1081 = CARTESIAN_POINT('',(194.10260320828,-1.02261483566,
    10.962538407454));
#1082 = CARTESIAN_POINT('',(194.17882349376,-1.348596757793,
    10.926468787405));
#1083 = CARTESIAN_POINT('',(194.27677474293,-1.661348832708,
    10.8809062947));
#1084 = CARTESIAN_POINT('',(194.3931746451,-1.957811400466,
    10.828079933854));
#1085 = CARTESIAN_POINT('',(194.63509686527,-2.471922287823,
    10.721379653068));
#1086 = CARTESIAN_POINT('',(194.75752216378,-2.696408923876,
    10.668465002265));
#1087 = CARTESIAN_POINT('',(194.88964754646,-2.908882420713,
    10.612762536086));
#1088 = CARTESIAN_POINT('',(195.03027258654,-3.109517119703,
    10.555204688973));
#1089 = CARTESIAN_POINT('',(195.178372839,-3.298550029577,
    10.496624894113));
#1090 = CARTESIAN_POINT('',(195.33308077691,-3.476252607261,
    10.437761349724));
#1091 = CARTESIAN_POINT('',(195.70269637301,-3.859823018865,
    10.303136228275));
#1092 = CARTESIAN_POINT('',(195.92194953916,-4.058292469991,
    10.227537078422));
#1093 = CARTESIAN_POINT('',(196.14989702173,-4.238870316103,
    10.153913028469));
#1094 = CARTESIAN_POINT('',(196.38534225481,-4.402082774577,
    10.083500419148));
#1095 = CARTESIAN_POINT('',(196.62736152537,-4.548386122872,
    10.017368857772));
#1096 = CARTESIAN_POINT('',(196.87524191841,-4.678127209982,
    9.956454692973));
#1097 = CARTESIAN_POINT('',(197.42083170179,-4.922448795907,
    9.838224423202));
#1098 = CARTESIAN_POINT('',(197.72038866268,-5.031599572001,
    9.782911597706));
#1099 = CARTESIAN_POINT('',(198.02549982966,-5.11891445672,
    9.737098863906));
#1100 = CARTESIAN_POINT('',(198.33472737555,-5.184412888231,
    9.701929411766));
#1101 = CARTESIAN_POINT('',(198.64674355692,-5.228114189485,
    9.67819414629));
#1102 = CARTESIAN_POINT('',(198.96028610583,-5.25,9.666307464591));
#1103 = CARTESIAN_POINT('',(199.44010823339,-5.25,9.666307464591));
#1104 = CARTESIAN_POINT('',(199.60608928054,-5.243876779075,
    9.669633038017));
#1105 = CARTESIAN_POINT('',(199.77185048086,-5.231632181855,
    9.676283539348));
#1106 = CARTESIAN_POINT('',(199.93718333798,-5.213268723531,
    9.686225521292));
#1107 = CARTESIAN_POINT('',(200.10187574686,-5.188790459152,
    9.699393543989));
#1108 = CARTESIAN_POINT('',(200.26571190171,-5.158203852912,
    9.715690984213));
#1109 = CARTESIAN_POINT('',(200.57003407502,-5.08961144251,
    9.751777028315));
#1110 = CARTESIAN_POINT('',(200.71077709752,-5.053091929918,
    9.770833935448));
#1111 = CARTESIAN_POINT('',(200.85058921327,-5.011959586147,
    9.792081929684));
#1112 = CARTESIAN_POINT('',(200.98935218378,-4.966210291617,
    9.815427051946));
#1113 = CARTESIAN_POINT('',(201.1269415321,-4.915836892748,
    9.840761620021));
#1114 = CARTESIAN_POINT('',(201.2632264847,-4.860829764021,9.86796482823
    ));
#1115 = CARTESIAN_POINT('',(201.74378267358,-4.648240041103,
    9.971096174569));
#1116 = CARTESIAN_POINT('',(202.07940531594,-4.465040735233,
    10.056563530552));
#1117 = CARTESIAN_POINT('',(202.40379988808,-4.251084337922,
    10.151226582499));
#1118 = CARTESIAN_POINT('',(202.71520318823,-4.005286373989,
    10.25268383552));
#1119 = CARTESIAN_POINT('',(203.01099410262,-3.726166723178,
    10.358069824489));
#1120 = CARTESIAN_POINT('',(203.28738622337,-3.412077960044,
    10.463788964554));
#1121 = CARTESIAN_POINT('',(203.67743425673,-2.868731217179,
    10.621238144552));
#1122 = CARTESIAN_POINT('',(203.80871332177,-2.664378091861,
    10.676002787359));
#1123 = CARTESIAN_POINT('',(203.9316029943,-2.448555083044,
    10.728782785024));
#1124 = CARTESIAN_POINT('',(204.04483358434,-2.221369165753,
    10.778646430292));
#1125 = CARTESIAN_POINT('',(204.14707465014,-1.983024590727,
    10.824608773564));
#1126 = CARTESIAN_POINT('',(204.23692003463,-1.733837504346,
    10.865653432389));
#1127 = CARTESIAN_POINT('',(204.37079273638,-1.276282080152,
    10.927534630411));
#1128 = CARTESIAN_POINT('',(204.42063825929,-1.072247951439,
    10.950857526347));
#1129 = CARTESIAN_POINT('',(204.46148429206,-0.863214654348,
    10.970158242856));
#1130 = CARTESIAN_POINT('',(204.49263240104,-0.6503024509,
    10.984975480448));
#1131 = CARTESIAN_POINT('',(204.51359914988,-0.434671630589,
    10.994982356749));
#1132 = CARTESIAN_POINT('',(204.52411231916,-0.217506668158,11.));
#1133 = CARTESIAN_POINT('',(204.52411231916,0.,11.));
#1134 = PCURVE('',#786,#1135);
#1135 = DEFINITIONAL_REPRESENTATION('',(#1136),#1265);
#1136 = B_SPLINE_CURVE_WITH_KNOTS('',7,(#1137,#1138,#1139,#1140,#1141,
    #1142,#1143,#1144,#1145,#1146,#1147,#1148,#1149,#1150,#1151,#1152,
    #1153,#1154,#1155,#1156,#1157,#1158,#1159,#1160,#1161,#1162,#1163,
    #1164,#1165,#1166,#1167,#1168,#1169,#1170,#1171,#1172,#1173,#1174,
    #1175,#1176,#1177,#1178,#1179,#1180,#1181,#1182,#1183,#1184,#1185,
    #1186,#1187,#1188,#1189,#1190,#1191,#1192,#1193,#1194,#1195,#1196,
    #1197,#1198,#1199,#1200,#1201,#1202,#1203,#1204,#1205,#1206,#1207,
    #1208,#1209,#1210,#1211,#1212,#1213,#1214,#1215,#1216,#1217,#1218,
    #1219,#1220,#1221,#1222,#1223,#1224,#1225,#1226,#1227,#1228,#1229,
    #1230,#1231,#1232,#1233,#1234,#1235,#1236,#1237,#1238,#1239,#1240,
    #1241,#1242,#1243,#1244,#1245,#1246,#1247,#1248,#1249,#1250,#1251,
    #1252,#1253,#1254,#1255,#1256,#1257,#1258,#1259,#1260,#1261,#1262,
    #1263,#1264),.UNSPECIFIED.,.T.,.F.,(8,6,6,6,6,6,6,6,6,6,6,6,6,6,6,6,
    6,6,6,6,6,8),(0.,5.872642532402E-02,8.655830951814E-02,
    0.107587721207,0.124704041275,0.173912739606,0.209637806823,
    0.249197848107,0.324676386636,0.375743050481,0.412566419876,
    0.461432089231,0.498699022327,0.557755299472,0.608097963514,
    0.673625126838,0.749306584419,0.789337697844,0.824155028806,
    0.913420006145,0.962539494376,1.),.UNSPECIFIED.);
#1137 = CARTESIAN_POINT('',(1.570796326795,204.52411231916));
#1138 = CARTESIAN_POINT('',(1.539461860436,204.52411231916));
#1139 = CARTESIAN_POINT('',(1.508361768186,204.49771124294));
#1140 = CARTESIAN_POINT('',(1.477781196873,204.44562143004));
#1141 = CARTESIAN_POINT('',(1.447998888365,204.36940114456));
#1142 = CARTESIAN_POINT('',(1.41929058912,204.27144989539));
#1143 = CARTESIAN_POINT('',(1.391925848682,204.15504999322));
#1144 = CARTESIAN_POINT('',(1.353946293757,203.96256188396));
#1145 = CARTESIAN_POINT('',(1.342041701195,203.89722054181));
#1146 = CARTESIAN_POINT('',(1.330444848019,203.82867205215));
#1147 = CARTESIAN_POINT('',(1.319155986079,203.75714347891));
#1148 = CARTESIAN_POINT('',(1.308175123573,203.68284747127));
#1149 = CARTESIAN_POINT('',(1.297501948159,203.60598251884));
#1150 = CARTESIAN_POINT('',(1.27930318488,203.46685345198));
#1151 = CARTESIAN_POINT('',(1.271644668091,203.40560313525));
#1152 = CARTESIAN_POINT('',(1.264159096016,203.34305418463));
#1153 = CARTESIAN_POINT('',(1.256845335623,203.27927282513));
#1154 = CARTESIAN_POINT('',(1.249702224528,203.21431957896));
#1155 = CARTESIAN_POINT('',(1.242728570998,203.14824926545));
#1156 = CARTESIAN_POINT('',(1.230384069065,203.02646562925));
#1157 = CARTESIAN_POINT('',(1.224956501999,202.9711134585));
#1158 = CARTESIAN_POINT('',(1.219639847572,202.91508134591));
#1159 = CARTESIAN_POINT('',(1.214433559282,202.85839456385));
#1160 = CARTESIAN_POINT('',(1.209337149306,202.80107679994));
#1161 = CARTESIAN_POINT('',(1.2043501885,202.74315015708));
#1162 = CARTESIAN_POINT('',(1.185448601073,202.51640698583));
#1163 = CARTESIAN_POINT('',(1.172322154173,202.34326472384));
#1164 = CARTESIAN_POINT('',(1.160089283703,202.16574262542));
#1165 = CARTESIAN_POINT('',(1.148748515507,201.98428868719));
#1166 = CARTESIAN_POINT('',(1.138300780727,201.79927810132));
#1167 = CARTESIAN_POINT('',(1.128749613247,201.61102671247));
#1168 = CARTESIAN_POINT('',(1.113822784668,201.28097887016));
#1169 = CARTESIAN_POINT('',(1.108020896785,201.14060490802));
#1170 = CARTESIAN_POINT('',(1.102700046315,200.99883333612));
#1171 = CARTESIAN_POINT('',(1.097864481631,200.85580767268));
#1172 = CARTESIAN_POINT('',(1.09351828065,200.71166427616));
#1173 = CARTESIAN_POINT('',(1.089665294814,200.56653241497));
#1174 = CARTESIAN_POINT('',(1.082592613571,200.2588638232));
#1175 = CARTESIAN_POINT('',(1.079485491593,200.09613961018));
#1176 = CARTESIAN_POINT('',(1.076993655734,199.93257671416));
#1177 = CARTESIAN_POINT('',(1.075121618894,199.76838648986));
#1178 = CARTESIAN_POINT('',(1.073872459565,199.60377671853));
#1179 = CARTESIAN_POINT('',(1.073247803123,199.43895169574));
#1180 = CARTESIAN_POINT('',(1.073247803123,198.95960720662));
#1181 = CARTESIAN_POINT('',(1.075521733041,198.64538874294));
#1182 = CARTESIAN_POINT('',(1.080062279016,198.33270680204));
#1183 = CARTESIAN_POINT('',(1.086849725971,198.02283102693));
#1184 = CARTESIAN_POINT('',(1.095851168874,197.7170972508));
#1185 = CARTESIAN_POINT('',(1.107020836321,197.41695259518));
#1186 = CARTESIAN_POINT('',(1.129286869175,196.92579521872));
#1187 = CARTESIAN_POINT('',(1.139242424546,196.73079651189));
#1188 = CARTESIAN_POINT('',(1.150161220444,196.53930072513));
#1189 = CARTESIAN_POINT('',(1.162039619382,196.35165898159));
#1190 = CARTESIAN_POINT('',(1.17487705464,196.16829238785));
#1191 = CARTESIAN_POINT('',(1.188675766404,195.98970849458));
#1192 = CARTESIAN_POINT('',(1.214087182794,195.69163263613));
#1193 = CARTESIAN_POINT('',(1.225237849394,195.56953127429));
#1194 = CARTESIAN_POINT('',(1.23689782014,195.45040938848));
#1195 = CARTESIAN_POINT('',(1.249072487091,195.33450863353));
#1196 = CARTESIAN_POINT('',(1.26176757777,195.22211655179));
#1197 = CARTESIAN_POINT('',(1.274989380993,195.11356652259));
#1198 = CARTESIAN_POINT('',(1.306999038188,194.87079038159));
#1199 = CARTESIAN_POINT('',(1.326228205897,194.73951131655));
#1200 = CARTESIAN_POINT('',(1.346418619175,194.61662164402));
#1201 = CARTESIAN_POINT('',(1.367552039643,194.50339105398));
#1202 = CARTESIAN_POINT('',(1.38960631489,194.40114998818));
#1203 = CARTESIAN_POINT('',(1.412555394161,194.31130460369));
#1204 = CARTESIAN_POINT('',(1.454530027279,194.17743190194));
#1205 = CARTESIAN_POINT('',(1.47319541087,194.12758637903));
#1206 = CARTESIAN_POINT('',(1.492271927117,194.08674034626));
#1207 = CARTESIAN_POINT('',(1.51166530357,194.05559223728));
#1208 = CARTESIAN_POINT('',(1.531280720554,194.03462548844));
#1209 = CARTESIAN_POINT('',(1.551022993326,194.02411231916));
#1210 = CARTESIAN_POINT('',(1.602130793154,194.02411231916));
#1211 = CARTESIAN_POINT('',(1.633230885403,194.05051339538));
#1212 = CARTESIAN_POINT('',(1.663811456716,194.10260320828));
#1213 = CARTESIAN_POINT('',(1.693593765225,194.17882349376));
#1214 = CARTESIAN_POINT('',(1.722302064469,194.27677474293));
#1215 = CARTESIAN_POINT('',(1.749666804908,194.3931746451));
#1216 = CARTESIAN_POINT('',(1.79740013391,194.63509686527));
#1217 = CARTESIAN_POINT('',(1.818359729328,194.75752216378));
#1218 = CARTESIAN_POINT('',(1.838318827854,194.88964754646));
#1219 = CARTESIAN_POINT('',(1.857285874807,195.03027258654));
#1220 = CARTESIAN_POINT('',(1.87527135375,195.178372839));
#1221 = CARTESIAN_POINT('',(1.892286701746,195.33308077691));
#1222 = CARTESIAN_POINT('',(1.929242134362,195.70269637301));
#1223 = CARTESIAN_POINT('',(1.948542704824,195.92194953916));
#1224 = CARTESIAN_POINT('',(1.966263976429,196.14989702173));
#1225 = CARTESIAN_POINT('',(1.982418566749,196.38534225481));
#1226 = CARTESIAN_POINT('',(1.997011961026,196.62736152537));
#1227 = CARTESIAN_POINT('',(2.01004100202,196.87524191841));
#1228 = CARTESIAN_POINT('',(2.034715985845,197.42083170179));
#1229 = CARTESIAN_POINT('',(2.045838271638,197.72038866268));
#1230 = CARTESIAN_POINT('',(2.054801329001,198.02549982966));
#1231 = CARTESIAN_POINT('',(2.061559701864,198.33472737555));
#1232 = CARTESIAN_POINT('',(2.066080726804,198.64674355692));
#1233 = CARTESIAN_POINT('',(2.068344850467,198.96028610583));
#1234 = CARTESIAN_POINT('',(2.068344850467,199.44010823339));
#1235 = CARTESIAN_POINT('',(2.067711398219,199.60608928054));
#1236 = CARTESIAN_POINT('',(2.066444653909,199.77185048086));
#1237 = CARTESIAN_POINT('',(2.064546288602,199.93718333798));
#1238 = CARTESIAN_POINT('',(2.062019464704,200.10187574686));
#1239 = CARTESIAN_POINT('',(2.058868816415,200.26571190171));
#1240 = CARTESIAN_POINT('',(2.051822850836,200.57003407502));
#1241 = CARTESIAN_POINT('',(2.048078079871,200.71077709752));
#1242 = CARTESIAN_POINT('',(2.043869383913,200.85058921327));
#1243 = CARTESIAN_POINT('',(2.039200282889,200.98935218378));
#1244 = CARTESIAN_POINT('',(2.034074502293,201.1269415321));
#1245 = CARTESIAN_POINT('',(2.028495925451,201.2632264847));
#1246 = CARTESIAN_POINT('',(2.007015497133,201.74378267358));
#1247 = CARTESIAN_POINT('',(1.988639877079,202.07940531594));
#1248 = CARTESIAN_POINT('',(1.967377663881,202.40379988808));
#1249 = CARTESIAN_POINT('',(1.943219104197,202.71520318823));
#1250 = CARTESIAN_POINT('',(1.916121063863,203.01099410262));
#1251 = CARTESIAN_POINT('',(1.886020842913,203.28738622337));
#1252 = CARTESIAN_POINT('',(1.834593615402,203.67743425673));
#1253 = CARTESIAN_POINT('',(1.815364447693,203.80871332177));
#1254 = CARTESIAN_POINT('',(1.795174034415,203.9316029943));
#1255 = CARTESIAN_POINT('',(1.774040613947,204.04483358434));
#1256 = CARTESIAN_POINT('',(1.7519863387,204.14707465014));
#1257 = CARTESIAN_POINT('',(1.729037259429,204.23692003463));
#1258 = CARTESIAN_POINT('',(1.687062626311,204.37079273638));
#1259 = CARTESIAN_POINT('',(1.66839724272,204.42063825929));
#1260 = CARTESIAN_POINT('',(1.649320726472,204.46148429206));
#1261 = CARTESIAN_POINT('',(1.62992735002,204.49263240104));
#1262 = CARTESIAN_POINT('',(1.610311933036,204.51359914988));
#1263 = CARTESIAN_POINT('',(1.590569660264,204.52411231916));
#1264 = CARTESIAN_POINT('',(1.570796326795,204.52411231916));
#1265 = ( GEOMETRIC_REPRESENTATION_CONTEXT(2) 
PARAMETRIC_REPRESENTATION_CONTEXT() REPRESENTATION_CONTEXT('2D SPACE',''
  ) );
#1266 = PCURVE('',#1267,#1272);
#1267 = CYLINDRICAL_SURFACE('',#1268,5.25);
#1268 = AXIS2_PLACEMENT_3D('',#1269,#1270,#1271);
#1269 = CARTESIAN_POINT('',(199.27411231916,0.,6.));
#1270 = DIRECTION('',(0.,0.,1.));
#1271 = DIRECTION('',(1.,0.,-0.));
#1272 = DEFINITIONAL_REPRESENTATION('',(#1273),#1402);
#1273 = B_SPLINE_CURVE_WITH_KNOTS('',7,(#1274,#1275,#1276,#1277,#1278,
    #1279,#1280,#1281,#1282,#1283,#1284,#1285,#1286,#1287,#1288,#1289,
    #1290,#1291,#1292,#1293,#1294,#1295,#1296,#1297,#1298,#1299,#1300,
    #1301,#1302,#1303,#1304,#1305,#1306,#1307,#1308,#1309,#1310,#1311,
    #1312,#1313,#1314,#1315,#1316,#1317,#1318,#1319,#1320,#1321,#1322,
    #1323,#1324,#1325,#1326,#1327,#1328,#1329,#1330,#1331,#1332,#1333,
    #1334,#1335,#1336,#1337,#1338,#1339,#1340,#1341,#1342,#1343,#1344,
    #1345,#1346,#1347,#1348,#1349,#1350,#1351,#1352,#1353,#1354,#1355,
    #1356,#1357,#1358,#1359,#1360,#1361,#1362,#1363,#1364,#1365,#1366,
    #1367,#1368,#1369,#1370,#1371,#1372,#1373,#1374,#1375,#1376,#1377,
    #1378,#1379,#1380,#1381,#1382,#1383,#1384,#1385,#1386,#1387,#1388,
    #1389,#1390,#1391,#1392,#1393,#1394,#1395,#1396,#1397,#1398,#1399,
    #1400,#1401),.UNSPECIFIED.,.F.,.F.,(8,6,6,6,6,6,6,6,6,6,6,6,6,6,6,6,
    6,6,6,6,6,8),(0.,5.872642532402E-02,8.655830951814E-02,
    0.107587721207,0.124704041275,0.173912739606,0.209637806823,
    0.249197848107,0.324676386636,0.375743050481,0.412566419876,
    0.461432089231,0.498699022327,0.557755299472,0.608097963514,
    0.673625126838,0.749306584419,0.789337697844,0.824155028806,
    0.913420006145,0.962539494376,1.),.UNSPECIFIED.);
#1274 = CARTESIAN_POINT('',(0.,5.));
#1275 = CARTESIAN_POINT('',(6.565316760859E-02,5.));
#1276 = CARTESIAN_POINT('',(0.13081513842,4.987399514968));
#1277 = CARTESIAN_POINT('',(0.195246123557,4.962538407454));
#1278 = CARTESIAN_POINT('',(0.258693083768,4.926468787405));
#1279 = CARTESIAN_POINT('',(0.320865010235,4.8809062947));
#1280 = CARTESIAN_POINT('',(0.381399835071,4.828079933854));
#1281 = CARTESIAN_POINT('',(0.467511119699,4.743182666906));
#1282 = CARTESIAN_POINT('',(0.494841482749,4.714697927336));
#1283 = CARTESIAN_POINT('',(0.521828869503,4.685203595494));
#1284 = CARTESIAN_POINT('',(0.548486688616,4.654869813364));
#1285 = CARTESIAN_POINT('',(0.574827382912,4.623858853068));
#1286 = CARTESIAN_POINT('',(0.600862863762,4.592324458324));
#1287 = CARTESIAN_POINT('',(0.646055329391,4.536297930055));
#1288 = CARTESIAN_POINT('',(0.665341261023,4.51196468219));
#1289 = CARTESIAN_POINT('',(0.684469849022,4.487470846591));
#1290 = CARTESIAN_POINT('',(0.703448256943,4.462872806839));
#1291 = CARTESIAN_POINT('',(0.722283703225,4.438223925804));
#1292 = CARTESIAN_POINT('',(0.740983461185,4.413574545654));
#1293 = CARTESIAN_POINT('',(0.77467054529,4.368947402274));
#1294 = CARTESIAN_POINT('',(0.789701055185,4.348954129829));
#1295 = CARTESIAN_POINT('',(0.804650236779,4.329017856959));
#1296 = CARTESIAN_POINT('',(0.819521844334,4.309163375129));
#1297 = CARTESIAN_POINT('',(0.834319538303,4.289414580816));
#1298 = CARTESIAN_POINT('',(0.849046885332,4.269794475513));
#1299 = CARTESIAN_POINT('',(0.905855599622,4.194351721205));
#1300 = CARTESIAN_POINT('',(0.947464145207,4.139607832259));
#1301 = CARTESIAN_POINT('',(0.988602792159,4.086637967621));
#1302 = CARTESIAN_POINT('',(1.029338048683,4.035931618379));
#1303 = CARTESIAN_POINT('',(1.069734291646,3.987929327061));
#1304 = CARTESIAN_POINT('',(1.109854924185,3.943028716725));
#1305 = CARTESIAN_POINT('',(1.178736820389,3.871506766308));
#1306 = CARTESIAN_POINT('',(1.207594688236,3.843251623797));
#1307 = CARTESIAN_POINT('',(1.236351676753,3.816972390105));
#1308 = CARTESIAN_POINT('',(1.26502198814,3.79280227355));
#1309 = CARTESIAN_POINT('',(1.293619804151,3.770859698178));
#1310 = CARTESIAN_POINT('',(1.322159603348,3.751247608775));
#1311 = CARTESIAN_POINT('',(1.382212403629,3.715012131527));
#1312 = CARTESIAN_POINT('',(1.413714036832,3.698936502751));
#1313 = CARTESIAN_POINT('',(1.445172350456,3.685949469958));
#1314 = CARTESIAN_POINT('',(1.476598311996,3.676145038573));
#1315 = CARTESIAN_POINT('',(1.508003105032,3.669586862002));
#1316 = CARTESIAN_POINT('',(1.539398350304,3.666307464591));
#1317 = CARTESIAN_POINT('',(1.630702062517,3.666307464591));
#1318 = CARTESIAN_POINT('',(1.69055318713,3.678245629575));
#1319 = CARTESIAN_POINT('',(1.75046282528,3.702083378893));
#1320 = CARTESIAN_POINT('',(1.810537299228,3.737402762468));
#1321 = CARTESIAN_POINT('',(1.870878994492,3.783406272118));
#1322 = CARTESIAN_POINT('',(1.931586492321,3.838941333879));
#1323 = CARTESIAN_POINT('',(2.034134816298,3.945584971308));
#1324 = CARTESIAN_POINT('',(2.075745287708,3.992334755591));
#1325 = CARTESIAN_POINT('',(2.117655007416,4.042396463366));
#1326 = CARTESIAN_POINT('',(2.159935341211,4.095325650272));
#1327 = CARTESIAN_POINT('',(2.202658789131,4.150628201299));
#1328 = CARTESIAN_POINT('',(2.245900378123,4.20775273365));
#1329 = CARTESIAN_POINT('',(2.321350435993,4.308144038421));
#1330 = CARTESIAN_POINT('',(2.353277419814,4.350838729067));
#1331 = CARTESIAN_POINT('',(2.385559071016,4.393948554774));
#1332 = CARTESIAN_POINT('',(2.418232371118,4.437232490366));
#1333 = CARTESIAN_POINT('',(2.451334041849,4.480425600743));
#1334 = CARTESIAN_POINT('',(2.484902368682,4.523237639349));
#1335 = CARTESIAN_POINT('',(2.56419972569,4.621238144552));
#1336 = CARTESIAN_POINT('',(2.610402494724,4.676002787359));
#1337 = CARTESIAN_POINT('',(2.657599141505,4.728782785024));
#1338 = CARTESIAN_POINT('',(2.705812827681,4.778646430292));
#1339 = CARTESIAN_POINT('',(2.755076992205,4.824608773564));
#1340 = CARTESIAN_POINT('',(2.805437031876,4.865653432389));
#1341 = CARTESIAN_POINT('',(2.896244219197,4.927534630411));
#1342 = CARTESIAN_POINT('',(2.936210236308,4.950857526347));
#1343 = CARTESIAN_POINT('',(2.976707874659,4.970158242856));
#1344 = CARTESIAN_POINT('',(3.017609362409,4.984975480448));
#1345 = CARTESIAN_POINT('',(3.058798060319,4.994982356749));
#1346 = CARTESIAN_POINT('',(3.100162812036,5.));
#1347 = CARTESIAN_POINT('',(3.207245821198,5.));
#1348 = CARTESIAN_POINT('',(3.27240779201,4.987399514968));
#1349 = CARTESIAN_POINT('',(3.336838777147,4.962538407454));
#1350 = CARTESIAN_POINT('',(3.400285737358,4.926468787405));
#1351 = CARTESIAN_POINT('',(3.462457663825,4.8809062947));
#1352 = CARTESIAN_POINT('',(3.522992488661,4.828079933854));
#1353 = CARTESIAN_POINT('',(3.631218566826,4.721379653068));
#1354 = CARTESIAN_POINT('',(3.679837201687,4.668465002265));
#1355 = CARTESIAN_POINT('',(3.727373756988,4.612762536086));
#1356 = CARTESIAN_POINT('',(3.773919775424,4.555204688973));
#1357 = CARTESIAN_POINT('',(3.819561423098,4.496624894113));
#1358 = CARTESIAN_POINT('',(3.864382509845,4.437761349724));
#1359 = CARTESIAN_POINT('',(3.965844288364,4.303136228275));
#1360 = CARTESIAN_POINT('',(4.022044630575,4.227537078422));
#1361 = CARTESIAN_POINT('',(4.077248448959,4.153913028469));
#1362 = CARTESIAN_POINT('',(4.13162192464,4.083500419148));
#1363 = CARTESIAN_POINT('',(4.185325153462,4.017368857772));
#1364 = CARTESIAN_POINT('',(4.238517187915,3.956454692973));
#1365 = CARTESIAN_POINT('',(4.352383282494,3.838224423202));
#1366 = CARTESIAN_POINT('',(4.412955874263,3.782911597706));
#1367 = CARTESIAN_POINT('',(4.473165385578,3.737098863906));
#1368 = CARTESIAN_POINT('',(4.53310962204,3.701929411766));
#1369 = CARTESIAN_POINT('',(4.592890179826,3.67819414629));
#1370 = CARTESIAN_POINT('',(4.652612558799,3.666307464591));
#1371 = CARTESIAN_POINT('',(4.744007249763,3.666307464591));
#1372 = CARTESIAN_POINT('',(4.775622690284,3.669633038017));
#1373 = CARTESIAN_POINT('',(4.80724787447,3.676283539348));
#1374 = CARTESIAN_POINT('',(4.838894693359,3.686225521292));
#1375 = CARTESIAN_POINT('',(4.870574585902,3.699393543989));
#1376 = CARTESIAN_POINT('',(4.902298768362,3.715690984213));
#1377 = CARTESIAN_POINT('',(4.961719068132,3.751777028315));
#1378 = CARTESIAN_POINT('',(4.98940068911,3.770833935448));
#1379 = CARTESIAN_POINT('',(5.017137017144,3.792081929684));
#1380 = CARTESIAN_POINT('',(5.04494121134,3.815427051946));
#1381 = CARTESIAN_POINT('',(5.072826169983,3.840761620021));
#1382 = CARTESIAN_POINT('',(5.100804801114,3.86796482823));
#1383 = CARTESIAN_POINT('',(5.200896122856,3.971096174569));
#1384 = CARTESIAN_POINT('',(5.273476279165,4.056563530552));
#1385 = CARTESIAN_POINT('',(5.347080689543,4.151226582499));
#1386 = CARTESIAN_POINT('',(5.422138672345,4.25268383552));
#1387 = CARTESIAN_POINT('',(5.499090393805,4.358069824489));
#1388 = CARTESIAN_POINT('',(5.578391976485,4.463788964554));
#1389 = CARTESIAN_POINT('',(5.70579237928,4.621238144552));
#1390 = CARTESIAN_POINT('',(5.751995148314,4.676002787359));
#1391 = CARTESIAN_POINT('',(5.799191795095,4.728782785024));
#1392 = CARTESIAN_POINT('',(5.847405481271,4.778646430292));
#1393 = CARTESIAN_POINT('',(5.896669645795,4.824608773564));
#1394 = CARTESIAN_POINT('',(5.947029685466,4.865653432389));
#1395 = CARTESIAN_POINT('',(6.037836872787,4.927534630411));
#1396 = CARTESIAN_POINT('',(6.077802889898,4.950857526347));
#1397 = CARTESIAN_POINT('',(6.118300528249,4.970158242856));
#1398 = CARTESIAN_POINT('',(6.159202015998,4.984975480448));
#1399 = CARTESIAN_POINT('',(6.200390713909,4.994982356749));
#1400 = CARTESIAN_POINT('',(6.241755465626,5.));
#1401 = CARTESIAN_POINT('',(6.28318530718,5.));
#1402 = ( GEOMETRIC_REPRESENTATION_CONTEXT(2) 
PARAMETRIC_REPRESENTATION_CONTEXT() REPRESENTATION_CONTEXT('2D SPACE',''
  ) );
#1403 = FACE_BOUND('',#1404,.F.);
#1404 = EDGE_LOOP('',(#1405));
#1405 = ORIENTED_EDGE('',*,*,#534,.F.);
#1406 = FACE_BOUND('',#1407,.F.);
#1407 = EDGE_LOOP('',(#1408));
#1408 = ORIENTED_EDGE('',*,*,#1409,.F.);
#1409 = EDGE_CURVE('',#1410,#1410,#1412,.T.);
#1410 = VERTEX_POINT('',#1411);
#1411 = CARTESIAN_POINT('',(243.90751794717,-1.224646799147E-15,11.));
#1412 = SURFACE_CURVE('',#1413,(#1542,#1674),.PCURVE_S1.);
#1413 = B_SPLINE_CURVE_WITH_KNOTS('',7,(#1414,#1415,#1416,#1417,#1418,
    #1419,#1420,#1421,#1422,#1423,#1424,#1425,#1426,#1427,#1428,#1429,
    #1430,#1431,#1432,#1433,#1434,#1435,#1436,#1437,#1438,#1439,#1440,
    #1441,#1442,#1443,#1444,#1445,#1446,#1447,#1448,#1449,#1450,#1451,
    #1452,#1453,#1454,#1455,#1456,#1457,#1458,#1459,#1460,#1461,#1462,
    #1463,#1464,#1465,#1466,#1467,#1468,#1469,#1470,#1471,#1472,#1473,
    #1474,#1475,#1476,#1477,#1478,#1479,#1480,#1481,#1482,#1483,#1484,
    #1485,#1486,#1487,#1488,#1489,#1490,#1491,#1492,#1493,#1494,#1495,
    #1496,#1497,#1498,#1499,#1500,#1501,#1502,#1503,#1504,#1505,#1506,
    #1507,#1508,#1509,#1510,#1511,#1512,#1513,#1514,#1515,#1516,#1517,
    #1518,#1519,#1520,#1521,#1522,#1523,#1524,#1525,#1526,#1527,#1528,
    #1529,#1530,#1531,#1532,#1533,#1534,#1535,#1536,#1537,#1538,#1539,
    #1540,#1541),.UNSPECIFIED.,.T.,.F.,(8,6,6,6,6,6,6,6,6,6,6,6,6,6,6,6,
    6,6,6,6,6,8),(0.,6.049081386374E-02,8.924500025777E-02,
    0.111120289213,0.12796534511,0.182470737093,0.213247671942,
    0.249201507694,0.315195339438,0.371376303496,0.411164202732,
    0.461298285867,0.498629824981,0.559452980456,0.610374384369,
    0.683090241043,0.749210708888,0.784712247821,0.815521679515,
    0.912006683372,0.962443233616,1.),.UNSPECIFIED.);
#1414 = CARTESIAN_POINT('',(243.90751794717,0.,11.));
#1415 = CARTESIAN_POINT('',(243.90751794717,0.337295433586,11.));
#1416 = CARTESIAN_POINT('',(243.88097178001,0.671980169138,
    10.987933640646));
#1417 = CARTESIAN_POINT('',(243.82862043624,1.000322477305,
    10.964137342146));
#1418 = CARTESIAN_POINT('',(243.75206655777,1.318697874726,
    10.929660523922));
#1419 = CARTESIAN_POINT('',(243.65376863432,1.623709698783,
    10.88621090601));
#1420 = CARTESIAN_POINT('',(243.53708131613,1.91230362887,
    10.835992817891));
#1421 = CARTESIAN_POINT('',(243.34419509844,2.310016910494,
    10.755506236794));
#1422 = CARTESIAN_POINT('',(243.27860165784,2.434419515498,
    10.728480864383));
#1423 = CARTESIAN_POINT('',(243.20980858389,2.555083600814,
    10.700538037863));
#1424 = CARTESIAN_POINT('',(243.1380475146,2.672016941498,
    10.671845863794));
#1425 = CARTESIAN_POINT('',(243.06353491361,2.78523526375,
    10.642564238087));
#1426 = CARTESIAN_POINT('',(242.98647232038,2.894762052627,
    10.612844169121));
#1427 = CARTESIAN_POINT('',(242.84662198746,3.081168147152,
    10.559991050731));
#1428 = CARTESIAN_POINT('',(242.78482095715,3.159600849272,
    10.536979870899));
#1429 = CARTESIAN_POINT('',(242.7217177562,3.235948727836,
    10.513852961598));
#1430 = CARTESIAN_POINT('',(242.6573808875,3.310234659839,
    10.490666667311));
#1431 = CARTESIAN_POINT('',(242.59187310997,3.382482137548,
    10.467474276766));
#1432 = CARTESIAN_POINT('',(242.52525143855,3.4527152685,10.444326022937
    ));
#1433 = CARTESIAN_POINT('',(242.40544688537,3.57350965575,10.4035140974)
  );
#1434 = CARTESIAN_POINT('',(242.35269705869,3.624880177334,
    10.385813478683));
#1435 = CARTESIAN_POINT('',(242.29934134534,3.675081209226,
    10.368188891467));
#1436 = CARTESIAN_POINT('',(242.24540213159,3.724123187365,
    10.350661243831));
#1437 = CARTESIAN_POINT('',(242.19090050879,3.772016114667,
    10.333250687361));
#1438 = CARTESIAN_POINT('',(242.13585627338,3.81876956102,10.31597661715
    ));
#1439 = CARTESIAN_POINT('',(241.90048594057,4.012014914454,
    10.243466058229));
#1440 = CARTESIAN_POINT('',(241.71512757996,4.147859971182,
    10.189677447234));
#1441 = CARTESIAN_POINT('',(241.52490058335,4.27216637235,
    10.138147049904));
#1442 = CARTESIAN_POINT('',(241.33038077388,4.385149965339,
    10.089454011047));
#1443 = CARTESIAN_POINT('',(241.13205118309,4.486993576846,
    10.044108607876));
#1444 = CARTESIAN_POINT('',(240.93032117437,4.577836683711,
    10.002559448693));
#1445 = CARTESIAN_POINT('',(240.60991727157,4.702897337088,
    9.944105719175));
#1446 = CARTESIAN_POINT('',(240.49333913155,4.744541181034,
    9.924350516264));
#1447 = CARTESIAN_POINT('',(240.3759011265,4.782704603359,9.906010020685
    ));
#1448 = CARTESIAN_POINT('',(240.25769004643,4.8173941182,9.889151370787)
  );
#1449 = CARTESIAN_POINT('',(240.1387894913,4.848614766046,9.873833885424
    ));
#1450 = CARTESIAN_POINT('',(240.01927987104,4.876370113739,
    9.860109063962));
#1451 = CARTESIAN_POINT('',(239.75900510571,4.929040507286,
    9.833898740038));
#1452 = CARTESIAN_POINT('',(239.61804990441,4.952691552241,
    9.822010226105));
#1453 = CARTESIAN_POINT('',(239.47651971078,4.971613780648,
    9.812426638696));
#1454 = CARTESIAN_POINT('',(239.33455942753,4.985806279596,
    9.805202203128));
#1455 = CARTESIAN_POINT('',(239.19231199742,4.995268512557,
    9.800373463625));
#1456 = CARTESIAN_POINT('',(239.04991844981,5.,9.797958971133));
#1457 = CARTESIAN_POINT('',(238.64613958199,5.,9.797958971133));
#1458 = CARTESIAN_POINT('',(238.38487930493,4.984059021504,
    9.806093813408));
#1459 = CARTESIAN_POINT('',(238.12454117509,4.952202775109,
    9.822350397329));
#1460 = CARTESIAN_POINT('',(237.86593716833,4.904431711377,
    9.846522522648));
#1461 = CARTESIAN_POINT('',(237.60990932125,4.840726259955,
    9.878210085674));
#1462 = CARTESIAN_POINT('',(237.35735159543,4.761060227072,
    9.916827030526));
#1463 = CARTESIAN_POINT('',(236.89800523167,4.58400522631,9.999748936725
    ));
#1464 = CARTESIAN_POINT('',(236.68998482947,4.491009066722,
    10.042356298177));
#1465 = CARTESIAN_POINT('',(236.48555482543,4.38634303849,
    10.089012556573));
#1466 = CARTESIAN_POINT('',(236.28516036999,4.269855245905,
    10.139229107232));
#1467 = CARTESIAN_POINT('',(236.08932946829,4.141344785484,
    10.19244792399));
#1468 = CARTESIAN_POINT('',(235.8986952546,4.000573799763,
    10.248033159137));
#1469 = CARTESIAN_POINT('',(235.58322824703,3.738715055223,
    10.345793285491));
#1470 = CARTESIAN_POINT('',(235.45539545642,3.623843828461,
    10.387157945005));
#1471 = CARTESIAN_POINT('',(235.33075569634,3.502536466766,
    10.429112521895));
#1472 = CARTESIAN_POINT('',(235.20959084745,3.374652615154,
    10.471388662037));
#1473 = CARTESIAN_POINT('',(235.09223513583,3.240047765514,
    10.513689964155));
#1474 = CARTESIAN_POINT('',(234.97908139927,3.098580074441,
    10.555688086781));
#1475 = CARTESIAN_POINT('',(234.73388122896,2.763048972344,
    10.649097005138));
#1476 = CARTESIAN_POINT('',(234.60429440372,2.564492894578,
    10.700222017658));
#1477 = CARTESIAN_POINT('',(234.48307523826,2.354484050704,
    10.749551999681));
#1478 = CARTESIAN_POINT('',(234.37151732858,2.133147509947,
    10.796174496212));
#1479 = CARTESIAN_POINT('',(234.27097166128,1.90071092617,
    10.839123821421));
#1480 = CARTESIAN_POINT('',(234.18286164045,1.657518998997,
    10.877405088938));
#1481 = CARTESIAN_POINT('',(234.05347844773,1.215307996592,
    10.934314790152));
#1482 = CARTESIAN_POINT('',(234.00599467577,1.020881644196,
    10.955463713835));
#1483 = CARTESIAN_POINT('',(233.9671071618,0.82176981593,10.972959447552
    ));
#1484 = CARTESIAN_POINT('',(233.93746531126,0.619024953108,
    10.986387545841));
#1485 = CARTESIAN_POINT('',(233.91751823608,0.413737865089,
    10.995454420999));
#1486 = CARTESIAN_POINT('',(233.90751794717,0.207022433702,11.));
#1487 = CARTESIAN_POINT('',(233.90751794717,-0.337295433586,11.));
#1488 = CARTESIAN_POINT('',(233.93406411434,-0.671980169137,
    10.987933640646));
#1489 = CARTESIAN_POINT('',(233.98641545811,-1.000322477305,
    10.964137342146));
#1490 = CARTESIAN_POINT('',(234.06296933658,-1.318697874726,
    10.929660523922));
#1491 = CARTESIAN_POINT('',(234.16126726003,-1.623709698783,
    10.88621090601));
#1492 = CARTESIAN_POINT('',(234.27795457822,-1.91230362887,
    10.835992817891));
#1493 = CARTESIAN_POINT('',(234.51814969269,-2.407563416485,
    10.735765420663));
#1494 = CARTESIAN_POINT('',(234.63824373574,-2.621544934175,
    10.686723819388));
#1495 = CARTESIAN_POINT('',(234.76763329975,-2.823894737528,
    10.635268083844));
#1496 = CARTESIAN_POINT('',(234.90516432991,-3.014775376501,
    10.58226495851));
#1497 = CARTESIAN_POINT('',(235.04985020689,-3.194408772573,
    10.528488005722));
#1498 = CARTESIAN_POINT('',(235.20085319807,-3.363049254147,
    10.474620830372));
#1499 = CARTESIAN_POINT('',(235.58111604117,-3.746453856948,
    10.345082691586));
#1500 = CARTESIAN_POINT('',(235.81653163338,-3.950393117925,
    10.269836873711));
#1501 = CARTESIAN_POINT('',(236.06173893463,-4.133439042477,
    10.197296014268));
#1502 = CARTESIAN_POINT('',(236.31520478534,-4.296215443524,
    10.128945021301));
#1503 = CARTESIAN_POINT('',(236.5757481689,-4.439254969,10.066037623109)
  );
#1504 = CARTESIAN_POINT('',(236.84245078208,-4.562945633915,
    10.009638009131));
#1505 = CARTESIAN_POINT('',(237.36200675752,-4.762526097058,
    9.916116346037));
#1506 = CARTESIAN_POINT('',(237.61384100195,-4.841702932091,
    9.877724244402));
#1507 = CARTESIAN_POINT('',(237.86911410134,-4.905017700466,
    9.846226007748));
#1508 = CARTESIAN_POINT('',(238.12694033056,-4.952495982798,
    9.822200770204));
#1509 = CARTESIAN_POINT('',(238.38648508589,-4.984156912116,
    9.806043858933));
#1510 = CARTESIAN_POINT('',(238.64694336067,-5.,9.797958971133));
#1511 = CARTESIAN_POINT('',(239.0474261954,-5.,9.797958971133));
#1512 = CARTESIAN_POINT('',(239.18732805821,-4.995432680037,
    9.800289690591));
#1513 = CARTESIAN_POINT('',(239.32709135935,-4.986298709853,
    9.804950908014));
#1514 = CARTESIAN_POINT('',(239.46658221264,-4.972598545371,
    9.811925337457));
#1515 = CARTESIAN_POINT('',(239.60566497999,-4.954332716932,
    9.821178910138));
#1516 = CARTESIAN_POINT('',(239.74420222939,-4.931502117544,
    9.832661056052));
#1517 = CARTESIAN_POINT('',(240.00168770581,-4.880335005524,
    9.858145647343));
#1518 = CARTESIAN_POINT('',(240.12080195742,-4.853125703019,
    9.871614262895));
#1519 = CARTESIAN_POINT('',(240.23932089704,-4.822478459617,
    9.886668324625));
#1520 = CARTESIAN_POINT('',(240.35716488565,-4.788389944307,
    9.903257587049));
#1521 = CARTESIAN_POINT('',(240.47425119606,-4.750855419052,
    9.921324066805));
#1522 = CARTESIAN_POINT('',(240.59049401285,-4.709868738784,
    9.940802042651));
#1523 = CARTESIAN_POINT('',(241.06691872967,-4.526230888886,
    10.026806959192));
#1524 = CARTESIAN_POINT('',(241.41807663095,-4.353422970809,
    10.104973031323));
#1525 = CARTESIAN_POINT('',(241.75787555481,-4.146561504719,
    10.193991655543));
#1526 = CARTESIAN_POINT('',(242.08422484151,-3.904492946439,
    10.291306417465));
#1527 = CARTESIAN_POINT('',(242.39405657765,-3.625580781943,
    10.393783843031));
#1528 = CARTESIAN_POINT('',(242.68293004101,-3.307978231296,
    10.497393474998));
#1529 = CARTESIAN_POINT('',(243.08115466539,-2.763048972344,
    10.649097005138));
#1530 = CARTESIAN_POINT('',(243.21074149062,-2.564492894578,
    10.700222017658));
#1531 = CARTESIAN_POINT('',(243.33196065609,-2.354484050704,
    10.749551999681));
#1532 = CARTESIAN_POINT('',(243.44351856577,-2.133147509947,
    10.796174496212));
#1533 = CARTESIAN_POINT('',(243.54406423306,-1.900710926169,
    10.839123821421));
#1534 = CARTESIAN_POINT('',(243.6321742539,-1.657518998997,
    10.877405088938));
#1535 = CARTESIAN_POINT('',(243.76155744662,-1.215307996592,
    10.934314790152));
#1536 = CARTESIAN_POINT('',(243.80904121858,-1.020881644196,
    10.955463713835));
#1537 = CARTESIAN_POINT('',(243.84792873255,-0.82176981593,
    10.972959447552));
#1538 = CARTESIAN_POINT('',(243.87757058309,-0.619024953108,
    10.986387545841));
#1539 = CARTESIAN_POINT('',(243.89751765827,-0.413737865089,
    10.995454420999));
#1540 = CARTESIAN_POINT('',(243.90751794717,-0.207022433702,11.));
#1541 = CARTESIAN_POINT('',(243.90751794717,0.,11.));
#1542 = PCURVE('',#786,#1543);
#1543 = DEFINITIONAL_REPRESENTATION('',(#1544),#1673);
#1544 = B_SPLINE_CURVE_WITH_KNOTS('',7,(#1545,#1546,#1547,#1548,#1549,
    #1550,#1551,#1552,#1553,#1554,#1555,#1556,#1557,#1558,#1559,#1560,
    #1561,#1562,#1563,#1564,#1565,#1566,#1567,#1568,#1569,#1570,#1571,
    #1572,#1573,#1574,#1575,#1576,#1577,#1578,#1579,#1580,#1581,#1582,
    #1583,#1584,#1585,#1586,#1587,#1588,#1589,#1590,#1591,#1592,#1593,
    #1594,#1595,#1596,#1597,#1598,#1599,#1600,#1601,#1602,#1603,#1604,
    #1605,#1606,#1607,#1608,#1609,#1610,#1611,#1612,#1613,#1614,#1615,
    #1616,#1617,#1618,#1619,#1620,#1621,#1622,#1623,#1624,#1625,#1626,
    #1627,#1628,#1629,#1630,#1631,#1632,#1633,#1634,#1635,#1636,#1637,
    #1638,#1639,#1640,#1641,#1642,#1643,#1644,#1645,#1646,#1647,#1648,
    #1649,#1650,#1651,#1652,#1653,#1654,#1655,#1656,#1657,#1658,#1659,
    #1660,#1661,#1662,#1663,#1664,#1665,#1666,#1667,#1668,#1669,#1670,
    #1671,#1672),.UNSPECIFIED.,.T.,.F.,(8,6,6,6,6,6,6,6,6,6,6,6,6,6,6,6,
    6,6,6,6,6,8),(0.,6.049081386374E-02,8.924500025777E-02,
    0.111120289213,0.12796534511,0.182470737093,0.213247671942,
    0.249201507694,0.315195339438,0.371376303496,0.411164202732,
    0.461298285867,0.498629824981,0.559452980456,0.610374384369,
    0.683090241043,0.749210708888,0.784712247821,0.815521679515,
    0.912006683372,0.962443233616,1.),.UNSPECIFIED.);
#1545 = CARTESIAN_POINT('',(1.570796326795,243.90751794717));
#1546 = CARTESIAN_POINT('',(1.54013310556,243.90751794717));
#1547 = CARTESIAN_POINT('',(1.509707179863,243.88097178001));
#1548 = CARTESIAN_POINT('',(1.479810936215,243.82862043624));
#1549 = CARTESIAN_POINT('',(1.450729504396,243.75206655777));
#1550 = CARTESIAN_POINT('',(1.42274320404,243.65376863432));
#1551 = CARTESIAN_POINT('',(1.396123107043,243.53708131613));
#1552 = CARTESIAN_POINT('',(1.359234404197,243.34419509844));
#1553 = CARTESIAN_POINT('',(1.347662461546,243.27860165784));
#1554 = CARTESIAN_POINT('',(1.336404345816,243.20980858389));
#1555 = CARTESIAN_POINT('',(1.325460303794,243.1380475146));
#1556 = CARTESIAN_POINT('',(1.314830294941,243.06353491361));
#1557 = CARTESIAN_POINT('',(1.304513915252,242.98647232038));
#1558 = CARTESIAN_POINT('',(1.286899898435,242.84662198746));
#1559 = CARTESIAN_POINT('',(1.279469411686,242.78482095715));
#1560 = CARTESIAN_POINT('',(1.272217690087,242.7217177562));
#1561 = CARTESIAN_POINT('',(1.26514355713,242.6573808875));
#1562 = CARTESIAN_POINT('',(1.258245830578,242.59187310997));
#1563 = CARTESIAN_POINT('',(1.251523322474,242.52525143855));
#1564 = CARTESIAN_POINT('',(1.239932182634,242.40544688537));
#1565 = CARTESIAN_POINT('',(1.234992765936,242.35269705869));
#1566 = CARTESIAN_POINT('',(1.230156078785,242.29934134534));
#1567 = CARTESIAN_POINT('',(1.225421658569,242.24540213159));
#1568 = CARTESIAN_POINT('',(1.220789090312,242.19090050879));
#1569 = CARTESIAN_POINT('',(1.216258006679,242.13585627338));
#1570 = CARTESIAN_POINT('',(1.197494240872,241.90048594057));
#1571 = CARTESIAN_POINT('',(1.184213977568,241.71512757996));
#1572 = CARTESIAN_POINT('',(1.171983194916,241.52490058335));
#1573 = CARTESIAN_POINT('',(1.160800282372,241.33038077388));
#1574 = CARTESIAN_POINT('',(1.150666341177,241.13205118309));
#1575 = CARTESIAN_POINT('',(1.141585403549,240.93032117437));
#1576 = CARTESIAN_POINT('',(1.129035665968,240.60991727157));
#1577 = CARTESIAN_POINT('',(1.124845531842,240.49333913155));
#1578 = CARTESIAN_POINT('',(1.120996363201,240.3759011265));
#1579 = CARTESIAN_POINT('',(1.117490147091,240.25769004643));
#1580 = CARTESIAN_POINT('',(1.114328743893,240.1387894913));
#1581 = CARTESIAN_POINT('',(1.111513887326,240.01927987104));
#1582 = CARTESIAN_POINT('',(1.106165564474,239.75900510571));
#1583 = CARTESIAN_POINT('',(1.103759136512,239.61804990441));
#1584 = CARTESIAN_POINT('',(1.101830898818,239.47651971078));
#1585 = CARTESIAN_POINT('',(1.10038313279,239.33455942753));
#1586 = CARTESIAN_POINT('',(1.099417391713,239.19231199742));
#1587 = CARTESIAN_POINT('',(1.098934489515,239.04991844981));
#1588 = CARTESIAN_POINT('',(1.098934489515,238.64613958199));
#1589 = CARTESIAN_POINT('',(1.100561456419,238.38487930493));
#1590 = CARTESIAN_POINT('',(1.10381277886,238.12454117509));
#1591 = CARTESIAN_POINT('',(1.108679873563,237.86593716833));
#1592 = CARTESIAN_POINT('',(1.115147818268,237.60990932125));
#1593 = CARTESIAN_POINT('',(1.123195476331,237.35735159543));
#1594 = CARTESIAN_POINT('',(1.140969195397,236.89800523167));
#1595 = CARTESIAN_POINT('',(1.150268125091,236.68998482947));
#1596 = CARTESIAN_POINT('',(1.160684882176,236.48555482543));
#1597 = CARTESIAN_POINT('',(1.172215015215,236.28516036999));
#1598 = CARTESIAN_POINT('',(1.184857381327,236.08932946829));
#1599 = CARTESIAN_POINT('',(1.198613886262,235.8986952546));
#1600 = CARTESIAN_POINT('',(1.224024082106,235.58322824703));
#1601 = CARTESIAN_POINT('',(1.235122584949,235.45539545642));
#1602 = CARTESIAN_POINT('',(1.246789920678,235.33075569634));
#1603 = CARTESIAN_POINT('',(1.259032311944,235.20959084745));
#1604 = CARTESIAN_POINT('',(1.271856658371,235.09223513583));
#1605 = CARTESIAN_POINT('',(1.285270178547,234.97908139927));
#1606 = CARTESIAN_POINT('',(1.316932960947,234.73388122896));
#1607 = CARTESIAN_POINT('',(1.335568720635,234.60429440372));
#1608 = CARTESIAN_POINT('',(1.355172731758,234.48307523826));
#1609 = CARTESIAN_POINT('',(1.375725243821,234.37151732858));
#1610 = CARTESIAN_POINT('',(1.397201868388,234.27097166128));
#1611 = CARTESIAN_POINT('',(1.419573590775,234.18286164045));
#1612 = CARTESIAN_POINT('',(1.460106128948,234.05347844773));
#1613 = CARTESIAN_POINT('',(1.477882086391,234.00599467577));
#1614 = CARTESIAN_POINT('',(1.496046565106,233.9671071618));
#1615 = CARTESIAN_POINT('',(1.514510450771,233.93746531126));
#1616 = CARTESIAN_POINT('',(1.533183790577,233.91751823608));
#1617 = CARTESIAN_POINT('',(1.551976105549,233.90751794717));
#1618 = CARTESIAN_POINT('',(1.60145954803,233.90751794717));
#1619 = CARTESIAN_POINT('',(1.631885473727,233.93406411434));
#1620 = CARTESIAN_POINT('',(1.661781717375,233.98641545811));
#1621 = CARTESIAN_POINT('',(1.690863149193,234.06296933658));
#1622 = CARTESIAN_POINT('',(1.71884944955,234.16126726003));
#1623 = CARTESIAN_POINT('',(1.745469546546,234.27795457822));
#1624 = CARTESIAN_POINT('',(1.791405883051,234.51814969269));
#1625 = CARTESIAN_POINT('',(1.811356553292,234.63824373574));
#1626 = CARTESIAN_POINT('',(1.830329325762,234.76763329975));
#1627 = CARTESIAN_POINT('',(1.8483316883,234.90516432991));
#1628 = CARTESIAN_POINT('',(1.865373362723,235.04985020689));
#1629 = CARTESIAN_POINT('',(1.88146519532,235.20085319807));
#1630 = CARTESIAN_POINT('',(1.918255781932,235.58111604117));
#1631 = CARTESIAN_POINT('',(1.938009865237,235.81653163338));
#1632 = CARTESIAN_POINT('',(1.955902293301,236.06173893463));
#1633 = CARTESIAN_POINT('',(1.971947246609,236.31520478534));
#1634 = CARTESIAN_POINT('',(1.986150657093,236.5757481689));
#1635 = CARTESIAN_POINT('',(1.998508380986,236.84245078208));
#1636 = CARTESIAN_POINT('',(2.018545260771,237.36200675752));
#1637 = CARTESIAN_POINT('',(2.026543997242,237.61384100195));
#1638 = CARTESIAN_POINT('',(2.032972483012,237.86911410134));
#1639 = CARTESIAN_POINT('',(2.037809800239,238.12694033056));
#1640 = CARTESIAN_POINT('',(2.041041188034,238.38648508589));
#1641 = CARTESIAN_POINT('',(2.042658164075,238.64694336067));
#1642 = CARTESIAN_POINT('',(2.042658164075,239.0474261954));
#1643 = CARTESIAN_POINT('',(2.042192016835,239.18732805821));
#1644 = CARTESIAN_POINT('',(2.041259779524,239.32709135935));
#1645 = CARTESIAN_POINT('',(2.039862211034,239.46658221264));
#1646 = CARTESIAN_POINT('',(2.038000761892,239.60566497999));
#1647 = CARTESIAN_POINT('',(2.035677564167,239.74420222939));
#1648 = CARTESIAN_POINT('',(2.03048098412,240.00168770581));
#1649 = CARTESIAN_POINT('',(2.027720948733,240.12080195742));
#1650 = CARTESIAN_POINT('',(2.024616890291,240.23932089704));
#1651 = CARTESIAN_POINT('',(2.021170515674,240.35716488565));
#1652 = CARTESIAN_POINT('',(2.017383663562,240.47425119606));
#1653 = CARTESIAN_POINT('',(2.013258304437,240.59049401285));
#1654 = CARTESIAN_POINT('',(1.994823764097,241.06691872967));
#1655 = CARTESIAN_POINT('',(1.977583065309,241.41807663095));
#1656 = CARTESIAN_POINT('',(1.957115942707,241.75787555481));
#1657 = CARTESIAN_POINT('',(1.933412096062,242.08422484151));
#1658 = CARTESIAN_POINT('',(1.90642390043,242.39405657765));
#1659 = CARTESIAN_POINT('',(1.876082575474,242.68293004101));
#1660 = CARTESIAN_POINT('',(1.824659692643,243.08115466539));
#1661 = CARTESIAN_POINT('',(1.806023932955,243.21074149062));
#1662 = CARTESIAN_POINT('',(1.786419921832,243.33196065609));
#1663 = CARTESIAN_POINT('',(1.765867409769,243.44351856577));
#1664 = CARTESIAN_POINT('',(1.744390785202,243.54406423306));
#1665 = CARTESIAN_POINT('',(1.722019062814,243.6321742539));
#1666 = CARTESIAN_POINT('',(1.681486524641,243.76155744662));
#1667 = CARTESIAN_POINT('',(1.663710567199,243.80904121858));
#1668 = CARTESIAN_POINT('',(1.645546088484,243.84792873255));
#1669 = CARTESIAN_POINT('',(1.627082202819,243.87757058309));
#1670 = CARTESIAN_POINT('',(1.608408863013,243.89751765827));
#1671 = CARTESIAN_POINT('',(1.589616548041,243.90751794717));
#1672 = CARTESIAN_POINT('',(1.570796326795,243.90751794717));
#1673 = ( GEOMETRIC_REPRESENTATION_CONTEXT(2) 
PARAMETRIC_REPRESENTATION_CONTEXT() REPRESENTATION_CONTEXT('2D SPACE',''
  ) );
#1674 = PCURVE('',#1675,#1680);
#1675 = CYLINDRICAL_SURFACE('',#1676,5.);
#1676 = AXIS2_PLACEMENT_3D('',#1677,#1678,#1679);
#1677 = CARTESIAN_POINT('',(238.90751794717,0.,6.));
#1678 = DIRECTION('',(0.,0.,1.));
#1679 = DIRECTION('',(1.,0.,-0.));
#1680 = DEFINITIONAL_REPRESENTATION('',(#1681),#1810);
#1681 = B_SPLINE_CURVE_WITH_KNOTS('',7,(#1682,#1683,#1684,#1685,#1686,
    #1687,#1688,#1689,#1690,#1691,#1692,#1693,#1694,#1695,#1696,#1697,
    #1698,#1699,#1700,#1701,#1702,#1703,#1704,#1705,#1706,#1707,#1708,
    #1709,#1710,#1711,#1712,#1713,#1714,#1715,#1716,#1717,#1718,#1719,
    #1720,#1721,#1722,#1723,#1724,#1725,#1726,#1727,#1728,#1729,#1730,
    #1731,#1732,#1733,#1734,#1735,#1736,#1737,#1738,#1739,#1740,#1741,
    #1742,#1743,#1744,#1745,#1746,#1747,#1748,#1749,#1750,#1751,#1752,
    #1753,#1754,#1755,#1756,#1757,#1758,#1759,#1760,#1761,#1762,#1763,
    #1764,#1765,#1766,#1767,#1768,#1769,#1770,#1771,#1772,#1773,#1774,
    #1775,#1776,#1777,#1778,#1779,#1780,#1781,#1782,#1783,#1784,#1785,
    #1786,#1787,#1788,#1789,#1790,#1791,#1792,#1793,#1794,#1795,#1796,
    #1797,#1798,#1799,#1800,#1801,#1802,#1803,#1804,#1805,#1806,#1807,
    #1808,#1809),.UNSPECIFIED.,.F.,.F.,(8,6,6,6,6,6,6,6,6,6,6,6,6,6,6,6,
    6,6,6,6,6,8),(0.,6.049081386374E-02,8.924500025777E-02,
    0.111120289213,0.12796534511,0.182470737093,0.213247671942,
    0.249201507694,0.315195339438,0.371376303496,0.411164202732,
    0.461298285867,0.498629824981,0.559452980456,0.610374384369,
    0.683090241043,0.749210708888,0.784712247821,0.815521679515,
    0.912006683372,0.962443233616,1.),.UNSPECIFIED.);
#1682 = CARTESIAN_POINT('',(0.,5.));
#1683 = CARTESIAN_POINT('',(6.74590867172E-02,5.));
#1684 = CARTESIAN_POINT('',(0.134395986924,4.987933640646));
#1685 = CARTESIAN_POINT('',(0.200566058215,4.964137342146));
#1686 = CARTESIAN_POINT('',(0.265710055651,4.929660523922));
#1687 = CARTESIAN_POINT('',(0.329528296897,4.88621090601));
#1688 = CARTESIAN_POINT('',(0.391645478744,4.835992817891));
#1689 = CARTESIAN_POINT('',(0.480049312904,4.755506236794));
#1690 = CARTESIAN_POINT('',(0.50816060877,4.728480864383));
#1691 = CARTESIAN_POINT('',(0.535916112065,4.700538037863));
#1692 = CARTESIAN_POINT('',(0.56333036277,4.671845863794));
#1693 = CARTESIAN_POINT('',(0.590416851919,4.642564238087));
#1694 = CARTESIAN_POINT('',(0.617188512103,4.612844169121));
#1695 = CARTESIAN_POINT('',(0.663795527753,4.559991050731));
#1696 = CARTESIAN_POINT('',(0.683761030177,4.536979870899));
#1697 = CARTESIAN_POINT('',(0.703562531378,4.513852961598));
#1698 = CARTESIAN_POINT('',(0.723207827435,4.490666667311));
#1699 = CARTESIAN_POINT('',(0.742704694386,4.467474276766));
#1700 = CARTESIAN_POINT('',(0.762060888232,4.444326022937));
#1701 = CARTESIAN_POINT('',(0.796087004645,4.4035140974));
#1702 = CARTESIAN_POINT('',(0.810810933244,4.385813478683));
#1703 = CARTESIAN_POINT('',(0.825459400924,4.368188891467));
#1704 = CARTESIAN_POINT('',(0.840035790623,4.350661243831));
#1705 = CARTESIAN_POINT('',(0.854543398021,4.333250687361));
#1706 = CARTESIAN_POINT('',(0.868985431537,4.31597661715));
#1707 = CARTESIAN_POINT('',(0.92989288927,4.243466058229));
#1708 = CARTESIAN_POINT('',(0.97578509255,4.189677447234));
#1709 = CARTESIAN_POINT('',(1.021129709769,4.138147049904));
#1710 = CARTESIAN_POINT('',(1.066009964141,4.089454011047));
#1711 = CARTESIAN_POINT('',(1.110505980314,4.044108607876));
#1712 = CARTESIAN_POINT('',(1.154696550202,4.002559448693));
#1713 = CARTESIAN_POINT('',(1.223485743526,3.944105719175));
#1714 = CARTESIAN_POINT('',(1.24823395534,3.924350516264));
#1715 = CARTESIAN_POINT('',(1.272914142618,3.906010020685));
#1716 = CARTESIAN_POINT('',(1.297534952474,3.889151370787));
#1717 = CARTESIAN_POINT('',(1.322105070761,3.873833885424));
#1718 = CARTESIAN_POINT('',(1.346633222073,3.860109063962));
#1719 = CARTESIAN_POINT('',(1.399743343076,3.833898740038));
#1720 = CARTESIAN_POINT('',(1.428312504385,3.822010226105));
#1721 = CARTESIAN_POINT('',(1.456845065921,3.812426638696));
#1722 = CARTESIAN_POINT('',(1.485350300741,3.805202203128));
#1723 = CARTESIAN_POINT('',(1.513837516004,3.800373463625));
#1724 = CARTESIAN_POINT('',(1.542316226268,3.797958971133));
#1725 = CARTESIAN_POINT('',(1.623071999832,3.797958971133));
#1726 = CARTESIAN_POINT('',(1.675324053702,3.806093813408));
#1727 = CARTESIAN_POINT('',(1.727625015447,3.822350397329));
#1728 = CARTESIAN_POINT('',(1.780044862621,3.846522522648));
#1729 = CARTESIAN_POINT('',(1.832652101413,3.878210085674));
#1730 = CARTESIAN_POINT('',(1.88551413392,3.916827030526));
#1731 = CARTESIAN_POINT('',(1.983971750221,3.999748936725));
#1732 = CARTESIAN_POINT('',(2.029481124472,4.042356298177));
#1733 = CARTESIAN_POINT('',(2.075311738552,4.089012556573));
#1734 = CARTESIAN_POINT('',(2.121549731402,4.139229107232));
#1735 = CARTESIAN_POINT('',(2.168282721524,4.19244792399));
#1736 = CARTESIAN_POINT('',(2.215601848849,4.248033159137));
#1737 = CARTESIAN_POINT('',(2.297599271969,4.345793285491));
#1738 = CARTESIAN_POINT('',(2.331945223636,4.387157945005));
#1739 = CARTESIAN_POINT('',(2.366686217271,4.429112521895));
#1740 = CARTESIAN_POINT('',(2.40186678025,4.471388662037));
#1741 = CARTESIAN_POINT('',(2.437532083621,4.513689964155));
#1742 = CARTESIAN_POINT('',(2.473728604064,4.555688086781));
#1743 = CARTESIAN_POINT('',(2.55684400432,4.649097005138));
#1744 = CARTESIAN_POINT('',(2.604198159672,4.700222017658));
#1745 = CARTESIAN_POINT('',(2.652576699093,4.749551999681));
#1746 = CARTESIAN_POINT('',(2.702001549901,4.796174496212));
#1747 = CARTESIAN_POINT('',(2.752505836485,4.839123821421));
#1748 = CARTESIAN_POINT('',(2.804135630847,4.877405088938));
#1749 = CARTESIAN_POINT('',(2.896285634907,4.934314790152));
#1750 = CARTESIAN_POINT('',(2.936273074067,4.955463713835));
#1751 = CARTESIAN_POINT('',(2.976776507425,4.972959447552));
#1752 = CARTESIAN_POINT('',(3.017671718637,4.986387545841));
#1753 = CARTESIAN_POINT('',(3.058845083551,4.995454420999));
#1754 = CARTESIAN_POINT('',(3.100188166849,5.));
#1755 = CARTESIAN_POINT('',(3.209051740307,5.));
#1756 = CARTESIAN_POINT('',(3.275988640513,4.987933640646));
#1757 = CARTESIAN_POINT('',(3.342158711805,4.964137342146));
#1758 = CARTESIAN_POINT('',(3.407302709241,4.929660523922));
#1759 = CARTESIAN_POINT('',(3.471120950486,4.88621090601));
#1760 = CARTESIAN_POINT('',(3.533238132334,4.835992817891));
#1761 = CARTESIAN_POINT('',(3.64332463473,4.735765420663));
#1762 = CARTESIAN_POINT('',(3.692312472518,4.686723819388));
#1763 = CARTESIAN_POINT('',(3.740224535127,4.635268083844));
#1764 = CARTESIAN_POINT('',(3.787152249082,4.58226495851));
#1765 = CARTESIAN_POINT('',(3.83318154694,4.528488005722));
#1766 = CARTESIAN_POINT('',(3.878395859638,4.474620830372));
#1767 = CARTESIAN_POINT('',(3.986395659507,4.345082691586));
#1768 = CARTESIAN_POINT('',(4.048511057915,4.269836873711));
#1769 = CARTESIAN_POINT('',(4.109456821498,4.197296014268));
#1770 = CARTESIAN_POINT('',(4.169442127459,4.128945021301));
#1771 = CARTESIAN_POINT('',(4.228667224488,4.066037623109));
#1772 = CARTESIAN_POINT('',(4.287331273015,4.009638009131));
#1773 = CARTESIAN_POINT('',(4.398645382253,3.916116346037));
#1774 = CARTESIAN_POINT('',(4.45134099726,3.877724244402));
#1775 = CARTESIAN_POINT('',(4.50378439525,3.846226007748));
#1776 = CARTESIAN_POINT('',(4.556042268731,3.822200770204));
#1777 = CARTESIAN_POINT('',(4.608182409687,3.806043858933));
#1778 = CARTESIAN_POINT('',(4.660274063083,3.797958971133));
#1779 = CARTESIAN_POINT('',(4.74037063003,3.797958971133));
#1780 = CARTESIAN_POINT('',(4.768351003253,3.800289690591));
#1781 = CARTESIAN_POINT('',(4.796339446319,3.804950908014));
#1782 = CARTESIAN_POINT('',(4.824344957035,3.811925337457));
#1783 = CARTESIAN_POINT('',(4.852376342888,3.821178910138));
#1784 = CARTESIAN_POINT('',(4.880442379185,3.832661056052));
#1785 = CARTESIAN_POINT('',(4.932946414809,3.858145647343));
#1786 = CARTESIAN_POINT('',(4.957373116466,3.871614262895));
#1787 = CARTESIAN_POINT('',(4.981840659968,3.886668324625));
#1788 = CARTESIAN_POINT('',(5.006357591966,3.903257587049));
#1789 = CARTESIAN_POINT('',(5.030932417957,3.921324066805));
#1790 = CARTESIAN_POINT('',(5.055573602285,3.940802042651));
#1791 = CARTESIAN_POINT('',(5.157691841735,4.026806959192));
#1792 = CARTESIAN_POINT('',(5.23565411526,4.104973031323));
#1793 = CARTESIAN_POINT('',(5.314703841551,4.193991655543));
#1794 = CARTESIAN_POINT('',(5.395339509236,4.291306417465));
#1795 = CARTESIAN_POINT('',(5.478076573722,4.393783843031));
#1796 = CARTESIAN_POINT('',(5.563450621784,4.497393474998));
#1797 = CARTESIAN_POINT('',(5.69843665791,4.649097005138));
#1798 = CARTESIAN_POINT('',(5.745790813262,4.700222017658));
#1799 = CARTESIAN_POINT('',(5.794169352682,4.749551999681));
#1800 = CARTESIAN_POINT('',(5.84359420349,4.796174496212));
#1801 = CARTESIAN_POINT('',(5.894098490075,4.839123821421));
#1802 = CARTESIAN_POINT('',(5.945728284436,4.877405088938));
#1803 = CARTESIAN_POINT('',(6.037878288496,4.934314790152));
#1804 = CARTESIAN_POINT('',(6.077865727657,4.955463713835));
#1805 = CARTESIAN_POINT('',(6.118369161015,4.972959447552));
#1806 = CARTESIAN_POINT('',(6.159264372227,4.986387545841));
#1807 = CARTESIAN_POINT('',(6.200437737141,4.995454420999));
#1808 = CARTESIAN_POINT('',(6.241780820439,5.));
#1809 = CARTESIAN_POINT('',(6.28318530718,5.));
#1810 = ( GEOMETRIC_REPRESENTATION_CONTEXT(2) 
PARAMETRIC_REPRESENTATION_CONTEXT() REPRESENTATION_CONTEXT('2D SPACE',''
  ) );
#1811 = FACE_BOUND('',#1812,.F.);
#1812 = EDGE_LOOP('',(#1813));
#1813 = ORIENTED_EDGE('',*,*,#1814,.F.);
#1814 = EDGE_CURVE('',#1815,#1815,#1817,.T.);
#1815 = VERTEX_POINT('',#1816);
#1816 = CARTESIAN_POINT('',(296.12074989573,-1.224646799147E-15,11.));
#1817 = SURFACE_CURVE('',#1818,(#1947,#2079),.PCURVE_S1.);
#1818 = B_SPLINE_CURVE_WITH_KNOTS('',7,(#1819,#1820,#1821,#1822,#1823,
    #1824,#1825,#1826,#1827,#1828,#1829,#1830,#1831,#1832,#1833,#1834,
    #1835,#1836,#1837,#1838,#1839,#1840,#1841,#1842,#1843,#1844,#1845,
    #1846,#1847,#1848,#1849,#1850,#1851,#1852,#1853,#1854,#1855,#1856,
    #1857,#1858,#1859,#1860,#1861,#1862,#1863,#1864,#1865,#1866,#1867,
    #1868,#1869,#1870,#1871,#1872,#1873,#1874,#1875,#1876,#1877,#1878,
    #1879,#1880,#1881,#1882,#1883,#1884,#1885,#1886,#1887,#1888,#1889,
    #1890,#1891,#1892,#1893,#1894,#1895,#1896,#1897,#1898,#1899,#1900,
    #1901,#1902,#1903,#1904,#1905,#1906,#1907,#1908,#1909,#1910,#1911,
    #1912,#1913,#1914,#1915,#1916,#1917,#1918,#1919,#1920,#1921,#1922,
    #1923,#1924,#1925,#1926,#1927,#1928,#1929,#1930,#1931,#1932,#1933,
    #1934,#1935,#1936,#1937,#1938,#1939,#1940,#1941,#1942,#1943,#1944,
    #1945,#1946),.UNSPECIFIED.,.T.,.F.,(8,6,6,6,6,6,6,6,6,6,6,6,6,6,6,6,
    6,6,6,6,6,8),(0.,6.049080315853E-02,8.924498446381E-02,
    0.111120269547,0.127965322464,0.1824707048,0.213247637552,
    0.249201474744,0.315195309133,0.371376275442,0.411164177346,
    0.461298262704,0.498629803431,0.559452961471,0.610374367554,
    0.683090227366,0.749210698064,0.78471223853,0.815521671553,
    0.912006679574,0.962443231995,1.),.UNSPECIFIED.);
#1819 = CARTESIAN_POINT('',(296.12074989573,0.,11.));
#1820 = CARTESIAN_POINT('',(296.12074989573,0.337295433586,11.));
#1821 = CARTESIAN_POINT('',(296.09420372857,0.671980169137,
    10.987933640646));
#1822 = CARTESIAN_POINT('',(296.0418523848,1.000322477305,
    10.964137342146));
#1823 = CARTESIAN_POINT('',(295.96529850633,1.318697874726,
    10.929660523922));
#1824 = CARTESIAN_POINT('',(295.86700058288,1.623709698783,
    10.88621090601));
#1825 = CARTESIAN_POINT('',(295.75031326469,1.91230362887,
    10.835992817891));
#1826 = CARTESIAN_POINT('',(295.557427047,2.310016910494,10.755506236794
    ));
#1827 = CARTESIAN_POINT('',(295.4918336064,2.434419515498,
    10.728480864383));
#1828 = CARTESIAN_POINT('',(295.42304053245,2.555083600814,
    10.700538037863));
#1829 = CARTESIAN_POINT('',(295.35127946316,2.672016941498,
    10.671845863794));
#1830 = CARTESIAN_POINT('',(295.27676686217,2.78523526375,
    10.642564238087));
#1831 = CARTESIAN_POINT('',(295.19970426894,2.894762052626,
    10.612844169121));
#1832 = CARTESIAN_POINT('',(295.05985393602,3.081168147152,
    10.559991050731));
#1833 = CARTESIAN_POINT('',(294.99805290571,3.159600849272,
    10.536979870899));
#1834 = CARTESIAN_POINT('',(294.93494970476,3.235948727836,
    10.513852961598));
#1835 = CARTESIAN_POINT('',(294.87061283606,3.310234659839,
    10.490666667311));
#1836 = CARTESIAN_POINT('',(294.80510505853,3.382482137548,
    10.467474276766));
#1837 = CARTESIAN_POINT('',(294.73848338711,3.4527152685,10.444326022937
    ));
#1838 = CARTESIAN_POINT('',(294.61867883393,3.57350965575,10.4035140974)
  );
#1839 = CARTESIAN_POINT('',(294.56592900725,3.624880177334,
    10.385813478683));
#1840 = CARTESIAN_POINT('',(294.5125732939,3.675081209226,
    10.368188891467));
#1841 = CARTESIAN_POINT('',(294.45863408015,3.724123187365,
    10.350661243831));
#1842 = CARTESIAN_POINT('',(294.40413245735,3.772016114667,
    10.333250687361));
#1843 = CARTESIAN_POINT('',(294.34908822194,3.81876956102,10.31597661715
    ));
#1844 = CARTESIAN_POINT('',(294.11371788913,4.012014914454,
    10.243466058229));
#1845 = CARTESIAN_POINT('',(293.92835952852,4.147859971181,
    10.189677447234));
#1846 = CARTESIAN_POINT('',(293.73813253191,4.27216637235,
    10.138147049904));
#1847 = CARTESIAN_POINT('',(293.54361272244,4.385149965339,
    10.089454011047));
#1848 = CARTESIAN_POINT('',(293.34528313165,4.486993576846,
    10.044108607876));
#1849 = CARTESIAN_POINT('',(293.14355312293,4.577836683711,
    10.002559448692));
#1850 = CARTESIAN_POINT('',(292.82314920755,4.702897341999,
    9.944105716879));
#1851 = CARTESIAN_POINT('',(292.70657107891,4.744541182595,
    9.924350515572));
#1852 = CARTESIAN_POINT('',(292.5891330854,4.782704600801,9.906010021933
    ));
#1853 = CARTESIAN_POINT('',(292.47092200516,4.817394114729,
    9.889151372429));
#1854 = CARTESIAN_POINT('',(292.35202143825,4.848614765325,
    9.873833885719));
#1855 = CARTESIAN_POINT('',(292.23251180661,4.876370116369,
    9.860109062653));
#1856 = CARTESIAN_POINT('',(291.97223705427,4.929040507286,
    9.833898740038));
#1857 = CARTESIAN_POINT('',(291.83128185297,4.952691552241,
    9.822010226105));
#1858 = CARTESIAN_POINT('',(291.68975165934,4.971613780648,
    9.812426638696));
#1859 = CARTESIAN_POINT('',(291.54779137609,4.985806279596,
    9.805202203128));
#1860 = CARTESIAN_POINT('',(291.40554394598,4.995268512557,
    9.800373463625));
#1861 = CARTESIAN_POINT('',(291.26315039837,5.,9.797958971133));
#1862 = CARTESIAN_POINT('',(290.85937153055,5.,9.797958971133));
#1863 = CARTESIAN_POINT('',(290.59811125349,4.984059021504,
    9.806093813408));
#1864 = CARTESIAN_POINT('',(290.33777312366,4.952202775109,
    9.822350397329));
#1865 = CARTESIAN_POINT('',(290.07916911689,4.904431711377,
    9.846522522648));
#1866 = CARTESIAN_POINT('',(289.82314126981,4.840726259955,
    9.878210085674));
#1867 = CARTESIAN_POINT('',(289.57058354399,4.761060227072,
    9.916827030526));
#1868 = CARTESIAN_POINT('',(289.11123718023,4.58400522631,9.999748936725
    ));
#1869 = CARTESIAN_POINT('',(288.90321677803,4.491009066722,
    10.042356298177));
#1870 = CARTESIAN_POINT('',(288.69878677399,4.38634303849,
    10.089012556573));
#1871 = CARTESIAN_POINT('',(288.49839231855,4.269855245905,
    10.139229107232));
#1872 = CARTESIAN_POINT('',(288.30256141685,4.141344785484,
    10.19244792399));
#1873 = CARTESIAN_POINT('',(288.11192720316,4.000573799763,
    10.248033159137));
#1874 = CARTESIAN_POINT('',(287.79646019206,3.738715052293,
    10.345793286585));
#1875 = CARTESIAN_POINT('',(287.66862740812,3.623843831948,
    10.38715794391));
#1876 = CARTESIAN_POINT('',(287.54398764779,3.50253646926,
    10.429112520983));
#1877 = CARTESIAN_POINT('',(287.42282279381,3.374652612196,
    10.471388662871));
#1878 = CARTESIAN_POINT('',(287.30546708105,3.240047762016,
    10.513689965292));
#1879 = CARTESIAN_POINT('',(287.19231335029,3.098580077813,
    10.555688085842));
#1880 = CARTESIAN_POINT('',(286.94711317752,2.763048972344,
    10.649097005138));
#1881 = CARTESIAN_POINT('',(286.81752635229,2.564492894578,
    10.700222017658));
#1882 = CARTESIAN_POINT('',(286.69630718682,2.354484050704,
    10.749551999681));
#1883 = CARTESIAN_POINT('',(286.58474927714,2.133147509947,
    10.796174496212));
#1884 = CARTESIAN_POINT('',(286.48420360984,1.900710926169,
    10.839123821421));
#1885 = CARTESIAN_POINT('',(286.39609358901,1.657518998997,
    10.877405088938));
#1886 = CARTESIAN_POINT('',(286.26671039635,1.215307996804,
    10.934314790124));
#1887 = CARTESIAN_POINT('',(286.21922662432,1.020881644218,
    10.955463713841));
#1888 = CARTESIAN_POINT('',(286.18033911032,0.821769815756,
    10.972959447571));
#1889 = CARTESIAN_POINT('',(286.15069725981,0.619024952936,
    10.986387545845));
#1890 = CARTESIAN_POINT('',(286.13075018466,0.413737865115,
    10.995454420989));
#1891 = CARTESIAN_POINT('',(286.12074989573,0.207022433921,11.));
#1892 = CARTESIAN_POINT('',(286.12074989573,-0.337295433586,11.));
#1893 = CARTESIAN_POINT('',(286.1472960629,-0.671980169137,
    10.987933640646));
#1894 = CARTESIAN_POINT('',(286.19964740667,-1.000322477305,
    10.964137342146));
#1895 = CARTESIAN_POINT('',(286.27620128514,-1.318697874726,
    10.929660523922));
#1896 = CARTESIAN_POINT('',(286.37449920859,-1.623709698783,
    10.88621090601));
#1897 = CARTESIAN_POINT('',(286.49118652678,-1.91230362887,
    10.835992817891));
#1898 = CARTESIAN_POINT('',(286.7313816413,-2.407563416585,
    10.735765420643));
#1899 = CARTESIAN_POINT('',(286.85147568432,-2.621544934184,
    10.686723819381));
#1900 = CARTESIAN_POINT('',(286.98086524827,-2.823894737455,
    10.635268083861));
#1901 = CARTESIAN_POINT('',(287.11839627841,-3.014775376436,
    10.582264958532));
#1902 = CARTESIAN_POINT('',(287.26308215545,-3.194408772591,
    10.528488005719));
#1903 = CARTESIAN_POINT('',(287.41408514671,-3.363049254234,
    10.474620830342));
#1904 = CARTESIAN_POINT('',(287.79434798973,-3.746453856948,
    10.345082691586));
#1905 = CARTESIAN_POINT('',(288.02976358194,-3.950393117925,
    10.269836873711));
#1906 = CARTESIAN_POINT('',(288.27497088319,-4.133439042477,
    10.197296014268));
#1907 = CARTESIAN_POINT('',(288.5284367339,-4.296215443524,
    10.128945021301));
#1908 = CARTESIAN_POINT('',(288.78898011746,-4.439254969,10.066037623109
    ));
#1909 = CARTESIAN_POINT('',(289.05568273064,-4.562945633915,
    10.009638009131));
#1910 = CARTESIAN_POINT('',(289.57523870608,-4.762526097058,
    9.916116346037));
#1911 = CARTESIAN_POINT('',(289.82707295051,-4.841702932091,
    9.877724244402));
#1912 = CARTESIAN_POINT('',(290.0823460499,-4.905017700466,
    9.846226007748));
#1913 = CARTESIAN_POINT('',(290.34017227912,-4.952495982798,
    9.822200770204));
#1914 = CARTESIAN_POINT('',(290.59971703445,-4.984156912116,
    9.806043858933));
#1915 = CARTESIAN_POINT('',(290.86017530923,-5.,9.797958971133));
#1916 = CARTESIAN_POINT('',(291.26065814396,-5.,9.797958971133));
#1917 = CARTESIAN_POINT('',(291.40056000677,-4.995432680037,
    9.800289690591));
#1918 = CARTESIAN_POINT('',(291.54032330791,-4.986298709853,
    9.804950908014));
#1919 = CARTESIAN_POINT('',(291.6798141612,-4.972598545371,
    9.811925337457));
#1920 = CARTESIAN_POINT('',(291.81889692855,-4.954332716932,
    9.821178910138));
#1921 = CARTESIAN_POINT('',(291.95743417795,-4.931502117544,
    9.832661056052));
#1922 = CARTESIAN_POINT('',(292.21491965437,-4.880335005524,
    9.858145647343));
#1923 = CARTESIAN_POINT('',(292.33403390598,-4.853125703018,
    9.871614262895));
#1924 = CARTESIAN_POINT('',(292.4525528456,-4.822478459617,
    9.886668324625));
#1925 = CARTESIAN_POINT('',(292.57039683421,-4.788389944307,
    9.903257587049));
#1926 = CARTESIAN_POINT('',(292.68748314462,-4.750855419052,
    9.921324066805));
#1927 = CARTESIAN_POINT('',(292.80372596141,-4.709868738784,
    9.940802042651));
#1928 = CARTESIAN_POINT('',(293.28015067823,-4.526230888886,
    10.026806959192));
#1929 = CARTESIAN_POINT('',(293.63130857952,-4.353422970809,
    10.104973031323));
#1930 = CARTESIAN_POINT('',(293.97110750337,-4.14656150472,
    10.193991655543));
#1931 = CARTESIAN_POINT('',(294.29745679007,-3.904492946438,
    10.291306417465));
#1932 = CARTESIAN_POINT('',(294.60728852621,-3.625580781944,
    10.393783843031));
#1933 = CARTESIAN_POINT('',(294.89616198957,-3.307978231295,
    10.497393474998));
#1934 = CARTESIAN_POINT('',(295.29438661395,-2.763048972344,
    10.649097005138));
#1935 = CARTESIAN_POINT('',(295.42397343918,-2.564492894578,
    10.700222017658));
#1936 = CARTESIAN_POINT('',(295.54519260465,-2.354484050704,
    10.749551999681));
#1937 = CARTESIAN_POINT('',(295.65675051433,-2.133147509947,
    10.796174496212));
#1938 = CARTESIAN_POINT('',(295.75729618163,-1.90071092617,
    10.839123821421));
#1939 = CARTESIAN_POINT('',(295.84540620246,-1.657518998997,
    10.877405088938));
#1940 = CARTESIAN_POINT('',(295.97478939518,-1.215307996592,
    10.934314790152));
#1941 = CARTESIAN_POINT('',(296.02227316714,-1.020881644195,
    10.955463713835));
#1942 = CARTESIAN_POINT('',(296.06116068111,-0.82176981593,
    10.972959447552));
#1943 = CARTESIAN_POINT('',(296.09080253165,-0.619024953108,
    10.986387545841));
#1944 = CARTESIAN_POINT('',(296.11074960683,-0.413737865089,
    10.995454420999));
#1945 = CARTESIAN_POINT('',(296.12074989573,-0.207022433702,11.));
#1946 = CARTESIAN_POINT('',(296.12074989573,0.,11.));
#1947 = PCURVE('',#786,#1948);
#1948 = DEFINITIONAL_REPRESENTATION('',(#1949),#2078);
#1949 = B_SPLINE_CURVE_WITH_KNOTS('',7,(#1950,#1951,#1952,#1953,#1954,
    #1955,#1956,#1957,#1958,#1959,#1960,#1961,#1962,#1963,#1964,#1965,
    #1966,#1967,#1968,#1969,#1970,#1971,#1972,#1973,#1974,#1975,#1976,
    #1977,#1978,#1979,#1980,#1981,#1982,#1983,#1984,#1985,#1986,#1987,
    #1988,#1989,#1990,#1991,#1992,#1993,#1994,#1995,#1996,#1997,#1998,
    #1999,#2000,#2001,#2002,#2003,#2004,#2005,#2006,#2007,#2008,#2009,
    #2010,#2011,#2012,#2013,#2014,#2015,#2016,#2017,#2018,#2019,#2020,
    #2021,#2022,#2023,#2024,#2025,#2026,#2027,#2028,#2029,#2030,#2031,
    #2032,#2033,#2034,#2035,#2036,#2037,#2038,#2039,#2040,#2041,#2042,
    #2043,#2044,#2045,#2046,#2047,#2048,#2049,#2050,#2051,#2052,#2053,
    #2054,#2055,#2056,#2057,#2058,#2059,#2060,#2061,#2062,#2063,#2064,
    #2065,#2066,#2067,#2068,#2069,#2070,#2071,#2072,#2073,#2074,#2075,
    #2076,#2077),.UNSPECIFIED.,.T.,.F.,(8,6,6,6,6,6,6,6,6,6,6,6,6,6,6,6,
    6,6,6,6,6,8),(0.,6.049080315853E-02,8.924498446381E-02,
    0.111120269547,0.127965322464,0.1824707048,0.213247637552,
    0.249201474744,0.315195309133,0.371376275442,0.411164177346,
    0.461298262704,0.498629803431,0.559452961471,0.610374367554,
    0.683090227366,0.749210698064,0.78471223853,0.815521671553,
    0.912006679574,0.962443231995,1.),.UNSPECIFIED.);
#1950 = CARTESIAN_POINT('',(1.570796326795,296.12074989573));
#1951 = CARTESIAN_POINT('',(1.54013310556,296.12074989573));
#1952 = CARTESIAN_POINT('',(1.509707179863,296.09420372857));
#1953 = CARTESIAN_POINT('',(1.479810936215,296.0418523848));
#1954 = CARTESIAN_POINT('',(1.450729504396,295.96529850633));
#1955 = CARTESIAN_POINT('',(1.42274320404,295.86700058288));
#1956 = CARTESIAN_POINT('',(1.396123107043,295.75031326469));
#1957 = CARTESIAN_POINT('',(1.359234404198,295.557427047));
#1958 = CARTESIAN_POINT('',(1.347662461546,295.4918336064));
#1959 = CARTESIAN_POINT('',(1.336404345816,295.42304053245));
#1960 = CARTESIAN_POINT('',(1.325460303794,295.35127946316));
#1961 = CARTESIAN_POINT('',(1.314830294941,295.27676686217));
#1962 = CARTESIAN_POINT('',(1.304513915252,295.19970426894));
#1963 = CARTESIAN_POINT('',(1.286899898435,295.05985393602));
#1964 = CARTESIAN_POINT('',(1.279469411686,294.99805290571));
#1965 = CARTESIAN_POINT('',(1.272217690087,294.93494970476));
#1966 = CARTESIAN_POINT('',(1.26514355713,294.87061283606));
#1967 = CARTESIAN_POINT('',(1.258245830578,294.80510505853));
#1968 = CARTESIAN_POINT('',(1.251523322474,294.73848338711));
#1969 = CARTESIAN_POINT('',(1.239932182634,294.61867883393));
#1970 = CARTESIAN_POINT('',(1.234992765936,294.56592900725));
#1971 = CARTESIAN_POINT('',(1.230156078785,294.5125732939));
#1972 = CARTESIAN_POINT('',(1.225421658569,294.45863408015));
#1973 = CARTESIAN_POINT('',(1.220789090312,294.40413245735));
#1974 = CARTESIAN_POINT('',(1.216258006679,294.34908822194));
#1975 = CARTESIAN_POINT('',(1.197494240872,294.11371788913));
#1976 = CARTESIAN_POINT('',(1.184213977568,293.92835952852));
#1977 = CARTESIAN_POINT('',(1.171983194916,293.73813253191));
#1978 = CARTESIAN_POINT('',(1.160800282372,293.54361272244));
#1979 = CARTESIAN_POINT('',(1.150666341177,293.34528313165));
#1980 = CARTESIAN_POINT('',(1.141585403549,293.14355312293));
#1981 = CARTESIAN_POINT('',(1.129035665475,292.82314920755));
#1982 = CARTESIAN_POINT('',(1.124845531687,292.70657107891));
#1983 = CARTESIAN_POINT('',(1.12099636346,292.5891330854));
#1984 = CARTESIAN_POINT('',(1.11749014744,292.47092200516));
#1985 = CARTESIAN_POINT('',(1.114328743963,292.35202143825));
#1986 = CARTESIAN_POINT('',(1.111513887059,292.23251180661));
#1987 = CARTESIAN_POINT('',(1.106165564474,291.97223705427));
#1988 = CARTESIAN_POINT('',(1.103759136512,291.83128185297));
#1989 = CARTESIAN_POINT('',(1.101830898818,291.68975165934));
#1990 = CARTESIAN_POINT('',(1.10038313279,291.54779137609));
#1991 = CARTESIAN_POINT('',(1.099417391713,291.40554394598));
#1992 = CARTESIAN_POINT('',(1.098934489515,291.26315039837));
#1993 = CARTESIAN_POINT('',(1.098934489515,290.85937153055));
#1994 = CARTESIAN_POINT('',(1.100561456419,290.59811125349));
#1995 = CARTESIAN_POINT('',(1.10381277886,290.33777312366));
#1996 = CARTESIAN_POINT('',(1.108679873563,290.07916911689));
#1997 = CARTESIAN_POINT('',(1.115147818268,289.82314126981));
#1998 = CARTESIAN_POINT('',(1.123195476331,289.57058354399));
#1999 = CARTESIAN_POINT('',(1.140969195397,289.11123718023));
#2000 = CARTESIAN_POINT('',(1.150268125091,288.90321677803));
#2001 = CARTESIAN_POINT('',(1.160684882176,288.69878677399));
#2002 = CARTESIAN_POINT('',(1.172215015215,288.49839231855));
#2003 = CARTESIAN_POINT('',(1.184857381327,288.30256141685));
#2004 = CARTESIAN_POINT('',(1.198613886262,288.11192720316));
#2005 = CARTESIAN_POINT('',(1.224024082391,287.79646019206));
#2006 = CARTESIAN_POINT('',(1.235122584616,287.66862740812));
#2007 = CARTESIAN_POINT('',(1.246789920436,287.54398764779));
#2008 = CARTESIAN_POINT('',(1.259032312223,287.42282279381));
#2009 = CARTESIAN_POINT('',(1.271856658706,287.30546708105));
#2010 = CARTESIAN_POINT('',(1.285270178229,287.19231335029));
#2011 = CARTESIAN_POINT('',(1.316932960947,286.94711317752));
#2012 = CARTESIAN_POINT('',(1.335568720635,286.81752635229));
#2013 = CARTESIAN_POINT('',(1.355172731758,286.69630718682));
#2014 = CARTESIAN_POINT('',(1.375725243821,286.58474927714));
#2015 = CARTESIAN_POINT('',(1.397201868388,286.48420360984));
#2016 = CARTESIAN_POINT('',(1.419573590775,286.39609358901));
#2017 = CARTESIAN_POINT('',(1.460106128929,286.26671039635));
#2018 = CARTESIAN_POINT('',(1.477882086389,286.21922662432));
#2019 = CARTESIAN_POINT('',(1.496046565122,286.18033911032));
#2020 = CARTESIAN_POINT('',(1.514510450787,286.15069725981));
#2021 = CARTESIAN_POINT('',(1.533183790574,286.13075018466));
#2022 = CARTESIAN_POINT('',(1.551976105529,286.12074989573));
#2023 = CARTESIAN_POINT('',(1.60145954803,286.12074989573));
#2024 = CARTESIAN_POINT('',(1.631885473727,286.1472960629));
#2025 = CARTESIAN_POINT('',(1.661781717375,286.19964740667));
#2026 = CARTESIAN_POINT('',(1.690863149193,286.27620128514));
#2027 = CARTESIAN_POINT('',(1.71884944955,286.37449920859));
#2028 = CARTESIAN_POINT('',(1.745469546546,286.49118652678));
#2029 = CARTESIAN_POINT('',(1.79140588306,286.7313816413));
#2030 = CARTESIAN_POINT('',(1.811356553293,286.85147568432));
#2031 = CARTESIAN_POINT('',(1.830329325755,286.98086524827));
#2032 = CARTESIAN_POINT('',(1.848331688294,287.11839627841));
#2033 = CARTESIAN_POINT('',(1.865373362725,287.26308215545));
#2034 = CARTESIAN_POINT('',(1.881465195329,287.41408514671));
#2035 = CARTESIAN_POINT('',(1.918255781932,287.79434798973));
#2036 = CARTESIAN_POINT('',(1.938009865237,288.02976358194));
#2037 = CARTESIAN_POINT('',(1.955902293301,288.27497088319));
#2038 = CARTESIAN_POINT('',(1.971947246609,288.5284367339));
#2039 = CARTESIAN_POINT('',(1.986150657093,288.78898011746));
#2040 = CARTESIAN_POINT('',(1.998508380986,289.05568273064));
#2041 = CARTESIAN_POINT('',(2.018545260771,289.57523870608));
#2042 = CARTESIAN_POINT('',(2.026543997242,289.82707295051));
#2043 = CARTESIAN_POINT('',(2.032972483012,290.0823460499));
#2044 = CARTESIAN_POINT('',(2.037809800239,290.34017227912));
#2045 = CARTESIAN_POINT('',(2.041041188034,290.59971703445));
#2046 = CARTESIAN_POINT('',(2.042658164075,290.86017530923));
#2047 = CARTESIAN_POINT('',(2.042658164075,291.26065814396));
#2048 = CARTESIAN_POINT('',(2.042192016835,291.40056000677));
#2049 = CARTESIAN_POINT('',(2.041259779524,291.54032330791));
#2050 = CARTESIAN_POINT('',(2.039862211034,291.6798141612));
#2051 = CARTESIAN_POINT('',(2.038000761892,291.81889692855));
#2052 = CARTESIAN_POINT('',(2.035677564167,291.95743417795));
#2053 = CARTESIAN_POINT('',(2.03048098412,292.21491965437));
#2054 = CARTESIAN_POINT('',(2.027720948733,292.33403390598));
#2055 = CARTESIAN_POINT('',(2.024616890291,292.4525528456));
#2056 = CARTESIAN_POINT('',(2.021170515674,292.57039683421));
#2057 = CARTESIAN_POINT('',(2.017383663562,292.68748314462));
#2058 = CARTESIAN_POINT('',(2.013258304437,292.80372596141));
#2059 = CARTESIAN_POINT('',(1.994823764097,293.28015067823));
#2060 = CARTESIAN_POINT('',(1.977583065309,293.63130857952));
#2061 = CARTESIAN_POINT('',(1.957115942707,293.97110750337));
#2062 = CARTESIAN_POINT('',(1.933412096062,294.29745679007));
#2063 = CARTESIAN_POINT('',(1.90642390043,294.60728852621));
#2064 = CARTESIAN_POINT('',(1.876082575474,294.89616198957));
#2065 = CARTESIAN_POINT('',(1.824659692643,295.29438661395));
#2066 = CARTESIAN_POINT('',(1.806023932955,295.42397343918));
#2067 = CARTESIAN_POINT('',(1.786419921832,295.54519260465));
#2068 = CARTESIAN_POINT('',(1.765867409769,295.65675051433));
#2069 = CARTESIAN_POINT('',(1.744390785202,295.75729618163));
#2070 = CARTESIAN_POINT('',(1.722019062814,295.84540620246));
#2071 = CARTESIAN_POINT('',(1.681486524641,295.97478939518));
#2072 = CARTESIAN_POINT('',(1.663710567199,296.02227316714));
#2073 = CARTESIAN_POINT('',(1.645546088484,296.06116068111));
#2074 = CARTESIAN_POINT('',(1.627082202819,296.09080253165));
#2075 = CARTESIAN_POINT('',(1.608408863013,296.11074960683));
#2076 = CARTESIAN_POINT('',(1.589616548041,296.12074989573));
#2077 = CARTESIAN_POINT('',(1.570796326795,296.12074989573));
#2078 = ( GEOMETRIC_REPRESENTATION_CONTEXT(2) 
PARAMETRIC_REPRESENTATION_CONTEXT() REPRESENTATION_CONTEXT('2D SPACE',''
  ) );
#2079 = PCURVE('',#2080,#2085);
#2080 = CYLINDRICAL_SURFACE('',#2081,5.);
#2081 = AXIS2_PLACEMENT_3D('',#2082,#2083,#2084);
#2082 = CARTESIAN_POINT('',(291.12074989573,0.,6.));
#2083 = DIRECTION('',(0.,0.,1.));
#2084 = DIRECTION('',(1.,0.,-0.));
#2085 = DEFINITIONAL_REPRESENTATION('',(#2086),#2215);
#2086 = B_SPLINE_CURVE_WITH_KNOTS('',7,(#2087,#2088,#2089,#2090,#2091,
    #2092,#2093,#2094,#2095,#2096,#2097,#2098,#2099,#2100,#2101,#2102,
    #2103,#2104,#2105,#2106,#2107,#2108,#2109,#2110,#2111,#2112,#2113,
    #2114,#2115,#2116,#2117,#2118,#2119,#2120,#2121,#2122,#2123,#2124,
    #2125,#2126,#2127,#2128,#2129,#2130,#2131,#2132,#2133,#2134,#2135,
    #2136,#2137,#2138,#2139,#2140,#2141,#2142,#2143,#2144,#2145,#2146,
    #2147,#2148,#2149,#2150,#2151,#2152,#2153,#2154,#2155,#2156,#2157,
    #2158,#2159,#2160,#2161,#2162,#2163,#2164,#2165,#2166,#2167,#2168,
    #2169,#2170,#2171,#2172,#2173,#2174,#2175,#2176,#2177,#2178,#2179,
    #2180,#2181,#2182,#2183,#2184,#2185,#2186,#2187,#2188,#2189,#2190,
    #2191,#2192,#2193,#2194,#2195,#2196,#2197,#2198,#2199,#2200,#2201,
    #2202,#2203,#2204,#2205,#2206,#2207,#2208,#2209,#2210,#2211,#2212,
    #2213,#2214),.UNSPECIFIED.,.F.,.F.,(8,6,6,6,6,6,6,6,6,6,6,6,6,6,6,6,
    6,6,6,6,6,8),(0.,6.049080315853E-02,8.924498446381E-02,
    0.111120269547,0.127965322464,0.1824707048,0.213247637552,
    0.249201474744,0.315195309133,0.371376275442,0.411164177346,
    0.461298262704,0.498629803431,0.559452961471,0.610374367554,
    0.683090227366,0.749210698064,0.78471223853,0.815521671553,
    0.912006679574,0.962443231995,1.),.UNSPECIFIED.);
#2087 = CARTESIAN_POINT('',(0.,5.));
#2088 = CARTESIAN_POINT('',(6.745908671722E-02,5.));
#2089 = CARTESIAN_POINT('',(0.134395986924,4.987933640646));
#2090 = CARTESIAN_POINT('',(0.200566058215,4.964137342146));
#2091 = CARTESIAN_POINT('',(0.265710055651,4.929660523922));
#2092 = CARTESIAN_POINT('',(0.329528296897,4.88621090601));
#2093 = CARTESIAN_POINT('',(0.391645478744,4.835992817891));
#2094 = CARTESIAN_POINT('',(0.480049312904,4.755506236794));
#2095 = CARTESIAN_POINT('',(0.50816060877,4.728480864383));
#2096 = CARTESIAN_POINT('',(0.535916112065,4.700538037863));
#2097 = CARTESIAN_POINT('',(0.56333036277,4.671845863794));
#2098 = CARTESIAN_POINT('',(0.590416851919,4.642564238087));
#2099 = CARTESIAN_POINT('',(0.617188512103,4.612844169121));
#2100 = CARTESIAN_POINT('',(0.663795527753,4.559991050731));
#2101 = CARTESIAN_POINT('',(0.683761030177,4.536979870899));
#2102 = CARTESIAN_POINT('',(0.703562531378,4.513852961598));
#2103 = CARTESIAN_POINT('',(0.723207827435,4.490666667311));
#2104 = CARTESIAN_POINT('',(0.742704694386,4.467474276766));
#2105 = CARTESIAN_POINT('',(0.762060888232,4.444326022937));
#2106 = CARTESIAN_POINT('',(0.796087004645,4.4035140974));
#2107 = CARTESIAN_POINT('',(0.810810933244,4.385813478683));
#2108 = CARTESIAN_POINT('',(0.825459400924,4.368188891467));
#2109 = CARTESIAN_POINT('',(0.840035790623,4.350661243831));
#2110 = CARTESIAN_POINT('',(0.854543398021,4.333250687361));
#2111 = CARTESIAN_POINT('',(0.868985431537,4.31597661715));
#2112 = CARTESIAN_POINT('',(0.92989288927,4.243466058229));
#2113 = CARTESIAN_POINT('',(0.97578509255,4.189677447234));
#2114 = CARTESIAN_POINT('',(1.021129709769,4.138147049904));
#2115 = CARTESIAN_POINT('',(1.066009964141,4.089454011047));
#2116 = CARTESIAN_POINT('',(1.110505980314,4.044108607876));
#2117 = CARTESIAN_POINT('',(1.154696550202,4.002559448692));
#2118 = CARTESIAN_POINT('',(1.223485746227,3.944105716879));
#2119 = CARTESIAN_POINT('',(1.248233955661,3.924350515572));
#2120 = CARTESIAN_POINT('',(1.272914140484,3.906010021933));
#2121 = CARTESIAN_POINT('',(1.29753495032,3.889151372429));
#2122 = CARTESIAN_POINT('',(1.322105071032,3.873833885719));
#2123 = CARTESIAN_POINT('',(1.346633224725,3.860109062653));
#2124 = CARTESIAN_POINT('',(1.399743343076,3.833898740038));
#2125 = CARTESIAN_POINT('',(1.428312504385,3.822010226105));
#2126 = CARTESIAN_POINT('',(1.456845065921,3.812426638696));
#2127 = CARTESIAN_POINT('',(1.485350300741,3.805202203128));
#2128 = CARTESIAN_POINT('',(1.513837516004,3.800373463625));
#2129 = CARTESIAN_POINT('',(1.542316226268,3.797958971133));
#2130 = CARTESIAN_POINT('',(1.623071999832,3.797958971133));
#2131 = CARTESIAN_POINT('',(1.675324053702,3.806093813408));
#2132 = CARTESIAN_POINT('',(1.727625015447,3.822350397329));
#2133 = CARTESIAN_POINT('',(1.780044862621,3.846522522648));
#2134 = CARTESIAN_POINT('',(1.832652101413,3.878210085674));
#2135 = CARTESIAN_POINT('',(1.88551413392,3.916827030526));
#2136 = CARTESIAN_POINT('',(1.983971750221,3.999748936725));
#2137 = CARTESIAN_POINT('',(2.029481124472,4.042356298177));
#2138 = CARTESIAN_POINT('',(2.075311738552,4.089012556573));
#2139 = CARTESIAN_POINT('',(2.121549731402,4.139229107232));
#2140 = CARTESIAN_POINT('',(2.168282721524,4.19244792399));
#2141 = CARTESIAN_POINT('',(2.215601848849,4.248033159137));
#2142 = CARTESIAN_POINT('',(2.297599272886,4.345793286585));
#2143 = CARTESIAN_POINT('',(2.331945222693,4.38715794391));
#2144 = CARTESIAN_POINT('',(2.366686216506,4.429112520983));
#2145 = CARTESIAN_POINT('',(2.401866780986,4.471388662871));
#2146 = CARTESIAN_POINT('',(2.437532084595,4.513689965292));
#2147 = CARTESIAN_POINT('',(2.473728603229,4.555688085842));
#2148 = CARTESIAN_POINT('',(2.55684400432,4.649097005138));
#2149 = CARTESIAN_POINT('',(2.604198159672,4.700222017658));
#2150 = CARTESIAN_POINT('',(2.652576699093,4.749551999681));
#2151 = CARTESIAN_POINT('',(2.702001549901,4.796174496212));
#2152 = CARTESIAN_POINT('',(2.752505836485,4.839123821421));
#2153 = CARTESIAN_POINT('',(2.804135630847,4.877405088938));
#2154 = CARTESIAN_POINT('',(2.896285634862,4.934314790124));
#2155 = CARTESIAN_POINT('',(2.936273074064,4.955463713841));
#2156 = CARTESIAN_POINT('',(2.976776507461,4.972959447571));
#2157 = CARTESIAN_POINT('',(3.017671718671,4.986387545845));
#2158 = CARTESIAN_POINT('',(3.058845083546,4.995454420989));
#2159 = CARTESIAN_POINT('',(3.100188166806,5.));
#2160 = CARTESIAN_POINT('',(3.209051740307,5.));
#2161 = CARTESIAN_POINT('',(3.275988640513,4.987933640646));
#2162 = CARTESIAN_POINT('',(3.342158711805,4.964137342146));
#2163 = CARTESIAN_POINT('',(3.407302709241,4.929660523922));
#2164 = CARTESIAN_POINT('',(3.471120950487,4.88621090601));
#2165 = CARTESIAN_POINT('',(3.533238132334,4.835992817891));
#2166 = CARTESIAN_POINT('',(3.643324634753,4.735765420643));
#2167 = CARTESIAN_POINT('',(3.692312472521,4.686723819381));
#2168 = CARTESIAN_POINT('',(3.740224535111,4.635268083861));
#2169 = CARTESIAN_POINT('',(3.787152249065,4.582264958532));
#2170 = CARTESIAN_POINT('',(3.833181546943,4.528488005719));
#2171 = CARTESIAN_POINT('',(3.878395859663,4.474620830342));
#2172 = CARTESIAN_POINT('',(3.986395659507,4.345082691586));
#2173 = CARTESIAN_POINT('',(4.048511057915,4.269836873711));
#2174 = CARTESIAN_POINT('',(4.109456821498,4.197296014268));
#2175 = CARTESIAN_POINT('',(4.169442127459,4.128945021301));
#2176 = CARTESIAN_POINT('',(4.228667224488,4.066037623109));
#2177 = CARTESIAN_POINT('',(4.287331273015,4.009638009131));
#2178 = CARTESIAN_POINT('',(4.398645382253,3.916116346037));
#2179 = CARTESIAN_POINT('',(4.45134099726,3.877724244402));
#2180 = CARTESIAN_POINT('',(4.50378439525,3.846226007748));
#2181 = CARTESIAN_POINT('',(4.556042268731,3.822200770204));
#2182 = CARTESIAN_POINT('',(4.608182409687,3.806043858933));
#2183 = CARTESIAN_POINT('',(4.660274063083,3.797958971133));
#2184 = CARTESIAN_POINT('',(4.74037063003,3.797958971133));
#2185 = CARTESIAN_POINT('',(4.768351003253,3.800289690591));
#2186 = CARTESIAN_POINT('',(4.796339446319,3.804950908014));
#2187 = CARTESIAN_POINT('',(4.824344957035,3.811925337457));
#2188 = CARTESIAN_POINT('',(4.852376342888,3.821178910138));
#2189 = CARTESIAN_POINT('',(4.880442379185,3.832661056052));
#2190 = CARTESIAN_POINT('',(4.932946414809,3.858145647343));
#2191 = CARTESIAN_POINT('',(4.957373116466,3.871614262895));
#2192 = CARTESIAN_POINT('',(4.981840659968,3.886668324625));
#2193 = CARTESIAN_POINT('',(5.006357591966,3.903257587049));
#2194 = CARTESIAN_POINT('',(5.030932417957,3.921324066805));
#2195 = CARTESIAN_POINT('',(5.055573602285,3.940802042651));
#2196 = CARTESIAN_POINT('',(5.157691841735,4.026806959192));
#2197 = CARTESIAN_POINT('',(5.235654115259,4.104973031323));
#2198 = CARTESIAN_POINT('',(5.314703841552,4.193991655543));
#2199 = CARTESIAN_POINT('',(5.395339509235,4.291306417465));
#2200 = CARTESIAN_POINT('',(5.478076573723,4.393783843031));
#2201 = CARTESIAN_POINT('',(5.563450621785,4.497393474998));
#2202 = CARTESIAN_POINT('',(5.69843665791,4.649097005138));
#2203 = CARTESIAN_POINT('',(5.745790813262,4.700222017658));
#2204 = CARTESIAN_POINT('',(5.794169352683,4.749551999681));
#2205 = CARTESIAN_POINT('',(5.843594203491,4.796174496212));
#2206 = CARTESIAN_POINT('',(5.894098490075,4.839123821421));
#2207 = CARTESIAN_POINT('',(5.945728284436,4.877405088938));
#2208 = CARTESIAN_POINT('',(6.037878288496,4.934314790152));
#2209 = CARTESIAN_POINT('',(6.077865727657,4.955463713835));
#2210 = CARTESIAN_POINT('',(6.118369161015,4.972959447552));
#2211 = CARTESIAN_POINT('',(6.159264372227,4.986387545841));
#2212 = CARTESIAN_POINT('',(6.200437737141,4.995454420999));
#2213 = CARTESIAN_POINT('',(6.241780820439,5.));
#2214 = CARTESIAN_POINT('',(6.28318530718,5.));
#2215 = ( GEOMETRIC_REPRESENTATION_CONTEXT(2) 
PARAMETRIC_REPRESENTATION_CONTEXT() REPRESENTATION_CONTEXT('2D SPACE',''
  ) );
#2216 = FACE_BOUND('',#2217,.F.);
#2217 = EDGE_LOOP('',(#2218));
#2218 = ORIENTED_EDGE('',*,*,#2219,.F.);
#2219 = EDGE_CURVE('',#2220,#2220,#2222,.T.);
#2220 = VERTEX_POINT('',#2221);
#2221 = CARTESIAN_POINT('',(317.14660752488,-1.285879139105E-15,11.));
#2222 = SURFACE_CURVE('',#2223,(#2352,#2484),.PCURVE_S1.);
#2223 = B_SPLINE_CURVE_WITH_KNOTS('',7,(#2224,#2225,#2226,#2227,#2228,
    #2229,#2230,#2231,#2232,#2233,#2234,#2235,#2236,#2237,#2238,#2239,
    #2240,#2241,#2242,#2243,#2244,#2245,#2246,#2247,#2248,#2249,#2250,
    #2251,#2252,#2253,#2254,#2255,#2256,#2257,#2258,#2259,#2260,#2261,
    #2262,#2263,#2264,#2265,#2266,#2267,#2268,#2269,#2270,#2271,#2272,
    #2273,#2274,#2275,#2276,#2277,#2278,#2279,#2280,#2281,#2282,#2283,
    #2284,#2285,#2286,#2287,#2288,#2289,#2290,#2291,#2292,#2293,#2294,
    #2295,#2296,#2297,#2298,#2299,#2300,#2301,#2302,#2303,#2304,#2305,
    #2306,#2307,#2308,#2309,#2310,#2311,#2312,#2313,#2314,#2315,#2316,
    #2317,#2318,#2319,#2320,#2321,#2322,#2323,#2324,#2325,#2326,#2327,
    #2328,#2329,#2330,#2331,#2332,#2333,#2334,#2335,#2336,#2337,#2338,
    #2339,#2340,#2341,#2342,#2343,#2344,#2345,#2346,#2347,#2348,#2349,
    #2350,#2351),.UNSPECIFIED.,.T.,.F.,(8,6,6,6,6,6,6,6,6,6,6,6,6,6,6,6,
    6,6,6,6,6,8),(0.,5.872642531362E-02,8.655830950279E-02,
    0.107587721188,0.124704041253,0.173912739575,0.209637806786,
    0.249197848063,0.324676386579,0.375743050416,0.412566419804,
    0.46143208915,0.498699022241,0.557755299375,0.60809796342,
    0.673625126768,0.749306584376,0.789337697816,0.82415502879,
    0.913420006161,0.96253949441,1.),.UNSPECIFIED.);
#2224 = CARTESIAN_POINT('',(317.14660752488,0.,11.));
#2225 = CARTESIAN_POINT('',(317.14660752488,0.344679129945,11.));
#2226 = CARTESIAN_POINT('',(317.12020644866,0.686779695202,
    10.987399514968));
#2227 = CARTESIAN_POINT('',(317.06811663576,1.02261483566,
    10.962538407454));
#2228 = CARTESIAN_POINT('',(316.99189635028,1.348596757793,
    10.926468787405));
#2229 = CARTESIAN_POINT('',(316.8939451011,1.661348832707,10.8809062947)
  );
#2230 = CARTESIAN_POINT('',(316.77754519894,1.957811400466,
    10.828079933854));
#2231 = CARTESIAN_POINT('',(316.58505708967,2.366869454702,
    10.743182666906));
#2232 = CARTESIAN_POINT('',(316.51971574753,2.4946987178,10.714697927336
    ));
#2233 = CARTESIAN_POINT('',(316.45116725786,2.618827759678,
    10.685203595494));
#2234 = CARTESIAN_POINT('',(316.37963868463,2.739263212341,
    10.654869813364));
#2235 = CARTESIAN_POINT('',(316.30534267699,2.856019477719,
    10.623858853068));
#2236 = CARTESIAN_POINT('',(316.22847772456,2.969118555262,
    10.592324458324));
#2237 = CARTESIAN_POINT('',(316.0893486577,3.161304978565,
    10.536297930055));
#2238 = CARTESIAN_POINT('',(316.02809834097,3.241961617452,
    10.51196468219));
#2239 = CARTESIAN_POINT('',(315.96554939034,3.320581018891,
    10.487470846591));
#2240 = CARTESIAN_POINT('',(315.90176803085,3.397185341005,
    10.462872806839));
#2241 = CARTESIAN_POINT('',(315.83681478468,3.471797667337,
    10.438223925804));
#2242 = CARTESIAN_POINT('',(315.77074447117,3.544442006853,
    10.413574545654));
#2243 = CARTESIAN_POINT('',(315.64896083497,3.672688691639,
    10.368947402274));
#2244 = CARTESIAN_POINT('',(315.59360866421,3.728946111192,
    10.348954129829));
#2245 = CARTESIAN_POINT('',(315.53757655163,3.783928379852,
    10.329017856959));
#2246 = CARTESIAN_POINT('',(315.48088976956,3.837647821878,
    10.309163375129));
#2247 = CARTESIAN_POINT('',(315.42357200565,3.890116258525,
    10.289414580816));
#2248 = CARTESIAN_POINT('',(315.3656453628,3.941345008053,
    10.269794475513));
#2249 = CARTESIAN_POINT('',(315.13890219155,4.135092425327,
    10.194351721205));
#2250 = CARTESIAN_POINT('',(314.96575992955,4.268726879211,
    10.139607832259));
#2251 = CARTESIAN_POINT('',(314.78823783114,4.392451199934,
    10.086637967621));
#2252 = CARTESIAN_POINT('',(314.6067838929,4.50645000391,10.035931618379
    ));
#2253 = CARTESIAN_POINT('',(314.42177330703,4.610881904664,
    9.987929327061));
#2254 = CARTESIAN_POINT('',(314.23352191819,4.705871846072,
    9.943028716725));
#2255 = CARTESIAN_POINT('',(313.90347407588,4.85367119042,9.871506766308
    ));
#2256 = CARTESIAN_POINT('',(313.76310011374,4.910898729752,
    9.843251623797));
#2257 = CARTESIAN_POINT('',(313.62132854183,4.963199139298,
    9.816972390105));
#2258 = CARTESIAN_POINT('',(313.4783028784,5.010583328122,9.79280227355)
  );
#2259 = CARTESIAN_POINT('',(313.33415948188,5.053059377341,
    9.770859698178));
#2260 = CARTESIAN_POINT('',(313.18902762069,5.0906318888,9.751247608775)
  );
#2261 = CARTESIAN_POINT('',(312.88135902891,5.159477741291,
    9.715012131527));
#2262 = CARTESIAN_POINT('',(312.7186348159,5.189640000214,9.698936502751
    ));
#2263 = CARTESIAN_POINT('',(312.55507191988,5.21377859096,9.685949469958
    ));
#2264 = CARTESIAN_POINT('',(312.39088169557,5.231887184032,
    9.676145038573));
#2265 = CARTESIAN_POINT('',(312.22627192424,5.243961805082,
    9.669586862002));
#2266 = CARTESIAN_POINT('',(312.06144690146,5.25,9.666307464591));
#2267 = CARTESIAN_POINT('',(311.58210241234,5.25,9.666307464591));
#2268 = CARTESIAN_POINT('',(311.26788394866,5.228019397677,
    9.678245629575));
#2269 = CARTESIAN_POINT('',(310.95520200776,5.184129405132,
    9.702083378893));
#2270 = CARTESIAN_POINT('',(310.64532623265,5.118348456752,
    9.737402762469));
#2271 = CARTESIAN_POINT('',(310.33959245652,5.030656689201,
    9.783406272118));
#2272 = CARTESIAN_POINT('',(310.0394478009,4.921033937378,9.838941333879
    ));
#2273 = CARTESIAN_POINT('',(309.54829042444,4.700543445279,
    9.945584971308));
#2274 = CARTESIAN_POINT('',(309.35329171761,4.601506805251,
    9.992334755591));
#2275 = CARTESIAN_POINT('',(309.16179593085,4.49231719633,
    10.042396463366));
#2276 = CARTESIAN_POINT('',(308.9741541873,4.372831695849,
    10.095325650272));
#2277 = CARTESIAN_POINT('',(308.79078759357,4.242868072985,
    10.150628201299));
#2278 = CARTESIAN_POINT('',(308.6122037003,4.102214273349,10.20775273365
    ));
#2279 = CARTESIAN_POINT('',(308.31412784185,3.841338563559,
    10.308144038421));
#2280 = CARTESIAN_POINT('',(308.19202648001,3.726342415429,
    10.350838729067));
#2281 = CARTESIAN_POINT('',(308.07290459419,3.605526559775,
    10.393948554774));
#2282 = CARTESIAN_POINT('',(307.95700383924,3.478767574533,
    10.437232490366));
#2283 = CARTESIAN_POINT('',(307.84461175751,3.345941612947,
    10.480425600743));
#2284 = CARTESIAN_POINT('',(307.7360617283,3.206924501526,
    10.523237639349));
#2285 = CARTESIAN_POINT('',(307.49328558731,2.868731217179,
    10.621238144552));
#2286 = CARTESIAN_POINT('',(307.36200652227,2.664378091861,
    10.676002787359));
#2287 = CARTESIAN_POINT('',(307.23911684974,2.448555083044,
    10.728782785024));
#2288 = CARTESIAN_POINT('',(307.12588625969,2.221369165753,
    10.778646430292));
#2289 = CARTESIAN_POINT('',(307.0236451939,1.983024590727,
    10.824608773564));
#2290 = CARTESIAN_POINT('',(306.93379980941,1.733837504346,
    10.865653432389));
#2291 = CARTESIAN_POINT('',(306.79992710766,1.276282080152,
    10.927534630411));
#2292 = CARTESIAN_POINT('',(306.75008158475,1.072247951439,
    10.950857526347));
#2293 = CARTESIAN_POINT('',(306.70923555198,0.863214654348,
    10.970158242856));
#2294 = CARTESIAN_POINT('',(306.67808744299,0.6503024509,10.984975480448
    ));
#2295 = CARTESIAN_POINT('',(306.65712069415,0.434671630589,
    10.994982356749));
#2296 = CARTESIAN_POINT('',(306.64660752488,0.217506668158,11.));
#2297 = CARTESIAN_POINT('',(306.64660752488,-0.344679129945,11.));
#2298 = CARTESIAN_POINT('',(306.6730086011,-0.686779695202,
    10.987399514968));
#2299 = CARTESIAN_POINT('',(306.725098414,-1.02261483566,10.962538407454
    ));
#2300 = CARTESIAN_POINT('',(306.80131869947,-1.348596757793,
    10.926468787405));
#2301 = CARTESIAN_POINT('',(306.89926994865,-1.661348832707,
    10.8809062947));
#2302 = CARTESIAN_POINT('',(307.01566985082,-1.957811400466,
    10.828079933854));
#2303 = CARTESIAN_POINT('',(307.25759207102,-2.471922287879,
    10.721379653056));
#2304 = CARTESIAN_POINT('',(307.3800173695,-2.696408923881,
    10.668465002261));
#2305 = CARTESIAN_POINT('',(307.51214275215,-2.908882420672,
    10.612762536096));
#2306 = CARTESIAN_POINT('',(307.65276779222,-3.109517119667,
    10.555204688986));
#2307 = CARTESIAN_POINT('',(307.80086804472,-3.298550029587,
    10.496624894112));
#2308 = CARTESIAN_POINT('',(307.95557598267,-3.47625260731,
    10.437761349707));
#2309 = CARTESIAN_POINT('',(308.32519157873,-3.859823018865,
    10.303136228275));
#2310 = CARTESIAN_POINT('',(308.54444474488,-4.058292469991,
    10.227537078422));
#2311 = CARTESIAN_POINT('',(308.77239222745,-4.238870316103,
    10.153913028469));
#2312 = CARTESIAN_POINT('',(309.00783746053,-4.402082774577,
    10.083500419148));
#2313 = CARTESIAN_POINT('',(309.24985673109,-4.548386122872,
    10.017368857772));
#2314 = CARTESIAN_POINT('',(309.49773712413,-4.678127209982,
    9.956454692973));
#2315 = CARTESIAN_POINT('',(310.0433269075,-4.922448795907,
    9.838224423202));
#2316 = CARTESIAN_POINT('',(310.3428838684,-5.031599572001,
    9.782911597706));
#2317 = CARTESIAN_POINT('',(310.64799503538,-5.11891445672,
    9.737098863906));
#2318 = CARTESIAN_POINT('',(310.95722258127,-5.184412888231,
    9.701929411766));
#2319 = CARTESIAN_POINT('',(311.26923876264,-5.228114189485,
    9.67819414629));
#2320 = CARTESIAN_POINT('',(311.58278131155,-5.25,9.666307464591));
#2321 = CARTESIAN_POINT('',(312.06260343911,-5.25,9.666307464591));
#2322 = CARTESIAN_POINT('',(312.22858448625,-5.243876779075,
    9.669633038017));
#2323 = CARTESIAN_POINT('',(312.39434568658,-5.231632181855,
    9.676283539348));
#2324 = CARTESIAN_POINT('',(312.5596785437,-5.213268723531,
    9.686225521292));
#2325 = CARTESIAN_POINT('',(312.72437095257,-5.188790459152,
    9.699393543989));
#2326 = CARTESIAN_POINT('',(312.88820710743,-5.158203852912,
    9.715690984213));
#2327 = CARTESIAN_POINT('',(313.19252928074,-5.08961144251,
    9.751777028315));
#2328 = CARTESIAN_POINT('',(313.33327230324,-5.053091929918,
    9.770833935448));
#2329 = CARTESIAN_POINT('',(313.47308441899,-5.011959586147,
    9.792081929684));
#2330 = CARTESIAN_POINT('',(313.6118473895,-4.966210291617,
    9.815427051946));
#2331 = CARTESIAN_POINT('',(313.74943673782,-4.915836892748,
    9.840761620021));
#2332 = CARTESIAN_POINT('',(313.88572169041,-4.860829764021,
    9.86796482823));
#2333 = CARTESIAN_POINT('',(314.3662778793,-4.648240041103,9.97109617457
    ));
#2334 = CARTESIAN_POINT('',(314.70190052165,-4.465040735236,
    10.056563530551));
#2335 = CARTESIAN_POINT('',(315.02629509381,-4.251084337916,
    10.151226582502));
#2336 = CARTESIAN_POINT('',(315.33769839393,-4.005286373996,
    10.252683835518));
#2337 = CARTESIAN_POINT('',(315.63348930834,-3.726166723173,
    10.35806982449));
#2338 = CARTESIAN_POINT('',(315.90988142909,-3.412077960046,
    10.463788964554));
#2339 = CARTESIAN_POINT('',(316.29992946244,-2.868731217179,
    10.621238144552));
#2340 = CARTESIAN_POINT('',(316.43120852749,-2.66437809186,
    10.676002787359));
#2341 = CARTESIAN_POINT('',(316.55409820002,-2.448555083045,
    10.728782785024));
#2342 = CARTESIAN_POINT('',(316.66732879006,-2.221369165753,
    10.778646430291));
#2343 = CARTESIAN_POINT('',(316.76956985585,-1.983024590726,
    10.824608773564));
#2344 = CARTESIAN_POINT('',(316.85941524035,-1.733837504346,
    10.865653432389));
#2345 = CARTESIAN_POINT('',(316.99328794202,-1.276282080402,
    10.927534630377));
#2346 = CARTESIAN_POINT('',(317.04313346503,-1.072247951465,
    10.950857526355));
#2347 = CARTESIAN_POINT('',(317.08397949783,-0.863214654144,
    10.970158242879));
#2348 = CARTESIAN_POINT('',(317.11512760677,-0.650302450698,
    10.984975480453));
#2349 = CARTESIAN_POINT('',(317.13609435558,-0.434671630619,
    10.994982356737));
#2350 = CARTESIAN_POINT('',(317.14660752488,-0.217506668415,11.));
#2351 = CARTESIAN_POINT('',(317.14660752488,0.,11.));
#2352 = PCURVE('',#786,#2353);
#2353 = DEFINITIONAL_REPRESENTATION('',(#2354),#2483);
#2354 = B_SPLINE_CURVE_WITH_KNOTS('',7,(#2355,#2356,#2357,#2358,#2359,
    #2360,#2361,#2362,#2363,#2364,#2365,#2366,#2367,#2368,#2369,#2370,
    #2371,#2372,#2373,#2374,#2375,#2376,#2377,#2378,#2379,#2380,#2381,
    #2382,#2383,#2384,#2385,#2386,#2387,#2388,#2389,#2390,#2391,#2392,
    #2393,#2394,#2395,#2396,#2397,#2398,#2399,#2400,#2401,#2402,#2403,
    #2404,#2405,#2406,#2407,#2408,#2409,#2410,#2411,#2412,#2413,#2414,
    #2415,#2416,#2417,#2418,#2419,#2420,#2421,#2422,#2423,#2424,#2425,
    #2426,#2427,#2428,#2429,#2430,#2431,#2432,#2433,#2434,#2435,#2436,
    #2437,#2438,#2439,#2440,#2441,#2442,#2443,#2444,#2445,#2446,#2447,
    #2448,#2449,#2450,#2451,#2452,#2453,#2454,#2455,#2456,#2457,#2458,
    #2459,#2460,#2461,#2462,#2463,#2464,#2465,#2466,#2467,#2468,#2469,
    #2470,#2471,#2472,#2473,#2474,#2475,#2476,#2477,#2478,#2479,#2480,
    #2481,#2482),.UNSPECIFIED.,.T.,.F.,(8,6,6,6,6,6,6,6,6,6,6,6,6,6,6,6,
    6,6,6,6,6,8),(0.,5.872642531362E-02,8.655830950279E-02,
    0.107587721188,0.124704041253,0.173912739575,0.209637806786,
    0.249197848063,0.324676386579,0.375743050416,0.412566419804,
    0.46143208915,0.498699022241,0.557755299375,0.60809796342,
    0.673625126768,0.749306584376,0.789337697816,0.82415502879,
    0.913420006161,0.96253949441,1.),.UNSPECIFIED.);
#2355 = CARTESIAN_POINT('',(1.570796326795,317.14660752488));
#2356 = CARTESIAN_POINT('',(1.539461860436,317.14660752488));
#2357 = CARTESIAN_POINT('',(1.508361768186,317.12020644866));
#2358 = CARTESIAN_POINT('',(1.477781196873,317.06811663576));
#2359 = CARTESIAN_POINT('',(1.447998888365,316.99189635028));
#2360 = CARTESIAN_POINT('',(1.41929058912,316.8939451011));
#2361 = CARTESIAN_POINT('',(1.391925848682,316.77754519894));
#2362 = CARTESIAN_POINT('',(1.353946293757,316.58505708967));
#2363 = CARTESIAN_POINT('',(1.342041701195,316.51971574753));
#2364 = CARTESIAN_POINT('',(1.330444848019,316.45116725786));
#2365 = CARTESIAN_POINT('',(1.319155986079,316.37963868463));
#2366 = CARTESIAN_POINT('',(1.308175123573,316.30534267699));
#2367 = CARTESIAN_POINT('',(1.297501948159,316.22847772456));
#2368 = CARTESIAN_POINT('',(1.27930318488,316.0893486577));
#2369 = CARTESIAN_POINT('',(1.271644668091,316.02809834097));
#2370 = CARTESIAN_POINT('',(1.264159096016,315.96554939034));
#2371 = CARTESIAN_POINT('',(1.256845335623,315.90176803085));
#2372 = CARTESIAN_POINT('',(1.249702224528,315.83681478468));
#2373 = CARTESIAN_POINT('',(1.242728570998,315.77074447117));
#2374 = CARTESIAN_POINT('',(1.230384069065,315.64896083497));
#2375 = CARTESIAN_POINT('',(1.224956501999,315.59360866421));
#2376 = CARTESIAN_POINT('',(1.219639847572,315.53757655163));
#2377 = CARTESIAN_POINT('',(1.214433559282,315.48088976956));
#2378 = CARTESIAN_POINT('',(1.209337149306,315.42357200565));
#2379 = CARTESIAN_POINT('',(1.2043501885,315.3656453628));
#2380 = CARTESIAN_POINT('',(1.185448601073,315.13890219155));
#2381 = CARTESIAN_POINT('',(1.172322154173,314.96575992955));
#2382 = CARTESIAN_POINT('',(1.160089283703,314.78823783114));
#2383 = CARTESIAN_POINT('',(1.148748515507,314.6067838929));
#2384 = CARTESIAN_POINT('',(1.138300780727,314.42177330703));
#2385 = CARTESIAN_POINT('',(1.128749613247,314.23352191819));
#2386 = CARTESIAN_POINT('',(1.113822784668,313.90347407588));
#2387 = CARTESIAN_POINT('',(1.108020896785,313.76310011374));
#2388 = CARTESIAN_POINT('',(1.102700046315,313.62132854183));
#2389 = CARTESIAN_POINT('',(1.097864481631,313.4783028784));
#2390 = CARTESIAN_POINT('',(1.09351828065,313.33415948188));
#2391 = CARTESIAN_POINT('',(1.089665294814,313.18902762069));
#2392 = CARTESIAN_POINT('',(1.082592613571,312.88135902891));
#2393 = CARTESIAN_POINT('',(1.079485491593,312.7186348159));
#2394 = CARTESIAN_POINT('',(1.076993655734,312.55507191988));
#2395 = CARTESIAN_POINT('',(1.075121618894,312.39088169557));
#2396 = CARTESIAN_POINT('',(1.073872459565,312.22627192424));
#2397 = CARTESIAN_POINT('',(1.073247803123,312.06144690146));
#2398 = CARTESIAN_POINT('',(1.073247803123,311.58210241234));
#2399 = CARTESIAN_POINT('',(1.075521733041,311.26788394866));
#2400 = CARTESIAN_POINT('',(1.080062279016,310.95520200776));
#2401 = CARTESIAN_POINT('',(1.086849725971,310.64532623265));
#2402 = CARTESIAN_POINT('',(1.095851168874,310.33959245652));
#2403 = CARTESIAN_POINT('',(1.107020836321,310.0394478009));
#2404 = CARTESIAN_POINT('',(1.129286869175,309.54829042444));
#2405 = CARTESIAN_POINT('',(1.139242424546,309.35329171761));
#2406 = CARTESIAN_POINT('',(1.150161220444,309.16179593085));
#2407 = CARTESIAN_POINT('',(1.162039619382,308.9741541873));
#2408 = CARTESIAN_POINT('',(1.17487705464,308.79078759357));
#2409 = CARTESIAN_POINT('',(1.188675766404,308.6122037003));
#2410 = CARTESIAN_POINT('',(1.214087182794,308.31412784185));
#2411 = CARTESIAN_POINT('',(1.225237849394,308.19202648001));
#2412 = CARTESIAN_POINT('',(1.23689782014,308.07290459419));
#2413 = CARTESIAN_POINT('',(1.249072487091,307.95700383924));
#2414 = CARTESIAN_POINT('',(1.26176757777,307.84461175751));
#2415 = CARTESIAN_POINT('',(1.274989380993,307.7360617283));
#2416 = CARTESIAN_POINT('',(1.306999038188,307.49328558731));
#2417 = CARTESIAN_POINT('',(1.326228205897,307.36200652227));
#2418 = CARTESIAN_POINT('',(1.346418619175,307.23911684974));
#2419 = CARTESIAN_POINT('',(1.367552039643,307.12588625969));
#2420 = CARTESIAN_POINT('',(1.38960631489,307.0236451939));
#2421 = CARTESIAN_POINT('',(1.412555394161,306.93379980941));
#2422 = CARTESIAN_POINT('',(1.454530027279,306.79992710766));
#2423 = CARTESIAN_POINT('',(1.47319541087,306.75008158475));
#2424 = CARTESIAN_POINT('',(1.492271927117,306.70923555198));
#2425 = CARTESIAN_POINT('',(1.51166530357,306.67808744299));
#2426 = CARTESIAN_POINT('',(1.531280720554,306.65712069415));
#2427 = CARTESIAN_POINT('',(1.551022993326,306.64660752488));
#2428 = CARTESIAN_POINT('',(1.602130793154,306.64660752488));
#2429 = CARTESIAN_POINT('',(1.633230885403,306.6730086011));
#2430 = CARTESIAN_POINT('',(1.663811456716,306.725098414));
#2431 = CARTESIAN_POINT('',(1.693593765225,306.80131869947));
#2432 = CARTESIAN_POINT('',(1.722302064469,306.89926994865));
#2433 = CARTESIAN_POINT('',(1.749666804908,307.01566985082));
#2434 = CARTESIAN_POINT('',(1.797400133916,307.25759207102));
#2435 = CARTESIAN_POINT('',(1.818359729329,307.3800173695));
#2436 = CARTESIAN_POINT('',(1.83831882785,307.51214275215));
#2437 = CARTESIAN_POINT('',(1.857285874804,307.65276779222));
#2438 = CARTESIAN_POINT('',(1.875271353751,307.80086804472));
#2439 = CARTESIAN_POINT('',(1.892286701751,307.95557598267));
#2440 = CARTESIAN_POINT('',(1.929242134362,308.32519157873));
#2441 = CARTESIAN_POINT('',(1.948542704824,308.54444474488));
#2442 = CARTESIAN_POINT('',(1.966263976429,308.77239222745));
#2443 = CARTESIAN_POINT('',(1.982418566749,309.00783746053));
#2444 = CARTESIAN_POINT('',(1.997011961026,309.24985673109));
#2445 = CARTESIAN_POINT('',(2.01004100202,309.49773712413));
#2446 = CARTESIAN_POINT('',(2.034715985845,310.0433269075));
#2447 = CARTESIAN_POINT('',(2.045838271638,310.3428838684));
#2448 = CARTESIAN_POINT('',(2.054801329001,310.64799503538));
#2449 = CARTESIAN_POINT('',(2.061559701864,310.95722258127));
#2450 = CARTESIAN_POINT('',(2.066080726804,311.26923876264));
#2451 = CARTESIAN_POINT('',(2.068344850467,311.58278131155));
#2452 = CARTESIAN_POINT('',(2.068344850467,312.06260343911));
#2453 = CARTESIAN_POINT('',(2.067711398219,312.22858448625));
#2454 = CARTESIAN_POINT('',(2.066444653909,312.39434568658));
#2455 = CARTESIAN_POINT('',(2.064546288602,312.5596785437));
#2456 = CARTESIAN_POINT('',(2.062019464704,312.72437095257));
#2457 = CARTESIAN_POINT('',(2.058868816415,312.88820710743));
#2458 = CARTESIAN_POINT('',(2.051822850836,313.19252928074));
#2459 = CARTESIAN_POINT('',(2.048078079871,313.33327230324));
#2460 = CARTESIAN_POINT('',(2.043869383913,313.47308441899));
#2461 = CARTESIAN_POINT('',(2.039200282889,313.6118473895));
#2462 = CARTESIAN_POINT('',(2.034074502293,313.74943673782));
#2463 = CARTESIAN_POINT('',(2.028495925451,313.88572169041));
#2464 = CARTESIAN_POINT('',(2.007015497133,314.3662778793));
#2465 = CARTESIAN_POINT('',(1.988639877079,314.70190052165));
#2466 = CARTESIAN_POINT('',(1.96737766388,315.02629509381));
#2467 = CARTESIAN_POINT('',(1.943219104198,315.33769839393));
#2468 = CARTESIAN_POINT('',(1.916121063863,315.63348930834));
#2469 = CARTESIAN_POINT('',(1.886020842913,315.90988142909));
#2470 = CARTESIAN_POINT('',(1.834593615402,316.29992946244));
#2471 = CARTESIAN_POINT('',(1.815364447693,316.43120852749));
#2472 = CARTESIAN_POINT('',(1.795174034415,316.55409820002));
#2473 = CARTESIAN_POINT('',(1.774040613947,316.66732879006));
#2474 = CARTESIAN_POINT('',(1.7519863387,316.76956985585));
#2475 = CARTESIAN_POINT('',(1.729037259429,316.85941524035));
#2476 = CARTESIAN_POINT('',(1.687062626334,316.99328794202));
#2477 = CARTESIAN_POINT('',(1.668397242722,317.04313346503));
#2478 = CARTESIAN_POINT('',(1.649320726454,317.08397949783));
#2479 = CARTESIAN_POINT('',(1.629927350002,317.11512760677));
#2480 = CARTESIAN_POINT('',(1.610311933039,317.13609435558));
#2481 = CARTESIAN_POINT('',(1.590569660287,317.14660752488));
#2482 = CARTESIAN_POINT('',(1.570796326795,317.14660752488));
#2483 = ( GEOMETRIC_REPRESENTATION_CONTEXT(2) 
PARAMETRIC_REPRESENTATION_CONTEXT() REPRESENTATION_CONTEXT('2D SPACE',''
  ) );
#2484 = PCURVE('',#2485,#2490);
#2485 = CYLINDRICAL_SURFACE('',#2486,5.25);
#2486 = AXIS2_PLACEMENT_3D('',#2487,#2488,#2489);
#2487 = CARTESIAN_POINT('',(311.89660752488,0.,6.));
#2488 = DIRECTION('',(0.,0.,1.));
#2489 = DIRECTION('',(1.,0.,-0.));
#2490 = DEFINITIONAL_REPRESENTATION('',(#2491),#2620);
#2491 = B_SPLINE_CURVE_WITH_KNOTS('',7,(#2492,#2493,#2494,#2495,#2496,
    #2497,#2498,#2499,#2500,#2501,#2502,#2503,#2504,#2505,#2506,#2507,
    #2508,#2509,#2510,#2511,#2512,#2513,#2514,#2515,#2516,#2517,#2518,
    #2519,#2520,#2521,#2522,#2523,#2524,#2525,#2526,#2527,#2528,#2529,
    #2530,#2531,#2532,#2533,#2534,#2535,#2536,#2537,#2538,#2539,#2540,
    #2541,#2542,#2543,#2544,#2545,#2546,#2547,#2548,#2549,#2550,#2551,
    #2552,#2553,#2554,#2555,#2556,#2557,#2558,#2559,#2560,#2561,#2562,
    #2563,#2564,#2565,#2566,#2567,#2568,#2569,#2570,#2571,#2572,#2573,
    #2574,#2575,#2576,#2577,#2578,#2579,#2580,#2581,#2582,#2583,#2584,
    #2585,#2586,#2587,#2588,#2589,#2590,#2591,#2592,#2593,#2594,#2595,
    #2596,#2597,#2598,#2599,#2600,#2601,#2602,#2603,#2604,#2605,#2606,
    #2607,#2608,#2609,#2610,#2611,#2612,#2613,#2614,#2615,#2616,#2617,
    #2618,#2619),.UNSPECIFIED.,.F.,.F.,(8,6,6,6,6,6,6,6,6,6,6,6,6,6,6,6,
    6,6,6,6,6,8),(0.,5.872642531362E-02,8.655830950279E-02,
    0.107587721188,0.124704041253,0.173912739575,0.209637806786,
    0.249197848063,0.324676386579,0.375743050416,0.412566419804,
    0.46143208915,0.498699022241,0.557755299375,0.60809796342,
    0.673625126768,0.749306584376,0.789337697816,0.82415502879,
    0.913420006161,0.96253949441,1.),.UNSPECIFIED.);
#2492 = CARTESIAN_POINT('',(0.,5.));
#2493 = CARTESIAN_POINT('',(6.565316760861E-02,5.));
#2494 = CARTESIAN_POINT('',(0.13081513842,4.987399514968));
#2495 = CARTESIAN_POINT('',(0.195246123557,4.962538407454));
#2496 = CARTESIAN_POINT('',(0.258693083768,4.926468787405));
#2497 = CARTESIAN_POINT('',(0.320865010235,4.8809062947));
#2498 = CARTESIAN_POINT('',(0.381399835071,4.828079933854));
#2499 = CARTESIAN_POINT('',(0.467511119699,4.743182666906));
#2500 = CARTESIAN_POINT('',(0.494841482749,4.714697927336));
#2501 = CARTESIAN_POINT('',(0.521828869503,4.685203595494));
#2502 = CARTESIAN_POINT('',(0.548486688616,4.654869813364));
#2503 = CARTESIAN_POINT('',(0.574827382912,4.623858853068));
#2504 = CARTESIAN_POINT('',(0.600862863762,4.592324458324));
#2505 = CARTESIAN_POINT('',(0.646055329391,4.536297930055));
#2506 = CARTESIAN_POINT('',(0.665341261023,4.51196468219));
#2507 = CARTESIAN_POINT('',(0.684469849022,4.487470846591));
#2508 = CARTESIAN_POINT('',(0.703448256943,4.462872806839));
#2509 = CARTESIAN_POINT('',(0.722283703225,4.438223925804));
#2510 = CARTESIAN_POINT('',(0.740983461185,4.413574545654));
#2511 = CARTESIAN_POINT('',(0.77467054529,4.368947402274));
#2512 = CARTESIAN_POINT('',(0.789701055185,4.348954129829));
#2513 = CARTESIAN_POINT('',(0.804650236779,4.329017856959));
#2514 = CARTESIAN_POINT('',(0.819521844334,4.309163375129));
#2515 = CARTESIAN_POINT('',(0.834319538303,4.289414580816));
#2516 = CARTESIAN_POINT('',(0.849046885332,4.269794475513));
#2517 = CARTESIAN_POINT('',(0.905855599622,4.194351721205));
#2518 = CARTESIAN_POINT('',(0.947464145207,4.139607832259));
#2519 = CARTESIAN_POINT('',(0.988602792159,4.086637967621));
#2520 = CARTESIAN_POINT('',(1.029338048683,4.035931618379));
#2521 = CARTESIAN_POINT('',(1.069734291646,3.987929327061));
#2522 = CARTESIAN_POINT('',(1.109854924185,3.943028716725));
#2523 = CARTESIAN_POINT('',(1.178736820389,3.871506766308));
#2524 = CARTESIAN_POINT('',(1.207594688236,3.843251623797));
#2525 = CARTESIAN_POINT('',(1.236351676753,3.816972390105));
#2526 = CARTESIAN_POINT('',(1.26502198814,3.79280227355));
#2527 = CARTESIAN_POINT('',(1.293619804151,3.770859698178));
#2528 = CARTESIAN_POINT('',(1.322159603348,3.751247608775));
#2529 = CARTESIAN_POINT('',(1.382212403629,3.715012131527));
#2530 = CARTESIAN_POINT('',(1.413714036832,3.698936502751));
#2531 = CARTESIAN_POINT('',(1.445172350456,3.685949469958));
#2532 = CARTESIAN_POINT('',(1.476598311996,3.676145038573));
#2533 = CARTESIAN_POINT('',(1.508003105032,3.669586862002));
#2534 = CARTESIAN_POINT('',(1.539398350304,3.666307464591));
#2535 = CARTESIAN_POINT('',(1.630702062517,3.666307464591));
#2536 = CARTESIAN_POINT('',(1.690553187129,3.678245629575));
#2537 = CARTESIAN_POINT('',(1.75046282528,3.702083378893));
#2538 = CARTESIAN_POINT('',(1.810537299228,3.737402762469));
#2539 = CARTESIAN_POINT('',(1.870878994492,3.783406272118));
#2540 = CARTESIAN_POINT('',(1.931586492321,3.838941333879));
#2541 = CARTESIAN_POINT('',(2.034134816298,3.945584971308));
#2542 = CARTESIAN_POINT('',(2.075745287708,3.992334755591));
#2543 = CARTESIAN_POINT('',(2.117655007415,4.042396463366));
#2544 = CARTESIAN_POINT('',(2.159935341211,4.095325650272));
#2545 = CARTESIAN_POINT('',(2.202658789131,4.150628201299));
#2546 = CARTESIAN_POINT('',(2.245900378123,4.20775273365));
#2547 = CARTESIAN_POINT('',(2.321350435993,4.308144038421));
#2548 = CARTESIAN_POINT('',(2.353277419814,4.350838729067));
#2549 = CARTESIAN_POINT('',(2.385559071016,4.393948554774));
#2550 = CARTESIAN_POINT('',(2.418232371118,4.437232490366));
#2551 = CARTESIAN_POINT('',(2.451334041849,4.480425600743));
#2552 = CARTESIAN_POINT('',(2.484902368682,4.523237639349));
#2553 = CARTESIAN_POINT('',(2.56419972569,4.621238144552));
#2554 = CARTESIAN_POINT('',(2.610402494724,4.676002787359));
#2555 = CARTESIAN_POINT('',(2.657599141505,4.728782785024));
#2556 = CARTESIAN_POINT('',(2.705812827681,4.778646430292));
#2557 = CARTESIAN_POINT('',(2.755076992205,4.824608773564));
#2558 = CARTESIAN_POINT('',(2.805437031876,4.865653432389));
#2559 = CARTESIAN_POINT('',(2.896244219197,4.927534630411));
#2560 = CARTESIAN_POINT('',(2.936210236308,4.950857526347));
#2561 = CARTESIAN_POINT('',(2.976707874659,4.970158242856));
#2562 = CARTESIAN_POINT('',(3.017609362409,4.984975480448));
#2563 = CARTESIAN_POINT('',(3.058798060319,4.994982356749));
#2564 = CARTESIAN_POINT('',(3.100162812036,5.));
#2565 = CARTESIAN_POINT('',(3.207245821198,5.));
#2566 = CARTESIAN_POINT('',(3.27240779201,4.987399514968));
#2567 = CARTESIAN_POINT('',(3.336838777147,4.962538407454));
#2568 = CARTESIAN_POINT('',(3.400285737358,4.926468787405));
#2569 = CARTESIAN_POINT('',(3.462457663825,4.8809062947));
#2570 = CARTESIAN_POINT('',(3.522992488661,4.828079933854));
#2571 = CARTESIAN_POINT('',(3.631218566837,4.721379653056));
#2572 = CARTESIAN_POINT('',(3.679837201689,4.668465002261));
#2573 = CARTESIAN_POINT('',(3.72737375698,4.612762536096));
#2574 = CARTESIAN_POINT('',(3.773919775415,4.555204688986));
#2575 = CARTESIAN_POINT('',(3.819561423099,4.496624894112));
#2576 = CARTESIAN_POINT('',(3.864382509858,4.437761349707));
#2577 = CARTESIAN_POINT('',(3.965844288364,4.303136228275));
#2578 = CARTESIAN_POINT('',(4.022044630575,4.227537078422));
#2579 = CARTESIAN_POINT('',(4.077248448959,4.153913028469));
#2580 = CARTESIAN_POINT('',(4.13162192464,4.083500419148));
#2581 = CARTESIAN_POINT('',(4.185325153462,4.017368857771));
#2582 = CARTESIAN_POINT('',(4.238517187915,3.956454692973));
#2583 = CARTESIAN_POINT('',(4.352383282494,3.838224423202));
#2584 = CARTESIAN_POINT('',(4.412955874263,3.782911597706));
#2585 = CARTESIAN_POINT('',(4.473165385578,3.737098863906));
#2586 = CARTESIAN_POINT('',(4.53310962204,3.701929411766));
#2587 = CARTESIAN_POINT('',(4.592890179826,3.67819414629));
#2588 = CARTESIAN_POINT('',(4.652612558799,3.666307464591));
#2589 = CARTESIAN_POINT('',(4.744007249763,3.666307464591));
#2590 = CARTESIAN_POINT('',(4.775622690284,3.669633038017));
#2591 = CARTESIAN_POINT('',(4.80724787447,3.676283539348));
#2592 = CARTESIAN_POINT('',(4.838894693359,3.686225521292));
#2593 = CARTESIAN_POINT('',(4.870574585902,3.699393543989));
#2594 = CARTESIAN_POINT('',(4.902298768362,3.715690984213));
#2595 = CARTESIAN_POINT('',(4.961719068132,3.751777028315));
#2596 = CARTESIAN_POINT('',(4.98940068911,3.770833935448));
#2597 = CARTESIAN_POINT('',(5.017137017144,3.792081929684));
#2598 = CARTESIAN_POINT('',(5.04494121134,3.815427051946));
#2599 = CARTESIAN_POINT('',(5.072826169983,3.840761620021));
#2600 = CARTESIAN_POINT('',(5.100804801114,3.86796482823));
#2601 = CARTESIAN_POINT('',(5.200896122857,3.97109617457));
#2602 = CARTESIAN_POINT('',(5.273476279163,4.056563530551));
#2603 = CARTESIAN_POINT('',(5.347080689545,4.151226582502));
#2604 = CARTESIAN_POINT('',(5.422138672342,4.252683835518));
#2605 = CARTESIAN_POINT('',(5.499090393807,4.35806982449));
#2606 = CARTESIAN_POINT('',(5.578391976484,4.463788964554));
#2607 = CARTESIAN_POINT('',(5.70579237928,4.621238144552));
#2608 = CARTESIAN_POINT('',(5.751995148314,4.676002787359));
#2609 = CARTESIAN_POINT('',(5.799191795095,4.728782785024));
#2610 = CARTESIAN_POINT('',(5.847405481271,4.778646430291));
#2611 = CARTESIAN_POINT('',(5.896669645795,4.824608773564));
#2612 = CARTESIAN_POINT('',(5.947029685466,4.865653432389));
#2613 = CARTESIAN_POINT('',(6.037836872737,4.927534630377));
#2614 = CARTESIAN_POINT('',(6.077802889894,4.950857526355));
#2615 = CARTESIAN_POINT('',(6.118300528288,4.970158242879));
#2616 = CARTESIAN_POINT('',(6.159202016036,4.984975480453));
#2617 = CARTESIAN_POINT('',(6.200390713903,4.994982356737));
#2618 = CARTESIAN_POINT('',(6.241755465577,5.));
#2619 = CARTESIAN_POINT('',(6.28318530718,5.));
#2620 = ( GEOMETRIC_REPRESENTATION_CONTEXT(2) 
PARAMETRIC_REPRESENTATION_CONTEXT() REPRESENTATION_CONTEXT('2D SPACE',''
  ) );
#2621 = ADVANCED_FACE('',(#2622),#2485,.F.);
#2622 = FACE_BOUND('',#2623,.F.);
#2623 = EDGE_LOOP('',(#2624,#3024,#3045,#3046));
#2624 = ORIENTED_EDGE('',*,*,#2625,.F.);
#2625 = EDGE_CURVE('',#2626,#2626,#2628,.T.);
#2626 = VERTEX_POINT('',#2627);
#2627 = CARTESIAN_POINT('',(317.14660752488,-1.285879139105E-15,14.3));
#2628 = SURFACE_CURVE('',#2629,(#2757,#2888),.PCURVE_S1.);
#2629 = B_SPLINE_CURVE_WITH_KNOTS('',6,(#2630,#2631,#2632,#2633,#2634,
    #2635,#2636,#2637,#2638,#2639,#2640,#2641,#2642,#2643,#2644,#2645,
    #2646,#2647,#2648,#2649,#2650,#2651,#2652,#2653,#2654,#2655,#2656,
    #2657,#2658,#2659,#2660,#2661,#2662,#2663,#2664,#2665,#2666,#2667,
    #2668,#2669,#2670,#2671,#2672,#2673,#2674,#2675,#2676,#2677,#2678,
    #2679,#2680,#2681,#2682,#2683,#2684,#2685,#2686,#2687,#2688,#2689,
    #2690,#2691,#2692,#2693,#2694,#2695,#2696,#2697,#2698,#2699,#2700,
    #2701,#2702,#2703,#2704,#2705,#2706,#2707,#2708,#2709,#2710,#2711,
    #2712,#2713,#2714,#2715,#2716,#2717,#2718,#2719,#2720,#2721,#2722,
    #2723,#2724,#2725,#2726,#2727,#2728,#2729,#2730,#2731,#2732,#2733,
    #2734,#2735,#2736,#2737,#2738,#2739,#2740,#2741,#2742,#2743,#2744,
    #2745,#2746,#2747,#2748,#2749,#2750,#2751,#2752,#2753,#2754,#2755,
    #2756),.UNSPECIFIED.,.T.,.F.,(7,5,5,5,5,5,5,5,5,5,5,5,5,5,5,5,5,5,5,
    5,5,5,5,5,5,7),(0.,3.940364500565E-02,9.815622367594E-02,
    0.124826716129,0.14810117711,0.167135542491,0.183598970599,
    0.249192242063,0.314589686185,0.351795270274,0.402304601996,
    0.433909318807,0.473274678332,0.526815533436,0.565964441367,
    0.599589999832,0.650349795437,0.685716942038,0.75106780905,
    0.815757812272,0.832120507871,0.850999430889,0.873986536289,
    0.90130861531,0.934117237161,1.),.UNSPECIFIED.);
#2630 = CARTESIAN_POINT('',(317.14660752488,0.,14.3));
#2631 = CARTESIAN_POINT('',(317.14660752488,0.265888999185,14.3));
#2632 = CARTESIAN_POINT('',(317.13044818366,0.531308167147,
    14.294067398282));
#2633 = CARTESIAN_POINT('',(317.09823681829,0.793988640669,
    14.282241437054));
#2634 = CARTESIAN_POINT('',(317.05062563866,1.051685162061,
    14.264880574267));
#2635 = CARTESIAN_POINT('',(316.98880380356,1.302251201597,
    14.242651875173));
#2636 = CARTESIAN_POINT('',(316.80376168495,1.903740008532,
    14.177338350802));
#2637 = CARTESIAN_POINT('',(316.66537826707,2.243267409213,
    14.129400045703));
#2638 = CARTESIAN_POINT('',(316.50364764106,2.560978657263,
    14.074987693814));
#2639 = CARTESIAN_POINT('',(316.32242157655,2.856144370117,
    14.016461617463));
#2640 = CARTESIAN_POINT('',(316.12524513055,3.128490663994,
    13.955949815171));
#2641 = CARTESIAN_POINT('',(315.8201821831,3.491414177539,
    13.867718817622));
#2642 = CARTESIAN_POINT('',(315.72220376344,3.600192523992,
    13.840099283221));
#2643 = CARTESIAN_POINT('',(315.62171922597,3.704506039157,
    13.812556307544));
#2644 = CARTESIAN_POINT('',(315.51893087268,3.804423053,13.785226064797)
  );
#2645 = CARTESIAN_POINT('',(315.41401669208,3.900012693314,
    13.758231983693));
#2646 = CARTESIAN_POINT('',(315.21385417429,4.071047484103,
    13.708517848097));
#2647 = CARTESIAN_POINT('',(315.11907820333,4.147506184893,
    13.685691900685));
#2648 = CARTESIAN_POINT('',(315.02290574055,4.220765720321,
    13.66328091165));
#2649 = CARTESIAN_POINT('',(314.92543205019,4.290867316482,
    13.641353553443));
#2650 = CARTESIAN_POINT('',(314.82674436648,4.357848693339,
    13.619973164523));
#2651 = CARTESIAN_POINT('',(314.64528488291,4.47399910281,13.58220715853
    ));
#2652 = CARTESIAN_POINT('',(314.56288951064,4.524189919806,
    13.565621347985));
#2653 = CARTESIAN_POINT('',(314.47977954736,4.572335007452,
    13.549472194486));
#2654 = CARTESIAN_POINT('',(314.39599677426,4.618451110534,
    13.533789591009));
#2655 = CARTESIAN_POINT('',(314.31158098313,4.662553226875,
    13.518601446746));
#2656 = CARTESIAN_POINT('',(314.15304125251,4.741069430562,
    13.491247075199));
#2657 = CARTESIAN_POINT('',(314.0790674206,4.775987486346,
    13.478949792907));
#2658 = CARTESIAN_POINT('',(314.00467306017,4.809417328406,
    13.467058647432));
#2659 = CARTESIAN_POINT('',(313.92988213936,4.841366649593,
    13.455589396993));
#2660 = CARTESIAN_POINT('',(313.85471801501,4.871842281898,
    13.444556750827));
#2661 = CARTESIAN_POINT('',(313.47833969596,5.016422967863,
    13.391812249182));
#2662 = CARTESIAN_POINT('',(313.17181107648,5.108737256364,
    13.356783143486));
#2663 = CARTESIAN_POINT('',(312.86119013972,5.178091855402,
    13.329779179566));
#2664 = CARTESIAN_POINT('',(312.54786509905,5.224697122875,
    13.311396343815));
#2665 = CARTESIAN_POINT('',(312.23312478255,5.248657731131,
    13.301939481435));
#2666 = CARTESIAN_POINT('',(311.60430248815,5.251249228613,
    13.300916640356));
#2667 = CARTESIAN_POINT('',(311.29037324197,5.230014603726,
    13.309297567244));
#2668 = CARTESIAN_POINT('',(310.9777247274,5.186274709144,
    13.326572406637));
#2669 = CARTESIAN_POINT('',(310.6676359925,5.119933793347,
    13.352459468643));
#2670 = CARTESIAN_POINT('',(310.36147896413,5.030793366865,
    13.38638870151));
#2671 = CARTESIAN_POINT('',(309.88974103629,4.854721910647,
    13.45088467385));
#2672 = CARTESIAN_POINT('',(309.7204429825,4.783399737744,
    13.476597236182));
#2673 = CARTESIAN_POINT('',(309.55314063415,4.704527210865,
    13.504484064584));
#2674 = CARTESIAN_POINT('',(309.38810313063,4.618012980764,
    13.534365717043));
#2675 = CARTESIAN_POINT('',(309.22563543918,4.523748376915,
    13.566032449745));
#2676 = CARTESIAN_POINT('',(308.84946861348,4.282942014494,
    13.644327329351));
#2677 = CARTESIAN_POINT('',(308.63824383892,4.129772404084,
    13.692252059798));
#2678 = CARTESIAN_POINT('',(308.43315673549,3.961720553057,
    13.742432418841));
#2679 = CARTESIAN_POINT('',(308.23516388729,3.77833105737,
    13.794170969572));
#2680 = CARTESIAN_POINT('',(308.04549039941,3.5791266487,13.846623974054
    ));
#2681 = CARTESIAN_POINT('',(307.75319205862,3.228845182107,
    13.931396181585));
#2682 = CARTESIAN_POINT('',(307.64452919518,3.087627366196,
    13.963911305218));
#2683 = CARTESIAN_POINT('',(307.54012484641,2.93993594147,
    13.996053847806));
#2684 = CARTESIAN_POINT('',(307.44044523289,2.785719398743,
    14.027534957087));
#2685 = CARTESIAN_POINT('',(307.34600450626,2.624950643626,
    14.058039802708));
#2686 = CARTESIAN_POINT('',(307.14696133361,2.249218668656,
    14.123589195726));
#2687 = CARTESIAN_POINT('',(307.04537448206,2.030293636111,
    14.157969874399));
#2688 = CARTESIAN_POINT('',(306.95413287228,1.801510474034,
    14.189580798492));
#2689 = CARTESIAN_POINT('',(306.87462040797,1.563663679267,
    14.217639383857));
#2690 = CARTESIAN_POINT('',(306.8080918948,1.317683252045,
    14.241422050893));
#2691 = CARTESIAN_POINT('',(306.68441287835,0.720459871325,
    14.286009000252));
#2692 = CARTESIAN_POINT('',(306.63933098183,0.363525184416,
    14.302633161385));
#2693 = CARTESIAN_POINT('',(306.62393109717,6.119549311734E-13,
    14.30841345534));
#2694 = CARTESIAN_POINT('',(306.63933098183,-0.363525184417,
    14.302633161385));
#2695 = CARTESIAN_POINT('',(306.68441287835,-0.720459871325,
    14.286009000252));
#2696 = CARTESIAN_POINT('',(306.80780374916,-1.316291849403,
    14.241525928942));
#2697 = CARTESIAN_POINT('',(306.87389173972,-1.560970684351,
    14.21789986334));
#2698 = CARTESIAN_POINT('',(306.95283127075,-1.797615311509,
    14.190040099248));
#2699 = CARTESIAN_POINT('',(307.04338680361,-2.025302349665,
    14.158658601539));
#2700 = CARTESIAN_POINT('',(307.14419334722,-2.243241159124,
    14.124526291005));
#2701 = CARTESIAN_POINT('',(307.34783504682,-2.629029666791,
    14.057415804378));
#2702 = CARTESIAN_POINT('',(307.4485099708,-2.799860389153,
    14.024910297682));
#2703 = CARTESIAN_POINT('',(307.55508873223,-2.963272992621,
    13.991314805693));
#2704 = CARTESIAN_POINT('',(307.6669565005,-3.11930453809,
    13.957006618941));
#2705 = CARTESIAN_POINT('',(307.78356047552,-3.268022443873,
    13.922329496002));
#2706 = CARTESIAN_POINT('',(308.08683617386,-3.623126913763,
    13.835148284655));
#2707 = CARTESIAN_POINT('',(308.27901790545,-3.820380372891,
    13.782540474677));
#2708 = CARTESIAN_POINT('',(308.47940972703,-4.001735932675,
    13.730785418361));
#2709 = CARTESIAN_POINT('',(308.6867994459,-4.167674577673,
    13.680722031872));
#2710 = CARTESIAN_POINT('',(308.90024145661,-4.318650599435,
    13.63304285585));
#2711 = CARTESIAN_POINT('',(309.27140657007,-4.550063795517,
    13.557172284002));
#2712 = CARTESIAN_POINT('',(309.42638586477,-4.638000456805,
    13.527458415278));
#2713 = CARTESIAN_POINT('',(309.58364149604,-4.7189519244,13.49938944349
    ));
#2714 = CARTESIAN_POINT('',(309.74291444214,-4.793009249363,
    13.473142676274));
#2715 = CARTESIAN_POINT('',(309.90397421889,-4.8602494087,
    13.448870796028));
#2716 = CARTESIAN_POINT('',(310.36715046724,-5.032501573186,
    13.385742314243));
#2717 = CARTESIAN_POINT('',(310.67313428351,-5.121222853978,
    13.351960571717));
#2718 = CARTESIAN_POINT('',(310.98302746611,-5.187182631717,
    13.326216098511));
#2719 = CARTESIAN_POINT('',(311.2954616588,-5.230577756094,
    13.309075176779));
#2720 = CARTESIAN_POINT('',(311.60916050964,-5.251502872767,
    13.300816532106));
#2721 = CARTESIAN_POINT('',(312.2333820473,-5.24838173901,13.30204841022
    ));
#2722 = CARTESIAN_POINT('',(312.54375941035,-5.224788852587,
    13.311360014094));
#2723 = CARTESIAN_POINT('',(312.85276570273,-5.179171910473,
    13.329350659495));
#2724 = CARTESIAN_POINT('',(313.15916329564,-5.111431526452,
    13.355729643391));
#2725 = CARTESIAN_POINT('',(313.46162155066,-5.021368708291,
    13.389930765019));
#2726 = CARTESIAN_POINT('',(313.83376491366,-4.880202609276,
    13.441523095244));
#2727 = CARTESIAN_POINT('',(313.90855013818,-4.850255788395,
    13.45238557597));
#2728 = CARTESIAN_POINT('',(313.98297103667,-4.818854612785,
    13.463681950019));
#2729 = CARTESIAN_POINT('',(314.05700475691,-4.78599249259,
    13.475397924814));
#2730 = CARTESIAN_POINT('',(314.13062786784,-4.751662005202,
    13.487518185074));
#2731 = CARTESIAN_POINT('',(314.28825965266,-4.674541429051,
    13.514458091411));
#2732 = CARTESIAN_POINT('',(314.37212415596,-4.631262277183,
    13.529406195574));
#2733 = CARTESIAN_POINT('',(314.45537316489,-4.586004732598,
    13.544845657137));
#2734 = CARTESIAN_POINT('',(314.53796810445,-4.538754403397,
    13.560749518452));
#2735 = CARTESIAN_POINT('',(314.61986852916,-4.489495212851,
    13.577088912392));
#2736 = CARTESIAN_POINT('',(314.79985746852,-4.375763443226,
    13.614220853519));
#2737 = CARTESIAN_POINT('',(314.89758955334,-4.310313144259,
    13.635208513296));
#2738 = CARTESIAN_POINT('',(314.99415273709,-4.241826082614,
    13.656740731933));
#2739 = CARTESIAN_POINT('',(315.08946396135,-4.170266438081,
    13.678757190946));
#2740 = CARTESIAN_POINT('',(315.18343274974,-4.09559499013,
    13.701192563115));
#2741 = CARTESIAN_POINT('',(315.38593894556,-3.92526662167,
    13.751057123731));
#2742 = CARTESIAN_POINT('',(315.49387904773,-3.828309924523,
    13.778629422749));
#2743 = CARTESIAN_POINT('',(315.59961913777,-3.726824718536,
    13.806575682183));
#2744 = CARTESIAN_POINT('',(315.70297069035,-3.620736925685,
    13.834765026646));
#2745 = CARTESIAN_POINT('',(315.80371901021,-3.509972732488,
    13.86305275488));
#2746 = CARTESIAN_POINT('',(316.01918754039,-3.255748145114,
    13.92517481017));
#2747 = CARTESIAN_POINT('',(316.13267796077,-3.110156653667,
    13.95899002805));
#2748 = CARTESIAN_POINT('',(316.24163350611,-2.957596260036,
    13.992438573553));
#2749 = CARTESIAN_POINT('',(316.34553818547,-2.798005630828,
    14.025199921091));
#2750 = CARTESIAN_POINT('',(316.44381989891,-2.631351132376,
    14.056923187194));
#2751 = CARTESIAN_POINT('',(316.72065305383,-2.108775719972,
    14.148090570783));
#2752 = CARTESIAN_POINT('',(316.88240840883,-1.727335204134,
    14.203953185244));
#2753 = CARTESIAN_POINT('',(317.01146275433,-1.318499272181,
    14.250381811843));
#2754 = CARTESIAN_POINT('',(317.10097103362,-0.889061437004,
    14.283245933887));
#2755 = CARTESIAN_POINT('',(317.14660752488,-0.446830649641,14.3));
#2756 = CARTESIAN_POINT('',(317.14660752488,0.,14.3));
#2757 = PCURVE('',#2485,#2758);
#2758 = DEFINITIONAL_REPRESENTATION('',(#2759),#2887);
#2759 = B_SPLINE_CURVE_WITH_KNOTS('',6,(#2760,#2761,#2762,#2763,#2764,
    #2765,#2766,#2767,#2768,#2769,#2770,#2771,#2772,#2773,#2774,#2775,
    #2776,#2777,#2778,#2779,#2780,#2781,#2782,#2783,#2784,#2785,#2786,
    #2787,#2788,#2789,#2790,#2791,#2792,#2793,#2794,#2795,#2796,#2797,
    #2798,#2799,#2800,#2801,#2802,#2803,#2804,#2805,#2806,#2807,#2808,
    #2809,#2810,#2811,#2812,#2813,#2814,#2815,#2816,#2817,#2818,#2819,
    #2820,#2821,#2822,#2823,#2824,#2825,#2826,#2827,#2828,#2829,#2830,
    #2831,#2832,#2833,#2834,#2835,#2836,#2837,#2838,#2839,#2840,#2841,
    #2842,#2843,#2844,#2845,#2846,#2847,#2848,#2849,#2850,#2851,#2852,
    #2853,#2854,#2855,#2856,#2857,#2858,#2859,#2860,#2861,#2862,#2863,
    #2864,#2865,#2866,#2867,#2868,#2869,#2870,#2871,#2872,#2873,#2874,
    #2875,#2876,#2877,#2878,#2879,#2880,#2881,#2882,#2883,#2884,#2885,
    #2886),.UNSPECIFIED.,.F.,.F.,(7,5,5,5,5,5,5,5,5,5,5,5,5,5,5,5,5,5,5,
    5,5,5,5,5,5,7),(0.,3.940364500565E-02,9.815622367594E-02,
    0.124826716129,0.14810117711,0.167135542491,0.183598970599,
    0.249192242063,0.314589686185,0.351795270274,0.402304601996,
    0.433909318807,0.473274678332,0.526815533436,0.565964441367,
    0.599589999832,0.650349795437,0.685716942038,0.75106780905,
    0.815757812272,0.832120507871,0.850999430889,0.873986536289,
    0.90130861531,0.934117237161,1.),.UNSPECIFIED.);
#2760 = CARTESIAN_POINT('',(0.,8.3));
#2761 = CARTESIAN_POINT('',(5.064552365435E-02,8.3));
#2762 = CARTESIAN_POINT('',(0.101201550936,8.294067398282));
#2763 = CARTESIAN_POINT('',(0.151469779856,8.282241437054));
#2764 = CARTESIAN_POINT('',(0.201252101172,8.264880574267));
#2765 = CARTESIAN_POINT('',(0.250331597723,8.242651875173));
#2766 = CARTESIAN_POINT('',(0.370199911035,8.177338350802));
#2767 = CARTESIAN_POINT('',(0.439763444734,8.129400045703));
#2768 = CARTESIAN_POINT('',(0.507327287326,8.074987693814));
#2769 = CARTESIAN_POINT('',(0.573007029878,8.016461617463));
#2770 = CARTESIAN_POINT('',(0.636883492973,7.955949815171));
#2771 = CARTESIAN_POINT('',(0.727189473941,7.867718817622));
#2772 = CARTESIAN_POINT('',(0.755058778648,7.840099283221));
#2773 = CARTESIAN_POINT('',(0.782624145909,7.812556307544));
#2774 = CARTESIAN_POINT('',(0.809906883183,7.785226064797));
#2775 = CARTESIAN_POINT('',(0.836927830059,7.758231983693));
#2776 = CARTESIAN_POINT('',(0.887076971143,7.708517848097));
#2777 = CARTESIAN_POINT('',(0.910262453563,7.685691900685));
#2778 = CARTESIAN_POINT('',(0.933277120704,7.66328091165));
#2779 = CARTESIAN_POINT('',(0.956133612709,7.641353553443));
#2780 = CARTESIAN_POINT('',(0.978843894675,7.619973164523));
#2781 = CARTESIAN_POINT('',(1.019881883512,7.58220715853));
#2782 = CARTESIAN_POINT('',(1.038254223137,7.565621347985));
#2783 = CARTESIAN_POINT('',(1.056542417247,7.549472194486));
#2784 = CARTESIAN_POINT('',(1.074752302093,7.533789591009));
#2785 = CARTESIAN_POINT('',(1.092889408456,7.518601446746));
#2786 = CARTESIAN_POINT('',(1.126587893011,7.491247075199));
#2787 = CARTESIAN_POINT('',(1.142166280384,7.478949792907));
#2788 = CARTESIAN_POINT('',(1.157697499408,7.467058647432));
#2789 = CARTESIAN_POINT('',(1.173184775514,7.455589396993));
#2790 = CARTESIAN_POINT('',(1.188631183928,7.444556750827));
#2791 = CARTESIAN_POINT('',(1.265429760493,7.391812249182));
#2792 = CARTESIAN_POINT('',(1.326238609771,7.356783143486));
#2793 = CARTESIAN_POINT('',(1.386622963231,7.329779179566));
#2794 = CARTESIAN_POINT('',(1.446728503765,7.311396343815));
#2795 = CARTESIAN_POINT('',(1.506697280527,7.301939481435));
#2796 = CARTESIAN_POINT('',(1.626473972794,7.300916640356));
#2797 = CARTESIAN_POINT('',(1.686252789485,7.309297567244));
#2798 = CARTESIAN_POINT('',(1.746155067159,7.326572406637));
#2799 = CARTESIAN_POINT('',(1.806320437795,7.352459468643));
#2800 = CARTESIAN_POINT('',(1.866891910612,7.38638870151));
#2801 = CARTESIAN_POINT('',(1.962801510955,7.45088467385));
#2802 = CARTESIAN_POINT('',(1.99776341208,7.476597236182));
#2803 = CARTESIAN_POINT('',(2.032947832483,7.504484064584));
#2804 = CARTESIAN_POINT('',(2.068392453093,7.534365717043));
#2805 = CARTESIAN_POINT('',(2.104136206332,7.566032449745));
#2806 = CARTESIAN_POINT('',(2.189210896192,7.644327329352));
#2807 = CARTESIAN_POINT('',(2.238825401228,7.692252059798));
#2808 = CARTESIAN_POINT('',(2.289195794838,7.742432418841));
#2809 = CARTESIAN_POINT('',(2.34045278982,7.794170969572));
#2810 = CARTESIAN_POINT('',(2.392733194173,7.846623974054));
#2811 = CARTESIAN_POINT('',(2.479631978233,7.931396181585));
#2812 = CARTESIAN_POINT('',(2.513545507823,7.963911305218));
#2813 = CARTESIAN_POINT('',(2.547953494233,7.996053847806));
#2814 = CARTESIAN_POINT('',(2.582883177945,8.027534957087));
#2815 = CARTESIAN_POINT('',(2.618364203976,8.058039802708));
#2816 = CARTESIAN_POINT('',(2.699354156399,8.123589195726));
#2817 = CARTESIAN_POINT('',(2.745261001835,8.157969874399));
#2818 = CARTESIAN_POINT('',(2.792068095228,8.189580798492));
#2819 = CARTESIAN_POINT('',(2.839716683518,8.217639383857));
#2820 = CARTESIAN_POINT('',(2.888166430997,8.241422050893));
#2821 = CARTESIAN_POINT('',(3.004336962554,8.286009000252));
#2822 = CARTESIAN_POINT('',(3.072653215289,8.302633161385));
#2823 = CARTESIAN_POINT('',(3.14159265359,8.30841345534));
#2824 = CARTESIAN_POINT('',(3.21053209189,8.302633161385));
#2825 = CARTESIAN_POINT('',(3.278848344625,8.286009000252));
#2826 = CARTESIAN_POINT('',(3.39474822371,8.241525928942));
#2827 = CARTESIAN_POINT('',(3.442938178568,8.21789986334));
#2828 = CARTESIAN_POINT('',(3.490336900194,8.190040099248));
#2829 = CARTESIAN_POINT('',(3.53690331651,8.158658601539));
#2830 = CARTESIAN_POINT('',(3.58257817479,8.124526291005));
#2831 = CARTESIAN_POINT('',(3.665670935449,8.057415804378));
#2832 = CARTESIAN_POINT('',(3.703398876235,8.024910297682));
#2833 = CARTESIAN_POINT('',(3.740503963496,7.991314805693));
#2834 = CARTESIAN_POINT('',(3.777022270839,7.957006618941));
#2835 = CARTESIAN_POINT('',(3.812986883144,7.922329496002));
#2836 = CARTESIAN_POINT('',(3.90193647701,7.835148284655));
#2837 = CARTESIAN_POINT('',(3.954280353065,7.782540474677));
#2838 = CARTESIAN_POINT('',(4.005612155671,7.730785418361));
#2839 = CARTESIAN_POINT('',(4.056069361651,7.680722031872));
#2840 = CARTESIAN_POINT('',(4.105783330255,7.63304285585));
#2841 = CARTESIAN_POINT('',(4.189096929827,7.557172284002));
#2842 = CARTESIAN_POINT('',(4.223008689413,7.527458415278));
#2843 = CARTESIAN_POINT('',(4.256656495571,7.49938944349));
#2844 = CARTESIAN_POINT('',(4.290073504013,7.473142676274));
#2845 = CARTESIAN_POINT('',(4.323291865839,7.448870796028));
#2846 = CARTESIAN_POINT('',(4.417419303014,7.385742314243));
#2847 = CARTESIAN_POINT('',(4.477937282871,7.351960571717));
#2848 = CARTESIAN_POINT('',(4.538051680276,7.326216098511));
#2849 = CARTESIAN_POINT('',(4.59790500806,7.309075176779));
#2850 = CARTESIAN_POINT('',(4.657636441886,7.300816532106));
#2851 = CARTESIAN_POINT('',(4.77653726865,7.30204841022));
#2852 = CARTESIAN_POINT('',(4.835678442933,7.311360014094));
#2853 = CARTESIAN_POINT('',(4.894952090526,7.329350659495));
#2854 = CARTESIAN_POINT('',(4.95449430227,7.355729643391));
#2855 = CARTESIAN_POINT('',(5.014444564167,7.389930765019));
#2856 = CARTESIAN_POINT('',(5.090257569625,7.441523095244));
#2857 = CARTESIAN_POINT('',(5.105599442994,7.45238557597));
#2858 = CARTESIAN_POINT('',(5.120981121814,7.463681950019));
#2859 = CARTESIAN_POINT('',(5.136405604268,7.475397924814));
#2860 = CARTESIAN_POINT('',(5.15187603391,7.487518185074));
#2861 = CARTESIAN_POINT('',(5.185301953138,7.514458091411));
#2862 = CARTESIAN_POINT('',(5.203273741539,7.529406195574));
#2863 = CARTESIAN_POINT('',(5.221316124156,7.544845657137));
#2864 = CARTESIAN_POINT('',(5.239434454563,7.560749518452));
#2865 = CARTESIAN_POINT('',(5.257634380619,7.577088912392));
#2866 = CARTESIAN_POINT('',(5.298188785148,7.614220853519));
#2867 = CARTESIAN_POINT('',(5.320585441561,7.635208513296));
#2868 = CARTESIAN_POINT('',(5.343122595228,7.656740731933));
#2869 = CARTESIAN_POINT('',(5.365811675183,7.678757190946));
#2870 = CARTESIAN_POINT('',(5.388664757976,7.701192563115));
#2871 = CARTESIAN_POINT('',(5.439067404291,7.751057123731));
#2872 = CARTESIAN_POINT('',(5.466689326611,7.778629422749));
#2873 = CARTESIAN_POINT('',(5.494582717507,7.806575682183));
#2874 = CARTESIAN_POINT('',(5.522769414074,7.834765026646));
#2875 = CARTESIAN_POINT('',(5.551271852592,7.86305275488));
#2876 = CARTESIAN_POINT('',(5.61474840482,7.92517481017));
#2877 = CARTESIAN_POINT('',(5.649880707732,7.95899002805));
#2878 = CARTESIAN_POINT('',(5.685542011641,7.992438573553));
#2879 = CARTESIAN_POINT('',(5.721763030658,8.025199921091));
#2880 = CARTESIAN_POINT('',(5.758577216455,8.056923187194));
#2881 = CARTESIAN_POINT('',(5.87121963341,8.148090570783));
#2882 = CARTESIAN_POINT('',(5.949845576399,8.203953185244));
#2883 = CARTESIAN_POINT('',(6.030932461654,8.250381811843));
#2884 = CARTESIAN_POINT('',(6.113840350711,8.283245933887));
#2885 = CARTESIAN_POINT('',(6.198074707248,8.3));
#2886 = CARTESIAN_POINT('',(6.28318530718,8.3));
#2887 = ( GEOMETRIC_REPRESENTATION_CONTEXT(2) 
PARAMETRIC_REPRESENTATION_CONTEXT() REPRESENTATION_CONTEXT('2D SPACE',''
  ) );
#2888 = PCURVE('',#2889,#2894);
#2889 = CYLINDRICAL_SURFACE('',#2890,14.3);
#2890 = AXIS2_PLACEMENT_3D('',#2891,#2892,#2893);
#2891 = CARTESIAN_POINT('',(56.,0.,0.));
#2892 = DIRECTION('',(1.,0.,0.));
#2893 = DIRECTION('',(-0.,1.,0.));
#2894 = DEFINITIONAL_REPRESENTATION('',(#2895),#3023);
#2895 = B_SPLINE_CURVE_WITH_KNOTS('',6,(#2896,#2897,#2898,#2899,#2900,
    #2901,#2902,#2903,#2904,#2905,#2906,#2907,#2908,#2909,#2910,#2911,
    #2912,#2913,#2914,#2915,#2916,#2917,#2918,#2919,#2920,#2921,#2922,
    #2923,#2924,#2925,#2926,#2927,#2928,#2929,#2930,#2931,#2932,#2933,
    #2934,#2935,#2936,#2937,#2938,#2939,#2940,#2941,#2942,#2943,#2944,
    #2945,#2946,#2947,#2948,#2949,#2950,#2951,#2952,#2953,#2954,#2955,
    #2956,#2957,#2958,#2959,#2960,#2961,#2962,#2963,#2964,#2965,#2966,
    #2967,#2968,#2969,#2970,#2971,#2972,#2973,#2974,#2975,#2976,#2977,
    #2978,#2979,#2980,#2981,#2982,#2983,#2984,#2985,#2986,#2987,#2988,
    #2989,#2990,#2991,#2992,#2993,#2994,#2995,#2996,#2997,#2998,#2999,
    #3000,#3001,#3002,#3003,#3004,#3005,#3006,#3007,#3008,#3009,#3010,
    #3011,#3012,#3013,#3014,#3015,#3016,#3017,#3018,#3019,#3020,#3021,
    #3022),.UNSPECIFIED.,.T.,.F.,(7,5,5,5,5,5,5,5,5,5,5,5,5,5,5,5,5,5,5,
    5,5,5,5,5,5,7),(0.,3.940364500565E-02,9.815622367594E-02,
    0.124826716129,0.14810117711,0.167135542491,0.183598970599,
    0.249192242063,0.314589686185,0.351795270274,0.402304601996,
    0.433909318807,0.473274678332,0.526815533436,0.565964441367,
    0.599589999832,0.650349795437,0.685716942038,0.75106780905,
    0.815757812272,0.832120507871,0.850999430889,0.873986536289,
    0.90130861531,0.934117237161,1.),.UNSPECIFIED.);
#2896 = CARTESIAN_POINT('',(1.570796326795,261.14660752488));
#2897 = CARTESIAN_POINT('',(1.552202690488,261.14660752488));
#2898 = CARTESIAN_POINT('',(1.533641906339,261.13044818366));
#2899 = CARTESIAN_POINT('',(1.515261087381,261.09823681829));
#2900 = CARTESIAN_POINT('',(1.497205799529,261.05062563866));
#2901 = CARTESIAN_POINT('',(1.479618286524,260.98880380356));
#2902 = CARTESIAN_POINT('',(1.437308881176,260.80376168495));
#2903 = CARTESIAN_POINT('',(1.413342577027,260.66537826707));
#2904 = CARTESIAN_POINT('',(1.390814802706,260.50364764106));
#2905 = CARTESIAN_POINT('',(1.369780742785,260.32242157655));
#2906 = CARTESIAN_POINT('',(1.350274959133,260.12524513055));
#2907 = CARTESIAN_POINT('',(1.324156458503,259.8201821831));
#2908 = CARTESIAN_POINT('',(1.316308596765,259.72220376344));
#2909 = CARTESIAN_POINT('',(1.308764447957,259.62171922597));
#2910 = CARTESIAN_POINT('',(1.301520972108,259.51893087268));
#2911 = CARTESIAN_POINT('',(1.294575141511,259.41401669208));
#2912 = CARTESIAN_POINT('',(1.282119656701,259.21385417429));
#2913 = CARTESIAN_POINT('',(1.276539851802,259.11907820333));
#2914 = CARTESIAN_POINT('',(1.271182634082,259.02290574055));
#2915 = CARTESIAN_POINT('',(1.266046345757,258.92543205019));
#2916 = CARTESIAN_POINT('',(1.261129563208,258.82674436648));
#2917 = CARTESIAN_POINT('',(1.2525885881,258.64528488291));
#2918 = CARTESIAN_POINT('',(1.248892107049,258.56288951064));
#2919 = CARTESIAN_POINT('',(1.245341016503,258.47977954736));
#2920 = CARTESIAN_POINT('',(1.241934782203,258.39599677426));
#2921 = CARTESIAN_POINT('',(1.238672972955,258.31158098313));
#2922 = CARTESIAN_POINT('',(1.232858652069,258.15304125251));
#2923 = CARTESIAN_POINT('',(1.230269842304,258.0790674206));
#2924 = CARTESIAN_POINT('',(1.227788619835,258.00467306017));
#2925 = CARTESIAN_POINT('',(1.22541481661,257.92988213936));
#2926 = CARTESIAN_POINT('',(1.223148308036,257.85471801501));
#2927 = CARTESIAN_POINT('',(1.212385991391,257.47833969596));
#2928 = CARTESIAN_POINT('',(1.205481845769,257.17181107648));
#2929 = CARTESIAN_POINT('',(1.200277382074,256.86119013972));
#2930 = CARTESIAN_POINT('',(1.196773790011,256.54786509905));
#2931 = CARTESIAN_POINT('',(1.194972479992,256.23312478255));
#2932 = CARTESIAN_POINT('',(1.194777651465,255.60430248815));
#2933 = CARTESIAN_POINT('',(1.19637402269,255.29037324197));
#2934 = CARTESIAN_POINT('',(1.19966278321,254.9777247274));
#2935 = CARTESIAN_POINT('',(1.2046425437,254.6676359925));
#2936 = CARTESIAN_POINT('',(1.211311938224,254.36147896413));
#2937 = CARTESIAN_POINT('',(1.224424691229,253.88974103629));
#2938 = CARTESIAN_POINT('',(1.229726402425,253.7204429825));
#2939 = CARTESIAN_POINT('',(1.235576392585,253.55314063415));
#2940 = CARTESIAN_POINT('',(1.241976743795,253.38810313063));
#2941 = CARTESIAN_POINT('',(1.248930362079,253.22563543918));
#2942 = CARTESIAN_POINT('',(1.266637698678,252.84946861348));
#2943 = CARTESIAN_POINT('',(1.277860210774,252.63824383892));
#2944 = CARTESIAN_POINT('',(1.290123185008,252.43315673549));
#2945 = CARTESIAN_POINT('',(1.303445497065,252.23516388729));
#2946 = CARTESIAN_POINT('',(1.31784783532,252.04549039941));
#2947 = CARTESIAN_POINT('',(1.343050173919,251.75319205862));
#2948 = CARTESIAN_POINT('',(1.353183303364,251.64452919518));
#2949 = CARTESIAN_POINT('',(1.363751945775,251.54012484641));
#2950 = CARTESIAN_POINT('',(1.374757224964,251.44044523289));
#2951 = CARTESIAN_POINT('',(1.386199134683,251.34600450626));
#2952 = CARTESIAN_POINT('',(1.412870947391,251.14696133361));
#2953 = CARTESIAN_POINT('',(1.4283658187,251.04537448206));
#2954 = CARTESIAN_POINT('',(1.444512278334,250.95413287228));
#2955 = CARTESIAN_POINT('',(1.461254961455,250.87462040797));
#2956 = CARTESIAN_POINT('',(1.478532449282,250.8080918948));
#2957 = CARTESIAN_POINT('',(1.520412549531,250.68441287835));
#2958 = CARTESIAN_POINT('',(1.545390337072,250.63933098183));
#2959 = CARTESIAN_POINT('',(1.570796326795,250.62393109717));
#2960 = CARTESIAN_POINT('',(1.596202316518,250.63933098183));
#2961 = CARTESIAN_POINT('',(1.621180104059,250.68441287835));
#2962 = CARTESIAN_POINT('',(1.662962632639,250.80780374916));
#2963 = CARTESIAN_POINT('',(1.680148538761,250.87389173972));
#2964 = CARTESIAN_POINT('',(1.696806184467,250.95283127075));
#2965 = CARTESIAN_POINT('',(1.71287457853,251.04338680361));
#2966 = CARTESIAN_POINT('',(1.728298653987,251.14419334722));
#2967 = CARTESIAN_POINT('',(1.755682022001,251.34783504682));
#2968 = CARTESIAN_POINT('',(1.767841049188,251.4485099708));
#2969 = CARTESIAN_POINT('',(1.779505709963,251.55508873223));
#2970 = CARTESIAN_POINT('',(1.790676262179,251.6669565005));
#2971 = CARTESIAN_POINT('',(1.801354367044,251.78356047552));
#2972 = CARTESIAN_POINT('',(1.826924280441,252.08683617386));
#2973 = CARTESIAN_POINT('',(1.841197578197,252.27901790545));
#2974 = CARTESIAN_POINT('',(1.854383454823,252.47940972703));
#2975 = CARTESIAN_POINT('',(1.866502604747,252.6867994459));
#2976 = CARTESIAN_POINT('',(1.877573662463,252.90024145661));
#2977 = CARTESIAN_POINT('',(1.894603954947,253.27140657007));
#2978 = CARTESIAN_POINT('',(1.901094682158,253.42638586477));
#2979 = CARTESIAN_POINT('',(1.907086019127,253.58364149604));
#2980 = CARTESIAN_POINT('',(1.912580339196,253.74291444214));
#2981 = CARTESIAN_POINT('',(1.917579355824,253.90397421889));
#2982 = CARTESIAN_POINT('',(1.930408429474,254.36715046724));
#2983 = CARTESIAN_POINT('',(1.937046767256,254.67313428351));
#2984 = CARTESIAN_POINT('',(1.941998075858,254.98302746611));
#2985 = CARTESIAN_POINT('',(1.945260971498,255.2954616588));
#2986 = CARTESIAN_POINT('',(1.946834070994,255.60916050964));
#2987 = CARTESIAN_POINT('',(1.946599424611,256.2333820473));
#2988 = CARTESIAN_POINT('',(1.944825759687,256.54375941035));
#2989 = CARTESIAN_POINT('',(1.941396533285,256.85276570273));
#2990 = CARTESIAN_POINT('',(1.936313104942,257.15916329564));
#2991 = CARTESIAN_POINT('',(1.929576666219,257.46162155066));
#2992 = CARTESIAN_POINT('',(1.919066282313,257.83376491366));
#2993 = CARTESIAN_POINT('',(1.91683859504,257.90855013818));
#2994 = CARTESIAN_POINT('',(1.91450495285,257.98297103667));
#2995 = CARTESIAN_POINT('',(1.912065239106,258.05700475691));
#2996 = CARTESIAN_POINT('',(1.909519295529,258.13062786784));
#2997 = CARTESIAN_POINT('',(1.903806671427,258.28825965266));
#2998 = CARTESIAN_POINT('',(1.900604739254,258.37212415596));
#2999 = CARTESIAN_POINT('',(1.897260817594,258.45537316489));
#3000 = CARTESIAN_POINT('',(1.893774499578,258.53796810445));
#3001 = CARTESIAN_POINT('',(1.890145279562,258.61986852916));
#3002 = CARTESIAN_POINT('',(1.881778855676,258.79985746852));
#3003 = CARTESIAN_POINT('',(1.876972414097,258.89758955334));
#3004 = CARTESIAN_POINT('',(1.871952116107,258.99415273709));
#3005 = CARTESIAN_POINT('',(1.86671662391,259.08946396135));
#3006 = CARTESIAN_POINT('',(1.861264374189,259.18343274974));
#3007 = CARTESIAN_POINT('',(1.848853367197,259.38593894556));
#3008 = CARTESIAN_POINT('',(1.841804560557,259.49387904773));
#3009 = CARTESIAN_POINT('',(1.8344439308,259.59961913777));
#3010 = CARTESIAN_POINT('',(1.826768278516,259.70297069035));
#3011 = CARTESIAN_POINT('',(1.818774352131,259.80371901021));
#3012 = CARTESIAN_POINT('',(1.800473332099,260.01918754039));
#3013 = CARTESIAN_POINT('',(1.790021787143,260.13267796077));
#3014 = CARTESIAN_POINT('',(1.779101128703,260.24163350611));
#3015 = CARTESIAN_POINT('',(1.767709885343,260.34553818547));
#3016 = CARTESIAN_POINT('',(1.755847865751,260.44381989891));
#3017 = CARTESIAN_POINT('',(1.718752184644,260.72065305383));
#3018 = CARTESIAN_POINT('',(1.691803493521,260.88240840883));
#3019 = CARTESIAN_POINT('',(1.663053806395,261.01146275433));
#3020 = CARTESIAN_POINT('',(1.632968499278,261.10097103362));
#3021 = CARTESIAN_POINT('',(1.602043225371,261.14660752488));
#3022 = CARTESIAN_POINT('',(1.570796326795,261.14660752488));
#3023 = ( GEOMETRIC_REPRESENTATION_CONTEXT(2) 
PARAMETRIC_REPRESENTATION_CONTEXT() REPRESENTATION_CONTEXT('2D SPACE',''
  ) );
#3024 = ORIENTED_EDGE('',*,*,#3025,.F.);
#3025 = EDGE_CURVE('',#2220,#2626,#3026,.T.);
#3026 = SEAM_CURVE('',#3027,(#3031,#3038),.PCURVE_S1.);
#3027 = LINE('',#3028,#3029);
#3028 = CARTESIAN_POINT('',(317.14660752488,-1.285879139105E-15,6.));
#3029 = VECTOR('',#3030,1.);
#3030 = DIRECTION('',(0.,0.,1.));
#3031 = PCURVE('',#2485,#3032);
#3032 = DEFINITIONAL_REPRESENTATION('',(#3033),#3037);
#3033 = LINE('',#3034,#3035);
#3034 = CARTESIAN_POINT('',(6.28318530718,-0.));
#3035 = VECTOR('',#3036,1.);
#3036 = DIRECTION('',(0.,1.));
#3037 = ( GEOMETRIC_REPRESENTATION_CONTEXT(2) 
PARAMETRIC_REPRESENTATION_CONTEXT() REPRESENTATION_CONTEXT('2D SPACE',''
  ) );
#3038 = PCURVE('',#2485,#3039);
#3039 = DEFINITIONAL_REPRESENTATION('',(#3040),#3044);
#3040 = LINE('',#3041,#3042);
#3041 = CARTESIAN_POINT('',(0.,-0.));
#3042 = VECTOR('',#3043,1.);
#3043 = DIRECTION('',(0.,1.));
#3044 = ( GEOMETRIC_REPRESENTATION_CONTEXT(2) 
PARAMETRIC_REPRESENTATION_CONTEXT() REPRESENTATION_CONTEXT('2D SPACE',''
  ) );
#3045 = ORIENTED_EDGE('',*,*,#2219,.T.);
#3046 = ORIENTED_EDGE('',*,*,#3025,.T.);
#3047 = ADVANCED_FACE('',(#3048,#3346,#3743,#4110,#4477,#4480),#2889,.T.
  );
#3048 = FACE_BOUND('',#3049,.T.);
#3049 = EDGE_LOOP('',(#3050,#3074,#3101,#3102,#3142,#3168,#3203,#3225,
    #3251,#3252,#3287,#3313));
#3050 = ORIENTED_EDGE('',*,*,#3051,.F.);
#3051 = EDGE_CURVE('',#3052,#3054,#3056,.T.);
#3052 = VERTEX_POINT('',#3053);
#3053 = CARTESIAN_POINT('',(194.,14.3,0.));
#3054 = VERTEX_POINT('',#3055);
#3055 = CARTESIAN_POINT('',(210.8334666688,14.3,0.));
#3056 = SEAM_CURVE('',#3057,(#3061,#3068),.PCURVE_S1.);
#3057 = LINE('',#3058,#3059);
#3058 = CARTESIAN_POINT('',(56.,14.3,0.));
#3059 = VECTOR('',#3060,1.);
#3060 = DIRECTION('',(1.,0.,0.));
#3061 = PCURVE('',#2889,#3062);
#3062 = DEFINITIONAL_REPRESENTATION('',(#3063),#3067);
#3063 = LINE('',#3064,#3065);
#3064 = CARTESIAN_POINT('',(0.,0.));
#3065 = VECTOR('',#3066,1.);
#3066 = DIRECTION('',(0.,1.));
#3067 = ( GEOMETRIC_REPRESENTATION_CONTEXT(2) 
PARAMETRIC_REPRESENTATION_CONTEXT() REPRESENTATION_CONTEXT('2D SPACE',''
  ) );
#3068 = PCURVE('',#2889,#3069);
#3069 = DEFINITIONAL_REPRESENTATION('',(#3070),#3073);
#3070 = B_SPLINE_CURVE_WITH_KNOTS('',1,(#3071,#3072),.UNSPECIFIED.,.F.,
  .F.,(2,2),(0.,288.89478248253),.PIECEWISE_BEZIER_KNOTS.);
#3071 = CARTESIAN_POINT('',(6.28318530718,0.));
#3072 = CARTESIAN_POINT('',(6.28318530718,288.89478248253));
#3073 = ( GEOMETRIC_REPRESENTATION_CONTEXT(2) 
PARAMETRIC_REPRESENTATION_CONTEXT() REPRESENTATION_CONTEXT('2D SPACE',''
  ) );
#3074 = ORIENTED_EDGE('',*,*,#3075,.T.);
#3075 = EDGE_CURVE('',#3052,#3052,#3076,.T.);
#3076 = SURFACE_CURVE('',#3077,(#3082,#3089),.PCURVE_S1.);
#3077 = CIRCLE('',#3078,14.3);
#3078 = AXIS2_PLACEMENT_3D('',#3079,#3080,#3081);
#3079 = CARTESIAN_POINT('',(194.,0.,0.));
#3080 = DIRECTION('',(1.,0.,0.));
#3081 = DIRECTION('',(-0.,1.,0.));
#3082 = PCURVE('',#2889,#3083);
#3083 = DEFINITIONAL_REPRESENTATION('',(#3084),#3088);
#3084 = LINE('',#3085,#3086);
#3085 = CARTESIAN_POINT('',(0.,138.));
#3086 = VECTOR('',#3087,1.);
#3087 = DIRECTION('',(1.,0.));
#3088 = ( GEOMETRIC_REPRESENTATION_CONTEXT(2) 
PARAMETRIC_REPRESENTATION_CONTEXT() REPRESENTATION_CONTEXT('2D SPACE',''
  ) );
#3089 = PCURVE('',#3090,#3095);
#3090 = PLANE('',#3091);
#3091 = AXIS2_PLACEMENT_3D('',#3092,#3093,#3094);
#3092 = CARTESIAN_POINT('',(194.,0.,2.442490654175E-15));
#3093 = DIRECTION('',(1.,0.,2.22044604925E-16));
#3094 = DIRECTION('',(2.22044604925E-16,0.,-1.));
#3095 = DEFINITIONAL_REPRESENTATION('',(#3096),#3100);
#3096 = CIRCLE('',#3097,14.3);
#3097 = AXIS2_PLACEMENT_2D('',#3098,#3099);
#3098 = CARTESIAN_POINT('',(2.442490654175E-15,0.));
#3099 = DIRECTION('',(0.,1.));
#3100 = ( GEOMETRIC_REPRESENTATION_CONTEXT(2) 
PARAMETRIC_REPRESENTATION_CONTEXT() REPRESENTATION_CONTEXT('2D SPACE',''
  ) );
#3101 = ORIENTED_EDGE('',*,*,#3051,.T.);
#3102 = ORIENTED_EDGE('',*,*,#3103,.T.);
#3103 = EDGE_CURVE('',#3054,#3104,#3106,.T.);
#3104 = VERTEX_POINT('',#3105);
#3105 = CARTESIAN_POINT('',(210.93886725433,14.06164997431,-2.6));
#3106 = SURFACE_CURVE('',#3107,(#3115,#3126),.PCURVE_S1.);
#3107 = B_SPLINE_CURVE_WITH_KNOTS('',6,(#3108,#3109,#3110,#3111,#3112,
    #3113,#3114),.UNSPECIFIED.,.F.,.F.,(7,7),(0.,1.),
  .PIECEWISE_BEZIER_KNOTS.);
#3108 = CARTESIAN_POINT('',(210.8334666688,14.3,-3.552713678801E-15));
#3109 = CARTESIAN_POINT('',(210.8334666688,14.3,-0.435147092281));
#3110 = CARTESIAN_POINT('',(210.83994994793,14.284110298941,
    -0.870221962744));
#3111 = CARTESIAN_POINT('',(210.85291218631,14.252340411101,
    -1.304795670539));
#3112 = CARTESIAN_POINT('',(210.87289166526,14.204673357813,
    -1.738412731925));
#3113 = CARTESIAN_POINT('',(210.90095916509,14.141073076273,
    -2.170454002637));
#3114 = CARTESIAN_POINT('',(210.93886730728,14.061649863369,-2.6000006)
  );
#3115 = PCURVE('',#2889,#3116);
#3116 = DEFINITIONAL_REPRESENTATION('',(#3117),#3125);
#3117 = B_SPLINE_CURVE_WITH_KNOTS('',6,(#3118,#3119,#3120,#3121,#3122,
    #3123,#3124),.UNSPECIFIED.,.F.,.F.,(7,7),(0.,1.),
  .PIECEWISE_BEZIER_KNOTS.);
#3118 = CARTESIAN_POINT('',(6.28318530718,154.8334666688));
#3119 = CARTESIAN_POINT('',(6.252755440587,154.8334666688));
#3120 = CARTESIAN_POINT('',(6.222330632704,154.83994994793));
#3121 = CARTESIAN_POINT('',(6.1918901077,154.85291218631));
#3122 = CARTESIAN_POINT('',(6.161415250669,154.87289166526));
#3123 = CARTESIAN_POINT('',(6.130897510046,154.90095916509));
#3124 = CARTESIAN_POINT('',(6.100350127517,154.93886730728));
#3125 = ( GEOMETRIC_REPRESENTATION_CONTEXT(2) 
PARAMETRIC_REPRESENTATION_CONTEXT() REPRESENTATION_CONTEXT('2D SPACE',''
  ) );
#3126 = PCURVE('',#3127,#3132);
#3127 = CYLINDRICAL_SURFACE('',#3128,4.5);
#3128 = AXIS2_PLACEMENT_3D('',#3129,#3130,#3131);
#3129 = CARTESIAN_POINT('',(215.,16.,-2.6));
#3130 = DIRECTION('',(0.,0.,1.));
#3131 = DIRECTION('',(1.,0.,-0.));
#3132 = DEFINITIONAL_REPRESENTATION('',(#3133),#3141);
#3133 = B_SPLINE_CURVE_WITH_KNOTS('',6,(#3134,#3135,#3136,#3137,#3138,
    #3139,#3140),.UNSPECIFIED.,.F.,.F.,(7,7),(0.,0.999999767196),
  .PIECEWISE_BEZIER_KNOTS.);
#3134 = CARTESIAN_POINT('',(9.812173001826,2.6));
#3135 = CARTESIAN_POINT('',(9.812173001826,2.164853009023));
#3136 = CARTESIAN_POINT('',(9.815986695251,1.72977823983));
#3137 = CARTESIAN_POINT('',(9.823611523612,1.295204632973));
#3138 = CARTESIAN_POINT('',(9.83509687756,0.861587671865));
#3139 = CARTESIAN_POINT('',(9.850538572589,0.429546500267));
#3140 = CARTESIAN_POINT('',(9.870095474806,2.367925823697E-14));
#3141 = ( GEOMETRIC_REPRESENTATION_CONTEXT(2) 
PARAMETRIC_REPRESENTATION_CONTEXT() REPRESENTATION_CONTEXT('2D SPACE',''
  ) );
#3142 = ORIENTED_EDGE('',*,*,#3143,.T.);
#3143 = EDGE_CURVE('',#3104,#3144,#3146,.T.);
#3144 = VERTEX_POINT('',#3145);
#3145 = CARTESIAN_POINT('',(219.06113274566,14.06164997431,-2.6));
#3146 = SURFACE_CURVE('',#3147,(#3151,#3157),.PCURVE_S1.);
#3147 = LINE('',#3148,#3149);
#3148 = CARTESIAN_POINT('',(56.,14.06164997431,-2.6));
#3149 = VECTOR('',#3150,1.);
#3150 = DIRECTION('',(1.,0.,0.));
#3151 = PCURVE('',#2889,#3152);
#3152 = DEFINITIONAL_REPRESENTATION('',(#3153),#3156);
#3153 = B_SPLINE_CURVE_WITH_KNOTS('',1,(#3154,#3155),.UNSPECIFIED.,.F.,
  .F.,(2,2),(153.6,164.4),.PIECEWISE_BEZIER_KNOTS.);
#3154 = CARTESIAN_POINT('',(6.100350170187,153.6));
#3155 = CARTESIAN_POINT('',(6.100350170187,164.4));
#3156 = ( GEOMETRIC_REPRESENTATION_CONTEXT(2) 
PARAMETRIC_REPRESENTATION_CONTEXT() REPRESENTATION_CONTEXT('2D SPACE',''
  ) );
#3157 = PCURVE('',#3158,#3163);
#3158 = PLANE('',#3159);
#3159 = AXIS2_PLACEMENT_3D('',#3160,#3161,#3162);
#3160 = CARTESIAN_POINT('',(215.,16.,-2.6));
#3161 = DIRECTION('',(0.,0.,1.));
#3162 = DIRECTION('',(1.,0.,-0.));
#3163 = DEFINITIONAL_REPRESENTATION('',(#3164),#3167);
#3164 = B_SPLINE_CURVE_WITH_KNOTS('',1,(#3165,#3166),.UNSPECIFIED.,.F.,
  .F.,(2,2),(153.6,164.4),.PIECEWISE_BEZIER_KNOTS.);
#3165 = CARTESIAN_POINT('',(-5.4,-1.93835002569));
#3166 = CARTESIAN_POINT('',(5.4,-1.93835002569));
#3167 = ( GEOMETRIC_REPRESENTATION_CONTEXT(2) 
PARAMETRIC_REPRESENTATION_CONTEXT() REPRESENTATION_CONTEXT('2D SPACE',''
  ) );
#3168 = ORIENTED_EDGE('',*,*,#3169,.T.);
#3169 = EDGE_CURVE('',#3144,#3170,#3172,.T.);
#3170 = VERTEX_POINT('',#3171);
#3171 = CARTESIAN_POINT('',(219.1665333312,14.3,0.));
#3172 = SURFACE_CURVE('',#3173,(#3181,#3192),.PCURVE_S1.);
#3173 = B_SPLINE_CURVE_WITH_KNOTS('',6,(#3174,#3175,#3176,#3177,#3178,
    #3179,#3180),.UNSPECIFIED.,.F.,.F.,(7,7),(0.,1.),
  .PIECEWISE_BEZIER_KNOTS.);
#3174 = CARTESIAN_POINT('',(219.06113269271,14.06164986337,-2.6000006));
#3175 = CARTESIAN_POINT('',(219.09904084402,14.141073095366,
    -2.170453899376));
#3176 = CARTESIAN_POINT('',(219.12710832079,14.204673330004,
    -1.738412840021));
#3177 = CARTESIAN_POINT('',(219.14708780719,14.252340392264,
    -1.304795888318));
#3178 = CARTESIAN_POINT('',(219.16005005495,14.284110306527,
    -0.870222060532));
#3179 = CARTESIAN_POINT('',(219.1665333312,14.3,-0.435146985611));
#3180 = CARTESIAN_POINT('',(219.1665333312,14.3,-3.552713678801E-15));
#3181 = PCURVE('',#2889,#3182);
#3182 = DEFINITIONAL_REPRESENTATION('',(#3183),#3191);
#3183 = B_SPLINE_CURVE_WITH_KNOTS('',6,(#3184,#3185,#3186,#3187,#3188,
    #3189,#3190),.UNSPECIFIED.,.F.,.F.,(7,7),(0.,1.),
  .PIECEWISE_BEZIER_KNOTS.);
#3184 = CARTESIAN_POINT('',(6.100350127517,163.06113269271));
#3185 = CARTESIAN_POINT('',(6.13089751739,163.09904084402));
#3186 = CARTESIAN_POINT('',(6.161415242882,163.12710832079));
#3187 = CARTESIAN_POINT('',(6.191890092531,163.14708780719));
#3188 = CARTESIAN_POINT('',(6.222330625849,163.16005005495));
#3189 = CARTESIAN_POINT('',(6.252755448046,163.1665333312));
#3190 = CARTESIAN_POINT('',(6.28318530718,163.1665333312));
#3191 = ( GEOMETRIC_REPRESENTATION_CONTEXT(2) 
PARAMETRIC_REPRESENTATION_CONTEXT() REPRESENTATION_CONTEXT('2D SPACE',''
  ) );
#3192 = PCURVE('',#3127,#3193);
#3193 = DEFINITIONAL_REPRESENTATION('',(#3194),#3202);
#3194 = B_SPLINE_CURVE_WITH_KNOTS('',6,(#3195,#3196,#3197,#3198,#3199,
    #3200,#3201),.UNSPECIFIED.,.F.,.F.,(7,7),(2.328035605002E-07,1.),
  .PIECEWISE_BEZIER_KNOTS.);
#3195 = CARTESIAN_POINT('',(5.837867793143,9.969943403014E-15));
#3196 = CARTESIAN_POINT('',(5.857424700061,0.429546603528));
#3197 = CARTESIAN_POINT('',(5.872866383509,0.861587563769));
#3198 = CARTESIAN_POINT('',(5.884351739809,1.295204415193));
#3199 = CARTESIAN_POINT('',(5.891976574594,1.729778142042));
#3200 = CARTESIAN_POINT('',(5.895790266123,2.164853115693));
#3201 = CARTESIAN_POINT('',(5.895790266123,2.6));
#3202 = ( GEOMETRIC_REPRESENTATION_CONTEXT(2) 
PARAMETRIC_REPRESENTATION_CONTEXT() REPRESENTATION_CONTEXT('2D SPACE',''
  ) );
#3203 = ORIENTED_EDGE('',*,*,#3204,.T.);
#3204 = EDGE_CURVE('',#3170,#3205,#3207,.T.);
#3205 = VERTEX_POINT('',#3206);
#3206 = CARTESIAN_POINT('',(344.89478248253,14.3,0.));
#3207 = SEAM_CURVE('',#3208,(#3212,#3219),.PCURVE_S1.);
#3208 = LINE('',#3209,#3210);
#3209 = CARTESIAN_POINT('',(56.,14.3,0.));
#3210 = VECTOR('',#3211,1.);
#3211 = DIRECTION('',(1.,0.,0.));
#3212 = PCURVE('',#2889,#3213);
#3213 = DEFINITIONAL_REPRESENTATION('',(#3214),#3218);
#3214 = LINE('',#3215,#3216);
#3215 = CARTESIAN_POINT('',(0.,0.));
#3216 = VECTOR('',#3217,1.);
#3217 = DIRECTION('',(0.,1.));
#3218 = ( GEOMETRIC_REPRESENTATION_CONTEXT(2) 
PARAMETRIC_REPRESENTATION_CONTEXT() REPRESENTATION_CONTEXT('2D SPACE',''
  ) );
#3219 = PCURVE('',#2889,#3220);
#3220 = DEFINITIONAL_REPRESENTATION('',(#3221),#3224);
#3221 = B_SPLINE_CURVE_WITH_KNOTS('',1,(#3222,#3223),.UNSPECIFIED.,.F.,
  .F.,(2,2),(0.,288.89478248253),.PIECEWISE_BEZIER_KNOTS.);
#3222 = CARTESIAN_POINT('',(6.28318530718,0.));
#3223 = CARTESIAN_POINT('',(6.28318530718,288.89478248253));
#3224 = ( GEOMETRIC_REPRESENTATION_CONTEXT(2) 
PARAMETRIC_REPRESENTATION_CONTEXT() REPRESENTATION_CONTEXT('2D SPACE',''
  ) );
#3225 = ORIENTED_EDGE('',*,*,#3226,.F.);
#3226 = EDGE_CURVE('',#3205,#3205,#3227,.T.);
#3227 = SURFACE_CURVE('',#3228,(#3233,#3240),.PCURVE_S1.);
#3228 = CIRCLE('',#3229,14.3);
#3229 = AXIS2_PLACEMENT_3D('',#3230,#3231,#3232);
#3230 = CARTESIAN_POINT('',(344.89478248253,0.,0.));
#3231 = DIRECTION('',(1.,0.,0.));
#3232 = DIRECTION('',(-0.,1.,0.));
#3233 = PCURVE('',#2889,#3234);
#3234 = DEFINITIONAL_REPRESENTATION('',(#3235),#3239);
#3235 = LINE('',#3236,#3237);
#3236 = CARTESIAN_POINT('',(0.,288.89478248253));
#3237 = VECTOR('',#3238,1.);
#3238 = DIRECTION('',(1.,0.));
#3239 = ( GEOMETRIC_REPRESENTATION_CONTEXT(2) 
PARAMETRIC_REPRESENTATION_CONTEXT() REPRESENTATION_CONTEXT('2D SPACE',''
  ) );
#3240 = PCURVE('',#3241,#3246);
#3241 = TOROIDAL_SURFACE('',#3242,33.,14.3);
#3242 = AXIS2_PLACEMENT_3D('',#3243,#3244,#3245);
#3243 = CARTESIAN_POINT('',(344.89478248253,33.,0.));
#3244 = DIRECTION('',(-0.,0.,1.));
#3245 = DIRECTION('',(0.,-1.,0.));
#3246 = DEFINITIONAL_REPRESENTATION('',(#3247),#3250);
#3247 = B_SPLINE_CURVE_WITH_KNOTS('',1,(#3248,#3249),.UNSPECIFIED.,.F.,
  .F.,(2,2),(0.,6.28318530718),.PIECEWISE_BEZIER_KNOTS.);
#3248 = CARTESIAN_POINT('',(0.,9.424777960769));
#3249 = CARTESIAN_POINT('',(0.,3.14159265359));
#3250 = ( GEOMETRIC_REPRESENTATION_CONTEXT(2) 
PARAMETRIC_REPRESENTATION_CONTEXT() REPRESENTATION_CONTEXT('2D SPACE',''
  ) );
#3251 = ORIENTED_EDGE('',*,*,#3204,.F.);
#3252 = ORIENTED_EDGE('',*,*,#3253,.F.);
#3253 = EDGE_CURVE('',#3254,#3170,#3256,.T.);
#3254 = VERTEX_POINT('',#3255);
#3255 = CARTESIAN_POINT('',(219.06113274566,14.06164997431,2.6));
#3256 = SURFACE_CURVE('',#3257,(#3265,#3276),.PCURVE_S1.);
#3257 = B_SPLINE_CURVE_WITH_KNOTS('',6,(#3258,#3259,#3260,#3261,#3262,
    #3263,#3264),.UNSPECIFIED.,.F.,.F.,(7,7),(0.,1.),
  .PIECEWISE_BEZIER_KNOTS.);
#3258 = CARTESIAN_POINT('',(219.06113269271,14.06164986337,2.6000006));
#3259 = CARTESIAN_POINT('',(219.09904084402,14.141073095366,
    2.170453899376));
#3260 = CARTESIAN_POINT('',(219.12710832079,14.204673330004,
    1.738412840022));
#3261 = CARTESIAN_POINT('',(219.14708780719,14.252340392264,
    1.304795888317));
#3262 = CARTESIAN_POINT('',(219.16005005495,14.284110306527,
    0.870222060533));
#3263 = CARTESIAN_POINT('',(219.1665333312,14.3,0.435146985611));
#3264 = CARTESIAN_POINT('',(219.1665333312,14.3,0.));
#3265 = PCURVE('',#2889,#3266);
#3266 = DEFINITIONAL_REPRESENTATION('',(#3267),#3275);
#3267 = B_SPLINE_CURVE_WITH_KNOTS('',6,(#3268,#3269,#3270,#3271,#3272,
    #3273,#3274),.UNSPECIFIED.,.F.,.F.,(7,7),(0.,1.),
  .PIECEWISE_BEZIER_KNOTS.);
#3268 = CARTESIAN_POINT('',(0.182835179662,163.06113269271));
#3269 = CARTESIAN_POINT('',(0.15228778979,163.09904084402));
#3270 = CARTESIAN_POINT('',(0.121770064298,163.12710832079));
#3271 = CARTESIAN_POINT('',(9.129521464854E-02,163.14708780719));
#3272 = CARTESIAN_POINT('',(6.085468133023E-02,163.16005005495));
#3273 = CARTESIAN_POINT('',(3.042985913361E-02,163.1665333312));
#3274 = CARTESIAN_POINT('',(0.,163.1665333312));
#3275 = ( GEOMETRIC_REPRESENTATION_CONTEXT(2) 
PARAMETRIC_REPRESENTATION_CONTEXT() REPRESENTATION_CONTEXT('2D SPACE',''
  ) );
#3276 = PCURVE('',#3127,#3277);
#3277 = DEFINITIONAL_REPRESENTATION('',(#3278),#3286);
#3278 = B_SPLINE_CURVE_WITH_KNOTS('',6,(#3279,#3280,#3281,#3282,#3283,
    #3284,#3285),.UNSPECIFIED.,.F.,.F.,(7,7),(2.32803559839E-07,1.),
  .PIECEWISE_BEZIER_KNOTS.);
#3279 = CARTESIAN_POINT('',(5.837867793143,5.2));
#3280 = CARTESIAN_POINT('',(5.857424700061,4.770453396473));
#3281 = CARTESIAN_POINT('',(5.872866383509,4.338412436232));
#3282 = CARTESIAN_POINT('',(5.884351739809,3.904795584806));
#3283 = CARTESIAN_POINT('',(5.891976574594,3.470221857959));
#3284 = CARTESIAN_POINT('',(5.895790266123,3.035146884307));
#3285 = CARTESIAN_POINT('',(5.895790266123,2.6));
#3286 = ( GEOMETRIC_REPRESENTATION_CONTEXT(2) 
PARAMETRIC_REPRESENTATION_CONTEXT() REPRESENTATION_CONTEXT('2D SPACE',''
  ) );
#3287 = ORIENTED_EDGE('',*,*,#3288,.F.);
#3288 = EDGE_CURVE('',#3289,#3254,#3291,.T.);
#3289 = VERTEX_POINT('',#3290);
#3290 = CARTESIAN_POINT('',(210.93886725433,14.06164997431,2.6));
#3291 = SURFACE_CURVE('',#3292,(#3296,#3302),.PCURVE_S1.);
#3292 = LINE('',#3293,#3294);
#3293 = CARTESIAN_POINT('',(56.,14.06164997431,2.6));
#3294 = VECTOR('',#3295,1.);
#3295 = DIRECTION('',(1.,0.,0.));
#3296 = PCURVE('',#2889,#3297);
#3297 = DEFINITIONAL_REPRESENTATION('',(#3298),#3301);
#3298 = B_SPLINE_CURVE_WITH_KNOTS('',1,(#3299,#3300),.UNSPECIFIED.,.F.,
  .F.,(2,2),(153.6,164.4),.PIECEWISE_BEZIER_KNOTS.);
#3299 = CARTESIAN_POINT('',(0.182835136993,153.6));
#3300 = CARTESIAN_POINT('',(0.182835136993,164.4));
#3301 = ( GEOMETRIC_REPRESENTATION_CONTEXT(2) 
PARAMETRIC_REPRESENTATION_CONTEXT() REPRESENTATION_CONTEXT('2D SPACE',''
  ) );
#3302 = PCURVE('',#3303,#3308);
#3303 = PLANE('',#3304);
#3304 = AXIS2_PLACEMENT_3D('',#3305,#3306,#3307);
#3305 = CARTESIAN_POINT('',(215.,16.,2.6));
#3306 = DIRECTION('',(0.,0.,1.));
#3307 = DIRECTION('',(1.,0.,-0.));
#3308 = DEFINITIONAL_REPRESENTATION('',(#3309),#3312);
#3309 = B_SPLINE_CURVE_WITH_KNOTS('',1,(#3310,#3311),.UNSPECIFIED.,.F.,
  .F.,(2,2),(153.6,164.4),.PIECEWISE_BEZIER_KNOTS.);
#3310 = CARTESIAN_POINT('',(-5.4,-1.93835002569));
#3311 = CARTESIAN_POINT('',(5.4,-1.93835002569));
#3312 = ( GEOMETRIC_REPRESENTATION_CONTEXT(2) 
PARAMETRIC_REPRESENTATION_CONTEXT() REPRESENTATION_CONTEXT('2D SPACE',''
  ) );
#3313 = ORIENTED_EDGE('',*,*,#3314,.F.);
#3314 = EDGE_CURVE('',#3054,#3289,#3315,.T.);
#3315 = SURFACE_CURVE('',#3316,(#3324,#3335),.PCURVE_S1.);
#3316 = B_SPLINE_CURVE_WITH_KNOTS('',6,(#3317,#3318,#3319,#3320,#3321,
    #3322,#3323),.UNSPECIFIED.,.F.,.F.,(7,7),(0.,1.),
  .PIECEWISE_BEZIER_KNOTS.);
#3317 = CARTESIAN_POINT('',(210.8334666688,14.3,0.));
#3318 = CARTESIAN_POINT('',(210.8334666688,14.3,0.435147092281));
#3319 = CARTESIAN_POINT('',(210.83994994793,14.284110298941,
    0.870221962744));
#3320 = CARTESIAN_POINT('',(210.85291218631,14.252340411102,
    1.304795670538));
#3321 = CARTESIAN_POINT('',(210.87289166526,14.204673357813,
    1.738412731925));
#3322 = CARTESIAN_POINT('',(210.90095916509,14.141073076273,
    2.170454002637));
#3323 = CARTESIAN_POINT('',(210.93886730728,14.06164986337,2.6000006));
#3324 = PCURVE('',#2889,#3325);
#3325 = DEFINITIONAL_REPRESENTATION('',(#3326),#3334);
#3326 = B_SPLINE_CURVE_WITH_KNOTS('',6,(#3327,#3328,#3329,#3330,#3331,
    #3332,#3333),.UNSPECIFIED.,.F.,.F.,(7,7),(0.,1.),
  .PIECEWISE_BEZIER_KNOTS.);
#3327 = CARTESIAN_POINT('',(0.,154.8334666688));
#3328 = CARTESIAN_POINT('',(3.04298665931E-02,154.8334666688));
#3329 = CARTESIAN_POINT('',(6.085467447581E-02,154.83994994793));
#3330 = CARTESIAN_POINT('',(9.129519947933E-02,154.85291218631));
#3331 = CARTESIAN_POINT('',(0.12177005651,154.87289166526));
#3332 = CARTESIAN_POINT('',(0.152287797133,154.90095916509));
#3333 = CARTESIAN_POINT('',(0.182835179662,154.93886730728));
#3334 = ( GEOMETRIC_REPRESENTATION_CONTEXT(2) 
PARAMETRIC_REPRESENTATION_CONTEXT() REPRESENTATION_CONTEXT('2D SPACE',''
  ) );
#3335 = PCURVE('',#3127,#3336);
#3336 = DEFINITIONAL_REPRESENTATION('',(#3337),#3345);
#3337 = B_SPLINE_CURVE_WITH_KNOTS('',6,(#3338,#3339,#3340,#3341,#3342,
    #3343,#3344),.UNSPECIFIED.,.F.,.F.,(7,7),(0.,0.999999767196),
  .PIECEWISE_BEZIER_KNOTS.);
#3338 = CARTESIAN_POINT('',(9.812173001826,2.6));
#3339 = CARTESIAN_POINT('',(9.812173001826,3.035146990978));
#3340 = CARTESIAN_POINT('',(9.815986695251,3.47022176017));
#3341 = CARTESIAN_POINT('',(9.823611523612,3.904795367027));
#3342 = CARTESIAN_POINT('',(9.83509687756,4.338412328135));
#3343 = CARTESIAN_POINT('',(9.850538572589,4.770453499734));
#3344 = CARTESIAN_POINT('',(9.870095474806,5.2));
#3345 = ( GEOMETRIC_REPRESENTATION_CONTEXT(2) 
PARAMETRIC_REPRESENTATION_CONTEXT() REPRESENTATION_CONTEXT('2D SPACE',''
  ) );
#3346 = FACE_BOUND('',#3347,.T.);
#3347 = EDGE_LOOP('',(#3348));
#3348 = ORIENTED_EDGE('',*,*,#3349,.F.);
#3349 = EDGE_CURVE('',#3350,#3350,#3352,.T.);
#3350 = VERTEX_POINT('',#3351);
#3351 = CARTESIAN_POINT('',(204.52411231916,-1.285879139105E-15,14.3));
#3352 = SURFACE_CURVE('',#3353,(#3481,#3612),.PCURVE_S1.);
#3353 = B_SPLINE_CURVE_WITH_KNOTS('',6,(#3354,#3355,#3356,#3357,#3358,
    #3359,#3360,#3361,#3362,#3363,#3364,#3365,#3366,#3367,#3368,#3369,
    #3370,#3371,#3372,#3373,#3374,#3375,#3376,#3377,#3378,#3379,#3380,
    #3381,#3382,#3383,#3384,#3385,#3386,#3387,#3388,#3389,#3390,#3391,
    #3392,#3393,#3394,#3395,#3396,#3397,#3398,#3399,#3400,#3401,#3402,
    #3403,#3404,#3405,#3406,#3407,#3408,#3409,#3410,#3411,#3412,#3413,
    #3414,#3415,#3416,#3417,#3418,#3419,#3420,#3421,#3422,#3423,#3424,
    #3425,#3426,#3427,#3428,#3429,#3430,#3431,#3432,#3433,#3434,#3435,
    #3436,#3437,#3438,#3439,#3440,#3441,#3442,#3443,#3444,#3445,#3446,
    #3447,#3448,#3449,#3450,#3451,#3452,#3453,#3454,#3455,#3456,#3457,
    #3458,#3459,#3460,#3461,#3462,#3463,#3464,#3465,#3466,#3467,#3468,
    #3469,#3470,#3471,#3472,#3473,#3474,#3475,#3476,#3477,#3478,#3479,
    #3480),.UNSPECIFIED.,.T.,.F.,(7,5,5,5,5,5,5,5,5,5,5,5,5,5,5,5,5,5,5,
    5,5,5,5,5,5,7),(0.,3.940364507592E-02,9.815622384049E-02,
    0.124826716336,0.148101177355,0.167135542766,0.183598970901,
    0.249192239707,0.314589681244,0.351795265388,0.402304597186,
    0.433909314043,0.473274673616,0.526815528768,0.565964436738,
    0.599589995238,0.650349793632,0.68571694042,0.751067807777,
    0.815757811341,0.832120507026,0.850999430144,0.873986535665,
    0.901308614825,0.934117236835,1.),.UNSPECIFIED.);
#3354 = CARTESIAN_POINT('',(204.52411231916,0.,14.3));
#3355 = CARTESIAN_POINT('',(204.52411231916,0.26588899914,14.3));
#3356 = CARTESIAN_POINT('',(204.50795297795,0.531308167159,
    14.294067398284));
#3357 = CARTESIAN_POINT('',(204.47574161257,0.793988640713,
    14.282241437051));
#3358 = CARTESIAN_POINT('',(204.42813043293,1.051685162073,
    14.264880574264));
#3359 = CARTESIAN_POINT('',(204.36630859786,1.302251201554,
    14.242651875178));
#3360 = CARTESIAN_POINT('',(204.18126647923,1.903740008532,
    14.177338350802));
#3361 = CARTESIAN_POINT('',(204.04288306136,2.243267409213,
    14.129400045703));
#3362 = CARTESIAN_POINT('',(203.88115243534,2.560978657263,
    14.074987693814));
#3363 = CARTESIAN_POINT('',(203.69992637083,2.856144370117,
    14.016461617463));
#3364 = CARTESIAN_POINT('',(203.50274992483,3.128490663994,
    13.955949815171));
#3365 = CARTESIAN_POINT('',(203.19768697738,3.491414177539,
    13.867718817622));
#3366 = CARTESIAN_POINT('',(203.09970855772,3.600192523992,
    13.840099283221));
#3367 = CARTESIAN_POINT('',(202.99922402025,3.704506039157,
    13.812556307544));
#3368 = CARTESIAN_POINT('',(202.89643566696,3.804423053,13.785226064797)
  );
#3369 = CARTESIAN_POINT('',(202.79152148636,3.900012693314,
    13.758231983693));
#3370 = CARTESIAN_POINT('',(202.59135896857,4.071047484103,
    13.708517848097));
#3371 = CARTESIAN_POINT('',(202.49658299762,4.147506184893,
    13.685691900685));
#3372 = CARTESIAN_POINT('',(202.40041053483,4.220765720321,
    13.66328091165));
#3373 = CARTESIAN_POINT('',(202.30293684447,4.290867316482,
    13.641353553443));
#3374 = CARTESIAN_POINT('',(202.20424916076,4.357848693339,
    13.619973164523));
#3375 = CARTESIAN_POINT('',(202.0227896772,4.47399910281,13.58220715853)
  );
#3376 = CARTESIAN_POINT('',(201.94039430492,4.524189919806,
    13.565621347985));
#3377 = CARTESIAN_POINT('',(201.85728434164,4.572335007452,
    13.549472194486));
#3378 = CARTESIAN_POINT('',(201.77350156854,4.618451110534,
    13.533789591009));
#3379 = CARTESIAN_POINT('',(201.68908577741,4.662553226875,
    13.518601446746));
#3380 = CARTESIAN_POINT('',(201.53054604679,4.741069430562,
    13.491247075199));
#3381 = CARTESIAN_POINT('',(201.45657221488,4.775987486346,
    13.478949792907));
#3382 = CARTESIAN_POINT('',(201.38217785445,4.809417328406,
    13.467058647432));
#3383 = CARTESIAN_POINT('',(201.30738693364,4.841366649593,
    13.455589396993));
#3384 = CARTESIAN_POINT('',(201.23222280929,4.871842281898,
    13.444556750827));
#3385 = CARTESIAN_POINT('',(200.85584450292,5.016422962996,
    13.391812250958));
#3386 = CARTESIAN_POINT('',(200.5493158501,5.108737260811,
    13.356783141849));
#3387 = CARTESIAN_POINT('',(200.23869493416,5.178091857636,
    13.329779178752));
#3388 = CARTESIAN_POINT('',(199.92536991407,5.224697119482,
    13.311396345067));
#3389 = CARTESIAN_POINT('',(199.61062956379,5.248657731184,
    13.301939481414));
#3390 = CARTESIAN_POINT('',(198.98180729513,5.251249228561,
    13.300916640377));
#3391 = CARTESIAN_POINT('',(198.66787801607,5.230014600607,
    13.309297568397));
#3392 = CARTESIAN_POINT('',(198.35522952152,5.186274711305,
    13.326572405844));
#3393 = CARTESIAN_POINT('',(198.0451408069,5.119933797485,
    13.352459467116));
#3394 = CARTESIAN_POINT('',(197.73898374608,5.030793362259,
    13.386388703197));
#3395 = CARTESIAN_POINT('',(197.26724583058,4.854721910647,
    13.45088467385));
#3396 = CARTESIAN_POINT('',(197.09794777678,4.783399737744,
    13.476597236182));
#3397 = CARTESIAN_POINT('',(196.93064542843,4.704527210865,
    13.504484064584));
#3398 = CARTESIAN_POINT('',(196.76560792492,4.618012980764,
    13.534365717043));
#3399 = CARTESIAN_POINT('',(196.60314023346,4.523748376915,
    13.566032449745));
#3400 = CARTESIAN_POINT('',(196.22697340776,4.282942014494,
    13.644327329352));
#3401 = CARTESIAN_POINT('',(196.0157486332,4.129772404085,
    13.692252059798));
#3402 = CARTESIAN_POINT('',(195.81066152977,3.961720553057,
    13.742432418841));
#3403 = CARTESIAN_POINT('',(195.61266868157,3.77833105737,
    13.794170969572));
#3404 = CARTESIAN_POINT('',(195.42299519369,3.5791266487,13.846623974054
    ));
#3405 = CARTESIAN_POINT('',(195.1306968529,3.228845182107,
    13.931396181585));
#3406 = CARTESIAN_POINT('',(195.02203398947,3.087627366196,
    13.963911305218));
#3407 = CARTESIAN_POINT('',(194.91762964069,2.93993594147,
    13.996053847806));
#3408 = CARTESIAN_POINT('',(194.81795002718,2.785719398743,
    14.027534957087));
#3409 = CARTESIAN_POINT('',(194.72350930054,2.624950643626,
    14.058039802708));
#3410 = CARTESIAN_POINT('',(194.52446612792,2.249218668713,
    14.123589195716));
#3411 = CARTESIAN_POINT('',(194.42287927633,2.030293636094,
    14.157969874405));
#3412 = CARTESIAN_POINT('',(194.33163766653,1.801510473961,
    14.189580798501));
#3413 = CARTESIAN_POINT('',(194.25212520225,1.563663679243,
    14.217639383856));
#3414 = CARTESIAN_POINT('',(194.1855966891,1.317683252125,
    14.241422050887));
#3415 = CARTESIAN_POINT('',(194.06191767263,0.720459871325,
    14.286009000252));
#3416 = CARTESIAN_POINT('',(194.01683577611,0.363525184417,
    14.302633161385));
#3417 = CARTESIAN_POINT('',(194.00143589146,-2.93098878501E-14,
    14.30841345534));
#3418 = CARTESIAN_POINT('',(194.01683577611,-0.363525184416,
    14.302633161385));
#3419 = CARTESIAN_POINT('',(194.06191767263,-0.720459871325,
    14.286009000252));
#3420 = CARTESIAN_POINT('',(194.18530854345,-1.316291849423,
    14.24152592894));
#3421 = CARTESIAN_POINT('',(194.25139653401,-1.560970684344,
    14.217899863339));
#3422 = CARTESIAN_POINT('',(194.33033606503,-1.797615311491,
    14.19004009925));
#3423 = CARTESIAN_POINT('',(194.42089159789,-2.025302349662,
    14.15865860154));
#3424 = CARTESIAN_POINT('',(194.52169814151,-2.243241159139,
    14.124526291002));
#3425 = CARTESIAN_POINT('',(194.7253398411,-2.629029666791,
    14.057415804378));
#3426 = CARTESIAN_POINT('',(194.82601476508,-2.799860389153,
    14.024910297682));
#3427 = CARTESIAN_POINT('',(194.93259352651,-2.963272992621,
    13.991314805693));
#3428 = CARTESIAN_POINT('',(195.04446129478,-3.11930453809,
    13.957006618941));
#3429 = CARTESIAN_POINT('',(195.1610652698,-3.268022443873,
    13.922329496002));
#3430 = CARTESIAN_POINT('',(195.46434097797,-3.623126925273,
    13.835148281829));
#3431 = CARTESIAN_POINT('',(195.65652268316,-3.820380357835,
    13.782540478805));
#3432 = CARTESIAN_POINT('',(195.85691452176,-4.001735930455,
    13.73078541865));
#3433 = CARTESIAN_POINT('',(196.06430425693,-4.167674591664,
    13.680722027887));
#3434 = CARTESIAN_POINT('',(196.27774624003,-4.318650592662,
    13.633042858071));
#3435 = CARTESIAN_POINT('',(196.64891136435,-4.550063795517,
    13.557172284002));
#3436 = CARTESIAN_POINT('',(196.80389065906,-4.638000456805,
    13.527458415278));
#3437 = CARTESIAN_POINT('',(196.96114629032,-4.7189519244,13.49938944349
    ));
#3438 = CARTESIAN_POINT('',(197.12041923642,-4.793009249363,
    13.473142676274));
#3439 = CARTESIAN_POINT('',(197.28147901317,-4.860249408699,
    13.448870796028));
#3440 = CARTESIAN_POINT('',(197.74465526152,-5.032501573186,
    13.385742314243));
#3441 = CARTESIAN_POINT('',(198.05063907779,-5.121222853978,
    13.351960571716));
#3442 = CARTESIAN_POINT('',(198.36053226039,-5.187182631717,
    13.326216098511));
#3443 = CARTESIAN_POINT('',(198.67296645308,-5.230577756094,
    13.309075176779));
#3444 = CARTESIAN_POINT('',(198.98666530392,-5.251502872767,
    13.300816532106));
#3445 = CARTESIAN_POINT('',(199.61088684158,-5.24838173901,
    13.30204841022));
#3446 = CARTESIAN_POINT('',(199.92126420463,-5.224788852587,
    13.311360014094));
#3447 = CARTESIAN_POINT('',(200.23027049701,-5.179171910474,
    13.329350659495));
#3448 = CARTESIAN_POINT('',(200.53666808992,-5.111431526453,
    13.355729643391));
#3449 = CARTESIAN_POINT('',(200.83912634494,-5.021368708291,
    13.389930765019));
#3450 = CARTESIAN_POINT('',(201.21126970794,-4.880202609276,
    13.441523095244));
#3451 = CARTESIAN_POINT('',(201.28605493246,-4.850255788395,
    13.45238557597));
#3452 = CARTESIAN_POINT('',(201.36047583095,-4.818854612786,
    13.463681950019));
#3453 = CARTESIAN_POINT('',(201.43450955119,-4.78599249259,
    13.475397924814));
#3454 = CARTESIAN_POINT('',(201.50813266212,-4.751662005202,
    13.487518185074));
#3455 = CARTESIAN_POINT('',(201.66576444694,-4.674541429051,
    13.514458091411));
#3456 = CARTESIAN_POINT('',(201.74962895024,-4.631262277183,
    13.529406195574));
#3457 = CARTESIAN_POINT('',(201.83287795918,-4.586004732598,
    13.544845657137));
#3458 = CARTESIAN_POINT('',(201.91547289873,-4.538754403397,
    13.560749518452));
#3459 = CARTESIAN_POINT('',(201.99737332344,-4.489495212851,
    13.577088912392));
#3460 = CARTESIAN_POINT('',(202.1773622628,-4.375763443226,
    13.614220853519));
#3461 = CARTESIAN_POINT('',(202.27509434762,-4.310313144259,
    13.635208513296));
#3462 = CARTESIAN_POINT('',(202.37165753137,-4.241826082614,
    13.656740731933));
#3463 = CARTESIAN_POINT('',(202.46696875563,-4.170266438081,
    13.678757190946));
#3464 = CARTESIAN_POINT('',(202.56093754402,-4.09559499013,
    13.701192563115));
#3465 = CARTESIAN_POINT('',(202.76344373982,-3.925266621692,
    13.751057123725));
#3466 = CARTESIAN_POINT('',(202.87138384202,-3.828309924523,
    13.77862942275));
#3467 = CARTESIAN_POINT('',(202.97712393208,-3.726824718513,
    13.806575682189));
#3468 = CARTESIAN_POINT('',(203.08047548464,-3.620736925673,
    13.834765026648));
#3469 = CARTESIAN_POINT('',(203.18122380447,-3.509972732512,
    13.863052754874));
#3470 = CARTESIAN_POINT('',(203.39669233467,-3.255748145108,
    13.925174810171));
#3471 = CARTESIAN_POINT('',(203.51018275505,-3.110156653669,
    13.95899002805));
#3472 = CARTESIAN_POINT('',(203.61913830039,-2.957596260044,
    13.992438573551));
#3473 = CARTESIAN_POINT('',(203.72304297975,-2.798005630831,
    14.025199921091));
#3474 = CARTESIAN_POINT('',(203.8213246932,-2.631351132367,
    14.056923187195));
#3475 = CARTESIAN_POINT('',(204.09815784811,-2.108775719972,
    14.148090570783));
#3476 = CARTESIAN_POINT('',(204.25991320311,-1.727335204133,
    14.203953185244));
#3477 = CARTESIAN_POINT('',(204.38896754861,-1.318499272181,
    14.250381811843));
#3478 = CARTESIAN_POINT('',(204.4784758279,-0.889061437004,
    14.283245933887));
#3479 = CARTESIAN_POINT('',(204.52411231916,-0.44683064964,14.3));
#3480 = CARTESIAN_POINT('',(204.52411231916,0.,14.3));
#3481 = PCURVE('',#2889,#3482);
#3482 = DEFINITIONAL_REPRESENTATION('',(#3483),#3611);
#3483 = B_SPLINE_CURVE_WITH_KNOTS('',6,(#3484,#3485,#3486,#3487,#3488,
    #3489,#3490,#3491,#3492,#3493,#3494,#3495,#3496,#3497,#3498,#3499,
    #3500,#3501,#3502,#3503,#3504,#3505,#3506,#3507,#3508,#3509,#3510,
    #3511,#3512,#3513,#3514,#3515,#3516,#3517,#3518,#3519,#3520,#3521,
    #3522,#3523,#3524,#3525,#3526,#3527,#3528,#3529,#3530,#3531,#3532,
    #3533,#3534,#3535,#3536,#3537,#3538,#3539,#3540,#3541,#3542,#3543,
    #3544,#3545,#3546,#3547,#3548,#3549,#3550,#3551,#3552,#3553,#3554,
    #3555,#3556,#3557,#3558,#3559,#3560,#3561,#3562,#3563,#3564,#3565,
    #3566,#3567,#3568,#3569,#3570,#3571,#3572,#3573,#3574,#3575,#3576,
    #3577,#3578,#3579,#3580,#3581,#3582,#3583,#3584,#3585,#3586,#3587,
    #3588,#3589,#3590,#3591,#3592,#3593,#3594,#3595,#3596,#3597,#3598,
    #3599,#3600,#3601,#3602,#3603,#3604,#3605,#3606,#3607,#3608,#3609,
    #3610),.UNSPECIFIED.,.T.,.F.,(7,5,5,5,5,5,5,5,5,5,5,5,5,5,5,5,5,5,5,
    5,5,5,5,5,5,7),(0.,3.940364507592E-02,9.815622384049E-02,
    0.124826716336,0.148101177355,0.167135542766,0.183598970901,
    0.249192239707,0.314589681244,0.351795265388,0.402304597186,
    0.433909314043,0.473274673616,0.526815528768,0.565964436738,
    0.599589995238,0.650349793632,0.68571694042,0.751067807777,
    0.815757811341,0.832120507026,0.850999430144,0.873986535665,
    0.901308614825,0.934117236835,1.),.UNSPECIFIED.);
#3484 = CARTESIAN_POINT('',(1.570796326795,148.52411231916));
#3485 = CARTESIAN_POINT('',(1.552202690491,148.52411231916));
#3486 = CARTESIAN_POINT('',(1.533641906338,148.50795297795));
#3487 = CARTESIAN_POINT('',(1.515261087378,148.47574161257));
#3488 = CARTESIAN_POINT('',(1.497205799528,148.42813043293));
#3489 = CARTESIAN_POINT('',(1.479618286527,148.36630859786));
#3490 = CARTESIAN_POINT('',(1.437308881176,148.18126647923));
#3491 = CARTESIAN_POINT('',(1.413342577027,148.04288306136));
#3492 = CARTESIAN_POINT('',(1.390814802706,147.88115243534));
#3493 = CARTESIAN_POINT('',(1.369780742785,147.69992637083));
#3494 = CARTESIAN_POINT('',(1.350274959133,147.50274992483));
#3495 = CARTESIAN_POINT('',(1.324156458503,147.19768697738));
#3496 = CARTESIAN_POINT('',(1.316308596765,147.09970855772));
#3497 = CARTESIAN_POINT('',(1.308764447957,146.99922402025));
#3498 = CARTESIAN_POINT('',(1.301520972108,146.89643566696));
#3499 = CARTESIAN_POINT('',(1.294575141511,146.79152148636));
#3500 = CARTESIAN_POINT('',(1.282119656701,146.59135896857));
#3501 = CARTESIAN_POINT('',(1.276539851802,146.49658299762));
#3502 = CARTESIAN_POINT('',(1.271182634082,146.40041053483));
#3503 = CARTESIAN_POINT('',(1.266046345757,146.30293684447));
#3504 = CARTESIAN_POINT('',(1.261129563208,146.20424916076));
#3505 = CARTESIAN_POINT('',(1.2525885881,146.0227896772));
#3506 = CARTESIAN_POINT('',(1.248892107049,145.94039430492));
#3507 = CARTESIAN_POINT('',(1.245341016503,145.85728434164));
#3508 = CARTESIAN_POINT('',(1.241934782203,145.77350156854));
#3509 = CARTESIAN_POINT('',(1.238672972955,145.68908577741));
#3510 = CARTESIAN_POINT('',(1.232858652069,145.53054604679));
#3511 = CARTESIAN_POINT('',(1.230269842304,145.45657221488));
#3512 = CARTESIAN_POINT('',(1.227788619835,145.38217785445));
#3513 = CARTESIAN_POINT('',(1.22541481661,145.30738693364));
#3514 = CARTESIAN_POINT('',(1.223148308036,145.23222280929));
#3515 = CARTESIAN_POINT('',(1.212385991753,144.85584450292));
#3516 = CARTESIAN_POINT('',(1.205481845438,144.5493158501));
#3517 = CARTESIAN_POINT('',(1.200277381908,144.23869493416));
#3518 = CARTESIAN_POINT('',(1.196773790264,143.92536991407));
#3519 = CARTESIAN_POINT('',(1.194972479988,143.61062956379));
#3520 = CARTESIAN_POINT('',(1.194777651469,142.98180729513));
#3521 = CARTESIAN_POINT('',(1.196374022923,142.66787801607));
#3522 = CARTESIAN_POINT('',(1.199662783049,142.35522952152));
#3523 = CARTESIAN_POINT('',(1.204642543392,142.0451408069));
#3524 = CARTESIAN_POINT('',(1.211311938567,141.73898374608));
#3525 = CARTESIAN_POINT('',(1.224424691229,141.26724583058));
#3526 = CARTESIAN_POINT('',(1.229726402425,141.09794777678));
#3527 = CARTESIAN_POINT('',(1.235576392585,140.93064542843));
#3528 = CARTESIAN_POINT('',(1.241976743795,140.76560792492));
#3529 = CARTESIAN_POINT('',(1.248930362079,140.60314023346));
#3530 = CARTESIAN_POINT('',(1.266637698678,140.22697340776));
#3531 = CARTESIAN_POINT('',(1.277860210774,140.0157486332));
#3532 = CARTESIAN_POINT('',(1.290123185008,139.81066152977));
#3533 = CARTESIAN_POINT('',(1.303445497065,139.61266868157));
#3534 = CARTESIAN_POINT('',(1.31784783532,139.42299519369));
#3535 = CARTESIAN_POINT('',(1.343050173919,139.1306968529));
#3536 = CARTESIAN_POINT('',(1.353183303364,139.02203398947));
#3537 = CARTESIAN_POINT('',(1.363751945775,138.91762964069));
#3538 = CARTESIAN_POINT('',(1.374757224964,138.81795002718));
#3539 = CARTESIAN_POINT('',(1.386199134683,138.72350930054));
#3540 = CARTESIAN_POINT('',(1.412870947387,138.52446612792));
#3541 = CARTESIAN_POINT('',(1.428365818701,138.42287927633));
#3542 = CARTESIAN_POINT('',(1.44451227834,138.33163766653));
#3543 = CARTESIAN_POINT('',(1.461254961457,138.25212520225));
#3544 = CARTESIAN_POINT('',(1.478532449276,138.1855966891));
#3545 = CARTESIAN_POINT('',(1.520412549531,138.06191767263));
#3546 = CARTESIAN_POINT('',(1.545390337072,138.01683577611));
#3547 = CARTESIAN_POINT('',(1.570796326795,138.00143589146));
#3548 = CARTESIAN_POINT('',(1.596202316518,138.01683577611));
#3549 = CARTESIAN_POINT('',(1.621180104059,138.06191767263));
#3550 = CARTESIAN_POINT('',(1.662962632641,138.18530854345));
#3551 = CARTESIAN_POINT('',(1.68014853876,138.25139653401));
#3552 = CARTESIAN_POINT('',(1.696806184466,138.33033606503));
#3553 = CARTESIAN_POINT('',(1.71287457853,138.42089159789));
#3554 = CARTESIAN_POINT('',(1.728298653988,138.52169814151));
#3555 = CARTESIAN_POINT('',(1.755682022001,138.7253398411));
#3556 = CARTESIAN_POINT('',(1.767841049188,138.82601476508));
#3557 = CARTESIAN_POINT('',(1.779505709963,138.93259352651));
#3558 = CARTESIAN_POINT('',(1.790676262179,139.04446129478));
#3559 = CARTESIAN_POINT('',(1.801354367044,139.1610652698));
#3560 = CARTESIAN_POINT('',(1.82692428127,139.46434097797));
#3561 = CARTESIAN_POINT('',(1.841197577104,139.65652268316));
#3562 = CARTESIAN_POINT('',(1.854383454668,139.85691452176));
#3563 = CARTESIAN_POINT('',(1.866502605765,140.06430425693));
#3564 = CARTESIAN_POINT('',(1.877573661964,140.27774624003));
#3565 = CARTESIAN_POINT('',(1.894603954947,140.64891136435));
#3566 = CARTESIAN_POINT('',(1.901094682158,140.80389065906));
#3567 = CARTESIAN_POINT('',(1.907086019127,140.96114629032));
#3568 = CARTESIAN_POINT('',(1.912580339196,141.12041923642));
#3569 = CARTESIAN_POINT('',(1.917579355824,141.28147901317));
#3570 = CARTESIAN_POINT('',(1.930408429474,141.74465526152));
#3571 = CARTESIAN_POINT('',(1.937046767256,142.05063907779));
#3572 = CARTESIAN_POINT('',(1.941998075858,142.36053226039));
#3573 = CARTESIAN_POINT('',(1.945260971498,142.67296645308));
#3574 = CARTESIAN_POINT('',(1.946834070994,142.98666530392));
#3575 = CARTESIAN_POINT('',(1.946599424611,143.61088684158));
#3576 = CARTESIAN_POINT('',(1.944825759687,143.92126420463));
#3577 = CARTESIAN_POINT('',(1.941396533285,144.23027049701));
#3578 = CARTESIAN_POINT('',(1.936313104942,144.53666808992));
#3579 = CARTESIAN_POINT('',(1.929576666218,144.83912634494));
#3580 = CARTESIAN_POINT('',(1.919066282313,145.21126970794));
#3581 = CARTESIAN_POINT('',(1.91683859504,145.28605493246));
#3582 = CARTESIAN_POINT('',(1.91450495285,145.36047583095));
#3583 = CARTESIAN_POINT('',(1.912065239106,145.43450955119));
#3584 = CARTESIAN_POINT('',(1.909519295529,145.50813266212));
#3585 = CARTESIAN_POINT('',(1.903806671427,145.66576444694));
#3586 = CARTESIAN_POINT('',(1.900604739254,145.74962895024));
#3587 = CARTESIAN_POINT('',(1.897260817594,145.83287795918));
#3588 = CARTESIAN_POINT('',(1.893774499578,145.91547289873));
#3589 = CARTESIAN_POINT('',(1.890145279562,145.99737332344));
#3590 = CARTESIAN_POINT('',(1.881778855676,146.1773622628));
#3591 = CARTESIAN_POINT('',(1.876972414097,146.27509434762));
#3592 = CARTESIAN_POINT('',(1.871952116107,146.37165753137));
#3593 = CARTESIAN_POINT('',(1.86671662391,146.46696875563));
#3594 = CARTESIAN_POINT('',(1.861264374189,146.56093754402));
#3595 = CARTESIAN_POINT('',(1.848853367198,146.76344373982));
#3596 = CARTESIAN_POINT('',(1.841804560557,146.87138384202));
#3597 = CARTESIAN_POINT('',(1.834443930798,146.97712393208));
#3598 = CARTESIAN_POINT('',(1.826768278515,147.08047548464));
#3599 = CARTESIAN_POINT('',(1.818774352133,147.18122380447));
#3600 = CARTESIAN_POINT('',(1.800473332098,147.39669233467));
#3601 = CARTESIAN_POINT('',(1.790021787143,147.51018275505));
#3602 = CARTESIAN_POINT('',(1.779101128704,147.61913830039));
#3603 = CARTESIAN_POINT('',(1.767709885343,147.72304297975));
#3604 = CARTESIAN_POINT('',(1.755847865751,147.8213246932));
#3605 = CARTESIAN_POINT('',(1.718752184644,148.09815784811));
#3606 = CARTESIAN_POINT('',(1.691803493521,148.25991320311));
#3607 = CARTESIAN_POINT('',(1.663053806395,148.38896754861));
#3608 = CARTESIAN_POINT('',(1.632968499278,148.4784758279));
#3609 = CARTESIAN_POINT('',(1.602043225371,148.52411231916));
#3610 = CARTESIAN_POINT('',(1.570796326795,148.52411231916));
#3611 = ( GEOMETRIC_REPRESENTATION_CONTEXT(2) 
PARAMETRIC_REPRESENTATION_CONTEXT() REPRESENTATION_CONTEXT('2D SPACE',''
  ) );
#3612 = PCURVE('',#1267,#3613);
#3613 = DEFINITIONAL_REPRESENTATION('',(#3614),#3742);
#3614 = B_SPLINE_CURVE_WITH_KNOTS('',6,(#3615,#3616,#3617,#3618,#3619,
    #3620,#3621,#3622,#3623,#3624,#3625,#3626,#3627,#3628,#3629,#3630,
    #3631,#3632,#3633,#3634,#3635,#3636,#3637,#3638,#3639,#3640,#3641,
    #3642,#3643,#3644,#3645,#3646,#3647,#3648,#3649,#3650,#3651,#3652,
    #3653,#3654,#3655,#3656,#3657,#3658,#3659,#3660,#3661,#3662,#3663,
    #3664,#3665,#3666,#3667,#3668,#3669,#3670,#3671,#3672,#3673,#3674,
    #3675,#3676,#3677,#3678,#3679,#3680,#3681,#3682,#3683,#3684,#3685,
    #3686,#3687,#3688,#3689,#3690,#3691,#3692,#3693,#3694,#3695,#3696,
    #3697,#3698,#3699,#3700,#3701,#3702,#3703,#3704,#3705,#3706,#3707,
    #3708,#3709,#3710,#3711,#3712,#3713,#3714,#3715,#3716,#3717,#3718,
    #3719,#3720,#3721,#3722,#3723,#3724,#3725,#3726,#3727,#3728,#3729,
    #3730,#3731,#3732,#3733,#3734,#3735,#3736,#3737,#3738,#3739,#3740,
    #3741),.UNSPECIFIED.,.F.,.F.,(7,5,5,5,5,5,5,5,5,5,5,5,5,5,5,5,5,5,5,
    5,5,5,5,5,5,7),(0.,3.940364507592E-02,9.815622384049E-02,
    0.124826716336,0.148101177355,0.167135542766,0.183598970901,
    0.249192239707,0.314589681244,0.351795265388,0.402304597186,
    0.433909314043,0.473274673616,0.526815528768,0.565964436738,
    0.599589995238,0.650349793632,0.68571694042,0.751067807777,
    0.815757811341,0.832120507026,0.850999430144,0.873986535665,
    0.901308614825,0.934117236835,1.),.UNSPECIFIED.);
#3615 = CARTESIAN_POINT('',(0.,8.3));
#3616 = CARTESIAN_POINT('',(5.064552364579E-02,8.3));
#3617 = CARTESIAN_POINT('',(0.101201550938,8.294067398284));
#3618 = CARTESIAN_POINT('',(0.151469779864,8.282241437051));
#3619 = CARTESIAN_POINT('',(0.201252101175,8.264880574264));
#3620 = CARTESIAN_POINT('',(0.250331597714,8.242651875178));
#3621 = CARTESIAN_POINT('',(0.370199911035,8.177338350802));
#3622 = CARTESIAN_POINT('',(0.439763444734,8.129400045703));
#3623 = CARTESIAN_POINT('',(0.507327287326,8.074987693814));
#3624 = CARTESIAN_POINT('',(0.573007029878,8.016461617463));
#3625 = CARTESIAN_POINT('',(0.636883492973,7.955949815171));
#3626 = CARTESIAN_POINT('',(0.727189473941,7.867718817622));
#3627 = CARTESIAN_POINT('',(0.755058778648,7.840099283221));
#3628 = CARTESIAN_POINT('',(0.782624145909,7.812556307544));
#3629 = CARTESIAN_POINT('',(0.809906883183,7.785226064797));
#3630 = CARTESIAN_POINT('',(0.836927830059,7.758231983693));
#3631 = CARTESIAN_POINT('',(0.887076971143,7.708517848097));
#3632 = CARTESIAN_POINT('',(0.910262453563,7.685691900685));
#3633 = CARTESIAN_POINT('',(0.933277120704,7.66328091165));
#3634 = CARTESIAN_POINT('',(0.956133612709,7.641353553443));
#3635 = CARTESIAN_POINT('',(0.978843894675,7.619973164523));
#3636 = CARTESIAN_POINT('',(1.019881883512,7.58220715853));
#3637 = CARTESIAN_POINT('',(1.038254223137,7.565621347985));
#3638 = CARTESIAN_POINT('',(1.056542417247,7.549472194486));
#3639 = CARTESIAN_POINT('',(1.074752302093,7.533789591009));
#3640 = CARTESIAN_POINT('',(1.092889408456,7.518601446746));
#3641 = CARTESIAN_POINT('',(1.126587893011,7.491247075199));
#3642 = CARTESIAN_POINT('',(1.142166280384,7.478949792907));
#3643 = CARTESIAN_POINT('',(1.157697499408,7.467058647432));
#3644 = CARTESIAN_POINT('',(1.173184775514,7.455589396993));
#3645 = CARTESIAN_POINT('',(1.188631183928,7.444556750827));
#3646 = CARTESIAN_POINT('',(1.265429757908,7.391812250958));
#3647 = CARTESIAN_POINT('',(1.326238613852,7.356783141849));
#3648 = CARTESIAN_POINT('',(1.386622963279,7.329779178752));
#3649 = CARTESIAN_POINT('',(1.446728499709,7.311396345067));
#3650 = CARTESIAN_POINT('',(1.506697283011,7.301939481414));
#3651 = CARTESIAN_POINT('',(1.626473970376,7.300916640377));
#3652 = CARTESIAN_POINT('',(1.686252793428,7.309297568397));
#3653 = CARTESIAN_POINT('',(1.746155067116,7.326572405844));
#3654 = CARTESIAN_POINT('',(1.80632043383,7.352459467116));
#3655 = CARTESIAN_POINT('',(1.866891913121,7.386388703197));
#3656 = CARTESIAN_POINT('',(1.962801510955,7.45088467385));
#3657 = CARTESIAN_POINT('',(1.99776341208,7.476597236182));
#3658 = CARTESIAN_POINT('',(2.032947832483,7.504484064584));
#3659 = CARTESIAN_POINT('',(2.068392453093,7.534365717043));
#3660 = CARTESIAN_POINT('',(2.104136206332,7.566032449745));
#3661 = CARTESIAN_POINT('',(2.189210896192,7.644327329352));
#3662 = CARTESIAN_POINT('',(2.238825401228,7.692252059798));
#3663 = CARTESIAN_POINT('',(2.289195794838,7.742432418841));
#3664 = CARTESIAN_POINT('',(2.34045278982,7.794170969572));
#3665 = CARTESIAN_POINT('',(2.392733194173,7.846623974054));
#3666 = CARTESIAN_POINT('',(2.479631978233,7.931396181585));
#3667 = CARTESIAN_POINT('',(2.513545507823,7.963911305218));
#3668 = CARTESIAN_POINT('',(2.547953494233,7.996053847806));
#3669 = CARTESIAN_POINT('',(2.582883177945,8.027534957087));
#3670 = CARTESIAN_POINT('',(2.618364203976,8.058039802708));
#3671 = CARTESIAN_POINT('',(2.699354156386,8.123589195716));
#3672 = CARTESIAN_POINT('',(2.74526100184,8.157969874405));
#3673 = CARTESIAN_POINT('',(2.792068095242,8.189580798501));
#3674 = CARTESIAN_POINT('',(2.839716683522,8.217639383856));
#3675 = CARTESIAN_POINT('',(2.888166430982,8.241422050887));
#3676 = CARTESIAN_POINT('',(3.004336962555,8.286009000252));
#3677 = CARTESIAN_POINT('',(3.072653215289,8.302633161385));
#3678 = CARTESIAN_POINT('',(3.14159265359,8.30841345534));
#3679 = CARTESIAN_POINT('',(3.21053209189,8.302633161385));
#3680 = CARTESIAN_POINT('',(3.278848344625,8.286009000252));
#3681 = CARTESIAN_POINT('',(3.394748223714,8.24152592894));
#3682 = CARTESIAN_POINT('',(3.442938178567,8.217899863339));
#3683 = CARTESIAN_POINT('',(3.49033690019,8.19004009925));
#3684 = CARTESIAN_POINT('',(3.536903316509,8.15865860154));
#3685 = CARTESIAN_POINT('',(3.582578174794,8.124526291002));
#3686 = CARTESIAN_POINT('',(3.665670935449,8.057415804378));
#3687 = CARTESIAN_POINT('',(3.703398876235,8.024910297682));
#3688 = CARTESIAN_POINT('',(3.740503963496,7.991314805693));
#3689 = CARTESIAN_POINT('',(3.777022270839,7.957006618941));
#3690 = CARTESIAN_POINT('',(3.812986883144,7.922329496002));
#3691 = CARTESIAN_POINT('',(3.901936479893,7.835148281829));
#3692 = CARTESIAN_POINT('',(3.95428034876,7.782540478805));
#3693 = CARTESIAN_POINT('',(4.005612155457,7.73078541865));
#3694 = CARTESIAN_POINT('',(4.056069365849,7.680722027887));
#3695 = CARTESIAN_POINT('',(4.105783327816,7.633042858071));
#3696 = CARTESIAN_POINT('',(4.189096929827,7.557172284002));
#3697 = CARTESIAN_POINT('',(4.223008689413,7.527458415278));
#3698 = CARTESIAN_POINT('',(4.256656495571,7.49938944349));
#3699 = CARTESIAN_POINT('',(4.290073504013,7.473142676274));
#3700 = CARTESIAN_POINT('',(4.323291865839,7.448870796028));
#3701 = CARTESIAN_POINT('',(4.417419303014,7.385742314243));
#3702 = CARTESIAN_POINT('',(4.477937282871,7.351960571716));
#3703 = CARTESIAN_POINT('',(4.538051680276,7.326216098511));
#3704 = CARTESIAN_POINT('',(4.59790500806,7.309075176779));
#3705 = CARTESIAN_POINT('',(4.657636441886,7.300816532106));
#3706 = CARTESIAN_POINT('',(4.77653726865,7.30204841022));
#3707 = CARTESIAN_POINT('',(4.835678442933,7.311360014094));
#3708 = CARTESIAN_POINT('',(4.894952090526,7.329350659495));
#3709 = CARTESIAN_POINT('',(4.95449430227,7.355729643391));
#3710 = CARTESIAN_POINT('',(5.014444564167,7.389930765019));
#3711 = CARTESIAN_POINT('',(5.090257569625,7.441523095244));
#3712 = CARTESIAN_POINT('',(5.105599442994,7.45238557597));
#3713 = CARTESIAN_POINT('',(5.120981121814,7.463681950019));
#3714 = CARTESIAN_POINT('',(5.136405604268,7.475397924814));
#3715 = CARTESIAN_POINT('',(5.15187603391,7.487518185074));
#3716 = CARTESIAN_POINT('',(5.185301953138,7.514458091411));
#3717 = CARTESIAN_POINT('',(5.203273741539,7.529406195574));
#3718 = CARTESIAN_POINT('',(5.221316124156,7.544845657137));
#3719 = CARTESIAN_POINT('',(5.239434454563,7.560749518452));
#3720 = CARTESIAN_POINT('',(5.257634380619,7.577088912392));
#3721 = CARTESIAN_POINT('',(5.298188785148,7.614220853519));
#3722 = CARTESIAN_POINT('',(5.320585441561,7.635208513296));
#3723 = CARTESIAN_POINT('',(5.343122595228,7.656740731933));
#3724 = CARTESIAN_POINT('',(5.365811675183,7.678757190946));
#3725 = CARTESIAN_POINT('',(5.388664757976,7.701192563115));
#3726 = CARTESIAN_POINT('',(5.439067404285,7.751057123725));
#3727 = CARTESIAN_POINT('',(5.466689326611,7.77862942275));
#3728 = CARTESIAN_POINT('',(5.494582717513,7.806575682189));
#3729 = CARTESIAN_POINT('',(5.522769414077,7.834765026648));
#3730 = CARTESIAN_POINT('',(5.551271852585,7.863052754874));
#3731 = CARTESIAN_POINT('',(5.614748404822,7.925174810171));
#3732 = CARTESIAN_POINT('',(5.649880707731,7.95899002805));
#3733 = CARTESIAN_POINT('',(5.685542011639,7.992438573551));
#3734 = CARTESIAN_POINT('',(5.721763030658,8.025199921091));
#3735 = CARTESIAN_POINT('',(5.758577216456,8.056923187195));
#3736 = CARTESIAN_POINT('',(5.87121963341,8.148090570783));
#3737 = CARTESIAN_POINT('',(5.949845576399,8.203953185244));
#3738 = CARTESIAN_POINT('',(6.030932461653,8.250381811843));
#3739 = CARTESIAN_POINT('',(6.113840350711,8.283245933887));
#3740 = CARTESIAN_POINT('',(6.198074707248,8.3));
#3741 = CARTESIAN_POINT('',(6.28318530718,8.3));
#3742 = ( GEOMETRIC_REPRESENTATION_CONTEXT(2) 
PARAMETRIC_REPRESENTATION_CONTEXT() REPRESENTATION_CONTEXT('2D SPACE',''
  ) );
#3743 = FACE_BOUND('',#3744,.T.);
#3744 = EDGE_LOOP('',(#3745));
#3745 = ORIENTED_EDGE('',*,*,#3746,.F.);
#3746 = EDGE_CURVE('',#3747,#3747,#3749,.T.);
#3747 = VERTEX_POINT('',#3748);
#3748 = CARTESIAN_POINT('',(243.90751794717,-1.224646799147E-15,14.3));
#3749 = SURFACE_CURVE('',#3750,(#3868,#3989),.PCURVE_S1.);
#3750 = B_SPLINE_CURVE_WITH_KNOTS('',6,(#3751,#3752,#3753,#3754,#3755,
    #3756,#3757,#3758,#3759,#3760,#3761,#3762,#3763,#3764,#3765,#3766,
    #3767,#3768,#3769,#3770,#3771,#3772,#3773,#3774,#3775,#3776,#3777,
    #3778,#3779,#3780,#3781,#3782,#3783,#3784,#3785,#3786,#3787,#3788,
    #3789,#3790,#3791,#3792,#3793,#3794,#3795,#3796,#3797,#3798,#3799,
    #3800,#3801,#3802,#3803,#3804,#3805,#3806,#3807,#3808,#3809,#3810,
    #3811,#3812,#3813,#3814,#3815,#3816,#3817,#3818,#3819,#3820,#3821,
    #3822,#3823,#3824,#3825,#3826,#3827,#3828,#3829,#3830,#3831,#3832,
    #3833,#3834,#3835,#3836,#3837,#3838,#3839,#3840,#3841,#3842,#3843,
    #3844,#3845,#3846,#3847,#3848,#3849,#3850,#3851,#3852,#3853,#3854,
    #3855,#3856,#3857,#3858,#3859,#3860,#3861,#3862,#3863,#3864,#3865,
    #3866,#3867),.UNSPECIFIED.,.T.,.F.,(7,5,5,5,5,5,5,5,5,5,5,5,5,5,5,5,
    5,5,5,5,5,5,5,7),(0.,4.161753580754E-02,9.944343878833E-02,
    0.128118887169,0.152178305832,0.172992023634,0.249221412748,
    0.310862497329,0.347796254058,0.399873300278,0.433866036276,
    0.473241107998,0.526859675805,0.566018436214,0.59961168872,
    0.652343524431,0.689464366264,0.750130652025,0.827272648775,
    0.847966629161,0.871813236305,0.900049674226,0.934045161458,1.),
  .UNSPECIFIED.);
#3751 = CARTESIAN_POINT('',(243.90751794717,0.,14.3));
#3752 = CARTESIAN_POINT('',(243.90751794717,0.266946804252,14.3));
#3753 = CARTESIAN_POINT('',(243.8904153579,0.533347286191,
    14.294020107404));
#3754 = CARTESIAN_POINT('',(243.85634174179,0.796731812027,
    14.282106097578));
#3755 = CARTESIAN_POINT('',(243.8060429781,1.05466042523,14.264654160962
    ));
#3756 = CARTESIAN_POINT('',(243.74086915634,1.304814441653,
    14.242396958407));
#3757 = CARTESIAN_POINT('',(243.55432729007,1.878931272482,
    14.179999546561));
#3758 = CARTESIAN_POINT('',(243.42094983715,2.193726433276,
    14.136267317287));
#3759 = CARTESIAN_POINT('',(243.26648908636,2.488359606463,
    14.087135398214));
#3760 = CARTESIAN_POINT('',(243.09438184198,2.762229765139,
    14.034625457233));
#3761 = CARTESIAN_POINT('',(242.90778010207,3.015130694856,
    13.980549124575));
#3762 = CARTESIAN_POINT('',(242.61134205835,3.362228978504,
    13.899617830464));
#3763 = CARTESIAN_POINT('',(242.51010042098,3.472311024824,
    13.872747663151));
#3764 = CARTESIAN_POINT('',(242.40615266892,3.577489337163,
    13.846002888207));
#3765 = CARTESIAN_POINT('',(242.2997349456,3.677842766292,
    13.819534056702));
#3766 = CARTESIAN_POINT('',(242.1910541375,3.77345063474,13.793476440617
    ));
#3767 = CARTESIAN_POINT('',(241.9873523047,3.940695300648,
    13.746534156387));
#3768 = CARTESIAN_POINT('',(241.89295070865,4.013711837536,
    13.72549253074));
#3769 = CARTESIAN_POINT('',(241.79718924597,4.083487684943,
    13.704897443126));
#3770 = CARTESIAN_POINT('',(241.70016584815,4.150064594557,
    13.684814903369));
#3771 = CARTESIAN_POINT('',(241.60197027097,4.21348065876,
    13.665305415142));
#3772 = CARTESIAN_POINT('',(241.41679197508,4.325926674758,
    13.630089709873));
#3773 = CARTESIAN_POINT('',(241.33008440325,4.375743047077,
    13.614225643307));
#3774 = CARTESIAN_POINT('',(241.24261470014,4.42324146391,
    13.598867547703));
#3775 = CARTESIAN_POINT('',(241.1544336928,4.468441740717,
    13.584048611323));
#3776 = CARTESIAN_POINT('',(241.06558971422,4.511361472094,
    13.569799439257));
#3777 = CARTESIAN_POINT('',(240.64848094784,4.700911691788,
    13.506150411859));
#3778 = CARTESIAN_POINT('',(240.31239250045,4.819498853499,
    13.464146699491));
#3779 = CARTESIAN_POINT('',(239.97033007779,4.908381123864,
    13.431562887353));
#3780 = CARTESIAN_POINT('',(239.62436330115,4.967984722773,
    13.409336230308));
#3781 = CARTESIAN_POINT('',(239.27635035258,4.998522431306,
    13.397939238932));
#3782 = CARTESIAN_POINT('',(238.64653854595,5.00111800653,
    13.396970561251));
#3783 = CARTESIAN_POINT('',(238.36494788875,4.983248373708,
    13.403639503921));
#3784 = CARTESIAN_POINT('',(238.08434902794,4.946362980746,
    13.417413234078));
#3785 = CARTESIAN_POINT('',(237.80574641236,4.890382190586,
    13.43809964485));
#3786 = CARTESIAN_POINT('',(237.53021116194,4.815141681831,
    13.465306675801));
#3787 = CARTESIAN_POINT('',(237.09640217123,4.663635998122,
    13.51828819369));
#3788 = CARTESIAN_POINT('',(236.93538984769,4.599868170657,
    13.540266322032));
#3789 = CARTESIAN_POINT('',(236.77612109535,4.529030954881,
    13.564248447085));
#3790 = CARTESIAN_POINT('',(236.61884403286,4.451041930214,
    13.590086440346));
#3791 = CARTESIAN_POINT('',(236.46383771182,4.365802987893,
    13.617605533329));
#3792 = CARTESIAN_POINT('',(236.0964909494,4.14262808219,13.687488930547
    ));
#3793 = CARTESIAN_POINT('',(235.88672563598,3.99742969859,
    13.731308922541));
#3794 = CARTESIAN_POINT('',(235.68288638799,3.837228913737,
    13.777511915722));
#3795 = CARTESIAN_POINT('',(235.48594778106,3.661567150529,
    13.825432642441));
#3796 = CARTESIAN_POINT('',(235.29715766531,3.469960244315,
    13.874257336169));
#3797 = CARTESIAN_POINT('',(235.0012315303,3.12618301535,13.954799383601
    ));
#3798 = CARTESIAN_POINT('',(234.88847098293,2.983382877808,
    13.986579343246));
#3799 = CARTESIAN_POINT('',(234.78031183086,2.833467394104,
    14.018042329229));
#3800 = CARTESIAN_POINT('',(234.6772994502,2.67637796734,14.048865509088
    ));
#3801 = CARTESIAN_POINT('',(234.58003814136,2.512086751637,
    14.078694473388));
#3802 = CARTESIAN_POINT('',(234.38396233338,2.141956243731,
    14.14010495867));
#3803 = CARTESIAN_POINT('',(234.28717625109,1.933346023765,
    14.171267801629));
#3804 = CARTESIAN_POINT('',(234.20028169337,1.715405305043,
    14.199917119428));
#3805 = CARTESIAN_POINT('',(234.12458645177,1.488903114548,
    14.225343152949));
#3806 = CARTESIAN_POINT('',(234.06127149421,1.254738009659,
    14.246891271364));
#3807 = CARTESIAN_POINT('',(233.9434972419,0.686027656459,
    14.287317227354));
#3808 = CARTESIAN_POINT('',(233.90058826257,0.346115317212,
    14.302387911876));
#3809 = CARTESIAN_POINT('',(233.88593629741,-3.28626015289E-13,
    14.307626964888));
#3810 = CARTESIAN_POINT('',(233.90058826257,-0.346115317211,
    14.302387911876));
#3811 = CARTESIAN_POINT('',(233.9434972419,-0.686027656459,
    14.287317227354));
#3812 = CARTESIAN_POINT('',(234.06099754103,-1.253415139795,
    14.246985305662));
#3813 = CARTESIAN_POINT('',(234.12389353675,-1.48634146443,
    14.225578969114));
#3814 = CARTESIAN_POINT('',(234.19904346762,-1.711698527656,
    14.200333029524));
#3815 = CARTESIAN_POINT('',(234.28528454255,-1.928594480665,
    14.171891585088));
#3816 = CARTESIAN_POINT('',(234.38132696874,-2.136264356357,
    14.14095376432));
#3817 = CARTESIAN_POINT('',(234.57531561143,-2.503765654514,
    14.080154178387));
#3818 = CARTESIAN_POINT('',(234.67117289857,-2.666432950541,
    14.050726069307));
#3819 = CARTESIAN_POINT('',(234.77267024888,-2.822067215949,
    14.02031346195));
#3820 = CARTESIAN_POINT('',(234.87922189458,-2.97069298669,
    13.989259557951));
#3821 = CARTESIAN_POINT('',(234.99029805751,-3.112364596988,
    13.957877547383));
#3822 = CARTESIAN_POINT('',(235.28613832996,-3.458762952322,
    13.877109452305));
#3823 = CARTESIAN_POINT('',(235.47691449383,-3.653527133734,
    13.827629145113));
#3824 = CARTESIAN_POINT('',(235.6760889074,-3.831925621889,
    13.779046810336));
#3825 = CARTESIAN_POINT('',(235.88235968481,-3.994461922374,
    13.73221074099));
#3826 = CARTESIAN_POINT('',(236.09471335302,-4.141613482203,
    13.687812689284));
#3827 = CARTESIAN_POINT('',(236.46555948278,-4.366802776864,
    13.617288182388));
#3828 = CARTESIAN_POINT('',(236.62137317367,-4.452397018729,
    13.589646177955));
#3829 = CARTESIAN_POINT('',(236.77947792935,-4.530669032229,
    13.563704055844));
#3830 = CARTESIAN_POINT('',(236.93959061467,-4.601718229602,
    13.539639034412));
#3831 = CARTESIAN_POINT('',(237.10145957091,-4.665628022411,
    13.517601163537));
#3832 = CARTESIAN_POINT('',(237.53191525952,-4.815356904126,
    13.46521528844));
#3833 = CARTESIAN_POINT('',(237.80307958824,-4.889363895018,
    13.438461390923));
#3834 = CARTESIAN_POINT('',(238.07721754685,-4.94471531095,
    13.418020321946));
#3835 = CARTESIAN_POINT('',(238.35330754547,-4.981568187589,
    13.404266753348));
#3836 = CARTESIAN_POINT('',(238.63039112377,-5.,13.397387805091));
#3837 = CARTESIAN_POINT('',(239.25990669559,-5.,13.397387805091));
#3838 = CARTESIAN_POINT('',(239.61215476312,-4.970197399724,
    13.40851079603));
#3839 = CARTESIAN_POINT('',(239.96236204037,-4.91063665361,
    13.43073800072));
#3840 = CARTESIAN_POINT('',(240.30860562439,-4.82110083465,
    13.463588367056));
#3841 = CARTESIAN_POINT('',(240.64874276426,-4.701149631586,
    13.506093407623));
#3842 = CARTESIAN_POINT('',(241.0691336627,-4.509652413299,
    13.570367002548));
#3843 = CARTESIAN_POINT('',(241.15744211941,-4.466907993868,
    13.584552004905));
#3844 = CARTESIAN_POINT('',(241.24509408464,-4.421908931424,
    13.599299452261));
#3845 = CARTESIAN_POINT('',(241.33204202264,-4.374637898768,
    13.61457922544));
#3846 = CARTESIAN_POINT('',(241.41823595401,-4.325075397886,
    13.630358680199));
#3847 = CARTESIAN_POINT('',(241.60201932597,-4.213421122137,
    13.665321303253));
#3848 = CARTESIAN_POINT('',(241.69934338677,-4.150571139799,
    13.684656563626));
#3849 = CARTESIAN_POINT('',(241.79551615729,-4.084616278144,
    13.70455485309));
#3850 = CARTESIAN_POINT('',(241.8904502819,-4.015519467145,
    13.724957287341));
#3851 = CARTESIAN_POINT('',(241.98405053023,-3.943240101539,
    13.745799673034));
#3852 = CARTESIAN_POINT('',(242.1853430476,-3.778328357948,
    13.792130332213));
#3853 = CARTESIAN_POINT('',(242.29245471138,-3.684400747694,
    13.817766825185));
#3854 = CARTESIAN_POINT('',(242.39737954171,-3.585875230661,
    13.843806912302));
#3855 = CARTESIAN_POINT('',(242.49992094853,-3.482676089568,
    13.870121928458));
#3856 = CARTESIAN_POINT('',(242.59985495272,-3.374727929314,
    13.896568894311));
#3857 = CARTESIAN_POINT('',(242.81380459561,-3.126182746351,
    13.954799446624));
#3858 = CARTESIAN_POINT('',(242.9265649128,-2.983382829692,
    13.986579348843));
#3859 = CARTESIAN_POINT('',(243.0347237509,-2.83346777384,
    14.018042241427));
#3860 = CARTESIAN_POINT('',(243.13773595109,-2.676378730353,
    14.048865359172));
#3861 = CARTESIAN_POINT('',(243.23499733425,-2.512087542087,
    14.07869434224));
#3862 = CARTESIAN_POINT('',(243.50209465905,-2.007890366981,
    14.162348600778));
#3863 = CARTESIAN_POINT('',(243.65618128445,-1.644345581857,
    14.212990634158));
#3864 = CARTESIAN_POINT('',(243.7790154213,-1.25489360615,
    14.255066819249));
#3865 = CARTESIAN_POINT('',(243.86414618759,-0.846001163793,
    14.284835668637));
#3866 = CARTESIAN_POINT('',(243.90751794717,-0.425104453684,14.3));
#3867 = CARTESIAN_POINT('',(243.90751794717,0.,14.3));
#3868 = PCURVE('',#2889,#3869);
#3869 = DEFINITIONAL_REPRESENTATION('',(#3870),#3988);
#3870 = B_SPLINE_CURVE_WITH_KNOTS('',6,(#3871,#3872,#3873,#3874,#3875,
    #3876,#3877,#3878,#3879,#3880,#3881,#3882,#3883,#3884,#3885,#3886,
    #3887,#3888,#3889,#3890,#3891,#3892,#3893,#3894,#3895,#3896,#3897,
    #3898,#3899,#3900,#3901,#3902,#3903,#3904,#3905,#3906,#3907,#3908,
    #3909,#3910,#3911,#3912,#3913,#3914,#3915,#3916,#3917,#3918,#3919,
    #3920,#3921,#3922,#3923,#3924,#3925,#3926,#3927,#3928,#3929,#3930,
    #3931,#3932,#3933,#3934,#3935,#3936,#3937,#3938,#3939,#3940,#3941,
    #3942,#3943,#3944,#3945,#3946,#3947,#3948,#3949,#3950,#3951,#3952,
    #3953,#3954,#3955,#3956,#3957,#3958,#3959,#3960,#3961,#3962,#3963,
    #3964,#3965,#3966,#3967,#3968,#3969,#3970,#3971,#3972,#3973,#3974,
    #3975,#3976,#3977,#3978,#3979,#3980,#3981,#3982,#3983,#3984,#3985,
    #3986,#3987),.UNSPECIFIED.,.T.,.F.,(7,5,5,5,5,5,5,5,5,5,5,5,5,5,5,5,
    5,5,5,5,5,5,5,7),(0.,4.161753580754E-02,9.944343878833E-02,
    0.128118887169,0.152178305832,0.172992023634,0.249221412748,
    0.310862497329,0.347796254058,0.399873300278,0.433866036276,
    0.473241107998,0.526859675805,0.566018436214,0.59961168872,
    0.652343524431,0.689464366264,0.750130652025,0.827272648775,
    0.847966629161,0.871813236305,0.900049674226,0.934045161458,1.),
  .UNSPECIFIED.);
#3871 = CARTESIAN_POINT('',(1.570796326795,187.90751794717));
#3872 = CARTESIAN_POINT('',(1.552128718106,187.90751794717));
#3873 = CARTESIAN_POINT('',(1.533499310004,187.8904153579));
#3874 = CARTESIAN_POINT('',(1.515069120995,187.85634174179));
#3875 = CARTESIAN_POINT('',(1.496997213469,187.8060429781));
#3876 = CARTESIAN_POINT('',(1.479438162159,187.74086915634));
#3877 = CARTESIAN_POINT('',(1.439053708889,187.55432729007));
#3878 = CARTESIAN_POINT('',(1.416838511025,187.42094983715));
#3879 = CARTESIAN_POINT('',(1.39596083827,187.26648908636));
#3880 = CARTESIAN_POINT('',(1.376467194025,187.09438184198));
#3881 = CARTESIAN_POINT('',(1.358385112621,186.90778010207));
#3882 = CARTESIAN_POINT('',(1.333461434032,186.61134205835));
#3883 = CARTESIAN_POINT('',(1.325537800905,186.51010042098));
#3884 = CARTESIAN_POINT('',(1.317949106341,186.40615266892));
#3885 = CARTESIAN_POINT('',(1.310691766527,186.2997349456));
#3886 = CARTESIAN_POINT('',(1.303762228751,186.1910541375));
#3887 = CARTESIAN_POINT('',(1.291614838897,185.9873523047));
#3888 = CARTESIAN_POINT('',(1.286301119573,185.89295070865));
#3889 = CARTESIAN_POINT('',(1.281213735039,185.79718924597));
#3890 = CARTESIAN_POINT('',(1.276350927782,185.70016584815));
#3891 = CARTESIAN_POINT('',(1.271711176167,185.60197027097));
#3892 = CARTESIAN_POINT('',(1.263471214094,185.41679197508));
#3893 = CARTESIAN_POINT('',(1.259815215444,185.33008440325));
#3894 = CARTESIAN_POINT('',(1.256324381717,185.24261470014));
#3895 = CARTESIAN_POINT('',(1.252998022526,185.1544336928));
#3896 = CARTESIAN_POINT('',(1.249835573859,185.06558971422));
#3897 = CARTESIAN_POINT('',(1.235852972094,184.64848094784));
#3898 = CARTESIAN_POINT('',(1.227056428972,184.31239250045));
#3899 = CARTESIAN_POINT('',(1.220436744737,183.97033007779));
#3900 = CARTESIAN_POINT('',(1.215988035513,183.62436330115));
#3901 = CARTESIAN_POINT('',(1.213708743925,183.27635035258));
#3902 = CARTESIAN_POINT('',(1.213515006744,182.64653854595));
#3903 = CARTESIAN_POINT('',(1.214848793719,182.36494788875));
#3904 = CARTESIAN_POINT('',(1.217602232071,182.08434902794));
#3905 = CARTESIAN_POINT('',(1.221775611966,181.80574641236));
#3906 = CARTESIAN_POINT('',(1.227370322962,181.53021116194));
#3907 = CARTESIAN_POINT('',(1.238594265499,181.09640217123));
#3908 = CARTESIAN_POINT('',(1.243310932884,180.93538984769));
#3909 = CARTESIAN_POINT('',(1.248540651563,180.77612109535));
#3910 = CARTESIAN_POINT('',(1.2542857261,180.61884403286));
#3911 = CARTESIAN_POINT('',(1.260549195512,180.46383771182));
#3912 = CARTESIAN_POINT('',(1.276903075776,180.0964909494));
#3913 = CARTESIAN_POINT('',(1.28750854625,179.88672563598));
#3914 = CARTESIAN_POINT('',(1.299166639355,179.68288638799));
#3915 = CARTESIAN_POINT('',(1.311897180497,179.48594778106));
#3916 = CARTESIAN_POINT('',(1.325721861379,179.29715766531));
#3917 = CARTESIAN_POINT('',(1.350413198087,179.0012315303));
#3918 = CARTESIAN_POINT('',(1.360642889687,178.88847098293));
#3919 = CARTESIAN_POINT('',(1.371353653542,178.78031183086));
#3920 = CARTESIAN_POINT('',(1.38254681422,178.6772994502));
#3921 = CARTESIAN_POINT('',(1.394222192078,178.58003814136));
#3922 = CARTESIAN_POINT('',(1.420459283391,178.38396233338));
#3923 = CARTESIAN_POINT('',(1.435207379772,178.28717625109));
#3924 = CARTESIAN_POINT('',(1.450575348299,178.20028169337));
#3925 = CARTESIAN_POINT('',(1.466509582147,178.12458645177));
#3926 = CARTESIAN_POINT('',(1.482950373668,178.06127149421));
#3927 = CARTESIAN_POINT('',(1.522820678086,177.9434972419));
#3928 = CARTESIAN_POINT('',(1.546605706437,177.90058826257));
#3929 = CARTESIAN_POINT('',(1.570796326795,177.88593629741));
#3930 = CARTESIAN_POINT('',(1.594986947153,177.90058826257));
#3931 = CARTESIAN_POINT('',(1.618771975504,177.9434972419));
#3932 = CARTESIAN_POINT('',(1.658549538118,178.06099754103));
#3933 = CARTESIAN_POINT('',(1.674903217963,178.12389353675));
#3934 = CARTESIAN_POINT('',(1.690756536992,178.19904346762));
#3935 = CARTESIAN_POINT('',(1.706050226167,178.28528454255));
#3936 = CARTESIAN_POINT('',(1.72073098712,178.38132696874));
#3937 = CARTESIAN_POINT('',(1.746779707615,178.57531561143));
#3938 = CARTESIAN_POINT('',(1.758338388836,178.67117289857));
#3939 = CARTESIAN_POINT('',(1.769426214177,178.77267024888));
#3940 = CARTESIAN_POINT('',(1.780042870048,178.87922189458));
#3941 = CARTESIAN_POINT('',(1.790189501523,178.99029805751));
#3942 = CARTESIAN_POINT('',(1.815062921182,179.28613832996));
#3943 = CARTESIAN_POINT('',(1.829112742956,179.47691449383));
#3944 = CARTESIAN_POINT('',(1.842039980928,179.6760889074));
#3945 = CARTESIAN_POINT('',(1.853867214193,179.88235968481));
#3946 = CARTESIAN_POINT('',(1.864615103119,180.09471335302));
#3947 = CARTESIAN_POINT('',(1.881116810457,180.46555948278));
#3948 = CARTESIAN_POINT('',(1.887406561563,180.62137317367));
#3949 = CARTESIAN_POINT('',(1.893172709023,180.77947792935));
#3950 = CARTESIAN_POINT('',(1.89841832693,180.93959061467));
#3951 = CARTESIAN_POINT('',(1.903145741326,181.10145957091));
#3952 = CARTESIAN_POINT('',(1.914238647153,181.53191525952));
#3953 = CARTESIAN_POINT('',(1.919741479798,181.80307958824));
#3954 = CARTESIAN_POINT('',(1.923867632689,182.07721754685));
#3955 = CARTESIAN_POINT('',(1.926618441461,182.35330754547));
#3956 = CARTESIAN_POINT('',(1.927994197356,182.63039112377));
#3957 = CARTESIAN_POINT('',(1.927994197356,183.25990669559));
#3958 = CARTESIAN_POINT('',(1.92576977334,183.61215476312));
#3959 = CARTESIAN_POINT('',(1.921323840042,183.96236204037));
#3960 = CARTESIAN_POINT('',(1.914654838928,184.30860562439));
#3961 = CARTESIAN_POINT('',(1.905756724152,184.64874276426));
#3962 = CARTESIAN_POINT('',(1.891631147817,185.0691336627));
#3963 = CARTESIAN_POINT('',(1.88848174801,185.15744211941));
#3964 = CARTESIAN_POINT('',(1.885170316406,185.24509408464));
#3965 = CARTESIAN_POINT('',(1.881696296719,185.33204202264));
#3966 = CARTESIAN_POINT('',(1.87805900905,185.41823595401));
#3967 = CARTESIAN_POINT('',(1.869877172249,185.60201932597));
#3968 = CARTESIAN_POINT('',(1.865278838111,185.69934338677));
#3969 = CARTESIAN_POINT('',(1.860461394891,185.79551615729));
#3970 = CARTESIAN_POINT('',(1.855423362202,185.8904502819));
#3971 = CARTESIAN_POINT('',(1.850163031863,185.98405053023));
#3972 = CARTESIAN_POINT('',(1.838184271511,186.1853430476));
#3973 = CARTESIAN_POINT('',(1.831375832851,186.29245471138));
#3974 = CARTESIAN_POINT('',(1.824249717885,186.39737954171));
#3975 = CARTESIAN_POINT('',(1.816802535593,186.49992094853));
#3976 = CARTESIAN_POINT('',(1.809030859379,186.59985495272));
#3977 = CARTESIAN_POINT('',(1.791179436182,186.81380459561));
#3978 = CARTESIAN_POINT('',(1.780949760541,186.9265649128));
#3979 = CARTESIAN_POINT('',(1.770239027284,187.0347237509));
#3980 = CARTESIAN_POINT('',(1.759045893731,187.13773595109));
#3981 = CARTESIAN_POINT('',(1.747370517544,187.23499733425));
#3982 = CARTESIAN_POINT('',(1.711629969169,187.50209465905));
#3983 = CARTESIAN_POINT('',(1.685970429271,187.65618128445));
#3984 = CARTESIAN_POINT('',(1.658598253284,187.7790154213));
#3985 = CARTESIAN_POINT('',(1.629957285671,187.86414618759));
#3986 = CARTESIAN_POINT('',(1.600523910969,187.90751794717));
#3987 = CARTESIAN_POINT('',(1.570796326795,187.90751794717));
#3988 = ( GEOMETRIC_REPRESENTATION_CONTEXT(2) 
PARAMETRIC_REPRESENTATION_CONTEXT() REPRESENTATION_CONTEXT('2D SPACE',''
  ) );
#3989 = PCURVE('',#1675,#3990);
#3990 = DEFINITIONAL_REPRESENTATION('',(#3991),#4109);
#3991 = B_SPLINE_CURVE_WITH_KNOTS('',6,(#3992,#3993,#3994,#3995,#3996,
    #3997,#3998,#3999,#4000,#4001,#4002,#4003,#4004,#4005,#4006,#4007,
    #4008,#4009,#4010,#4011,#4012,#4013,#4014,#4015,#4016,#4017,#4018,
    #4019,#4020,#4021,#4022,#4023,#4024,#4025,#4026,#4027,#4028,#4029,
    #4030,#4031,#4032,#4033,#4034,#4035,#4036,#4037,#4038,#4039,#4040,
    #4041,#4042,#4043,#4044,#4045,#4046,#4047,#4048,#4049,#4050,#4051,
    #4052,#4053,#4054,#4055,#4056,#4057,#4058,#4059,#4060,#4061,#4062,
    #4063,#4064,#4065,#4066,#4067,#4068,#4069,#4070,#4071,#4072,#4073,
    #4074,#4075,#4076,#4077,#4078,#4079,#4080,#4081,#4082,#4083,#4084,
    #4085,#4086,#4087,#4088,#4089,#4090,#4091,#4092,#4093,#4094,#4095,
    #4096,#4097,#4098,#4099,#4100,#4101,#4102,#4103,#4104,#4105,#4106,
    #4107,#4108),.UNSPECIFIED.,.F.,.F.,(7,5,5,5,5,5,5,5,5,5,5,5,5,5,5,5,
    5,5,5,5,5,5,5,7),(0.,4.161753580754E-02,9.944343878833E-02,
    0.128118887169,0.152178305832,0.172992023634,0.249221412748,
    0.310862497329,0.347796254058,0.399873300278,0.433866036276,
    0.473241107998,0.526859675805,0.566018436214,0.59961168872,
    0.652343524431,0.689464366264,0.750130652025,0.827272648775,
    0.847966629161,0.871813236305,0.900049674226,0.934045161458,1.),
  .UNSPECIFIED.);
#3992 = CARTESIAN_POINT('',(0.,8.3));
#3993 = CARTESIAN_POINT('',(5.338936085031E-02,8.3));
#3994 = CARTESIAN_POINT('',(0.106669450977,8.294020107404));
#3995 = CARTESIAN_POINT('',(0.159620318346,8.282106097578));
#3996 = CARTESIAN_POINT('',(0.212022109516,8.264654160962));
#3997 = CARTESIAN_POINT('',(0.263632188134,8.242396958407));
#3998 = CARTESIAN_POINT('',(0.384364620117,8.179999546561));
#3999 = CARTESIAN_POINT('',(0.452485451969,8.136267317287));
#4000 = CARTESIAN_POINT('',(0.518696779541,8.087135398214));
#4001 = CARTESIAN_POINT('',(0.583111284911,8.034625457233));
#4002 = CARTESIAN_POINT('',(0.645810530672,7.980549124575));
#4003 = CARTESIAN_POINT('',(0.737101873585,7.899617830464));
#4004 = CARTESIAN_POINT('',(0.766993503475,7.872747663151));
#4005 = CARTESIAN_POINT('',(0.796540709702,7.846002888207));
#4006 = CARTESIAN_POINT('',(0.825768644745,7.819534056702));
#4007 = CARTESIAN_POINT('',(0.854701721539,7.793476440617));
#4008 = CARTESIAN_POINT('',(0.907414230476,7.746534156387));
#4009 = CARTESIAN_POINT('',(0.931273096721,7.72549253074));
#4010 = CARTESIAN_POINT('',(0.954955747623,7.704897443126));
#4011 = CARTESIAN_POINT('',(0.978475589227,7.684814903369));
#4012 = CARTESIAN_POINT('',(1.00184529706,7.665305415142));
#4013 = CARTESIAN_POINT('',(1.045174320952,7.630089709873));
#4014 = CARTESIAN_POINT('',(1.065168351569,7.614225643307));
#4015 = CARTESIAN_POINT('',(1.085066599668,7.598867547703));
#4016 = CARTESIAN_POINT('',(1.104876359331,7.584048611323));
#4017 = CARTESIAN_POINT('',(1.124604527048,7.569799439257));
#4018 = CARTESIAN_POINT('',(1.216236182883,7.506150411859));
#4019 = CARTESIAN_POINT('',(1.287244125029,7.464146699491));
#4020 = CARTESIAN_POINT('',(1.357551822378,7.431562887353));
#4021 = CARTESIAN_POINT('',(1.427402291,7.409336230308));
#4022 = CARTESIAN_POINT('',(1.497029242615,7.397939238932));
#4023 = CARTESIAN_POINT('',(1.622992673623,7.396970561251));
#4024 = CARTESIAN_POINT('',(1.679295555418,7.403639503921));
#4025 = CARTESIAN_POINT('',(1.735706061872,7.417413234078));
#4026 = CARTESIAN_POINT('',(1.792343678657,7.43809964485));
#4027 = CARTESIAN_POINT('',(1.849330816891,7.465306675801));
#4028 = CARTESIAN_POINT('',(1.941231679263,7.51828819369));
#4029 = CARTESIAN_POINT('',(1.975838429683,7.540266322032));
#4030 = CARTESIAN_POINT('',(2.010655668918,7.564248447085));
#4031 = CARTESIAN_POINT('',(2.045719093912,7.590086440346));
#4032 = CARTESIAN_POINT('',(2.081065593334,7.617605533329));
#4033 = CARTESIAN_POINT('',(2.167030861297,7.687488930547));
#4034 = CARTESIAN_POINT('',(2.217963469702,7.731308922541));
#4035 = CARTESIAN_POINT('',(2.269670683524,7.777511915722));
#4036 = CARTESIAN_POINT('',(2.322290170997,7.825432642441));
#4037 = CARTESIAN_POINT('',(2.375966478045,7.874257336169));
#4038 = CARTESIAN_POINT('',(2.466686941125,7.954799383601));
#4039 = CARTESIAN_POINT('',(2.5030448527,7.986579343246));
#4040 = CARTESIAN_POINT('',(2.539963796544,8.018042329229));
#4041 = CARTESIAN_POINT('',(2.577476275988,8.048865509088));
#4042 = CARTESIAN_POINT('',(2.615617969557,8.078694473388));
#4043 = CARTESIAN_POINT('',(2.699389639078,8.14010495867));
#4044 = CARTESIAN_POINT('',(2.745319398306,8.171267801629));
#4045 = CARTESIAN_POINT('',(2.792135849987,8.199917119428));
#4046 = CARTESIAN_POINT('',(2.839779030269,8.225343152949));
#4047 = CARTESIAN_POINT('',(2.88820695719,8.246891271364));
#4048 = CARTESIAN_POINT('',(3.004362411705,8.287317227354));
#4049 = CARTESIAN_POINT('',(3.072672620312,8.302387911876));
#4050 = CARTESIAN_POINT('',(3.14159265359,8.307626964888));
#4051 = CARTESIAN_POINT('',(3.210512686868,8.302387911876));
#4052 = CARTESIAN_POINT('',(3.278822895474,8.287317227354));
#4053 = CARTESIAN_POINT('',(3.394708162276,8.246985305662));
#4054 = CARTESIAN_POINT('',(3.442876483364,8.225578969114));
#4055 = CARTESIAN_POINT('',(3.49026978162,8.200333029524));
#4056 = CARTESIAN_POINT('',(3.536845402258,8.171891585088));
#4057 = CARTESIAN_POINT('',(3.582542941171,8.14095376432));
#4058 = CARTESIAN_POINT('',(3.665654624499,8.080154178387));
#4059 = CARTESIAN_POINT('',(3.703375298043,8.050726069307));
#4060 = CARTESIAN_POINT('',(3.740480244649,8.02031346195));
#4061 = CARTESIAN_POINT('',(3.777003730074,7.989259557951));
#4062 = CARTESIAN_POINT('',(3.81297695953,7.957877547383));
#4063 = CARTESIAN_POINT('',(3.904084212234,7.877109452305));
#4064 = CARTESIAN_POINT('',(3.958484171587,7.827629145113));
#4065 = CARTESIAN_POINT('',(4.011795386728,7.779046810336));
#4066 = CARTESIAN_POINT('',(4.064168082779,7.73221074099));
#4067 = CARTESIAN_POINT('',(4.115745243333,7.687812689284));
#4068 = CARTESIAN_POINT('',(4.202517835869,7.617288182388));
#4069 = CARTESIAN_POINT('',(4.23803957327,7.589646177955));
#4070 = CARTESIAN_POINT('',(4.273275758626,7.563704055844));
#4071 = CARTESIAN_POINT('',(4.308263797006,7.539639034412));
#4072 = CARTESIAN_POINT('',(4.343039879591,7.517601163537));
#4073 = CARTESIAN_POINT('',(4.434190488557,7.46521528844));
#4074 = CARTESIAN_POINT('',(4.490275837769,7.438461390923));
#4075 = CARTESIAN_POINT('',(4.546022372691,7.418020321946));
#4076 = CARTESIAN_POINT('',(4.601546939405,7.404266753348));
#4077 = CARTESIAN_POINT('',(4.656963615704,7.397387805091));
#4078 = CARTESIAN_POINT('',(4.782866730067,7.397387805091));
#4079 = CARTESIAN_POINT('',(4.853316113721,7.40851079603));
#4080 = CARTESIAN_POINT('',(4.923988218875,7.43073800072));
#4081 = CARTESIAN_POINT('',(4.995124747018,7.463588367056));
#4082 = CARTESIAN_POINT('',(5.066977078579,7.506093407623));
#4083 = CARTESIAN_POINT('',(5.159367487627,7.570367002548));
#4084 = CARTESIAN_POINT('',(5.178984059537,7.584552004905));
#4085 = CARTESIAN_POINT('',(5.198681448762,7.599299452261));
#4086 = CARTESIAN_POINT('',(5.218466439157,7.61457922544));
#4087 = CARTESIAN_POINT('',(5.238346203316,7.630358680199));
#4088 = CARTESIAN_POINT('',(5.281354576966,7.665321303253));
#4089 = CARTESIAN_POINT('',(5.304516671953,7.684656563626));
#4090 = CARTESIAN_POINT('',(5.327826219478,7.70455485309));
#4091 = CARTESIAN_POINT('',(5.351295556791,7.724957287341));
#4092 = CARTESIAN_POINT('',(5.374937726441,7.745799673034));
#4093 = CARTESIAN_POINT('',(5.426981769606,7.792130332213));
#4094 = CARTESIAN_POINT('',(5.455458061638,7.817766825185));
#4095 = CARTESIAN_POINT('',(5.484219259104,7.843806912302));
#4096 = CARTESIAN_POINT('',(5.513288668905,7.870121928458));
#4097 = CARTESIAN_POINT('',(5.542690289225,7.896568894311));
#4098 = CARTESIAN_POINT('',(5.608279665702,7.954799446624));
#4099 = CARTESIAN_POINT('',(5.644637514034,7.986579348843));
#4100 = CARTESIAN_POINT('',(5.681556352411,8.018042241427));
#4101 = CARTESIAN_POINT('',(5.719068748369,8.048865359172));
#4102 = CARTESIAN_POINT('',(5.757210444244,8.07869434224));
#4103 = CARTESIAN_POINT('',(5.871325434022,8.162348600778));
#4104 = CARTESIAN_POINT('',(5.950001934692,8.212990634158));
#4105 = CARTESIAN_POINT('',(6.031099975088,8.255066819249));
#4106 = CARTESIAN_POINT('',(6.113985151219,8.284835668637));
#4107 = CARTESIAN_POINT('',(6.198164416443,8.3));
#4108 = CARTESIAN_POINT('',(6.28318530718,8.3));
#4109 = ( GEOMETRIC_REPRESENTATION_CONTEXT(2) 
PARAMETRIC_REPRESENTATION_CONTEXT() REPRESENTATION_CONTEXT('2D SPACE',''
  ) );
#4110 = FACE_BOUND('',#4111,.T.);
#4111 = EDGE_LOOP('',(#4112));
#4112 = ORIENTED_EDGE('',*,*,#4113,.F.);
#4113 = EDGE_CURVE('',#4114,#4114,#4116,.T.);
#4114 = VERTEX_POINT('',#4115);
#4115 = CARTESIAN_POINT('',(296.12074989573,-1.224646799147E-15,14.3));
#4116 = SURFACE_CURVE('',#4117,(#4235,#4356),.PCURVE_S1.);
#4117 = B_SPLINE_CURVE_WITH_KNOTS('',6,(#4118,#4119,#4120,#4121,#4122,
    #4123,#4124,#4125,#4126,#4127,#4128,#4129,#4130,#4131,#4132,#4133,
    #4134,#4135,#4136,#4137,#4138,#4139,#4140,#4141,#4142,#4143,#4144,
    #4145,#4146,#4147,#4148,#4149,#4150,#4151,#4152,#4153,#4154,#4155,
    #4156,#4157,#4158,#4159,#4160,#4161,#4162,#4163,#4164,#4165,#4166,
    #4167,#4168,#4169,#4170,#4171,#4172,#4173,#4174,#4175,#4176,#4177,
    #4178,#4179,#4180,#4181,#4182,#4183,#4184,#4185,#4186,#4187,#4188,
    #4189,#4190,#4191,#4192,#4193,#4194,#4195,#4196,#4197,#4198,#4199,
    #4200,#4201,#4202,#4203,#4204,#4205,#4206,#4207,#4208,#4209,#4210,
    #4211,#4212,#4213,#4214,#4215,#4216,#4217,#4218,#4219,#4220,#4221,
    #4222,#4223,#4224,#4225,#4226,#4227,#4228,#4229,#4230,#4231,#4232,
    #4233,#4234),.UNSPECIFIED.,.T.,.F.,(7,5,5,5,5,5,5,5,5,5,5,5,5,5,5,5,
    5,5,5,5,5,5,5,7),(0.,4.161753573105E-02,9.94434385918E-02,
    0.128118886913,0.152178305526,0.172992023285,0.249221405974,
    0.310862492303,0.347796248862,0.399873294842,0.433866030683,
    0.473241102229,0.526859669802,0.566018430038,0.599611682395,
    0.652343517871,0.689464359539,0.750130646915,0.827272649818,
    0.847966630078,0.871813237078,0.900049674829,0.934045161856,1.),
  .UNSPECIFIED.);
#4118 = CARTESIAN_POINT('',(296.12074989573,0.,14.3));
#4119 = CARTESIAN_POINT('',(296.12074989573,0.266946804192,14.3));
#4120 = CARTESIAN_POINT('',(296.10364730647,0.533347286207,
    14.294020107407));
#4121 = CARTESIAN_POINT('',(296.06957369034,0.796731812084,
    14.282106097575));
#4122 = CARTESIAN_POINT('',(296.01927492665,1.054660425247,
    14.264654160958));
#4123 = CARTESIAN_POINT('',(295.95410110492,1.304814441595,
    14.242396958413));
#4124 = CARTESIAN_POINT('',(295.76755923863,1.878931272483,
    14.179999546561));
#4125 = CARTESIAN_POINT('',(295.63418178571,2.193726433275,
    14.136267317287));
#4126 = CARTESIAN_POINT('',(295.47972103492,2.488359606464,
    14.087135398214));
#4127 = CARTESIAN_POINT('',(295.30761379054,2.762229765138,
    14.034625457233));
#4128 = CARTESIAN_POINT('',(295.12101205063,3.015130694857,
    13.980549124575));
#4129 = CARTESIAN_POINT('',(294.82457400691,3.362228978504,
    13.899617830464));
#4130 = CARTESIAN_POINT('',(294.72333236954,3.472311024824,
    13.872747663151));
#4131 = CARTESIAN_POINT('',(294.61938461748,3.577489337163,
    13.846002888207));
#4132 = CARTESIAN_POINT('',(294.51296689416,3.677842766292,
    13.819534056702));
#4133 = CARTESIAN_POINT('',(294.40428608606,3.77345063474,
    13.793476440617));
#4134 = CARTESIAN_POINT('',(294.20058425326,3.940695300648,
    13.746534156387));
#4135 = CARTESIAN_POINT('',(294.10618265721,4.013711837536,
    13.72549253074));
#4136 = CARTESIAN_POINT('',(294.01042119453,4.083487684943,
    13.704897443126));
#4137 = CARTESIAN_POINT('',(293.91339779671,4.150064594557,
    13.684814903369));
#4138 = CARTESIAN_POINT('',(293.81520221953,4.21348065876,
    13.665305415142));
#4139 = CARTESIAN_POINT('',(293.63002392364,4.325926674758,
    13.630089709873));
#4140 = CARTESIAN_POINT('',(293.54331635181,4.375743047077,
    13.614225643307));
#4141 = CARTESIAN_POINT('',(293.4558466487,4.42324146391,13.598867547703
    ));
#4142 = CARTESIAN_POINT('',(293.36766564136,4.468441740717,
    13.584048611323));
#4143 = CARTESIAN_POINT('',(293.27882166278,4.511361472094,
    13.569799439257));
#4144 = CARTESIAN_POINT('',(292.86171292334,4.700911679547,
    13.506150415969));
#4145 = CARTESIAN_POINT('',(292.52562440488,4.819498864643,
    13.464146695702));
#4146 = CARTESIAN_POINT('',(292.18356202677,4.908381129493,
    13.431562885462));
#4147 = CARTESIAN_POINT('',(291.83759529402,4.967984714284,
    13.409336233203));
#4148 = CARTESIAN_POINT('',(291.48958227324,4.998522431421,
    13.397939238889));
#4149 = CARTESIAN_POINT('',(290.85977048535,5.001118006567,
    13.396970561237));
#4150 = CARTESIAN_POINT('',(290.57817985189,4.983248375822,
    13.403639503176));
#4151 = CARTESIAN_POINT('',(290.29758097659,4.946362979279,
    13.417413234591));
#4152 = CARTESIAN_POINT('',(290.01897834639,4.890382187781,
    13.438099645838));
#4153 = CARTESIAN_POINT('',(289.74344311945,4.815141684954,
    13.465306674708));
#4154 = CARTESIAN_POINT('',(289.30963411979,4.663635998122,
    13.51828819369));
#4155 = CARTESIAN_POINT('',(289.14862179625,4.599868170657,
    13.540266322032));
#4156 = CARTESIAN_POINT('',(288.98935304391,4.529030954881,
    13.564248447085));
#4157 = CARTESIAN_POINT('',(288.83207598143,4.451041930214,
    13.590086440346));
#4158 = CARTESIAN_POINT('',(288.67706966038,4.365802987893,
    13.617605533329));
#4159 = CARTESIAN_POINT('',(288.30972289796,4.14262808219,
    13.687488930547));
#4160 = CARTESIAN_POINT('',(288.09995758454,3.99742969859,
    13.731308922541));
#4161 = CARTESIAN_POINT('',(287.89611833656,3.837228913737,
    13.777511915722));
#4162 = CARTESIAN_POINT('',(287.69917972962,3.661567150529,
    13.825432642441));
#4163 = CARTESIAN_POINT('',(287.51038961387,3.469960244315,
    13.874257336169));
#4164 = CARTESIAN_POINT('',(287.21446347886,3.126183015349,
    13.954799383601));
#4165 = CARTESIAN_POINT('',(287.10170293149,2.983382877808,
    13.986579343246));
#4166 = CARTESIAN_POINT('',(286.99354377942,2.833467394104,
    14.018042329229));
#4167 = CARTESIAN_POINT('',(286.89053139876,2.67637796734,
    14.048865509088));
#4168 = CARTESIAN_POINT('',(286.79327008992,2.512086751637,
    14.078694473388));
#4169 = CARTESIAN_POINT('',(286.59719428193,2.141956243708,
    14.140104958674));
#4170 = CARTESIAN_POINT('',(286.50040819965,1.933346023772,
    14.171267801627));
#4171 = CARTESIAN_POINT('',(286.41351364194,1.715405305073,
    14.199917119425));
#4172 = CARTESIAN_POINT('',(286.33781840033,1.488903114558,
    14.22534315295));
#4173 = CARTESIAN_POINT('',(286.27450344276,1.254738009626,
    14.246891271366));
#4174 = CARTESIAN_POINT('',(286.15672919046,0.686027656459,
    14.287317227354));
#4175 = CARTESIAN_POINT('',(286.11382021113,0.346115317212,
    14.302387911876));
#4176 = CARTESIAN_POINT('',(286.09916824597,-4.041211809636E-13,
    14.307626964888));
#4177 = CARTESIAN_POINT('',(286.11382021113,-0.346115317211,
    14.302387911876));
#4178 = CARTESIAN_POINT('',(286.15672919046,-0.686027656459,
    14.287317227354));
#4179 = CARTESIAN_POINT('',(286.27422948959,-1.253415139783,
    14.246985305663));
#4180 = CARTESIAN_POINT('',(286.33712548531,-1.486341464434,
    14.225578969114));
#4181 = CARTESIAN_POINT('',(286.41227541619,-1.711698527667,
    14.200333029523));
#4182 = CARTESIAN_POINT('',(286.49851649112,-1.928594480667,
    14.171891585088));
#4183 = CARTESIAN_POINT('',(286.5945589173,-2.136264356348,
    14.140953764322));
#4184 = CARTESIAN_POINT('',(286.78854755999,-2.503765654514,
    14.080154178387));
#4185 = CARTESIAN_POINT('',(286.88440484713,-2.666432950541,
    14.050726069307));
#4186 = CARTESIAN_POINT('',(286.98590219744,-2.822067215949,
    14.02031346195));
#4187 = CARTESIAN_POINT('',(287.09245384314,-2.97069298669,
    13.989259557951));
#4188 = CARTESIAN_POINT('',(287.20353000607,-3.112364596988,
    13.957877547383));
#4189 = CARTESIAN_POINT('',(287.49937027852,-3.458762952322,
    13.877109452305));
#4190 = CARTESIAN_POINT('',(287.69014644239,-3.653527133734,
    13.827629145113));
#4191 = CARTESIAN_POINT('',(287.88932085596,-3.831925621889,
    13.779046810336));
#4192 = CARTESIAN_POINT('',(288.09559163337,-3.994461922373,
    13.73221074099));
#4193 = CARTESIAN_POINT('',(288.30794530158,-4.141613482203,
    13.687812689284));
#4194 = CARTESIAN_POINT('',(288.67879143134,-4.366802776864,
    13.617288182388));
#4195 = CARTESIAN_POINT('',(288.83460512223,-4.452397018729,
    13.589646177955));
#4196 = CARTESIAN_POINT('',(288.99270987791,-4.530669032229,
    13.563704055844));
#4197 = CARTESIAN_POINT('',(289.15282256323,-4.601718229602,
    13.539639034412));
#4198 = CARTESIAN_POINT('',(289.31469151947,-4.665628022411,
    13.517601163537));
#4199 = CARTESIAN_POINT('',(289.74514721637,-4.815356907011,
    13.465215287431));
#4200 = CARTESIAN_POINT('',(290.01631152333,-4.889363892405,
    13.438461391844));
#4201 = CARTESIAN_POINT('',(290.29044949549,-4.944715309612,
    13.418020322415));
#4202 = CARTESIAN_POINT('',(290.56653950752,-4.981568189572,
    13.404266752648));
#4203 = CARTESIAN_POINT('',(290.84362306386,-5.,13.397387805091));
#4204 = CARTESIAN_POINT('',(291.47313867365,-5.,13.397387805091));
#4205 = CARTESIAN_POINT('',(291.82538666485,-4.970197408604,
    13.408510793005));
#4206 = CARTESIAN_POINT('',(292.17559398846,-4.910636647596,
    13.430738002741));
#4207 = CARTESIAN_POINT('',(292.52183761958,-4.821100822934,
    13.463588371036));
#4208 = CARTESIAN_POINT('',(292.86197468438,-4.701149644541,
    13.506093403274));
#4209 = CARTESIAN_POINT('',(293.28236561126,-4.509652413299,
    13.570367002548));
#4210 = CARTESIAN_POINT('',(293.37067406797,-4.466907993868,
    13.584552004905));
#4211 = CARTESIAN_POINT('',(293.4583260332,-4.421908931424,
    13.599299452261));
#4212 = CARTESIAN_POINT('',(293.5452739712,-4.374637898768,
    13.61457922544));
#4213 = CARTESIAN_POINT('',(293.63146790257,-4.325075397886,
    13.630358680199));
#4214 = CARTESIAN_POINT('',(293.81525127453,-4.213421122137,
    13.665321303253));
#4215 = CARTESIAN_POINT('',(293.91257533533,-4.150571139799,
    13.684656563626));
#4216 = CARTESIAN_POINT('',(294.00874810585,-4.084616278144,
    13.70455485309));
#4217 = CARTESIAN_POINT('',(294.10368223046,-4.015519467145,
    13.724957287341));
#4218 = CARTESIAN_POINT('',(294.19728247879,-3.943240101539,
    13.745799673034));
#4219 = CARTESIAN_POINT('',(294.39857499616,-3.778328357948,
    13.792130332213));
#4220 = CARTESIAN_POINT('',(294.50568665994,-3.684400747694,
    13.817766825185));
#4221 = CARTESIAN_POINT('',(294.61061149027,-3.585875230661,
    13.843806912302));
#4222 = CARTESIAN_POINT('',(294.71315289709,-3.482676089568,
    13.870121928458));
#4223 = CARTESIAN_POINT('',(294.81308690128,-3.374727929314,
    13.896568894311));
#4224 = CARTESIAN_POINT('',(295.02703654417,-3.126182746351,
    13.954799446624));
#4225 = CARTESIAN_POINT('',(295.13979686136,-2.983382829692,
    13.986579348843));
#4226 = CARTESIAN_POINT('',(295.24795569946,-2.83346777384,
    14.018042241427));
#4227 = CARTESIAN_POINT('',(295.35096789965,-2.676378730352,
    14.048865359172));
#4228 = CARTESIAN_POINT('',(295.44822928281,-2.512087542087,
    14.07869434224));
#4229 = CARTESIAN_POINT('',(295.71532660761,-2.007890366981,
    14.162348600778));
#4230 = CARTESIAN_POINT('',(295.86941323301,-1.644345581857,
    14.212990634158));
#4231 = CARTESIAN_POINT('',(295.99224736986,-1.25489360615,
    14.255066819249));
#4232 = CARTESIAN_POINT('',(296.07737813615,-0.846001163793,
    14.284835668637));
#4233 = CARTESIAN_POINT('',(296.12074989573,-0.425104453684,14.3));
#4234 = CARTESIAN_POINT('',(296.12074989573,0.,14.3));
#4235 = PCURVE('',#2889,#4236);
#4236 = DEFINITIONAL_REPRESENTATION('',(#4237),#4355);
#4237 = B_SPLINE_CURVE_WITH_KNOTS('',6,(#4238,#4239,#4240,#4241,#4242,
    #4243,#4244,#4245,#4246,#4247,#4248,#4249,#4250,#4251,#4252,#4253,
    #4254,#4255,#4256,#4257,#4258,#4259,#4260,#4261,#4262,#4263,#4264,
    #4265,#4266,#4267,#4268,#4269,#4270,#4271,#4272,#4273,#4274,#4275,
    #4276,#4277,#4278,#4279,#4280,#4281,#4282,#4283,#4284,#4285,#4286,
    #4287,#4288,#4289,#4290,#4291,#4292,#4293,#4294,#4295,#4296,#4297,
    #4298,#4299,#4300,#4301,#4302,#4303,#4304,#4305,#4306,#4307,#4308,
    #4309,#4310,#4311,#4312,#4313,#4314,#4315,#4316,#4317,#4318,#4319,
    #4320,#4321,#4322,#4323,#4324,#4325,#4326,#4327,#4328,#4329,#4330,
    #4331,#4332,#4333,#4334,#4335,#4336,#4337,#4338,#4339,#4340,#4341,
    #4342,#4343,#4344,#4345,#4346,#4347,#4348,#4349,#4350,#4351,#4352,
    #4353,#4354),.UNSPECIFIED.,.T.,.F.,(7,5,5,5,5,5,5,5,5,5,5,5,5,5,5,5,
    5,5,5,5,5,5,5,7),(0.,4.161753573105E-02,9.94434385918E-02,
    0.128118886913,0.152178305526,0.172992023285,0.249221405974,
    0.310862492303,0.347796248862,0.399873294842,0.433866030683,
    0.473241102229,0.526859669802,0.566018430038,0.599611682395,
    0.652343517871,0.689464359539,0.750130646915,0.827272649818,
    0.847966630078,0.871813237078,0.900049674829,0.934045161856,1.),
  .UNSPECIFIED.);
#4238 = CARTESIAN_POINT('',(1.570796326795,240.12074989573));
#4239 = CARTESIAN_POINT('',(1.55212871811,240.12074989573));
#4240 = CARTESIAN_POINT('',(1.533499310003,240.10364730647));
#4241 = CARTESIAN_POINT('',(1.515069120991,240.06957369035));
#4242 = CARTESIAN_POINT('',(1.496997213467,240.01927492665));
#4243 = CARTESIAN_POINT('',(1.479438162163,239.95410110492));
#4244 = CARTESIAN_POINT('',(1.439053708889,239.76755923863));
#4245 = CARTESIAN_POINT('',(1.416838511025,239.63418178571));
#4246 = CARTESIAN_POINT('',(1.39596083827,239.47972103492));
#4247 = CARTESIAN_POINT('',(1.376467194025,239.30761379054));
#4248 = CARTESIAN_POINT('',(1.358385112621,239.12101205063));
#4249 = CARTESIAN_POINT('',(1.333461434032,238.82457400691));
#4250 = CARTESIAN_POINT('',(1.325537800905,238.72333236954));
#4251 = CARTESIAN_POINT('',(1.317949106341,238.61938461748));
#4252 = CARTESIAN_POINT('',(1.310691766527,238.51296689416));
#4253 = CARTESIAN_POINT('',(1.303762228751,238.40428608606));
#4254 = CARTESIAN_POINT('',(1.291614838897,238.20058425326));
#4255 = CARTESIAN_POINT('',(1.286301119573,238.10618265721));
#4256 = CARTESIAN_POINT('',(1.281213735039,238.01042119453));
#4257 = CARTESIAN_POINT('',(1.276350927782,237.91339779671));
#4258 = CARTESIAN_POINT('',(1.271711176167,237.81520221953));
#4259 = CARTESIAN_POINT('',(1.263471214094,237.63002392364));
#4260 = CARTESIAN_POINT('',(1.259815215444,237.54331635181));
#4261 = CARTESIAN_POINT('',(1.256324381717,237.4558466487));
#4262 = CARTESIAN_POINT('',(1.252998022526,237.36766564136));
#4263 = CARTESIAN_POINT('',(1.249835573859,237.27882166278));
#4264 = CARTESIAN_POINT('',(1.235852972997,236.86171292334));
#4265 = CARTESIAN_POINT('',(1.227056428148,236.52562440488));
#4266 = CARTESIAN_POINT('',(1.220436744322,236.18356202677));
#4267 = CARTESIAN_POINT('',(1.215988036141,235.83759529402));
#4268 = CARTESIAN_POINT('',(1.213708743917,235.48958227324));
#4269 = CARTESIAN_POINT('',(1.213515006741,234.85977048535));
#4270 = CARTESIAN_POINT('',(1.214848793562,234.57817985189));
#4271 = CARTESIAN_POINT('',(1.217602232179,234.29758097659));
#4272 = CARTESIAN_POINT('',(1.221775612174,234.01897834639));
#4273 = CARTESIAN_POINT('',(1.227370322731,233.74344311945));
#4274 = CARTESIAN_POINT('',(1.238594265499,233.30963411979));
#4275 = CARTESIAN_POINT('',(1.243310932884,233.14862179625));
#4276 = CARTESIAN_POINT('',(1.248540651563,232.98935304391));
#4277 = CARTESIAN_POINT('',(1.2542857261,232.83207598143));
#4278 = CARTESIAN_POINT('',(1.260549195512,232.67706966038));
#4279 = CARTESIAN_POINT('',(1.276903075776,232.30972289796));
#4280 = CARTESIAN_POINT('',(1.28750854625,232.09995758454));
#4281 = CARTESIAN_POINT('',(1.299166639355,231.89611833656));
#4282 = CARTESIAN_POINT('',(1.311897180497,231.69917972962));
#4283 = CARTESIAN_POINT('',(1.325721861379,231.51038961387));
#4284 = CARTESIAN_POINT('',(1.350413198087,231.21446347886));
#4285 = CARTESIAN_POINT('',(1.360642889687,231.10170293149));
#4286 = CARTESIAN_POINT('',(1.371353653542,230.99354377942));
#4287 = CARTESIAN_POINT('',(1.38254681422,230.89053139876));
#4288 = CARTESIAN_POINT('',(1.394222192078,230.79327008992));
#4289 = CARTESIAN_POINT('',(1.420459283392,230.59719428193));
#4290 = CARTESIAN_POINT('',(1.435207379771,230.50040819965));
#4291 = CARTESIAN_POINT('',(1.450575348297,230.41351364194));
#4292 = CARTESIAN_POINT('',(1.466509582146,230.33781840033));
#4293 = CARTESIAN_POINT('',(1.48295037367,230.27450344276));
#4294 = CARTESIAN_POINT('',(1.522820678086,230.15672919046));
#4295 = CARTESIAN_POINT('',(1.546605706437,230.11382021113));
#4296 = CARTESIAN_POINT('',(1.570796326795,230.09916824597));
#4297 = CARTESIAN_POINT('',(1.594986947153,230.11382021113));
#4298 = CARTESIAN_POINT('',(1.618771975504,230.15672919046));
#4299 = CARTESIAN_POINT('',(1.658549538117,230.27422948959));
#4300 = CARTESIAN_POINT('',(1.674903217963,230.33712548531));
#4301 = CARTESIAN_POINT('',(1.690756536992,230.41227541619));
#4302 = CARTESIAN_POINT('',(1.706050226167,230.49851649112));
#4303 = CARTESIAN_POINT('',(1.72073098712,230.5945589173));
#4304 = CARTESIAN_POINT('',(1.746779707615,230.78854755999));
#4305 = CARTESIAN_POINT('',(1.758338388836,230.88440484713));
#4306 = CARTESIAN_POINT('',(1.769426214177,230.98590219744));
#4307 = CARTESIAN_POINT('',(1.780042870048,231.09245384314));
#4308 = CARTESIAN_POINT('',(1.790189501523,231.20353000607));
#4309 = CARTESIAN_POINT('',(1.815062921182,231.49937027852));
#4310 = CARTESIAN_POINT('',(1.829112742956,231.69014644239));
#4311 = CARTESIAN_POINT('',(1.842039980928,231.88932085596));
#4312 = CARTESIAN_POINT('',(1.853867214193,232.09559163337));
#4313 = CARTESIAN_POINT('',(1.864615103119,232.30794530158));
#4314 = CARTESIAN_POINT('',(1.881116810457,232.67879143134));
#4315 = CARTESIAN_POINT('',(1.887406561563,232.83460512223));
#4316 = CARTESIAN_POINT('',(1.893172709023,232.99270987791));
#4317 = CARTESIAN_POINT('',(1.89841832693,233.15282256323));
#4318 = CARTESIAN_POINT('',(1.903145741326,233.31469151947));
#4319 = CARTESIAN_POINT('',(1.914238647367,233.74514721637));
#4320 = CARTESIAN_POINT('',(1.919741479604,234.01631152333));
#4321 = CARTESIAN_POINT('',(1.92386763259,234.29044949549));
#4322 = CARTESIAN_POINT('',(1.926618441608,234.56653950752));
#4323 = CARTESIAN_POINT('',(1.927994197356,234.84362306386));
#4324 = CARTESIAN_POINT('',(1.927994197356,235.47313867365));
#4325 = CARTESIAN_POINT('',(1.925769773996,235.82538666485));
#4326 = CARTESIAN_POINT('',(1.921323839599,236.17559398846));
#4327 = CARTESIAN_POINT('',(1.914654838063,236.52183761958));
#4328 = CARTESIAN_POINT('',(1.905756725107,236.86197468438));
#4329 = CARTESIAN_POINT('',(1.891631147817,237.28236561126));
#4330 = CARTESIAN_POINT('',(1.88848174801,237.37067406797));
#4331 = CARTESIAN_POINT('',(1.885170316406,237.4583260332));
#4332 = CARTESIAN_POINT('',(1.881696296719,237.5452739712));
#4333 = CARTESIAN_POINT('',(1.87805900905,237.63146790257));
#4334 = CARTESIAN_POINT('',(1.869877172249,237.81525127453));
#4335 = CARTESIAN_POINT('',(1.865278838111,237.91257533533));
#4336 = CARTESIAN_POINT('',(1.860461394891,238.00874810585));
#4337 = CARTESIAN_POINT('',(1.855423362202,238.10368223046));
#4338 = CARTESIAN_POINT('',(1.850163031863,238.19728247879));
#4339 = CARTESIAN_POINT('',(1.838184271511,238.39857499616));
#4340 = CARTESIAN_POINT('',(1.831375832851,238.50568665994));
#4341 = CARTESIAN_POINT('',(1.824249717885,238.61061149027));
#4342 = CARTESIAN_POINT('',(1.816802535593,238.71315289709));
#4343 = CARTESIAN_POINT('',(1.809030859379,238.81308690128));
#4344 = CARTESIAN_POINT('',(1.791179436182,239.02703654417));
#4345 = CARTESIAN_POINT('',(1.780949760541,239.13979686136));
#4346 = CARTESIAN_POINT('',(1.770239027284,239.24795569946));
#4347 = CARTESIAN_POINT('',(1.759045893731,239.35096789965));
#4348 = CARTESIAN_POINT('',(1.747370517544,239.44822928281));
#4349 = CARTESIAN_POINT('',(1.711629969169,239.71532660761));
#4350 = CARTESIAN_POINT('',(1.685970429271,239.86941323301));
#4351 = CARTESIAN_POINT('',(1.658598253284,239.99224736986));
#4352 = CARTESIAN_POINT('',(1.629957285671,240.07737813615));
#4353 = CARTESIAN_POINT('',(1.600523910969,240.12074989573));
#4354 = CARTESIAN_POINT('',(1.570796326795,240.12074989573));
#4355 = ( GEOMETRIC_REPRESENTATION_CONTEXT(2) 
PARAMETRIC_REPRESENTATION_CONTEXT() REPRESENTATION_CONTEXT('2D SPACE',''
  ) );
#4356 = PCURVE('',#2080,#4357);
#4357 = DEFINITIONAL_REPRESENTATION('',(#4358),#4476);
#4358 = B_SPLINE_CURVE_WITH_KNOTS('',6,(#4359,#4360,#4361,#4362,#4363,
    #4364,#4365,#4366,#4367,#4368,#4369,#4370,#4371,#4372,#4373,#4374,
    #4375,#4376,#4377,#4378,#4379,#4380,#4381,#4382,#4383,#4384,#4385,
    #4386,#4387,#4388,#4389,#4390,#4391,#4392,#4393,#4394,#4395,#4396,
    #4397,#4398,#4399,#4400,#4401,#4402,#4403,#4404,#4405,#4406,#4407,
    #4408,#4409,#4410,#4411,#4412,#4413,#4414,#4415,#4416,#4417,#4418,
    #4419,#4420,#4421,#4422,#4423,#4424,#4425,#4426,#4427,#4428,#4429,
    #4430,#4431,#4432,#4433,#4434,#4435,#4436,#4437,#4438,#4439,#4440,
    #4441,#4442,#4443,#4444,#4445,#4446,#4447,#4448,#4449,#4450,#4451,
    #4452,#4453,#4454,#4455,#4456,#4457,#4458,#4459,#4460,#4461,#4462,
    #4463,#4464,#4465,#4466,#4467,#4468,#4469,#4470,#4471,#4472,#4473,
    #4474,#4475),.UNSPECIFIED.,.F.,.F.,(7,5,5,5,5,5,5,5,5,5,5,5,5,5,5,5,
    5,5,5,5,5,5,5,7),(0.,4.161753573105E-02,9.94434385918E-02,
    0.128118886913,0.152178305526,0.172992023285,0.249221405974,
    0.310862492303,0.347796248862,0.399873294842,0.433866030683,
    0.473241102229,0.526859669802,0.566018430038,0.599611682395,
    0.652343517871,0.689464359539,0.750130646915,0.827272649818,
    0.847966630078,0.871813237078,0.900049674829,0.934045161856,1.),
  .UNSPECIFIED.);
#4359 = CARTESIAN_POINT('',(0.,8.3));
#4360 = CARTESIAN_POINT('',(5.338936083837E-02,8.3));
#4361 = CARTESIAN_POINT('',(0.10666945098,8.294020107407));
#4362 = CARTESIAN_POINT('',(0.159620318357,8.282106097575));
#4363 = CARTESIAN_POINT('',(0.21202210952,8.264654160958));
#4364 = CARTESIAN_POINT('',(0.263632188122,8.242396958413));
#4365 = CARTESIAN_POINT('',(0.384364620117,8.179999546561));
#4366 = CARTESIAN_POINT('',(0.452485451969,8.136267317287));
#4367 = CARTESIAN_POINT('',(0.518696779541,8.087135398214));
#4368 = CARTESIAN_POINT('',(0.583111284911,8.034625457233));
#4369 = CARTESIAN_POINT('',(0.645810530672,7.980549124575));
#4370 = CARTESIAN_POINT('',(0.737101873585,7.899617830464));
#4371 = CARTESIAN_POINT('',(0.766993503475,7.872747663151));
#4372 = CARTESIAN_POINT('',(0.796540709702,7.846002888207));
#4373 = CARTESIAN_POINT('',(0.825768644745,7.819534056702));
#4374 = CARTESIAN_POINT('',(0.854701721539,7.793476440617));
#4375 = CARTESIAN_POINT('',(0.907414230476,7.746534156387));
#4376 = CARTESIAN_POINT('',(0.931273096721,7.72549253074));
#4377 = CARTESIAN_POINT('',(0.954955747623,7.704897443126));
#4378 = CARTESIAN_POINT('',(0.978475589227,7.684814903369));
#4379 = CARTESIAN_POINT('',(1.00184529706,7.665305415142));
#4380 = CARTESIAN_POINT('',(1.045174320952,7.630089709873));
#4381 = CARTESIAN_POINT('',(1.065168351569,7.614225643307));
#4382 = CARTESIAN_POINT('',(1.085066599668,7.598867547703));
#4383 = CARTESIAN_POINT('',(1.104876359331,7.584048611323));
#4384 = CARTESIAN_POINT('',(1.124604527048,7.569799439257));
#4385 = CARTESIAN_POINT('',(1.216236176965,7.506150415969));
#4386 = CARTESIAN_POINT('',(1.287244134301,7.464146695702));
#4387 = CARTESIAN_POINT('',(1.357551822539,7.431562885462));
#4388 = CARTESIAN_POINT('',(1.427402281809,7.409336233203));
#4389 = CARTESIAN_POINT('',(1.497029248196,7.397939238889));
#4390 = CARTESIAN_POINT('',(1.622992675454,7.396970561237));
#4391 = CARTESIAN_POINT('',(1.679295552437,7.403639503176));
#4392 = CARTESIAN_POINT('',(1.735706061903,7.417413234591));
#4393 = CARTESIAN_POINT('',(1.792343681653,7.438099645838));
#4394 = CARTESIAN_POINT('',(1.849330814996,7.465306674708));
#4395 = CARTESIAN_POINT('',(1.941231679263,7.51828819369));
#4396 = CARTESIAN_POINT('',(1.975838429683,7.540266322032));
#4397 = CARTESIAN_POINT('',(2.010655668918,7.564248447085));
#4398 = CARTESIAN_POINT('',(2.045719093912,7.590086440346));
#4399 = CARTESIAN_POINT('',(2.081065593334,7.617605533329));
#4400 = CARTESIAN_POINT('',(2.167030861297,7.687488930547));
#4401 = CARTESIAN_POINT('',(2.217963469702,7.731308922541));
#4402 = CARTESIAN_POINT('',(2.269670683524,7.777511915722));
#4403 = CARTESIAN_POINT('',(2.322290170997,7.825432642441));
#4404 = CARTESIAN_POINT('',(2.375966478045,7.874257336169));
#4405 = CARTESIAN_POINT('',(2.466686941125,7.954799383601));
#4406 = CARTESIAN_POINT('',(2.5030448527,7.986579343246));
#4407 = CARTESIAN_POINT('',(2.539963796544,8.018042329229));
#4408 = CARTESIAN_POINT('',(2.577476275988,8.048865509088));
#4409 = CARTESIAN_POINT('',(2.615617969557,8.078694473388));
#4410 = CARTESIAN_POINT('',(2.699389639083,8.140104958674));
#4411 = CARTESIAN_POINT('',(2.745319398304,8.171267801627));
#4412 = CARTESIAN_POINT('',(2.79213584998,8.199917119425));
#4413 = CARTESIAN_POINT('',(2.839779030267,8.22534315295));
#4414 = CARTESIAN_POINT('',(2.888206957196,8.246891271366));
#4415 = CARTESIAN_POINT('',(3.004362411705,8.287317227354));
#4416 = CARTESIAN_POINT('',(3.072672620312,8.302387911876));
#4417 = CARTESIAN_POINT('',(3.14159265359,8.307626964888));
#4418 = CARTESIAN_POINT('',(3.210512686868,8.302387911876));
#4419 = CARTESIAN_POINT('',(3.278822895474,8.287317227354));
#4420 = CARTESIAN_POINT('',(3.394708162273,8.246985305663));
#4421 = CARTESIAN_POINT('',(3.442876483364,8.225578969114));
#4422 = CARTESIAN_POINT('',(3.490269781622,8.200333029523));
#4423 = CARTESIAN_POINT('',(3.536845402259,8.171891585088));
#4424 = CARTESIAN_POINT('',(3.582542941169,8.140953764322));
#4425 = CARTESIAN_POINT('',(3.665654624499,8.080154178387));
#4426 = CARTESIAN_POINT('',(3.703375298043,8.050726069307));
#4427 = CARTESIAN_POINT('',(3.740480244649,8.02031346195));
#4428 = CARTESIAN_POINT('',(3.777003730074,7.989259557951));
#4429 = CARTESIAN_POINT('',(3.81297695953,7.957877547383));
#4430 = CARTESIAN_POINT('',(3.904084212234,7.877109452305));
#4431 = CARTESIAN_POINT('',(3.958484171587,7.827629145113));
#4432 = CARTESIAN_POINT('',(4.011795386728,7.779046810336));
#4433 = CARTESIAN_POINT('',(4.064168082779,7.73221074099));
#4434 = CARTESIAN_POINT('',(4.115745243333,7.687812689284));
#4435 = CARTESIAN_POINT('',(4.202517835869,7.617288182388));
#4436 = CARTESIAN_POINT('',(4.23803957327,7.589646177955));
#4437 = CARTESIAN_POINT('',(4.273275758626,7.563704055844));
#4438 = CARTESIAN_POINT('',(4.308263797006,7.539639034412));
#4439 = CARTESIAN_POINT('',(4.343039879591,7.517601163537));
#4440 = CARTESIAN_POINT('',(4.434190490313,7.465215287431));
#4441 = CARTESIAN_POINT('',(4.490275834994,7.438461391844));
#4442 = CARTESIAN_POINT('',(4.546022372662,7.418020322415));
#4443 = CARTESIAN_POINT('',(4.601546942165,7.404266752648));
#4444 = CARTESIAN_POINT('',(4.65696361401,7.397387805091));
#4445 = CARTESIAN_POINT('',(4.782866735968,7.397387805091));
#4446 = CARTESIAN_POINT('',(4.853316104006,7.408510793005));
#4447 = CARTESIAN_POINT('',(4.923988219042,7.430738002741));
#4448 = CARTESIAN_POINT('',(4.995124756817,7.463588371036));
#4449 = CARTESIAN_POINT('',(5.066977072329,7.506093403274));
#4450 = CARTESIAN_POINT('',(5.159367487627,7.570367002548));
#4451 = CARTESIAN_POINT('',(5.178984059537,7.584552004905));
#4452 = CARTESIAN_POINT('',(5.198681448762,7.599299452261));
#4453 = CARTESIAN_POINT('',(5.218466439157,7.61457922544));
#4454 = CARTESIAN_POINT('',(5.238346203316,7.630358680199));
#4455 = CARTESIAN_POINT('',(5.281354576966,7.665321303253));
#4456 = CARTESIAN_POINT('',(5.304516671953,7.684656563626));
#4457 = CARTESIAN_POINT('',(5.327826219478,7.70455485309));
#4458 = CARTESIAN_POINT('',(5.351295556791,7.724957287341));
#4459 = CARTESIAN_POINT('',(5.374937726441,7.745799673034));
#4460 = CARTESIAN_POINT('',(5.426981769606,7.792130332213));
#4461 = CARTESIAN_POINT('',(5.455458061638,7.817766825185));
#4462 = CARTESIAN_POINT('',(5.484219259104,7.843806912302));
#4463 = CARTESIAN_POINT('',(5.513288668905,7.870121928458));
#4464 = CARTESIAN_POINT('',(5.542690289225,7.896568894311));
#4465 = CARTESIAN_POINT('',(5.608279665702,7.954799446624));
#4466 = CARTESIAN_POINT('',(5.644637514034,7.986579348843));
#4467 = CARTESIAN_POINT('',(5.681556352411,8.018042241427));
#4468 = CARTESIAN_POINT('',(5.719068748369,8.048865359172));
#4469 = CARTESIAN_POINT('',(5.757210444244,8.07869434224));
#4470 = CARTESIAN_POINT('',(5.871325434022,8.162348600778));
#4471 = CARTESIAN_POINT('',(5.950001934692,8.212990634158));
#4472 = CARTESIAN_POINT('',(6.031099975088,8.255066819249));
#4473 = CARTESIAN_POINT('',(6.113985151219,8.284835668637));
#4474 = CARTESIAN_POINT('',(6.198164416443,8.3));
#4475 = CARTESIAN_POINT('',(6.28318530718,8.3));
#4476 = ( GEOMETRIC_REPRESENTATION_CONTEXT(2) 
PARAMETRIC_REPRESENTATION_CONTEXT() REPRESENTATION_CONTEXT('2D SPACE',''
  ) );
#4477 = FACE_BOUND('',#4478,.T.);
#4478 = EDGE_LOOP('',(#4479));
#4479 = ORIENTED_EDGE('',*,*,#2625,.F.);
#4480 = FACE_BOUND('',#4481,.T.);
#4481 = EDGE_LOOP('',(#4482,#4510,#4565,#4591));
#4482 = ORIENTED_EDGE('',*,*,#4483,.T.);
#4483 = EDGE_CURVE('',#4484,#4486,#4488,.T.);
#4484 = VERTEX_POINT('',#4485);
#4485 = CARTESIAN_POINT('',(295.93886725433,-14.06164997431,2.6));
#4486 = VERTEX_POINT('',#4487);
#4487 = CARTESIAN_POINT('',(304.06113274566,-14.06164997431,2.6));
#4488 = SURFACE_CURVE('',#4489,(#4493,#4499),.PCURVE_S1.);
#4489 = LINE('',#4490,#4491);
#4490 = CARTESIAN_POINT('',(56.,-14.06164997431,2.6));
#4491 = VECTOR('',#4492,1.);
#4492 = DIRECTION('',(1.,0.,0.));
#4493 = PCURVE('',#2889,#4494);
#4494 = DEFINITIONAL_REPRESENTATION('',(#4495),#4498);
#4495 = B_SPLINE_CURVE_WITH_KNOTS('',1,(#4496,#4497),.UNSPECIFIED.,.F.,
  .F.,(2,2),(238.6,249.4),.PIECEWISE_BEZIER_KNOTS.);
#4496 = CARTESIAN_POINT('',(2.958757516597,238.6));
#4497 = CARTESIAN_POINT('',(2.958757516597,249.4));
#4498 = ( GEOMETRIC_REPRESENTATION_CONTEXT(2) 
PARAMETRIC_REPRESENTATION_CONTEXT() REPRESENTATION_CONTEXT('2D SPACE',''
  ) );
#4499 = PCURVE('',#4500,#4505);
#4500 = PLANE('',#4501);
#4501 = AXIS2_PLACEMENT_3D('',#4502,#4503,#4504);
#4502 = CARTESIAN_POINT('',(300.,-16.,2.6));
#4503 = DIRECTION('',(0.,0.,1.));
#4504 = DIRECTION('',(1.,0.,-0.));
#4505 = DEFINITIONAL_REPRESENTATION('',(#4506),#4509);
#4506 = B_SPLINE_CURVE_WITH_KNOTS('',1,(#4507,#4508),.UNSPECIFIED.,.F.,
  .F.,(2,2),(238.6,249.4),.PIECEWISE_BEZIER_KNOTS.);
#4507 = CARTESIAN_POINT('',(-5.4,1.93835002569));
#4508 = CARTESIAN_POINT('',(5.4,1.93835002569));
#4509 = ( GEOMETRIC_REPRESENTATION_CONTEXT(2) 
PARAMETRIC_REPRESENTATION_CONTEXT() REPRESENTATION_CONTEXT('2D SPACE',''
  ) );
#4510 = ORIENTED_EDGE('',*,*,#4511,.T.);
#4511 = EDGE_CURVE('',#4486,#4512,#4514,.T.);
#4512 = VERTEX_POINT('',#4513);
#4513 = CARTESIAN_POINT('',(304.06113274566,-14.06164997431,-2.6));
#4514 = SURFACE_CURVE('',#4515,(#4528,#4544),.PCURVE_S1.);
#4515 = B_SPLINE_CURVE_WITH_KNOTS('',6,(#4516,#4517,#4518,#4519,#4520,
    #4521,#4522,#4523,#4524,#4525,#4526,#4527),.UNSPECIFIED.,.F.,.F.,(7,
    5,7),(0.,0.500000000001,1.),.UNSPECIFIED.);
#4516 = CARTESIAN_POINT('',(304.06113269271,-14.06164986337,2.6000006));
#4517 = CARTESIAN_POINT('',(304.0990408349,-14.14107307627,
    2.170454002638));
#4518 = CARTESIAN_POINT('',(304.12710833473,-14.20467335781,
    1.738412731925));
#4519 = CARTESIAN_POINT('',(304.14708781369,-14.2523404111,
    1.304795670538));
#4520 = CARTESIAN_POINT('',(304.16005005206,-14.28411029894,
    0.870221962744));
#4521 = CARTESIAN_POINT('',(304.1665333312,-14.3,0.435147092283));
#4522 = CARTESIAN_POINT('',(304.1665333312,-14.3,-0.43514709228));
#4523 = CARTESIAN_POINT('',(304.16005005206,-14.28411029894,
    -0.870221962744));
#4524 = CARTESIAN_POINT('',(304.14708781369,-14.2523404111,
    -1.304795670539));
#4525 = CARTESIAN_POINT('',(304.12710833473,-14.20467335781,
    -1.738412731926));
#4526 = CARTESIAN_POINT('',(304.0990408349,-14.14107307627,
    -2.170454002637));
#4527 = CARTESIAN_POINT('',(304.06113269271,-14.06164986337,-2.6000006)
  );
#4528 = PCURVE('',#2889,#4529);
#4529 = DEFINITIONAL_REPRESENTATION('',(#4530),#4543);
#4530 = B_SPLINE_CURVE_WITH_KNOTS('',6,(#4531,#4532,#4533,#4534,#4535,
    #4536,#4537,#4538,#4539,#4540,#4541,#4542),.UNSPECIFIED.,.F.,.F.,(7,
    5,7),(0.,0.500000000001,1.),.UNSPECIFIED.);
#4531 = CARTESIAN_POINT('',(2.958757473928,248.06113269271));
#4532 = CARTESIAN_POINT('',(2.989304856456,248.0990408349));
#4533 = CARTESIAN_POINT('',(3.01982259708,248.12710833473));
#4534 = CARTESIAN_POINT('',(3.05029745411,248.14708781369));
#4535 = CARTESIAN_POINT('',(3.080737979114,248.16005005206));
#4536 = CARTESIAN_POINT('',(3.111162786997,248.1665333312));
#4537 = CARTESIAN_POINT('',(3.172022520183,248.1665333312));
#4538 = CARTESIAN_POINT('',(3.202447328066,248.16005005206));
#4539 = CARTESIAN_POINT('',(3.232887853069,248.14708781369));
#4540 = CARTESIAN_POINT('',(3.2633627101,248.12710833473));
#4541 = CARTESIAN_POINT('',(3.293880450723,248.0990408349));
#4542 = CARTESIAN_POINT('',(3.324427833252,248.06113269271));
#4543 = ( GEOMETRIC_REPRESENTATION_CONTEXT(2) 
PARAMETRIC_REPRESENTATION_CONTEXT() REPRESENTATION_CONTEXT('2D SPACE',''
  ) );
#4544 = PCURVE('',#4545,#4550);
#4545 = CYLINDRICAL_SURFACE('',#4546,4.5);
#4546 = AXIS2_PLACEMENT_3D('',#4547,#4548,#4549);
#4547 = CARTESIAN_POINT('',(300.,-16.,-2.6));
#4548 = DIRECTION('',(0.,0.,1.));
#4549 = DIRECTION('',(1.,0.,-0.));
#4550 = DEFINITIONAL_REPRESENTATION('',(#4551),#4564);
#4551 = B_SPLINE_CURVE_WITH_KNOTS('',6,(#4552,#4553,#4554,#4555,#4556,
    #4557,#4558,#4559,#4560,#4561,#4562,#4563),.UNSPECIFIED.,.F.,.F.,(7,
    5,7),(1.164018063926E-07,0.500000000001,0.999999883598),
  .UNSPECIFIED.);
#4552 = CARTESIAN_POINT('',(6.728502821216,5.2));
#4553 = CARTESIAN_POINT('',(6.708945918999,4.770453499734));
#4554 = CARTESIAN_POINT('',(6.69350422397,4.338412328134));
#4555 = CARTESIAN_POINT('',(6.682018870022,3.904795367027));
#4556 = CARTESIAN_POINT('',(6.674394041661,3.47022176017));
#4557 = CARTESIAN_POINT('',(6.670580348236,3.035146990979));
#4558 = CARTESIAN_POINT('',(6.670580348236,2.164853009024));
#4559 = CARTESIAN_POINT('',(6.674394041661,1.72977823983));
#4560 = CARTESIAN_POINT('',(6.682018870022,1.295204632972));
#4561 = CARTESIAN_POINT('',(6.69350422397,0.861587671865));
#4562 = CARTESIAN_POINT('',(6.708945918999,0.429546500267));
#4563 = CARTESIAN_POINT('',(6.728502821216,-1.212350938511E-15));
#4564 = ( GEOMETRIC_REPRESENTATION_CONTEXT(2) 
PARAMETRIC_REPRESENTATION_CONTEXT() REPRESENTATION_CONTEXT('2D SPACE',''
  ) );
#4565 = ORIENTED_EDGE('',*,*,#4566,.F.);
#4566 = EDGE_CURVE('',#4567,#4512,#4569,.T.);
#4567 = VERTEX_POINT('',#4568);
#4568 = CARTESIAN_POINT('',(295.93886725433,-14.06164997431,-2.6));
#4569 = SURFACE_CURVE('',#4570,(#4574,#4580),.PCURVE_S1.);
#4570 = LINE('',#4571,#4572);
#4571 = CARTESIAN_POINT('',(56.,-14.06164997431,-2.6));
#4572 = VECTOR('',#4573,1.);
#4573 = DIRECTION('',(1.,0.,0.));
#4574 = PCURVE('',#2889,#4575);
#4575 = DEFINITIONAL_REPRESENTATION('',(#4576),#4579);
#4576 = B_SPLINE_CURVE_WITH_KNOTS('',1,(#4577,#4578),.UNSPECIFIED.,.F.,
  .F.,(2,2),(238.6,249.4),.PIECEWISE_BEZIER_KNOTS.);
#4577 = CARTESIAN_POINT('',(3.324427790583,238.6));
#4578 = CARTESIAN_POINT('',(3.324427790583,249.4));
#4579 = ( GEOMETRIC_REPRESENTATION_CONTEXT(2) 
PARAMETRIC_REPRESENTATION_CONTEXT() REPRESENTATION_CONTEXT('2D SPACE',''
  ) );
#4580 = PCURVE('',#4581,#4586);
#4581 = PLANE('',#4582);
#4582 = AXIS2_PLACEMENT_3D('',#4583,#4584,#4585);
#4583 = CARTESIAN_POINT('',(300.,-16.,-2.6));
#4584 = DIRECTION('',(0.,0.,1.));
#4585 = DIRECTION('',(1.,0.,-0.));
#4586 = DEFINITIONAL_REPRESENTATION('',(#4587),#4590);
#4587 = B_SPLINE_CURVE_WITH_KNOTS('',1,(#4588,#4589),.UNSPECIFIED.,.F.,
  .F.,(2,2),(238.6,249.4),.PIECEWISE_BEZIER_KNOTS.);
#4588 = CARTESIAN_POINT('',(-5.4,1.93835002569));
#4589 = CARTESIAN_POINT('',(5.4,1.93835002569));
#4590 = ( GEOMETRIC_REPRESENTATION_CONTEXT(2) 
PARAMETRIC_REPRESENTATION_CONTEXT() REPRESENTATION_CONTEXT('2D SPACE',''
  ) );
#4591 = ORIENTED_EDGE('',*,*,#4592,.T.);
#4592 = EDGE_CURVE('',#4567,#4484,#4593,.T.);
#4593 = SURFACE_CURVE('',#4594,(#4607,#4623),.PCURVE_S1.);
#4594 = B_SPLINE_CURVE_WITH_KNOTS('',6,(#4595,#4596,#4597,#4598,#4599,
    #4600,#4601,#4602,#4603,#4604,#4605,#4606),.UNSPECIFIED.,.F.,.F.,(7,
    5,7),(0.,0.5,1.),.UNSPECIFIED.);
#4595 = CARTESIAN_POINT('',(295.93886730728,-14.06164986337,-2.6000006)
  );
#4596 = CARTESIAN_POINT('',(295.90095915598,-14.14107309536,
    -2.170453899375));
#4597 = CARTESIAN_POINT('',(295.8728916792,-14.20467333,-1.738412840021)
  );
#4598 = CARTESIAN_POINT('',(295.8529121928,-14.25234039226,
    -1.304795888318));
#4599 = CARTESIAN_POINT('',(295.83994994504,-14.28411030652,
    -0.870222060533));
#4600 = CARTESIAN_POINT('',(295.8334666688,-14.3,-0.43514698561));
#4601 = CARTESIAN_POINT('',(295.8334666688,-14.3,0.43514698561));
#4602 = CARTESIAN_POINT('',(295.83994994504,-14.28411030652,
    0.87022206053));
#4603 = CARTESIAN_POINT('',(295.8529121928,-14.25234039226,
    1.304795888321));
#4604 = CARTESIAN_POINT('',(295.8728916792,-14.20467333,1.73841284002));
#4605 = CARTESIAN_POINT('',(295.90095915598,-14.14107309536,
    2.170453899376));
#4606 = CARTESIAN_POINT('',(295.93886730728,-14.06164986337,2.6000006));
#4607 = PCURVE('',#2889,#4608);
#4608 = DEFINITIONAL_REPRESENTATION('',(#4609),#4622);
#4609 = B_SPLINE_CURVE_WITH_KNOTS('',6,(#4610,#4611,#4612,#4613,#4614,
    #4615,#4616,#4617,#4618,#4619,#4620,#4621),.UNSPECIFIED.,.F.,.F.,(7,
    5,7),(0.,0.5,1.),.UNSPECIFIED.);
#4610 = CARTESIAN_POINT('',(3.324427833252,239.93886730728));
#4611 = CARTESIAN_POINT('',(3.29388044338,239.90095915598));
#4612 = CARTESIAN_POINT('',(3.263362717888,239.8728916792));
#4613 = CARTESIAN_POINT('',(3.232887868238,239.8529121928));
#4614 = CARTESIAN_POINT('',(3.20244733492,239.83994994504));
#4615 = CARTESIAN_POINT('',(3.172022512723,239.8334666688));
#4616 = CARTESIAN_POINT('',(3.111162794456,239.8334666688));
#4617 = CARTESIAN_POINT('',(3.08073797226,239.83994994504));
#4618 = CARTESIAN_POINT('',(3.050297438941,239.8529121928));
#4619 = CARTESIAN_POINT('',(3.019822589292,239.8728916792));
#4620 = CARTESIAN_POINT('',(2.9893048638,239.90095915598));
#4621 = CARTESIAN_POINT('',(2.958757473928,239.93886730728));
#4622 = ( GEOMETRIC_REPRESENTATION_CONTEXT(2) 
PARAMETRIC_REPRESENTATION_CONTEXT() REPRESENTATION_CONTEXT('2D SPACE',''
  ) );
#4623 = PCURVE('',#4545,#4624);
#4624 = DEFINITIONAL_REPRESENTATION('',(#4625),#4638);
#4625 = B_SPLINE_CURVE_WITH_KNOTS('',6,(#4626,#4627,#4628,#4629,#4630,
    #4631,#4632,#4633,#4634,#4635,#4636,#4637),.UNSPECIFIED.,.F.,.F.,(7,
    5,7),(1.164017761985E-07,0.5,0.999999883598),.UNSPECIFIED.);
#4626 = CARTESIAN_POINT('',(2.696275139553,-1.091731024837E-14));
#4627 = CARTESIAN_POINT('',(2.715832046471,0.429546603528));
#4628 = CARTESIAN_POINT('',(2.73127372992,0.861587563769));
#4629 = CARTESIAN_POINT('',(2.74275908622,1.295204415193));
#4630 = CARTESIAN_POINT('',(2.750383921004,1.729778142041));
#4631 = CARTESIAN_POINT('',(2.754197612534,2.164853115694));
#4632 = CARTESIAN_POINT('',(2.754197612534,3.035146884306));
#4633 = CARTESIAN_POINT('',(2.750383921004,3.470221857956));
#4634 = CARTESIAN_POINT('',(2.74275908622,3.90479558481));
#4635 = CARTESIAN_POINT('',(2.73127372992,4.33841243623));
#4636 = CARTESIAN_POINT('',(2.715832046471,4.770453396472));
#4637 = CARTESIAN_POINT('',(2.696275139553,5.2));
#4638 = ( GEOMETRIC_REPRESENTATION_CONTEXT(2) 
PARAMETRIC_REPRESENTATION_CONTEXT() REPRESENTATION_CONTEXT('2D SPACE',''
  ) );
#4639 = ADVANCED_FACE('',(#4640),#4581,.F.);
#4640 = FACE_BOUND('',#4641,.F.);
#4641 = EDGE_LOOP('',(#4642,#4664));
#4642 = ORIENTED_EDGE('',*,*,#4643,.T.);
#4643 = EDGE_CURVE('',#4567,#4512,#4644,.T.);
#4644 = SURFACE_CURVE('',#4645,(#4650,#4657),.PCURVE_S1.);
#4645 = CIRCLE('',#4646,4.5);
#4646 = AXIS2_PLACEMENT_3D('',#4647,#4648,#4649);
#4647 = CARTESIAN_POINT('',(300.,-16.,-2.6));
#4648 = DIRECTION('',(0.,0.,1.));
#4649 = DIRECTION('',(-0.902473943481,0.430744450153,0.));
#4650 = PCURVE('',#4581,#4651);
#4651 = DEFINITIONAL_REPRESENTATION('',(#4652),#4656);
#4652 = CIRCLE('',#4653,4.5);
#4653 = AXIS2_PLACEMENT_2D('',#4654,#4655);
#4654 = CARTESIAN_POINT('',(0.,0.));
#4655 = DIRECTION('',(-0.902473943481,0.430744450153));
#4656 = ( GEOMETRIC_REPRESENTATION_CONTEXT(2) 
PARAMETRIC_REPRESENTATION_CONTEXT() REPRESENTATION_CONTEXT('2D SPACE',''
  ) );
#4657 = PCURVE('',#4545,#4658);
#4658 = DEFINITIONAL_REPRESENTATION('',(#4659),#4663);
#4659 = LINE('',#4660,#4661);
#4660 = CARTESIAN_POINT('',(2.696275139553,0.));
#4661 = VECTOR('',#4662,1.);
#4662 = DIRECTION('',(1.,0.));
#4663 = ( GEOMETRIC_REPRESENTATION_CONTEXT(2) 
PARAMETRIC_REPRESENTATION_CONTEXT() REPRESENTATION_CONTEXT('2D SPACE',''
  ) );
#4664 = ORIENTED_EDGE('',*,*,#4566,.F.);
#4665 = ADVANCED_FACE('',(#4666),#4545,.T.);
#4666 = FACE_BOUND('',#4667,.T.);
#4667 = EDGE_LOOP('',(#4668,#4669,#4670,#4692));
#4668 = ORIENTED_EDGE('',*,*,#4643,.T.);
#4669 = ORIENTED_EDGE('',*,*,#4511,.F.);
#4670 = ORIENTED_EDGE('',*,*,#4671,.F.);
#4671 = EDGE_CURVE('',#4484,#4486,#4672,.T.);
#4672 = SURFACE_CURVE('',#4673,(#4678,#4685),.PCURVE_S1.);
#4673 = CIRCLE('',#4674,4.5);
#4674 = AXIS2_PLACEMENT_3D('',#4675,#4676,#4677);
#4675 = CARTESIAN_POINT('',(300.,-16.,2.6));
#4676 = DIRECTION('',(0.,0.,1.));
#4677 = DIRECTION('',(-0.902473943481,0.430744450153,0.));
#4678 = PCURVE('',#4545,#4679);
#4679 = DEFINITIONAL_REPRESENTATION('',(#4680),#4684);
#4680 = LINE('',#4681,#4682);
#4681 = CARTESIAN_POINT('',(2.696275139553,5.2));
#4682 = VECTOR('',#4683,1.);
#4683 = DIRECTION('',(1.,0.));
#4684 = ( GEOMETRIC_REPRESENTATION_CONTEXT(2) 
PARAMETRIC_REPRESENTATION_CONTEXT() REPRESENTATION_CONTEXT('2D SPACE',''
  ) );
#4685 = PCURVE('',#4500,#4686);
#4686 = DEFINITIONAL_REPRESENTATION('',(#4687),#4691);
#4687 = CIRCLE('',#4688,4.5);
#4688 = AXIS2_PLACEMENT_2D('',#4689,#4690);
#4689 = CARTESIAN_POINT('',(0.,0.));
#4690 = DIRECTION('',(-0.902473943481,0.430744450153));
#4691 = ( GEOMETRIC_REPRESENTATION_CONTEXT(2) 
PARAMETRIC_REPRESENTATION_CONTEXT() REPRESENTATION_CONTEXT('2D SPACE',''
  ) );
#4692 = ORIENTED_EDGE('',*,*,#4592,.F.);
#4693 = ADVANCED_FACE('',(#4694),#4500,.T.);
#4694 = FACE_BOUND('',#4695,.T.);
#4695 = EDGE_LOOP('',(#4696,#4697));
#4696 = ORIENTED_EDGE('',*,*,#4671,.T.);
#4697 = ORIENTED_EDGE('',*,*,#4483,.F.);
#4698 = ADVANCED_FACE('',(#4699,#4730),#3090,.T.);
#4699 = FACE_BOUND('',#4700,.T.);
#4700 = EDGE_LOOP('',(#4701));
#4701 = ORIENTED_EDGE('',*,*,#4702,.T.);
#4702 = EDGE_CURVE('',#4703,#4703,#4705,.T.);
#4703 = VERTEX_POINT('',#4704);
#4704 = CARTESIAN_POINT('',(194.,-3.771912141374E-15,-15.4));
#4705 = SURFACE_CURVE('',#4706,(#4711,#4718),.PCURVE_S1.);
#4706 = CIRCLE('',#4707,15.4);
#4707 = AXIS2_PLACEMENT_3D('',#4708,#4709,#4710);
#4708 = CARTESIAN_POINT('',(194.,0.,2.442490654175E-15));
#4709 = DIRECTION('',(1.,-0.,2.22044604925E-16));
#4710 = DIRECTION('',(2.22044604925E-16,0.,-1.));
#4711 = PCURVE('',#3090,#4712);
#4712 = DEFINITIONAL_REPRESENTATION('',(#4713),#4717);
#4713 = CIRCLE('',#4714,15.4);
#4714 = AXIS2_PLACEMENT_2D('',#4715,#4716);
#4715 = CARTESIAN_POINT('',(0.,0.));
#4716 = DIRECTION('',(1.,0.));
#4717 = ( GEOMETRIC_REPRESENTATION_CONTEXT(2) 
PARAMETRIC_REPRESENTATION_CONTEXT() REPRESENTATION_CONTEXT('2D SPACE',''
  ) );
#4718 = PCURVE('',#4719,#4724);
#4719 = CYLINDRICAL_SURFACE('',#4720,15.4);
#4720 = AXIS2_PLACEMENT_3D('',#4721,#4722,#4723);
#4721 = CARTESIAN_POINT('',(172.,0.,-2.442490654175E-15));
#4722 = DIRECTION('',(1.,0.,2.22044604925E-16));
#4723 = DIRECTION('',(2.22044604925E-16,0.,-1.));
#4724 = DEFINITIONAL_REPRESENTATION('',(#4725),#4729);
#4725 = LINE('',#4726,#4727);
#4726 = CARTESIAN_POINT('',(0.,22.));
#4727 = VECTOR('',#4728,1.);
#4728 = DIRECTION('',(1.,0.));
#4729 = ( GEOMETRIC_REPRESENTATION_CONTEXT(2) 
PARAMETRIC_REPRESENTATION_CONTEXT() REPRESENTATION_CONTEXT('2D SPACE',''
  ) );
#4730 = FACE_BOUND('',#4731,.T.);
#4731 = EDGE_LOOP('',(#4732));
#4732 = ORIENTED_EDGE('',*,*,#3075,.F.);
#4733 = ADVANCED_FACE('',(#4734),#4719,.T.);
#4734 = FACE_BOUND('',#4735,.T.);
#4735 = EDGE_LOOP('',(#4736,#4737,#4760,#4782));
#4736 = ORIENTED_EDGE('',*,*,#4702,.F.);
#4737 = ORIENTED_EDGE('',*,*,#4738,.F.);
#4738 = EDGE_CURVE('',#4739,#4703,#4741,.T.);
#4739 = VERTEX_POINT('',#4740);
#4740 = CARTESIAN_POINT('',(172.,-3.771912141374E-15,-15.4));
#4741 = SEAM_CURVE('',#4742,(#4746,#4753),.PCURVE_S1.);
#4742 = LINE('',#4743,#4744);
#4743 = CARTESIAN_POINT('',(172.,-3.771912141374E-15,-15.4));
#4744 = VECTOR('',#4745,1.);
#4745 = DIRECTION('',(1.,0.,2.22044604925E-16));
#4746 = PCURVE('',#4719,#4747);
#4747 = DEFINITIONAL_REPRESENTATION('',(#4748),#4752);
#4748 = LINE('',#4749,#4750);
#4749 = CARTESIAN_POINT('',(6.28318530718,-0.));
#4750 = VECTOR('',#4751,1.);
#4751 = DIRECTION('',(0.,1.));
#4752 = ( GEOMETRIC_REPRESENTATION_CONTEXT(2) 
PARAMETRIC_REPRESENTATION_CONTEXT() REPRESENTATION_CONTEXT('2D SPACE',''
  ) );
#4753 = PCURVE('',#4719,#4754);
#4754 = DEFINITIONAL_REPRESENTATION('',(#4755),#4759);
#4755 = LINE('',#4756,#4757);
#4756 = CARTESIAN_POINT('',(0.,-0.));
#4757 = VECTOR('',#4758,1.);
#4758 = DIRECTION('',(0.,1.));
#4759 = ( GEOMETRIC_REPRESENTATION_CONTEXT(2) 
PARAMETRIC_REPRESENTATION_CONTEXT() REPRESENTATION_CONTEXT('2D SPACE',''
  ) );
#4760 = ORIENTED_EDGE('',*,*,#4761,.T.);
#4761 = EDGE_CURVE('',#4739,#4739,#4762,.T.);
#4762 = SURFACE_CURVE('',#4763,(#4768,#4775),.PCURVE_S1.);
#4763 = CIRCLE('',#4764,15.4);
#4764 = AXIS2_PLACEMENT_3D('',#4765,#4766,#4767);
#4765 = CARTESIAN_POINT('',(172.,0.,-2.442490654175E-15));
#4766 = DIRECTION('',(1.,-0.,2.22044604925E-16));
#4767 = DIRECTION('',(2.22044604925E-16,0.,-1.));
#4768 = PCURVE('',#4719,#4769);
#4769 = DEFINITIONAL_REPRESENTATION('',(#4770),#4774);
#4770 = LINE('',#4771,#4772);
#4771 = CARTESIAN_POINT('',(0.,0.));
#4772 = VECTOR('',#4773,1.);
#4773 = DIRECTION('',(1.,0.));
#4774 = ( GEOMETRIC_REPRESENTATION_CONTEXT(2) 
PARAMETRIC_REPRESENTATION_CONTEXT() REPRESENTATION_CONTEXT('2D SPACE',''
  ) );
#4775 = PCURVE('',#93,#4776);
#4776 = DEFINITIONAL_REPRESENTATION('',(#4777),#4781);
#4777 = CIRCLE('',#4778,15.4);
#4778 = AXIS2_PLACEMENT_2D('',#4779,#4780);
#4779 = CARTESIAN_POINT('',(0.,0.));
#4780 = DIRECTION('',(1.,0.));
#4781 = ( GEOMETRIC_REPRESENTATION_CONTEXT(2) 
PARAMETRIC_REPRESENTATION_CONTEXT() REPRESENTATION_CONTEXT('2D SPACE',''
  ) );
#4782 = ORIENTED_EDGE('',*,*,#4738,.T.);
#4783 = ADVANCED_FACE('',(#4784),#3158,.F.);
#4784 = FACE_BOUND('',#4785,.F.);
#4785 = EDGE_LOOP('',(#4786,#4808));
#4786 = ORIENTED_EDGE('',*,*,#4787,.T.);
#4787 = EDGE_CURVE('',#3144,#3104,#4788,.T.);
#4788 = SURFACE_CURVE('',#4789,(#4794,#4801),.PCURVE_S1.);
#4789 = CIRCLE('',#4790,4.5);
#4790 = AXIS2_PLACEMENT_3D('',#4791,#4792,#4793);
#4791 = CARTESIAN_POINT('',(215.,16.,-2.6));
#4792 = DIRECTION('',(0.,0.,1.));
#4793 = DIRECTION('',(0.902473943481,-0.430744450153,0.));
#4794 = PCURVE('',#3158,#4795);
#4795 = DEFINITIONAL_REPRESENTATION('',(#4796),#4800);
#4796 = CIRCLE('',#4797,4.5);
#4797 = AXIS2_PLACEMENT_2D('',#4798,#4799);
#4798 = CARTESIAN_POINT('',(0.,0.));
#4799 = DIRECTION('',(0.902473943481,-0.430744450153));
#4800 = ( GEOMETRIC_REPRESENTATION_CONTEXT(2) 
PARAMETRIC_REPRESENTATION_CONTEXT() REPRESENTATION_CONTEXT('2D SPACE',''
  ) );
#4801 = PCURVE('',#3127,#4802);
#4802 = DEFINITIONAL_REPRESENTATION('',(#4803),#4807);
#4803 = LINE('',#4804,#4805);
#4804 = CARTESIAN_POINT('',(5.837867793143,0.));
#4805 = VECTOR('',#4806,1.);
#4806 = DIRECTION('',(1.,0.));
#4807 = ( GEOMETRIC_REPRESENTATION_CONTEXT(2) 
PARAMETRIC_REPRESENTATION_CONTEXT() REPRESENTATION_CONTEXT('2D SPACE',''
  ) );
#4808 = ORIENTED_EDGE('',*,*,#3143,.T.);
#4809 = ADVANCED_FACE('',(#4810,#4863,#5028),#3241,.T.);
#4810 = FACE_BOUND('',#4811,.T.);
#4811 = EDGE_LOOP('',(#4812,#4835,#4836,#4837));
#4812 = ORIENTED_EDGE('',*,*,#4813,.F.);
#4813 = EDGE_CURVE('',#3205,#4814,#4816,.T.);
#4814 = VERTEX_POINT('',#4815);
#4815 = CARTESIAN_POINT('',(344.89478248253,51.7,0.));
#4816 = SEAM_CURVE('',#4817,(#4822,#4829),.PCURVE_S1.);
#4817 = CIRCLE('',#4818,18.7);
#4818 = AXIS2_PLACEMENT_3D('',#4819,#4820,#4821);
#4819 = CARTESIAN_POINT('',(344.89478248253,33.,5.253734768342E-15));
#4820 = DIRECTION('',(-0.,0.,1.));
#4821 = DIRECTION('',(0.,-1.,0.));
#4822 = PCURVE('',#3241,#4823);
#4823 = DEFINITIONAL_REPRESENTATION('',(#4824),#4828);
#4824 = LINE('',#4825,#4826);
#4825 = CARTESIAN_POINT('',(0.,9.424777960769));
#4826 = VECTOR('',#4827,1.);
#4827 = DIRECTION('',(1.,0.));
#4828 = ( GEOMETRIC_REPRESENTATION_CONTEXT(2) 
PARAMETRIC_REPRESENTATION_CONTEXT() REPRESENTATION_CONTEXT('2D SPACE',''
  ) );
#4829 = PCURVE('',#3241,#4830);
#4830 = DEFINITIONAL_REPRESENTATION('',(#4831),#4834);
#4831 = B_SPLINE_CURVE_WITH_KNOTS('',1,(#4832,#4833),.UNSPECIFIED.,.F.,
  .F.,(2,2),(0.,3.14159265359),.PIECEWISE_BEZIER_KNOTS.);
#4832 = CARTESIAN_POINT('',(0.,3.14159265359));
#4833 = CARTESIAN_POINT('',(3.14159265359,3.14159265359));
#4834 = ( GEOMETRIC_REPRESENTATION_CONTEXT(2) 
PARAMETRIC_REPRESENTATION_CONTEXT() REPRESENTATION_CONTEXT('2D SPACE',''
  ) );
#4835 = ORIENTED_EDGE('',*,*,#3226,.T.);
#4836 = ORIENTED_EDGE('',*,*,#4813,.T.);
#4837 = ORIENTED_EDGE('',*,*,#4838,.T.);
#4838 = EDGE_CURVE('',#4814,#4814,#4839,.T.);
#4839 = SURFACE_CURVE('',#4840,(#4845,#4852),.PCURVE_S1.);
#4840 = CIRCLE('',#4841,14.3);
#4841 = AXIS2_PLACEMENT_3D('',#4842,#4843,#4844);
#4842 = CARTESIAN_POINT('',(344.89478248253,66.,0.));
#4843 = DIRECTION('',(1.,-1.224646799147E-16,0.));
#4844 = DIRECTION('',(1.224646799147E-16,1.,0.));
#4845 = PCURVE('',#3241,#4846);
#4846 = DEFINITIONAL_REPRESENTATION('',(#4847),#4851);
#4847 = LINE('',#4848,#4849);
#4848 = CARTESIAN_POINT('',(3.14159265359,0.));
#4849 = VECTOR('',#4850,1.);
#4850 = DIRECTION('',(0.,1.));
#4851 = ( GEOMETRIC_REPRESENTATION_CONTEXT(2) 
PARAMETRIC_REPRESENTATION_CONTEXT() REPRESENTATION_CONTEXT('2D SPACE',''
  ) );
#4852 = PCURVE('',#4853,#4858);
#4853 = CYLINDRICAL_SURFACE('',#4854,14.3);
#4854 = AXIS2_PLACEMENT_3D('',#4855,#4856,#4857);
#4855 = CARTESIAN_POINT('',(344.89478248253,66.,0.));
#4856 = DIRECTION('',(-1.,0.,0.));
#4857 = DIRECTION('',(-0.,-1.,0.));
#4858 = DEFINITIONAL_REPRESENTATION('',(#4859),#4862);
#4859 = B_SPLINE_CURVE_WITH_KNOTS('',1,(#4860,#4861),.UNSPECIFIED.,.F.,
  .F.,(2,2),(3.14159265359,9.424777960769),.PIECEWISE_BEZIER_KNOTS.);
#4860 = CARTESIAN_POINT('',(6.28318530718,0.));
#4861 = CARTESIAN_POINT('',(0.,0.));
#4862 = ( GEOMETRIC_REPRESENTATION_CONTEXT(2) 
PARAMETRIC_REPRESENTATION_CONTEXT() REPRESENTATION_CONTEXT('2D SPACE',''
  ) );
#4863 = FACE_BOUND('',#4864,.T.);
#4864 = EDGE_LOOP('',(#4865,#4896,#4951,#4980));
#4865 = ORIENTED_EDGE('',*,*,#4866,.F.);
#4866 = EDGE_CURVE('',#4867,#4869,#4871,.T.);
#4867 = VERTEX_POINT('',#4868);
#4868 = CARTESIAN_POINT('',(391.80212419653,29.192088284751,-2.6));
#4869 = VERTEX_POINT('',#4870);
#4870 = CARTESIAN_POINT('',(391.80212419653,36.807911715249,-2.6));
#4871 = SURFACE_CURVE('',#4872,(#4877,#4884),.PCURVE_S1.);
#4872 = CIRCLE('',#4873,47.06164997431);
#4873 = AXIS2_PLACEMENT_3D('',#4874,#4875,#4876);
#4874 = CARTESIAN_POINT('',(344.89478248253,33.,-2.6));
#4875 = DIRECTION('',(-0.,0.,1.));
#4876 = DIRECTION('',(0.,-1.,0.));
#4877 = PCURVE('',#3241,#4878);
#4878 = DEFINITIONAL_REPRESENTATION('',(#4879),#4883);
#4879 = LINE('',#4880,#4881);
#4880 = CARTESIAN_POINT('',(0.,6.100350170187));
#4881 = VECTOR('',#4882,1.);
#4882 = DIRECTION('',(1.,0.));
#4883 = ( GEOMETRIC_REPRESENTATION_CONTEXT(2) 
PARAMETRIC_REPRESENTATION_CONTEXT() REPRESENTATION_CONTEXT('2D SPACE',''
  ) );
#4884 = PCURVE('',#4885,#4890);
#4885 = PLANE('',#4886);
#4886 = AXIS2_PLACEMENT_3D('',#4887,#4888,#4889);
#4887 = CARTESIAN_POINT('',(394.2,33.,-2.6));
#4888 = DIRECTION('',(0.,0.,1.));
#4889 = DIRECTION('',(1.,0.,-0.));
#4890 = DEFINITIONAL_REPRESENTATION('',(#4891),#4895);
#4891 = CIRCLE('',#4892,47.06164997431);
#4892 = AXIS2_PLACEMENT_2D('',#4893,#4894);
#4893 = CARTESIAN_POINT('',(-49.30521751746,0.));
#4894 = DIRECTION('',(0.,-1.));
#4895 = ( GEOMETRIC_REPRESENTATION_CONTEXT(2) 
PARAMETRIC_REPRESENTATION_CONTEXT() REPRESENTATION_CONTEXT('2D SPACE',''
  ) );
#4896 = ORIENTED_EDGE('',*,*,#4897,.T.);
#4897 = EDGE_CURVE('',#4867,#4898,#4900,.T.);
#4898 = VERTEX_POINT('',#4899);
#4899 = CARTESIAN_POINT('',(391.80212419653,29.192088284751,2.6));
#4900 = SURFACE_CURVE('',#4901,(#4914,#4930),.PCURVE_S1.);
#4901 = B_SPLINE_CURVE_WITH_KNOTS('',6,(#4902,#4903,#4904,#4905,#4906,
    #4907,#4908,#4909,#4910,#4911,#4912,#4913),.UNSPECIFIED.,.F.,.F.,(7,
    5,7),(0.,0.499497610732,1.),.UNSPECIFIED.);
#4902 = CARTESIAN_POINT('',(391.80212409063,29.192088351432,-2.6000006)
  );
#4903 = CARTESIAN_POINT('',(391.87794366157,29.144344091747,
    -2.170395048619));
#4904 = CARTESIAN_POINT('',(391.93873419769,29.108593110629,
    -1.738722226401));
#4905 = CARTESIAN_POINT('',(391.9843861133,29.082885256467,
    -1.305600244023));
#4906 = CARTESIAN_POINT('',(392.01485412612,29.066116257824,
    -0.871570903425));
#4907 = CARTESIAN_POINT('',(392.03012786954,29.057709429142,
    -0.43710955423));
#4908 = CARTESIAN_POINT('',(392.03028089887,29.05762520429,
    0.432738759311));
#4909 = CARTESIAN_POINT('',(392.01509897352,29.065981501333,
    0.868077886668));
#4910 = CARTESIAN_POINT('',(391.98466146887,29.082730225137,
    1.302986156911));
#4911 = CARTESIAN_POINT('',(391.93897871852,29.108449316856,
    1.736985372857));
#4912 = CARTESIAN_POINT('',(391.87809621827,29.144248025436,
    2.169530638515));
#4913 = CARTESIAN_POINT('',(391.80212409063,29.192088351432,2.6000006));
#4914 = PCURVE('',#3241,#4915);
#4915 = DEFINITIONAL_REPRESENTATION('',(#4916),#4929);
#4916 = B_SPLINE_CURVE_WITH_KNOTS('',6,(#4917,#4918,#4919,#4920,#4921,
    #4922,#4923,#4924,#4925,#4926,#4927,#4928),.UNSPECIFIED.,.F.,.F.,(7,
    5,7),(0.,0.499497610732,1.),.UNSPECIFIED.);
#4917 = CARTESIAN_POINT('',(1.489794513487,6.100350127517));
#4918 = CARTESIAN_POINT('',(1.488913692171,6.130901702585));
#4919 = CARTESIAN_POINT('',(1.488264604742,6.161393189586));
#4920 = CARTESIAN_POINT('',(1.487802666788,6.191833490946));
#4921 = CARTESIAN_POINT('',(1.487503065182,6.222236088854));
#4922 = CARTESIAN_POINT('',(1.487352862457,6.252618204973));
#4923 = CARTESIAN_POINT('',(1.487351357654,6.313446759391));
#4924 = CARTESIAN_POINT('',(1.487500657574,6.343889851478));
#4925 = CARTESIAN_POINT('',(1.487799881205,6.3743534041));
#4926 = CARTESIAN_POINT('',(1.48826199409,6.404854741977));
#4927 = CARTESIAN_POINT('',(1.488911919869,6.435407438895));
#4928 = CARTESIAN_POINT('',(1.489794513487,6.466020486842));
#4929 = ( GEOMETRIC_REPRESENTATION_CONTEXT(2) 
PARAMETRIC_REPRESENTATION_CONTEXT() REPRESENTATION_CONTEXT('2D SPACE',''
  ) );
#4930 = PCURVE('',#4931,#4936);
#4931 = CYLINDRICAL_SURFACE('',#4932,4.5);
#4932 = AXIS2_PLACEMENT_3D('',#4933,#4934,#4935);
#4933 = CARTESIAN_POINT('',(394.2,33.,-2.6));
#4934 = DIRECTION('',(0.,0.,1.));
#4935 = DIRECTION('',(1.,0.,-0.));
#4936 = DEFINITIONAL_REPRESENTATION('',(#4937),#4950);
#4937 = B_SPLINE_CURVE_WITH_KNOTS('',6,(#4938,#4939,#4940,#4941,#4942,
    #4943,#4944,#4945,#4946,#4947,#4948,#4949),.UNSPECIFIED.,.F.,.F.,(7,
    5,7),(1.16268890574E-07,0.499497610732,0.999999883731),
  .UNSPECIFIED.);
#4938 = CARTESIAN_POINT('',(4.150410671533,-9.648722635205E-16));
#4939 = CARTESIAN_POINT('',(4.170321725535,0.429605453787));
#4940 = CARTESIAN_POINT('',(4.185986530172,0.861278176873));
#4941 = CARTESIAN_POINT('',(4.197629238259,1.294400059066));
#4942 = CARTESIAN_POINT('',(4.205357452252,1.728429298836));
#4943 = CARTESIAN_POINT('',(4.209231827822,2.162890546906));
#4944 = CARTESIAN_POINT('',(4.209270644763,3.032738658175));
#4945 = CARTESIAN_POINT('',(4.205419558759,3.468077684406));
#4946 = CARTESIAN_POINT('',(4.197699458424,3.902985853818));
#4947 = CARTESIAN_POINT('',(4.186049538909,4.336984969578));
#4948 = CARTESIAN_POINT('',(4.170361788612,4.769530136105));
#4949 = CARTESIAN_POINT('',(4.150410671533,5.2));
#4950 = ( GEOMETRIC_REPRESENTATION_CONTEXT(2) 
PARAMETRIC_REPRESENTATION_CONTEXT() REPRESENTATION_CONTEXT('2D SPACE',''
  ) );
#4951 = ORIENTED_EDGE('',*,*,#4952,.T.);
#4952 = EDGE_CURVE('',#4898,#4953,#4955,.T.);
#4953 = VERTEX_POINT('',#4954);
#4954 = CARTESIAN_POINT('',(391.80212419653,36.807911715249,2.6));
#4955 = SURFACE_CURVE('',#4956,(#4961,#4968),.PCURVE_S1.);
#4956 = CIRCLE('',#4957,47.06164997431);
#4957 = AXIS2_PLACEMENT_3D('',#4958,#4959,#4960);
#4958 = CARTESIAN_POINT('',(344.89478248253,33.,2.6));
#4959 = DIRECTION('',(-0.,0.,1.));
#4960 = DIRECTION('',(0.,-1.,0.));
#4961 = PCURVE('',#3241,#4962);
#4962 = DEFINITIONAL_REPRESENTATION('',(#4963),#4967);
#4963 = LINE('',#4964,#4965);
#4964 = CARTESIAN_POINT('',(0.,6.466020444172));
#4965 = VECTOR('',#4966,1.);
#4966 = DIRECTION('',(1.,0.));
#4967 = ( GEOMETRIC_REPRESENTATION_CONTEXT(2) 
PARAMETRIC_REPRESENTATION_CONTEXT() REPRESENTATION_CONTEXT('2D SPACE',''
  ) );
#4968 = PCURVE('',#4969,#4974);
#4969 = PLANE('',#4970);
#4970 = AXIS2_PLACEMENT_3D('',#4971,#4972,#4973);
#4971 = CARTESIAN_POINT('',(394.2,33.,2.6));
#4972 = DIRECTION('',(0.,0.,1.));
#4973 = DIRECTION('',(1.,0.,-0.));
#4974 = DEFINITIONAL_REPRESENTATION('',(#4975),#4979);
#4975 = CIRCLE('',#4976,47.06164997431);
#4976 = AXIS2_PLACEMENT_2D('',#4977,#4978);
#4977 = CARTESIAN_POINT('',(-49.30521751746,0.));
#4978 = DIRECTION('',(0.,-1.));
#4979 = ( GEOMETRIC_REPRESENTATION_CONTEXT(2) 
PARAMETRIC_REPRESENTATION_CONTEXT() REPRESENTATION_CONTEXT('2D SPACE',''
  ) );
#4980 = ORIENTED_EDGE('',*,*,#4981,.T.);
#4981 = EDGE_CURVE('',#4953,#4869,#4982,.T.);
#4982 = SURFACE_CURVE('',#4983,(#4996,#5012),.PCURVE_S1.);
#4983 = B_SPLINE_CURVE_WITH_KNOTS('',6,(#4984,#4985,#4986,#4987,#4988,
    #4989,#4990,#4991,#4992,#4993,#4994,#4995),.UNSPECIFIED.,.F.,.F.,(7,
    5,7),(0.,0.507775708761,1.),.UNSPECIFIED.);
#4984 = CARTESIAN_POINT('',(391.80212409063,36.807911648568,2.6000006));
#4985 = CARTESIAN_POINT('',(391.87920014444,36.856447126715,
    2.163275620105));
#4986 = CARTESIAN_POINT('',(391.94074473409,36.892588453008,
    1.724415290695));
#4987 = CARTESIAN_POINT('',(391.98664315699,36.918384418414,
    1.284067396699));
#4988 = CARTESIAN_POINT('',(392.01684874984,36.934980699609,
    0.842799505606));
#4989 = CARTESIAN_POINT('',(392.03135164706,36.942964139431,
    0.401109604409));
#4990 = CARTESIAN_POINT('',(392.02898379614,36.941660869802,
    -0.468736043859));
#4991 = CARTESIAN_POINT('',(392.01306043101,36.932895707584,
    -0.896846467003));
#4992 = CARTESIAN_POINT('',(391.98238250857,36.915985553214,
    -1.32451712316));
#4993 = CARTESIAN_POINT('',(391.9369608809,36.890363304778,
    -1.75129150251));
#4994 = CARTESIAN_POINT('',(391.8768397738,36.854960780283,
    -2.176649849442));
#4995 = CARTESIAN_POINT('',(391.80212409063,36.807911648568,-2.6000006)
  );
#4996 = PCURVE('',#3241,#4997);
#4997 = DEFINITIONAL_REPRESENTATION('',(#4998),#5011);
#4998 = B_SPLINE_CURVE_WITH_KNOTS('',6,(#4999,#5000,#5001,#5002,#5003,
    #5004,#5005,#5006,#5007,#5008,#5009,#5010),.UNSPECIFIED.,.F.,.F.,(7,
    5,7),(0.,0.507775708761,1.),.UNSPECIFIED.);
#4999 = CARTESIAN_POINT('',(1.651798140102,6.466020486842));
#5000 = CARTESIAN_POINT('',(1.6526935584,6.434962610694));
#5001 = CARTESIAN_POINT('',(1.653349497389,6.403966902272));
#5002 = CARTESIAN_POINT('',(1.653812795358,6.373023895835));
#5003 = CARTESIAN_POINT('',(1.65410918333,6.342119331846));
#5004 = CARTESIAN_POINT('',(1.654251825542,6.311235050405));
#5005 = CARTESIAN_POINT('',(1.654228540481,6.250406438507));
#5006 = CARTESIAN_POINT('',(1.654071932038,6.220465473638));
#5007 = CARTESIAN_POINT('',(1.653769692722,6.190503893787));
#5008 = CARTESIAN_POINT('',(1.653309098648,6.16050530707));
#5009 = CARTESIAN_POINT('',(1.652666137185,6.130456889858));
#5010 = CARTESIAN_POINT('',(1.651798140102,6.100350127517));
#5011 = ( GEOMETRIC_REPRESENTATION_CONTEXT(2) 
PARAMETRIC_REPRESENTATION_CONTEXT() REPRESENTATION_CONTEXT('2D SPACE',''
  ) );
#5012 = PCURVE('',#4931,#5013);
#5013 = DEFINITIONAL_REPRESENTATION('',(#5014),#5027);
#5014 = B_SPLINE_CURVE_WITH_KNOTS('',6,(#5015,#5016,#5017,#5018,#5019,
    #5020,#5021,#5022,#5023,#5024,#5025,#5026),.UNSPECIFIED.,.F.,.F.,(7,
    5,7),(1.162689846869E-07,0.507775708761,0.999999883731),
  .UNSPECIFIED.);
#5015 = CARTESIAN_POINT('',(8.415959942826,5.2));
#5016 = CARTESIAN_POINT('',(8.395718922514,4.76327511766));
#5017 = CARTESIAN_POINT('',(8.379866094574,4.324414887377));
#5018 = CARTESIAN_POINT('',(8.368165907975,3.884067093578));
#5019 = CARTESIAN_POINT('',(8.36050730725,3.442799303332));
#5020 = CARTESIAN_POINT('',(8.356828364674,3.001109503273));
#5021 = CARTESIAN_POINT('',(8.357428990944,2.131264057277));
#5022 = CARTESIAN_POINT('',(8.361468228787,1.703153735246));
#5023 = CARTESIAN_POINT('',(8.369252449142,1.275483179901));
#5024 = CARTESIAN_POINT('',(8.380841126084,0.848708900725));
#5025 = CARTESIAN_POINT('',(8.396338781973,0.423350652929));
#5026 = CARTESIAN_POINT('',(8.415959942826,-3.592807639252E-16));
#5027 = ( GEOMETRIC_REPRESENTATION_CONTEXT(2) 
PARAMETRIC_REPRESENTATION_CONTEXT() REPRESENTATION_CONTEXT('2D SPACE',''
  ) );
#5028 = FACE_BOUND('',#5029,.T.);
#5029 = EDGE_LOOP('',(#5030));
#5030 = ORIENTED_EDGE('',*,*,#5031,.F.);
#5031 = EDGE_CURVE('',#5032,#5032,#5034,.T.);
#5032 = VERTEX_POINT('',#5033);
#5033 = CARTESIAN_POINT('',(372.40526267823,8.412630039905,
    13.758846414347));
#5034 = SURFACE_CURVE('',#5035,(#5129,#5268),.PCURVE_S1.);
#5035 = B_SPLINE_CURVE_WITH_KNOTS('',8,(#5036,#5037,#5038,#5039,#5040,
    #5041,#5042,#5043,#5044,#5045,#5046,#5047,#5048,#5049,#5050,#5051,
    #5052,#5053,#5054,#5055,#5056,#5057,#5058,#5059,#5060,#5061,#5062,
    #5063,#5064,#5065,#5066,#5067,#5068,#5069,#5070,#5071,#5072,#5073,
    #5074,#5075,#5076,#5077,#5078,#5079,#5080,#5081,#5082,#5083,#5084,
    #5085,#5086,#5087,#5088,#5089,#5090,#5091,#5092,#5093,#5094,#5095,
    #5096,#5097,#5098,#5099,#5100,#5101,#5102,#5103,#5104,#5105,#5106,
    #5107,#5108,#5109,#5110,#5111,#5112,#5113,#5114,#5115,#5116,#5117,
    #5118,#5119,#5120,#5121,#5122,#5123,#5124,#5125,#5126,#5127,#5128),
  .UNSPECIFIED.,.T.,.F.,(9,7,7,7,7,7,7,7,7,7,7,7,7,9),(0.,0.175749077007
    ,0.2290666698,0.33258274404,0.434572010239,0.520827808495,
    0.620774026631,0.700323870371,0.778200712111,0.86476448665,1.,
    1.078878262754,1.187551049746,1.304824679177),.UNSPECIFIED.);
#5036 = CARTESIAN_POINT('',(372.40526267823,8.412630039905,
    13.758846414347));
#5037 = CARTESIAN_POINT('',(372.40526267823,8.98491912015,
    13.866853774925));
#5038 = CARTESIAN_POINT('',(372.33720901131,9.558376797166,
    13.974805453538));
#5039 = CARTESIAN_POINT('',(372.20060517392,10.125282434831,
    14.076780546678));
#5040 = CARTESIAN_POINT('',(371.99542485212,10.676972504699,
    14.166599892678));
#5041 = CARTESIAN_POINT('',(371.72280991242,11.203935858068,
    14.23818574578));
#5042 = CARTESIAN_POINT('',(371.38585734107,11.696212703507,
    14.286136011819));
#5043 = CARTESIAN_POINT('',(370.98983907994,12.143224985886,
    14.306484829083));
#5044 = CARTESIAN_POINT('',(370.41092391722,12.654404808767,
    14.296458173658));
#5045 = CARTESIAN_POINT('',(370.27177244066,12.768317079038,
    14.291544059928));
#5046 = CARTESIAN_POINT('',(370.1285171238,12.876905940016,
    14.284038896395));
#5047 = CARTESIAN_POINT('',(369.98146725257,12.979955067592,
    14.273960329842));
#5048 = CARTESIAN_POINT('',(369.83094018325,13.077282476143,
    14.261353387248));
#5049 = CARTESIAN_POINT('',(369.67725938219,13.168737794642,
    14.246289467296));
#5050 = CARTESIAN_POINT('',(369.52075246541,13.254199542764,
    14.228865331874));
#5051 = CARTESIAN_POINT('',(369.05304456878,13.487674775022,
    14.171025940064));
#5052 = CARTESIAN_POINT('',(368.73499995855,13.618791793975,
    14.1244179604));
#5053 = CARTESIAN_POINT('',(368.40986271895,13.726337611974,
    14.070248337521));
#5054 = CARTESIAN_POINT('',(368.07967354888,13.810146605803,
    14.009671663153));
#5055 = CARTESIAN_POINT('',(367.74624013111,13.870275719823,
    13.944053371214));
#5056 = CARTESIAN_POINT('',(367.4111320846,13.906892814659,
    13.874908081149));
#5057 = CARTESIAN_POINT('',(367.07567919216,13.920179285876,
    13.80385043582));
#5058 = CARTESIAN_POINT('',(366.41116746284,13.900318694682,
    13.66231910451));
#5059 = CARTESIAN_POINT('',(366.08222158185,13.867857556019,
    13.591880854419));
#5060 = CARTESIAN_POINT('',(365.75499400049,13.812858104372,
    13.522819231189));
#5061 = CARTESIAN_POINT('',(365.43062689525,13.735210157243,
    13.456871961775));
#5062 = CARTESIAN_POINT('',(365.11049171792,13.634785349275,
    13.395927492738));
#5063 = CARTESIAN_POINT('',(364.79619948105,13.511515833518,
    13.341939294728));
#5064 = CARTESIAN_POINT('',(364.48962804105,13.365510181614,
    13.296750492362));
#5065 = CARTESIAN_POINT('',(363.94201529578,13.055081899651,
    13.232264802912));
#5066 = CARTESIAN_POINT('',(363.69806897467,12.896923099256,
    13.210038544193));
#5067 = CARTESIAN_POINT('',(363.46292946774,12.723455855091,
    13.196081765194));
#5068 = CARTESIAN_POINT('',(363.23821083684,12.535541619423,
    13.19103195269));
#5069 = CARTESIAN_POINT('',(363.02534097855,12.334259096094,
    13.195123853909));
#5070 = CARTESIAN_POINT('',(362.82557078195,12.120893507117,
    13.20815676533));
#5071 = CARTESIAN_POINT('',(362.63996125151,11.896950357962,
    13.229521595263));
#5072 = CARTESIAN_POINT('',(362.27165649619,11.394494179621,
    13.291619527893));
#5073 = CARTESIAN_POINT('',(362.0940035886,11.11283027528,
    13.334904502376));
#5074 = CARTESIAN_POINT('',(361.93718702927,10.821195093969,
    13.386801956644));
#5075 = CARTESIAN_POINT('',(361.80153763432,10.521368720153,
    13.445592398474));
#5076 = CARTESIAN_POINT('',(361.68717591778,10.214898000358,
    13.509438941902));
#5077 = CARTESIAN_POINT('',(361.59412800713,9.903106699569,
    13.576554545957));
#5078 = CARTESIAN_POINT('',(361.52240332384,9.587095778846,
    13.645287172031));
#5079 = CARTESIAN_POINT('',(361.43212675511,9.013472836984,
    13.768932759095));
#5080 = CARTESIAN_POINT('',(361.40572402732,8.757190185716,
    13.823784901536));
#5081 = CARTESIAN_POINT('',(361.39298953458,8.499324177801,
    13.877921877416));
#5082 = CARTESIAN_POINT('',(361.39404155359,8.24042416319,
    13.930598195363));
#5083 = CARTESIAN_POINT('',(361.40902462403,7.981114193501,
    13.981100704023));
#5084 = CARTESIAN_POINT('',(361.43807944073,7.722096867846,
    14.028759328936));
#5085 = CARTESIAN_POINT('',(361.48131285056,7.464157083135,
    14.072960235986));
#5086 = CARTESIAN_POINT('',(361.5950147266,6.957558014945,
    14.152517141173));
#5087 = CARTESIAN_POINT('',(361.66489757143,6.708787576094,
    14.188044345574));
#5088 = CARTESIAN_POINT('',(361.74843344635,6.462800882622,
    14.219212524924));
#5089 = CARTESIAN_POINT('',(361.84554427124,6.220582818634,
    14.245573603128));
#5090 = CARTESIAN_POINT('',(361.95604376491,5.983153946324,
    14.266776144549));
#5091 = CARTESIAN_POINT('',(362.07961461743,5.751562294377,
    14.282578383171));
#5092 = CARTESIAN_POINT('',(362.21577599765,5.526869630435,
    14.292860074067));
#5093 = CARTESIAN_POINT('',(362.5284230543,5.06921838352,14.302938684789
    ));
#5094 = CARTESIAN_POINT('',(362.70778315595,4.838030521716,
    14.301440447951));
#5095 = CARTESIAN_POINT('',(362.90099445462,4.618037162247,
    14.293144777358));
#5096 = CARTESIAN_POINT('',(363.1069955563,4.410433982932,
    14.278267587189));
#5097 = CARTESIAN_POINT('',(363.32464014444,4.216195682256,
    14.257187989652));
#5098 = CARTESIAN_POINT('',(363.55273124412,4.036113415877,
    14.230408922593));
#5099 = CARTESIAN_POINT('',(363.79004052518,3.87081779678,
    14.198524800187));
#5100 = CARTESIAN_POINT('',(364.41849257297,3.486400386181,
    14.105441282904));
#5101 = CARTESIAN_POINT('',(364.82094471906,3.28937115986,
    14.037862727495));
#5102 = CARTESIAN_POINT('',(365.23873683631,3.130935894141,13.9618660109
    ));
#5103 = CARTESIAN_POINT('',(365.66810987297,3.01188415271,
    13.880087444677));
#5104 = CARTESIAN_POINT('',(366.10547462815,2.932741881171,
    13.795253454113));
#5105 = CARTESIAN_POINT('',(366.54740002826,2.893847785989,
    13.710095878655));
#5106 = CARTESIAN_POINT('',(366.99060701769,2.895444933737,
    13.627295197597));
#5107 = CARTESIAN_POINT('',(367.68942106532,2.962677386662,
    13.504003750524));
#5108 = CARTESIAN_POINT('',(367.94613908621,3.001338847609,
    13.460278110132));
#5109 = CARTESIAN_POINT('',(368.20140677176,3.053940533089,
    13.418774909128));
#5110 = CARTESIAN_POINT('',(368.45443412683,3.120500208484,
    13.38001958955));
#5111 = CARTESIAN_POINT('',(368.70437175953,3.200988526905,
    13.344523719383));
#5112 = CARTESIAN_POINT('',(368.95031365488,3.295304284444,
    13.312768839956));
#5113 = CARTESIAN_POINT('',(369.191301472,3.403243002327,13.285185244995
    ));
#5114 = CARTESIAN_POINT('',(369.75013623917,3.691461277623,
    13.230355899843));
#5115 = CARTESIAN_POINT('',(370.06292554446,3.883816988655,
    13.207144469675));
#5116 = CARTESIAN_POINT('',(370.36156633024,4.100454237735,
    13.193487210935));
#5117 = CARTESIAN_POINT('',(370.64334108215,4.339835967521,
    13.189988240129));
#5118 = CARTESIAN_POINT('',(370.9058713644,4.600057088625,
    13.196817021884));
#5119 = CARTESIAN_POINT('',(371.14709481038,4.878882925524,
    13.213697843694));
#5120 = CARTESIAN_POINT('',(371.36529446146,5.173728814422,
    13.239931723709));
#5121 = CARTESIAN_POINT('',(371.76841143712,5.813797656391,
    13.31170176713));
#5122 = CARTESIAN_POINT('',(371.94947199623,6.161389368955,
    13.358626798306));
#5123 = CARTESIAN_POINT('',(372.1011289111,6.521322368642,13.41398668601
    ));
#5124 = CARTESIAN_POINT('',(372.22274556072,6.89072435224,
    13.476214688128));
#5125 = CARTESIAN_POINT('',(372.31401592156,7.266922550621,
    13.543582290648));
#5126 = CARTESIAN_POINT('',(372.37484483123,7.647446058639,
    13.614310934009));
#5127 = CARTESIAN_POINT('',(372.40526267823,8.030026349078,
    13.686638126228));
#5128 = CARTESIAN_POINT('',(372.40526267823,8.412630039905,
    13.758846414347));
#5129 = PCURVE('',#3241,#5130);
#5130 = DEFINITIONAL_REPRESENTATION('',(#5131),#5267);
#5131 = B_SPLINE_CURVE_WITH_KNOTS('',3,(#5132,#5133,#5134,#5135,#5136,
    #5137,#5138,#5139,#5140,#5141,#5142,#5143,#5144,#5145,#5146,#5147,
    #5148,#5149,#5150,#5151,#5152,#5153,#5154,#5155,#5156,#5157,#5158,
    #5159,#5160,#5161,#5162,#5163,#5164,#5165,#5166,#5167,#5168,#5169,
    #5170,#5171,#5172,#5173,#5174,#5175,#5176,#5177,#5178,#5179,#5180,
    #5181,#5182,#5183,#5184,#5185,#5186,#5187,#5188,#5189,#5190,#5191,
    #5192,#5193,#5194,#5195,#5196,#5197,#5198,#5199,#5200,#5201,#5202,
    #5203,#5204,#5205,#5206,#5207,#5208,#5209,#5210,#5211,#5212,#5213,
    #5214,#5215,#5216,#5217,#5218,#5219,#5220,#5221,#5222,#5223,#5224,
    #5225,#5226,#5227,#5228,#5229,#5230,#5231,#5232,#5233,#5234,#5235,
    #5236,#5237,#5238,#5239,#5240,#5241,#5242,#5243,#5244,#5245,#5246,
    #5247,#5248,#5249,#5250,#5251,#5252,#5253,#5254,#5255,#5256,#5257,
    #5258,#5259,#5260,#5261,#5262,#5263,#5264,#5265,#5266),
  .UNSPECIFIED.,.T.,.F.,(4,1,1,1,1,1,1,1,1,1,1,1,1,1,1,1,1,1,1,1,1,1,1,1
    ,1,1,1,1,1,1,1,1,1,1,1,1,1,1,1,1,1,1,1,1,1,1,1,1,1,1,1,1,1,1,1,1,1,1
    ,1,1,1,1,1,1,1,1,1,1,1,1,1,1,1,1,1,1,1,1,1,1,1,1,1,1,1,1,1,1,1,1,1,1
    ,1,1,1,1,1,1,1,1,1,1,1,1,1,1,1,1,1,1,1,1,1,1,1,1,1,1,1,1,1,1,1,1,1,1
    ,1,1,1,1,1,1,4),(0.,9.885035448312E-03,1.977007089662E-02,
    2.965510634493E-02,3.954014179325E-02,4.942517724156E-02,
    5.931021268987E-02,6.919524813818E-02,7.908028358649E-02,
    8.89653190348E-02,9.885035448312E-02,0.108735389931,0.11862042538,
    0.128505460828,0.138390496276,0.148275531725,0.158160567173,
    0.168045602621,0.17793063807,0.187815673518,0.197700708966,
    0.207585744415,0.217470779863,0.227355815311,0.237240850759,
    0.247125886208,0.257010921656,0.266895957104,0.276780992553,
    0.286666028001,0.296551063449,0.306436098898,0.316321134346,
    0.326206169794,0.336091205243,0.345976240691,0.355861276139,
    0.365746311588,0.375631347036,0.385516382484,0.395401417932,
    0.405286453381,0.415171488829,0.425056524277,0.434941559726,
    0.444826595174,0.454711630622,0.464596666071,0.474481701519,
    0.484366736967,0.494251772416,0.504136807864,0.514021843312,
    0.523906878761,0.533791914209,0.543676949657,0.553561985105,
    0.563447020554,0.573332056002,0.58321709145,0.593102126899,
    0.602987162347,0.612872197795,0.622757233244,0.632642268692,
    0.64252730414,0.652412339589,0.662297375037,0.672182410485,
    0.682067445934,0.691952481382,0.70183751683,0.711722552278,
    0.721607587727,0.731492623175,0.741377658623,0.751262694072,
    0.76114772952,0.771032764968,0.780917800417,0.790802835865,
    0.800687871313,0.810572906762,0.82045794221,0.830342977658,
    0.840228013106,0.850113048555,0.859998084003,0.869883119451,
    0.8797681549,0.889653190348,0.899538225796,0.909423261245,
    0.919308296693,0.929193332141,0.93907836759,0.948963403038,
    0.958848438486,0.968733473935,0.978618509383,0.988503544831,
    0.998388580279,1.008273615728,1.018158651176,1.028043686624,
    1.037928722073,1.047813757521,1.057698792969,1.067583828418,
    1.077468863866,1.087353899314,1.097238934763,1.107123970211,
    1.117009005659,1.126894041108,1.136779076556,1.146664112004,
    1.156549147452,1.166434182901,1.176319218349,1.186204253797,
    1.196089289246,1.205974324694,1.215859360142,1.225744395591,
    1.235629431039,1.245514466487,1.255399501936,1.265284537384,
    1.275169572832,1.285054608281,1.294939643729,1.304824679177),
  .QUASI_UNIFORM_KNOTS.);
#5132 = CARTESIAN_POINT('',(0.84144747402,7.577996027939));
#5133 = CARTESIAN_POINT('',(0.843181993193,7.582153287913));
#5134 = CARTESIAN_POINT('',(0.846596188213,7.590650216106));
#5135 = CARTESIAN_POINT('',(0.851543297889,7.603925299357));
#5136 = CARTESIAN_POINT('',(0.856306825453,7.617712780428));
#5137 = CARTESIAN_POINT('',(0.86087648397,7.631994523941));
#5138 = CARTESIAN_POINT('',(0.865241435085,7.646751724706));
#5139 = CARTESIAN_POINT('',(0.869390231667,7.661964729917));
#5140 = CARTESIAN_POINT('',(0.873310868918,7.677612938273));
#5141 = CARTESIAN_POINT('',(0.876990811014,7.693674658178));
#5142 = CARTESIAN_POINT('',(0.880417031416,7.710126952643));
#5143 = CARTESIAN_POINT('',(0.88357606017,7.726945459065));
#5144 = CARTESIAN_POINT('',(0.886454044585,7.744104181675));
#5145 = CARTESIAN_POINT('',(0.889036827409,7.761575252589));
#5146 = CARTESIAN_POINT('',(0.891310048471,7.779328652458));
#5147 = CARTESIAN_POINT('',(0.893259276755,7.797331900734));
#5148 = CARTESIAN_POINT('',(0.894870180941,7.815549652652));
#5149 = CARTESIAN_POINT('',(0.896128748418,7.833943411473));
#5150 = CARTESIAN_POINT('',(0.897021561861,7.852470551695));
#5151 = CARTESIAN_POINT('',(0.897536152384,7.871085630307));
#5152 = CARTESIAN_POINT('',(0.897661405794,7.889732134579));
#5153 = CARTESIAN_POINT('',(0.897388436629,7.908358502341));
#5154 = CARTESIAN_POINT('',(0.896710080363,7.926915562534));
#5155 = CARTESIAN_POINT('',(0.895620953055,7.94535426635));
#5156 = CARTESIAN_POINT('',(0.89411741178,7.963626562865));
#5157 = CARTESIAN_POINT('',(0.892197763557,7.981683159233));
#5158 = CARTESIAN_POINT('',(0.889861997984,7.999477785965));
#5159 = CARTESIAN_POINT('',(0.887110900215,8.016970248743));
#5160 = CARTESIAN_POINT('',(0.883946387902,8.034121043152));
#5161 = CARTESIAN_POINT('',(0.880371264857,8.050892341105));
#5162 = CARTESIAN_POINT('',(0.876389135294,8.067247392217));
#5163 = CARTESIAN_POINT('',(0.872004276303,8.083150395324));
#5164 = CARTESIAN_POINT('',(0.867221528544,8.09856625155));
#5165 = CARTESIAN_POINT('',(0.862046134895,8.113460437536));
#5166 = CARTESIAN_POINT('',(0.856483715046,8.12779857167));
#5167 = CARTESIAN_POINT('',(0.850539661086,8.141547080861));
#5168 = CARTESIAN_POINT('',(0.844221191493,8.154668388332));
#5169 = CARTESIAN_POINT('',(0.837534232963,8.167127649301));
#5170 = CARTESIAN_POINT('',(0.830486492335,8.178885719911));
#5171 = CARTESIAN_POINT('',(0.823087629903,8.189900249892));
#5172 = CARTESIAN_POINT('',(0.815349577806,8.200126140232));
#5173 = CARTESIAN_POINT('',(0.807286821152,8.209516221422));
#5174 = CARTESIAN_POINT('',(0.798916674369,8.218021965207));
#5175 = CARTESIAN_POINT('',(0.790259616141,8.225594288118));
#5176 = CARTESIAN_POINT('',(0.781339402001,8.232184559677));
#5177 = CARTESIAN_POINT('',(0.772184013089,8.237745457203));
#5178 = CARTESIAN_POINT('',(0.762823468153,8.24223313633));
#5179 = CARTESIAN_POINT('',(0.753301458437,8.245604473053));
#5180 = CARTESIAN_POINT('',(0.743664694323,8.247826894857));
#5181 = CARTESIAN_POINT('',(0.733960625409,8.248879051181));
#5182 = CARTESIAN_POINT('',(0.724237511337,8.248750813526));
#5183 = CARTESIAN_POINT('',(0.714543792096,8.247443370592));
#5184 = CARTESIAN_POINT('',(0.704927821249,8.244969338657));
#5185 = CARTESIAN_POINT('',(0.695436815819,8.241352415618));
#5186 = CARTESIAN_POINT('',(0.686118601995,8.236628546352));
#5187 = CARTESIAN_POINT('',(0.677011822237,8.230840533491));
#5188 = CARTESIAN_POINT('',(0.668146201026,8.224032873923));
#5189 = CARTESIAN_POINT('',(0.659549045538,8.216253397684));
#5190 = CARTESIAN_POINT('',(0.651243526487,8.207551014077));
#5191 = CARTESIAN_POINT('',(0.643249510496,8.197974881915));
#5192 = CARTESIAN_POINT('',(0.635583706845,8.187573382954));
#5193 = CARTESIAN_POINT('',(0.62826001379,8.176393346491));
#5194 = CARTESIAN_POINT('',(0.62128975242,8.164479202095));
#5195 = CARTESIAN_POINT('',(0.614682150008,8.151872744223));
#5196 = CARTESIAN_POINT('',(0.608443942869,8.138610928618));
#5197 = CARTESIAN_POINT('',(0.602582491931,8.124731665408));
#5198 = CARTESIAN_POINT('',(0.597103964867,8.110270520558));
#5199 = CARTESIAN_POINT('',(0.5920138765,8.09526148159));
#5200 = CARTESIAN_POINT('',(0.587317665316,8.079738835754));
#5201 = CARTESIAN_POINT('',(0.583020381487,8.063736923026));
#5202 = CARTESIAN_POINT('',(0.579126626911,8.047290487839));
#5203 = CARTESIAN_POINT('',(0.575640424722,8.030434759434));
#5204 = CARTESIAN_POINT('',(0.572565174901,8.01320603749));
#5205 = CARTESIAN_POINT('',(0.569903378741,7.995640459176));
#5206 = CARTESIAN_POINT('',(0.567657490818,7.977781780548));
#5207 = CARTESIAN_POINT('',(0.565828351257,7.959674739622));
#5208 = CARTESIAN_POINT('',(0.564415211678,7.941364921301));
#5209 = CARTESIAN_POINT('',(0.563415711294,7.922898911377));
#5210 = CARTESIAN_POINT('',(0.562825834703,7.904324607536));
#5211 = CARTESIAN_POINT('',(0.562639868651,7.885690831257));
#5212 = CARTESIAN_POINT('',(0.562850257281,7.867049802496));
#5213 = CARTESIAN_POINT('',(0.563447771473,7.848447642814));
#5214 = CARTESIAN_POINT('',(0.56442158247,7.829934040812));
#5215 = CARTESIAN_POINT('',(0.565759427821,7.811555715463));
#5216 = CARTESIAN_POINT('',(0.567448028343,7.793355809952));
#5217 = CARTESIAN_POINT('',(0.569473354956,7.775374510091));
#5218 = CARTESIAN_POINT('',(0.571820871659,7.757649280727));
#5219 = CARTESIAN_POINT('',(0.574475709811,7.74021523864));
#5220 = CARTESIAN_POINT('',(0.577422849975,7.723105180747));
#5221 = CARTESIAN_POINT('',(0.580647073161,7.706350667603));
#5222 = CARTESIAN_POINT('',(0.58413324046,7.689980761638));
#5223 = CARTESIAN_POINT('',(0.587868593551,7.674013633183));
#5224 = CARTESIAN_POINT('',(0.591840726037,7.658468407407));
#5225 = CARTESIAN_POINT('',(0.596037952141,7.643363159561));
#5226 = CARTESIAN_POINT('',(0.600449200337,7.628715639701));
#5227 = CARTESIAN_POINT('',(0.605064031259,7.614543239486));
#5228 = CARTESIAN_POINT('',(0.609872621295,7.600863140208));
#5229 = CARTESIAN_POINT('',(0.614865755755,7.587692395904));
#5230 = CARTESIAN_POINT('',(0.620034822963,7.575048019247));
#5231 = CARTESIAN_POINT('',(0.625371807855,7.562947066625));
#5232 = CARTESIAN_POINT('',(0.630869306981,7.551406688664));
#5233 = CARTESIAN_POINT('',(0.63652048619,7.540444302891));
#5234 = CARTESIAN_POINT('',(0.642319281484,7.530077311929));
#5235 = CARTESIAN_POINT('',(0.648259727332,7.520324531853));
#5236 = CARTESIAN_POINT('',(0.654333264275,7.511209633506));
#5237 = CARTESIAN_POINT('',(0.660532957157,7.502753648365));
#5238 = CARTESIAN_POINT('',(0.666851010819,7.494978978593));
#5239 = CARTESIAN_POINT('',(0.673279317466,7.487907990953));
#5240 = CARTESIAN_POINT('',(0.679809162478,7.481562984352));
#5241 = CARTESIAN_POINT('',(0.686431347285,7.475965610405));
#5242 = CARTESIAN_POINT('',(0.693135412735,7.471136902919));
#5243 = CARTESIAN_POINT('',(0.699911963877,7.467095222863));
#5244 = CARTESIAN_POINT('',(0.70675013654,7.46385806388));
#5245 = CARTESIAN_POINT('',(0.713634671527,7.461441659293));
#5246 = CARTESIAN_POINT('',(0.720551824623,7.459857242092));
#5247 = CARTESIAN_POINT('',(0.727487748031,7.459112208197));
#5248 = CARTESIAN_POINT('',(0.73442882725,7.459209953397));
#5249 = CARTESIAN_POINT('',(0.74136149517,7.460150010155));
#5250 = CARTESIAN_POINT('',(0.748272193985,7.461928052886));
#5251 = CARTESIAN_POINT('',(0.755147274369,7.464535874551));
#5252 = CARTESIAN_POINT('',(0.761972997035,7.46796135441));
#5253 = CARTESIAN_POINT('',(0.768735180348,7.47218823095));
#5254 = CARTESIAN_POINT('',(0.775420148024,7.47719639665));
#5255 = CARTESIAN_POINT('',(0.782019819542,7.482967282015));
#5256 = CARTESIAN_POINT('',(0.788524421717,7.48947976736));
#5257 = CARTESIAN_POINT('',(0.794925377556,7.496712378848));
#5258 = CARTESIAN_POINT('',(0.801214427287,7.50464315751));
#5259 = CARTESIAN_POINT('',(0.807383740678,7.513250076016));
#5260 = CARTESIAN_POINT('',(0.813425779763,7.522511265549));
#5261 = CARTESIAN_POINT('',(0.819333240956,7.532405264381));
#5262 = CARTESIAN_POINT('',(0.8250989861,7.542911221245));
#5263 = CARTESIAN_POINT('',(0.830715981039,7.554009154291));
#5264 = CARTESIAN_POINT('',(0.836177244456,7.565679977236));
#5265 = CARTESIAN_POINT('',(0.839709591465,7.573830923248));
#5266 = CARTESIAN_POINT('',(0.84144747402,7.577996027939));
#5267 = ( GEOMETRIC_REPRESENTATION_CONTEXT(2) 
PARAMETRIC_REPRESENTATION_CONTEXT() REPRESENTATION_CONTEXT('2D SPACE',''
  ) );
#5268 = PCURVE('',#5269,#5274);
#5269 = CYLINDRICAL_SURFACE('',#5270,5.5);
#5270 = AXIS2_PLACEMENT_3D('',#5271,#5272,#5273);
#5271 = CARTESIAN_POINT('',(366.90526267823,8.412630039905,6.));
#5272 = DIRECTION('',(0.,0.,1.));
#5273 = DIRECTION('',(1.,0.,-0.));
#5274 = DEFINITIONAL_REPRESENTATION('',(#5275),#5411);
#5275 = B_SPLINE_CURVE_WITH_KNOTS('',3,(#5276,#5277,#5278,#5279,#5280,
    #5281,#5282,#5283,#5284,#5285,#5286,#5287,#5288,#5289,#5290,#5291,
    #5292,#5293,#5294,#5295,#5296,#5297,#5298,#5299,#5300,#5301,#5302,
    #5303,#5304,#5305,#5306,#5307,#5308,#5309,#5310,#5311,#5312,#5313,
    #5314,#5315,#5316,#5317,#5318,#5319,#5320,#5321,#5322,#5323,#5324,
    #5325,#5326,#5327,#5328,#5329,#5330,#5331,#5332,#5333,#5334,#5335,
    #5336,#5337,#5338,#5339,#5340,#5341,#5342,#5343,#5344,#5345,#5346,
    #5347,#5348,#5349,#5350,#5351,#5352,#5353,#5354,#5355,#5356,#5357,
    #5358,#5359,#5360,#5361,#5362,#5363,#5364,#5365,#5366,#5367,#5368,
    #5369,#5370,#5371,#5372,#5373,#5374,#5375,#5376,#5377,#5378,#5379,
    #5380,#5381,#5382,#5383,#5384,#5385,#5386,#5387,#5388,#5389,#5390,
    #5391,#5392,#5393,#5394,#5395,#5396,#5397,#5398,#5399,#5400,#5401,
    #5402,#5403,#5404,#5405,#5406,#5407,#5408,#5409,#5410),
  .UNSPECIFIED.,.F.,.F.,(4,1,1,1,1,1,1,1,1,1,1,1,1,1,1,1,1,1,1,1,1,1,1,1
    ,1,1,1,1,1,1,1,1,1,1,1,1,1,1,1,1,1,1,1,1,1,1,1,1,1,1,1,1,1,1,1,1,1,1
    ,1,1,1,1,1,1,1,1,1,1,1,1,1,1,1,1,1,1,1,1,1,1,1,1,1,1,1,1,1,1,1,1,1,1
    ,1,1,1,1,1,1,1,1,1,1,1,1,1,1,1,1,1,1,1,1,1,1,1,1,1,1,1,1,1,1,1,1,1,1
    ,1,1,1,1,1,1,4),(0.,9.885035448312E-03,1.977007089662E-02,
    2.965510634493E-02,3.954014179325E-02,4.942517724156E-02,
    5.931021268987E-02,6.919524813818E-02,7.908028358649E-02,
    8.89653190348E-02,9.885035448312E-02,0.108735389931,0.11862042538,
    0.128505460828,0.138390496276,0.148275531725,0.158160567173,
    0.168045602621,0.17793063807,0.187815673518,0.197700708966,
    0.207585744415,0.217470779863,0.227355815311,0.237240850759,
    0.247125886208,0.257010921656,0.266895957104,0.276780992553,
    0.286666028001,0.296551063449,0.306436098898,0.316321134346,
    0.326206169794,0.336091205243,0.345976240691,0.355861276139,
    0.365746311588,0.375631347036,0.385516382484,0.395401417932,
    0.405286453381,0.415171488829,0.425056524277,0.434941559726,
    0.444826595174,0.454711630622,0.464596666071,0.474481701519,
    0.484366736967,0.494251772416,0.504136807864,0.514021843312,
    0.523906878761,0.533791914209,0.543676949657,0.553561985105,
    0.563447020554,0.573332056002,0.58321709145,0.593102126899,
    0.602987162347,0.612872197795,0.622757233244,0.632642268692,
    0.64252730414,0.652412339589,0.662297375037,0.672182410485,
    0.682067445934,0.691952481382,0.70183751683,0.711722552278,
    0.721607587727,0.731492623175,0.741377658623,0.751262694072,
    0.76114772952,0.771032764968,0.780917800417,0.790802835865,
    0.800687871313,0.810572906762,0.82045794221,0.830342977658,
    0.840228013106,0.850113048555,0.859998084003,0.869883119451,
    0.8797681549,0.889653190348,0.899538225796,0.909423261245,
    0.919308296693,0.929193332141,0.93907836759,0.948963403038,
    0.958848438486,0.968733473935,0.978618509383,0.988503544831,
    0.998388580279,1.008273615728,1.018158651176,1.028043686624,
    1.037928722073,1.047813757521,1.057698792969,1.067583828418,
    1.077468863866,1.087353899314,1.097238934763,1.107123970211,
    1.117009005659,1.126894041108,1.136779076556,1.146664112004,
    1.156549147452,1.166434182901,1.176319218349,1.186204253797,
    1.196089289246,1.205974324694,1.215859360142,1.225744395591,
    1.235629431039,1.245514466487,1.255399501936,1.265284537384,
    1.275169572832,1.285054608281,1.294939643729,1.304824679177),
  .QUASI_UNIFORM_KNOTS.);
#5276 = CARTESIAN_POINT('',(-8.881784197001E-16,7.758846414347));
#5277 = CARTESIAN_POINT('',(1.560636494711E-02,7.77504590894));
#5278 = CARTESIAN_POINT('',(4.683231880788E-02,7.807442471223));
#5279 = CARTESIAN_POINT('',(9.372613360333E-02,7.85567117616));
#5280 = CARTESIAN_POINT('',(0.140690835261,7.903175543052));
#5281 = CARTESIAN_POINT('',(0.187739659002,7.949595068589));
#5282 = CARTESIAN_POINT('',(0.2348842121,7.994569868392));
#5283 = CARTESIAN_POINT('',(0.282134293776,8.037742213695));
#5284 = CARTESIAN_POINT('',(0.329498000347,8.078758647334));
#5285 = CARTESIAN_POINT('',(0.376981680586,8.117272175587));
#5286 = CARTESIAN_POINT('',(0.424589853611,8.152944699894));
#5287 = CARTESIAN_POINT('',(0.472325054207,8.185449679618));
#5288 = CARTESIAN_POINT('',(0.520187606238,8.214475069437));
#5289 = CARTESIAN_POINT('',(0.568175313994,8.239726566398));
#5290 = CARTESIAN_POINT('',(0.616283045314,8.260931211913));
#5291 = CARTESIAN_POINT('',(0.664502223793,8.277841389848));
#5292 = CARTESIAN_POINT('',(0.712820051606,8.290239296499));
#5293 = CARTESIAN_POINT('',(0.76121898114,8.297941852215));
#5294 = CARTESIAN_POINT('',(0.809674316511,8.300806442217));
#5295 = CARTESIAN_POINT('',(0.858157631099,8.298736337467));
#5296 = CARTESIAN_POINT('',(0.906615188988,8.291690583285));
#5297 = CARTESIAN_POINT('',(0.955009120912,8.279687099574));
#5298 = CARTESIAN_POINT('',(1.00331003826,8.262797502821));
#5299 = CARTESIAN_POINT('',(1.051490698169,8.241146857871));
#5300 = CARTESIAN_POINT('',(1.099527852491,8.214911053192));
#5301 = CARTESIAN_POINT('',(1.147395978872,8.184318641003));
#5302 = CARTESIAN_POINT('',(1.195078007509,8.149642138115));
#5303 = CARTESIAN_POINT('',(1.242573710159,8.111184409671));
#5304 = CARTESIAN_POINT('',(1.289885662564,8.069282739932));
#5305 = CARTESIAN_POINT('',(1.33702210218,8.024303364066));
#5306 = CARTESIAN_POINT('',(1.383995691804,7.976638690625));
#5307 = CARTESIAN_POINT('',(1.430823618375,7.926704019073));
#5308 = CARTESIAN_POINT('',(1.477527461238,7.874934718093));
#5309 = CARTESIAN_POINT('',(1.524133580306,7.821783207568));
#5310 = CARTESIAN_POINT('',(1.570672563068,7.767717417089));
#5311 = CARTESIAN_POINT('',(1.617182858111,7.71321469687));
#5312 = CARTESIAN_POINT('',(1.663695095411,7.658778943322));
#5313 = CARTESIAN_POINT('',(1.710256135005,7.60491131817));
#5314 = CARTESIAN_POINT('',(1.756905862556,7.552136260598));
#5315 = CARTESIAN_POINT('',(1.803679252105,7.500996852599));
#5316 = CARTESIAN_POINT('',(1.850606381425,7.452050817503));
#5317 = CARTESIAN_POINT('',(1.897712671132,7.405864589035));
#5318 = CARTESIAN_POINT('',(1.945018846892,7.363006034823));
#5319 = CARTESIAN_POINT('',(1.992540390267,7.324035749924));
#5320 = CARTESIAN_POINT('',(2.040287850523,7.289496362793));
#5321 = CARTESIAN_POINT('',(2.08826259891,7.259901857059));
#5322 = CARTESIAN_POINT('',(2.136468129426,7.235719111192));
#5323 = CARTESIAN_POINT('',(2.184850643294,7.217376059813));
#5324 = CARTESIAN_POINT('',(2.23335388153,7.2052017236));
#5325 = CARTESIAN_POINT('',(2.281926767874,7.19941525222));
#5326 = CARTESIAN_POINT('',(2.3305193605,7.200121302694));
#5327 = CARTESIAN_POINT('',(2.379082289561,7.207307330721));
#5328 = CARTESIAN_POINT('',(2.427564329652,7.220843273948));
#5329 = CARTESIAN_POINT('',(2.475914011638,7.240486133635));
#5330 = CARTESIAN_POINT('',(2.524066681563,7.265878950004));
#5331 = CARTESIAN_POINT('',(2.571991522539,7.296587360715));
#5332 = CARTESIAN_POINT('',(2.619691017523,7.33213416537));
#5333 = CARTESIAN_POINT('',(2.667167295361,7.371997322048));
#5334 = CARTESIAN_POINT('',(2.714431277292,7.415628804578));
#5335 = CARTESIAN_POINT('',(2.761499066349,7.462464963665));
#5336 = CARTESIAN_POINT('',(2.808392193165,7.511937126884));
#5337 = CARTESIAN_POINT('',(2.855137058574,7.5634799733));
#5338 = CARTESIAN_POINT('',(2.901765364682,7.616539075897));
#5339 = CARTESIAN_POINT('',(2.94831289274,7.670574774553));
#5340 = CARTESIAN_POINT('',(2.994825372626,7.725072606687));
#5341 = CARTESIAN_POINT('',(3.041337459111,7.779520482939));
#5342 = CARTESIAN_POINT('',(3.087885805088,7.833425310545));
#5343 = CARTESIAN_POINT('',(3.13450636081,7.886310899931));
#5344 = CARTESIAN_POINT('',(3.181229274612,7.937713378394));
#5345 = CARTESIAN_POINT('',(3.22808075277,7.987185097252));
#5346 = CARTESIAN_POINT('',(3.275082793397,8.034296435191));
#5347 = CARTESIAN_POINT('',(3.322253616521,8.078638603976));
#5348 = CARTESIAN_POINT('',(3.369606596477,8.119825629122));
#5349 = CARTESIAN_POINT('',(3.417153981717,8.157499956539));
#5350 = CARTESIAN_POINT('',(3.464886470114,8.191321040357));
#5351 = CARTESIAN_POINT('',(3.512791847693,8.220987878438));
#5352 = CARTESIAN_POINT('',(3.560855016386,8.246241951522));
#5353 = CARTESIAN_POINT('',(3.609057379795,8.266870120402));
#5354 = CARTESIAN_POINT('',(3.657375767077,8.282707391543));
#5355 = CARTESIAN_POINT('',(3.705783123867,8.293639655112));
#5356 = CARTESIAN_POINT('',(3.754241656938,8.299606069114));
#5357 = CARTESIAN_POINT('',(3.802727037912,8.300602572801));
#5358 = CARTESIAN_POINT('',(3.851202829774,8.296676820692));
#5359 = CARTESIAN_POINT('',(3.899637043757,8.287929328687));
#5360 = CARTESIAN_POINT('',(3.948003504929,8.274507407366));
#5361 = CARTESIAN_POINT('',(3.99628014787,8.256600138694));
#5362 = CARTESIAN_POINT('',(4.044448406462,8.234433437967));
#5363 = CARTESIAN_POINT('',(4.092492287387,8.208265615163));
#5364 = CARTESIAN_POINT('',(4.140398412998,8.178382737154));
#5365 = CARTESIAN_POINT('',(4.188153084682,8.145096170813));
#5366 = CARTESIAN_POINT('',(4.235745728243,8.108737033235));
#5367 = CARTESIAN_POINT('',(4.283194611756,8.069629007369));
#5368 = CARTESIAN_POINT('',(4.330514076563,8.028106979472));
#5369 = CARTESIAN_POINT('',(4.377720548692,7.984511663112));
#5370 = CARTESIAN_POINT('',(4.424830900558,7.939189085768));
#5371 = CARTESIAN_POINT('',(4.47186291288,7.892488938108));
#5372 = CARTESIAN_POINT('',(4.518835219896,7.844763376756));
#5373 = CARTESIAN_POINT('',(4.565767433492,7.79636584155));
#5374 = CARTESIAN_POINT('',(4.612680272346,7.747649976688));
#5375 = CARTESIAN_POINT('',(4.65959570231,7.698968661466));
#5376 = CARTESIAN_POINT('',(4.706537258343,7.650672962634));
#5377 = CARTESIAN_POINT('',(4.75352989652,7.603111678821));
#5378 = CARTESIAN_POINT('',(4.800601861534,7.556628907472));
#5379 = CARTESIAN_POINT('',(4.84777934163,7.511569166345));
#5380 = CARTESIAN_POINT('',(4.895066576337,7.468293863907));
#5381 = CARTESIAN_POINT('',(4.942480142682,7.427145638649));
#5382 = CARTESIAN_POINT('',(4.990029371193,7.388464938371));
#5383 = CARTESIAN_POINT('',(5.03772127615,7.352581862656));
#5384 = CARTESIAN_POINT('',(5.085558691167,7.319814014635));
#5385 = CARTESIAN_POINT('',(5.133541522379,7.290461512293));
#5386 = CARTESIAN_POINT('',(5.181661456798,7.264804977453));
#5387 = CARTESIAN_POINT('',(5.229918763923,7.243092079727));
#5388 = CARTESIAN_POINT('',(5.278304081617,7.225545026411));
#5389 = CARTESIAN_POINT('',(5.326778244372,7.212356413111));
#5390 = CARTESIAN_POINT('',(5.37531401802,7.203666806797));
#5391 = CARTESIAN_POINT('',(5.423884139121,7.199569247258));
#5392 = CARTESIAN_POINT('',(5.472463391356,7.200107239872));
#5393 = CARTESIAN_POINT('',(5.521026990956,7.205274957906));
#5394 = CARTESIAN_POINT('',(5.569550044742,7.215017337546));
#5395 = CARTESIAN_POINT('',(5.61800655354,7.22923061464));
#5396 = CARTESIAN_POINT('',(5.666369100221,7.24776342399));
#5397 = CARTESIAN_POINT('',(5.714605989538,7.270417428909));
#5398 = CARTESIAN_POINT('',(5.762687439904,7.296951489308));
#5399 = CARTESIAN_POINT('',(5.810622561956,7.32711253726));
#5400 = CARTESIAN_POINT('',(5.858407563138,7.360615871078));
#5401 = CARTESIAN_POINT('',(5.906046561044,7.397159129622));
#5402 = CARTESIAN_POINT('',(5.953545600449,7.436423661727));
#5403 = CARTESIAN_POINT('',(6.000913767426,7.478078674682));
#5404 = CARTESIAN_POINT('',(6.048162558488,7.52178418807));
#5405 = CARTESIAN_POINT('',(6.095305863165,7.567193880191));
#5406 = CARTESIAN_POINT('',(6.142359871851,7.613957513822));
#5407 = CARTESIAN_POINT('',(6.18934324205,7.661723169039));
#5408 = CARTESIAN_POINT('',(6.236276855436,7.710138747402));
#5409 = CARTESIAN_POINT('',(6.267549297244,7.742616065484));
#5410 = CARTESIAN_POINT('',(6.28318530718,7.758846414347));
#5411 = ( GEOMETRIC_REPRESENTATION_CONTEXT(2) 
PARAMETRIC_REPRESENTATION_CONTEXT() REPRESENTATION_CONTEXT('2D SPACE',''
  ) );
#5412 = ADVANCED_FACE('',(#5413),#5269,.F.);
#5413 = FACE_BOUND('',#5414,.F.);
#5414 = EDGE_LOOP('',(#5415,#5416,#5439,#5819));
#5415 = ORIENTED_EDGE('',*,*,#5031,.F.);
#5416 = ORIENTED_EDGE('',*,*,#5417,.F.);
#5417 = EDGE_CURVE('',#5418,#5032,#5420,.T.);
#5418 = VERTEX_POINT('',#5419);
#5419 = CARTESIAN_POINT('',(372.40526267823,8.412630039905,
    10.286683365088));
#5420 = SEAM_CURVE('',#5421,(#5425,#5432),.PCURVE_S1.);
#5421 = LINE('',#5422,#5423);
#5422 = CARTESIAN_POINT('',(372.40526267823,8.412630039905,6.));
#5423 = VECTOR('',#5424,1.);
#5424 = DIRECTION('',(0.,0.,1.));
#5425 = PCURVE('',#5269,#5426);
#5426 = DEFINITIONAL_REPRESENTATION('',(#5427),#5431);
#5427 = LINE('',#5428,#5429);
#5428 = CARTESIAN_POINT('',(0.,-0.));
#5429 = VECTOR('',#5430,1.);
#5430 = DIRECTION('',(0.,1.));
#5431 = ( GEOMETRIC_REPRESENTATION_CONTEXT(2) 
PARAMETRIC_REPRESENTATION_CONTEXT() REPRESENTATION_CONTEXT('2D SPACE',''
  ) );
#5432 = PCURVE('',#5269,#5433);
#5433 = DEFINITIONAL_REPRESENTATION('',(#5434),#5438);
#5434 = LINE('',#5435,#5436);
#5435 = CARTESIAN_POINT('',(6.28318530718,-0.));
#5436 = VECTOR('',#5437,1.);
#5437 = DIRECTION('',(0.,1.));
#5438 = ( GEOMETRIC_REPRESENTATION_CONTEXT(2) 
PARAMETRIC_REPRESENTATION_CONTEXT() REPRESENTATION_CONTEXT('2D SPACE',''
  ) );
#5439 = ORIENTED_EDGE('',*,*,#5440,.T.);
#5440 = EDGE_CURVE('',#5418,#5418,#5441,.T.);
#5441 = SURFACE_CURVE('',#5442,(#5541,#5680),.PCURVE_S1.);
#5442 = B_SPLINE_CURVE_WITH_KNOTS('',7,(#5443,#5444,#5445,#5446,#5447,
    #5448,#5449,#5450,#5451,#5452,#5453,#5454,#5455,#5456,#5457,#5458,
    #5459,#5460,#5461,#5462,#5463,#5464,#5465,#5466,#5467,#5468,#5469,
    #5470,#5471,#5472,#5473,#5474,#5475,#5476,#5477,#5478,#5479,#5480,
    #5481,#5482,#5483,#5484,#5485,#5486,#5487,#5488,#5489,#5490,#5491,
    #5492,#5493,#5494,#5495,#5496,#5497,#5498,#5499,#5500,#5501,#5502,
    #5503,#5504,#5505,#5506,#5507,#5508,#5509,#5510,#5511,#5512,#5513,
    #5514,#5515,#5516,#5517,#5518,#5519,#5520,#5521,#5522,#5523,#5524,
    #5525,#5526,#5527,#5528,#5529,#5530,#5531,#5532,#5533,#5534,#5535,
    #5536,#5537,#5538,#5539,#5540),.UNSPECIFIED.,.T.,.F.,(8,6,6,6,6,6,6,
    6,6,6,6,6,6,6,6,6,8),(0.,0.110489052501,0.159615753328,
    0.193447990089,0.234234954299,0.306602097181,0.397348820013,
    0.470967994561,0.563474028649,0.659542076803,0.708344285185,
    0.757459759739,0.81410486096,0.924637362336,1.,1.095157656855,
    1.183407062611),.UNSPECIFIED.);
#5443 = CARTESIAN_POINT('',(372.40526267823,8.412630039905,
    10.286683365088));
#5444 = CARTESIAN_POINT('',(372.40526267823,8.862082192827,
    10.400139506609));
#5445 = CARTESIAN_POINT('',(372.36241255633,9.311647383323,
    10.512747283946));
#5446 = CARTESIAN_POINT('',(372.27667374675,9.758848858824,
    10.620819839344));
#5447 = CARTESIAN_POINT('',(372.14732354559,10.200071600726,
    10.720476855518));
#5448 = CARTESIAN_POINT('',(371.9740030655,10.630827227065,
    10.807695771977));
#5449 = CARTESIAN_POINT('',(371.75688253227,11.045729820134,
    10.878445591662));
#5450 = CARTESIAN_POINT('',(371.3828699432,11.613381329806,
    10.952173278354));
#5451 = CARTESIAN_POINT('',(371.25954615761,11.783676677994,
    10.970958253817));
#5452 = CARTESIAN_POINT('',(371.12825852138,11.948940818872,
    10.985546531929));
#5453 = CARTESIAN_POINT('',(370.98933094568,12.10857494257,
    10.995696090957));
#5454 = CARTESIAN_POINT('',(370.84317151594,12.262000193371,
    11.00122496345));
#5455 = CARTESIAN_POINT('',(370.69028506196,12.408667933575,
    11.002026791675));
#5456 = CARTESIAN_POINT('',(370.42179789122,12.64408207167,
    10.995378080983));
#5457 = CARTESIAN_POINT('',(370.30939633573,12.736655019542,
    10.990418735554));
#5458 = CARTESIAN_POINT('',(370.19428463095,12.825633444288,
    10.983206630126));
#5459 = CARTESIAN_POINT('',(370.07666719057,12.910881017255,
    10.973757098152));
#5460 = CARTESIAN_POINT('',(369.95675427373,12.99228436734,
    10.962104861984));
#5461 = CARTESIAN_POINT('',(369.83476063467,13.069751271017,
    10.948303202721));
#5462 = CARTESIAN_POINT('',(369.56158714288,13.231766727405,
    10.913278668557));
#5463 = CARTESIAN_POINT('',(369.40955401699,13.314502510795,
    10.891112265954));
#5464 = CARTESIAN_POINT('',(369.25518073651,13.391291941433,
    10.866047230526));
#5465 = CARTESIAN_POINT('',(369.09882194236,13.462065386567,
    10.838239308397));
#5466 = CARTESIAN_POINT('',(368.94080759335,13.526796351609,
    10.807870324854));
#5467 = CARTESIAN_POINT('',(368.78143958499,13.585489999942,
    10.775141825658));
#5468 = CARTESIAN_POINT('',(368.33630436819,13.731643256519,
    10.67839436244));
#5469 = CARTESIAN_POINT('',(368.04829055491,13.806162520704,
    10.609786448763));
#5470 = CARTESIAN_POINT('',(367.75828806701,13.86195484862,
    10.535615323324));
#5471 = CARTESIAN_POINT('',(367.46738182658,13.899353949649,
    10.457178753266));
#5472 = CARTESIAN_POINT('',(367.17641256175,13.918703129798,
    10.37584395934));
#5473 = CARTESIAN_POINT('',(366.88597492653,13.920238041235,
    10.293024488662));
#5474 = CARTESIAN_POINT('',(366.23328361442,13.883527226097,
    10.10632181289));
#5475 = CARTESIAN_POINT('',(365.87198602095,13.835103571077,
    10.002563586542));
#5476 = CARTESIAN_POINT('',(365.51266154749,13.758759027792,
    9.901677567289));
#5477 = CARTESIAN_POINT('',(365.15640663782,13.653786609603,
    9.807008305165));
#5478 = CARTESIAN_POINT('',(364.80501681026,13.519406807804,
    9.722571331568));
#5479 = CARTESIAN_POINT('',(364.46108804619,13.354762863382,
    9.652865207362));
#5480 = CARTESIAN_POINT('',(363.85827119725,13.002149257957,
    9.559832887569));
#5481 = CARTESIAN_POINT('',(363.59540725248,12.824344034264,
    9.530209158185));
#5482 = CARTESIAN_POINT('',(363.34311972125,12.627609473542,
    9.514811580454));
#5483 = CARTESIAN_POINT('',(363.10425190073,12.413532666954,
    9.514940431199));
#5484 = CARTESIAN_POINT('',(362.88116726,12.184233303482,9.53058919637)
  );
#5485 = CARTESIAN_POINT('',(362.67575537957,11.942371218084,
    9.560444900125));
#5486 = CARTESIAN_POINT('',(362.25507105256,11.375760662625,
    9.654926681123));
#5487 = CARTESIAN_POINT('',(362.05060346746,11.045416248625,
    9.726549162529));
#5488 = CARTESIAN_POINT('',(361.8765302548,10.704011769376,
    9.813345339798));
#5489 = CARTESIAN_POINT('',(361.73222344412,10.354325406668,
    9.910548975889));
#5490 = CARTESIAN_POINT('',(361.61708020563,9.998295285573,
    10.013936114905));
#5491 = CARTESIAN_POINT('',(361.5305038746,9.63712938863,10.120002827402
    ));
#5492 = CARTESIAN_POINT('',(361.412568788,8.890680459698,10.335793631783
    ));
#5493 = CARTESIAN_POINT('',(361.38354800842,8.505535691459,
    10.445347052162));
#5494 = CARTESIAN_POINT('',(361.38569172302,8.116238621759,
    10.551127710443));
#5495 = CARTESIAN_POINT('',(361.42001967348,7.724375635775,
    10.649874588953));
#5496 = CARTESIAN_POINT('',(361.48766736295,7.33233595865,
    10.738426404598));
#5497 = CARTESIAN_POINT('',(361.58966399227,6.943393342839,
    10.81392936475));
#5498 = CARTESIAN_POINT('',(361.79532936168,6.367888780205,
    10.904832875245));
#5499 = CARTESIAN_POINT('',(361.8734641745,6.175964286339,
    10.931517962684));
#5500 = CARTESIAN_POINT('',(361.96041493898,5.986623989291,
    10.953971147068));
#5501 = CARTESIAN_POINT('',(362.05606813953,5.800521819346,
    10.971962249838));
#5502 = CARTESIAN_POINT('',(362.16022398005,5.6183226823,10.985334067223
    ));
#5503 = CARTESIAN_POINT('',(362.27257973057,5.440694643698,
    10.994010919796));
#5504 = CARTESIAN_POINT('',(362.51360314561,5.094792418127,
    11.002028873045));
#5505 = CARTESIAN_POINT('',(362.64239692183,4.926548228542,
    11.001310565994));
#5506 = CARTESIAN_POINT('',(362.77865708066,4.764237348223,
    10.995863115403));
#5507 = CARTESIAN_POINT('',(362.92189457754,4.608423149678,
    10.985791934763));
#5508 = CARTESIAN_POINT('',(363.07157937538,4.459576285489,
    10.971278214373));
#5509 = CARTESIAN_POINT('',(363.22715199945,4.318085982644,
    10.952563398984));
#5510 = CARTESIAN_POINT('',(363.57356859943,4.029930063455,
    10.903841469787));
#5511 = CARTESIAN_POINT('',(363.76618466942,3.885779049005,
    10.872540018117));
#5512 = CARTESIAN_POINT('',(363.96503754834,3.752252550626,
    10.836466971358));
#5513 = CARTESIAN_POINT('',(364.16932535741,3.629621984954,
    10.796122412073));
#5514 = CARTESIAN_POINT('',(364.37830417683,3.518041994343,
    10.752035247675));
#5515 = CARTESIAN_POINT('',(364.5913044267,3.41759091954,10.704739185404
    ));
#5516 = CARTESIAN_POINT('',(365.2300836262,3.154065181999,
    10.557239020709));
#5517 = CARTESIAN_POINT('',(365.66500092888,3.022536738926,
    10.449624644437));
#5518 = CARTESIAN_POINT('',(366.10903478703,2.93338912227,
    10.335664428876));
#5519 = CARTESIAN_POINT('',(366.55889139099,2.886722630186,
    10.219127434644));
#5520 = CARTESIAN_POINT('',(367.01139636933,2.882785094078,
    10.103910981339));
#5521 = CARTESIAN_POINT('',(367.46349072596,2.922028126959,
    9.993998503654));
#5522 = CARTESIAN_POINT('',(368.21814589316,3.062566188702,
    9.824899323492));
#5523 = CARTESIAN_POINT('',(368.5223069275,3.14010578607,9.760746839234)
  );
#5524 = CARTESIAN_POINT('',(368.8233715988,3.238451905612,9.70235805612)
  );
#5525 = CARTESIAN_POINT('',(369.11970772475,3.357781727482,
    9.651151081613));
#5526 = CARTESIAN_POINT('',(369.40940951323,3.498041859345,9.6085156712)
  );
#5527 = CARTESIAN_POINT('',(369.69029965619,3.65881434596,9.57564229031)
  );
#5528 = CARTESIAN_POINT('',(370.3005660454,4.066409974502,9.525015877873
    ));
#5529 = CARTESIAN_POINT('',(370.62377701168,4.325063209147,
    9.513462859711));
#5530 = CARTESIAN_POINT('',(370.92371625589,4.612044030791,
    9.520265005709));
#5531 = CARTESIAN_POINT('',(371.19638218244,4.923448984616,
    9.545456946937));
#5532 = CARTESIAN_POINT('',(371.43901467046,5.2550071778,9.587547853826)
  );
#5533 = CARTESIAN_POINT('',(371.64988306728,5.602188897297,
    9.644073395682));
#5534 = CARTESIAN_POINT('',(371.99365026259,6.292270286123,
    9.775068001061));
#5535 = CARTESIAN_POINT('',(372.13132844679,6.634112857703,
    9.848024219046));
#5536 = CARTESIAN_POINT('',(372.24114290191,6.983203370954,
    9.928794838259));
#5537 = CARTESIAN_POINT('',(372.32326176593,7.337340525619,
    10.01513272988));
#5538 = CARTESIAN_POINT('',(372.37790127234,7.694632326706,
    10.104878227421));
#5539 = CARTESIAN_POINT('',(372.40526267823,8.053478770757,
    10.196022063424));
#5540 = CARTESIAN_POINT('',(372.40526267823,8.412630039905,
    10.286683365088));
#5541 = PCURVE('',#5269,#5542);
#5542 = DEFINITIONAL_REPRESENTATION('',(#5543),#5679);
#5543 = B_SPLINE_CURVE_WITH_KNOTS('',3,(#5544,#5545,#5546,#5547,#5548,
    #5549,#5550,#5551,#5552,#5553,#5554,#5555,#5556,#5557,#5558,#5559,
    #5560,#5561,#5562,#5563,#5564,#5565,#5566,#5567,#5568,#5569,#5570,
    #5571,#5572,#5573,#5574,#5575,#5576,#5577,#5578,#5579,#5580,#5581,
    #5582,#5583,#5584,#5585,#5586,#5587,#5588,#5589,#5590,#5591,#5592,
    #5593,#5594,#5595,#5596,#5597,#5598,#5599,#5600,#5601,#5602,#5603,
    #5604,#5605,#5606,#5607,#5608,#5609,#5610,#5611,#5612,#5613,#5614,
    #5615,#5616,#5617,#5618,#5619,#5620,#5621,#5622,#5623,#5624,#5625,
    #5626,#5627,#5628,#5629,#5630,#5631,#5632,#5633,#5634,#5635,#5636,
    #5637,#5638,#5639,#5640,#5641,#5642,#5643,#5644,#5645,#5646,#5647,
    #5648,#5649,#5650,#5651,#5652,#5653,#5654,#5655,#5656,#5657,#5658,
    #5659,#5660,#5661,#5662,#5663,#5664,#5665,#5666,#5667,#5668,#5669,
    #5670,#5671,#5672,#5673,#5674,#5675,#5676,#5677,#5678),
  .UNSPECIFIED.,.F.,.F.,(4,1,1,1,1,1,1,1,1,1,1,1,1,1,1,1,1,1,1,1,1,1,1,1
    ,1,1,1,1,1,1,1,1,1,1,1,1,1,1,1,1,1,1,1,1,1,1,1,1,1,1,1,1,1,1,1,1,1,1
    ,1,1,1,1,1,1,1,1,1,1,1,1,1,1,1,1,1,1,1,1,1,1,1,1,1,1,1,1,1,1,1,1,1,1
    ,1,1,1,1,1,1,1,1,1,1,1,1,1,1,1,1,1,1,1,1,1,1,1,1,1,1,1,1,1,1,1,1,1,1
    ,1,1,1,1,1,1,4),(0.,8.965205019784E-03,1.793041003957E-02,
    2.689561505935E-02,3.586082007913E-02,4.482602509892E-02,
    5.37912301187E-02,6.275643513849E-02,7.172164015827E-02,
    8.068684517805E-02,8.965205019784E-02,9.861725521762E-02,
    0.107582460237,0.116547665257,0.125512870277,0.134478075297,
    0.143443280317,0.152408485336,0.161373690356,0.170338895376,
    0.179304100396,0.188269305415,0.197234510435,0.206199715455,
    0.215164920475,0.224130125495,0.233095330514,0.242060535534,
    0.251025740554,0.259990945574,0.268956150594,0.277921355613,
    0.286886560633,0.295851765653,0.304816970673,0.313782175692,
    0.322747380712,0.331712585732,0.340677790752,0.349642995772,
    0.358608200791,0.367573405811,0.376538610831,0.385503815851,
    0.39446902087,0.40343422589,0.41239943091,0.42136463593,
    0.43032984095,0.439295045969,0.448260250989,0.457225456009,
    0.466190661029,0.475155866049,0.484121071068,0.493086276088,
    0.502051481108,0.511016686128,0.519981891147,0.528947096167,
    0.537912301187,0.546877506207,0.555842711227,0.564807916246,
    0.573773121266,0.582738326286,0.591703531306,0.600668736326,
    0.609633941345,0.618599146365,0.627564351385,0.636529556405,
    0.645494761424,0.654459966444,0.663425171464,0.672390376484,
    0.681355581504,0.690320786523,0.699285991543,0.708251196563,
    0.717216401583,0.726181606602,0.735146811622,0.744112016642,
    0.753077221662,0.762042426682,0.771007631701,0.779972836721,
    0.788938041741,0.797903246761,0.806868451781,0.8158336568,
    0.82479886182,0.83376406684,0.84272927186,0.851694476879,
    0.860659681899,0.869624886919,0.878590091939,0.887555296959,
    0.896520501978,0.905485706998,0.914450912018,0.923416117038,
    0.932381322057,0.941346527077,0.950311732097,0.959276937117,
    0.968242142137,0.977207347156,0.986172552176,0.995137757196,
    1.004102962216,1.013068167236,1.022033372255,1.030998577275,
    1.039963782295,1.048928987315,1.057894192334,1.066859397354,
    1.075824602374,1.084789807394,1.093755012414,1.102720217433,
    1.111685422453,1.120650627473,1.129615832493,1.138581037513,
    1.147546242532,1.156511447552,1.165476652572,1.174441857592,
    1.183407062611),.QUASI_UNIFORM_KNOTS.);
#5544 = CARTESIAN_POINT('',(-8.881784197001E-16,4.286683365088));
#5545 = CARTESIAN_POINT('',(1.54712039082E-02,4.308163402637));
#5546 = CARTESIAN_POINT('',(4.641748540853E-02,4.351047312569));
#5547 = CARTESIAN_POINT('',(9.28876378518E-02,4.414720594704));
#5548 = CARTESIAN_POINT('',(0.139449844294,4.477319544539));
#5549 = CARTESIAN_POINT('',(0.186137677214,4.538414230454));
#5550 = CARTESIAN_POINT('',(0.232980515724,4.597570512535));
#5551 = CARTESIAN_POINT('',(0.280003234064,4.65435052214));
#5552 = CARTESIAN_POINT('',(0.327226711774,4.708314551879));
#5553 = CARTESIAN_POINT('',(0.374667922739,4.759023130019));
#5554 = CARTESIAN_POINT('',(0.422339948807,4.806039683402));
#5555 = CARTESIAN_POINT('',(0.470251778111,4.848933803304));
#5556 = CARTESIAN_POINT('',(0.518408036488,4.887285057193));
#5557 = CARTESIAN_POINT('',(0.566808070546,4.920687964914));
#5558 = CARTESIAN_POINT('',(0.615446375775,4.948756126952));
#5559 = CARTESIAN_POINT('',(0.664268428027,4.971113977416));
#5560 = CARTESIAN_POINT('',(0.713238686787,4.987450775486));
#5561 = CARTESIAN_POINT('',(0.762313332949,4.99750840743));
#5562 = CARTESIAN_POINT('',(0.811444978929,5.001092970086));
#5563 = CARTESIAN_POINT('',(0.860576779239,4.998082238468));
#5564 = CARTESIAN_POINT('',(0.90965303654,4.988433236219));
#5565 = CARTESIAN_POINT('',(0.958617912383,4.972184278387));
#5566 = CARTESIAN_POINT('',(1.00741934345,4.949454426843));
#5567 = CARTESIAN_POINT('',(1.056008676037,4.920441164235));
#5568 = CARTESIAN_POINT('',(1.104346478918,4.885412422047));
#5569 = CARTESIAN_POINT('',(1.152401930934,4.844698677889));
#5570 = CARTESIAN_POINT('',(1.200154823001,4.798682698884));
#5571 = CARTESIAN_POINT('',(1.247596227475,4.747789227568));
#5572 = CARTESIAN_POINT('',(1.294720664385,4.69248494577));
#5573 = CARTESIAN_POINT('',(1.341538428702,4.633257747478));
#5574 = CARTESIAN_POINT('',(1.388077628618,4.570603062995));
#5575 = CARTESIAN_POINT('',(1.434368639007,4.505038288671));
#5576 = CARTESIAN_POINT('',(1.48044819457,4.437095523149));
#5577 = CARTESIAN_POINT('',(1.526358951713,4.367320233622));
#5578 = CARTESIAN_POINT('',(1.572149295339,4.296271124969));
#5579 = CARTESIAN_POINT('',(1.617878080335,4.224513076056));
#5580 = CARTESIAN_POINT('',(1.663600853612,4.152640413199));
#5581 = CARTESIAN_POINT('',(1.709367502179,4.081283005655));
#5582 = CARTESIAN_POINT('',(1.755260944778,4.011048392188));
#5583 = CARTESIAN_POINT('',(1.801343639097,3.942609107808));
#5584 = CARTESIAN_POINT('',(1.847672516344,3.876679044244));
#5585 = CARTESIAN_POINT('',(1.894296079322,3.814014759936));
#5586 = CARTESIAN_POINT('',(1.941255834828,3.755406479297));
#5587 = CARTESIAN_POINT('',(1.988585494246,3.701668086127));
#5588 = CARTESIAN_POINT('',(2.036311914463,3.653621632536));
#5589 = CARTESIAN_POINT('',(2.08444812115,3.612082453778));
#5590 = CARTESIAN_POINT('',(2.133012544041,3.577822486654));
#5591 = CARTESIAN_POINT('',(2.181943803058,3.551594725233));
#5592 = CARTESIAN_POINT('',(2.231117802902,3.53402723009));
#5593 = CARTESIAN_POINT('',(2.280433990703,3.525534385102));
#5594 = CARTESIAN_POINT('',(2.329791258271,3.526319292551));
#5595 = CARTESIAN_POINT('',(2.379091160892,3.536363400503));
#5596 = CARTESIAN_POINT('',(2.428231857865,3.55542673415));
#5597 = CARTESIAN_POINT('',(2.47711209278,3.583060545162));
#5598 = CARTESIAN_POINT('',(2.525603996208,3.618601751175));
#5599 = CARTESIAN_POINT('',(2.573666944701,3.66129159959));
#5600 = CARTESIAN_POINT('',(2.621319991502,3.710350194216));
#5601 = CARTESIAN_POINT('',(2.668579853149,3.764960490072));
#5602 = CARTESIAN_POINT('',(2.715475363174,3.824301855815));
#5603 = CARTESIAN_POINT('',(2.762041964443,3.887564408011));
#5604 = CARTESIAN_POINT('',(2.808322397428,3.953963464615));
#5605 = CARTESIAN_POINT('',(2.854366079666,4.022748845038));
#5606 = CARTESIAN_POINT('',(2.900230549048,4.09321321482));
#5607 = CARTESIAN_POINT('',(2.945978683919,4.164690410338));
#5608 = CARTESIAN_POINT('',(2.991693380043,4.236578258788));
#5609 = CARTESIAN_POINT('',(3.037426934175,4.308255512448));
#5610 = CARTESIAN_POINT('',(3.083233051428,4.379129261851));
#5611 = CARTESIAN_POINT('',(3.129171170966,4.448639234405));
#5612 = CARTESIAN_POINT('',(3.175288136871,4.516227594244));
#5613 = CARTESIAN_POINT('',(3.221624345992,4.581348688915));
#5614 = CARTESIAN_POINT('',(3.2682129421,4.643469010015));
#5615 = CARTESIAN_POINT('',(3.315080577954,4.702070703498));
#5616 = CARTESIAN_POINT('',(3.362247267009,4.756654881116));
#5617 = CARTESIAN_POINT('',(3.409726796478,4.806746253013));
#5618 = CARTESIAN_POINT('',(3.457524271395,4.851896611379));
#5619 = CARTESIAN_POINT('',(3.50564291531,4.891695387085));
#5620 = CARTESIAN_POINT('',(3.554043942498,4.925748490274));
#5621 = CARTESIAN_POINT('',(3.602688841804,4.953730813392));
#5622 = CARTESIAN_POINT('',(3.651536788161,4.975386447854));
#5623 = CARTESIAN_POINT('',(3.700541443305,4.990531814227));
#5624 = CARTESIAN_POINT('',(3.74964764498,4.999060205093));
#5625 = CARTESIAN_POINT('',(3.798799084589,5.000947496869));
#5626 = CARTESIAN_POINT('',(3.847940342967,4.996250630114));
#5627 = CARTESIAN_POINT('',(3.897016055979,4.98510473787));
#5628 = CARTESIAN_POINT('',(3.94597941301,4.967715518995));
#5629 = CARTESIAN_POINT('',(3.994788623593,4.944350391493));
#5630 = CARTESIAN_POINT('',(4.043403599725,4.915333069828));
#5631 = CARTESIAN_POINT('',(4.091800644177,4.881025485105));
#5632 = CARTESIAN_POINT('',(4.139964292823,4.84181987378));
#5633 = CARTESIAN_POINT('',(4.187886752917,4.798130760406));
#5634 = CARTESIAN_POINT('',(4.235568162044,4.750386615481));
#5635 = CARTESIAN_POINT('',(4.283013515516,4.69902671589));
#5636 = CARTESIAN_POINT('',(4.330241367935,4.644485075587));
#5637 = CARTESIAN_POINT('',(4.377247506092,4.587230469193));
#5638 = CARTESIAN_POINT('',(4.424066989822,4.527690241472));
#5639 = CARTESIAN_POINT('',(4.470739165936,4.466284894582));
#5640 = CARTESIAN_POINT('',(4.517300024264,4.403439651934));
#5641 = CARTESIAN_POINT('',(4.56378501432,4.339581962001));
#5642 = CARTESIAN_POINT('',(4.610228989082,4.275142580157));
#5643 = CARTESIAN_POINT('',(4.656666866837,4.210555536473));
#5644 = CARTESIAN_POINT('',(4.703134094915,4.146258247399));
#5645 = CARTESIAN_POINT('',(4.749667114301,4.082691559395));
#5646 = CARTESIAN_POINT('',(4.796304077807,4.020299442019));
#5647 = CARTESIAN_POINT('',(4.843084748153,3.959529800154));
#5648 = CARTESIAN_POINT('',(4.890053753576,3.900830936763));
#5649 = CARTESIAN_POINT('',(4.937251695398,3.844664198723));
#5650 = CARTESIAN_POINT('',(4.984683021674,3.791536200799));
#5651 = CARTESIAN_POINT('',(5.032367075468,3.741931107751));
#5652 = CARTESIAN_POINT('',(5.080311138158,3.696337706612));
#5653 = CARTESIAN_POINT('',(5.12851707588,3.655232789913));
#5654 = CARTESIAN_POINT('',(5.176979010881,3.619074303961));
#5655 = CARTESIAN_POINT('',(5.225682707166,3.588290281984));
#5656 = CARTESIAN_POINT('',(5.274605106566,3.56326754289));
#5657 = CARTESIAN_POINT('',(5.323709277838,3.544338249459));
#5658 = CARTESIAN_POINT('',(5.372975787975,3.531761338792));
#5659 = CARTESIAN_POINT('',(5.422320221691,3.525730628601));
#5660 = CARTESIAN_POINT('',(5.471679356528,3.526330768587));
#5661 = CARTESIAN_POINT('',(5.520996277611,3.533549511368));
#5662 = CARTESIAN_POINT('',(5.570221870947,3.547281378088));
#5663 = CARTESIAN_POINT('',(5.619312260107,3.567334875253));
#5664 = CARTESIAN_POINT('',(5.668227695976,3.593439850678));
#5665 = CARTESIAN_POINT('',(5.716930937068,3.62525535354));
#5666 = CARTESIAN_POINT('',(5.765387140192,3.662378823885));
#5667 = CARTESIAN_POINT('',(5.813558873513,3.704351818291));
#5668 = CARTESIAN_POINT('',(5.861419570458,3.75067949272));
#5669 = CARTESIAN_POINT('',(5.909017774812,3.800919418247));
#5670 = CARTESIAN_POINT('',(5.956366679426,3.854588898149));
#5671 = CARTESIAN_POINT('',(6.003491687208,3.911211000232));
#5672 = CARTESIAN_POINT('',(6.050418224761,3.970308343649));
#5673 = CARTESIAN_POINT('',(6.097175026605,4.031409248874));
#5674 = CARTESIAN_POINT('',(6.143793400525,4.094049518652));
#5675 = CARTESIAN_POINT('',(6.190307935217,4.15777498549));
#5676 = CARTESIAN_POINT('',(6.236756285802,4.222141269377));
#5677 = CARTESIAN_POINT('',(6.267706815112,4.265193815942));
#5678 = CARTESIAN_POINT('',(6.28318530718,4.286683365088));
#5679 = ( GEOMETRIC_REPRESENTATION_CONTEXT(2) 
PARAMETRIC_REPRESENTATION_CONTEXT() REPRESENTATION_CONTEXT('2D SPACE',''
  ) );
#5680 = PCURVE('',#987,#5681);
#5681 = DEFINITIONAL_REPRESENTATION('',(#5682),#5818);
#5682 = B_SPLINE_CURVE_WITH_KNOTS('',3,(#5683,#5684,#5685,#5686,#5687,
    #5688,#5689,#5690,#5691,#5692,#5693,#5694,#5695,#5696,#5697,#5698,
    #5699,#5700,#5701,#5702,#5703,#5704,#5705,#5706,#5707,#5708,#5709,
    #5710,#5711,#5712,#5713,#5714,#5715,#5716,#5717,#5718,#5719,#5720,
    #5721,#5722,#5723,#5724,#5725,#5726,#5727,#5728,#5729,#5730,#5731,
    #5732,#5733,#5734,#5735,#5736,#5737,#5738,#5739,#5740,#5741,#5742,
    #5743,#5744,#5745,#5746,#5747,#5748,#5749,#5750,#5751,#5752,#5753,
    #5754,#5755,#5756,#5757,#5758,#5759,#5760,#5761,#5762,#5763,#5764,
    #5765,#5766,#5767,#5768,#5769,#5770,#5771,#5772,#5773,#5774,#5775,
    #5776,#5777,#5778,#5779,#5780,#5781,#5782,#5783,#5784,#5785,#5786,
    #5787,#5788,#5789,#5790,#5791,#5792,#5793,#5794,#5795,#5796,#5797,
    #5798,#5799,#5800,#5801,#5802,#5803,#5804,#5805,#5806,#5807,#5808,
    #5809,#5810,#5811,#5812,#5813,#5814,#5815,#5816,#5817),
  .UNSPECIFIED.,.T.,.F.,(4,1,1,1,1,1,1,1,1,1,1,1,1,1,1,1,1,1,1,1,1,1,1,1
    ,1,1,1,1,1,1,1,1,1,1,1,1,1,1,1,1,1,1,1,1,1,1,1,1,1,1,1,1,1,1,1,1,1,1
    ,1,1,1,1,1,1,1,1,1,1,1,1,1,1,1,1,1,1,1,1,1,1,1,1,1,1,1,1,1,1,1,1,1,1
    ,1,1,1,1,1,1,1,1,1,1,1,1,1,1,1,1,1,1,1,1,1,1,1,1,1,1,1,1,1,1,1,1,1,1
    ,1,1,1,1,1,1,4),(0.,8.965205019784E-03,1.793041003957E-02,
    2.689561505935E-02,3.586082007913E-02,4.482602509892E-02,
    5.37912301187E-02,6.275643513849E-02,7.172164015827E-02,
    8.068684517805E-02,8.965205019784E-02,9.861725521762E-02,
    0.107582460237,0.116547665257,0.125512870277,0.134478075297,
    0.143443280317,0.152408485336,0.161373690356,0.170338895376,
    0.179304100396,0.188269305415,0.197234510435,0.206199715455,
    0.215164920475,0.224130125495,0.233095330514,0.242060535534,
    0.251025740554,0.259990945574,0.268956150594,0.277921355613,
    0.286886560633,0.295851765653,0.304816970673,0.313782175692,
    0.322747380712,0.331712585732,0.340677790752,0.349642995772,
    0.358608200791,0.367573405811,0.376538610831,0.385503815851,
    0.39446902087,0.40343422589,0.41239943091,0.42136463593,
    0.43032984095,0.439295045969,0.448260250989,0.457225456009,
    0.466190661029,0.475155866049,0.484121071068,0.493086276088,
    0.502051481108,0.511016686128,0.519981891147,0.528947096167,
    0.537912301187,0.546877506207,0.555842711227,0.564807916246,
    0.573773121266,0.582738326286,0.591703531306,0.600668736326,
    0.609633941345,0.618599146365,0.627564351385,0.636529556405,
    0.645494761424,0.654459966444,0.663425171464,0.672390376484,
    0.681355581504,0.690320786523,0.699285991543,0.708251196563,
    0.717216401583,0.726181606602,0.735146811622,0.744112016642,
    0.753077221662,0.762042426682,0.771007631701,0.779972836721,
    0.788938041741,0.797903246761,0.806868451781,0.8158336568,
    0.82479886182,0.83376406684,0.84272927186,0.851694476879,
    0.860659681899,0.869624886919,0.878590091939,0.887555296959,
    0.896520501978,0.905485706998,0.914450912018,0.923416117038,
    0.932381322057,0.941346527077,0.950311732097,0.959276937117,
    0.968242142137,0.977207347156,0.986172552176,0.995137757196,
    1.004102962216,1.013068167236,1.022033372255,1.030998577275,
    1.039963782295,1.048928987315,1.057894192334,1.066859397354,
    1.075824602374,1.084789807394,1.093755012414,1.102720217433,
    1.111685422453,1.120650627473,1.129615832493,1.138581037513,
    1.147546242532,1.156511447552,1.165476652572,1.174441857592,
    1.183407062611),.QUASI_UNIFORM_KNOTS.);
#5683 = CARTESIAN_POINT('',(0.84144747402,7.491876125047));
#5684 = CARTESIAN_POINT('',(0.843166939797,7.497388630308));
#5685 = CARTESIAN_POINT('',(0.84655107684,7.508634314703));
#5686 = CARTESIAN_POINT('',(0.851455915919,7.526149550537));
#5687 = CARTESIAN_POINT('',(0.856182958884,7.544296337822));
#5688 = CARTESIAN_POINT('',(0.860723839476,7.563058977681));
#5689 = CARTESIAN_POINT('',(0.865069050624,7.582421091342));
#5690 = CARTESIAN_POINT('',(0.86920783655,7.602365328811));
#5691 = CARTESIAN_POINT('',(0.873128311493,7.622873101489));
#5692 = CARTESIAN_POINT('',(0.876817510306,7.643924273395));
#5693 = CARTESIAN_POINT('',(0.880261457856,7.665496814829));
#5694 = CARTESIAN_POINT('',(0.883445244311,7.687566376246));
#5695 = CARTESIAN_POINT('',(0.886353113518,7.710105845517));
#5696 = CARTESIAN_POINT('',(0.888968594207,7.733084568995));
#5697 = CARTESIAN_POINT('',(0.891274597484,7.756468338141));
#5698 = CARTESIAN_POINT('',(0.893252138538,7.780197411088));
#5699 = CARTESIAN_POINT('',(0.89488425016,7.804218855142));
#5700 = CARTESIAN_POINT('',(0.896154741929,7.828473686662));
#5701 = CARTESIAN_POINT('',(0.897048829739,7.852899126728));
#5702 = CARTESIAN_POINT('',(0.897553429086,7.877425796902));
#5703 = CARTESIAN_POINT('',(0.897657741266,7.901983185421));
#5704 = CARTESIAN_POINT('',(0.897353421645,7.926499313238));
#5705 = CARTESIAN_POINT('',(0.896634715336,7.950903008424));
#5706 = CARTESIAN_POINT('',(0.895498500486,7.975124050983));
#5707 = CARTESIAN_POINT('',(0.893944081238,7.999096358954));
#5708 = CARTESIAN_POINT('',(0.891972931947,8.022757878203));
#5709 = CARTESIAN_POINT('',(0.88958830354,8.04605165838));
#5710 = CARTESIAN_POINT('',(0.886794781686,8.068926132471));
#5711 = CARTESIAN_POINT('',(0.883598377842,8.091331202228));
#5712 = CARTESIAN_POINT('',(0.880005496962,8.113224016845));
#5713 = CARTESIAN_POINT('',(0.87602196971,8.134569183206));
#5714 = CARTESIAN_POINT('',(0.871653869298,8.155330917981));
#5715 = CARTESIAN_POINT('',(0.866907067463,8.17547454102));
#5716 = CARTESIAN_POINT('',(0.861787042764,8.194965649924));
#5717 = CARTESIAN_POINT('',(0.856298751756,8.213769392584));
#5718 = CARTESIAN_POINT('',(0.850445850298,8.231851529561));
#5719 = CARTESIAN_POINT('',(0.844232319092,8.249172046773));
#5720 = CARTESIAN_POINT('',(0.837663227909,8.265684476732));
#5721 = CARTESIAN_POINT('',(0.830739040342,8.281348717286));
#5722 = CARTESIAN_POINT('',(0.823463265952,8.296110563723));
#5723 = CARTESIAN_POINT('',(0.815841087172,8.309908083702));
#5724 = CARTESIAN_POINT('',(0.807880268155,8.32267122811));
#5725 = CARTESIAN_POINT('',(0.799591453782,8.334323376682));
#5726 = CARTESIAN_POINT('',(0.79098877112,8.344782532494));
#5727 = CARTESIAN_POINT('',(0.782090059742,8.353963161531));
#5728 = CARTESIAN_POINT('',(0.772918583114,8.361777523988));
#5729 = CARTESIAN_POINT('',(0.763499538278,8.368140649305));
#5730 = CARTESIAN_POINT('',(0.753876886533,8.372963719592));
#5731 = CARTESIAN_POINT('',(0.74411070735,8.376171503321));
#5732 = CARTESIAN_POINT('',(0.734259367339,8.377715866153));
#5733 = CARTESIAN_POINT('',(0.724383001902,8.377573310338));
#5734 = CARTESIAN_POINT('',(0.714541721358,8.375745958858));
#5735 = CARTESIAN_POINT('',(0.704795605764,8.372261601621));
#5736 = CARTESIAN_POINT('',(0.695202772558,8.36717245375));
#5737 = CARTESIAN_POINT('',(0.685823411978,8.360558415651));
#5738 = CARTESIAN_POINT('',(0.676696805691,8.352508010976));
#5739 = CARTESIAN_POINT('',(0.667847497507,8.34310667795));
#5740 = CARTESIAN_POINT('',(0.659297536521,8.332441801172));
#5741 = CARTESIAN_POINT('',(0.651063954346,8.320598234599));
#5742 = CARTESIAN_POINT('',(0.643160189954,8.307657008039));
#5743 = CARTESIAN_POINT('',(0.635596371544,8.293693618625));
#5744 = CARTESIAN_POINT('',(0.628379880222,8.278776913406));
#5745 = CARTESIAN_POINT('',(0.621515641484,8.262967620218));
#5746 = CARTESIAN_POINT('',(0.615007006719,8.246318765538));
#5747 = CARTESIAN_POINT('',(0.608854413456,8.228869436118));
#5748 = CARTESIAN_POINT('',(0.603062617252,8.210664238884));
#5749 = CARTESIAN_POINT('',(0.597635875712,8.19174305511));
#5750 = CARTESIAN_POINT('',(0.592577847171,8.172139106199));
#5751 = CARTESIAN_POINT('',(0.587893730317,8.151887253206));
#5752 = CARTESIAN_POINT('',(0.583589258342,8.131022414448));
#5753 = CARTESIAN_POINT('',(0.579670585808,8.109580573574));
#5754 = CARTESIAN_POINT('',(0.576143972433,8.087599041061));
#5755 = CARTESIAN_POINT('',(0.573015551512,8.065117004442));
#5756 = CARTESIAN_POINT('',(0.570291070366,8.042175721387));
#5757 = CARTESIAN_POINT('',(0.567975708827,8.018820061241));
#5758 = CARTESIAN_POINT('',(0.566073609052,7.995095374941));
#5759 = CARTESIAN_POINT('',(0.564588805592,7.97106761066));
#5760 = CARTESIAN_POINT('',(0.563522605137,7.946802672512));
#5761 = CARTESIAN_POINT('',(0.5628738605,7.92236733328));
#5762 = CARTESIAN_POINT('',(0.562638973677,7.897830594561));
#5763 = CARTESIAN_POINT('',(0.562811775459,7.873265064806));
#5764 = CARTESIAN_POINT('',(0.563383455668,7.848742786389));
#5765 = CARTESIAN_POINT('',(0.5643427939,7.824333900466));
#5766 = CARTESIAN_POINT('',(0.565676370413,7.800106776284));
#5767 = CARTESIAN_POINT('',(0.567369114192,7.776123600014));
#5768 = CARTESIAN_POINT('',(0.569404700885,7.752442070236));
#5769 = CARTESIAN_POINT('',(0.571765703669,7.729116929292));
#5770 = CARTESIAN_POINT('',(0.574434693301,7.70619297623));
#5771 = CARTESIAN_POINT('',(0.577394415794,7.683709343183));
#5772 = CARTESIAN_POINT('',(0.58062807637,7.661700036737));
#5773 = CARTESIAN_POINT('',(0.58411966535,7.640194194051));
#5774 = CARTESIAN_POINT('',(0.587853940139,7.619217796256));
#5775 = CARTESIAN_POINT('',(0.591817391334,7.598790415944));
#5776 = CARTESIAN_POINT('',(0.595995161813,7.578941004921));
#5777 = CARTESIAN_POINT('',(0.600376446812,7.559681605343));
#5778 = CARTESIAN_POINT('',(0.604951945376,7.541023654381));
#5779 = CARTESIAN_POINT('',(0.60971299876,7.522981268949));
#5780 = CARTESIAN_POINT('',(0.614651751472,7.505570244997));
#5781 = CARTESIAN_POINT('',(0.619761054166,7.488808240182));
#5782 = CARTESIAN_POINT('',(0.625034450523,7.472714675509));
#5783 = CARTESIAN_POINT('',(0.630466158805,7.457310742021));
#5784 = CARTESIAN_POINT('',(0.63605106262,7.442619429475));
#5785 = CARTESIAN_POINT('',(0.641784742158,7.42866552016));
#5786 = CARTESIAN_POINT('',(0.647663407289,7.415475855701));
#5787 = CARTESIAN_POINT('',(0.653684257383,7.403078700355));
#5788 = CARTESIAN_POINT('',(0.659844309415,7.391506597899));
#5789 = CARTESIAN_POINT('',(0.666135933043,7.380802657142));
#5790 = CARTESIAN_POINT('',(0.672553349135,7.37100679777));
#5791 = CARTESIAN_POINT('',(0.679089071789,7.362161969552));
#5792 = CARTESIAN_POINT('',(0.685734672067,7.354311339753));
#5793 = CARTESIAN_POINT('',(0.692480406594,7.347497713545));
#5794 = CARTESIAN_POINT('',(0.699315072354,7.341762197601));
#5795 = CARTESIAN_POINT('',(0.706225911338,7.337142908196));
#5796 = CARTESIAN_POINT('',(0.713197872968,7.333673319573));
#5797 = CARTESIAN_POINT('',(0.720218113469,7.331379665067));
#5798 = CARTESIAN_POINT('',(0.727264280757,7.330283081937));
#5799 = CARTESIAN_POINT('',(0.734316857582,7.330392113286));
#5800 = CARTESIAN_POINT('',(0.741357197238,7.331705216598));
#5801 = CARTESIAN_POINT('',(0.748367838301,7.334211388595));
#5802 = CARTESIAN_POINT('',(0.755332226264,7.337891183015));
#5803 = CARTESIAN_POINT('',(0.762234625273,7.342717532416));
#5804 = CARTESIAN_POINT('',(0.76905994989,7.348656477245));
#5805 = CARTESIAN_POINT('',(0.77579380554,7.35566798765));
#5806 = CARTESIAN_POINT('',(0.782421846099,7.363706031961));
#5807 = CARTESIAN_POINT('',(0.78893172092,7.37272108341));
#5808 = CARTESIAN_POINT('',(0.795321548806,7.382676821372));
#5809 = CARTESIAN_POINT('',(0.80158467348,7.393531795931));
#5810 = CARTESIAN_POINT('',(0.8077161463,7.405247737563));
#5811 = CARTESIAN_POINT('',(0.813710967695,7.41778800394));
#5812 = CARTESIAN_POINT('',(0.8195644528,7.431118495645));
#5813 = CARTESIAN_POINT('',(0.825272042139,7.445207831259));
#5814 = CARTESIAN_POINT('',(0.830829265528,7.460027878689));
#5815 = CARTESIAN_POINT('',(0.836231682872,7.475553570704));
#5816 = CARTESIAN_POINT('',(0.839727078999,7.486361397173));
#5817 = CARTESIAN_POINT('',(0.84144747402,7.491876125047));
#5818 = ( GEOMETRIC_REPRESENTATION_CONTEXT(2) 
PARAMETRIC_REPRESENTATION_CONTEXT() REPRESENTATION_CONTEXT('2D SPACE',''
  ) );
#5819 = ORIENTED_EDGE('',*,*,#5417,.T.);
#5820 = ADVANCED_FACE('',(#5821),#4969,.T.);
#5821 = FACE_BOUND('',#5822,.T.);
#5822 = EDGE_LOOP('',(#5823,#5824));
#5823 = ORIENTED_EDGE('',*,*,#4952,.F.);
#5824 = ORIENTED_EDGE('',*,*,#5825,.F.);
#5825 = EDGE_CURVE('',#4953,#4898,#5826,.T.);
#5826 = SURFACE_CURVE('',#5827,(#5832,#5843),.PCURVE_S1.);
#5827 = CIRCLE('',#5828,4.5);
#5828 = AXIS2_PLACEMENT_3D('',#5829,#5830,#5831);
#5829 = CARTESIAN_POINT('',(394.2,33.,2.6));
#5830 = DIRECTION('',(0.,0.,-1.));
#5831 = DIRECTION('',(-0.53286128966,0.846202603389,0.));
#5832 = PCURVE('',#4969,#5833);
#5833 = DEFINITIONAL_REPRESENTATION('',(#5834),#5842);
#5834 = ( BOUNDED_CURVE() B_SPLINE_CURVE(2,(#5835,#5836,#5837,#5838,
#5839,#5840,#5841),.UNSPECIFIED.,.T.,.F.) B_SPLINE_CURVE_WITH_KNOTS((1,2
    ,2,2,2,1),(-2.094395102393,0.,2.094395102393,4.188790204786,
6.28318530718,8.377580409573),.UNSPECIFIED.) CURVE() 
GEOMETRIC_REPRESENTATION_ITEM() RATIONAL_B_SPLINE_CURVE((1.,0.5,1.,0.5,
1.,0.5,1.)) REPRESENTATION_ITEM('') );
#5835 = CARTESIAN_POINT('',(-2.39787580347,3.807911715249));
#5836 = CARTESIAN_POINT('',(4.197620758078,7.9611544371));
#5837 = CARTESIAN_POINT('',(4.496686182509,0.172665503301));
#5838 = CARTESIAN_POINT('',(4.795751606941,-7.615823430498));
#5839 = CARTESIAN_POINT('',(-2.098810379039,-3.98057721855));
#5840 = CARTESIAN_POINT('',(-8.993372365019,-0.345331006602));
#5841 = CARTESIAN_POINT('',(-2.39787580347,3.807911715249));
#5842 = ( GEOMETRIC_REPRESENTATION_CONTEXT(2) 
PARAMETRIC_REPRESENTATION_CONTEXT() REPRESENTATION_CONTEXT('2D SPACE',''
  ) );
#5843 = PCURVE('',#4931,#5844);
#5844 = DEFINITIONAL_REPRESENTATION('',(#5845),#5849);
#5845 = LINE('',#5846,#5847);
#5846 = CARTESIAN_POINT('',(8.415959942826,5.2));
#5847 = VECTOR('',#5848,1.);
#5848 = DIRECTION('',(-1.,-0.));
#5849 = ( GEOMETRIC_REPRESENTATION_CONTEXT(2) 
PARAMETRIC_REPRESENTATION_CONTEXT() REPRESENTATION_CONTEXT('2D SPACE',''
  ) );
#5850 = ADVANCED_FACE('',(#5851),#4931,.T.);
#5851 = FACE_BOUND('',#5852,.T.);
#5852 = EDGE_LOOP('',(#5853,#5854,#5855,#5881));
#5853 = ORIENTED_EDGE('',*,*,#5825,.T.);
#5854 = ORIENTED_EDGE('',*,*,#4897,.F.);
#5855 = ORIENTED_EDGE('',*,*,#5856,.F.);
#5856 = EDGE_CURVE('',#4869,#4867,#5857,.T.);
#5857 = SURFACE_CURVE('',#5858,(#5863,#5870),.PCURVE_S1.);
#5858 = CIRCLE('',#5859,4.5);
#5859 = AXIS2_PLACEMENT_3D('',#5860,#5861,#5862);
#5860 = CARTESIAN_POINT('',(394.2,33.,-2.6));
#5861 = DIRECTION('',(0.,0.,-1.));
#5862 = DIRECTION('',(-0.53286128966,0.846202603389,0.));
#5863 = PCURVE('',#4931,#5864);
#5864 = DEFINITIONAL_REPRESENTATION('',(#5865),#5869);
#5865 = LINE('',#5866,#5867);
#5866 = CARTESIAN_POINT('',(8.415959942826,0.));
#5867 = VECTOR('',#5868,1.);
#5868 = DIRECTION('',(-1.,-0.));
#5869 = ( GEOMETRIC_REPRESENTATION_CONTEXT(2) 
PARAMETRIC_REPRESENTATION_CONTEXT() REPRESENTATION_CONTEXT('2D SPACE',''
  ) );
#5870 = PCURVE('',#4885,#5871);
#5871 = DEFINITIONAL_REPRESENTATION('',(#5872),#5880);
#5872 = ( BOUNDED_CURVE() B_SPLINE_CURVE(2,(#5873,#5874,#5875,#5876,
#5877,#5878,#5879),.UNSPECIFIED.,.T.,.F.) B_SPLINE_CURVE_WITH_KNOTS((1,2
    ,2,2,2,1),(-2.094395102393,0.,2.094395102393,4.188790204786,
6.28318530718,8.377580409573),.UNSPECIFIED.) CURVE() 
GEOMETRIC_REPRESENTATION_ITEM() RATIONAL_B_SPLINE_CURVE((1.,0.5,1.,0.5,
1.,0.5,1.)) REPRESENTATION_ITEM('') );
#5873 = CARTESIAN_POINT('',(-2.39787580347,3.807911715249));
#5874 = CARTESIAN_POINT('',(4.197620758078,7.9611544371));
#5875 = CARTESIAN_POINT('',(4.496686182509,0.172665503301));
#5876 = CARTESIAN_POINT('',(4.795751606941,-7.615823430498));
#5877 = CARTESIAN_POINT('',(-2.098810379039,-3.98057721855));
#5878 = CARTESIAN_POINT('',(-8.993372365019,-0.345331006602));
#5879 = CARTESIAN_POINT('',(-2.39787580347,3.807911715249));
#5880 = ( GEOMETRIC_REPRESENTATION_CONTEXT(2) 
PARAMETRIC_REPRESENTATION_CONTEXT() REPRESENTATION_CONTEXT('2D SPACE',''
  ) );
#5881 = ORIENTED_EDGE('',*,*,#4981,.F.);
#5882 = ADVANCED_FACE('',(#5883),#4885,.F.);
#5883 = FACE_BOUND('',#5884,.F.);
#5884 = EDGE_LOOP('',(#5885,#5886));
#5885 = ORIENTED_EDGE('',*,*,#4866,.F.);
#5886 = ORIENTED_EDGE('',*,*,#5856,.F.);
#5887 = ADVANCED_FACE('',(#5888),#4853,.T.);
#5888 = FACE_BOUND('',#5889,.T.);
#5889 = EDGE_LOOP('',(#5890,#5912,#5939,#5940));
#5890 = ORIENTED_EDGE('',*,*,#5891,.T.);
#5891 = EDGE_CURVE('',#4814,#5892,#5894,.T.);
#5892 = VERTEX_POINT('',#5893);
#5893 = CARTESIAN_POINT('',(338.89478248253,51.7,-3.502489845561E-15));
#5894 = SEAM_CURVE('',#5895,(#5899,#5905),.PCURVE_S1.);
#5895 = LINE('',#5896,#5897);
#5896 = CARTESIAN_POINT('',(344.89478248253,51.7,0.));
#5897 = VECTOR('',#5898,1.);
#5898 = DIRECTION('',(-1.,0.,0.));
#5899 = PCURVE('',#4853,#5900);
#5900 = DEFINITIONAL_REPRESENTATION('',(#5901),#5904);
#5901 = B_SPLINE_CURVE_WITH_KNOTS('',1,(#5902,#5903),.UNSPECIFIED.,.F.,
  .F.,(2,2),(0.,6.),.PIECEWISE_BEZIER_KNOTS.);
#5902 = CARTESIAN_POINT('',(6.28318530718,0.));
#5903 = CARTESIAN_POINT('',(6.28318530718,6.));
#5904 = ( GEOMETRIC_REPRESENTATION_CONTEXT(2) 
PARAMETRIC_REPRESENTATION_CONTEXT() REPRESENTATION_CONTEXT('2D SPACE',''
  ) );
#5905 = PCURVE('',#4853,#5906);
#5906 = DEFINITIONAL_REPRESENTATION('',(#5907),#5911);
#5907 = LINE('',#5908,#5909);
#5908 = CARTESIAN_POINT('',(0.,0.));
#5909 = VECTOR('',#5910,1.);
#5910 = DIRECTION('',(0.,1.));
#5911 = ( GEOMETRIC_REPRESENTATION_CONTEXT(2) 
PARAMETRIC_REPRESENTATION_CONTEXT() REPRESENTATION_CONTEXT('2D SPACE',''
  ) );
#5912 = ORIENTED_EDGE('',*,*,#5913,.F.);
#5913 = EDGE_CURVE('',#5892,#5892,#5914,.T.);
#5914 = SURFACE_CURVE('',#5915,(#5920,#5927),.PCURVE_S1.);
#5915 = CIRCLE('',#5916,14.3);
#5916 = AXIS2_PLACEMENT_3D('',#5917,#5918,#5919);
#5917 = CARTESIAN_POINT('',(338.89478248253,66.,0.));
#5918 = DIRECTION('',(-1.,0.,0.));
#5919 = DIRECTION('',(-0.,-1.,0.));
#5920 = PCURVE('',#4853,#5921);
#5921 = DEFINITIONAL_REPRESENTATION('',(#5922),#5926);
#5922 = LINE('',#5923,#5924);
#5923 = CARTESIAN_POINT('',(0.,6.));
#5924 = VECTOR('',#5925,1.);
#5925 = DIRECTION('',(1.,0.));
#5926 = ( GEOMETRIC_REPRESENTATION_CONTEXT(2) 
PARAMETRIC_REPRESENTATION_CONTEXT() REPRESENTATION_CONTEXT('2D SPACE',''
  ) );
#5927 = PCURVE('',#5928,#5933);
#5928 = PLANE('',#5929);
#5929 = AXIS2_PLACEMENT_3D('',#5930,#5931,#5932);
#5930 = CARTESIAN_POINT('',(338.89478248253,66.,1.711256110654E-15));
#5931 = DIRECTION('',(-1.,-0.,-0.));
#5932 = DIRECTION('',(0.,0.,-1.));
#5933 = DEFINITIONAL_REPRESENTATION('',(#5934),#5938);
#5934 = CIRCLE('',#5935,14.3);
#5935 = AXIS2_PLACEMENT_2D('',#5936,#5937);
#5936 = CARTESIAN_POINT('',(1.711256110654E-15,0.));
#5937 = DIRECTION('',(0.,1.));
#5938 = ( GEOMETRIC_REPRESENTATION_CONTEXT(2) 
PARAMETRIC_REPRESENTATION_CONTEXT() REPRESENTATION_CONTEXT('2D SPACE',''
  ) );
#5939 = ORIENTED_EDGE('',*,*,#5891,.F.);
#5940 = ORIENTED_EDGE('',*,*,#4838,.F.);
#5941 = ADVANCED_FACE('',(#5942,#5945),#5928,.T.);
#5942 = FACE_BOUND('',#5943,.T.);
#5943 = EDGE_LOOP('',(#5944));
#5944 = ORIENTED_EDGE('',*,*,#5913,.T.);
#5945 = FACE_BOUND('',#5946,.T.);
#5946 = EDGE_LOOP('',(#5947));
#5947 = ORIENTED_EDGE('',*,*,#5948,.F.);
#5948 = EDGE_CURVE('',#5949,#5949,#5951,.T.);
#5949 = VERTEX_POINT('',#5950);
#5950 = CARTESIAN_POINT('',(338.89478248253,55.,-2.694222958124E-15));
#5951 = SURFACE_CURVE('',#5952,(#5957,#5964),.PCURVE_S1.);
#5952 = CIRCLE('',#5953,11.);
#5953 = AXIS2_PLACEMENT_3D('',#5954,#5955,#5956);
#5954 = CARTESIAN_POINT('',(338.89478248253,66.,0.));
#5955 = DIRECTION('',(-1.,0.,0.));
#5956 = DIRECTION('',(-0.,-1.,0.));
#5957 = PCURVE('',#5928,#5958);
#5958 = DEFINITIONAL_REPRESENTATION('',(#5959),#5963);
#5959 = CIRCLE('',#5960,11.);
#5960 = AXIS2_PLACEMENT_2D('',#5961,#5962);
#5961 = CARTESIAN_POINT('',(1.711256110654E-15,0.));
#5962 = DIRECTION('',(0.,1.));
#5963 = ( GEOMETRIC_REPRESENTATION_CONTEXT(2) 
PARAMETRIC_REPRESENTATION_CONTEXT() REPRESENTATION_CONTEXT('2D SPACE',''
  ) );
#5964 = PCURVE('',#5965,#5970);
#5965 = CYLINDRICAL_SURFACE('',#5966,11.);
#5966 = AXIS2_PLACEMENT_3D('',#5967,#5968,#5969);
#5967 = CARTESIAN_POINT('',(344.89478248253,66.,0.));
#5968 = DIRECTION('',(-1.,0.,0.));
#5969 = DIRECTION('',(-0.,-1.,0.));
#5970 = DEFINITIONAL_REPRESENTATION('',(#5971),#5975);
#5971 = LINE('',#5972,#5973);
#5972 = CARTESIAN_POINT('',(0.,6.));
#5973 = VECTOR('',#5974,1.);
#5974 = DIRECTION('',(1.,0.));
#5975 = ( GEOMETRIC_REPRESENTATION_CONTEXT(2) 
PARAMETRIC_REPRESENTATION_CONTEXT() REPRESENTATION_CONTEXT('2D SPACE',''
  ) );
#5976 = ADVANCED_FACE('',(#5977),#5965,.F.);
#5977 = FACE_BOUND('',#5978,.F.);
#5978 = EDGE_LOOP('',(#5979,#6001,#6002,#6003));
#5979 = ORIENTED_EDGE('',*,*,#5980,.T.);
#5980 = EDGE_CURVE('',#5981,#5949,#5983,.T.);
#5981 = VERTEX_POINT('',#5982);
#5982 = CARTESIAN_POINT('',(344.89478248253,55.,0.));
#5983 = SEAM_CURVE('',#5984,(#5988,#5994),.PCURVE_S1.);
#5984 = LINE('',#5985,#5986);
#5985 = CARTESIAN_POINT('',(344.89478248253,55.,0.));
#5986 = VECTOR('',#5987,1.);
#5987 = DIRECTION('',(-1.,0.,0.));
#5988 = PCURVE('',#5965,#5989);
#5989 = DEFINITIONAL_REPRESENTATION('',(#5990),#5993);
#5990 = B_SPLINE_CURVE_WITH_KNOTS('',1,(#5991,#5992),.UNSPECIFIED.,.F.,
  .F.,(2,2),(0.,6.),.PIECEWISE_BEZIER_KNOTS.);
#5991 = CARTESIAN_POINT('',(6.28318530718,0.));
#5992 = CARTESIAN_POINT('',(6.28318530718,6.));
#5993 = ( GEOMETRIC_REPRESENTATION_CONTEXT(2) 
PARAMETRIC_REPRESENTATION_CONTEXT() REPRESENTATION_CONTEXT('2D SPACE',''
  ) );
#5994 = PCURVE('',#5965,#5995);
#5995 = DEFINITIONAL_REPRESENTATION('',(#5996),#6000);
#5996 = LINE('',#5997,#5998);
#5997 = CARTESIAN_POINT('',(0.,0.));
#5998 = VECTOR('',#5999,1.);
#5999 = DIRECTION('',(0.,1.));
#6000 = ( GEOMETRIC_REPRESENTATION_CONTEXT(2) 
PARAMETRIC_REPRESENTATION_CONTEXT() REPRESENTATION_CONTEXT('2D SPACE',''
  ) );
#6001 = ORIENTED_EDGE('',*,*,#5948,.F.);
#6002 = ORIENTED_EDGE('',*,*,#5980,.F.);
#6003 = ORIENTED_EDGE('',*,*,#6004,.F.);
#6004 = EDGE_CURVE('',#5981,#5981,#6005,.T.);
#6005 = SURFACE_CURVE('',#6006,(#6011,#6017),.PCURVE_S1.);
#6006 = CIRCLE('',#6007,11.);
#6007 = AXIS2_PLACEMENT_3D('',#6008,#6009,#6010);
#6008 = CARTESIAN_POINT('',(344.89478248253,66.,0.));
#6009 = DIRECTION('',(1.,-1.224646799147E-16,0.));
#6010 = DIRECTION('',(1.224646799147E-16,1.,0.));
#6011 = PCURVE('',#5965,#6012);
#6012 = DEFINITIONAL_REPRESENTATION('',(#6013),#6016);
#6013 = B_SPLINE_CURVE_WITH_KNOTS('',1,(#6014,#6015),.UNSPECIFIED.,.F.,
  .F.,(2,2),(3.14159265359,9.424777960769),.PIECEWISE_BEZIER_KNOTS.);
#6014 = CARTESIAN_POINT('',(6.28318530718,0.));
#6015 = CARTESIAN_POINT('',(0.,0.));
#6016 = ( GEOMETRIC_REPRESENTATION_CONTEXT(2) 
PARAMETRIC_REPRESENTATION_CONTEXT() REPRESENTATION_CONTEXT('2D SPACE',''
  ) );
#6017 = PCURVE('',#987,#6018);
#6018 = DEFINITIONAL_REPRESENTATION('',(#6019),#6023);
#6019 = LINE('',#6020,#6021);
#6020 = CARTESIAN_POINT('',(3.14159265359,0.));
#6021 = VECTOR('',#6022,1.);
#6022 = DIRECTION('',(0.,1.));
#6023 = ( GEOMETRIC_REPRESENTATION_CONTEXT(2) 
PARAMETRIC_REPRESENTATION_CONTEXT() REPRESENTATION_CONTEXT('2D SPACE',''
  ) );
#6024 = ADVANCED_FACE('',(#6025),#3303,.T.);
#6025 = FACE_BOUND('',#6026,.T.);
#6026 = EDGE_LOOP('',(#6027,#6028));
#6027 = ORIENTED_EDGE('',*,*,#3288,.T.);
#6028 = ORIENTED_EDGE('',*,*,#6029,.F.);
#6029 = EDGE_CURVE('',#3289,#3254,#6030,.T.);
#6030 = SURFACE_CURVE('',#6031,(#6036,#6047),.PCURVE_S1.);
#6031 = CIRCLE('',#6032,4.5);
#6032 = AXIS2_PLACEMENT_3D('',#6033,#6034,#6035);
#6033 = CARTESIAN_POINT('',(215.,16.,2.6));
#6034 = DIRECTION('',(-0.,0.,-1.));
#6035 = DIRECTION('',(-0.902473943481,-0.430744450153,0.));
#6036 = PCURVE('',#3303,#6037);
#6037 = DEFINITIONAL_REPRESENTATION('',(#6038),#6046);
#6038 = ( BOUNDED_CURVE() B_SPLINE_CURVE(2,(#6039,#6040,#6041,#6042,
#6043,#6044,#6045),.UNSPECIFIED.,.T.,.F.) B_SPLINE_CURVE_WITH_KNOTS((1,2
    ,2,2,2,1),(-2.094395102393,0.,2.094395102393,4.188790204786,
6.28318530718,8.377580409573),.UNSPECIFIED.) CURVE() 
GEOMETRIC_REPRESENTATION_ITEM() RATIONAL_B_SPLINE_CURVE((1.,0.5,1.,0.5,
1.,0.5,1.)) REPRESENTATION_ITEM('') );
#6039 = CARTESIAN_POINT('',(-4.061132745664,-1.93835002569));
#6040 = CARTESIAN_POINT('',(-7.418453473012,5.095738226082));
#6041 = CARTESIAN_POINT('',(0.351906009158,4.486219138731));
#6042 = CARTESIAN_POINT('',(8.122265491328,3.876700051381));
#6043 = CARTESIAN_POINT('',(3.709226736506,-2.547869113041));
#6044 = CARTESIAN_POINT('',(-0.703812018316,-8.972438277462));
#6045 = CARTESIAN_POINT('',(-4.061132745664,-1.93835002569));
#6046 = ( GEOMETRIC_REPRESENTATION_CONTEXT(2) 
PARAMETRIC_REPRESENTATION_CONTEXT() REPRESENTATION_CONTEXT('2D SPACE',''
  ) );
#6047 = PCURVE('',#3127,#6048);
#6048 = DEFINITIONAL_REPRESENTATION('',(#6049),#6053);
#6049 = LINE('',#6050,#6051);
#6050 = CARTESIAN_POINT('',(9.870095474806,5.2));
#6051 = VECTOR('',#6052,1.);
#6052 = DIRECTION('',(-1.,-0.));
#6053 = ( GEOMETRIC_REPRESENTATION_CONTEXT(2) 
PARAMETRIC_REPRESENTATION_CONTEXT() REPRESENTATION_CONTEXT('2D SPACE',''
  ) );
#6054 = ADVANCED_FACE('',(#6055),#3127,.T.);
#6055 = FACE_BOUND('',#6056,.T.);
#6056 = EDGE_LOOP('',(#6057,#6058,#6059,#6060,#6061,#6062));
#6057 = ORIENTED_EDGE('',*,*,#6029,.T.);
#6058 = ORIENTED_EDGE('',*,*,#3253,.T.);
#6059 = ORIENTED_EDGE('',*,*,#3169,.F.);
#6060 = ORIENTED_EDGE('',*,*,#4787,.T.);
#6061 = ORIENTED_EDGE('',*,*,#3103,.F.);
#6062 = ORIENTED_EDGE('',*,*,#3314,.T.);
#6063 = ADVANCED_FACE('',(#6064),#2080,.F.);
#6064 = FACE_BOUND('',#6065,.F.);
#6065 = EDGE_LOOP('',(#6066,#6067,#6088,#6089));
#6066 = ORIENTED_EDGE('',*,*,#4113,.F.);
#6067 = ORIENTED_EDGE('',*,*,#6068,.F.);
#6068 = EDGE_CURVE('',#1815,#4114,#6069,.T.);
#6069 = SEAM_CURVE('',#6070,(#6074,#6081),.PCURVE_S1.);
#6070 = LINE('',#6071,#6072);
#6071 = CARTESIAN_POINT('',(296.12074989573,-1.224646799147E-15,6.));
#6072 = VECTOR('',#6073,1.);
#6073 = DIRECTION('',(0.,0.,1.));
#6074 = PCURVE('',#2080,#6075);
#6075 = DEFINITIONAL_REPRESENTATION('',(#6076),#6080);
#6076 = LINE('',#6077,#6078);
#6077 = CARTESIAN_POINT('',(6.28318530718,-0.));
#6078 = VECTOR('',#6079,1.);
#6079 = DIRECTION('',(0.,1.));
#6080 = ( GEOMETRIC_REPRESENTATION_CONTEXT(2) 
PARAMETRIC_REPRESENTATION_CONTEXT() REPRESENTATION_CONTEXT('2D SPACE',''
  ) );
#6081 = PCURVE('',#2080,#6082);
#6082 = DEFINITIONAL_REPRESENTATION('',(#6083),#6087);
#6083 = LINE('',#6084,#6085);
#6084 = CARTESIAN_POINT('',(0.,-0.));
#6085 = VECTOR('',#6086,1.);
#6086 = DIRECTION('',(0.,1.));
#6087 = ( GEOMETRIC_REPRESENTATION_CONTEXT(2) 
PARAMETRIC_REPRESENTATION_CONTEXT() REPRESENTATION_CONTEXT('2D SPACE',''
  ) );
#6088 = ORIENTED_EDGE('',*,*,#1814,.T.);
#6089 = ORIENTED_EDGE('',*,*,#6068,.T.);
#6090 = ADVANCED_FACE('',(#6091),#1675,.F.);
#6091 = FACE_BOUND('',#6092,.F.);
#6092 = EDGE_LOOP('',(#6093,#6094,#6115,#6116));
#6093 = ORIENTED_EDGE('',*,*,#3746,.F.);
#6094 = ORIENTED_EDGE('',*,*,#6095,.F.);
#6095 = EDGE_CURVE('',#1410,#3747,#6096,.T.);
#6096 = SEAM_CURVE('',#6097,(#6101,#6108),.PCURVE_S1.);
#6097 = LINE('',#6098,#6099);
#6098 = CARTESIAN_POINT('',(243.90751794717,-1.224646799147E-15,6.));
#6099 = VECTOR('',#6100,1.);
#6100 = DIRECTION('',(0.,0.,1.));
#6101 = PCURVE('',#1675,#6102);
#6102 = DEFINITIONAL_REPRESENTATION('',(#6103),#6107);
#6103 = LINE('',#6104,#6105);
#6104 = CARTESIAN_POINT('',(6.28318530718,-0.));
#6105 = VECTOR('',#6106,1.);
#6106 = DIRECTION('',(0.,1.));
#6107 = ( GEOMETRIC_REPRESENTATION_CONTEXT(2) 
PARAMETRIC_REPRESENTATION_CONTEXT() REPRESENTATION_CONTEXT('2D SPACE',''
  ) );
#6108 = PCURVE('',#1675,#6109);
#6109 = DEFINITIONAL_REPRESENTATION('',(#6110),#6114);
#6110 = LINE('',#6111,#6112);
#6111 = CARTESIAN_POINT('',(0.,-0.));
#6112 = VECTOR('',#6113,1.);
#6113 = DIRECTION('',(0.,1.));
#6114 = ( GEOMETRIC_REPRESENTATION_CONTEXT(2) 
PARAMETRIC_REPRESENTATION_CONTEXT() REPRESENTATION_CONTEXT('2D SPACE',''
  ) );
#6115 = ORIENTED_EDGE('',*,*,#1409,.T.);
#6116 = ORIENTED_EDGE('',*,*,#6095,.T.);
#6117 = ADVANCED_FACE('',(#6118),#1267,.F.);
#6118 = FACE_BOUND('',#6119,.F.);
#6119 = EDGE_LOOP('',(#6120,#6121,#6142,#6143));
#6120 = ORIENTED_EDGE('',*,*,#3349,.F.);
#6121 = ORIENTED_EDGE('',*,*,#6122,.F.);
#6122 = EDGE_CURVE('',#1002,#3350,#6123,.T.);
#6123 = SEAM_CURVE('',#6124,(#6128,#6135),.PCURVE_S1.);
#6124 = LINE('',#6125,#6126);
#6125 = CARTESIAN_POINT('',(204.52411231916,-1.285879139105E-15,6.));
#6126 = VECTOR('',#6127,1.);
#6127 = DIRECTION('',(0.,0.,1.));
#6128 = PCURVE('',#1267,#6129);
#6129 = DEFINITIONAL_REPRESENTATION('',(#6130),#6134);
#6130 = LINE('',#6131,#6132);
#6131 = CARTESIAN_POINT('',(6.28318530718,-0.));
#6132 = VECTOR('',#6133,1.);
#6133 = DIRECTION('',(0.,1.));
#6134 = ( GEOMETRIC_REPRESENTATION_CONTEXT(2) 
PARAMETRIC_REPRESENTATION_CONTEXT() REPRESENTATION_CONTEXT('2D SPACE',''
  ) );
#6135 = PCURVE('',#1267,#6136);
#6136 = DEFINITIONAL_REPRESENTATION('',(#6137),#6141);
#6137 = LINE('',#6138,#6139);
#6138 = CARTESIAN_POINT('',(0.,-0.));
#6139 = VECTOR('',#6140,1.);
#6140 = DIRECTION('',(0.,1.));
#6141 = ( GEOMETRIC_REPRESENTATION_CONTEXT(2) 
PARAMETRIC_REPRESENTATION_CONTEXT() REPRESENTATION_CONTEXT('2D SPACE',''
  ) );
#6142 = ORIENTED_EDGE('',*,*,#1001,.T.);
#6143 = ORIENTED_EDGE('',*,*,#6122,.T.);
#6144 = ADVANCED_FACE('',(#6145,#6171),#987,.F.);
#6145 = FACE_BOUND('',#6146,.F.);
#6146 = EDGE_LOOP('',(#6147,#6148,#6169,#6170));
#6147 = ORIENTED_EDGE('',*,*,#972,.T.);
#6148 = ORIENTED_EDGE('',*,*,#6149,.T.);
#6149 = EDGE_CURVE('',#951,#5981,#6150,.T.);
#6150 = SEAM_CURVE('',#6151,(#6156,#6162),.PCURVE_S1.);
#6151 = CIRCLE('',#6152,22.);
#6152 = AXIS2_PLACEMENT_3D('',#6153,#6154,#6155);
#6153 = CARTESIAN_POINT('',(344.89478248253,33.,4.041334437186E-15));
#6154 = DIRECTION('',(-0.,0.,1.));
#6155 = DIRECTION('',(0.,-1.,0.));
#6156 = PCURVE('',#987,#6157);
#6157 = DEFINITIONAL_REPRESENTATION('',(#6158),#6161);
#6158 = B_SPLINE_CURVE_WITH_KNOTS('',1,(#6159,#6160),.UNSPECIFIED.,.F.,
  .F.,(2,2),(0.,3.14159265359),.PIECEWISE_BEZIER_KNOTS.);
#6159 = CARTESIAN_POINT('',(0.,3.14159265359));
#6160 = CARTESIAN_POINT('',(3.14159265359,3.14159265359));
#6161 = ( GEOMETRIC_REPRESENTATION_CONTEXT(2) 
PARAMETRIC_REPRESENTATION_CONTEXT() REPRESENTATION_CONTEXT('2D SPACE',''
  ) );
#6162 = PCURVE('',#987,#6163);
#6163 = DEFINITIONAL_REPRESENTATION('',(#6164),#6168);
#6164 = LINE('',#6165,#6166);
#6165 = CARTESIAN_POINT('',(0.,9.424777960769));
#6166 = VECTOR('',#6167,1.);
#6167 = DIRECTION('',(1.,0.));
#6168 = ( GEOMETRIC_REPRESENTATION_CONTEXT(2) 
PARAMETRIC_REPRESENTATION_CONTEXT() REPRESENTATION_CONTEXT('2D SPACE',''
  ) );
#6169 = ORIENTED_EDGE('',*,*,#6004,.T.);
#6170 = ORIENTED_EDGE('',*,*,#6149,.F.);
#6171 = FACE_BOUND('',#6172,.F.);
#6172 = EDGE_LOOP('',(#6173));
#6173 = ORIENTED_EDGE('',*,*,#5440,.F.);
#6174 = ADVANCED_FACE('',(#6175,#6206),#938,.F.);
#6175 = FACE_BOUND('',#6176,.F.);
#6176 = EDGE_LOOP('',(#6177));
#6177 = ORIENTED_EDGE('',*,*,#6178,.T.);
#6178 = EDGE_CURVE('',#6179,#6179,#6181,.T.);
#6179 = VERTEX_POINT('',#6180);
#6180 = CARTESIAN_POINT('',(2.75335310107E-15,-3.037124061885E-15,-12.4)
  );
#6181 = SURFACE_CURVE('',#6182,(#6187,#6194),.PCURVE_S1.);
#6182 = CIRCLE('',#6183,12.4);
#6183 = AXIS2_PLACEMENT_3D('',#6184,#6185,#6186);
#6184 = CARTESIAN_POINT('',(0.,0.,-6.217248937901E-15));
#6185 = DIRECTION('',(1.,-0.,2.22044604925E-16));
#6186 = DIRECTION('',(2.22044604925E-16,0.,-1.));
#6187 = PCURVE('',#938,#6188);
#6188 = DEFINITIONAL_REPRESENTATION('',(#6189),#6193);
#6189 = CIRCLE('',#6190,12.4);
#6190 = AXIS2_PLACEMENT_2D('',#6191,#6192);
#6191 = CARTESIAN_POINT('',(0.,0.));
#6192 = DIRECTION('',(1.,0.));
#6193 = ( GEOMETRIC_REPRESENTATION_CONTEXT(2) 
PARAMETRIC_REPRESENTATION_CONTEXT() REPRESENTATION_CONTEXT('2D SPACE',''
  ) );
#6194 = PCURVE('',#6195,#6200);
#6195 = CYLINDRICAL_SURFACE('',#6196,12.4);
#6196 = AXIS2_PLACEMENT_3D('',#6197,#6198,#6199);
#6197 = CARTESIAN_POINT('',(0.,0.,-6.217248937901E-15));
#6198 = DIRECTION('',(1.,0.,2.22044604925E-16));
#6199 = DIRECTION('',(2.22044604925E-16,0.,-1.));
#6200 = DEFINITIONAL_REPRESENTATION('',(#6201),#6205);
#6201 = LINE('',#6202,#6203);
#6202 = CARTESIAN_POINT('',(0.,0.));
#6203 = VECTOR('',#6204,1.);
#6204 = DIRECTION('',(1.,0.));
#6205 = ( GEOMETRIC_REPRESENTATION_CONTEXT(2) 
PARAMETRIC_REPRESENTATION_CONTEXT() REPRESENTATION_CONTEXT('2D SPACE',''
  ) );
#6206 = FACE_BOUND('',#6207,.F.);
#6207 = EDGE_LOOP('',(#6208));
#6208 = ORIENTED_EDGE('',*,*,#921,.F.);
#6209 = ADVANCED_FACE('',(#6210),#6195,.T.);
#6210 = FACE_BOUND('',#6211,.T.);
#6211 = EDGE_LOOP('',(#6212,#6236,#6257,#6258));
#6212 = ORIENTED_EDGE('',*,*,#6213,.F.);
#6213 = EDGE_CURVE('',#6214,#6214,#6216,.T.);
#6214 = VERTEX_POINT('',#6215);
#6215 = CARTESIAN_POINT('',(56.,-3.037124061885E-15,-12.4));
#6216 = SURFACE_CURVE('',#6217,(#6222,#6229),.PCURVE_S1.);
#6217 = CIRCLE('',#6218,12.4);
#6218 = AXIS2_PLACEMENT_3D('',#6219,#6220,#6221);
#6219 = CARTESIAN_POINT('',(56.,0.,6.217248937901E-15));
#6220 = DIRECTION('',(1.,-0.,2.22044604925E-16));
#6221 = DIRECTION('',(2.22044604925E-16,0.,-1.));
#6222 = PCURVE('',#6195,#6223);
#6223 = DEFINITIONAL_REPRESENTATION('',(#6224),#6228);
#6224 = LINE('',#6225,#6226);
#6225 = CARTESIAN_POINT('',(0.,56.));
#6226 = VECTOR('',#6227,1.);
#6227 = DIRECTION('',(1.,0.));
#6228 = ( GEOMETRIC_REPRESENTATION_CONTEXT(2) 
PARAMETRIC_REPRESENTATION_CONTEXT() REPRESENTATION_CONTEXT('2D SPACE',''
  ) );
#6229 = PCURVE('',#65,#6230);
#6230 = DEFINITIONAL_REPRESENTATION('',(#6231),#6235);
#6231 = CIRCLE('',#6232,12.4);
#6232 = AXIS2_PLACEMENT_2D('',#6233,#6234);
#6233 = CARTESIAN_POINT('',(4.505992827246E-15,-1.530002945499E-15));
#6234 = DIRECTION('',(-1.,0.));
#6235 = ( GEOMETRIC_REPRESENTATION_CONTEXT(2) 
PARAMETRIC_REPRESENTATION_CONTEXT() REPRESENTATION_CONTEXT('2D SPACE',''
  ) );
#6236 = ORIENTED_EDGE('',*,*,#6237,.F.);
#6237 = EDGE_CURVE('',#6179,#6214,#6238,.T.);
#6238 = SEAM_CURVE('',#6239,(#6243,#6250),.PCURVE_S1.);
#6239 = LINE('',#6240,#6241);
#6240 = CARTESIAN_POINT('',(2.75335310107E-15,-3.037124061885E-15,-12.4)
  );
#6241 = VECTOR('',#6242,1.);
#6242 = DIRECTION('',(1.,0.,2.22044604925E-16));
#6243 = PCURVE('',#6195,#6244);
#6244 = DEFINITIONAL_REPRESENTATION('',(#6245),#6249);
#6245 = LINE('',#6246,#6247);
#6246 = CARTESIAN_POINT('',(6.28318530718,-0.));
#6247 = VECTOR('',#6248,1.);
#6248 = DIRECTION('',(0.,1.));
#6249 = ( GEOMETRIC_REPRESENTATION_CONTEXT(2) 
PARAMETRIC_REPRESENTATION_CONTEXT() REPRESENTATION_CONTEXT('2D SPACE',''
  ) );
#6250 = PCURVE('',#6195,#6251);
#6251 = DEFINITIONAL_REPRESENTATION('',(#6252),#6256);
#6252 = LINE('',#6253,#6254);
#6253 = CARTESIAN_POINT('',(0.,-0.));
#6254 = VECTOR('',#6255,1.);
#6255 = DIRECTION('',(0.,1.));
#6256 = ( GEOMETRIC_REPRESENTATION_CONTEXT(2) 
PARAMETRIC_REPRESENTATION_CONTEXT() REPRESENTATION_CONTEXT('2D SPACE',''
  ) );
#6257 = ORIENTED_EDGE('',*,*,#6178,.T.);
#6258 = ORIENTED_EDGE('',*,*,#6237,.T.);
#6259 = ADVANCED_FACE('',(#6260,#6263),#65,.F.);
#6260 = FACE_BOUND('',#6261,.F.);
#6261 = EDGE_LOOP('',(#6262));
#6262 = ORIENTED_EDGE('',*,*,#50,.T.);
#6263 = FACE_BOUND('',#6264,.F.);
#6264 = EDGE_LOOP('',(#6265));
#6265 = ORIENTED_EDGE('',*,*,#6213,.F.);
#6266 = ADVANCED_FACE('',(#6267,#6270),#93,.F.);
#6267 = FACE_BOUND('',#6268,.F.);
#6268 = EDGE_LOOP('',(#6269));
#6269 = ORIENTED_EDGE('',*,*,#4761,.T.);
#6270 = FACE_BOUND('',#6271,.F.);
#6271 = EDGE_LOOP('',(#6272));
#6272 = ORIENTED_EDGE('',*,*,#78,.F.);
#6273 = ( GEOMETRIC_REPRESENTATION_CONTEXT(3) 
GLOBAL_UNCERTAINTY_ASSIGNED_CONTEXT((#6277)) 
GLOBAL_UNIT_ASSIGNED_CONTEXT((#6274,#6275,#6276)) REPRESENTATION_CONTEXT
('Context #1','3D Context with UNIT and UNCERTAINTY') );
#6274 = ( LENGTH_UNIT() NAMED_UNIT(*) SI_UNIT(.MILLI.,.METRE.) );
#6275 = ( NAMED_UNIT(*) PLANE_ANGLE_UNIT() SI_UNIT($,.RADIAN.) );
#6276 = ( NAMED_UNIT(*) SI_UNIT($,.STERADIAN.) SOLID_ANGLE_UNIT() );
#6277 = UNCERTAINTY_MEASURE_WITH_UNIT(LENGTH_MEASURE(1.E-07),#6274,
  'distance_accuracy_value','confusion accuracy');
#6278 = PRODUCT_RELATED_PRODUCT_CATEGORY('part',$,(#7));
ENDSEC;
END-ISO-10303-21;
